iteration,Train_mean_reward,Episode_stage1_successes,Episode_stage2_successes,Episode_stage1_left_successes,Episode_stage1_right_successes,Episode_stage2_left_successes,Episode_stage2_right_successes,Train_mean_episode_length,Computation_fps
1.000000,-48.024220,0.000000,0.000000,0.000000,0.000000,0.000000,0.000000,30.230770,2182.000000
2.000000,-48.024220,0.000000,0.000000,0.000000,0.000000,0.000000,0.000000,30.230770,3701.000000
3.000000,-48.024220,0.000000,0.000000,0.000000,0.012451,0.000000,0.012370,30.230770,3580.000000
4.000000,-48.024220,0.000000,0.000000,0.000732,0.014893,0.000387,0.010575,30.230770,3613.000000
5.000000,-54.151348,0.000000,0.000000,0.000732,0.051270,0.000205,0.042166,34.831326,3581.000000
6.000000,-66.818359,0.000000,0.000000,0.000732,0.271484,0.000131,0.223186,45.759998,3543.000000
7.000000,-77.336418,0.000000,0.000000,0.000732,0.281250,0.000097,0.146640,54.869999,3518.000000
8.000000,-85.126244,0.000000,0.000000,0.000977,0.258301,0.000321,0.110835,62.529999,3533.000000
9.000000,-92.351830,0.000000,0.000000,0.008789,0.254883,0.007268,0.096625,68.730003,3465.000000
10.000000,-93.381035,0.000244,0.000244,0.020508,0.255127,0.015020,0.086951,77.349998,3548.000000
11.000000,-97.990013,0.003418,0.002889,0.063965,0.256104,0.054608,0.092306,87.680000,3454.000000
12.000000,-101.094604,0.019043,0.015616,0.135742,0.269287,0.121465,0.110459,93.739998,3404.000000
13.000000,-108.584160,0.029053,0.020812,0.175049,0.257568,0.155317,0.101693,102.360001,3424.000000
14.000000,-109.988029,0.038086,0.024702,0.238037,0.242920,0.213265,0.093853,108.839996,3467.000000
15.000000,-108.363998,0.048584,0.029590,0.306396,0.224854,0.278595,0.087202,111.449997,3438.000000
16.000000,-106.045952,0.059082,0.033532,0.389160,0.222900,0.357431,0.087538,113.010002,3500.000000
17.000000,-110.858101,0.071045,0.038273,0.475830,0.227539,0.435656,0.088549,119.500000,3463.000000
18.000000,-102.701775,0.088379,0.046695,0.545410,0.237793,0.500420,0.094771,119.650002,3462.000000
19.000000,-98.475563,0.099609,0.049277,0.593262,0.240967,0.542912,0.092867,117.250000,3459.000000
20.000000,-102.489807,0.110840,0.051413,0.630615,0.240723,0.576309,0.088287,122.470001,3430.000000
21.000000,-103.177597,0.116211,0.049396,0.657715,0.239014,0.599922,0.082965,129.809998,3476.000000
22.000000,-102.211395,0.127197,0.052113,0.688721,0.245605,0.627844,0.085127,134.520004,3507.000000
23.000000,-93.372765,0.135986,0.053568,0.720459,0.249512,0.659732,0.083623,125.650002,3541.000000
24.000000,-103.322548,0.144775,0.055329,0.740479,0.255859,0.677742,0.084070,138.139999,3529.000000
25.000000,-93.596695,0.152832,0.056161,0.763428,0.260254,0.700164,0.082717,133.369995,3545.000000
26.000000,-104.581657,0.159424,0.055293,0.777344,0.264893,0.713961,0.080904,146.550003,3552.000000
27.000000,-98.636162,0.169922,0.058611,0.795166,0.272461,0.729986,0.082301,145.080002,3568.000000
28.000000,-97.254555,0.178467,0.059217,0.806885,0.277832,0.740785,0.082066,149.990005,3558.000000
29.000000,-97.687950,0.187256,0.062039,0.816895,0.283447,0.750989,0.084043,152.679993,3546.000000
30.000000,-95.808250,0.191650,0.061373,0.818359,0.285889,0.751782,0.083079,156.830002,3549.000000
31.000000,-94.248962,0.200684,0.065419,0.822510,0.291748,0.755913,0.085797,159.160004,3528.000000
32.000000,-92.482254,0.205078,0.065822,0.830322,0.295166,0.761452,0.085553,160.610001,3550.000000
33.000000,-105.186340,0.208496,0.065655,0.841064,0.296875,0.769991,0.085103,177.860001,3543.000000
34.000000,-115.340576,0.209717,0.062446,0.844971,0.295898,0.773517,0.081298,192.039993,3571.000000
35.000000,-109.603928,0.211426,0.063007,0.847168,0.296631,0.775494,0.080759,191.100006,3534.000000
36.000000,-113.025223,0.216553,0.065261,0.845215,0.300537,0.773737,0.081859,208.110001,3539.000000
37.000000,-104.171501,0.214844,0.062907,0.845947,0.298340,0.774146,0.079337,201.759995,3550.000000
38.000000,-107.971001,0.219238,0.065335,0.846436,0.300049,0.776233,0.080103,207.360001,3512.000000
39.000000,-104.428253,0.218994,0.064948,0.849609,0.298096,0.781225,0.079223,206.869995,3512.000000
40.000000,-113.541672,0.218750,0.064474,0.850586,0.297119,0.782725,0.078463,221.130005,3547.000000
41.000000,-115.010872,0.218262,0.065988,0.847168,0.297119,0.781209,0.082630,227.940002,3548.000000
42.000000,-103.000595,0.215820,0.065768,0.843750,0.294189,0.778797,0.082764,218.899994,3532.000000
43.000000,-107.968941,0.217285,0.068529,0.843018,0.293457,0.780092,0.083993,229.339996,3529.000000
44.000000,-113.900681,0.214355,0.068193,0.845947,0.290771,0.784095,0.084607,242.679993,3544.000000
45.000000,-109.704796,0.212646,0.069850,0.846436,0.290771,0.784353,0.087383,238.399994,3544.000000
46.000000,-111.002945,0.210449,0.067803,0.853271,0.287842,0.792089,0.084654,237.899994,3537.000000
47.000000,-116.409134,0.213379,0.071203,0.856445,0.293457,0.794544,0.089991,248.919998,3536.000000
48.000000,-115.792061,0.211182,0.069671,0.858398,0.289795,0.797292,0.087035,254.830002,3531.000000
49.000000,-113.843071,0.203369,0.066391,0.859375,0.281494,0.797430,0.082592,256.329987,3533.000000
50.000000,-122.016991,0.198975,0.063821,0.856201,0.278809,0.795219,0.081142,262.630005,3550.000000
51.000000,-119.276184,0.198242,0.063009,0.859863,0.276855,0.799206,0.078914,252.759995,3488.000000
52.000000,-114.243233,0.195557,0.061258,0.864746,0.276123,0.804176,0.078093,250.220001,3507.000000
53.000000,-113.975624,0.199951,0.063930,0.865723,0.280762,0.806442,0.080998,254.240005,3473.000000
54.000000,-112.580734,0.198242,0.062509,0.860596,0.280029,0.800731,0.080013,259.179993,3434.000000
55.000000,-112.370049,0.196533,0.061623,0.864014,0.279297,0.803667,0.079076,251.139999,3447.000000
56.000000,-125.985588,0.193604,0.060921,0.863525,0.273682,0.803998,0.077769,264.779999,3493.000000
57.000000,-119.857185,0.193359,0.060482,0.867920,0.271729,0.808439,0.075786,267.739990,3552.000000
58.000000,-119.985100,0.193359,0.060334,0.866455,0.271484,0.807545,0.075194,271.570007,3501.000000
59.000000,-122.122658,0.193359,0.060857,0.869141,0.271973,0.810389,0.075864,278.679993,3512.000000
60.000000,-112.502632,0.194824,0.061906,0.875488,0.273682,0.816275,0.076264,259.690002,3498.000000
61.000000,-119.490715,0.194580,0.061426,0.877197,0.272217,0.816171,0.075389,275.850006,3495.000000
62.000000,-126.530731,0.194824,0.062769,0.880371,0.273193,0.818802,0.077339,284.369995,3499.000000
63.000000,-123.161736,0.195068,0.063544,0.876221,0.272949,0.814400,0.077867,274.529999,3528.000000
64.000000,-129.657806,0.192627,0.063333,0.874268,0.268799,0.813324,0.076991,282.549988,3525.000000
65.000000,-134.781097,0.192871,0.063469,0.873779,0.268799,0.811764,0.076745,298.709991,3437.000000
66.000000,-135.014893,0.194336,0.063502,0.876465,0.272217,0.814204,0.077179,306.260010,3553.000000
67.000000,-130.635269,0.195312,0.064517,0.881348,0.271729,0.819318,0.076397,300.350006,3524.000000
68.000000,-124.097565,0.191162,0.064246,0.878906,0.267334,0.817387,0.076353,282.440002,3524.000000
69.000000,-128.748520,0.189697,0.062140,0.875732,0.267822,0.814984,0.075341,289.859985,3539.000000
70.000000,-129.878189,0.186279,0.062674,0.872070,0.265869,0.811518,0.077282,296.140015,3532.000000
71.000000,-127.529564,0.189453,0.066263,0.874023,0.268311,0.814322,0.080260,290.260010,3518.000000
72.000000,-128.286392,0.190186,0.067036,0.875977,0.267578,0.817279,0.080086,301.779999,3530.000000
73.000000,-138.970230,0.190430,0.067682,0.876465,0.268066,0.818631,0.081419,322.559998,3517.000000
74.000000,-132.146973,0.189209,0.067691,0.874023,0.268311,0.816559,0.081790,311.250000,3542.000000
75.000000,-135.001541,0.188232,0.065370,0.877441,0.268799,0.819165,0.080663,314.269989,3517.000000
76.000000,-133.627365,0.186523,0.062739,0.876953,0.266602,0.818752,0.077705,318.299988,3522.000000
77.000000,-140.051682,0.187500,0.062439,0.879883,0.268799,0.820673,0.076470,333.269989,3545.000000
78.000000,-130.624603,0.188477,0.062591,0.879639,0.270264,0.821039,0.076455,299.809998,3529.000000
79.000000,-131.739410,0.184570,0.058623,0.881592,0.267578,0.822435,0.073150,308.070007,3503.000000
80.000000,-125.164619,0.184570,0.057867,0.883545,0.266113,0.825713,0.071077,295.070007,3448.000000
81.000000,-133.734756,0.184082,0.057708,0.884277,0.264893,0.825784,0.069586,318.989990,3466.000000
82.000000,-139.658508,0.186035,0.058444,0.881592,0.267090,0.824605,0.071589,315.260010,3495.000000
83.000000,-135.810410,0.185303,0.057554,0.885498,0.262695,0.827899,0.068046,306.950012,3534.000000
84.000000,-144.460571,0.184082,0.056185,0.886475,0.264893,0.828558,0.069772,328.940002,3517.000000
85.000000,-133.778381,0.183594,0.056287,0.890381,0.264404,0.832349,0.069614,319.029999,3506.000000
86.000000,-133.862778,0.183105,0.057024,0.891113,0.262939,0.832241,0.069418,319.420013,3512.000000
87.000000,-144.038986,0.183350,0.057887,0.891602,0.263184,0.832627,0.069698,336.779999,3505.000000
88.000000,-151.549240,0.180664,0.056080,0.890625,0.261719,0.830972,0.068792,363.779999,3529.000000
89.000000,-135.708359,0.182617,0.057264,0.894287,0.262939,0.833850,0.069227,328.989990,3526.000000
90.000000,-137.821945,0.180664,0.057397,0.891357,0.260742,0.831070,0.069028,332.299988,3528.000000
91.000000,-132.997543,0.179443,0.057016,0.895752,0.260254,0.834526,0.069565,321.709991,3528.000000
92.000000,-134.886520,0.181885,0.060095,0.897461,0.260986,0.835549,0.071892,325.880005,3526.000000
93.000000,-135.856735,0.180664,0.059341,0.893066,0.259766,0.832015,0.071484,321.920013,3545.000000
94.000000,-144.907013,0.179199,0.056693,0.890869,0.258545,0.831270,0.068804,340.429993,3520.000000
95.000000,-141.527893,0.176758,0.055652,0.893799,0.256104,0.833942,0.067837,342.760010,3524.000000
96.000000,-146.890640,0.179932,0.057724,0.893555,0.258789,0.833414,0.069317,348.179993,3535.000000
97.000000,-145.654144,0.179932,0.059959,0.894287,0.258789,0.834608,0.071917,335.049988,3503.000000
98.000000,-136.910904,0.177979,0.059178,0.891846,0.254639,0.832472,0.069692,335.049988,3531.000000
99.000000,-145.522949,0.171875,0.057055,0.883301,0.250977,0.823704,0.070065,352.630005,3536.000000
100.000000,-137.457550,0.168213,0.056775,0.883789,0.247314,0.823336,0.069666,335.059998,3551.000000
101.000000,-143.341141,0.173096,0.058640,0.889648,0.251221,0.829335,0.071244,346.459991,3553.000000
102.000000,-137.725128,0.173828,0.058164,0.896973,0.252197,0.836313,0.070738,332.149994,3555.000000
103.000000,-144.572067,0.172852,0.056062,0.898682,0.250488,0.836985,0.067802,346.049988,3551.000000
104.000000,-153.498260,0.172852,0.055625,0.902588,0.250977,0.839865,0.067585,368.670013,3554.000000
105.000000,-152.210480,0.170898,0.053341,0.902588,0.250000,0.839381,0.066108,362.470001,3553.000000
106.000000,-155.131638,0.176270,0.055976,0.903320,0.256592,0.840184,0.069438,370.309998,3560.000000
107.000000,-145.848663,0.177246,0.057520,0.898438,0.256104,0.835322,0.069315,356.459991,3558.000000
108.000000,-135.630951,0.173096,0.055618,0.895020,0.252197,0.831913,0.066793,325.890015,3550.000000
109.000000,-136.381500,0.172119,0.054998,0.895508,0.251953,0.831234,0.066693,335.540009,3547.000000
110.000000,-139.268707,0.173096,0.055485,0.900146,0.251953,0.835580,0.065844,350.989990,3560.000000
111.000000,-135.988205,0.172607,0.055663,0.899170,0.251221,0.833803,0.065839,335.880005,3544.000000
112.000000,-143.714539,0.172607,0.055998,0.902344,0.250732,0.836758,0.066080,340.410004,3539.000000
113.000000,-148.279251,0.172363,0.057035,0.902588,0.251465,0.835740,0.068051,356.279999,3534.000000
114.000000,-149.513885,0.171143,0.055577,0.901123,0.250000,0.833662,0.066842,366.290009,3551.000000
115.000000,-157.702560,0.169434,0.055251,0.900879,0.248535,0.832547,0.066190,388.739990,3532.000000
116.000000,-150.256470,0.168701,0.053501,0.901611,0.248291,0.832470,0.064584,357.929993,3550.000000
117.000000,-149.956924,0.172119,0.055567,0.902588,0.250732,0.834784,0.066640,341.670013,3540.000000
118.000000,-149.638687,0.173584,0.057348,0.903320,0.252441,0.834897,0.068807,357.190002,3544.000000
119.000000,-148.699707,0.171143,0.054772,0.902344,0.250000,0.833667,0.066213,352.089996,3530.000000
120.000000,-142.279343,0.170166,0.054364,0.900146,0.248779,0.831878,0.065291,338.239990,3538.000000
121.000000,-132.424088,0.170166,0.054560,0.902344,0.248535,0.833210,0.064689,319.149994,3539.000000
122.000000,-132.627274,0.166992,0.052364,0.897461,0.244385,0.828246,0.062221,319.010010,3560.000000
123.000000,-149.954025,0.168457,0.052757,0.900391,0.246582,0.830746,0.063984,367.269989,3557.000000
124.000000,-144.472931,0.168457,0.054886,0.899658,0.245361,0.830315,0.066003,355.369995,3543.000000
125.000000,-654.679321,0.169922,0.056377,0.901367,0.247070,0.831155,0.067240,972.770020,3558.000000
126.000000,-354.874237,0.169189,0.056987,0.891113,0.224854,0.825341,0.067208,632.030029,3516.000000
127.000000,-162.321915,0.169434,0.057689,0.893799,0.226562,0.827354,0.068951,403.329987,3531.000000
128.000000,-155.191788,0.172363,0.060334,0.912354,0.231934,0.845456,0.073217,379.980011,3515.000000
129.000000,-160.083557,0.178467,0.063834,0.940674,0.238525,0.873992,0.077381,390.089996,3436.000000
130.000000,-176.370255,0.178223,0.063498,0.942139,0.237793,0.874970,0.076681,429.940002,3523.000000
131.000000,-191.993805,0.181396,0.065787,0.940674,0.240723,0.872865,0.078064,446.160004,3531.000000
132.000000,-246.504059,0.182129,0.065996,0.936279,0.240234,0.869217,0.077283,542.679993,3533.000000
133.000000,-240.683365,0.183594,0.066034,0.928711,0.239990,0.863859,0.076547,548.570007,3524.000000
134.000000,-204.306900,0.184570,0.066198,0.929443,0.239990,0.864453,0.075627,480.329987,3535.000000
135.000000,-180.194489,0.184570,0.065450,0.933105,0.240723,0.868023,0.075114,446.040009,3533.000000
136.000000,-342.850861,0.182861,0.061767,0.927002,0.238281,0.863114,0.070866,780.059998,3536.000000
137.000000,-281.324036,0.179932,0.059422,0.912842,0.236572,0.848753,0.070623,706.530029,3539.000000
138.000000,-314.765350,0.183838,0.060577,0.901611,0.239746,0.838696,0.072067,770.710022,3527.000000
139.000000,-291.190002,0.190430,0.064346,0.893311,0.244629,0.832052,0.075641,705.159973,3518.000000
140.000000,-283.962830,0.190186,0.062025,0.890625,0.242920,0.832306,0.072440,696.239990,3536.000000
141.000000,-286.533661,0.189941,0.060562,0.887939,0.242432,0.831039,0.071026,698.820007,3521.000000
142.000000,-224.662155,0.191650,0.059400,0.905273,0.245605,0.848028,0.071202,555.510010,3547.000000
143.000000,-216.205322,0.193359,0.061133,0.916504,0.245850,0.859546,0.071794,535.359985,3532.000000
144.000000,-197.220032,0.193604,0.060742,0.925049,0.245850,0.868457,0.070800,480.709991,3520.000000
145.000000,-240.213669,0.196533,0.062572,0.921631,0.248535,0.866299,0.073853,586.859985,3532.000000
146.000000,-206.516068,0.198975,0.064203,0.919678,0.250732,0.864655,0.075425,503.500000,3532.000000
147.000000,-193.718857,0.201904,0.065113,0.921875,0.252686,0.868098,0.075996,474.339996,3536.000000
148.000000,-206.971481,0.200684,0.064474,0.924072,0.251709,0.869757,0.076202,502.519989,3535.000000
149.000000,-210.351151,0.200928,0.063795,0.926758,0.252686,0.873167,0.076036,514.520020,3544.000000
150.000000,-217.402130,0.201416,0.063407,0.927734,0.254150,0.873960,0.076347,518.380005,3533.000000
151.000000,-199.155533,0.199707,0.063020,0.927002,0.251709,0.873051,0.074883,493.720001,3541.000000
152.000000,-206.474060,0.199219,0.062272,0.931396,0.251953,0.877413,0.074357,503.380005,3545.000000
153.000000,-232.486664,0.203857,0.065839,0.933838,0.256836,0.880008,0.077490,572.429993,3537.000000
154.000000,-180.605072,0.203857,0.066737,0.934570,0.257080,0.879832,0.078698,448.320007,3518.000000
155.000000,-192.324982,0.203125,0.067267,0.931152,0.255127,0.875419,0.077930,459.559998,3537.000000
156.000000,-182.560089,0.200928,0.064874,0.928711,0.253174,0.873585,0.076088,442.250000,3557.000000
157.000000,-163.545532,0.194824,0.061974,0.925293,0.249023,0.870318,0.075700,410.579987,3551.000000
158.000000,-146.993515,0.190918,0.061300,0.925781,0.245117,0.869871,0.075387,362.200012,3536.000000
159.000000,-168.001434,0.194336,0.064351,0.930176,0.247070,0.875046,0.077171,425.519989,3503.000000
160.000000,-183.183289,0.197998,0.065699,0.930664,0.248535,0.875719,0.077603,459.670013,3503.000000
161.000000,-189.922531,0.202881,0.068793,0.932129,0.252686,0.876730,0.080017,475.600006,3500.000000
162.000000,-175.924683,0.204590,0.069333,0.929932,0.253662,0.875518,0.080690,434.920013,3517.000000
163.000000,-169.220062,0.208496,0.072496,0.932861,0.257568,0.878838,0.083675,400.010010,3510.000000
164.000000,-193.644699,0.212891,0.075924,0.938477,0.260742,0.884703,0.086285,441.239990,3522.000000
165.000000,-208.566574,0.213135,0.075415,0.939209,0.262207,0.885342,0.087037,516.900024,3501.000000
166.000000,-176.235733,0.214600,0.076266,0.940186,0.262939,0.884878,0.086859,451.700012,3491.000000
167.000000,-167.817871,0.215088,0.076762,0.939453,0.262695,0.883980,0.086671,409.959991,3503.000000
168.000000,-176.232819,0.212158,0.074306,0.932373,0.260010,0.876682,0.085015,451.179993,3494.000000
169.000000,-168.925186,0.208008,0.071843,0.927002,0.256592,0.871884,0.083748,425.570007,3493.000000
170.000000,-182.856140,0.208984,0.070671,0.930664,0.257080,0.875359,0.081809,451.410004,3535.000000
171.000000,-187.031723,0.212646,0.072594,0.933350,0.260498,0.878807,0.083971,469.959991,3543.000000
172.000000,-171.895737,0.212646,0.072585,0.935303,0.260010,0.881849,0.082952,411.750000,3527.000000
173.000000,-173.710281,0.210449,0.072284,0.933838,0.257324,0.881627,0.081928,422.989990,3532.000000
174.000000,-184.713516,0.208496,0.069094,0.932373,0.256104,0.880028,0.079195,440.920013,3525.000000
175.000000,-188.167206,0.212158,0.070212,0.932129,0.259033,0.881098,0.079743,467.500000,3524.000000
176.000000,-180.937057,0.213867,0.071989,0.937988,0.260498,0.886991,0.081901,444.339996,3539.000000
177.000000,-185.027908,0.214355,0.071507,0.940918,0.261475,0.890165,0.082183,464.410004,3528.000000
178.000000,-176.576004,0.210693,0.070706,0.936523,0.257080,0.885970,0.080719,434.869995,3510.000000
179.000000,-180.394897,0.213379,0.071813,0.937988,0.258789,0.886627,0.081593,431.709991,3528.000000
180.000000,-176.857239,0.217285,0.074329,0.939453,0.264160,0.888514,0.085846,435.829987,3532.000000
181.000000,-174.858429,0.220703,0.076559,0.942139,0.267578,0.890581,0.087252,433.839996,3538.000000
182.000000,-168.530212,0.224121,0.077566,0.943115,0.271484,0.891025,0.089875,422.260010,3533.000000
183.000000,-177.332016,0.223389,0.076030,0.940918,0.270996,0.888807,0.087871,435.019989,3514.000000
184.000000,-154.166580,0.223633,0.076238,0.937988,0.273438,0.886363,0.089052,366.410004,3518.000000
185.000000,-172.649582,0.223389,0.077610,0.939453,0.271484,0.887899,0.089582,420.399994,3526.000000
186.000000,-169.858170,0.222412,0.077096,0.938232,0.270996,0.886314,0.089637,419.220001,3520.000000
187.000000,-184.987564,0.221924,0.077061,0.933838,0.270264,0.881526,0.089816,463.980011,3523.000000
188.000000,-163.577850,0.220459,0.076368,0.937012,0.268799,0.883526,0.088418,412.339996,3527.000000
189.000000,-172.750092,0.216064,0.074630,0.930176,0.265381,0.877609,0.087294,437.220001,3522.000000
190.000000,-171.623383,0.214111,0.073154,0.929932,0.262939,0.877141,0.085265,425.660004,3483.000000
191.000000,-171.954453,0.214111,0.072951,0.926514,0.262695,0.874650,0.084653,415.440002,3547.000000
192.000000,-185.540390,0.214600,0.072414,0.933105,0.261475,0.881622,0.083882,465.850006,3561.000000
193.000000,-172.850052,0.214111,0.070534,0.932861,0.260742,0.882168,0.081779,424.820007,3480.000000
194.000000,-178.820786,0.214844,0.073666,0.933105,0.261719,0.883267,0.085183,431.369995,3533.000000
195.000000,-185.670456,0.220703,0.078296,0.933105,0.267578,0.883733,0.090158,464.019989,3504.000000
196.000000,-193.349594,0.219238,0.077780,0.931396,0.265869,0.882517,0.088343,476.130005,3496.000000
197.000000,-175.018860,0.219238,0.078118,0.929199,0.265869,0.880660,0.088464,442.529999,3535.000000
198.000000,-171.795837,0.219482,0.077671,0.929688,0.265869,0.881848,0.088470,433.450012,3530.000000
199.000000,-161.088913,0.219727,0.077998,0.935791,0.265625,0.888071,0.088420,404.649994,3534.000000
200.000000,-172.889252,0.221191,0.079739,0.936523,0.266357,0.888597,0.089288,446.230011,3505.000000
201.000000,-187.170486,0.220459,0.080338,0.934570,0.267822,0.886324,0.092026,469.950012,3557.000000
202.000000,-186.201416,0.225586,0.084023,0.935303,0.270752,0.886782,0.093242,468.230011,3534.000000
203.000000,-180.112610,0.225830,0.084690,0.934326,0.271484,0.886810,0.094500,444.640015,3544.000000
204.000000,-174.600967,0.225586,0.082723,0.935791,0.271729,0.888013,0.092740,427.660004,3552.000000
205.000000,-175.277328,0.224365,0.081859,0.938232,0.269775,0.890920,0.090487,437.920013,3568.000000
206.000000,-165.180893,0.222412,0.079959,0.935547,0.267822,0.888277,0.088945,419.799988,3555.000000
207.000000,-184.072433,0.219482,0.077070,0.935547,0.265381,0.887480,0.086389,449.790009,3566.000000
208.000000,-172.366928,0.219482,0.076115,0.935547,0.265381,0.887607,0.085317,404.709991,3564.000000
209.000000,-173.855286,0.219971,0.075540,0.940674,0.265869,0.892598,0.084899,434.299988,3552.000000
210.000000,-193.794632,0.221436,0.076928,0.939697,0.268066,0.891124,0.086167,484.429993,3557.000000
211.000000,-184.143280,0.223633,0.078807,0.938965,0.271240,0.890439,0.088828,469.179993,3544.000000
212.000000,-174.384949,0.224854,0.077936,0.940430,0.272705,0.890748,0.088363,443.059998,3498.000000
213.000000,-167.156967,0.225098,0.079577,0.940674,0.273193,0.891820,0.090299,415.850006,3516.000000
214.000000,-171.955170,0.223145,0.077788,0.941895,0.270996,0.893005,0.088421,410.369995,3514.000000
215.000000,-166.652496,0.218018,0.077484,0.935059,0.267090,0.886721,0.088283,412.269989,3513.000000
216.000000,-169.405121,0.218018,0.078260,0.935303,0.267090,0.886924,0.088584,409.970001,3488.000000
217.000000,-171.157288,0.220459,0.079429,0.935059,0.269775,0.885750,0.090627,424.230011,3468.000000
218.000000,-164.744843,0.222900,0.080718,0.935791,0.269287,0.886515,0.090436,390.269989,3521.000000
219.000000,-163.788956,0.224121,0.081502,0.935791,0.270264,0.887259,0.090814,408.220001,3522.000000
220.000000,-142.839386,0.221436,0.079731,0.931885,0.268555,0.883991,0.090178,352.380005,3528.000000
221.000000,-163.766403,0.222900,0.079334,0.934814,0.270020,0.886515,0.089665,410.630005,3539.000000
222.000000,-178.914383,0.222900,0.078275,0.941162,0.269775,0.893089,0.088688,444.589996,3548.000000
223.000000,-165.935516,0.226807,0.080830,0.941895,0.274902,0.893928,0.092320,412.320007,3538.000000
224.000000,-185.554901,0.226318,0.079845,0.938232,0.273926,0.889872,0.090732,458.450012,3553.000000
225.000000,-165.155426,0.225586,0.080567,0.932617,0.272461,0.885119,0.091282,416.309998,3563.000000
226.000000,-160.738922,0.223389,0.078686,0.935303,0.269775,0.886444,0.089277,403.019989,3561.000000
227.000000,-139.136856,0.220459,0.078192,0.929932,0.265869,0.880942,0.088234,354.649994,3555.000000
228.000000,-157.449646,0.220703,0.077416,0.932861,0.268555,0.883178,0.089878,395.649994,3552.000000
229.000000,-161.483170,0.224854,0.081073,0.937500,0.270996,0.887397,0.091534,393.200012,3548.000000
230.000000,-162.468674,0.229248,0.082226,0.942871,0.275879,0.892445,0.093120,394.290009,3542.000000
231.000000,-175.875351,0.230469,0.083013,0.940186,0.277344,0.890039,0.093790,435.170013,3556.000000
232.000000,-161.443878,0.229980,0.082504,0.937012,0.277588,0.886455,0.093904,400.630005,3553.000000
233.000000,-164.560486,0.232910,0.082863,0.935791,0.280762,0.885396,0.094171,407.829987,3544.000000
234.000000,-153.079483,0.229736,0.080556,0.935303,0.277344,0.884987,0.091271,374.779999,3557.000000
235.000000,-146.684570,0.225342,0.078207,0.933594,0.273682,0.883511,0.089600,367.250000,3556.000000
236.000000,-157.104294,0.226562,0.078963,0.931885,0.272461,0.882063,0.088514,400.519989,3567.000000
237.000000,-174.665695,0.226318,0.078118,0.931152,0.273438,0.881156,0.088860,432.070007,3569.000000
238.000000,-177.631470,0.226562,0.077288,0.930176,0.273193,0.880776,0.087162,447.179993,3544.000000
239.000000,-175.720139,0.224854,0.074825,0.932373,0.272217,0.882855,0.085060,446.160004,3558.000000
240.000000,-166.265442,0.224365,0.073838,0.934082,0.270996,0.885020,0.083886,415.429993,3536.000000
241.000000,-158.468369,0.224365,0.073485,0.936035,0.271240,0.886628,0.083404,395.390015,3557.000000
242.000000,-166.916138,0.222656,0.075143,0.934814,0.270508,0.885592,0.084952,412.290009,3564.000000
243.000000,-160.470520,0.225342,0.078787,0.933838,0.273193,0.884511,0.088204,404.179993,3515.000000
244.000000,-168.228897,0.223633,0.079028,0.929688,0.272461,0.879902,0.089199,422.489990,3526.000000
245.000000,-168.817017,0.224121,0.079135,0.932129,0.273193,0.881582,0.089970,420.209991,3521.000000
246.000000,-169.531067,0.226318,0.079220,0.933594,0.276367,0.882073,0.091124,417.809998,3511.000000
247.000000,-171.769257,0.226807,0.079529,0.940186,0.274902,0.888181,0.089865,415.950012,3515.000000
248.000000,-167.791519,0.227783,0.080776,0.938477,0.276855,0.885840,0.092661,407.920013,3514.000000
249.000000,-151.747025,0.227539,0.082129,0.938721,0.276367,0.886023,0.093521,380.739990,3534.000000
250.000000,-256.946350,0.227051,0.080823,0.936035,0.275146,0.884628,0.091929,642.770020,3522.000000
251.000000,-215.370285,0.223389,0.079742,0.925049,0.272949,0.874254,0.091990,537.609985,3524.000000
252.000000,-150.301910,0.226074,0.082706,0.924072,0.273926,0.874367,0.093495,381.070007,3530.000000
253.000000,-156.881287,0.221924,0.079137,0.927246,0.268311,0.877603,0.089268,389.429993,3518.000000
254.000000,-162.849228,0.219238,0.077741,0.933105,0.267090,0.882629,0.088372,410.390015,3520.000000
255.000000,-163.277588,0.215576,0.076569,0.928467,0.263184,0.878642,0.087144,410.559998,3511.000000
256.000000,-164.421417,0.215576,0.077793,0.930664,0.263428,0.881480,0.088187,413.799988,3508.000000
257.000000,-178.494644,0.218506,0.079073,0.927490,0.268555,0.878160,0.090842,457.690002,3428.000000
258.000000,-190.806854,0.218750,0.077515,0.930176,0.268555,0.881277,0.088823,488.040009,3514.000000
259.000000,-191.141663,0.220459,0.078169,0.933105,0.269531,0.883744,0.088795,475.809998,3512.000000
260.000000,-181.758896,0.218750,0.076990,0.932861,0.268799,0.883203,0.088349,455.250000,3520.000000
261.000000,-249.187546,0.218994,0.077443,0.931396,0.268311,0.882869,0.088168,584.739990,3513.000000
262.000000,-219.652191,0.221191,0.076918,0.929199,0.269287,0.881450,0.087644,564.090027,3519.000000
263.000000,-225.627213,0.222900,0.077550,0.921631,0.270020,0.875185,0.087150,571.820007,3517.000000
264.000000,-209.860199,0.221436,0.075687,0.919678,0.270020,0.873837,0.086933,537.280029,3516.000000
265.000000,-218.300339,0.222656,0.077241,0.917969,0.270264,0.871759,0.087119,569.690002,3505.000000
266.000000,-207.791977,0.221680,0.076774,0.916504,0.270508,0.869631,0.087592,529.640015,3518.000000
267.000000,-195.224869,0.222168,0.078454,0.917969,0.270264,0.871418,0.088128,487.230011,3497.000000
268.000000,-214.475525,0.220459,0.077085,0.921387,0.269287,0.875275,0.087243,525.729980,3497.000000
269.000000,-194.154266,0.219238,0.077206,0.921875,0.266602,0.875872,0.086665,485.950012,3516.000000
270.000000,-197.124542,0.222168,0.079917,0.926025,0.270508,0.880719,0.089959,493.019989,3522.000000
271.000000,-190.528702,0.223877,0.079644,0.927002,0.273438,0.881584,0.090879,463.500000,3519.000000
272.000000,-183.366058,0.222412,0.079049,0.927979,0.271973,0.882042,0.090040,459.640015,3521.000000
273.000000,-177.547836,0.220947,0.077892,0.930420,0.269775,0.883890,0.088365,441.089996,3531.000000
274.000000,-198.971115,0.221924,0.079098,0.924805,0.271729,0.877977,0.090775,479.220001,3535.000000
275.000000,-154.272278,0.218750,0.078265,0.918213,0.268555,0.871315,0.089579,389.619995,3513.000000
276.000000,-154.806534,0.217041,0.078167,0.922363,0.267578,0.875036,0.089566,381.609985,3512.000000
277.000000,-154.583618,0.215820,0.077243,0.924316,0.265869,0.877283,0.088431,386.160004,3520.000000
278.000000,-186.243149,0.215088,0.077689,0.921143,0.263916,0.874889,0.088477,465.450012,3523.000000
279.000000,-195.002625,0.218262,0.079820,0.926025,0.266846,0.879781,0.090403,491.660004,3526.000000
280.000000,-182.301483,0.223877,0.082391,0.933838,0.272705,0.888245,0.093509,450.510010,3510.000000
281.000000,-184.427841,0.221924,0.079985,0.934570,0.270996,0.887595,0.090752,466.149994,3520.000000
282.000000,-176.185730,0.224121,0.081910,0.936279,0.273438,0.888942,0.092254,449.079987,3530.000000
283.000000,-190.033478,0.220215,0.079752,0.932617,0.269775,0.885281,0.089779,462.359985,3525.000000
284.000000,-197.510345,0.223145,0.080381,0.932129,0.273438,0.884743,0.090889,464.579987,3533.000000
285.000000,-205.244980,0.223633,0.079726,0.934082,0.273438,0.887405,0.090216,507.700012,3523.000000
286.000000,-205.091354,0.225342,0.079870,0.932129,0.275391,0.885085,0.091049,495.589996,3525.000000
287.000000,-166.062500,0.225098,0.079535,0.932129,0.276611,0.884673,0.091640,394.510010,3537.000000
288.000000,-179.737457,0.227295,0.079341,0.934326,0.278809,0.886484,0.090946,435.829987,3520.000000
289.000000,-170.216202,0.226318,0.079757,0.937256,0.277832,0.889137,0.090759,420.500000,3534.000000
290.000000,-169.754639,0.223389,0.077444,0.938232,0.275146,0.891287,0.087894,408.529999,3554.000000
291.000000,-162.394608,0.219971,0.075596,0.930908,0.271484,0.884403,0.085557,399.230011,3516.000000
292.000000,-190.356415,0.219971,0.075750,0.931152,0.269775,0.885073,0.084844,469.589996,3562.000000
293.000000,-190.038895,0.220703,0.076188,0.928711,0.270508,0.883187,0.085609,476.019989,3545.000000
294.000000,-210.272751,0.217285,0.074771,0.923584,0.269043,0.877330,0.086366,516.150024,3555.000000
295.000000,-188.617752,0.222656,0.078828,0.928467,0.273682,0.882085,0.089640,471.829987,3545.000000
296.000000,-186.605255,0.224365,0.079505,0.936768,0.275391,0.890269,0.089966,470.630005,3528.000000
297.000000,-172.183228,0.226562,0.083141,0.932129,0.277344,0.885308,0.093105,437.230011,3552.000000
298.000000,-172.749847,0.228760,0.085568,0.929932,0.278564,0.883336,0.095039,440.779999,3561.000000
299.000000,-178.473251,0.224365,0.082432,0.928223,0.275146,0.881895,0.092356,445.540009,3550.000000
300.000000,-155.494217,0.221191,0.080822,0.927246,0.271240,0.880538,0.090473,386.079987,3566.000000
301.000000,-178.613510,0.216797,0.078261,0.926758,0.266602,0.880062,0.087531,444.640015,3557.000000
302.000000,-174.836807,0.218994,0.080449,0.927734,0.269775,0.881446,0.091404,408.380005,3555.000000
303.000000,-174.832962,0.218506,0.079290,0.930908,0.268555,0.884758,0.089494,416.119995,3541.000000
304.000000,-172.485809,0.216064,0.078189,0.934082,0.268555,0.887475,0.090117,424.519989,3541.000000
305.000000,-153.551605,0.211182,0.075598,0.934570,0.263672,0.887727,0.086813,385.000000,3549.000000
306.000000,-173.210114,0.211426,0.075607,0.934570,0.261963,0.887075,0.086050,427.489990,3556.000000
307.000000,-176.142761,0.208740,0.073461,0.936035,0.261475,0.888509,0.085434,426.040009,3551.000000
308.000000,-157.494812,0.207520,0.074768,0.935547,0.260254,0.887166,0.085539,398.369995,3557.000000
309.000000,-164.565170,0.207764,0.074768,0.935303,0.260742,0.886421,0.085395,422.809998,3569.000000
310.000000,-167.054428,0.209961,0.076911,0.935791,0.263428,0.887760,0.087846,420.529999,3560.000000
311.000000,-169.138840,0.212158,0.079146,0.936279,0.264404,0.888083,0.088305,430.200012,3555.000000
312.000000,-173.394211,0.216309,0.079962,0.938232,0.269287,0.889323,0.090122,439.820007,3547.000000
313.000000,-214.716064,0.223145,0.082835,0.941162,0.275146,0.891856,0.091942,527.119995,3537.000000
314.000000,-181.254242,0.222412,0.081365,0.933350,0.275146,0.884679,0.091297,454.690002,3554.000000
315.000000,-178.391708,0.223633,0.080360,0.934814,0.275879,0.886379,0.090481,441.760010,3551.000000
316.000000,-176.632858,0.226318,0.083020,0.932861,0.279053,0.884825,0.094023,427.890015,3498.000000
317.000000,-178.577164,0.233398,0.087300,0.938477,0.286377,0.890504,0.098912,443.690002,3510.000000
318.000000,-173.258942,0.233643,0.087182,0.935791,0.285400,0.887867,0.097503,431.739990,3509.000000
319.000000,-199.153961,0.233887,0.084973,0.935059,0.285156,0.887034,0.094900,498.679993,3515.000000
320.000000,-175.031052,0.232422,0.083916,0.931885,0.284424,0.884152,0.093487,441.089996,3523.000000
321.000000,-170.004211,0.229004,0.082392,0.930420,0.280029,0.884683,0.090156,417.730011,3423.000000
322.000000,-182.280975,0.225098,0.079396,0.928467,0.276855,0.883355,0.087873,458.609985,3502.000000
323.000000,-179.328522,0.223389,0.078291,0.928711,0.276367,0.883599,0.087741,457.660004,3561.000000
324.000000,-191.868347,0.223145,0.077760,0.929199,0.275635,0.884730,0.086843,483.600006,3563.000000
325.000000,-185.893143,0.222900,0.078135,0.929688,0.275635,0.885503,0.087324,469.760010,3565.000000
326.000000,-188.192383,0.225098,0.078631,0.932373,0.277832,0.888066,0.087923,468.399994,3550.000000
327.000000,-187.513977,0.225830,0.080033,0.933105,0.277832,0.889591,0.088592,467.369995,3555.000000
328.000000,-180.266129,0.230225,0.082599,0.934082,0.281494,0.889887,0.090806,459.329987,3555.000000
329.000000,-171.362305,0.230225,0.082632,0.935791,0.282227,0.891833,0.092081,432.410004,3559.000000
330.000000,-181.878372,0.233643,0.085248,0.938965,0.286377,0.894590,0.094626,467.790009,3563.000000
331.000000,-192.566757,0.233154,0.085452,0.936523,0.285889,0.891900,0.094933,499.869995,3542.000000
332.000000,-200.086945,0.232666,0.085271,0.935547,0.285889,0.890341,0.095090,512.530029,3557.000000
333.000000,-167.166504,0.232666,0.087316,0.934814,0.285889,0.888496,0.096920,433.329987,3574.000000
334.000000,-175.586868,0.229492,0.084613,0.932373,0.282715,0.886477,0.094577,424.730011,3544.000000
335.000000,-184.880707,0.225830,0.081852,0.933105,0.279053,0.887267,0.091647,450.410004,3537.000000
336.000000,-165.858337,0.222900,0.080667,0.933105,0.277344,0.886924,0.091689,414.410004,3528.000000
337.000000,-147.759064,0.221680,0.080293,0.931396,0.273193,0.886369,0.089126,367.220001,3551.000000
338.000000,-159.267685,0.215088,0.078268,0.922363,0.267578,0.877928,0.088274,403.739990,3556.000000
339.000000,-165.042709,0.213135,0.076169,0.923584,0.264404,0.878922,0.085340,414.730011,3560.000000
340.000000,-171.812531,0.210205,0.074791,0.924072,0.262451,0.880007,0.086020,427.279999,3540.000000
341.000000,-177.931122,0.209473,0.075691,0.931152,0.261719,0.886615,0.087064,444.570007,3504.000000
342.000000,-175.144775,0.213379,0.078168,0.932373,0.265381,0.887362,0.089513,431.609985,3523.000000
343.000000,-178.677353,0.214355,0.078114,0.939453,0.267334,0.893756,0.090145,434.070007,3545.000000
344.000000,-175.176559,0.211914,0.077286,0.934570,0.266113,0.889323,0.089629,435.549988,3553.000000
345.000000,-190.441254,0.215088,0.077656,0.933838,0.270264,0.888120,0.090026,456.690002,3558.000000
346.000000,-168.358459,0.218750,0.079975,0.937500,0.273682,0.892171,0.091758,416.410004,3541.000000
347.000000,-162.736725,0.218750,0.078805,0.940918,0.274658,0.894950,0.091272,403.829987,3543.000000
348.000000,-159.828049,0.218506,0.079107,0.942139,0.274170,0.896120,0.090345,397.019989,3555.000000
349.000000,-149.660156,0.217529,0.079584,0.939697,0.272461,0.893736,0.090303,376.980011,3550.000000
350.000000,-171.819214,0.216797,0.077254,0.933350,0.270264,0.887551,0.087477,430.839996,3563.000000
351.000000,-165.925644,0.220459,0.079302,0.934570,0.273193,0.888354,0.089475,410.779999,3555.000000
352.000000,-164.498718,0.220215,0.080688,0.934814,0.273682,0.889346,0.090922,406.100006,3551.000000
353.000000,-169.818283,0.222412,0.082479,0.936768,0.276367,0.891674,0.092777,415.170013,3558.000000
354.000000,-165.050705,0.222900,0.082141,0.938477,0.275635,0.893540,0.091062,413.049988,3545.000000
355.000000,-173.111115,0.225342,0.083731,0.940186,0.276855,0.895552,0.092271,433.149994,3538.000000
356.000000,-169.118286,0.224121,0.081304,0.935791,0.276123,0.890615,0.089886,422.570007,3546.000000
357.000000,-196.746445,0.224365,0.081928,0.932861,0.275146,0.888446,0.090491,495.209991,3555.000000
358.000000,-193.503143,0.227295,0.083948,0.932373,0.277100,0.887877,0.091846,490.190002,3562.000000
359.000000,-173.233276,0.227539,0.084044,0.933594,0.277588,0.889156,0.092013,436.329987,3547.000000
360.000000,-168.323593,0.225830,0.084152,0.932373,0.277100,0.887934,0.093953,412.600006,3560.000000
361.000000,-181.354172,0.224365,0.082326,0.930176,0.274658,0.886601,0.091484,432.609985,3561.000000
362.000000,-193.114777,0.224609,0.082368,0.930908,0.274414,0.887385,0.091120,477.140015,3567.000000
363.000000,-179.199646,0.229736,0.085389,0.937012,0.277588,0.893597,0.092527,445.170013,3551.000000
364.000000,-194.338730,0.230469,0.083951,0.939209,0.278076,0.895680,0.091209,472.980011,3560.000000
365.000000,-166.036560,0.228271,0.083659,0.936279,0.278076,0.892976,0.092925,409.570007,3550.000000
366.000000,-171.769943,0.225342,0.082564,0.932373,0.275391,0.889571,0.092178,433.089996,3564.000000
367.000000,-168.748428,0.223633,0.079888,0.929932,0.274414,0.886552,0.090419,435.329987,3549.000000
368.000000,-158.768433,0.226318,0.081014,0.932861,0.275879,0.889242,0.090221,401.260010,3552.000000
369.000000,-197.936646,0.222412,0.079844,0.933350,0.271240,0.889474,0.088635,465.709991,3555.000000
370.000000,-198.997452,0.224365,0.080960,0.933838,0.273193,0.890594,0.090282,458.880005,3561.000000
371.000000,-163.937988,0.223877,0.081640,0.935791,0.272705,0.892995,0.090935,408.619995,3564.000000
372.000000,-190.013824,0.223389,0.081156,0.934814,0.272461,0.891754,0.090636,478.119995,3551.000000
373.000000,-178.451401,0.223877,0.083940,0.932373,0.272705,0.890121,0.092899,431.480011,3553.000000
374.000000,-169.583908,0.224365,0.083524,0.931885,0.273438,0.888987,0.092531,429.480011,3557.000000
375.000000,-197.945206,0.225098,0.084792,0.936035,0.275146,0.891590,0.093895,521.770020,3555.000000
376.000000,-204.897934,0.227295,0.085675,0.935547,0.278320,0.890835,0.095770,528.140015,3546.000000
377.000000,-180.764679,0.228516,0.085263,0.936035,0.277832,0.890968,0.094185,446.029999,3559.000000
378.000000,-178.638718,0.221191,0.080488,0.929199,0.271484,0.883343,0.090259,457.369995,3582.000000
379.000000,-174.463226,0.223633,0.083050,0.930908,0.273926,0.885186,0.092788,423.670013,3570.000000
380.000000,-171.606415,0.226318,0.084181,0.929199,0.277832,0.884551,0.095434,422.290009,3561.000000
381.000000,-194.842392,0.229004,0.086202,0.935791,0.279541,0.891144,0.096348,483.890015,3565.000000
382.000000,-172.551086,0.228760,0.085809,0.936523,0.278564,0.892155,0.095385,434.130005,3543.000000
383.000000,-181.940094,0.224609,0.081683,0.932373,0.275879,0.888009,0.092378,463.880005,3558.000000
384.000000,-178.824936,0.222168,0.081780,0.932373,0.272217,0.887851,0.090783,450.089996,3561.000000
385.000000,-189.375732,0.224609,0.082722,0.930908,0.274414,0.886293,0.091839,489.239990,3464.000000
386.000000,-198.577469,0.224609,0.081833,0.931396,0.274658,0.886993,0.092027,501.880005,3535.000000
387.000000,-208.785599,0.223389,0.081050,0.932373,0.273926,0.888193,0.091382,522.479980,3545.000000
388.000000,-196.387589,0.224365,0.082630,0.927734,0.275391,0.883190,0.093797,480.730011,3558.000000
389.000000,-201.824341,0.227295,0.083115,0.927979,0.278564,0.883773,0.094625,516.859985,3580.000000
390.000000,-198.240250,0.228271,0.084472,0.926758,0.279541,0.883140,0.095852,503.279999,3550.000000
391.000000,-200.298203,0.229004,0.084548,0.927490,0.281006,0.884634,0.096288,507.309998,3511.000000
392.000000,-192.010635,0.230225,0.086001,0.928955,0.282715,0.886082,0.097554,469.549988,3552.000000
393.000000,-184.593811,0.229248,0.085277,0.929688,0.281982,0.886120,0.096855,460.839996,3538.000000
394.000000,-206.031967,0.234619,0.089470,0.934570,0.287354,0.890249,0.101411,517.890015,3516.000000
395.000000,-174.504944,0.234131,0.087937,0.930420,0.285156,0.885605,0.099005,449.660004,3535.000000
396.000000,-181.408630,0.234619,0.088519,0.928467,0.285889,0.884111,0.099904,453.399994,3553.000000
397.000000,-182.141586,0.234375,0.087640,0.929443,0.286377,0.884084,0.099555,460.579987,3549.000000
398.000000,-172.184113,0.234619,0.085753,0.931641,0.284668,0.886328,0.095836,436.739990,3534.000000
399.000000,-183.204834,0.234863,0.084698,0.934082,0.285400,0.889082,0.095875,475.649994,3554.000000
400.000000,-181.039551,0.236084,0.086142,0.932617,0.286133,0.887354,0.096720,454.309998,3538.000000
401.000000,-196.351868,0.239258,0.087840,0.935303,0.289551,0.889994,0.098215,487.369995,3556.000000
402.000000,-183.939041,0.242188,0.089336,0.936035,0.292236,0.890975,0.099727,462.179993,3550.000000
403.000000,-177.508591,0.240479,0.087078,0.928955,0.288574,0.885294,0.096676,440.950012,3548.000000
404.000000,-176.658127,0.241211,0.085605,0.928955,0.289551,0.885670,0.095504,441.869995,3550.000000
405.000000,-168.052734,0.235107,0.081959,0.930176,0.284912,0.886097,0.093003,425.940002,3520.000000
406.000000,-166.652283,0.235596,0.082745,0.935791,0.284180,0.892194,0.092981,420.750000,3553.000000
407.000000,-163.919037,0.230469,0.080351,0.933350,0.279785,0.890354,0.091795,412.179993,3553.000000
408.000000,-174.342255,0.231201,0.080688,0.932129,0.279785,0.888940,0.091777,445.339996,3553.000000
409.000000,-181.963531,0.230713,0.081159,0.929932,0.280762,0.886240,0.093818,446.480011,3533.000000
410.000000,-197.746368,0.233887,0.082715,0.930908,0.283203,0.887205,0.094395,473.940002,3559.000000
411.000000,-179.634842,0.238037,0.084891,0.934082,0.287842,0.890318,0.097115,458.769989,3557.000000
412.000000,-183.857834,0.236816,0.082972,0.933838,0.286865,0.888672,0.095303,465.119995,3545.000000
413.000000,-186.211838,0.233154,0.080328,0.932373,0.284424,0.886090,0.093182,456.850006,3562.000000
414.000000,-175.412491,0.231445,0.078577,0.933105,0.281982,0.887196,0.090463,436.519989,3548.000000
415.000000,-174.713654,0.229004,0.076156,0.930664,0.277832,0.885420,0.087104,424.100006,3551.000000
416.000000,-171.145981,0.226318,0.076556,0.928711,0.275391,0.885155,0.087481,424.230011,3554.000000
417.000000,-173.183228,0.222168,0.075870,0.927246,0.271973,0.884532,0.087642,433.880005,3560.000000
418.000000,-186.116119,0.219971,0.077021,0.923828,0.270508,0.881070,0.088462,469.049988,3553.000000
419.000000,-197.563629,0.221924,0.077606,0.929932,0.271973,0.887076,0.088642,496.589996,3568.000000
420.000000,-189.036362,0.225830,0.081336,0.935303,0.275391,0.892072,0.092497,465.790009,3553.000000
421.000000,-187.906250,0.223877,0.080496,0.937988,0.271729,0.894924,0.090826,466.609985,3547.000000
422.000000,-155.957642,0.224609,0.082460,0.934082,0.271484,0.890878,0.092329,385.970001,3542.000000
423.000000,-180.579056,0.224365,0.081895,0.934326,0.272949,0.890583,0.092714,455.609985,3555.000000
424.000000,-169.607529,0.221436,0.080179,0.930420,0.268311,0.886989,0.089128,430.149994,3568.000000
425.000000,-173.634430,0.221924,0.079345,0.928711,0.269775,0.886310,0.088983,445.079987,3551.000000
426.000000,-168.655792,0.218506,0.076704,0.928223,0.267090,0.886700,0.087059,419.109985,3562.000000
427.000000,-167.904938,0.215088,0.073357,0.929443,0.264404,0.887707,0.083268,419.559998,3535.000000
428.000000,-175.108032,0.215576,0.075500,0.929932,0.263184,0.888412,0.084030,432.839996,3555.000000
429.000000,-189.271118,0.218018,0.076387,0.932617,0.264893,0.891185,0.084385,477.470001,3568.000000
430.000000,-186.664307,0.220947,0.079249,0.934326,0.268066,0.893241,0.087722,476.040009,3552.000000
431.000000,-181.942841,0.221924,0.079082,0.938477,0.270020,0.897563,0.088078,465.519989,3565.000000
432.000000,-185.444778,0.221924,0.078086,0.937988,0.271973,0.896990,0.088609,466.190002,3564.000000
433.000000,-188.414886,0.226562,0.081109,0.942871,0.276123,0.901324,0.090628,476.739990,3543.000000
434.000000,-177.821243,0.226074,0.080024,0.943848,0.276367,0.901413,0.089934,445.399994,3540.000000
435.000000,-158.551041,0.225098,0.080634,0.940186,0.274658,0.898597,0.090428,397.149994,3517.000000
436.000000,-159.491928,0.227051,0.082062,0.938721,0.276611,0.896860,0.091853,401.230011,3524.000000
437.000000,-174.803238,0.226074,0.082916,0.940186,0.275635,0.898394,0.092659,434.579987,3539.000000
438.000000,-176.812347,0.231934,0.087424,0.940674,0.280029,0.898764,0.095945,445.399994,3520.000000
439.000000,-182.766510,0.233398,0.089226,0.937744,0.282227,0.895737,0.098067,463.100006,3530.000000
440.000000,-184.810486,0.235840,0.088789,0.939941,0.283936,0.898382,0.096528,468.000000,3563.000000
441.000000,-184.092651,0.231201,0.086571,0.934326,0.279297,0.893267,0.094141,453.700012,3552.000000
442.000000,-191.041718,0.232178,0.086644,0.932129,0.280273,0.890819,0.093842,497.079987,3546.000000
443.000000,-185.482880,0.231201,0.085377,0.932373,0.279297,0.890761,0.093155,465.220001,3543.000000
444.000000,-174.989151,0.233398,0.087041,0.933350,0.281250,0.891708,0.094246,429.269989,3552.000000
445.000000,-164.787415,0.232422,0.085784,0.931641,0.281738,0.889669,0.094120,424.380005,3557.000000
446.000000,-175.454468,0.232910,0.086086,0.929443,0.281494,0.887727,0.094326,444.709991,3540.000000
447.000000,-187.800735,0.235107,0.086607,0.930664,0.284912,0.888344,0.095742,485.420013,3547.000000
448.000000,-191.162064,0.233887,0.085769,0.930176,0.282715,0.886929,0.094507,479.269989,3556.000000
449.000000,-162.164062,0.231201,0.083423,0.931152,0.282227,0.886958,0.093727,407.109985,3439.000000
450.000000,-175.200806,0.228516,0.082786,0.929932,0.280518,0.885039,0.093757,438.869995,3513.000000
451.000000,-181.436096,0.228760,0.082915,0.929932,0.281006,0.885001,0.093712,445.339996,3507.000000
452.000000,-190.341400,0.227783,0.082853,0.931152,0.281250,0.884756,0.095001,487.149994,3503.000000
453.000000,-177.456238,0.231201,0.086683,0.933594,0.282715,0.886981,0.097060,452.559998,3497.000000
454.000000,-155.220734,0.236328,0.088995,0.937256,0.288330,0.890172,0.099858,384.100006,3480.000000
455.000000,-182.448608,0.233887,0.086312,0.934814,0.284424,0.888116,0.096674,456.220001,3507.000000
456.000000,-172.912888,0.237061,0.088554,0.930176,0.286865,0.882800,0.098639,441.290009,3499.000000
457.000000,-163.027603,0.238281,0.090302,0.932617,0.286133,0.884677,0.098650,417.910004,3483.000000
458.000000,-170.914337,0.237793,0.089391,0.936768,0.285889,0.888610,0.098274,424.380005,3481.000000
459.000000,-180.464203,0.239502,0.090156,0.932617,0.286865,0.886039,0.099024,453.299988,3502.000000
460.000000,-178.015717,0.239746,0.089039,0.932129,0.286865,0.886081,0.097839,449.809998,3479.000000
461.000000,-179.826630,0.242676,0.091044,0.935059,0.288818,0.888490,0.098867,437.929993,3489.000000
462.000000,-168.317337,0.239990,0.089939,0.935791,0.289795,0.889903,0.100906,423.350006,3497.000000
463.000000,-158.872879,0.238525,0.090692,0.933594,0.287842,0.888249,0.100887,396.950012,3512.000000
464.000000,-171.810089,0.238037,0.090906,0.934082,0.287354,0.889518,0.101382,429.820007,3522.000000
465.000000,-164.871490,0.239014,0.090934,0.932373,0.288086,0.888398,0.101089,421.679993,3541.000000
466.000000,-171.478836,0.240234,0.091569,0.935791,0.290527,0.891810,0.103151,431.019989,3549.000000
467.000000,-182.115723,0.239502,0.088974,0.936768,0.290771,0.893122,0.100642,453.820007,3533.000000
468.000000,-175.934311,0.241943,0.089672,0.937012,0.293457,0.893684,0.100693,430.149994,3537.000000
469.000000,-166.931122,0.242432,0.089004,0.941895,0.292725,0.897867,0.098347,415.309998,3531.000000
470.000000,-168.627731,0.239746,0.086833,0.941406,0.292236,0.896837,0.097623,429.890015,3545.000000
471.000000,-185.134415,0.242920,0.086132,0.944580,0.294922,0.899499,0.097071,461.579987,3538.000000
472.000000,-192.807632,0.239990,0.083204,0.942627,0.292236,0.897300,0.094523,494.670013,3532.000000
473.000000,-174.116013,0.243652,0.085513,0.942871,0.293945,0.898140,0.096156,439.149994,3534.000000
474.000000,-176.562012,0.241455,0.085674,0.935303,0.291504,0.890269,0.095730,441.589996,3537.000000
475.000000,-188.299774,0.237549,0.082618,0.931396,0.287598,0.887036,0.092887,471.000000,3541.000000
476.000000,-169.128876,0.235107,0.078830,0.935303,0.284180,0.890743,0.087896,425.390015,3546.000000
477.000000,-169.441269,0.236084,0.079979,0.933105,0.287354,0.888509,0.090986,423.019989,3541.000000
478.000000,-159.667252,0.232910,0.080264,0.929688,0.283447,0.885153,0.090987,389.130005,3526.000000
479.000000,-165.036224,0.230469,0.079808,0.928711,0.280762,0.883456,0.090985,415.160004,3517.000000
480.000000,-153.341583,0.231934,0.080418,0.932617,0.283203,0.886659,0.092224,388.709991,3543.000000
481.000000,-149.800858,0.234131,0.082555,0.937012,0.284912,0.890514,0.093875,380.609985,3537.000000
482.000000,-163.306625,0.233887,0.085116,0.933105,0.286865,0.886173,0.097916,409.450012,3545.000000
483.000000,-188.682877,0.236572,0.087156,0.931396,0.288330,0.884982,0.098153,479.459991,3467.000000
484.000000,-164.494492,0.235596,0.088129,0.933350,0.286133,0.886638,0.097261,413.790009,3528.000000
485.000000,-200.607727,0.231934,0.085733,0.929443,0.283203,0.883206,0.095225,492.519989,3537.000000
486.000000,-174.069046,0.228760,0.084749,0.927979,0.280029,0.882046,0.093682,432.899994,3529.000000
487.000000,-178.516190,0.230469,0.085625,0.925537,0.282227,0.880529,0.094795,438.500000,3528.000000
488.000000,-174.014954,0.227295,0.083994,0.923828,0.280029,0.879445,0.093743,446.000000,3543.000000
489.000000,-154.142105,0.226074,0.085930,0.929932,0.280762,0.884933,0.096659,388.600006,3556.000000
490.000000,-151.503937,0.228271,0.087885,0.931641,0.281494,0.887510,0.097269,375.459991,3517.000000
491.000000,-172.103378,0.226562,0.086622,0.931152,0.279541,0.887578,0.096324,426.589996,3532.000000
492.000000,-175.221695,0.226562,0.086966,0.931396,0.279541,0.887589,0.096111,445.459991,3539.000000
493.000000,-185.854614,0.227783,0.086905,0.935547,0.279541,0.891501,0.095203,470.690002,3557.000000
494.000000,-180.792435,0.228760,0.087410,0.937012,0.281738,0.892288,0.096753,464.230011,3545.000000
495.000000,-175.016205,0.230225,0.087687,0.938721,0.282715,0.894112,0.096832,436.440002,3548.000000
496.000000,-177.816345,0.228027,0.085773,0.938232,0.281982,0.893739,0.096389,443.510010,3549.000000
497.000000,-213.338623,0.227539,0.084429,0.937500,0.279053,0.893512,0.093256,525.320007,3546.000000
498.000000,-214.432510,0.231201,0.088016,0.937012,0.282715,0.892943,0.097116,516.010010,3528.000000
499.000000,-178.171463,0.234863,0.090969,0.937744,0.288574,0.894667,0.102020,442.890015,3536.000000
500.000000,-183.785660,0.233643,0.090879,0.936279,0.287109,0.892799,0.101762,474.279999,3573.000000
501.000000,-183.411224,0.236816,0.093869,0.936768,0.291260,0.892722,0.104653,464.790009,3556.000000
502.000000,-170.835098,0.238525,0.094148,0.936768,0.293701,0.892111,0.105286,420.459991,3565.000000
503.000000,-191.953690,0.239258,0.094565,0.936523,0.291260,0.891454,0.102513,481.670013,3555.000000
504.000000,-180.723129,0.239502,0.093785,0.938477,0.291260,0.892616,0.102016,456.809998,3539.000000
505.000000,-189.291901,0.239258,0.090797,0.932617,0.291504,0.886039,0.100308,480.649994,3537.000000
506.000000,-161.666122,0.238281,0.090862,0.927979,0.287598,0.883262,0.098092,395.000000,3536.000000
507.000000,-175.075363,0.233887,0.088695,0.925049,0.284668,0.880083,0.097679,443.260010,3539.000000
508.000000,-190.082077,0.232178,0.086276,0.927002,0.283447,0.882999,0.095686,463.029999,3536.000000
509.000000,-181.751877,0.231934,0.086731,0.930908,0.283691,0.886839,0.096178,463.029999,3548.000000
510.000000,-186.834869,0.232666,0.088757,0.931396,0.283936,0.887256,0.097268,466.290009,3537.000000
511.000000,-187.379623,0.232910,0.089320,0.930664,0.284180,0.886686,0.098167,461.510010,3543.000000
512.000000,-197.498718,0.234863,0.090310,0.931885,0.284668,0.888282,0.098236,494.890015,3537.000000
513.000000,-177.294159,0.232666,0.089825,0.928955,0.282715,0.885873,0.098506,454.750000,3454.000000
514.000000,-194.295898,0.235840,0.089997,0.927979,0.287598,0.884976,0.099287,494.230011,3517.000000
515.000000,-180.356857,0.235596,0.089388,0.932861,0.288330,0.889113,0.098824,460.690002,3505.000000
516.000000,-181.566147,0.233887,0.087987,0.933350,0.286865,0.890413,0.097852,452.630005,3507.000000
517.000000,-170.274429,0.235352,0.088528,0.935059,0.288086,0.892320,0.097995,424.790009,3527.000000
518.000000,-180.245667,0.236816,0.090236,0.932129,0.288330,0.889647,0.098585,460.059998,3540.000000
519.000000,-185.753265,0.241211,0.093631,0.934326,0.293945,0.891558,0.103797,478.519989,3545.000000
520.000000,-185.799622,0.242432,0.094331,0.934814,0.295166,0.890841,0.104959,473.510010,3545.000000
521.000000,-175.770233,0.237549,0.092256,0.929443,0.289062,0.885191,0.102373,446.859985,3511.000000
522.000000,-179.137711,0.237549,0.091298,0.930420,0.291992,0.885350,0.103250,460.109985,3530.000000
523.000000,-160.168625,0.234375,0.087740,0.929199,0.289062,0.883452,0.100288,409.089996,3538.000000
524.000000,-164.124130,0.230957,0.085564,0.931152,0.284912,0.885143,0.097408,413.320007,3551.000000
525.000000,-184.712753,0.231201,0.084556,0.931641,0.285645,0.885220,0.096453,457.799988,3540.000000
526.000000,-183.357361,0.230713,0.082721,0.930908,0.283203,0.885634,0.093384,440.059998,3536.000000
527.000000,-158.951004,0.229248,0.081286,0.930420,0.281494,0.884906,0.091757,395.329987,3547.000000
528.000000,-201.078339,0.230225,0.081475,0.934570,0.282227,0.888924,0.091406,494.799988,3539.000000
529.000000,-162.528366,0.232910,0.084983,0.935547,0.286133,0.890655,0.095115,403.299988,3538.000000
530.000000,-162.868896,0.230225,0.084616,0.932129,0.284424,0.887677,0.095550,403.880005,3526.000000
531.000000,-150.257019,0.229004,0.084421,0.932861,0.283203,0.888697,0.095248,376.450012,3524.000000
532.000000,-193.692398,0.231201,0.085055,0.931641,0.287354,0.887437,0.097035,478.149994,3512.000000
533.000000,-194.324585,0.233887,0.086703,0.933594,0.287598,0.888965,0.096829,486.799988,3508.000000
534.000000,-186.467499,0.233398,0.086161,0.931885,0.286865,0.886983,0.096362,465.029999,3503.000000
535.000000,-166.715454,0.231934,0.085627,0.932617,0.285645,0.887385,0.095860,420.420013,3526.000000
536.000000,-181.741592,0.233887,0.088584,0.932861,0.287598,0.887670,0.098547,448.470001,3497.000000
537.000000,-160.390549,0.233154,0.088527,0.929443,0.287109,0.884047,0.098240,403.450012,3481.000000
538.000000,-189.558640,0.234375,0.088763,0.929932,0.289307,0.885274,0.098897,471.089996,3452.000000
539.000000,-186.991684,0.237793,0.091165,0.933350,0.292480,0.888227,0.100895,471.269989,3468.000000
540.000000,-165.958160,0.239014,0.090741,0.935303,0.293457,0.889695,0.100231,428.839996,3456.000000
541.000000,-186.039154,0.235596,0.087973,0.929688,0.289307,0.883659,0.096993,470.489990,3483.000000
542.000000,-182.122681,0.234131,0.087084,0.928223,0.288330,0.883134,0.096351,444.579987,3424.000000
543.000000,-191.620224,0.234863,0.087176,0.927490,0.290283,0.882808,0.097739,491.859985,3440.000000
544.000000,-185.022751,0.237305,0.087441,0.936523,0.291504,0.892517,0.096662,461.049988,3408.000000
545.000000,-176.508469,0.234619,0.086654,0.936523,0.289062,0.892524,0.096085,443.519989,3430.000000
546.000000,-178.136368,0.229980,0.084122,0.934326,0.284180,0.890817,0.094092,442.640015,3496.000000
547.000000,-181.749252,0.229980,0.084542,0.934570,0.284424,0.890256,0.093850,462.109985,3489.000000
548.000000,-187.007523,0.229980,0.083485,0.935059,0.286377,0.890022,0.094265,477.029999,3464.000000
549.000000,-207.013138,0.232178,0.085090,0.933350,0.289062,0.887848,0.096346,527.609985,3512.000000
550.000000,-186.680481,0.232666,0.087178,0.934326,0.288086,0.889295,0.096870,469.559998,3545.000000
551.000000,-198.699860,0.235107,0.086315,0.937744,0.290039,0.892164,0.095457,499.670013,3554.000000
552.000000,-177.198502,0.233887,0.087829,0.931885,0.287842,0.887020,0.096249,447.380005,3540.000000
553.000000,-177.246567,0.234131,0.087356,0.929932,0.289307,0.884731,0.097710,441.170013,3547.000000
554.000000,-170.211029,0.235840,0.089928,0.929688,0.291260,0.884779,0.100362,417.320007,3539.000000
555.000000,-160.250732,0.237305,0.089941,0.936768,0.293213,0.891860,0.100344,399.850006,3505.000000
556.000000,-151.042892,0.234619,0.089280,0.938232,0.291260,0.893392,0.099888,379.209991,3529.000000
557.000000,-173.690201,0.230713,0.085291,0.935059,0.288574,0.890084,0.096577,437.549988,3545.000000
558.000000,-189.417511,0.232178,0.086565,0.933350,0.289795,0.887485,0.097758,479.200012,3559.000000
559.000000,-145.387527,0.230957,0.086478,0.931641,0.287598,0.885983,0.097935,345.739990,3543.000000
560.000000,-178.891357,0.229248,0.083147,0.932373,0.286133,0.886969,0.096492,426.339996,3546.000000
561.000000,-175.083786,0.230469,0.086035,0.936523,0.288574,0.890161,0.100312,448.359985,3538.000000
562.000000,-188.525711,0.233154,0.088734,0.938477,0.289307,0.891564,0.100960,473.989990,3510.000000
563.000000,-182.648605,0.235840,0.090847,0.933350,0.291016,0.886852,0.102175,465.829987,3516.000000
564.000000,-170.212173,0.235840,0.090051,0.929932,0.291504,0.884962,0.101845,407.130005,3508.000000
565.000000,-171.611542,0.237549,0.090104,0.931152,0.291748,0.886869,0.100257,422.989990,3505.000000
566.000000,-178.002014,0.235596,0.090136,0.926758,0.289795,0.882694,0.101013,446.290009,3501.000000
567.000000,-178.976440,0.235840,0.090827,0.930420,0.289551,0.885769,0.100609,456.390015,3508.000000
568.000000,-180.820480,0.236816,0.091817,0.932373,0.290039,0.888734,0.101621,451.649994,3513.000000
569.000000,-187.172852,0.234863,0.090750,0.931152,0.287842,0.887811,0.101022,467.820007,3514.000000
570.000000,-194.955505,0.236816,0.090406,0.935059,0.291016,0.890628,0.102235,500.820007,3514.000000
571.000000,-213.811417,0.239014,0.090389,0.941406,0.291504,0.896422,0.101034,539.880005,3528.000000
572.000000,-195.016220,0.239990,0.091758,0.938232,0.292480,0.893174,0.102612,497.540009,3531.000000
573.000000,-174.991257,0.241211,0.093030,0.935059,0.294434,0.889706,0.104700,447.730011,3517.000000
574.000000,-171.158066,0.238770,0.091644,0.933350,0.291504,0.888147,0.102022,440.049988,3515.000000
575.000000,-174.765884,0.237793,0.088989,0.932129,0.290771,0.887093,0.099013,449.899994,3534.000000
576.000000,-147.101807,0.234863,0.088898,0.929199,0.287109,0.884086,0.098577,371.299988,3511.000000
577.000000,-169.024521,0.239258,0.091120,0.933350,0.291016,0.887644,0.101049,432.720001,3417.000000
578.000000,-167.744171,0.239258,0.091388,0.937744,0.290039,0.892253,0.100425,422.859985,3517.000000
579.000000,-155.075043,0.236572,0.090547,0.936768,0.287842,0.890810,0.100892,397.540009,3520.000000
580.000000,-184.249863,0.235107,0.089391,0.929688,0.286621,0.883754,0.099901,464.519989,3532.000000
581.000000,-168.704987,0.234863,0.089296,0.928467,0.287842,0.882878,0.101408,411.000000,3527.000000
582.000000,-182.912430,0.233643,0.086862,0.930420,0.288086,0.884955,0.099965,451.410004,3534.000000
583.000000,-188.488541,0.234375,0.088058,0.930176,0.286621,0.884132,0.098978,485.369995,3513.000000
584.000000,-182.674393,0.234863,0.087640,0.933594,0.285400,0.887697,0.097111,463.529999,3512.000000
585.000000,-172.944824,0.235840,0.087886,0.933105,0.285889,0.886952,0.097883,439.059998,3460.000000
586.000000,-166.298553,0.236084,0.088847,0.934570,0.285889,0.888524,0.098628,425.640015,3471.000000
587.000000,-166.704071,0.231934,0.086882,0.928955,0.280762,0.882738,0.096022,418.480011,3504.000000
588.000000,-174.254868,0.228760,0.085913,0.925293,0.278076,0.879305,0.096260,436.130005,3509.000000
589.000000,-175.115265,0.227539,0.084400,0.926025,0.276123,0.880289,0.093559,437.309998,3498.000000
590.000000,-190.349182,0.230957,0.084960,0.933105,0.280762,0.887383,0.095962,484.200012,3502.000000
591.000000,-173.587585,0.231445,0.085725,0.932861,0.281738,0.886845,0.097314,426.970001,3515.000000
592.000000,-190.627838,0.234375,0.086057,0.937500,0.283203,0.891101,0.096458,480.059998,3509.000000
593.000000,-181.884430,0.233643,0.085986,0.935303,0.283936,0.888890,0.097232,449.559998,3511.000000
594.000000,-162.570618,0.234375,0.088061,0.935059,0.283691,0.888731,0.098596,410.100006,3517.000000
595.000000,-155.379242,0.231934,0.086665,0.934082,0.281494,0.888185,0.097477,389.730011,3509.000000
596.000000,-151.762482,0.231934,0.085533,0.934326,0.281738,0.889734,0.096346,372.790009,3524.000000
597.000000,-173.826202,0.234375,0.088042,0.932861,0.284424,0.887937,0.098946,439.359985,3519.000000
598.000000,-165.042435,0.234131,0.087592,0.936279,0.284180,0.891120,0.098572,426.720001,3486.000000
599.000000,-176.385910,0.236572,0.090711,0.935791,0.286133,0.890371,0.101363,450.190002,3491.000000
600.000000,-161.499496,0.238525,0.091557,0.935547,0.288086,0.890287,0.101824,398.529999,3551.000000
601.000000,-163.815323,0.243164,0.095511,0.936035,0.292236,0.890426,0.105979,410.209991,3522.000000
602.000000,-173.092972,0.244873,0.095661,0.935547,0.292969,0.889662,0.106360,438.589996,3510.000000
603.000000,-183.954910,0.243652,0.092356,0.939453,0.292725,0.892573,0.103953,471.980011,3528.000000
604.000000,-176.667480,0.242676,0.091599,0.937744,0.290771,0.890294,0.103034,454.049988,3502.000000
605.000000,-161.509308,0.243652,0.091115,0.940186,0.291748,0.892408,0.101617,409.040009,3534.000000
606.000000,-166.063263,0.243896,0.091219,0.937988,0.291992,0.890040,0.102375,398.750000,3502.000000
607.000000,-159.706497,0.242432,0.090576,0.935059,0.290039,0.886817,0.101653,377.899994,3523.000000
608.000000,-162.764481,0.240479,0.089901,0.934570,0.288086,0.886671,0.100451,401.630005,3511.000000
609.000000,-158.216141,0.241699,0.090832,0.939209,0.286865,0.891197,0.099463,385.880005,3522.000000
610.000000,-180.363602,0.243164,0.091109,0.936035,0.289062,0.886793,0.100379,442.350006,3514.000000
611.000000,-174.495331,0.243164,0.089482,0.937500,0.291748,0.888116,0.101410,441.359985,3513.000000
612.000000,-168.484268,0.242676,0.090260,0.937744,0.289062,0.888271,0.100038,420.049988,3509.000000
613.000000,-175.030945,0.243652,0.089740,0.937744,0.291504,0.888077,0.100655,442.019989,3519.000000
614.000000,-155.475388,0.240967,0.087307,0.934814,0.287842,0.885953,0.098090,379.630005,3527.000000
615.000000,-179.098434,0.242432,0.088033,0.929932,0.289062,0.882716,0.099005,453.019989,3519.000000
616.000000,-164.743912,0.240723,0.086632,0.928467,0.287354,0.881518,0.097628,420.350006,3520.000000
617.000000,-172.127670,0.240967,0.085562,0.931152,0.288574,0.884723,0.097118,430.720001,3518.000000
618.000000,-166.346771,0.243164,0.088783,0.935303,0.291748,0.888491,0.100135,417.410004,3547.000000
619.000000,-183.780701,0.241943,0.087414,0.938965,0.291260,0.891954,0.099940,461.869995,3555.000000
620.000000,-170.244263,0.237061,0.084914,0.931641,0.284912,0.885559,0.096260,432.649994,3544.000000
621.000000,-182.440277,0.236328,0.085249,0.931396,0.284180,0.885971,0.096159,455.100006,3560.000000
622.000000,-179.695190,0.237549,0.087682,0.928711,0.286865,0.883360,0.099676,451.720001,3547.000000
623.000000,-208.387192,0.240967,0.091260,0.933105,0.291016,0.887073,0.103331,518.770020,3518.000000
624.000000,-176.228943,0.237305,0.089681,0.927246,0.286865,0.880781,0.100785,437.220001,3498.000000
625.000000,-187.216049,0.234863,0.088077,0.927734,0.285400,0.880719,0.099972,489.019989,3506.000000
626.000000,-187.478546,0.233154,0.086811,0.928955,0.283203,0.881037,0.097561,462.899994,3520.000000
627.000000,-158.065430,0.233398,0.087232,0.933838,0.284424,0.885749,0.098490,397.609985,3512.000000
628.000000,-175.452179,0.227783,0.084037,0.935059,0.279053,0.886874,0.095618,443.320007,3531.000000
629.000000,-191.902466,0.229248,0.084386,0.937500,0.280029,0.888715,0.095815,477.829987,3520.000000
630.000000,-179.703186,0.229736,0.084418,0.932373,0.281982,0.883980,0.096255,443.899994,3522.000000
631.000000,-165.937042,0.229492,0.083161,0.938721,0.282227,0.890121,0.095314,412.760010,3514.000000
632.000000,-175.151398,0.230957,0.083091,0.940918,0.284424,0.891350,0.095649,446.980011,3524.000000
633.000000,-185.039185,0.230469,0.083532,0.938477,0.283936,0.887718,0.096514,473.510010,3498.000000
634.000000,-191.497253,0.228760,0.080820,0.937988,0.281494,0.887406,0.092767,486.589996,3514.000000
635.000000,-189.024445,0.225098,0.079990,0.932617,0.280029,0.882165,0.093325,465.899994,3491.000000
636.000000,-192.045959,0.225830,0.081436,0.931396,0.281738,0.880449,0.095205,478.130005,3497.000000
637.000000,-191.629303,0.229248,0.082719,0.930420,0.284180,0.881262,0.096033,489.769989,3531.000000
638.000000,-168.878708,0.225098,0.082195,0.925781,0.279785,0.876550,0.096406,425.739990,3519.000000
639.000000,-168.082626,0.231445,0.084011,0.925537,0.284424,0.876897,0.096880,434.980011,3525.000000
640.000000,-192.910751,0.236084,0.085307,0.931641,0.288574,0.883631,0.097683,487.899994,3529.000000
641.000000,-194.626511,0.238525,0.088922,0.932617,0.291504,0.885271,0.101442,483.260010,3422.000000
642.000000,-206.689224,0.236572,0.086934,0.927979,0.287109,0.881078,0.098618,507.420013,3515.000000
643.000000,-205.278152,0.237305,0.086666,0.928711,0.288818,0.881254,0.099517,507.869995,3525.000000
644.000000,-180.191910,0.236572,0.086974,0.931885,0.289307,0.884271,0.100598,439.630005,3526.000000
645.000000,-193.530304,0.238770,0.089172,0.934814,0.291260,0.888095,0.102350,464.959991,3534.000000
646.000000,-205.767456,0.241455,0.090408,0.934082,0.292969,0.887003,0.102979,524.210022,3531.000000
647.000000,-188.996063,0.239746,0.089353,0.933594,0.291016,0.886341,0.101988,471.739990,3530.000000
648.000000,-181.379440,0.239014,0.090324,0.929443,0.291016,0.882534,0.103250,448.559998,3530.000000
649.000000,-168.142609,0.237305,0.088982,0.928467,0.290283,0.880998,0.102658,426.529999,3532.000000
650.000000,-172.279037,0.238525,0.091601,0.929199,0.290283,0.882476,0.103874,434.690002,3528.000000
651.000000,-165.913620,0.235352,0.087878,0.929932,0.287354,0.882849,0.100629,413.059998,3538.000000
652.000000,-171.119019,0.238037,0.090899,0.933838,0.291016,0.886842,0.104551,422.980011,3518.000000
653.000000,-201.220367,0.238525,0.091369,0.938477,0.291504,0.892041,0.105093,509.339996,3519.000000
654.000000,-185.289688,0.239746,0.091598,0.935059,0.292969,0.888134,0.105650,462.589996,3514.000000
655.000000,-172.809982,0.242676,0.095222,0.935303,0.295410,0.889073,0.107574,431.410004,3510.000000
656.000000,-199.357849,0.244873,0.094620,0.935303,0.297607,0.889254,0.106770,480.640015,3508.000000
657.000000,-214.609848,0.245361,0.093036,0.935303,0.298828,0.888998,0.106029,531.590027,3514.000000
658.000000,-177.786530,0.245605,0.092872,0.937012,0.298828,0.890735,0.104357,441.760010,3490.000000
659.000000,-181.755814,0.244385,0.088371,0.934082,0.297119,0.888216,0.100547,462.489990,3504.000000
660.000000,-197.752655,0.247559,0.089878,0.936768,0.300537,0.891653,0.102083,502.679993,3503.000000
661.000000,-190.925690,0.249756,0.090787,0.932373,0.303955,0.886881,0.104466,478.309998,3505.000000
662.000000,-172.719925,0.247803,0.089835,0.934082,0.302246,0.888159,0.103315,425.570007,3444.000000
663.000000,-155.204620,0.245605,0.090374,0.931396,0.299805,0.885309,0.103515,382.470001,3503.000000
664.000000,-170.895523,0.238770,0.087914,0.927002,0.292725,0.881571,0.100041,425.529999,3521.000000
665.000000,-158.066330,0.239258,0.089571,0.925293,0.292969,0.880728,0.102520,380.739990,3537.000000
666.000000,-191.970169,0.242676,0.090583,0.926514,0.294922,0.882618,0.102431,479.989990,3521.000000
667.000000,-193.878448,0.243652,0.092499,0.931885,0.295898,0.888739,0.104221,482.130005,3546.000000
668.000000,-179.342529,0.243896,0.090800,0.937744,0.295898,0.894915,0.102846,454.200012,3546.000000
669.000000,-185.024811,0.241943,0.087996,0.934814,0.291992,0.892379,0.098233,462.160004,3565.000000
670.000000,-168.401733,0.242432,0.088178,0.935059,0.293213,0.892484,0.098749,421.450012,3558.000000
671.000000,-166.840530,0.243164,0.086861,0.934814,0.293945,0.892368,0.097866,416.100006,3577.000000
672.000000,-171.047287,0.243408,0.087194,0.935791,0.294922,0.893388,0.099092,435.920013,3566.000000
673.000000,-183.699371,0.244873,0.088019,0.938721,0.296387,0.896159,0.099965,469.730011,3570.000000
674.000000,-186.973480,0.246338,0.090236,0.937500,0.296631,0.894461,0.100798,476.230011,3562.000000
675.000000,-183.002869,0.245605,0.090072,0.932617,0.295166,0.889684,0.100562,455.309998,3555.000000
676.000000,-190.853958,0.247559,0.090279,0.935791,0.298828,0.892539,0.101663,486.609985,3567.000000
677.000000,-179.322464,0.245605,0.088567,0.936035,0.297363,0.892318,0.099951,463.260010,3570.000000
678.000000,-172.515762,0.244141,0.089177,0.933594,0.295166,0.890359,0.100552,418.630005,3555.000000
679.000000,-160.270660,0.242188,0.089873,0.929932,0.292480,0.886725,0.100632,389.880005,3555.000000
680.000000,-165.906509,0.240479,0.088513,0.928223,0.293213,0.885537,0.101065,411.980011,3562.000000
681.000000,-175.937469,0.243408,0.090264,0.933838,0.294922,0.890399,0.100828,447.809998,3561.000000
682.000000,-185.432236,0.243164,0.088581,0.934082,0.293945,0.891228,0.098865,463.839996,3564.000000
683.000000,-175.645126,0.243164,0.086313,0.932861,0.291748,0.891279,0.096843,447.440002,3563.000000
684.000000,-169.415222,0.240234,0.083264,0.931152,0.289551,0.889254,0.094280,419.190002,3547.000000
685.000000,-156.180252,0.240967,0.084805,0.934570,0.289307,0.893021,0.094660,389.450012,3547.000000
686.000000,-162.157074,0.241943,0.085931,0.937744,0.290771,0.896251,0.096521,412.190002,3544.000000
687.000000,-186.906952,0.241455,0.085660,0.936768,0.289551,0.895945,0.095386,468.109985,3572.000000
688.000000,-174.064804,0.243408,0.087545,0.934326,0.290527,0.893790,0.096506,440.750000,3568.000000
689.000000,-193.688980,0.242188,0.087837,0.937744,0.290527,0.896447,0.098559,480.429993,3561.000000
690.000000,-182.174637,0.242432,0.087825,0.935547,0.291992,0.893454,0.099712,461.779999,3546.000000
691.000000,-181.531143,0.241211,0.088830,0.933105,0.289307,0.891651,0.099819,460.369995,3536.000000
692.000000,-168.936447,0.241455,0.088679,0.929932,0.288818,0.888292,0.098562,431.010010,3555.000000
693.000000,-192.228226,0.242432,0.087846,0.932129,0.291016,0.890289,0.099197,498.010010,3544.000000
694.000000,-191.724289,0.242432,0.088369,0.934082,0.291748,0.892468,0.100444,493.760010,3547.000000
695.000000,-168.745651,0.242188,0.088851,0.931152,0.291504,0.890112,0.101164,414.089996,3561.000000
696.000000,-167.899536,0.243896,0.091195,0.932129,0.293213,0.891174,0.102455,418.170013,3580.000000
697.000000,-179.547150,0.244873,0.090874,0.935303,0.294922,0.893867,0.102439,450.239990,3565.000000
698.000000,-175.545563,0.242432,0.089418,0.936035,0.295654,0.893265,0.103101,455.369995,3536.000000
699.000000,-193.372177,0.245605,0.091997,0.932861,0.297363,0.890616,0.104187,500.100006,3552.000000
700.000000,-181.155380,0.242676,0.091115,0.926025,0.294678,0.884740,0.103285,457.540009,3521.000000
701.000000,-156.228470,0.243896,0.091772,0.927246,0.295654,0.885847,0.103187,389.440002,3529.000000
702.000000,-159.425980,0.245117,0.093842,0.931885,0.295410,0.890330,0.103261,403.880005,3513.000000
703.000000,-170.103104,0.243408,0.092047,0.934326,0.293945,0.892848,0.101682,431.290009,3523.000000
704.000000,-160.930847,0.243408,0.092764,0.933594,0.293945,0.891499,0.102176,406.049988,3534.000000
705.000000,-185.339111,0.240967,0.089438,0.932617,0.293701,0.889928,0.101468,465.920013,3427.000000
706.000000,-177.236023,0.244141,0.089761,0.932373,0.295654,0.890679,0.101651,435.839996,3539.000000
707.000000,-171.234451,0.248047,0.090513,0.935059,0.301270,0.893120,0.103763,434.059998,3479.000000
708.000000,-175.336990,0.247070,0.089197,0.935547,0.298828,0.893748,0.101262,436.510010,3570.000000
709.000000,-171.719604,0.249268,0.091884,0.936279,0.300293,0.895607,0.103048,425.700012,3570.000000
710.000000,-163.814041,0.248535,0.091715,0.934570,0.298828,0.893815,0.101595,414.679993,3554.000000
711.000000,-174.923798,0.248291,0.091992,0.935059,0.299072,0.894676,0.101875,427.140015,3563.000000
712.000000,-189.942108,0.248535,0.091440,0.935303,0.299805,0.894694,0.101662,463.660004,3554.000000
713.000000,-170.890015,0.246582,0.090725,0.932373,0.296631,0.892230,0.099768,436.399994,3566.000000
714.000000,-164.483826,0.245117,0.089765,0.931152,0.295898,0.891442,0.099236,412.859985,3559.000000
715.000000,-173.753403,0.242188,0.087550,0.930908,0.292236,0.891384,0.096832,427.709991,3551.000000
716.000000,-176.351562,0.243652,0.086905,0.933838,0.293457,0.894322,0.095619,440.760010,3569.000000
717.000000,-152.733505,0.241211,0.085512,0.932373,0.291992,0.892938,0.094946,380.410004,3566.000000
718.000000,-151.259552,0.239258,0.084306,0.935791,0.288818,0.896377,0.092659,387.010010,3563.000000
719.000000,-158.602539,0.241211,0.086867,0.935059,0.291016,0.895982,0.095262,394.399994,3557.000000
720.000000,-175.866333,0.239502,0.087209,0.936035,0.289062,0.896172,0.095654,430.130005,3563.000000
721.000000,-171.033646,0.237793,0.086534,0.935059,0.288086,0.894902,0.095186,430.720001,3574.000000
722.000000,-160.894516,0.236084,0.086150,0.932373,0.288330,0.893023,0.096778,394.940002,3573.000000
723.000000,-171.518295,0.238770,0.088056,0.937012,0.290771,0.897092,0.098104,430.359985,3572.000000
724.000000,-165.041962,0.234375,0.084924,0.934082,0.284912,0.893646,0.093994,424.059998,3556.000000
725.000000,-167.770691,0.232178,0.084653,0.931885,0.282227,0.891634,0.093612,413.359985,3561.000000
726.000000,-188.771637,0.231201,0.082087,0.929932,0.281982,0.889778,0.092478,471.859985,3562.000000
727.000000,-167.985703,0.231934,0.082992,0.931885,0.282471,0.891572,0.093617,427.630005,3560.000000
728.000000,-159.837372,0.230713,0.084124,0.933105,0.279541,0.893415,0.093553,399.070007,3568.000000
729.000000,-179.722885,0.230713,0.086723,0.931396,0.280029,0.892080,0.097550,452.149994,3555.000000
730.000000,-171.906738,0.235596,0.091674,0.937988,0.284424,0.897917,0.102494,431.070007,3579.000000
731.000000,-190.520142,0.240234,0.094593,0.937744,0.288574,0.899049,0.105497,467.970001,3558.000000
732.000000,-189.626663,0.236572,0.092571,0.936035,0.284180,0.897623,0.102920,473.220001,3555.000000
733.000000,-161.490921,0.233887,0.092079,0.930420,0.280518,0.892130,0.101752,406.339996,3567.000000
734.000000,-154.128128,0.233887,0.091477,0.931152,0.281738,0.893396,0.101594,390.480011,3559.000000
735.000000,-158.214478,0.234619,0.090346,0.938232,0.282227,0.901192,0.099959,404.390015,3547.000000
736.000000,-174.463104,0.237793,0.094051,0.938232,0.285400,0.901446,0.103054,442.820007,3508.000000
737.000000,-186.248245,0.242188,0.095212,0.937500,0.288086,0.901505,0.103263,472.260010,3560.000000
738.000000,-194.816116,0.243896,0.093418,0.939453,0.290771,0.903076,0.102937,499.119995,3562.000000
739.000000,-190.932236,0.244873,0.093043,0.942139,0.290527,0.905299,0.102472,480.679993,3563.000000
740.000000,-211.277496,0.248779,0.095139,0.942871,0.293213,0.905350,0.103577,540.900024,3573.000000
741.000000,-204.879608,0.251953,0.095677,0.942627,0.297852,0.904474,0.105621,514.559998,3557.000000
742.000000,-188.257278,0.251221,0.094482,0.943359,0.294434,0.905297,0.102481,451.920013,3555.000000
743.000000,-186.650009,0.252930,0.093798,0.941406,0.295898,0.902926,0.101901,452.079987,3571.000000
744.000000,-163.529755,0.253906,0.094227,0.940674,0.296387,0.903315,0.102671,397.029999,3568.000000
745.000000,-166.468597,0.250732,0.094489,0.933838,0.292969,0.897058,0.102911,404.600006,3579.000000
746.000000,-192.845093,0.253174,0.095500,0.932373,0.293701,0.896287,0.102218,481.899994,3565.000000
747.000000,-178.698578,0.251221,0.094183,0.935059,0.293945,0.899035,0.103464,442.760010,3560.000000
748.000000,-186.608551,0.250977,0.095621,0.934570,0.294678,0.898711,0.105489,453.790009,3562.000000
749.000000,-179.255280,0.250488,0.094870,0.934570,0.293945,0.898450,0.104260,453.690002,3564.000000
750.000000,-176.055344,0.250244,0.092550,0.935791,0.294678,0.898893,0.102119,447.670013,3580.000000
751.000000,-174.623322,0.249512,0.090828,0.936279,0.294678,0.898913,0.100754,440.980011,3577.000000
752.000000,-177.030121,0.252197,0.091840,0.939209,0.298096,0.900914,0.102603,442.459991,3556.000000
753.000000,-192.754913,0.251709,0.091473,0.932617,0.298096,0.894781,0.102618,490.839996,3574.000000
754.000000,-179.435074,0.251709,0.091427,0.931885,0.296875,0.893859,0.101568,454.959991,3581.000000
755.000000,-165.391495,0.248291,0.089603,0.931396,0.293457,0.893638,0.099139,408.309998,3558.000000
756.000000,-176.384491,0.248779,0.089914,0.932373,0.294678,0.894016,0.099634,425.760010,3531.000000
757.000000,-172.160004,0.250732,0.091191,0.932861,0.297607,0.893893,0.101472,426.089996,3564.000000
758.000000,-183.679001,0.247559,0.088908,0.934570,0.292969,0.895526,0.097665,465.089996,3550.000000
759.000000,-166.679626,0.245850,0.089812,0.930176,0.291748,0.891953,0.098799,409.769989,3568.000000
760.000000,-164.992157,0.244873,0.087928,0.929688,0.290527,0.891328,0.096914,417.260010,3566.000000
761.000000,-190.205795,0.247559,0.090823,0.929199,0.293701,0.891837,0.100449,471.640015,3547.000000
762.000000,-187.689087,0.243408,0.089278,0.927002,0.289307,0.889400,0.098876,469.220001,3548.000000
763.000000,-188.938110,0.240723,0.089084,0.921875,0.287598,0.884577,0.099241,475.089996,3567.000000
764.000000,-185.604218,0.241455,0.087696,0.926270,0.288086,0.889001,0.097721,459.019989,3562.000000
765.000000,-176.504471,0.241943,0.090896,0.929688,0.290039,0.892374,0.101049,446.190002,3548.000000
766.000000,-180.041275,0.243652,0.093296,0.933594,0.290771,0.895159,0.102225,456.459991,3556.000000
767.000000,-173.101456,0.239990,0.089896,0.931885,0.287842,0.893444,0.098339,429.019989,3565.000000
768.000000,-178.891525,0.241455,0.090098,0.930176,0.289795,0.890478,0.099001,446.510010,3552.000000
769.000000,-166.141357,0.243652,0.091658,0.931396,0.293213,0.890994,0.101158,415.739990,3476.000000
770.000000,-170.748978,0.244629,0.092243,0.935547,0.294189,0.892843,0.101672,432.700012,3553.000000
771.000000,-174.417114,0.238525,0.088026,0.930908,0.288574,0.888521,0.098216,435.500000,3554.000000
772.000000,-184.543213,0.240967,0.088914,0.930420,0.291016,0.888094,0.099272,456.100006,3572.000000
773.000000,-192.320053,0.244629,0.090593,0.927002,0.293945,0.886418,0.101428,479.260010,3574.000000
774.000000,-186.934113,0.244385,0.090421,0.929443,0.295654,0.889819,0.102866,474.779999,3556.000000
775.000000,-176.925385,0.240234,0.087749,0.929932,0.289795,0.890170,0.098734,461.190002,3566.000000
776.000000,-191.387711,0.242432,0.088986,0.935547,0.291260,0.895903,0.098577,475.769989,3564.000000
777.000000,-178.827118,0.241943,0.087563,0.937988,0.291748,0.898448,0.098558,444.549988,3570.000000
778.000000,-181.424194,0.240479,0.087729,0.938965,0.289307,0.900017,0.097768,473.429993,3555.000000
779.000000,-171.137085,0.241211,0.087360,0.939453,0.291504,0.899609,0.098356,435.010010,3553.000000
780.000000,-207.096603,0.239014,0.086352,0.934570,0.291260,0.895222,0.099097,507.040009,3553.000000
781.000000,-197.716049,0.240723,0.088262,0.936768,0.291504,0.898162,0.099544,481.190002,3567.000000
782.000000,-188.026215,0.236328,0.087134,0.930420,0.288574,0.892005,0.099290,479.149994,3560.000000
783.000000,-177.087494,0.237549,0.087833,0.931396,0.288818,0.892917,0.098790,453.720001,3553.000000
784.000000,-155.033188,0.237793,0.088564,0.934082,0.289307,0.896033,0.100128,393.049988,3556.000000
785.000000,-177.568375,0.235107,0.087931,0.930908,0.288086,0.892534,0.100326,440.480011,3551.000000
786.000000,-188.056305,0.236816,0.089410,0.935547,0.290283,0.897220,0.101426,456.890015,3562.000000
787.000000,-165.453262,0.232666,0.086862,0.934570,0.284180,0.896638,0.097132,413.079987,3558.000000
788.000000,-180.924744,0.230957,0.084103,0.934082,0.283447,0.896454,0.095584,458.190002,3558.000000
789.000000,-196.010071,0.228516,0.081818,0.932617,0.281494,0.894073,0.094195,506.250000,3573.000000
790.000000,-193.704544,0.227539,0.081140,0.931641,0.281250,0.893015,0.094300,488.149994,3571.000000
791.000000,-199.172272,0.226807,0.081873,0.932373,0.278320,0.894419,0.092495,492.239990,3561.000000
792.000000,-168.151566,0.228516,0.082465,0.935791,0.279541,0.897856,0.092640,434.059998,3574.000000
793.000000,-152.755844,0.228271,0.082331,0.941162,0.279541,0.903178,0.092624,392.290009,3566.000000
794.000000,-158.714325,0.230713,0.083299,0.944824,0.281250,0.906340,0.093032,389.679993,3561.000000
795.000000,-172.867386,0.229980,0.082348,0.939209,0.280762,0.901999,0.092449,428.579987,3554.000000
796.000000,-179.249588,0.230957,0.081655,0.938965,0.280762,0.901943,0.091060,441.220001,3564.000000
797.000000,-182.151245,0.231689,0.083087,0.938477,0.283447,0.901072,0.093900,452.820007,3549.000000
798.000000,-176.496811,0.229492,0.082649,0.936523,0.279541,0.898854,0.092081,446.769989,3562.000000
799.000000,-186.094238,0.233154,0.085304,0.937012,0.283203,0.899232,0.094720,457.869995,3551.000000
800.000000,-195.353455,0.236572,0.087426,0.935303,0.285400,0.896783,0.096432,490.109985,3561.000000
801.000000,-175.934814,0.233643,0.085168,0.937500,0.281982,0.898462,0.093904,444.929993,3553.000000
802.000000,-193.548889,0.234619,0.086078,0.937988,0.283691,0.898577,0.095551,480.660004,3549.000000
803.000000,-197.913086,0.236328,0.087343,0.937256,0.286621,0.897379,0.098327,504.809998,3515.000000
804.000000,-169.195282,0.234863,0.087134,0.937256,0.287109,0.897312,0.098692,430.070007,3541.000000
805.000000,-169.375000,0.235107,0.086883,0.936279,0.286621,0.895985,0.098290,429.899994,3542.000000
806.000000,-179.364212,0.233887,0.087978,0.930176,0.284180,0.891258,0.099008,432.730011,3561.000000
807.000000,-195.497467,0.235596,0.088943,0.929932,0.287109,0.892041,0.100691,489.510010,3547.000000
808.000000,-192.627197,0.235840,0.089982,0.928467,0.287354,0.890788,0.101239,491.100006,3561.000000
809.000000,-187.402069,0.232910,0.088574,0.929932,0.283691,0.892523,0.098915,473.130005,3558.000000
810.000000,-171.136124,0.232666,0.089203,0.934082,0.282227,0.895881,0.098740,441.109985,3542.000000
811.000000,-171.141647,0.232666,0.089879,0.931885,0.282959,0.894541,0.100413,433.149994,3532.000000
812.000000,-182.301361,0.231445,0.087957,0.936523,0.283203,0.897978,0.100046,472.190002,3572.000000
813.000000,-184.903336,0.232666,0.089304,0.937744,0.283691,0.898838,0.100958,457.079987,3578.000000
814.000000,-181.436295,0.235596,0.091752,0.938232,0.287842,0.898929,0.103896,445.279999,3568.000000
815.000000,-156.920517,0.236816,0.093451,0.935791,0.287842,0.896877,0.104984,395.339996,3555.000000
816.000000,-171.605957,0.236572,0.093488,0.933594,0.287354,0.895059,0.104187,433.700012,3561.000000
817.000000,-182.165237,0.238281,0.093376,0.935791,0.290283,0.897227,0.105010,464.559998,3553.000000
818.000000,-172.348419,0.240479,0.093842,0.942139,0.291016,0.902991,0.104210,440.260010,3564.000000
819.000000,-169.297394,0.240967,0.092579,0.940674,0.291504,0.901911,0.103569,415.700012,3559.000000
820.000000,-188.527237,0.239258,0.091092,0.939209,0.289551,0.899953,0.101252,452.519989,3514.000000
821.000000,-184.765259,0.241455,0.089647,0.943115,0.293213,0.904126,0.101397,463.799988,3519.000000
822.000000,-166.520996,0.239502,0.088686,0.940918,0.291504,0.902353,0.100332,423.750000,3533.000000
823.000000,-168.178619,0.238281,0.088729,0.937744,0.289062,0.899537,0.099602,427.989990,3559.000000
824.000000,-191.514282,0.237549,0.087410,0.932373,0.288330,0.894671,0.098364,482.160004,3554.000000
825.000000,-190.397293,0.237549,0.085833,0.932129,0.288818,0.894072,0.097447,477.579987,3550.000000
826.000000,-170.670792,0.234863,0.083878,0.931152,0.285400,0.893130,0.095614,433.010010,3556.000000
827.000000,-174.064941,0.234131,0.084467,0.934082,0.283203,0.895771,0.094629,429.809998,3545.000000
828.000000,-166.643448,0.234863,0.084230,0.936523,0.284912,0.898118,0.095059,415.299988,3561.000000
829.000000,-180.454788,0.234375,0.085518,0.934570,0.282715,0.897406,0.095743,446.519989,3563.000000
830.000000,-195.781967,0.233398,0.085395,0.932861,0.280273,0.895440,0.094645,497.130005,3551.000000
831.000000,-187.490387,0.235352,0.085626,0.935791,0.282471,0.897758,0.095144,476.799988,3568.000000
832.000000,-175.370331,0.236572,0.086954,0.936768,0.284912,0.898503,0.097380,444.019989,3426.000000
833.000000,-162.529938,0.237305,0.088392,0.936035,0.284912,0.898223,0.098304,408.440002,3357.000000
834.000000,-160.312271,0.238525,0.086975,0.938965,0.284912,0.900914,0.096061,399.579987,3395.000000
835.000000,-176.567963,0.238770,0.087386,0.939209,0.284668,0.900083,0.095905,447.640015,3447.000000
836.000000,-189.478989,0.239258,0.086880,0.936523,0.286621,0.897975,0.096753,470.600006,3452.000000
837.000000,-190.557602,0.238525,0.085435,0.935547,0.286377,0.896812,0.096104,472.859985,3486.000000
838.000000,-178.464630,0.237793,0.086712,0.935059,0.285400,0.896028,0.096131,444.690002,3449.000000
839.000000,-181.181595,0.238037,0.087725,0.934082,0.287109,0.894506,0.098012,461.910004,3487.000000
840.000000,-183.706894,0.238281,0.089093,0.934814,0.285889,0.894735,0.098074,458.079987,3489.000000
841.000000,-181.457443,0.239990,0.090973,0.936035,0.288818,0.895109,0.101319,445.529999,3457.000000
842.000000,-162.950958,0.238770,0.089663,0.935303,0.287598,0.894598,0.100096,411.929993,3493.000000
843.000000,-148.813431,0.238525,0.089959,0.933838,0.287354,0.892964,0.099554,374.829987,3494.000000
844.000000,-181.957428,0.236572,0.089671,0.932861,0.285156,0.892326,0.099180,445.779999,3443.000000
845.000000,-166.867874,0.233398,0.087990,0.930420,0.282471,0.890695,0.097997,401.799988,3512.000000
846.000000,-154.369720,0.235840,0.088962,0.932617,0.284424,0.893010,0.099455,398.179993,3482.000000
847.000000,-177.631226,0.234131,0.087557,0.931885,0.283203,0.892948,0.098209,457.380005,3445.000000
848.000000,-165.468689,0.234131,0.087496,0.933350,0.282715,0.894074,0.098347,421.230011,3468.000000
849.000000,-188.636719,0.233643,0.086515,0.933838,0.282715,0.894495,0.097483,472.109985,3537.000000
850.000000,-191.121155,0.232178,0.086050,0.934326,0.282715,0.895135,0.098164,485.380005,3473.000000
851.000000,-162.935867,0.232178,0.086739,0.932373,0.282471,0.893579,0.098216,414.010010,3469.000000
852.000000,-170.651016,0.231689,0.088833,0.933350,0.281006,0.893458,0.098734,449.119995,3487.000000
853.000000,-180.698837,0.231934,0.088963,0.934082,0.281250,0.894690,0.098695,454.010010,3487.000000
854.000000,-170.192322,0.230225,0.090291,0.930176,0.279785,0.889620,0.099622,428.980011,3476.000000
855.000000,-166.605515,0.226807,0.088074,0.927734,0.277100,0.887550,0.098256,416.480011,3525.000000
856.000000,-181.520554,0.225586,0.087589,0.929932,0.277344,0.890471,0.099678,457.600006,3509.000000
857.000000,-175.548416,0.224365,0.088112,0.929443,0.275635,0.889810,0.099884,448.410004,3482.000000
858.000000,-164.751114,0.229004,0.089753,0.931396,0.279053,0.891922,0.100245,413.529999,3471.000000
859.000000,-156.736710,0.234375,0.091807,0.935547,0.286133,0.895685,0.103787,400.820007,3441.000000
860.000000,-170.622757,0.236572,0.091520,0.936279,0.289307,0.895356,0.105354,430.260010,3478.000000
861.000000,-175.550430,0.238037,0.093197,0.935303,0.290527,0.893995,0.106247,442.260010,3465.000000
862.000000,-159.773483,0.242676,0.095401,0.935547,0.293457,0.894775,0.107209,398.059998,3468.000000
863.000000,-161.636353,0.239990,0.092772,0.936279,0.292480,0.894807,0.105476,406.489990,3477.000000
864.000000,-173.831116,0.240723,0.091341,0.942627,0.290283,0.901382,0.101343,429.829987,3480.000000
865.000000,-160.761932,0.241455,0.091342,0.941406,0.291748,0.899601,0.102223,400.619995,3466.000000
866.000000,-151.723999,0.244629,0.094369,0.939697,0.292725,0.898783,0.103263,371.690002,3465.000000
867.000000,-166.489853,0.240723,0.089193,0.936035,0.289551,0.894903,0.099171,427.369995,3461.000000
868.000000,-165.420731,0.243652,0.090203,0.936279,0.291504,0.894958,0.099784,417.359985,3463.000000
869.000000,-178.805405,0.246338,0.091830,0.934814,0.294434,0.893198,0.101227,459.950012,3458.000000
870.000000,-167.963135,0.249023,0.093511,0.937500,0.297363,0.896495,0.102406,422.510010,3475.000000
871.000000,-171.388397,0.249756,0.094648,0.935791,0.298828,0.894409,0.103392,425.440002,3460.000000
872.000000,-179.736282,0.247070,0.093839,0.939941,0.296875,0.898136,0.104388,453.880005,3423.000000
873.000000,-174.862793,0.242920,0.091835,0.939697,0.291504,0.897512,0.101106,442.619995,3412.000000
874.000000,-164.680038,0.243896,0.093821,0.935059,0.294434,0.892676,0.104301,416.239990,3461.000000
875.000000,-186.548859,0.242432,0.091240,0.934082,0.291504,0.892130,0.101136,469.540009,3456.000000
876.000000,-188.093918,0.241699,0.089445,0.934326,0.290527,0.892898,0.099715,479.200012,3457.000000
877.000000,-162.948868,0.240479,0.090479,0.935547,0.287842,0.893676,0.099430,421.049988,3407.000000
878.000000,-168.685760,0.242676,0.090388,0.935059,0.290527,0.893148,0.099265,445.890015,3401.000000
879.000000,-178.885056,0.242676,0.088947,0.936279,0.292236,0.894049,0.098876,453.089996,3439.000000
880.000000,-177.443420,0.241943,0.090378,0.937988,0.291016,0.895461,0.099361,451.149994,3465.000000
881.000000,-189.370956,0.240234,0.088131,0.936279,0.289795,0.894698,0.098306,454.429993,3460.000000
882.000000,-169.279495,0.241699,0.090859,0.930664,0.290771,0.889131,0.100950,411.950012,3452.000000
883.000000,-158.444427,0.240479,0.090470,0.932129,0.288818,0.891392,0.100153,396.440002,3522.000000
884.000000,-171.253860,0.239746,0.088482,0.931396,0.289795,0.890565,0.100121,430.160004,3489.000000
885.000000,-173.622742,0.239990,0.089469,0.935059,0.289551,0.893413,0.100199,449.480011,3488.000000
886.000000,-165.924362,0.238525,0.088734,0.932617,0.289307,0.891522,0.100356,423.920013,3477.000000
887.000000,-185.268448,0.237549,0.089983,0.934814,0.287354,0.894665,0.100907,476.149994,3461.000000
888.000000,-188.018646,0.235352,0.089236,0.930664,0.287842,0.891138,0.102773,469.010010,3468.000000
889.000000,-171.289047,0.235107,0.089332,0.932861,0.288330,0.892840,0.103130,434.130005,3472.000000
890.000000,-183.081451,0.234619,0.088387,0.930176,0.287109,0.890782,0.102180,455.299988,3467.000000
891.000000,-198.016632,0.235352,0.087997,0.932861,0.288086,0.893010,0.101851,511.450012,3476.000000
892.000000,-177.232498,0.235107,0.088551,0.930908,0.287598,0.890447,0.101425,453.040009,3489.000000
893.000000,-176.783936,0.235352,0.090837,0.935303,0.285889,0.894506,0.101948,446.160004,3459.000000
894.000000,-176.394211,0.237305,0.092117,0.936523,0.288086,0.895762,0.102697,446.899994,3455.000000
895.000000,-184.285736,0.236572,0.090547,0.935059,0.288574,0.893847,0.102109,476.519989,3512.000000
896.000000,-191.087296,0.237549,0.089701,0.937012,0.288574,0.896043,0.100846,493.440002,3491.000000
897.000000,-194.296295,0.239014,0.090513,0.938477,0.289795,0.897120,0.101279,496.709991,3429.000000
898.000000,-186.571320,0.240967,0.091110,0.940186,0.291260,0.898829,0.100675,466.540009,3484.000000
899.000000,-197.403442,0.242676,0.091275,0.939697,0.293213,0.898322,0.101133,496.829987,3504.000000
900.000000,-192.168442,0.240967,0.089286,0.935547,0.291504,0.894816,0.099241,487.450012,3475.000000
901.000000,-208.510376,0.240967,0.088393,0.935303,0.292725,0.893755,0.099477,521.219971,3515.000000
902.000000,-195.564346,0.236572,0.084656,0.928711,0.286865,0.887837,0.094741,494.970001,3469.000000
903.000000,-184.133423,0.233398,0.083356,0.927246,0.284424,0.885886,0.094242,471.910004,3481.000000
904.000000,-193.378296,0.237793,0.086257,0.934326,0.288818,0.892685,0.096350,485.910004,3477.000000
905.000000,-187.774033,0.241455,0.090490,0.937744,0.292236,0.895972,0.100024,468.890015,3415.000000
906.000000,-177.267517,0.243408,0.092261,0.939941,0.295166,0.897983,0.102712,449.470001,3427.000000
907.000000,-196.588425,0.242676,0.091237,0.935547,0.293701,0.893332,0.101649,501.500000,3463.000000
908.000000,-170.557465,0.239746,0.090357,0.932861,0.290283,0.889971,0.099853,427.850006,3492.000000
909.000000,-174.774063,0.242920,0.092924,0.933838,0.292725,0.890566,0.101760,439.170013,3452.000000
910.000000,-182.836182,0.242676,0.092600,0.933838,0.292480,0.890243,0.101786,425.799988,3469.000000
911.000000,-159.003998,0.242920,0.094054,0.933105,0.292236,0.890391,0.102792,390.239990,3486.000000
912.000000,-189.345474,0.242676,0.092701,0.931641,0.290283,0.889216,0.100030,474.130005,3512.000000
913.000000,-190.896988,0.241943,0.091332,0.933594,0.290527,0.891493,0.100189,488.470001,3522.000000
914.000000,-185.808319,0.241943,0.091087,0.932129,0.290771,0.890607,0.101026,452.019989,3526.000000
915.000000,-197.711380,0.244141,0.093820,0.930664,0.293701,0.888923,0.104288,483.640015,3488.000000
916.000000,-161.847092,0.243164,0.093913,0.928711,0.292725,0.887791,0.104119,410.600006,3525.000000
917.000000,-169.692856,0.242676,0.093015,0.936279,0.294189,0.894019,0.103930,440.609985,3531.000000
918.000000,-167.361801,0.241699,0.093080,0.936279,0.293213,0.893360,0.104483,421.820007,3522.000000
919.000000,-160.008942,0.242676,0.094888,0.940430,0.293457,0.897593,0.105021,397.549988,3557.000000
920.000000,-177.410049,0.243164,0.094832,0.937500,0.292969,0.894851,0.104215,427.119995,3528.000000
921.000000,-176.983887,0.246094,0.095362,0.939209,0.297363,0.896961,0.106644,438.750000,3546.000000
922.000000,-159.354095,0.246582,0.095998,0.936768,0.297607,0.894794,0.106860,400.739990,3558.000000
923.000000,-196.055939,0.248291,0.095960,0.937988,0.298828,0.896167,0.106831,492.940002,3550.000000
924.000000,-179.109589,0.249268,0.097326,0.936523,0.298584,0.894044,0.107033,452.190002,3563.000000
925.000000,-171.176041,0.247314,0.096079,0.933838,0.298340,0.892282,0.106658,442.200012,3563.000000
926.000000,-178.843170,0.250244,0.098418,0.936523,0.300781,0.895276,0.107938,463.119995,3553.000000
927.000000,-167.032089,0.252197,0.100173,0.936035,0.302979,0.895222,0.110257,433.250000,3537.000000
928.000000,-171.791840,0.253662,0.097992,0.939697,0.304932,0.899070,0.108543,418.260010,3547.000000
929.000000,-176.409012,0.251465,0.095037,0.939697,0.302490,0.899458,0.105554,432.290009,3539.000000
930.000000,-176.826675,0.253418,0.096653,0.936768,0.304443,0.895873,0.106706,439.190002,3540.000000
931.000000,-166.812363,0.251709,0.096492,0.934570,0.301758,0.894805,0.105773,412.429993,3552.000000
932.000000,-197.919754,0.252197,0.095925,0.934082,0.302734,0.894006,0.105686,499.190002,3550.000000
933.000000,-186.337463,0.251709,0.094669,0.934326,0.302979,0.893771,0.104975,489.500000,3538.000000
934.000000,-163.855316,0.254150,0.096477,0.936035,0.305420,0.895567,0.106989,428.649994,3541.000000
935.000000,-169.378525,0.250732,0.093657,0.936523,0.303467,0.895921,0.104905,431.260010,3541.000000
936.000000,-189.580811,0.247070,0.091253,0.931885,0.298828,0.892155,0.101909,476.790009,3534.000000
937.000000,-172.977951,0.244385,0.088809,0.932861,0.294922,0.892592,0.098873,445.309998,3512.000000
938.000000,-176.043274,0.246094,0.090528,0.935059,0.297119,0.894186,0.100726,445.600006,3535.000000
939.000000,-172.855347,0.245361,0.092352,0.931152,0.297363,0.889259,0.102936,438.899994,3554.000000
940.000000,-181.389923,0.243164,0.091334,0.930176,0.295410,0.888286,0.102199,451.320007,3534.000000
941.000000,-182.246140,0.245361,0.092977,0.930176,0.296387,0.888317,0.103121,451.559998,3533.000000
942.000000,-194.262299,0.247070,0.093429,0.933105,0.299561,0.890547,0.104172,489.779999,3550.000000
943.000000,-184.070633,0.249268,0.095239,0.937012,0.301270,0.894181,0.105466,463.540009,3558.000000
944.000000,-164.498550,0.246826,0.092860,0.935059,0.297607,0.892350,0.101910,408.410004,3546.000000
945.000000,-161.160034,0.241699,0.089964,0.930176,0.291260,0.887586,0.098135,402.399994,3537.000000
946.000000,-168.911362,0.238525,0.088898,0.928955,0.289551,0.887360,0.098520,409.790009,3509.000000
947.000000,-167.693787,0.239014,0.090862,0.927246,0.291260,0.885283,0.100863,416.829987,3509.000000
948.000000,-185.625305,0.242676,0.092343,0.932129,0.295654,0.890272,0.102868,469.750000,3527.000000
949.000000,-178.220123,0.241943,0.093613,0.926270,0.295898,0.884519,0.105137,459.459991,3515.000000
950.000000,-197.145599,0.245850,0.095268,0.927490,0.300293,0.885378,0.107632,495.100006,3547.000000
951.000000,-187.961227,0.245605,0.095531,0.925293,0.300781,0.883978,0.108750,468.540009,3533.000000
952.000000,-186.089050,0.244385,0.095413,0.930176,0.298096,0.888508,0.106619,463.910004,3560.000000
953.000000,-174.303864,0.243408,0.094202,0.934082,0.296387,0.892530,0.104735,419.049988,3536.000000
954.000000,-194.592865,0.245361,0.096767,0.931396,0.298340,0.890672,0.107089,473.940002,3565.000000
955.000000,-194.708923,0.246826,0.097918,0.930908,0.297607,0.890494,0.106517,487.609985,3563.000000
956.000000,-183.362747,0.249268,0.098443,0.930908,0.300293,0.890582,0.107616,462.799988,3558.000000
957.000000,-171.163193,0.248291,0.096802,0.930908,0.299561,0.890610,0.106528,424.540009,3552.000000
958.000000,-166.890808,0.246338,0.094084,0.935303,0.297363,0.894422,0.103262,424.730011,3552.000000
959.000000,-174.335190,0.247559,0.095110,0.933350,0.299805,0.892477,0.105829,440.619995,3553.000000
960.000000,-174.818619,0.247070,0.092389,0.933838,0.299805,0.892678,0.103630,443.809998,3564.000000
961.000000,-184.376633,0.251465,0.095136,0.932373,0.304688,0.891274,0.106094,471.170013,3446.000000
962.000000,-171.948074,0.249268,0.093864,0.925293,0.302490,0.885633,0.105692,429.369995,3547.000000
963.000000,-182.270309,0.251953,0.095316,0.930908,0.304443,0.890000,0.106609,455.179993,3542.000000
964.000000,-172.859589,0.249756,0.093429,0.928223,0.302734,0.886916,0.104454,436.000000,3555.000000
965.000000,-163.325027,0.251709,0.095460,0.932617,0.304932,0.890850,0.106685,404.140015,3564.000000
966.000000,-151.280441,0.249268,0.093600,0.931641,0.302490,0.889667,0.104251,379.989990,3538.000000
967.000000,-171.737976,0.246826,0.092161,0.927734,0.299316,0.886034,0.102837,433.640015,3516.000000
968.000000,-148.430710,0.244385,0.090609,0.927002,0.297607,0.885115,0.101468,373.489990,3550.000000
969.000000,-184.043152,0.244385,0.089147,0.930176,0.298584,0.888048,0.100429,470.339996,3518.000000
970.000000,-200.505142,0.248291,0.090688,0.932129,0.302490,0.890652,0.101469,490.730011,3536.000000
971.000000,-172.009567,0.248535,0.091884,0.931641,0.302734,0.890356,0.102678,434.019989,3548.000000
972.000000,-175.243912,0.249512,0.092240,0.932617,0.302490,0.891582,0.102245,455.339996,3543.000000
973.000000,-167.873215,0.250977,0.092889,0.930420,0.303711,0.888720,0.102969,428.730011,3545.000000
974.000000,-167.030472,0.250977,0.091616,0.935303,0.304688,0.893318,0.102957,402.559998,3528.000000
975.000000,-177.773819,0.253418,0.093551,0.938477,0.304688,0.896067,0.102854,444.019989,3557.000000
976.000000,-187.504730,0.253662,0.095708,0.934814,0.306641,0.891758,0.106477,482.619995,3540.000000
977.000000,-169.631348,0.251709,0.093949,0.934326,0.304932,0.891496,0.105380,423.510010,3549.000000
978.000000,-168.360809,0.250000,0.093028,0.931641,0.302734,0.888718,0.104365,407.839996,3532.000000
979.000000,-168.100739,0.249756,0.092964,0.930664,0.302490,0.888004,0.104667,409.570007,3525.000000
980.000000,-153.958267,0.248779,0.092880,0.932129,0.301270,0.888688,0.103774,388.130005,3538.000000
981.000000,-171.737305,0.247070,0.092160,0.927490,0.300049,0.884978,0.104074,425.109985,3535.000000
982.000000,-174.678101,0.244629,0.090192,0.926270,0.295166,0.883697,0.100172,445.399994,3562.000000
983.000000,-188.723892,0.246094,0.090396,0.927734,0.298340,0.885754,0.101813,464.709991,3544.000000
984.000000,-181.157761,0.247314,0.091421,0.931641,0.298828,0.889267,0.102679,450.700012,3558.000000
985.000000,-159.396011,0.246826,0.092346,0.931152,0.299072,0.888605,0.104643,397.070007,3459.000000
986.000000,-172.537552,0.245117,0.091753,0.930176,0.298340,0.886978,0.104029,441.170013,3396.000000
987.000000,-173.948013,0.244385,0.090629,0.930908,0.297607,0.887925,0.102714,429.320007,3421.000000
988.000000,-167.884155,0.243896,0.091500,0.931641,0.296631,0.889383,0.102447,422.190002,3446.000000
989.000000,-160.348083,0.244873,0.091450,0.934814,0.297363,0.893298,0.102491,403.149994,3469.000000
990.000000,-171.377151,0.243652,0.092339,0.932861,0.294922,0.891820,0.102460,432.660004,3487.000000
991.000000,-182.887833,0.245117,0.091851,0.932373,0.296631,0.891323,0.101873,446.670013,3516.000000
992.000000,-177.656097,0.246094,0.094619,0.936279,0.298340,0.895970,0.104688,444.600006,3521.000000
993.000000,-163.038834,0.245117,0.095336,0.934326,0.297119,0.894629,0.105069,403.019989,3508.000000
994.000000,-174.300323,0.244629,0.093933,0.931396,0.294189,0.891074,0.102554,436.309998,3530.000000
995.000000,-168.850662,0.246338,0.095011,0.936279,0.297607,0.896910,0.105098,421.779999,3505.000000
996.000000,-157.126251,0.244873,0.093462,0.940430,0.294434,0.901907,0.102859,390.519989,3489.000000
997.000000,-155.874420,0.247070,0.093315,0.945068,0.296875,0.906945,0.103565,388.720001,3490.000000
998.000000,-167.185501,0.244141,0.093678,0.935547,0.292969,0.897938,0.102734,421.309998,3400.000000
999.000000,-169.600800,0.247070,0.096429,0.936035,0.295898,0.898535,0.105767,422.920013,3441.000000
1000.000000,-178.943497,0.250244,0.098736,0.932617,0.298828,0.895975,0.107387,460.160004,3510.000000
1001.000000,-172.847687,0.246094,0.097224,0.927490,0.294189,0.892049,0.105663,433.059998,3504.000000
1002.000000,-180.138809,0.248779,0.097802,0.930176,0.295654,0.894650,0.105155,455.769989,3499.000000
1003.000000,-171.536789,0.249268,0.097469,0.935303,0.297852,0.899018,0.106524,422.160004,3520.000000
1004.000000,-162.496231,0.247314,0.095954,0.937744,0.296631,0.901757,0.105610,409.660004,3520.000000
1005.000000,-173.468872,0.251953,0.098981,0.939209,0.301514,0.902711,0.108776,441.519989,3497.000000
1006.000000,-177.554840,0.254639,0.098870,0.940674,0.304199,0.904284,0.108251,450.929993,3497.000000
1007.000000,-178.292221,0.249512,0.094181,0.937500,0.299072,0.900184,0.104172,452.399994,3502.000000
1008.000000,-180.080246,0.251953,0.095973,0.937988,0.301025,0.900664,0.104812,454.779999,3467.000000
1009.000000,-184.825195,0.250488,0.095755,0.933838,0.298828,0.897078,0.104960,462.730011,3481.000000
1010.000000,-176.941086,0.250244,0.094989,0.931641,0.298340,0.895200,0.103619,436.649994,3467.000000
1011.000000,-157.344681,0.250732,0.094886,0.931396,0.298340,0.895903,0.103088,387.540009,3499.000000
1012.000000,-172.187775,0.253418,0.096280,0.933838,0.300293,0.898450,0.104937,435.070007,3505.000000
1013.000000,-184.792206,0.255615,0.096754,0.939453,0.301270,0.903120,0.104342,464.209991,3504.000000
1014.000000,-178.587891,0.251709,0.095511,0.934326,0.299072,0.898706,0.104178,443.950012,3463.000000
1015.000000,-174.112289,0.253174,0.096074,0.931152,0.301025,0.895975,0.105688,431.559998,3479.000000
1016.000000,-187.907120,0.256348,0.098638,0.936279,0.303711,0.900412,0.107763,457.769989,3464.000000
1017.000000,-194.317825,0.255615,0.096560,0.939453,0.303223,0.903732,0.106166,487.019989,3496.000000
1018.000000,-163.718002,0.254150,0.096659,0.940186,0.302734,0.904732,0.106553,411.690002,3493.000000
1019.000000,-162.376755,0.257324,0.098546,0.938965,0.304443,0.902926,0.107159,405.970001,3485.000000
1020.000000,-190.028473,0.252686,0.096061,0.936523,0.301514,0.900589,0.106624,450.500000,3480.000000
1021.000000,-157.189590,0.251953,0.094740,0.933838,0.302490,0.897549,0.106844,398.279999,3459.000000
1022.000000,-180.342056,0.251221,0.092565,0.938232,0.302734,0.901195,0.104695,462.799988,3494.000000
1023.000000,-174.671326,0.248291,0.090584,0.937256,0.298096,0.900479,0.101175,448.589996,3457.000000
1024.000000,-158.817703,0.241211,0.087320,0.931396,0.291016,0.894556,0.097707,391.559998,3464.000000
1025.000000,-152.632065,0.239502,0.086420,0.929688,0.290283,0.892990,0.098022,381.549988,3395.000000
1026.000000,-170.710602,0.238525,0.085820,0.935059,0.289795,0.898350,0.097179,435.640015,3485.000000
1027.000000,-174.731232,0.236328,0.085196,0.937744,0.287109,0.901354,0.095381,443.690002,3466.000000
1028.000000,-191.779984,0.237061,0.086371,0.938721,0.287598,0.902401,0.096133,471.399994,3468.000000
1029.000000,-165.675537,0.236084,0.085598,0.938232,0.287842,0.902607,0.096576,417.690002,3471.000000
1030.000000,-196.835220,0.238281,0.087103,0.939209,0.288818,0.903876,0.096949,502.649994,3464.000000
1031.000000,-179.080475,0.236084,0.087467,0.939209,0.286133,0.903531,0.097216,457.829987,3478.000000
1032.000000,-179.221252,0.232910,0.086951,0.935791,0.283691,0.900372,0.097750,458.440002,3464.000000
1033.000000,-167.932068,0.232178,0.088659,0.931396,0.282715,0.895850,0.099190,424.750000,3478.000000
1034.000000,-167.713104,0.230713,0.090469,0.928955,0.280762,0.893005,0.100657,420.019989,3480.000000
1035.000000,-189.625229,0.231934,0.091594,0.931152,0.280029,0.896230,0.100839,483.670013,3473.000000
1036.000000,-191.297379,0.233887,0.094636,0.931152,0.282715,0.896303,0.104477,487.510010,3499.000000
1037.000000,-190.834763,0.234375,0.094026,0.934814,0.283447,0.900090,0.104275,489.350006,3502.000000
1038.000000,-159.888718,0.234619,0.094239,0.932861,0.282227,0.897522,0.103452,404.630005,3506.000000
1039.000000,-194.316895,0.237305,0.095966,0.936035,0.283936,0.901333,0.104392,486.649994,3490.000000
1040.000000,-214.588974,0.238037,0.094871,0.937988,0.285156,0.903332,0.104372,543.140015,3490.000000
1041.000000,-189.874069,0.239746,0.095247,0.937744,0.287842,0.902691,0.105606,478.299988,3507.000000
1042.000000,-166.195663,0.238525,0.093106,0.935547,0.285889,0.900429,0.102753,424.170013,3498.000000
1043.000000,-163.443863,0.236084,0.090323,0.936523,0.283203,0.901520,0.099611,415.399994,3487.000000
1044.000000,-174.241776,0.234863,0.087683,0.934814,0.283203,0.899774,0.098432,445.579987,3516.000000
1045.000000,-182.023438,0.238525,0.090245,0.938965,0.285156,0.903927,0.098955,459.600006,3508.000000
1046.000000,-184.415329,0.238770,0.089441,0.943115,0.285400,0.907509,0.098473,459.339996,3477.000000
1047.000000,-170.193085,0.240234,0.091261,0.942871,0.285889,0.907316,0.099452,411.190002,3464.000000
1048.000000,-177.973984,0.241211,0.091885,0.944092,0.287598,0.908203,0.101107,438.859985,3459.000000
1049.000000,-179.289246,0.241455,0.091759,0.941406,0.287842,0.906455,0.102454,448.320007,3479.000000
1050.000000,-176.472748,0.242432,0.090891,0.941650,0.288818,0.906892,0.101727,429.309998,3485.000000
1051.000000,-178.998077,0.245361,0.093299,0.941650,0.290039,0.907090,0.102737,440.529999,3440.000000
1052.000000,-182.506729,0.249023,0.094951,0.943115,0.293457,0.908224,0.104002,455.450012,3442.000000
1053.000000,-163.337479,0.247559,0.094222,0.944336,0.291504,0.908776,0.102826,414.450012,3433.000000
1054.000000,-169.818298,0.245117,0.092857,0.940186,0.288330,0.904239,0.100380,433.850006,3452.000000
1055.000000,-193.131073,0.242920,0.090088,0.937744,0.287842,0.901693,0.098862,488.779999,3459.000000
1056.000000,-175.223297,0.239258,0.087127,0.937500,0.285889,0.900686,0.097046,458.410004,3464.000000
1057.000000,-173.624802,0.237305,0.086481,0.934814,0.283203,0.897477,0.095375,450.660004,3482.000000
1058.000000,-177.899277,0.235596,0.085177,0.933105,0.283203,0.895448,0.095128,444.880005,3524.000000
1059.000000,-174.317581,0.236572,0.087668,0.934814,0.284668,0.896865,0.097353,441.609985,3530.000000
1060.000000,-155.510056,0.235596,0.090348,0.932617,0.284668,0.894945,0.099917,396.540009,3515.000000
1061.000000,-170.708221,0.235840,0.091780,0.932861,0.285645,0.895105,0.101760,437.100006,3517.000000
1062.000000,-139.142822,0.234619,0.090917,0.929443,0.283203,0.891906,0.100121,346.070007,3466.000000
1063.000000,-157.991058,0.232910,0.089693,0.931641,0.281738,0.893920,0.099638,394.040009,3468.000000
1064.000000,-173.828964,0.230957,0.086980,0.936035,0.280029,0.897826,0.097749,446.450012,3451.000000
1065.000000,-186.668976,0.231689,0.088541,0.936035,0.281982,0.897674,0.099788,477.579987,3467.000000
1066.000000,-181.315582,0.233398,0.090105,0.937500,0.281982,0.898629,0.099316,455.399994,3471.000000
1067.000000,-167.394119,0.232178,0.088691,0.934570,0.281738,0.896307,0.099550,426.049988,3443.000000
1068.000000,-164.301971,0.234131,0.090025,0.936768,0.283203,0.899276,0.100712,410.980011,3452.000000
1069.000000,-152.797195,0.237061,0.090822,0.937256,0.283691,0.900157,0.099501,368.140015,3425.000000
1070.000000,-176.400391,0.239258,0.091107,0.935059,0.286865,0.897658,0.100858,446.299988,3438.000000
1071.000000,-182.827286,0.236328,0.089559,0.932861,0.281982,0.895205,0.098214,455.369995,3427.000000
1072.000000,-203.121429,0.235107,0.087853,0.932129,0.280518,0.894764,0.096715,502.850006,3472.000000
1073.000000,-182.640121,0.235352,0.087055,0.934326,0.281250,0.897073,0.096560,457.570007,3490.000000
1074.000000,-160.797668,0.233643,0.085363,0.934570,0.278809,0.897464,0.093675,403.429993,3511.000000
1075.000000,-168.772476,0.232666,0.084265,0.933594,0.277344,0.896114,0.092415,431.510010,3490.000000
1076.000000,-181.618317,0.235596,0.086975,0.929932,0.281494,0.892651,0.095726,463.820007,3504.000000
1077.000000,-175.566040,0.236328,0.088347,0.931152,0.281982,0.894773,0.096623,441.239990,3477.000000
1078.000000,-181.121521,0.238281,0.089249,0.935303,0.283691,0.898768,0.098243,459.959991,3490.000000
1079.000000,-185.193359,0.237549,0.088538,0.936523,0.283691,0.900093,0.098230,467.670013,3498.000000
1080.000000,-183.309616,0.237793,0.088631,0.936523,0.284668,0.899967,0.099314,448.540009,3499.000000
1081.000000,-176.440033,0.235352,0.086339,0.936279,0.282227,0.898989,0.096584,446.290009,3507.000000
1082.000000,-192.828964,0.238037,0.086727,0.941406,0.283447,0.904242,0.096701,490.869995,3495.000000
1083.000000,-174.448761,0.237061,0.087204,0.940918,0.281250,0.904870,0.096208,440.899994,3510.000000
1084.000000,-185.595612,0.235596,0.086704,0.939209,0.280029,0.902607,0.095988,478.119995,3498.000000
1085.000000,-176.991226,0.235596,0.088474,0.933838,0.278320,0.897872,0.096641,439.739990,3495.000000
1086.000000,-183.801239,0.232178,0.087078,0.930420,0.274170,0.894483,0.095255,485.480011,3419.000000
1087.000000,-207.250458,0.235107,0.088314,0.930908,0.277832,0.894582,0.097082,517.659973,3442.000000
1088.000000,-166.524521,0.235352,0.089640,0.933594,0.277588,0.897189,0.098313,416.619995,3483.000000
1089.000000,-155.944427,0.238770,0.092451,0.938232,0.278076,0.902123,0.098785,402.230011,3388.000000
1090.000000,-148.137115,0.234863,0.088610,0.935791,0.276611,0.899069,0.097491,374.549988,3487.000000
1091.000000,-168.285736,0.233887,0.088001,0.937012,0.276611,0.899832,0.097610,423.179993,3518.000000
1092.000000,-181.467926,0.237305,0.088492,0.939697,0.280273,0.902109,0.097847,452.420013,3492.000000
1093.000000,-188.479141,0.240234,0.089431,0.942139,0.282715,0.904750,0.098213,463.029999,3416.000000
1094.000000,-171.072372,0.238770,0.090630,0.937500,0.280029,0.900794,0.098871,425.470001,3488.000000
1095.000000,-186.572647,0.242432,0.092901,0.936523,0.284424,0.900307,0.101554,473.390015,3483.000000
1096.000000,-194.689880,0.240967,0.092278,0.932373,0.284180,0.896407,0.102462,499.829987,3523.000000
1097.000000,-166.993225,0.238281,0.092536,0.932129,0.281982,0.896061,0.102795,434.549988,3516.000000
1098.000000,-186.987274,0.235352,0.089289,0.931152,0.280518,0.895400,0.100434,473.899994,3523.000000
1099.000000,-179.711365,0.240723,0.092970,0.934814,0.286377,0.898899,0.103477,455.429993,3527.000000
1100.000000,-191.035355,0.244873,0.096371,0.937256,0.289795,0.901239,0.105678,480.440002,3514.000000
1101.000000,-168.055771,0.242432,0.093865,0.938721,0.287109,0.902953,0.102569,428.440002,3539.000000
1102.000000,-172.370468,0.242676,0.094050,0.937500,0.288086,0.901844,0.103418,429.829987,3542.000000
1103.000000,-166.748001,0.244385,0.093610,0.937012,0.289307,0.901019,0.103211,417.820007,3553.000000
1104.000000,-173.281006,0.243896,0.090947,0.938232,0.289795,0.902489,0.101330,433.850006,3578.000000
1105.000000,-179.168274,0.243164,0.089230,0.939209,0.287354,0.903315,0.097678,452.410004,3558.000000
1106.000000,-182.763657,0.246094,0.091360,0.938965,0.290527,0.903169,0.100202,447.760010,3556.000000
1107.000000,-175.488770,0.239746,0.088315,0.934082,0.285400,0.898027,0.097844,435.279999,3560.000000
1108.000000,-181.266846,0.241211,0.088455,0.936523,0.286377,0.901429,0.097658,448.899994,3541.000000
1109.000000,-170.744659,0.244629,0.092006,0.934082,0.289551,0.899469,0.100726,422.109985,3565.000000
1110.000000,-181.586533,0.246826,0.093779,0.931152,0.292725,0.896449,0.103395,459.970001,3530.000000
1111.000000,-170.790558,0.247803,0.094980,0.931152,0.291748,0.896441,0.102930,434.910004,3554.000000
1112.000000,-160.015778,0.247070,0.095405,0.931885,0.290039,0.898033,0.102589,396.859985,3562.000000
1113.000000,-155.111343,0.247559,0.095115,0.933105,0.291016,0.899691,0.103294,385.850006,3561.000000
1114.000000,-161.419235,0.246338,0.093099,0.937256,0.288574,0.903244,0.100238,408.369995,3552.000000
1115.000000,-169.547546,0.246826,0.092775,0.937256,0.290527,0.903336,0.101553,420.510010,3566.000000
1116.000000,-182.293823,0.251953,0.097446,0.939941,0.296143,0.905615,0.106630,450.649994,3536.000000
1117.000000,-187.555176,0.252930,0.098027,0.939209,0.297363,0.904773,0.107467,484.100006,3556.000000
1118.000000,-172.009705,0.253906,0.097674,0.934570,0.296875,0.900471,0.106440,441.320007,3564.000000
1119.000000,-173.638275,0.248779,0.094600,0.927734,0.292725,0.893613,0.103877,443.630005,3557.000000
1120.000000,-175.673981,0.251953,0.095582,0.930176,0.297607,0.894199,0.106869,447.929993,3559.000000
1121.000000,-155.769241,0.251709,0.096905,0.931152,0.297607,0.894806,0.108632,402.450012,3559.000000
1122.000000,-155.937592,0.249512,0.094929,0.937988,0.295166,0.901225,0.107096,403.250000,3552.000000
1123.000000,-159.561890,0.248535,0.094399,0.937256,0.294189,0.899986,0.106959,402.790009,3558.000000
1124.000000,-159.658386,0.249512,0.094917,0.932373,0.293701,0.895233,0.105765,409.260010,3559.000000
1125.000000,-175.635193,0.248291,0.094275,0.931396,0.291504,0.894436,0.103645,446.899994,3551.000000
1126.000000,-173.048904,0.244873,0.093029,0.930664,0.289307,0.894414,0.102816,419.079987,3551.000000
1127.000000,-166.220093,0.247070,0.094377,0.929443,0.290039,0.894642,0.102664,415.029999,3554.000000
1128.000000,-187.599335,0.247314,0.094897,0.929688,0.291016,0.894571,0.103937,465.500000,3563.000000
1129.000000,-157.956421,0.246338,0.094179,0.931885,0.289795,0.896353,0.103718,389.200012,3553.000000
1130.000000,-172.346115,0.246582,0.093228,0.931152,0.290527,0.894769,0.103166,436.119995,3540.000000
1131.000000,-195.806976,0.245361,0.091794,0.928711,0.290771,0.892525,0.103340,497.489990,3550.000000
1132.000000,-170.198029,0.246582,0.093806,0.928955,0.291504,0.892626,0.104707,419.670013,3560.000000
1133.000000,-193.403336,0.247070,0.093632,0.927734,0.291016,0.889818,0.103020,481.350006,3552.000000
1134.000000,-180.831467,0.249023,0.094179,0.934082,0.294434,0.895515,0.104513,460.850006,3552.000000
1135.000000,-187.821304,0.247314,0.093804,0.932617,0.292725,0.893800,0.103871,478.380005,3544.000000
1136.000000,-172.039719,0.248047,0.094899,0.933838,0.293701,0.894860,0.104929,438.799988,3563.000000
1137.000000,-165.896866,0.248291,0.094913,0.930664,0.293457,0.892413,0.105326,416.989990,3570.000000
1138.000000,-186.822556,0.251221,0.095951,0.935791,0.294189,0.897141,0.104617,475.760010,3563.000000
1139.000000,-185.599136,0.250488,0.092070,0.936035,0.292480,0.897545,0.101100,465.589996,3570.000000
1140.000000,-188.100632,0.253174,0.092933,0.936523,0.294922,0.898066,0.101615,468.920013,3533.000000
1141.000000,-173.340347,0.257324,0.095239,0.939697,0.300293,0.900482,0.104853,433.730011,3504.000000
1142.000000,-168.724960,0.257080,0.094694,0.937256,0.298828,0.898873,0.103111,416.269989,3517.000000
1143.000000,-160.588074,0.256104,0.094587,0.933105,0.296631,0.895049,0.102956,403.940002,3486.000000
1144.000000,-174.777252,0.258057,0.095460,0.935059,0.301270,0.896498,0.106458,431.269989,3504.000000
1145.000000,-184.525314,0.260986,0.098194,0.936523,0.301025,0.898030,0.106659,454.950012,3505.000000
1146.000000,-169.361176,0.263428,0.099111,0.938477,0.303467,0.899081,0.108057,426.350006,3494.000000
1147.000000,-185.732529,0.264160,0.097425,0.937256,0.304932,0.899149,0.108239,450.320007,3495.000000
1148.000000,-200.729385,0.265137,0.097020,0.938721,0.304443,0.900138,0.105822,496.750000,3510.000000
1149.000000,-196.214844,0.265625,0.096253,0.937256,0.307617,0.898029,0.107341,501.910004,3519.000000
1150.000000,-176.461975,0.263916,0.095738,0.931152,0.307617,0.892972,0.108005,450.920013,3455.000000
1151.000000,-178.871216,0.263184,0.095760,0.927490,0.307617,0.889101,0.108948,457.779999,3458.000000
1152.000000,-175.145325,0.263672,0.096616,0.927490,0.308350,0.888585,0.109392,434.140015,3455.000000
1153.000000,-165.659897,0.262207,0.096449,0.929688,0.308105,0.891791,0.110010,399.500000,3366.000000
1154.000000,-165.714478,0.263184,0.098508,0.931152,0.307373,0.893261,0.110406,418.950012,3472.000000
1155.000000,-165.387146,0.257080,0.093262,0.926514,0.302002,0.888666,0.105273,423.109985,3494.000000
1156.000000,-180.140305,0.257324,0.094475,0.926025,0.302490,0.887886,0.106537,451.089996,3539.000000
1157.000000,-185.783920,0.255371,0.092751,0.927246,0.300537,0.888782,0.104905,463.059998,3530.000000
1158.000000,-190.092300,0.257080,0.093590,0.928955,0.302490,0.890268,0.105527,479.380005,3531.000000
1159.000000,-165.156967,0.257324,0.093184,0.930420,0.300537,0.893372,0.103201,421.040009,3518.000000
1160.000000,-165.845551,0.256836,0.092897,0.935303,0.300049,0.897865,0.102066,422.959991,3523.000000
1161.000000,-183.714767,0.255127,0.091954,0.936035,0.299561,0.898705,0.101911,460.440002,3524.000000
1162.000000,-184.580139,0.258545,0.095062,0.934082,0.301514,0.896509,0.103293,460.420013,3527.000000
1163.000000,-184.660690,0.255615,0.093195,0.932373,0.298828,0.895160,0.102147,469.200012,3475.000000
1164.000000,-164.762238,0.254150,0.093273,0.928223,0.296875,0.891226,0.101876,415.380005,3537.000000
1165.000000,-177.009277,0.256836,0.095947,0.932861,0.302002,0.896280,0.106300,436.720001,3552.000000
1166.000000,-181.155853,0.258301,0.096290,0.934326,0.303467,0.898214,0.106436,459.070007,3561.000000
1167.000000,-183.903351,0.259277,0.097490,0.930420,0.304932,0.894193,0.108708,444.250000,3539.000000
1168.000000,-181.499054,0.259521,0.097569,0.935059,0.304443,0.898501,0.106891,463.829987,3564.000000
1169.000000,-160.608551,0.254639,0.093522,0.933594,0.299805,0.897725,0.103381,398.540009,3543.000000
1170.000000,-163.501831,0.252930,0.092571,0.932617,0.298096,0.897243,0.102547,409.929993,3549.000000
1171.000000,-175.912933,0.252197,0.094897,0.927979,0.295410,0.894746,0.103909,429.500000,3558.000000
1172.000000,-159.947647,0.250977,0.094579,0.928223,0.292969,0.895134,0.102862,404.720001,3495.000000
1173.000000,-185.933105,0.252197,0.096399,0.928955,0.294678,0.896122,0.104673,460.429993,3529.000000
1174.000000,-174.328308,0.258301,0.102593,0.937256,0.301514,0.903271,0.112216,452.070007,3549.000000
1175.000000,-173.663147,0.260986,0.103205,0.940430,0.304443,0.905962,0.112594,428.220001,3550.000000
1176.000000,-193.691879,0.258545,0.100471,0.939453,0.303223,0.905231,0.110738,484.000000,3553.000000
1177.000000,-178.403931,0.258545,0.098937,0.937988,0.304688,0.903583,0.109521,458.230011,3512.000000
1178.000000,-175.245010,0.259033,0.096774,0.936523,0.305420,0.901852,0.107079,445.709991,3502.000000
1179.000000,-161.041641,0.255127,0.093327,0.937256,0.302490,0.902315,0.103529,400.679993,3543.000000
1180.000000,-172.446930,0.256348,0.094715,0.937988,0.302490,0.903208,0.103800,453.130005,3520.000000
1181.000000,-160.952469,0.251709,0.093073,0.937744,0.298828,0.903954,0.102227,404.260010,3559.000000
1182.000000,-165.008316,0.250244,0.092164,0.936035,0.298096,0.902049,0.102015,420.149994,3557.000000
1183.000000,-172.270218,0.249756,0.092288,0.935547,0.295654,0.900987,0.100640,441.000000,3551.000000
1184.000000,-167.375351,0.248779,0.091552,0.937744,0.296143,0.903497,0.101551,425.109985,3544.000000
1185.000000,-163.186890,0.250244,0.093879,0.937256,0.297119,0.903165,0.102968,414.109985,3549.000000
1186.000000,-168.869949,0.249756,0.092805,0.939697,0.296143,0.904736,0.101162,429.130005,3524.000000
1187.000000,-179.992126,0.247803,0.090936,0.939453,0.293457,0.904477,0.098752,446.649994,3541.000000
1188.000000,-182.182083,0.248535,0.089375,0.936035,0.294922,0.900874,0.098539,469.690002,3559.000000
1189.000000,-171.510376,0.251465,0.089841,0.937256,0.296387,0.901836,0.098636,447.239990,3526.000000
1190.000000,-174.504868,0.248535,0.087115,0.937256,0.293457,0.901540,0.096533,447.029999,3535.000000
1191.000000,-164.548355,0.246582,0.087966,0.937256,0.290283,0.901468,0.096101,422.230011,3525.000000
1192.000000,-170.786758,0.244385,0.086072,0.933105,0.289551,0.897326,0.095658,428.290009,3525.000000
1193.000000,-181.336136,0.243896,0.086957,0.932373,0.289795,0.896845,0.096656,449.440002,3516.000000
1194.000000,-154.785172,0.243652,0.089029,0.934082,0.289307,0.898682,0.098211,388.320007,3518.000000
1195.000000,-169.343857,0.245605,0.090711,0.931396,0.290283,0.896806,0.098817,429.089996,3529.000000
1196.000000,-180.393982,0.242920,0.089047,0.931885,0.289307,0.897311,0.098761,456.880005,3526.000000
1197.000000,-159.127060,0.241455,0.090785,0.930908,0.287354,0.895578,0.099506,398.320007,3542.000000
1198.000000,-171.808746,0.239258,0.088876,0.927979,0.284668,0.893263,0.097651,422.339996,3522.000000
1199.000000,-199.221008,0.241211,0.090038,0.931152,0.285400,0.896652,0.097927,476.399994,3526.000000
1200.000000,-181.142334,0.240967,0.090942,0.932129,0.285400,0.896998,0.099125,439.269989,3516.000000
1201.000000,-181.944687,0.241211,0.091247,0.935303,0.287842,0.899659,0.100798,462.290009,3526.000000
1202.000000,-189.018631,0.241943,0.090081,0.933350,0.289307,0.897245,0.101007,475.600006,3530.000000
1203.000000,-174.850235,0.246338,0.092670,0.934570,0.293457,0.898357,0.102517,441.700012,3517.000000
1204.000000,-183.256393,0.248291,0.092266,0.935791,0.295410,0.899337,0.101649,469.130005,3501.000000
1205.000000,-186.540634,0.249268,0.092686,0.935791,0.297119,0.898633,0.102739,472.880005,3488.000000
1206.000000,-171.256241,0.247314,0.094618,0.926514,0.295166,0.888940,0.103716,433.380005,3490.000000
1207.000000,-154.064560,0.248047,0.093410,0.928711,0.297607,0.891164,0.103919,384.859985,3514.000000
1208.000000,-163.067261,0.250488,0.095824,0.929688,0.300537,0.892805,0.106142,395.480011,3518.000000
1209.000000,-158.388397,0.253174,0.096478,0.935791,0.302490,0.899020,0.105837,390.040009,3503.000000
1210.000000,-185.617157,0.252197,0.093107,0.934814,0.302734,0.897986,0.102980,469.920013,3535.000000
1211.000000,-182.974274,0.254395,0.094229,0.937012,0.304932,0.899743,0.104024,465.959991,3556.000000
1212.000000,-180.199341,0.248047,0.089651,0.933350,0.298340,0.896427,0.099146,448.209991,3558.000000
1213.000000,-162.781372,0.248291,0.089882,0.933105,0.298096,0.896007,0.098981,403.660004,3544.000000
1214.000000,-171.075699,0.249268,0.090694,0.932373,0.299072,0.895121,0.099053,426.000000,3550.000000
1215.000000,-172.049896,0.249268,0.089841,0.935547,0.298340,0.898220,0.098226,425.209991,3563.000000
1216.000000,-183.218414,0.252441,0.092504,0.935547,0.301025,0.898703,0.101042,459.390015,3513.000000
1217.000000,-176.224747,0.254639,0.093973,0.939697,0.302979,0.903037,0.102345,453.690002,3455.000000
1218.000000,-158.444489,0.253906,0.092655,0.938721,0.301270,0.902184,0.100566,410.640015,3523.000000
1219.000000,-182.134552,0.251221,0.089963,0.938721,0.298340,0.901087,0.098441,461.579987,3519.000000
1220.000000,-192.002579,0.249756,0.089687,0.937012,0.297852,0.899145,0.098287,484.000000,3535.000000
1221.000000,-173.382217,0.249756,0.090354,0.932373,0.298584,0.894155,0.099888,426.750000,3530.000000
1222.000000,-167.904388,0.245850,0.088162,0.930176,0.295898,0.892051,0.098344,424.559998,3505.000000
1223.000000,-190.485184,0.245850,0.087578,0.928223,0.296631,0.890513,0.098105,471.040009,3482.000000
1224.000000,-171.060104,0.244873,0.088020,0.931152,0.295166,0.893282,0.097225,421.730011,3526.000000
1225.000000,-163.390411,0.241943,0.088277,0.930908,0.292236,0.893421,0.097006,406.279999,3522.000000
1226.000000,-162.397964,0.239746,0.086083,0.930420,0.289795,0.894085,0.094957,408.510010,3529.000000
1227.000000,-155.411575,0.237793,0.084152,0.932373,0.287598,0.895861,0.093498,394.179993,3520.000000
1228.000000,-142.888779,0.238525,0.086322,0.932861,0.287842,0.896293,0.095292,353.670013,3528.000000
1229.000000,-162.468353,0.234131,0.087626,0.929443,0.283691,0.892850,0.097055,392.529999,3521.000000
1230.000000,-180.884674,0.237793,0.089459,0.931885,0.288574,0.894085,0.100005,447.510010,3545.000000
1231.000000,-191.906204,0.234375,0.087645,0.935059,0.285400,0.896937,0.098814,478.350006,3540.000000
1232.000000,-171.985733,0.231445,0.087908,0.933594,0.281494,0.895900,0.098772,431.720001,3512.000000
1233.000000,-179.228821,0.232178,0.090122,0.930908,0.281982,0.893849,0.100912,448.320007,3520.000000
1234.000000,-187.008987,0.232422,0.089789,0.929688,0.281982,0.892465,0.100247,469.420013,3516.000000
1235.000000,-195.227112,0.233643,0.089184,0.930420,0.284180,0.893758,0.100110,498.209991,3521.000000
1236.000000,-176.381729,0.234863,0.089607,0.932373,0.285400,0.896105,0.100487,448.910004,3503.000000
1237.000000,-181.625061,0.234375,0.088745,0.933350,0.286865,0.897138,0.100764,449.040009,3513.000000
1238.000000,-168.910126,0.237793,0.090847,0.937012,0.289795,0.900942,0.101942,415.769989,3512.000000
1239.000000,-154.670837,0.236816,0.090615,0.937012,0.288818,0.900381,0.100923,388.000000,3518.000000
1240.000000,-151.747910,0.237549,0.092391,0.934814,0.290039,0.898180,0.102696,377.799988,3509.000000
1241.000000,-184.882019,0.239746,0.093511,0.936768,0.292236,0.900615,0.104575,451.670013,3489.000000
1242.000000,-206.953751,0.244873,0.094991,0.937988,0.297607,0.901572,0.106133,528.789978,3518.000000
1243.000000,-195.762344,0.244385,0.093901,0.933838,0.297119,0.897404,0.104635,495.670013,3496.000000
1244.000000,-184.245041,0.244141,0.093016,0.933838,0.295410,0.897431,0.103210,469.660004,3537.000000
1245.000000,-152.771179,0.245850,0.093329,0.938232,0.296875,0.900894,0.103536,387.690002,3518.000000
1246.000000,-169.662354,0.246582,0.095044,0.936523,0.296631,0.900062,0.105291,419.200012,3531.000000
1247.000000,-167.899002,0.246338,0.095238,0.935303,0.298340,0.898605,0.107429,430.130005,3534.000000
1248.000000,-169.450607,0.248535,0.096229,0.932861,0.301025,0.895175,0.108851,436.029999,3550.000000
1249.000000,-177.546707,0.246094,0.094828,0.934326,0.298340,0.896514,0.107605,438.579987,3555.000000
1250.000000,-182.501480,0.248047,0.095718,0.935059,0.300049,0.897266,0.108277,451.859985,3568.000000
1251.000000,-188.282791,0.247070,0.093289,0.935059,0.299316,0.896720,0.105682,478.799988,3546.000000
1252.000000,-180.263687,0.247559,0.092314,0.937744,0.298584,0.898843,0.103823,468.859985,3565.000000
1253.000000,-174.856934,0.245850,0.091844,0.934082,0.298340,0.895247,0.104400,431.970001,3546.000000
1254.000000,-184.784851,0.245361,0.089968,0.933350,0.297607,0.893199,0.102061,467.529999,3554.000000
1255.000000,-160.397598,0.243164,0.089231,0.935059,0.295898,0.894384,0.101797,413.820007,3557.000000
1256.000000,-174.847412,0.242188,0.087767,0.935791,0.294678,0.894578,0.100628,444.179993,3555.000000
1257.000000,-161.422913,0.239990,0.087460,0.931396,0.292236,0.891654,0.100647,404.869995,3563.000000
1258.000000,-160.009186,0.236816,0.087557,0.925537,0.288330,0.886763,0.100055,385.950012,3557.000000
1259.000000,-161.726105,0.237061,0.089259,0.926758,0.289307,0.888032,0.101444,402.640015,3560.000000
1260.000000,-175.601212,0.240479,0.091239,0.932617,0.291992,0.893565,0.103093,451.049988,3545.000000
1261.000000,-169.857437,0.239746,0.090631,0.938965,0.291016,0.899550,0.102358,443.750000,3531.000000
1262.000000,-188.408371,0.240479,0.091028,0.939697,0.290283,0.900873,0.101389,473.170013,3568.000000
1263.000000,-167.473267,0.237793,0.089778,0.936035,0.287354,0.896860,0.099992,433.450012,3546.000000
1264.000000,-171.880768,0.232910,0.087139,0.933838,0.283447,0.894754,0.098307,428.600006,3560.000000
1265.000000,-179.676743,0.236572,0.089805,0.935547,0.286865,0.896141,0.100596,453.769989,3573.000000
1266.000000,-148.852249,0.237793,0.091564,0.934082,0.290039,0.894421,0.104173,367.570007,3548.000000
1267.000000,-186.187653,0.233398,0.089172,0.932373,0.284424,0.892577,0.100519,464.690002,3563.000000
1268.000000,-188.306458,0.232910,0.088823,0.928955,0.282959,0.889058,0.099098,466.890015,3551.000000
1269.000000,-159.317841,0.229004,0.084469,0.930908,0.278809,0.890764,0.094273,394.140015,3548.000000
1270.000000,-167.468796,0.229980,0.086358,0.934082,0.279541,0.894088,0.095954,419.760010,3549.000000
1271.000000,-179.785919,0.228760,0.084537,0.939697,0.280029,0.899501,0.095766,449.190002,3523.000000
1272.000000,-187.118637,0.231934,0.088429,0.937500,0.283203,0.896449,0.099860,476.160004,3501.000000
1273.000000,-175.710876,0.230469,0.087031,0.935547,0.281250,0.895099,0.097351,446.899994,3526.000000
1274.000000,-165.193390,0.229004,0.087177,0.935547,0.280273,0.895039,0.097666,415.329987,3514.000000
1275.000000,-204.690613,0.234619,0.089660,0.937500,0.286377,0.897566,0.100980,515.710022,3523.000000
1276.000000,-187.511795,0.238037,0.094010,0.938721,0.290283,0.899224,0.105684,463.140015,3522.000000
1277.000000,-194.206360,0.242920,0.096771,0.937500,0.293945,0.898738,0.107535,497.369995,3497.000000
1278.000000,-180.206146,0.242920,0.095188,0.937988,0.294434,0.899135,0.106346,453.600006,3523.000000
1279.000000,-199.498077,0.240967,0.092176,0.937744,0.291260,0.899138,0.102387,477.230011,3517.000000
1280.000000,-177.668976,0.239014,0.091051,0.931885,0.289795,0.894122,0.101803,445.769989,3512.000000
1281.000000,-197.686020,0.239258,0.089972,0.931152,0.290283,0.893577,0.101278,492.809998,3431.000000
1282.000000,-185.656693,0.244629,0.093059,0.933105,0.293701,0.896615,0.102819,459.660004,3495.000000
1283.000000,-176.105453,0.246582,0.093238,0.934814,0.295410,0.898922,0.103202,447.019989,3515.000000
1284.000000,-161.875717,0.249512,0.094937,0.937012,0.297119,0.901854,0.104247,408.100006,3518.000000
1285.000000,-181.924240,0.249268,0.093268,0.934570,0.297607,0.899372,0.103547,455.549988,3520.000000
1286.000000,-185.645111,0.251221,0.096262,0.932373,0.301025,0.896723,0.107471,469.190002,3509.000000
1287.000000,-173.138885,0.250488,0.093820,0.939941,0.298340,0.903227,0.104025,428.489990,3524.000000
1288.000000,-164.117249,0.251953,0.093679,0.936523,0.300781,0.899528,0.104621,410.929993,3513.000000
1289.000000,-175.985138,0.251953,0.094507,0.933594,0.298828,0.897131,0.104328,450.619995,3512.000000
1290.000000,-174.279327,0.248779,0.091148,0.932129,0.295410,0.895760,0.100442,444.369995,3498.000000
1291.000000,-186.408630,0.252441,0.091414,0.935791,0.298828,0.899496,0.100602,453.440002,3500.000000
1292.000000,-186.613983,0.254639,0.093661,0.934814,0.301758,0.898473,0.103650,480.350006,3503.000000
1293.000000,-176.259033,0.253906,0.091897,0.933350,0.301758,0.896395,0.102654,444.660004,3503.000000
1294.000000,-178.208115,0.252686,0.089808,0.935791,0.301025,0.898562,0.101009,446.010010,3489.000000
1295.000000,-174.963547,0.251709,0.090183,0.934570,0.298340,0.898204,0.099759,424.230011,3509.000000
1296.000000,-193.312012,0.247803,0.088604,0.931885,0.294922,0.896382,0.098549,481.500000,3512.000000
1297.000000,-151.369720,0.245117,0.087365,0.929199,0.291016,0.893483,0.096327,384.450012,3502.000000
1298.000000,-172.048035,0.246826,0.089054,0.931396,0.293457,0.894445,0.098591,426.200012,3516.000000
1299.000000,-185.008682,0.246826,0.089341,0.933594,0.294189,0.896138,0.099765,458.619995,3525.000000
1300.000000,-155.972931,0.245361,0.088971,0.935059,0.294434,0.898056,0.100590,390.100006,3497.000000
1301.000000,-170.522537,0.242920,0.085604,0.934814,0.291016,0.897955,0.096491,435.299988,3513.000000
1302.000000,-200.942474,0.242676,0.086076,0.931152,0.291504,0.894146,0.097179,514.609985,3508.000000
1303.000000,-183.429810,0.243408,0.087148,0.935059,0.292969,0.897484,0.098059,458.239990,3470.000000
1304.000000,-168.291748,0.242432,0.087691,0.933594,0.290771,0.895674,0.097984,424.100006,3525.000000
1305.000000,-185.859924,0.242432,0.089810,0.929932,0.291016,0.891495,0.100458,483.929993,3497.000000
1306.000000,-182.799057,0.247559,0.092539,0.933350,0.296631,0.894911,0.103000,460.200012,3516.000000
1307.000000,-165.424820,0.245850,0.091803,0.928467,0.295654,0.890922,0.102934,422.160004,3512.000000
1308.000000,-174.227310,0.244141,0.090632,0.929199,0.295166,0.892041,0.102527,436.549988,3502.000000
1309.000000,-144.936356,0.239258,0.089010,0.925293,0.288574,0.888733,0.099716,359.029999,3486.000000
1310.000000,-166.452103,0.240967,0.089574,0.927979,0.290039,0.891474,0.099789,415.570007,3489.000000
1311.000000,-167.952347,0.237793,0.087508,0.930664,0.286621,0.894341,0.097811,418.209991,3501.000000
1312.000000,-164.332214,0.239014,0.089033,0.929932,0.290039,0.893583,0.100855,405.350006,3512.000000
1313.000000,-170.336670,0.237549,0.088539,0.931885,0.288086,0.895451,0.098942,419.339996,3518.000000
1314.000000,-166.981537,0.238770,0.089119,0.937744,0.289551,0.900869,0.099035,414.059998,3501.000000
1315.000000,-163.559723,0.242188,0.091476,0.937012,0.293213,0.899524,0.101494,409.679993,3505.000000
1316.000000,-180.206985,0.243164,0.092449,0.937500,0.293213,0.898685,0.101580,452.149994,3502.000000
1317.000000,-173.614868,0.242920,0.091787,0.936523,0.293945,0.898783,0.102067,427.609985,3531.000000
1318.000000,-184.042389,0.241211,0.091085,0.928711,0.292725,0.891314,0.101905,481.989990,3524.000000
1319.000000,-181.322815,0.242920,0.091839,0.931396,0.295166,0.893933,0.102917,476.059998,3497.000000
1320.000000,-171.400269,0.243164,0.092166,0.931885,0.294922,0.894324,0.102550,437.920013,3526.000000
1321.000000,-175.434662,0.243652,0.092744,0.931641,0.293945,0.894265,0.101324,446.429993,3524.000000
1322.000000,-167.546036,0.241699,0.092756,0.928223,0.293213,0.891398,0.102101,420.609985,3521.000000
1323.000000,-157.549072,0.241943,0.092084,0.930420,0.294189,0.892881,0.103040,404.250000,3508.000000
1324.000000,-177.031906,0.244141,0.093191,0.934082,0.295410,0.897290,0.103500,451.089996,3518.000000
1325.000000,-186.263260,0.245361,0.092955,0.934570,0.295898,0.897153,0.103307,483.720001,3518.000000
1326.000000,-166.235962,0.246338,0.094482,0.932861,0.294922,0.895389,0.103306,407.109985,3515.000000
1327.000000,-192.988937,0.248535,0.093845,0.931885,0.294434,0.895592,0.100360,476.929993,3518.000000
1328.000000,-195.338303,0.249268,0.092064,0.934814,0.296387,0.897834,0.100312,492.790009,3521.000000
1329.000000,-169.812347,0.248291,0.090894,0.937012,0.295898,0.900126,0.100098,447.000000,3516.000000
1330.000000,-181.565308,0.249268,0.091962,0.938965,0.295898,0.901825,0.100088,471.980011,3532.000000
1331.000000,-195.168121,0.246826,0.089144,0.935059,0.294434,0.897365,0.098315,488.269989,3517.000000
1332.000000,-163.500076,0.246826,0.091592,0.931885,0.294922,0.894616,0.100784,417.440002,3526.000000
1333.000000,-180.074722,0.246826,0.094865,0.926025,0.294922,0.888622,0.104536,450.470001,3517.000000
1334.000000,-176.921204,0.246094,0.093965,0.928467,0.293457,0.890290,0.103383,450.290009,3535.000000
1335.000000,-170.293976,0.248291,0.096404,0.930908,0.296387,0.892689,0.106227,429.170013,3534.000000
1336.000000,-185.829956,0.248291,0.095980,0.934326,0.296387,0.895804,0.105519,475.779999,3523.000000
1337.000000,-183.381119,0.247559,0.095820,0.934326,0.294922,0.895837,0.105087,459.549988,3543.000000
1338.000000,-175.302811,0.245850,0.093302,0.930664,0.292725,0.892471,0.103050,443.230011,3516.000000
1339.000000,-169.844101,0.246338,0.093549,0.932129,0.294434,0.893094,0.104043,426.670013,3524.000000
1340.000000,-183.618301,0.248535,0.094592,0.930176,0.296143,0.891624,0.105059,467.609985,3525.000000
1341.000000,-190.260696,0.248291,0.094660,0.930420,0.295410,0.891761,0.104940,484.209991,3529.000000
1342.000000,-166.190445,0.246582,0.093580,0.928223,0.293945,0.889395,0.103855,418.040009,3530.000000
1343.000000,-167.074768,0.246338,0.093630,0.928467,0.295654,0.889227,0.105147,422.899994,3528.000000
1344.000000,-159.438797,0.247803,0.096211,0.930420,0.296875,0.890457,0.107729,402.820007,3513.000000
1345.000000,-179.203430,0.242920,0.093637,0.927490,0.292480,0.888713,0.105309,422.980011,3431.000000
1346.000000,-195.659546,0.240479,0.090958,0.923828,0.291260,0.885661,0.103127,469.149994,3516.000000
1347.000000,-202.209808,0.247070,0.095521,0.922852,0.297119,0.885182,0.107836,481.369995,3522.000000
1348.000000,-194.518616,0.251953,0.097848,0.927734,0.301758,0.890238,0.109599,479.859985,3530.000000
1349.000000,-183.287354,0.250000,0.096355,0.926514,0.297607,0.890238,0.106130,466.260010,3511.000000
1350.000000,-181.928757,0.248779,0.095620,0.927002,0.295898,0.891292,0.105626,461.049988,3504.000000
1351.000000,-189.054123,0.250244,0.095218,0.928223,0.296875,0.893340,0.105580,461.890015,3491.000000
1352.000000,-176.288437,0.252441,0.095776,0.930176,0.298584,0.895504,0.106446,444.890015,3497.000000
1353.000000,-152.954865,0.252930,0.097148,0.931152,0.297852,0.896579,0.106532,394.630005,3517.000000
1354.000000,-177.352692,0.252930,0.095211,0.931152,0.297363,0.896198,0.104468,456.809998,3515.000000
1355.000000,-159.092590,0.253174,0.094263,0.937012,0.298828,0.901377,0.104520,410.380005,3518.000000
1356.000000,-165.501694,0.252441,0.094700,0.936768,0.296631,0.900911,0.103669,420.589996,3531.000000
1357.000000,-188.245010,0.253662,0.096485,0.934326,0.297607,0.899150,0.105785,461.920013,3514.000000
1358.000000,-198.105652,0.250977,0.096734,0.924805,0.295654,0.888873,0.107025,468.649994,3504.000000
1359.000000,-179.011490,0.252686,0.097883,0.929688,0.297363,0.894336,0.108077,450.160004,3528.000000
1360.000000,-169.835205,0.253418,0.096698,0.931641,0.299316,0.896083,0.108289,425.609985,3537.000000
1361.000000,-169.450134,0.256104,0.097286,0.937012,0.300781,0.901503,0.107394,416.760010,3507.000000
1362.000000,-146.200333,0.254395,0.096024,0.933838,0.299316,0.897950,0.105653,366.500000,3486.000000
1363.000000,-152.417831,0.255127,0.095383,0.932129,0.299316,0.897684,0.104006,376.350006,3537.000000
1364.000000,-175.010498,0.253906,0.093096,0.928711,0.299072,0.893948,0.103788,440.429993,3535.000000
1365.000000,-185.134583,0.253906,0.092901,0.928223,0.300293,0.893040,0.103941,472.799988,3560.000000
1366.000000,-160.397049,0.252197,0.093248,0.926025,0.299316,0.890008,0.104780,413.760010,3562.000000
1367.000000,-176.794601,0.249023,0.090881,0.929688,0.296387,0.893619,0.102727,450.450012,3552.000000
1368.000000,-162.926041,0.250977,0.092036,0.931885,0.298096,0.894673,0.103760,409.140015,3544.000000
1369.000000,-163.513840,0.247559,0.089886,0.932129,0.294189,0.894305,0.101191,415.040009,3561.000000
1370.000000,-176.181046,0.245850,0.090157,0.930176,0.292969,0.891957,0.101369,440.890015,3577.000000
1371.000000,-181.996201,0.246826,0.089213,0.930420,0.293701,0.892049,0.099534,459.489990,3551.000000
1372.000000,-202.379776,0.246826,0.090104,0.929688,0.294189,0.891789,0.100362,471.989990,3558.000000
1373.000000,-173.269882,0.240479,0.085709,0.927002,0.288574,0.888474,0.096159,426.040009,3539.000000
1374.000000,-176.784409,0.240723,0.086280,0.928711,0.289307,0.889755,0.096707,449.420013,3560.000000
1375.000000,-174.074387,0.240479,0.085877,0.929688,0.289062,0.890861,0.097020,442.429993,3513.000000
1376.000000,-182.102570,0.244385,0.088017,0.934570,0.292969,0.895993,0.100048,449.429993,3499.000000
1377.000000,-173.461533,0.246338,0.089757,0.934814,0.293701,0.897221,0.100284,443.230011,3517.000000
1378.000000,-166.218948,0.244873,0.089439,0.931885,0.291992,0.894106,0.100203,424.420013,3504.000000
1379.000000,-179.505325,0.247070,0.091306,0.931396,0.294678,0.893140,0.102539,452.899994,3519.000000
1380.000000,-173.256409,0.249023,0.093869,0.933594,0.295654,0.894743,0.104168,439.880005,3525.000000
1381.000000,-172.332520,0.247070,0.093865,0.930908,0.294678,0.891980,0.104312,448.809998,3492.000000
1382.000000,-169.593964,0.248291,0.092706,0.930908,0.295166,0.891706,0.102849,434.970001,3507.000000
1383.000000,-168.066772,0.248291,0.093285,0.927002,0.296143,0.887641,0.104698,430.959991,3498.000000
1384.000000,-179.932343,0.248779,0.094092,0.927979,0.296387,0.889846,0.105003,441.380005,3498.000000
1385.000000,-194.402939,0.245850,0.090939,0.924072,0.293213,0.886121,0.101290,490.779999,3519.000000
1386.000000,-184.434998,0.250732,0.093050,0.933838,0.297852,0.895437,0.103050,458.720001,3507.000000
1387.000000,-165.779816,0.249023,0.091424,0.934570,0.297363,0.896393,0.102070,414.070007,3504.000000
1388.000000,-162.908142,0.256592,0.095727,0.943359,0.305420,0.904601,0.106642,410.950012,3503.000000
1389.000000,-178.811417,0.258545,0.098075,0.938965,0.307373,0.900797,0.109814,446.290009,3531.000000
1390.000000,-166.049988,0.256836,0.097172,0.935303,0.304443,0.897720,0.108287,429.799988,3528.000000
1391.000000,-172.517044,0.256348,0.095726,0.930420,0.304199,0.892650,0.106657,434.290009,3534.000000
1392.000000,-189.361679,0.260254,0.098053,0.933105,0.307861,0.894426,0.108019,469.920013,3527.000000
1393.000000,-189.686295,0.260986,0.099074,0.934082,0.309326,0.895719,0.109496,468.470001,3543.000000
1394.000000,-172.526901,0.259766,0.098306,0.933105,0.308838,0.895358,0.109205,428.799988,3540.000000
1395.000000,-169.301071,0.254883,0.095984,0.930908,0.303467,0.893315,0.106366,435.410004,3540.000000
1396.000000,-167.839111,0.253174,0.094503,0.931396,0.301758,0.893870,0.105314,415.519989,3534.000000
1397.000000,-178.391037,0.250977,0.093934,0.926514,0.299072,0.889702,0.104602,444.140015,3554.000000
1398.000000,-175.325729,0.254395,0.097565,0.929199,0.302002,0.892391,0.107290,425.160004,3552.000000
1399.000000,-173.666107,0.253418,0.096720,0.933838,0.302734,0.897150,0.107557,427.160004,3560.000000
1400.000000,-176.647980,0.252930,0.096052,0.937744,0.301514,0.900698,0.105616,442.230011,3545.000000
1401.000000,-161.696838,0.247314,0.092566,0.937256,0.297363,0.899971,0.103779,391.809998,3571.000000
1402.000000,-159.524445,0.239746,0.087631,0.928955,0.290283,0.891842,0.099162,386.549988,3567.000000
1403.000000,-160.608246,0.243164,0.090163,0.934326,0.292725,0.896758,0.100442,411.220001,3526.000000
1404.000000,-165.920761,0.243652,0.088827,0.936035,0.295410,0.897589,0.102034,422.959991,3535.000000
1405.000000,-168.781219,0.242676,0.088193,0.937012,0.294189,0.898805,0.100673,418.220001,3526.000000
1406.000000,-159.199890,0.237061,0.085683,0.933105,0.291992,0.895375,0.099739,401.609985,3524.000000
1407.000000,-158.043076,0.239746,0.088046,0.933105,0.294678,0.895498,0.101596,393.579987,3520.000000
1408.000000,-161.111771,0.239014,0.089090,0.932617,0.295166,0.894506,0.102973,400.720001,3511.000000
1409.000000,-169.176376,0.237305,0.089047,0.931396,0.291504,0.893880,0.101177,431.269989,3424.000000
1410.000000,-161.023529,0.234131,0.087530,0.927246,0.288574,0.890383,0.100232,408.980011,3510.000000
1411.000000,-145.247223,0.236084,0.087841,0.926025,0.289307,0.889553,0.100034,357.910004,3502.000000
1412.000000,-168.484344,0.234619,0.087110,0.931152,0.287598,0.895217,0.099213,417.730011,3510.000000
1413.000000,-183.944504,0.235352,0.086408,0.933350,0.287354,0.897271,0.097837,463.250000,3508.000000
1414.000000,-186.408569,0.236816,0.086337,0.934570,0.288330,0.898053,0.097671,482.339996,3500.000000
1415.000000,-157.152527,0.233643,0.086120,0.933105,0.284912,0.896134,0.096805,399.660004,3500.000000
1416.000000,-170.657700,0.232422,0.087127,0.936768,0.283936,0.899863,0.097660,429.720001,3501.000000
1417.000000,-181.078735,0.232178,0.086002,0.934570,0.284912,0.898123,0.096947,466.329987,3511.000000
1418.000000,-166.175232,0.239990,0.093695,0.940430,0.292969,0.904232,0.103971,417.049988,3511.000000
1419.000000,-177.145462,0.241699,0.093131,0.940430,0.292236,0.904498,0.101937,435.760010,3505.000000
1420.000000,-200.000793,0.239746,0.089284,0.938477,0.290283,0.902281,0.098239,504.480011,3512.000000
1421.000000,-172.267990,0.238281,0.088766,0.936279,0.289307,0.900412,0.097235,429.570007,3517.000000
1422.000000,-170.470810,0.240967,0.089777,0.936523,0.293213,0.900523,0.098786,436.890015,3506.000000
1423.000000,-159.419495,0.240723,0.090099,0.936279,0.290771,0.900120,0.096723,394.769989,3508.000000
1424.000000,-178.481628,0.239502,0.088980,0.937256,0.290527,0.900601,0.096625,456.630005,3506.000000
1425.000000,-173.628250,0.236084,0.086188,0.934326,0.288086,0.897501,0.095134,440.859985,3499.000000
1426.000000,-173.068054,0.237793,0.085514,0.937988,0.289795,0.900925,0.094577,429.200012,3503.000000
1427.000000,-191.050644,0.236328,0.083447,0.941650,0.289307,0.903582,0.093205,475.359985,3446.000000
1428.000000,-169.954575,0.239258,0.087617,0.942627,0.291260,0.904401,0.096694,435.399994,3480.000000
1429.000000,-175.515533,0.238770,0.087490,0.936035,0.289307,0.898723,0.096026,449.040009,3512.000000
1430.000000,-178.943344,0.239990,0.088085,0.933594,0.291260,0.897192,0.097976,449.239990,3520.000000
1431.000000,-156.733017,0.242432,0.090576,0.931641,0.294189,0.895006,0.101050,392.809998,3511.000000
1432.000000,-161.679077,0.242676,0.093056,0.932129,0.294434,0.894956,0.103536,402.190002,3512.000000
1433.000000,-186.219604,0.243652,0.092528,0.932617,0.294678,0.895213,0.102324,465.790009,3513.000000
1434.000000,-188.743484,0.243896,0.090409,0.931885,0.295166,0.895441,0.100677,477.750000,3521.000000
1435.000000,-166.726608,0.242920,0.089654,0.935303,0.295898,0.898786,0.100986,420.609985,3513.000000
1436.000000,-180.450378,0.240967,0.087601,0.932129,0.293213,0.895632,0.097995,456.130005,3518.000000
1437.000000,-173.173706,0.239990,0.087470,0.932861,0.291992,0.896003,0.097757,444.059998,3488.000000
1438.000000,-165.636719,0.237305,0.086877,0.932373,0.288330,0.895624,0.096498,422.989990,3502.000000
1439.000000,-170.918472,0.239502,0.088777,0.934570,0.291016,0.897237,0.099459,449.190002,3513.000000
1440.000000,-181.784973,0.242676,0.090322,0.941162,0.292725,0.903499,0.100132,468.970001,3507.000000
1441.000000,-175.687363,0.242920,0.090337,0.941895,0.294922,0.904286,0.101560,447.470001,3503.000000
1442.000000,-184.262299,0.242920,0.090708,0.938232,0.293701,0.901555,0.101275,468.660004,3499.000000
1443.000000,-177.112976,0.240479,0.087740,0.931641,0.292236,0.895436,0.098804,453.179993,3526.000000
1444.000000,-172.333710,0.239502,0.086578,0.931396,0.290771,0.895412,0.098207,428.450012,3509.000000
1445.000000,-175.193344,0.239746,0.086680,0.931396,0.291504,0.896004,0.098512,445.540009,3522.000000
1446.000000,-181.777634,0.238770,0.087159,0.928955,0.291748,0.893524,0.099873,472.829987,3514.000000
1447.000000,-177.030350,0.242676,0.091259,0.932617,0.295654,0.897244,0.103576,460.130005,3517.000000
1448.000000,-168.275970,0.245117,0.091316,0.935547,0.295410,0.899274,0.101555,438.630005,3513.000000
1449.000000,-199.391479,0.246338,0.092125,0.938965,0.297363,0.902557,0.102140,505.390015,3520.000000
1450.000000,-185.732162,0.247559,0.091741,0.938232,0.297119,0.901761,0.100122,478.769989,3533.000000
1451.000000,-157.877502,0.247314,0.093562,0.936768,0.295898,0.900711,0.101724,394.130005,3544.000000
1452.000000,-177.197952,0.248779,0.094338,0.938232,0.295898,0.901845,0.100915,445.609985,3538.000000
1453.000000,-175.296585,0.250244,0.094904,0.936768,0.299072,0.900082,0.102983,439.390015,3522.000000
1454.000000,-165.287262,0.248535,0.095322,0.936768,0.296387,0.899643,0.102298,417.190002,3534.000000
1455.000000,-164.937454,0.248535,0.096332,0.933594,0.297119,0.896760,0.104016,410.329987,3529.000000
1456.000000,-177.220825,0.247803,0.096827,0.931885,0.298096,0.894540,0.105104,442.269989,3524.000000
1457.000000,-184.263443,0.247314,0.096923,0.929688,0.297852,0.891431,0.105203,483.109985,3525.000000
1458.000000,-200.785309,0.247070,0.093848,0.936035,0.297363,0.897244,0.102890,518.950012,3494.000000
1459.000000,-184.233444,0.250488,0.094700,0.939697,0.299561,0.901246,0.102293,471.959991,3483.000000
1460.000000,-175.896164,0.250000,0.093982,0.939209,0.300293,0.901094,0.102433,445.119995,3505.000000
1461.000000,-185.514359,0.249268,0.093684,0.940430,0.298340,0.902808,0.101844,449.029999,3511.000000
1462.000000,-189.890213,0.248535,0.092339,0.932861,0.297852,0.895629,0.100820,471.929993,3509.000000
1463.000000,-158.041245,0.245361,0.092512,0.930420,0.293457,0.893571,0.100286,388.170013,3489.000000
1464.000000,-160.690811,0.245605,0.093343,0.931885,0.293457,0.895638,0.100977,405.679993,3489.000000
1465.000000,-190.745453,0.242920,0.091411,0.930176,0.292969,0.893431,0.100793,487.989990,3487.000000
1466.000000,-193.127396,0.246094,0.094428,0.931152,0.295654,0.894512,0.104934,489.380005,3497.000000
1467.000000,-176.247894,0.247070,0.095913,0.927979,0.295654,0.890229,0.105525,428.399994,3504.000000
1468.000000,-169.105698,0.248291,0.096076,0.930908,0.296631,0.893268,0.105423,434.440002,3505.000000
1469.000000,-192.582794,0.249756,0.096171,0.936035,0.299561,0.897821,0.106726,480.630005,3488.000000
1470.000000,-178.440796,0.251221,0.096113,0.938232,0.300537,0.899853,0.106954,442.920013,3485.000000
1471.000000,-187.827728,0.244385,0.091706,0.932861,0.292236,0.895074,0.101601,462.970001,3481.000000
1472.000000,-200.931870,0.245605,0.092840,0.928223,0.291260,0.890108,0.101320,505.540009,3504.000000
1473.000000,-200.242599,0.247559,0.092508,0.931885,0.292969,0.894626,0.101643,488.559998,3395.000000
1474.000000,-173.629776,0.248779,0.094504,0.927246,0.295166,0.890319,0.104573,427.670013,3487.000000
1475.000000,-171.863602,0.252197,0.097982,0.931396,0.298828,0.893668,0.107554,420.730011,3493.000000
1476.000000,-191.694366,0.253174,0.098920,0.931885,0.299072,0.894086,0.107714,479.709991,3513.000000
1477.000000,-180.539047,0.252930,0.099230,0.934570,0.301514,0.896640,0.110359,458.470001,3511.000000
1478.000000,-181.129944,0.253174,0.098343,0.930664,0.302002,0.891876,0.110217,470.359985,3511.000000
1479.000000,-179.668152,0.256104,0.100055,0.931152,0.305176,0.891560,0.111803,457.820007,3527.000000
1480.000000,-175.817261,0.260254,0.101908,0.934570,0.307861,0.895608,0.112297,438.500000,3518.000000
1481.000000,-175.651367,0.259033,0.098400,0.929688,0.307861,0.890972,0.109761,452.649994,3521.000000
1482.000000,-160.383957,0.256592,0.097673,0.924316,0.306396,0.885461,0.109811,402.690002,3522.000000
1483.000000,-171.029434,0.254883,0.095340,0.927246,0.303223,0.887954,0.105933,427.269989,3521.000000
1484.000000,-177.593811,0.254883,0.094475,0.931152,0.303711,0.890909,0.105242,446.209991,3533.000000
1485.000000,-163.201996,0.254150,0.094668,0.937256,0.302246,0.897021,0.105141,414.799988,3526.000000
1486.000000,-153.798279,0.253662,0.093882,0.938721,0.300781,0.897760,0.103225,390.820007,3527.000000
1487.000000,-177.169464,0.251709,0.092507,0.931396,0.297852,0.891619,0.101978,439.910004,3524.000000
1488.000000,-190.721848,0.250000,0.090379,0.930176,0.296631,0.890406,0.100715,480.429993,3533.000000
1489.000000,-188.180481,0.249268,0.091401,0.922119,0.296631,0.883430,0.102210,460.119995,3461.000000
1490.000000,-156.985992,0.253662,0.093614,0.929443,0.299805,0.890385,0.103386,387.920013,3439.000000
1491.000000,-182.843185,0.251709,0.092751,0.935547,0.298096,0.896405,0.103455,453.679993,3471.000000
1492.000000,-165.766174,0.248535,0.091783,0.937744,0.293701,0.898845,0.101120,415.859985,3537.000000
1493.000000,-168.962051,0.249512,0.093967,0.931396,0.295166,0.892569,0.104080,412.730011,3502.000000
1494.000000,-175.135345,0.248047,0.092399,0.928711,0.294434,0.891013,0.103491,431.079987,3482.000000
1495.000000,-175.586655,0.249023,0.091424,0.931885,0.294189,0.894023,0.101100,443.119995,3495.000000
1496.000000,-161.803894,0.248779,0.092520,0.932617,0.294678,0.895367,0.103304,417.970001,3496.000000
1497.000000,-188.465897,0.250244,0.093590,0.932861,0.294678,0.896397,0.103066,486.070007,3500.000000
1498.000000,-176.627136,0.245605,0.090463,0.928467,0.291016,0.891856,0.100976,448.290009,3510.000000
1499.000000,-165.020432,0.242920,0.089545,0.928467,0.288574,0.891497,0.099518,413.980011,3509.000000
1500.000000,-173.936508,0.243652,0.090797,0.930176,0.290771,0.893193,0.101385,438.799988,3512.000000
1501.000000,-164.524353,0.246826,0.092536,0.932129,0.294434,0.894857,0.103544,415.850006,3500.000000
1502.000000,-164.452988,0.244873,0.091385,0.934326,0.293457,0.896737,0.102569,420.470001,3504.000000
1503.000000,-163.742203,0.246094,0.091677,0.937500,0.294678,0.900607,0.102880,413.600006,3510.000000
1504.000000,-186.292130,0.245850,0.093576,0.933594,0.294189,0.897340,0.104535,463.769989,3524.000000
1505.000000,-196.002365,0.244385,0.092450,0.929932,0.291504,0.893955,0.102159,506.000000,3508.000000
1506.000000,-193.167099,0.242432,0.090456,0.929199,0.291016,0.892614,0.100821,495.000000,3499.000000
1507.000000,-180.951706,0.244141,0.090531,0.933594,0.292725,0.896445,0.100510,458.230011,3522.000000
1508.000000,-182.103027,0.241943,0.090239,0.937012,0.290527,0.899783,0.099812,459.700012,3512.000000
1509.000000,-163.391113,0.243164,0.090218,0.935791,0.292236,0.897754,0.100852,411.290009,3508.000000
1510.000000,-163.991837,0.243896,0.088769,0.934570,0.292236,0.895908,0.099052,423.959991,3506.000000
1511.000000,-151.147354,0.246094,0.089580,0.938232,0.295898,0.898870,0.100751,379.970001,3504.000000
1512.000000,-167.911606,0.248291,0.091706,0.937744,0.297363,0.897491,0.102563,422.850006,3523.000000
1513.000000,-169.304703,0.242432,0.089350,0.931885,0.292480,0.891985,0.100346,415.559998,3518.000000
1514.000000,-180.260712,0.241699,0.090041,0.927979,0.290039,0.888764,0.099790,434.119995,3517.000000
1515.000000,-181.231659,0.240234,0.088339,0.929199,0.290527,0.890315,0.099772,435.399994,3506.000000
1516.000000,-176.135162,0.240234,0.088263,0.929932,0.289307,0.891435,0.098571,453.600006,3510.000000
1517.000000,-173.150192,0.241211,0.088084,0.928223,0.290527,0.890440,0.099561,443.089996,3508.000000
1518.000000,-199.321426,0.244385,0.089236,0.929688,0.292725,0.891828,0.099439,509.750000,3472.000000
1519.000000,-180.249649,0.244873,0.089558,0.930664,0.292480,0.892777,0.099864,450.220001,3496.000000
1520.000000,-170.686005,0.242920,0.090448,0.930908,0.290283,0.892176,0.099997,424.600006,3503.000000
1521.000000,-171.522263,0.245117,0.092433,0.929932,0.293701,0.891228,0.102509,433.089996,3506.000000
1522.000000,-178.223587,0.248291,0.095746,0.931641,0.296875,0.892876,0.105371,454.510010,3484.000000
1523.000000,-170.794739,0.250244,0.094752,0.936279,0.299805,0.897026,0.105777,435.420013,3495.000000
1524.000000,-167.133453,0.250000,0.095924,0.935547,0.297852,0.897051,0.106064,422.200012,3549.000000
1525.000000,-155.755646,0.245361,0.092726,0.935547,0.292969,0.896767,0.102940,391.980011,3527.000000
1526.000000,-176.295059,0.242676,0.090000,0.937012,0.291504,0.897472,0.101558,442.880005,3484.000000
1527.000000,-196.983612,0.249023,0.095578,0.936035,0.299316,0.896139,0.107793,493.019989,3464.000000
1528.000000,-163.406097,0.250000,0.095459,0.935303,0.299072,0.895629,0.106404,406.209991,3471.000000
1529.000000,-170.427780,0.247314,0.092733,0.932861,0.297607,0.892899,0.104697,429.910004,3478.000000
1530.000000,-192.547852,0.248779,0.093582,0.929443,0.299316,0.889343,0.105648,479.410004,3495.000000
1531.000000,-183.654007,0.251465,0.095856,0.929199,0.303467,0.889475,0.109765,450.540009,3477.000000
1532.000000,-172.370697,0.255859,0.097907,0.934814,0.306885,0.895672,0.110530,428.950012,3479.000000
1533.000000,-162.310287,0.258057,0.096700,0.936768,0.308350,0.896864,0.108861,411.100006,3469.000000
1534.000000,-153.725433,0.259521,0.098760,0.935791,0.309570,0.895495,0.110740,390.470001,3490.000000
1535.000000,-167.715118,0.258301,0.095590,0.936523,0.307861,0.896179,0.107379,426.070007,3462.000000
1536.000000,-189.087128,0.254639,0.093722,0.930176,0.306152,0.889362,0.107264,477.140015,3478.000000
1537.000000,-186.354782,0.252197,0.092264,0.927734,0.301514,0.886685,0.102741,458.850006,3380.000000
1538.000000,-185.135422,0.253418,0.093505,0.928467,0.302490,0.886673,0.104221,475.049988,3492.000000
1539.000000,-176.191589,0.250488,0.091387,0.931641,0.299072,0.889755,0.101551,442.100006,3480.000000
1540.000000,-166.481125,0.249268,0.091579,0.928711,0.299316,0.886116,0.102968,426.589996,3484.000000
1541.000000,-166.135666,0.251953,0.093732,0.933838,0.302734,0.890813,0.106363,423.190002,3507.000000
1542.000000,-178.151978,0.253662,0.094552,0.936523,0.304199,0.893184,0.107678,455.109985,3517.000000
1543.000000,-166.569611,0.258789,0.098245,0.940430,0.308105,0.897576,0.110348,419.489990,3503.000000
1544.000000,-155.135147,0.254150,0.096761,0.932861,0.303467,0.890419,0.108353,385.880005,3531.000000
1545.000000,-174.301895,0.255371,0.096338,0.929443,0.303711,0.887536,0.107504,432.130005,3514.000000
1546.000000,-177.538528,0.251953,0.093172,0.928711,0.302490,0.886126,0.106425,446.709991,3518.000000
1547.000000,-187.442780,0.255371,0.097909,0.929932,0.303467,0.888014,0.108656,451.200012,3523.000000
1548.000000,-179.517822,0.254150,0.095359,0.932617,0.301514,0.890344,0.105991,448.059998,3500.000000
1549.000000,-173.334305,0.253418,0.094090,0.934570,0.302002,0.891582,0.104770,434.579987,3506.000000
1550.000000,-161.615952,0.250000,0.092972,0.934326,0.300537,0.890590,0.105152,404.809998,3492.000000
1551.000000,-168.380554,0.248779,0.092399,0.935059,0.296875,0.892430,0.102752,411.000000,3492.000000
1552.000000,-186.320694,0.249512,0.091986,0.933594,0.296143,0.891547,0.101261,456.559998,3499.000000
1553.000000,-162.510315,0.245850,0.090775,0.929443,0.292969,0.888466,0.101018,389.929993,3500.000000
1554.000000,-163.107376,0.242188,0.089400,0.929688,0.289062,0.888467,0.099376,414.829987,3504.000000
1555.000000,-173.606598,0.243408,0.091876,0.929199,0.290283,0.887251,0.101837,437.730011,3482.000000
1556.000000,-189.800873,0.242188,0.091979,0.930664,0.289551,0.889587,0.102007,473.619995,3497.000000
1557.000000,-156.648788,0.236328,0.090360,0.927979,0.283936,0.886833,0.100406,401.100006,3512.000000
1558.000000,-166.890930,0.235352,0.087294,0.926270,0.283203,0.885352,0.097753,418.130005,3506.000000
1559.000000,-174.599213,0.234863,0.085858,0.930420,0.283447,0.889154,0.096408,422.160004,3495.000000
1560.000000,-166.229385,0.240234,0.088178,0.937988,0.289551,0.896030,0.099260,406.119995,3489.000000
1561.000000,-178.431747,0.240234,0.088271,0.939697,0.288086,0.897832,0.097784,432.670013,3485.000000
1562.000000,-178.957840,0.239746,0.088355,0.930176,0.286621,0.889179,0.097175,443.730011,3491.000000
1563.000000,-176.019821,0.239014,0.088329,0.926025,0.287354,0.885169,0.098964,435.489990,3498.000000
1564.000000,-184.080460,0.240234,0.088861,0.926270,0.290283,0.886187,0.100447,446.899994,3490.000000
1565.000000,-176.790497,0.245605,0.093141,0.934814,0.295410,0.895156,0.103262,436.380005,3492.000000
1566.000000,-170.870483,0.239258,0.089427,0.930664,0.289062,0.891028,0.099757,434.429993,3486.000000
1567.000000,-166.194016,0.237793,0.088083,0.930908,0.286133,0.890816,0.097373,423.790009,3502.000000
1568.000000,-162.994904,0.236084,0.087647,0.927734,0.284668,0.888455,0.098042,390.980011,3501.000000
1569.000000,-146.749588,0.236084,0.088365,0.930664,0.283691,0.890432,0.097749,371.390015,3521.000000
1570.000000,-179.837875,0.232666,0.085612,0.930176,0.281250,0.889956,0.096617,461.260010,3514.000000
1571.000000,-206.292572,0.238037,0.088519,0.935303,0.286621,0.894053,0.099802,512.960022,3512.000000
1572.000000,-182.927063,0.239746,0.088139,0.938232,0.288330,0.896827,0.099277,460.940002,3553.000000
1573.000000,-163.644760,0.238281,0.087849,0.938477,0.285645,0.897597,0.097510,407.709991,3536.000000
1574.000000,-180.996460,0.239014,0.087039,0.937012,0.286621,0.895943,0.097335,470.250000,3529.000000
1575.000000,-189.682373,0.243896,0.089661,0.938232,0.293457,0.897347,0.101197,472.950012,3531.000000
1576.000000,-166.119141,0.242432,0.090131,0.935791,0.292480,0.895597,0.101003,416.329987,3527.000000
1577.000000,-170.567154,0.242676,0.089561,0.934570,0.293213,0.894018,0.100474,426.500000,3522.000000
1578.000000,-179.161652,0.242676,0.087827,0.935791,0.293945,0.895429,0.098452,448.690002,3544.000000
1579.000000,-172.409866,0.244141,0.090133,0.935303,0.296875,0.895219,0.101872,440.720001,3548.000000
1580.000000,-183.556610,0.247314,0.092707,0.938477,0.299561,0.897590,0.103252,455.760010,3527.000000
1581.000000,-184.774643,0.244873,0.091501,0.939453,0.297607,0.898673,0.102388,458.299988,3528.000000
1582.000000,-182.229050,0.246338,0.092306,0.940430,0.298584,0.899555,0.102362,454.250000,3515.000000
1583.000000,-176.312897,0.245117,0.090276,0.935547,0.298584,0.894576,0.101839,437.829987,3519.000000
1584.000000,-154.854233,0.246826,0.091050,0.937500,0.298096,0.896165,0.101082,384.570007,3523.000000
1585.000000,-166.224091,0.245117,0.088301,0.938721,0.295898,0.896218,0.097837,410.980011,3535.000000
1586.000000,-164.424973,0.242920,0.087444,0.935547,0.293457,0.893948,0.096701,408.619995,3516.000000
1587.000000,-170.582306,0.241211,0.086717,0.935791,0.292236,0.894496,0.096257,430.369995,3537.000000
1588.000000,-175.165787,0.243408,0.089916,0.934570,0.295166,0.893330,0.099994,430.880005,3534.000000
1589.000000,-160.891296,0.242920,0.091835,0.932129,0.296143,0.890397,0.103651,411.390015,3502.000000
1590.000000,-188.275528,0.241943,0.091086,0.933594,0.294678,0.891834,0.102662,484.410004,3498.000000
1591.000000,-182.607483,0.242920,0.092778,0.938232,0.295898,0.896129,0.104181,453.619995,3491.000000
1592.000000,-167.330551,0.240723,0.090762,0.935791,0.293213,0.894336,0.101025,419.910004,3505.000000
1593.000000,-163.663651,0.243896,0.094379,0.937256,0.295654,0.895903,0.103825,410.209991,3500.000000
1594.000000,-176.325211,0.246826,0.098221,0.938477,0.299561,0.897233,0.108496,448.880005,3508.000000
1595.000000,-176.574280,0.244873,0.096729,0.937500,0.298096,0.895915,0.107430,445.529999,3497.000000
1596.000000,-181.413834,0.243164,0.094831,0.932861,0.297607,0.891427,0.106682,456.890015,3497.000000
1597.000000,-189.813614,0.241943,0.094648,0.931641,0.295654,0.890132,0.105481,481.040009,3512.000000
1598.000000,-176.821793,0.243408,0.097341,0.935059,0.296143,0.893574,0.107502,453.820007,3524.000000
1599.000000,-181.060715,0.240967,0.095918,0.933105,0.293945,0.891689,0.106302,466.089996,3500.000000
1600.000000,-203.660461,0.243164,0.095436,0.932373,0.296875,0.891266,0.106727,509.440002,3497.000000
1601.000000,-189.788818,0.242920,0.093533,0.930664,0.295410,0.890050,0.103624,464.839996,3391.000000
1602.000000,-189.664902,0.247314,0.094808,0.933350,0.299805,0.893022,0.104736,454.230011,3457.000000
1603.000000,-175.214401,0.251709,0.096891,0.935791,0.304688,0.894206,0.107121,457.880005,3468.000000
1604.000000,-182.915421,0.249268,0.095347,0.934326,0.302490,0.892456,0.105860,481.519989,3452.000000
1605.000000,-197.103851,0.253174,0.098786,0.937744,0.305176,0.895092,0.107334,504.910004,3474.000000
1606.000000,-177.110840,0.250244,0.097224,0.933594,0.302734,0.891489,0.106931,440.489990,3473.000000
1607.000000,-200.808884,0.250488,0.097056,0.934570,0.301514,0.893450,0.106182,469.779999,3476.000000
1608.000000,-180.849976,0.250244,0.096217,0.936279,0.302002,0.895374,0.105994,432.920013,3458.000000
1609.000000,-166.021439,0.246826,0.095247,0.936279,0.298340,0.895322,0.105100,403.209991,3470.000000
1610.000000,-189.864197,0.247803,0.096573,0.934326,0.298584,0.893614,0.105941,456.220001,3465.000000
1611.000000,-168.440048,0.248291,0.095522,0.936768,0.298828,0.895409,0.104720,406.890015,3472.000000
1612.000000,-170.206955,0.251709,0.096421,0.944336,0.301758,0.901802,0.104869,429.260010,3490.000000
1613.000000,-173.175980,0.247803,0.093834,0.943359,0.298340,0.900938,0.102848,436.690002,3476.000000
1614.000000,-173.263199,0.246338,0.093344,0.936279,0.296387,0.894414,0.102147,429.950012,3483.000000
1615.000000,-176.508942,0.243164,0.091203,0.931885,0.292969,0.889473,0.100168,444.339996,3480.000000
1616.000000,-182.592850,0.241211,0.089340,0.930908,0.290283,0.887933,0.098036,468.649994,3479.000000
1617.000000,-177.033615,0.242432,0.090063,0.936279,0.291992,0.893548,0.099604,445.649994,3469.000000
1618.000000,-181.948029,0.243408,0.092320,0.932861,0.292480,0.891403,0.101744,454.130005,3468.000000
1619.000000,-193.823090,0.242432,0.094120,0.928223,0.289062,0.887041,0.102217,474.910004,3464.000000
1620.000000,-175.128601,0.239014,0.091242,0.926270,0.286865,0.885369,0.100527,435.739990,3460.000000
1621.000000,-170.644287,0.236816,0.091163,0.928955,0.284668,0.888330,0.100313,428.579987,3459.000000
1622.000000,-189.810165,0.239746,0.093962,0.935059,0.288574,0.893825,0.103873,484.910004,3456.000000
1623.000000,-159.193146,0.240967,0.094709,0.934814,0.288330,0.893754,0.103988,403.269989,3452.000000
1624.000000,-179.676361,0.241943,0.094566,0.937988,0.289307,0.896708,0.105024,460.760010,3488.000000
1625.000000,-174.136063,0.243896,0.094961,0.942139,0.290771,0.900163,0.105239,437.079987,3482.000000
1626.000000,-179.201706,0.246338,0.095965,0.940430,0.294434,0.899263,0.107430,453.299988,3471.000000
1627.000000,-182.333588,0.249756,0.098424,0.936523,0.297119,0.895839,0.109822,459.350006,3487.000000
1628.000000,-157.449951,0.246582,0.096308,0.934082,0.294922,0.893292,0.108448,390.570007,3479.000000
1629.000000,-154.989731,0.242432,0.092932,0.930908,0.292480,0.890651,0.105967,378.290009,3474.000000
1630.000000,-184.748016,0.239990,0.091351,0.934326,0.291016,0.894226,0.105850,454.799988,3459.000000
1631.000000,-170.885788,0.240234,0.090046,0.937256,0.290283,0.896903,0.103749,429.929993,3473.000000
1632.000000,-180.120316,0.240234,0.088676,0.940430,0.290283,0.899561,0.102163,454.149994,3475.000000
1633.000000,-192.255432,0.240967,0.088336,0.941406,0.292236,0.900647,0.102770,485.549988,3474.000000
1634.000000,-171.225266,0.245361,0.090909,0.943359,0.294678,0.902270,0.102769,430.970001,3470.000000
1635.000000,-172.368469,0.242676,0.089245,0.939941,0.292725,0.898558,0.101210,423.149994,3475.000000
1636.000000,-172.019196,0.245850,0.090528,0.941406,0.296143,0.899512,0.101967,427.369995,3479.000000
1637.000000,-172.518692,0.247314,0.091427,0.941895,0.298340,0.899389,0.103645,429.690002,3468.000000
1638.000000,-195.643768,0.246094,0.090099,0.938477,0.295654,0.895797,0.101052,495.609985,3463.000000
1639.000000,-179.470184,0.246582,0.091504,0.938721,0.295898,0.895664,0.102933,446.010010,3466.000000
1640.000000,-190.673767,0.247559,0.091829,0.932129,0.296875,0.889329,0.102817,485.730011,3464.000000
1641.000000,-209.858017,0.248047,0.090366,0.936035,0.298340,0.893814,0.102620,531.619995,3477.000000
1642.000000,-180.137527,0.248291,0.092087,0.933594,0.299072,0.891571,0.104249,457.769989,3482.000000
1643.000000,-190.940781,0.248047,0.091998,0.934326,0.297852,0.892009,0.102829,484.019989,3461.000000
1644.000000,-187.164780,0.245605,0.091348,0.930664,0.296631,0.888094,0.103336,478.500000,3478.000000
1645.000000,-166.628601,0.243896,0.090563,0.928223,0.295654,0.885384,0.104161,424.369995,3457.000000
1646.000000,-178.338699,0.245117,0.092009,0.928711,0.298096,0.885322,0.106822,462.149994,3483.000000
1647.000000,-169.983551,0.244873,0.092691,0.929443,0.297607,0.887204,0.106956,425.500000,3489.000000
1648.000000,-162.983582,0.241943,0.091102,0.932129,0.294189,0.889524,0.104449,419.679993,3470.000000
1649.000000,-144.263992,0.241455,0.091751,0.929199,0.293701,0.886446,0.104576,363.609985,3479.000000
1650.000000,-166.576370,0.244873,0.093303,0.934326,0.298096,0.891499,0.106739,420.670013,3511.000000
1651.000000,-172.095093,0.245361,0.093657,0.937744,0.297852,0.894129,0.106794,432.929993,3495.000000
1652.000000,-172.102951,0.242188,0.091703,0.937012,0.292480,0.893568,0.102872,423.670013,3474.000000
1653.000000,-169.532364,0.241211,0.093716,0.931641,0.292725,0.889336,0.106582,418.980011,3460.000000
1654.000000,-163.295410,0.240479,0.094528,0.927734,0.291748,0.886026,0.106996,410.869995,3465.000000
1655.000000,-168.821701,0.239990,0.093865,0.929688,0.292969,0.888038,0.107526,413.690002,3466.000000
1656.000000,-182.326477,0.239746,0.092687,0.931641,0.291748,0.890233,0.104726,445.890015,3477.000000
1657.000000,-152.700607,0.241943,0.092275,0.934326,0.292480,0.893074,0.102886,378.380005,3477.000000
1658.000000,-169.922882,0.241943,0.090332,0.938477,0.292969,0.897757,0.101015,418.049988,3487.000000
1659.000000,-158.296310,0.246094,0.094610,0.940186,0.298340,0.899705,0.106338,399.459991,3494.000000
1660.000000,-155.339203,0.245117,0.094220,0.933838,0.296631,0.894297,0.105710,390.480011,3494.000000
1661.000000,-191.734436,0.246338,0.093237,0.934326,0.300049,0.895314,0.106943,473.239990,3497.000000
1662.000000,-180.780853,0.247070,0.093727,0.932617,0.300293,0.893684,0.106561,451.829987,3504.000000
1663.000000,-180.447357,0.249756,0.094954,0.935059,0.301270,0.896033,0.106094,452.000000,3481.000000
1664.000000,-183.515488,0.249023,0.094451,0.932129,0.300049,0.893556,0.104213,452.519989,3516.000000
1665.000000,-202.222015,0.249023,0.092749,0.933105,0.300537,0.895597,0.102811,495.910004,3394.000000
1666.000000,-169.898376,0.248779,0.092606,0.935791,0.301514,0.898056,0.103085,417.980011,3505.000000
1667.000000,-161.246490,0.246582,0.092936,0.932861,0.298584,0.894755,0.102947,406.420013,3511.000000
1668.000000,-171.086044,0.247314,0.092615,0.933594,0.299072,0.895218,0.101862,435.329987,3492.000000
1669.000000,-194.897263,0.245850,0.092226,0.926758,0.299561,0.888853,0.103065,488.029999,3485.000000
1670.000000,-186.174271,0.247070,0.094371,0.929932,0.301270,0.892408,0.105522,469.140015,3503.000000
1671.000000,-168.441635,0.248779,0.095661,0.927734,0.302002,0.889762,0.106736,424.230011,3471.000000
1672.000000,-181.719604,0.243408,0.091075,0.926025,0.296387,0.887530,0.101892,465.230011,3486.000000
1673.000000,-165.413620,0.242432,0.091337,0.930176,0.296875,0.890876,0.102780,408.600006,3491.000000
1674.000000,-201.864349,0.243896,0.092695,0.928711,0.297607,0.890219,0.103326,502.730011,3497.000000
1675.000000,-178.367325,0.245361,0.093327,0.931396,0.299072,0.892410,0.103995,450.200012,3503.000000
1676.000000,-174.500549,0.243164,0.094908,0.925049,0.295410,0.886560,0.104726,452.149994,3483.000000
1677.000000,-181.330795,0.245605,0.095818,0.928223,0.298096,0.889026,0.106683,459.579987,3495.000000
1678.000000,-204.759842,0.245117,0.095905,0.926025,0.298096,0.886107,0.107631,518.030029,3511.000000
1679.000000,-185.086243,0.248779,0.099908,0.933105,0.301270,0.892494,0.110536,460.839996,3488.000000
1680.000000,-171.377472,0.250488,0.099619,0.933350,0.303467,0.893181,0.110558,418.760010,3494.000000
1681.000000,-173.432983,0.251953,0.099930,0.937744,0.304199,0.897959,0.108965,431.359985,3522.000000
1682.000000,-174.193420,0.246826,0.096418,0.932129,0.299316,0.893417,0.106278,433.260010,3494.000000
1683.000000,-172.936142,0.245850,0.095765,0.929932,0.298340,0.891477,0.105853,435.660004,3500.000000
1684.000000,-178.550537,0.245361,0.096066,0.925293,0.299316,0.887109,0.107260,453.519989,3497.000000
1685.000000,-173.401245,0.242676,0.094915,0.927246,0.296387,0.889570,0.106119,425.109985,3507.000000
1686.000000,-178.425995,0.241943,0.092372,0.931396,0.295166,0.893147,0.102773,436.410004,3478.000000
1687.000000,-178.482193,0.240723,0.089523,0.932617,0.295166,0.894033,0.101467,461.410004,3489.000000
1688.000000,-182.299957,0.242676,0.092923,0.929688,0.297119,0.890549,0.104781,472.940002,3504.000000
1689.000000,-181.613983,0.245361,0.094972,0.928223,0.297852,0.890191,0.105625,456.549988,3498.000000
1690.000000,-184.121613,0.246826,0.094209,0.933350,0.298584,0.895109,0.104798,465.279999,3494.000000
1691.000000,-183.561768,0.249268,0.096308,0.929688,0.300293,0.891463,0.106130,461.500000,3496.000000
1692.000000,-185.316574,0.248779,0.094005,0.931396,0.300293,0.892908,0.103953,477.040009,3485.000000
1693.000000,-182.402359,0.247314,0.092350,0.931641,0.297852,0.892755,0.101557,463.350006,3490.000000
1694.000000,-183.081619,0.250488,0.093640,0.928955,0.300781,0.889775,0.102377,459.179993,3473.000000
1695.000000,-184.858704,0.251953,0.093880,0.930908,0.302246,0.891435,0.102838,475.809998,3506.000000
1696.000000,-169.962891,0.253418,0.095002,0.936768,0.303955,0.896991,0.103562,435.109985,3508.000000
1697.000000,-167.025558,0.255127,0.095335,0.939697,0.307373,0.899638,0.105504,434.350006,3499.000000
1698.000000,-174.297333,0.254883,0.095556,0.936523,0.307129,0.896784,0.106137,439.089996,3514.000000
1699.000000,-183.979919,0.254883,0.096446,0.931152,0.304688,0.893155,0.104512,438.200012,3488.000000
1700.000000,-169.077484,0.253906,0.095868,0.929932,0.304688,0.891811,0.105083,426.549988,3497.000000
1701.000000,-176.674103,0.253174,0.096030,0.925781,0.303711,0.887883,0.104830,448.290009,3505.000000
1702.000000,-176.490128,0.251953,0.094672,0.929199,0.301758,0.890963,0.103573,441.320007,3508.000000
1703.000000,-176.123993,0.253174,0.094523,0.928711,0.304199,0.891208,0.104658,447.429993,3494.000000
1704.000000,-160.935669,0.252197,0.092958,0.930664,0.302490,0.893738,0.102148,403.890015,3500.000000
1705.000000,-159.764328,0.254150,0.093753,0.931641,0.303955,0.895418,0.102694,403.140015,3497.000000
1706.000000,-165.042053,0.254395,0.094292,0.933838,0.303223,0.897568,0.102664,408.529999,3498.000000
1707.000000,-152.268082,0.250000,0.094478,0.928711,0.299316,0.892646,0.104090,379.910004,3513.000000
1708.000000,-191.766068,0.248779,0.093134,0.929932,0.297852,0.893770,0.102474,476.010010,3513.000000
1709.000000,-185.269028,0.249268,0.093288,0.934570,0.299805,0.898248,0.104141,474.910004,3496.000000
1710.000000,-175.054688,0.251465,0.096032,0.935303,0.301758,0.899082,0.106014,439.529999,3506.000000
1711.000000,-185.229965,0.248291,0.094356,0.930664,0.298096,0.894771,0.104248,476.579987,3505.000000
1712.000000,-174.504868,0.246338,0.094532,0.928955,0.295898,0.892651,0.103991,416.059998,3523.000000
1713.000000,-182.698669,0.245117,0.092852,0.925293,0.295654,0.888528,0.103256,468.579987,3516.000000
1714.000000,-192.193741,0.243896,0.091174,0.928711,0.293701,0.891669,0.101386,478.190002,3511.000000
1715.000000,-176.331467,0.241455,0.089189,0.930664,0.291748,0.893348,0.099528,437.600006,3515.000000
1716.000000,-174.619797,0.242432,0.089103,0.933105,0.292725,0.894705,0.099162,454.070007,3509.000000
1717.000000,-155.844833,0.243408,0.091065,0.933350,0.293945,0.895743,0.102125,390.109985,3494.000000
1718.000000,-151.925400,0.247070,0.092711,0.932617,0.296387,0.894913,0.102858,394.910004,3500.000000
1719.000000,-163.950974,0.242676,0.090079,0.928955,0.292725,0.891097,0.101582,415.980011,3519.000000
1720.000000,-159.229385,0.244873,0.091062,0.933350,0.294678,0.894907,0.102203,394.299988,3514.000000
1721.000000,-178.801682,0.245850,0.091964,0.933350,0.295654,0.895373,0.103283,455.649994,3520.000000
1722.000000,-175.014175,0.245605,0.091849,0.933350,0.293701,0.894900,0.101857,449.649994,3519.000000
1723.000000,-155.232086,0.243896,0.091778,0.931396,0.291016,0.892530,0.101912,386.880005,3510.000000
1724.000000,-182.856293,0.246338,0.093814,0.933594,0.293213,0.893599,0.104205,470.350006,3512.000000
1725.000000,-182.605927,0.247559,0.093902,0.936035,0.294922,0.895175,0.104920,462.980011,3476.000000
1726.000000,-162.388977,0.242920,0.090044,0.934570,0.291992,0.894641,0.102131,403.279999,3489.000000
1727.000000,-182.214706,0.240967,0.089319,0.930908,0.289062,0.891259,0.100058,461.690002,3511.000000
1728.000000,-170.600052,0.241699,0.088909,0.933350,0.289551,0.892846,0.099961,431.750000,3500.000000
1729.000000,-183.069077,0.242432,0.088688,0.932861,0.290771,0.891726,0.099849,459.250000,3429.000000
1730.000000,-170.207565,0.243164,0.090143,0.934570,0.291016,0.894563,0.100422,427.600006,3506.000000
1731.000000,-163.116928,0.245605,0.090863,0.937500,0.293213,0.897238,0.100246,406.260010,3488.000000
1732.000000,-171.506943,0.246826,0.090510,0.937500,0.294678,0.897979,0.100203,432.040009,3503.000000
1733.000000,-161.626450,0.246094,0.089661,0.941162,0.294678,0.901442,0.099873,404.369995,3504.000000
1734.000000,-190.391205,0.245361,0.090424,0.938232,0.292725,0.899058,0.100219,485.829987,3505.000000
1735.000000,-192.913544,0.247314,0.090898,0.940430,0.294922,0.900922,0.100681,494.380005,3497.000000
1736.000000,-165.831558,0.244873,0.089325,0.936279,0.291992,0.897367,0.099495,408.989990,3514.000000
1737.000000,-167.808762,0.247314,0.090828,0.938232,0.295898,0.898967,0.102746,415.459991,3497.000000
1738.000000,-191.757584,0.252686,0.092820,0.939453,0.300537,0.899431,0.103989,477.769989,3484.000000
1739.000000,-179.469803,0.252441,0.094876,0.932373,0.301514,0.892161,0.107140,453.839996,3509.000000
1740.000000,-172.245224,0.255371,0.095981,0.929932,0.303711,0.889392,0.107008,438.579987,3497.000000
1741.000000,-171.382339,0.252197,0.092602,0.929688,0.301758,0.889138,0.104676,440.739990,3482.000000
1742.000000,-157.208130,0.247803,0.089701,0.928223,0.297119,0.888168,0.101906,393.470001,3492.000000
1743.000000,-176.621094,0.249268,0.089629,0.928467,0.297852,0.888458,0.101152,442.220001,3493.000000
1744.000000,-178.326233,0.248047,0.088298,0.929688,0.295410,0.889701,0.099193,451.320007,3476.000000
1745.000000,-164.112289,0.248047,0.089198,0.934326,0.293945,0.893678,0.098393,403.679993,3408.000000
1746.000000,-176.428879,0.246826,0.089728,0.925293,0.294678,0.884983,0.101195,446.609985,3496.000000
1747.000000,-170.043518,0.246094,0.088426,0.927002,0.292725,0.886636,0.099239,425.980011,3483.000000
1748.000000,-177.719223,0.246094,0.087995,0.928223,0.294678,0.887884,0.100511,461.260010,3510.000000
1749.000000,-164.232300,0.247070,0.088271,0.936523,0.294678,0.896955,0.099684,410.429993,3508.000000
1750.000000,-148.922760,0.244629,0.087381,0.934570,0.292480,0.894915,0.098711,377.670013,3488.000000
1751.000000,-164.128387,0.247803,0.088214,0.938965,0.296143,0.898997,0.099887,416.660004,3496.000000
1752.000000,-171.765289,0.247070,0.088097,0.936523,0.295654,0.895956,0.100120,428.730011,3492.000000
1753.000000,-156.091400,0.250244,0.091395,0.938721,0.298340,0.898507,0.102665,381.529999,3500.000000
1754.000000,-165.382599,0.245605,0.089055,0.931885,0.292969,0.892007,0.099623,414.869995,3485.000000
1755.000000,-160.960464,0.242188,0.088812,0.928711,0.290283,0.888916,0.099986,405.209991,3494.000000
1756.000000,-173.924545,0.242432,0.088462,0.929688,0.291016,0.890148,0.099509,431.779999,3493.000000
1757.000000,-167.362183,0.241211,0.088256,0.932373,0.287598,0.894513,0.097455,398.579987,3499.000000
1758.000000,-187.979874,0.242920,0.087926,0.937744,0.289795,0.900408,0.098491,459.309998,3498.000000
1759.000000,-168.482925,0.241211,0.088090,0.936035,0.287109,0.898788,0.097203,408.179993,3488.000000
1760.000000,-169.875336,0.241943,0.088554,0.938232,0.288086,0.902060,0.098232,419.010010,3491.000000
1761.000000,-180.228867,0.244873,0.092134,0.935547,0.290771,0.899491,0.101907,454.059998,3487.000000
1762.000000,-180.666336,0.248047,0.094992,0.936279,0.293945,0.899792,0.105296,450.619995,3481.000000
1763.000000,-169.543472,0.247559,0.096131,0.935303,0.292480,0.898868,0.105470,435.000000,3505.000000
1764.000000,-185.265930,0.250000,0.097398,0.931641,0.294678,0.895747,0.106452,476.029999,3509.000000
1765.000000,-197.424194,0.251953,0.098075,0.927002,0.296875,0.890760,0.106919,496.640015,3513.000000
1766.000000,-182.310089,0.253906,0.098112,0.930176,0.299561,0.893175,0.107554,460.700012,3523.000000
1767.000000,-207.574692,0.257812,0.100731,0.931641,0.302734,0.895292,0.110228,509.250000,3505.000000
1768.000000,-181.564529,0.259277,0.099489,0.932617,0.304932,0.896372,0.110670,461.609985,3499.000000
1769.000000,-159.983124,0.256592,0.097687,0.927002,0.300781,0.891600,0.108293,402.559998,3520.000000
1770.000000,-170.440063,0.256348,0.096753,0.927246,0.301758,0.891387,0.108342,426.190002,3518.000000
1771.000000,-171.964417,0.255371,0.095953,0.930420,0.302002,0.894254,0.108643,435.760010,3518.000000
1772.000000,-185.011002,0.259521,0.097953,0.931641,0.305176,0.896268,0.109249,468.859985,3504.000000
1773.000000,-174.974503,0.261963,0.098267,0.935303,0.307373,0.899755,0.109224,442.140015,3500.000000
1774.000000,-167.831619,0.259277,0.096446,0.933838,0.303955,0.898659,0.107111,433.970001,3508.000000
1775.000000,-174.762039,0.257080,0.095239,0.930420,0.301514,0.895524,0.105481,449.850006,3495.000000
1776.000000,-164.324615,0.257568,0.095829,0.929199,0.301514,0.893579,0.105776,425.149994,3497.000000
1777.000000,-168.467545,0.254639,0.093910,0.932129,0.298828,0.897141,0.104660,419.019989,3496.000000
1778.000000,-184.846390,0.253662,0.093587,0.930176,0.296875,0.896504,0.104142,448.130005,3504.000000
1779.000000,-164.456848,0.253174,0.092087,0.931152,0.297607,0.896877,0.103522,417.130005,3511.000000
1780.000000,-177.186554,0.252930,0.092716,0.932373,0.297607,0.898686,0.103861,440.000000,3495.000000
1781.000000,-162.860092,0.251709,0.091364,0.934570,0.296875,0.900053,0.102763,410.000000,3503.000000
1782.000000,-176.979248,0.252197,0.092702,0.933105,0.298096,0.898615,0.104911,446.670013,3500.000000
1783.000000,-174.845459,0.252686,0.093993,0.934570,0.297607,0.900859,0.105466,437.109985,3493.000000
1784.000000,-167.630508,0.253418,0.096044,0.933594,0.298584,0.899411,0.107572,424.720001,3507.000000
1785.000000,-188.615311,0.257568,0.097403,0.937988,0.301758,0.903998,0.108559,465.839996,3478.000000
1786.000000,-162.625961,0.254639,0.097135,0.935547,0.297607,0.901156,0.106255,398.910004,3496.000000
1787.000000,-188.478699,0.252930,0.095412,0.933838,0.297119,0.900165,0.105686,468.450012,3504.000000
1788.000000,-181.444489,0.251709,0.094292,0.929199,0.295166,0.895586,0.104287,461.049988,3496.000000
1789.000000,-181.692108,0.251221,0.093719,0.932861,0.294434,0.899053,0.103128,456.730011,3507.000000
1790.000000,-188.408844,0.250488,0.093014,0.930908,0.294678,0.897448,0.103530,475.910004,3499.000000
1791.000000,-163.558472,0.248779,0.093399,0.936035,0.292969,0.902589,0.103887,406.260010,3513.000000
1792.000000,-168.448730,0.246826,0.093352,0.931152,0.291504,0.898067,0.103797,430.859985,3516.000000
1793.000000,-164.021652,0.245605,0.092901,0.934326,0.290771,0.901697,0.104220,411.700012,3422.000000
1794.000000,-187.042984,0.244873,0.092930,0.932129,0.289307,0.900039,0.104061,474.369995,3498.000000
1795.000000,-154.835480,0.243164,0.092386,0.929688,0.287842,0.897781,0.103818,396.640015,3498.000000
1796.000000,-156.946121,0.245117,0.093170,0.934570,0.288818,0.902932,0.103375,387.660004,3479.000000
1797.000000,-173.413757,0.243408,0.091813,0.931396,0.286377,0.899343,0.102195,433.309998,3504.000000
1798.000000,-179.275604,0.247559,0.093544,0.935547,0.291260,0.902804,0.104229,454.529999,3482.000000
1799.000000,-177.668137,0.247070,0.092608,0.934570,0.291992,0.901702,0.103804,451.399994,3469.000000
1800.000000,-174.175644,0.248779,0.094914,0.932617,0.294434,0.899652,0.106409,440.489990,3507.000000
1801.000000,-179.240204,0.249756,0.093251,0.933105,0.295166,0.898835,0.104860,451.450012,3493.000000
1802.000000,-182.983261,0.251465,0.092230,0.936035,0.298096,0.901364,0.104428,461.859985,3498.000000
1803.000000,-151.970810,0.250000,0.091160,0.937012,0.298096,0.901944,0.104637,379.450012,3493.000000
1804.000000,-165.521454,0.248291,0.092135,0.934570,0.297852,0.899500,0.105549,413.170013,3505.000000
1805.000000,-183.119431,0.249756,0.092598,0.933105,0.298096,0.897667,0.105225,462.209991,3506.000000
1806.000000,-180.432892,0.248291,0.093034,0.928955,0.297119,0.893880,0.106235,453.209991,3505.000000
1807.000000,-185.665527,0.249512,0.095538,0.929199,0.296143,0.894628,0.108359,457.809998,3485.000000
1808.000000,-184.722855,0.250000,0.092777,0.929688,0.297119,0.895007,0.105236,459.329987,3476.000000
1809.000000,-163.007538,0.246094,0.090605,0.929688,0.293945,0.894766,0.103530,408.140015,3487.000000
1810.000000,-166.236725,0.244629,0.089001,0.929443,0.289795,0.895189,0.099797,412.640015,3497.000000
1811.000000,-173.258499,0.243896,0.087621,0.932861,0.290283,0.898935,0.099241,429.869995,3493.000000
1812.000000,-182.301346,0.244385,0.086869,0.935303,0.291504,0.901557,0.099156,464.019989,3473.000000
1813.000000,-187.354584,0.245605,0.086658,0.934814,0.291748,0.901106,0.097840,478.779999,3487.000000
1814.000000,-179.009644,0.243896,0.085816,0.934326,0.290771,0.900258,0.097588,448.359985,3455.000000
1815.000000,-186.428177,0.245850,0.088037,0.935059,0.293213,0.900231,0.100350,466.399994,3422.000000
1816.000000,-187.788452,0.247559,0.090277,0.932129,0.294189,0.897462,0.101266,467.640015,3410.000000
1817.000000,-172.060318,0.243652,0.087924,0.928955,0.291260,0.894397,0.099647,429.200012,3510.000000
1818.000000,-174.189316,0.245850,0.091685,0.930664,0.293213,0.895700,0.103001,455.589996,3497.000000
1819.000000,-170.445999,0.243896,0.090451,0.930420,0.291504,0.895130,0.101469,432.179993,3500.000000
1820.000000,-155.133209,0.239502,0.088667,0.930420,0.286377,0.895239,0.099343,386.869995,3427.000000
1821.000000,-177.610504,0.242676,0.090619,0.933105,0.288086,0.897825,0.100227,451.470001,3432.000000
1822.000000,-166.946121,0.239258,0.090704,0.932617,0.285156,0.898003,0.100868,417.070007,3407.000000
1823.000000,-183.130966,0.239990,0.091742,0.931641,0.287842,0.896766,0.103844,448.799988,3481.000000
1824.000000,-175.394485,0.236328,0.088663,0.929688,0.284912,0.894574,0.101496,433.089996,3495.000000
1825.000000,-171.844925,0.235596,0.089469,0.929443,0.285156,0.893736,0.102481,439.250000,3486.000000
1826.000000,-190.359116,0.234619,0.088503,0.929443,0.283691,0.893658,0.100510,478.540009,3514.000000
1827.000000,-162.046875,0.236572,0.090547,0.928223,0.284424,0.891939,0.101291,411.010010,3513.000000
1828.000000,-148.884109,0.234375,0.090006,0.926758,0.281738,0.890323,0.100491,375.670013,3521.000000
1829.000000,-166.049347,0.232178,0.088969,0.928223,0.281494,0.891214,0.100915,413.940002,3523.000000
1830.000000,-168.916275,0.230469,0.088378,0.929688,0.278320,0.892491,0.098206,430.829987,3519.000000
1831.000000,-178.247665,0.235352,0.089926,0.935059,0.284180,0.896805,0.100242,454.549988,3519.000000
1832.000000,-167.719559,0.231689,0.087218,0.930908,0.280273,0.893339,0.097367,412.839996,3528.000000
1833.000000,-168.791016,0.230469,0.087522,0.931396,0.278809,0.893518,0.097633,418.170013,3559.000000
1834.000000,-178.439865,0.231445,0.088048,0.930420,0.282959,0.892537,0.101786,447.250000,3556.000000
1835.000000,-207.021439,0.235840,0.092064,0.931885,0.286377,0.893211,0.104850,523.570007,3561.000000
1836.000000,-223.438431,0.242188,0.094486,0.932861,0.292725,0.893469,0.108110,545.909973,3559.000000
1837.000000,-175.549866,0.240234,0.093693,0.932129,0.292236,0.892446,0.107701,439.500000,3562.000000
1838.000000,-190.385071,0.241455,0.094541,0.931152,0.292480,0.891236,0.106624,485.149994,3574.000000
1839.000000,-173.985031,0.239502,0.093574,0.927734,0.290039,0.887952,0.105564,438.970001,3565.000000
1840.000000,-171.768173,0.241699,0.094845,0.934814,0.292236,0.894968,0.106776,431.269989,3557.000000
1841.000000,-169.339035,0.246094,0.098850,0.934570,0.298096,0.894787,0.110953,434.910004,3555.000000
1842.000000,-187.729462,0.247070,0.097895,0.939209,0.297852,0.898615,0.109169,482.140015,3567.000000
1843.000000,-180.108063,0.246826,0.096173,0.937744,0.297119,0.897110,0.107180,446.179993,3565.000000
1844.000000,-183.175034,0.244873,0.094201,0.931641,0.296875,0.891030,0.105953,464.470001,3552.000000
1845.000000,-175.646469,0.248047,0.095472,0.935303,0.298584,0.894198,0.106189,435.420013,3562.000000
1846.000000,-174.371078,0.250732,0.095163,0.938965,0.301270,0.897069,0.107046,441.910004,3523.000000
1847.000000,-179.591187,0.249512,0.093441,0.937744,0.298584,0.896255,0.104717,454.660004,3551.000000
1848.000000,-177.611328,0.250000,0.093007,0.934570,0.297363,0.893726,0.103469,450.790009,3553.000000
1849.000000,-190.263245,0.249512,0.090979,0.934570,0.298340,0.892623,0.103691,473.980011,3564.000000
1850.000000,-170.625061,0.249512,0.093014,0.930420,0.298096,0.888177,0.105326,431.269989,3561.000000
1851.000000,-161.654648,0.248047,0.092643,0.930908,0.296143,0.889345,0.104480,418.190002,3553.000000
1852.000000,-191.490784,0.247314,0.091639,0.929688,0.295898,0.888958,0.103383,484.570007,3555.000000
1853.000000,-172.328873,0.248047,0.092746,0.930664,0.295898,0.890467,0.103796,425.779999,3547.000000
1854.000000,-172.915695,0.246582,0.092782,0.933350,0.293457,0.893224,0.102923,422.399994,3547.000000
1855.000000,-181.963913,0.243164,0.091327,0.928711,0.290283,0.888739,0.101569,453.779999,3556.000000
1856.000000,-185.651367,0.248047,0.094500,0.930176,0.295410,0.890037,0.105086,471.390015,3549.000000
1857.000000,-162.335785,0.245117,0.094117,0.928955,0.292236,0.889223,0.104367,413.209991,3451.000000
1858.000000,-137.360062,0.243652,0.092617,0.929688,0.291260,0.890608,0.103783,342.769989,3545.000000
1859.000000,-163.888580,0.245117,0.094133,0.932129,0.292725,0.892990,0.105633,417.000000,3549.000000
1860.000000,-148.897583,0.246582,0.095265,0.937744,0.293457,0.898060,0.106266,370.059998,3528.000000
1861.000000,-162.718170,0.249023,0.095411,0.940918,0.295898,0.900865,0.105862,401.619995,3550.000000
1862.000000,-184.442703,0.248291,0.093190,0.940918,0.294922,0.901043,0.103373,457.230011,3572.000000
1863.000000,-171.950455,0.248779,0.094429,0.941162,0.296143,0.900278,0.105270,437.239990,3561.000000
1864.000000,-178.493744,0.245605,0.092855,0.933594,0.292236,0.893931,0.102042,444.459991,3570.000000
1865.000000,-187.232101,0.245605,0.091837,0.928955,0.292969,0.889006,0.101929,486.089996,3547.000000
1866.000000,-187.839172,0.247070,0.092784,0.932129,0.294189,0.892124,0.103278,467.760010,3504.000000
1867.000000,-171.512512,0.248047,0.093526,0.937256,0.296387,0.897514,0.104808,426.929993,3456.000000
1868.000000,-143.980286,0.248779,0.094893,0.940186,0.297852,0.900025,0.106731,353.859985,3469.000000
1869.000000,-170.862854,0.253174,0.096588,0.939697,0.302246,0.899901,0.107460,431.170013,3488.000000
1870.000000,-155.720398,0.251953,0.095966,0.934326,0.300537,0.895317,0.106252,391.350006,3476.000000
1871.000000,-182.080215,0.249512,0.094735,0.932861,0.299072,0.894457,0.105717,456.529999,3510.000000
1872.000000,-169.196564,0.250977,0.094027,0.933838,0.299072,0.894979,0.103546,431.679993,3508.000000
1873.000000,-202.633713,0.250000,0.094029,0.934814,0.298096,0.895303,0.104256,520.159973,3490.000000
1874.000000,-166.913757,0.251221,0.096605,0.933594,0.300293,0.893627,0.107621,420.519989,3494.000000
1875.000000,-156.111862,0.251953,0.096386,0.933105,0.300293,0.893577,0.106524,383.940002,3493.000000
1876.000000,-163.424393,0.253418,0.096418,0.934326,0.300537,0.894163,0.105804,417.470001,3464.000000
1877.000000,-181.818558,0.250732,0.093857,0.932129,0.300049,0.891539,0.105140,475.269989,3460.000000
1878.000000,-169.477859,0.249756,0.093793,0.933838,0.302490,0.892826,0.106881,429.299988,3470.000000
1879.000000,-183.692596,0.250977,0.094814,0.932373,0.301758,0.892473,0.105316,454.579987,3470.000000
1880.000000,-162.290268,0.249023,0.093775,0.929443,0.299316,0.889542,0.104031,409.630005,3464.000000
1881.000000,-174.177338,0.247803,0.091138,0.927979,0.299316,0.887379,0.102577,440.750000,3459.000000
1882.000000,-185.914474,0.248047,0.091885,0.927734,0.298828,0.886918,0.103200,465.880005,3471.000000
1883.000000,-164.268478,0.244629,0.090598,0.925781,0.295166,0.885170,0.101877,418.640015,3459.000000
1884.000000,-167.228134,0.243896,0.090112,0.926514,0.293945,0.885876,0.100527,420.220001,3448.000000
1885.000000,-198.555222,0.245361,0.089938,0.932861,0.296875,0.891658,0.102207,489.940002,3466.000000
1886.000000,-183.540939,0.246094,0.088782,0.934326,0.297852,0.893102,0.100822,447.209991,3462.000000
1887.000000,-155.637482,0.246338,0.091694,0.932861,0.296875,0.891706,0.102073,382.929993,3484.000000
1888.000000,-173.636612,0.248047,0.093972,0.935791,0.298584,0.894415,0.104179,417.459991,3503.000000
1889.000000,-193.263931,0.250244,0.094319,0.931152,0.300781,0.891251,0.104662,475.230011,3493.000000
1890.000000,-181.222168,0.248291,0.092285,0.929199,0.297363,0.889791,0.102214,459.739990,3503.000000
1891.000000,-171.877213,0.245605,0.091210,0.929443,0.295898,0.890411,0.102036,440.589996,3503.000000
1892.000000,-167.447815,0.245117,0.091553,0.936035,0.297363,0.896737,0.104061,418.109985,3495.000000
1893.000000,-166.021393,0.246094,0.094484,0.936279,0.296875,0.897289,0.105221,418.260010,3496.000000
1894.000000,-189.780670,0.247070,0.093681,0.935791,0.299316,0.896554,0.105612,483.600006,3493.000000
1895.000000,-193.683746,0.248779,0.093578,0.935059,0.299072,0.895472,0.103931,487.100006,3510.000000
1896.000000,-178.105560,0.248535,0.092848,0.936768,0.300293,0.896920,0.104415,455.750000,3551.000000
1897.000000,-184.080307,0.245850,0.090203,0.931641,0.295898,0.893160,0.100257,453.250000,3565.000000
1898.000000,-179.709946,0.244629,0.086331,0.935303,0.295654,0.896920,0.097089,440.470001,3564.000000
1899.000000,-183.967667,0.247070,0.088100,0.936279,0.299561,0.898344,0.099961,464.029999,3550.000000
1900.000000,-198.028732,0.247070,0.088579,0.936279,0.298828,0.898076,0.099124,498.320007,3560.000000
1901.000000,-170.544098,0.249023,0.089324,0.933594,0.299316,0.895625,0.098801,423.399994,3572.000000
1902.000000,-169.697495,0.249268,0.090573,0.934082,0.299805,0.895524,0.100775,433.950012,3579.000000
1903.000000,-180.245682,0.250000,0.090182,0.936035,0.301025,0.897279,0.100894,455.670013,3561.000000
1904.000000,-159.507538,0.250732,0.090444,0.935547,0.303223,0.896188,0.102483,400.890015,3570.000000
1905.000000,-166.855194,0.248535,0.088653,0.935791,0.301270,0.895447,0.101375,425.390015,3552.000000
1906.000000,-163.200790,0.252930,0.090622,0.939209,0.305176,0.898177,0.101862,412.959991,3554.000000
1907.000000,-183.335541,0.251709,0.090550,0.937988,0.304688,0.897145,0.102294,453.869995,3542.000000
1908.000000,-159.811752,0.251953,0.092432,0.933838,0.302734,0.893254,0.101857,401.350006,3559.000000
1909.000000,-168.920822,0.254150,0.092988,0.932617,0.304443,0.891332,0.102122,419.470001,3554.000000
1910.000000,-181.897720,0.254395,0.091301,0.929932,0.304199,0.888361,0.100185,457.049988,3556.000000
1911.000000,-180.249954,0.255615,0.091659,0.935791,0.306641,0.894081,0.101136,455.880005,3555.000000
1912.000000,-185.917053,0.254150,0.092217,0.933594,0.305908,0.891863,0.101883,472.079987,3544.000000
1913.000000,-160.572281,0.246094,0.089896,0.925293,0.298828,0.884366,0.100092,414.700012,3562.000000
1914.000000,-186.914566,0.248047,0.089817,0.931152,0.300537,0.889585,0.099896,471.309998,3557.000000
1915.000000,-188.874573,0.246094,0.089149,0.930420,0.298096,0.887831,0.098537,471.510010,3529.000000
1916.000000,-188.613358,0.245605,0.089862,0.931885,0.295654,0.888488,0.097754,473.790009,3535.000000
1917.000000,-173.581512,0.243652,0.089321,0.928223,0.295898,0.885172,0.099746,449.600006,3552.000000
1918.000000,-171.916138,0.244385,0.090459,0.928955,0.295410,0.886779,0.100570,431.230011,3555.000000
1919.000000,-151.392120,0.244141,0.091246,0.928467,0.293945,0.885926,0.100637,379.390015,3566.000000
1920.000000,-155.243668,0.244385,0.091453,0.929443,0.294189,0.886403,0.100693,385.739990,3550.000000
1921.000000,-146.314575,0.246338,0.092405,0.935791,0.295654,0.892357,0.101208,365.989990,3467.000000
1922.000000,-152.348770,0.243652,0.091653,0.935547,0.294678,0.892890,0.102043,375.950012,3561.000000
1923.000000,-162.320282,0.243896,0.091590,0.935547,0.295166,0.892618,0.102401,408.459991,3559.000000
1924.000000,-190.960556,0.244385,0.091364,0.931885,0.295410,0.888514,0.103094,487.899994,3551.000000
1925.000000,-183.902771,0.248535,0.094014,0.935791,0.297363,0.892476,0.104345,453.000000,3553.000000
1926.000000,-165.154617,0.247314,0.091295,0.930664,0.295898,0.887661,0.102393,409.910004,3569.000000
1927.000000,-168.777161,0.248047,0.088773,0.934326,0.295898,0.891353,0.099535,418.350006,3552.000000
1928.000000,-185.513153,0.246094,0.088236,0.933105,0.296143,0.890529,0.101418,468.679993,3557.000000
1929.000000,-167.792755,0.248535,0.091675,0.933350,0.296631,0.890915,0.102100,426.010010,3560.000000
1930.000000,-154.722870,0.249023,0.091549,0.933838,0.298584,0.890609,0.102529,387.410004,3538.000000
1931.000000,-179.027954,0.251221,0.091922,0.935791,0.301270,0.892729,0.102451,439.369995,3538.000000
1932.000000,-186.140015,0.246826,0.089362,0.933838,0.297607,0.890888,0.100882,472.010010,3551.000000
1933.000000,-182.741074,0.247314,0.089670,0.932861,0.297363,0.889896,0.099806,471.589996,3555.000000
1934.000000,-185.152283,0.245361,0.088728,0.930664,0.295898,0.887916,0.099085,481.010010,3558.000000
1935.000000,-175.968491,0.243164,0.087940,0.936523,0.292725,0.893238,0.097328,458.559998,3560.000000
1936.000000,-187.701767,0.244385,0.088119,0.933350,0.294434,0.890291,0.098536,472.619995,3556.000000
1937.000000,-182.092529,0.246094,0.088570,0.937988,0.297119,0.894632,0.100253,458.739990,3560.000000
1938.000000,-176.049118,0.244629,0.086146,0.939453,0.294678,0.896324,0.096482,436.390015,3568.000000
1939.000000,-183.706818,0.244629,0.087571,0.939453,0.293457,0.895939,0.096866,458.940002,3556.000000
1940.000000,-191.763733,0.247803,0.090822,0.937256,0.295898,0.893282,0.099486,488.970001,3544.000000
1941.000000,-191.755005,0.246582,0.091463,0.929932,0.294678,0.887094,0.100085,481.600006,3560.000000
1942.000000,-178.148315,0.244873,0.091136,0.925537,0.291992,0.883460,0.100274,445.640015,3545.000000
1943.000000,-182.526123,0.245117,0.091767,0.926758,0.292969,0.884667,0.101317,458.940002,3550.000000
1944.000000,-184.152206,0.242920,0.091767,0.923096,0.291260,0.881730,0.102017,471.230011,3547.000000
1945.000000,-172.824692,0.243164,0.092271,0.924805,0.292725,0.883356,0.103648,434.579987,3552.000000
1946.000000,-177.563843,0.249023,0.094594,0.928223,0.298096,0.886262,0.105606,437.790009,3552.000000
1947.000000,-178.001999,0.248047,0.093548,0.934082,0.296387,0.891548,0.104414,449.359985,3554.000000
1948.000000,-183.832794,0.250977,0.094311,0.932373,0.298828,0.889562,0.104556,461.049988,3551.000000
1949.000000,-175.373657,0.250488,0.092022,0.925781,0.298584,0.883721,0.102520,439.339996,3543.000000
1950.000000,-176.568024,0.250732,0.091389,0.925049,0.300049,0.883125,0.102539,425.179993,3533.000000
1951.000000,-153.976898,0.249023,0.092070,0.924561,0.298584,0.883414,0.103320,374.500000,3548.000000
1952.000000,-158.991364,0.251709,0.093645,0.926758,0.302490,0.886060,0.106413,395.109985,3544.000000
1953.000000,-168.515442,0.250977,0.094462,0.927734,0.301270,0.887675,0.106662,418.869995,3538.000000
1954.000000,-168.605392,0.252441,0.096093,0.930908,0.304932,0.890590,0.110714,420.540009,3538.000000
1955.000000,-201.205811,0.258057,0.099009,0.933105,0.309082,0.893014,0.112059,518.919983,3549.000000
1956.000000,-157.463623,0.259277,0.101202,0.933594,0.306885,0.893738,0.112317,396.890015,3561.000000
1957.000000,-188.962769,0.260010,0.097956,0.932129,0.307373,0.893059,0.109292,471.010010,3559.000000
1958.000000,-191.492950,0.259277,0.096189,0.933350,0.305908,0.894292,0.106418,479.369995,3558.000000
1959.000000,-174.275589,0.255859,0.094132,0.929932,0.303223,0.890892,0.104701,423.600006,3552.000000
1960.000000,-185.552567,0.252441,0.089937,0.931152,0.301025,0.891642,0.101572,462.619995,3537.000000
1961.000000,-193.371567,0.257324,0.092351,0.932617,0.306641,0.892863,0.104011,489.109985,3547.000000
1962.000000,-194.637146,0.258301,0.095120,0.932129,0.306641,0.892658,0.105610,493.630005,3545.000000
1963.000000,-180.548370,0.257812,0.094452,0.934326,0.305176,0.894396,0.103890,453.109985,3536.000000
1964.000000,-184.069824,0.259033,0.094064,0.933350,0.306885,0.894350,0.105005,443.510010,3558.000000
1965.000000,-200.597504,0.264160,0.097179,0.939209,0.311035,0.899959,0.107470,473.359985,3548.000000
1966.000000,-174.412369,0.263184,0.096028,0.940918,0.309570,0.901277,0.105895,429.640015,3549.000000
1967.000000,-166.515366,0.263672,0.096953,0.939453,0.309570,0.900056,0.106849,414.029999,3565.000000
1968.000000,-184.384125,0.259766,0.094060,0.930664,0.306641,0.891623,0.104243,455.920013,3560.000000
1969.000000,-181.793411,0.260498,0.094507,0.928467,0.308838,0.889167,0.105640,453.589996,3542.000000
1970.000000,-160.879089,0.258301,0.093790,0.930420,0.306885,0.891669,0.104437,396.269989,3567.000000
1971.000000,-179.878128,0.258789,0.094098,0.931641,0.308105,0.893527,0.105860,445.850006,3524.000000
1972.000000,-185.629242,0.259033,0.094030,0.925293,0.307861,0.887863,0.105347,476.769989,3562.000000
1973.000000,-168.363922,0.258789,0.095439,0.924072,0.307373,0.887149,0.106461,429.329987,3550.000000
1974.000000,-185.397232,0.263916,0.099416,0.926270,0.312500,0.889150,0.110450,475.109985,3531.000000
1975.000000,-175.019653,0.261230,0.096259,0.929443,0.309570,0.893076,0.107639,432.190002,3550.000000
1976.000000,-177.681641,0.263184,0.098214,0.929199,0.310791,0.893283,0.109184,438.260010,3559.000000
1977.000000,-176.152695,0.262939,0.097563,0.932861,0.309082,0.896273,0.107060,435.480011,3545.000000
1978.000000,-174.444519,0.261963,0.096375,0.936768,0.309082,0.899749,0.106642,435.070007,3548.000000
1979.000000,-169.749680,0.261963,0.097228,0.935791,0.308838,0.898347,0.107173,426.929993,3553.000000
1980.000000,-159.258987,0.259277,0.094631,0.934326,0.305664,0.896789,0.103979,393.170013,3555.000000
1981.000000,-183.088287,0.256836,0.094037,0.933594,0.304199,0.896072,0.104196,443.299988,3532.000000
1982.000000,-190.584305,0.256104,0.092374,0.932617,0.303467,0.894668,0.101963,491.619995,3505.000000
1983.000000,-192.558197,0.258545,0.093494,0.933350,0.306396,0.895230,0.103285,490.299988,3564.000000
1984.000000,-167.462265,0.260742,0.096751,0.936523,0.308838,0.898109,0.106587,426.470001,3537.000000
1985.000000,-153.004303,0.260986,0.097615,0.935303,0.309082,0.896650,0.107257,395.809998,3469.000000
1986.000000,-177.670105,0.260010,0.096536,0.934570,0.307373,0.895520,0.106535,449.209991,3559.000000
1987.000000,-168.143768,0.258057,0.095236,0.930664,0.306152,0.892141,0.106025,432.079987,3555.000000
1988.000000,-169.347702,0.259033,0.094171,0.935303,0.307617,0.896749,0.105318,433.839996,3563.000000
1989.000000,-194.644196,0.255371,0.092652,0.928467,0.304199,0.890254,0.104212,492.750000,3567.000000
1990.000000,-169.897339,0.254150,0.092037,0.927979,0.301514,0.890715,0.102081,423.950012,3564.000000
1991.000000,-172.164505,0.251221,0.090423,0.926270,0.298340,0.889282,0.100287,429.989990,3549.000000
1992.000000,-172.980835,0.247803,0.089028,0.928711,0.296631,0.891575,0.100769,425.130005,3531.000000
1993.000000,-154.162872,0.248535,0.090329,0.931641,0.297852,0.894680,0.101925,393.709991,3550.000000
1994.000000,-178.246445,0.250732,0.092261,0.937012,0.298584,0.899409,0.102369,459.299988,3549.000000
1995.000000,-171.601761,0.248779,0.092937,0.931152,0.295654,0.894276,0.102757,445.350006,3539.000000
1996.000000,-155.438141,0.248779,0.093604,0.929199,0.296631,0.892613,0.104459,382.459991,3546.000000
1997.000000,-149.715668,0.248047,0.092421,0.929688,0.296143,0.893168,0.103565,372.470001,3558.000000
1998.000000,-160.085541,0.252197,0.095861,0.940430,0.301270,0.903780,0.108197,410.929993,3546.000000
1999.000000,-173.150284,0.252686,0.096812,0.938965,0.300293,0.901245,0.107713,445.529999,3554.000000
2000.000000,-173.462555,0.252441,0.097750,0.937744,0.299805,0.899248,0.108210,448.429993,3546.000000
2001.000000,-165.649368,0.250488,0.095227,0.933838,0.298096,0.895631,0.106272,416.660004,3551.000000
2002.000000,-160.877960,0.250977,0.094125,0.935303,0.297363,0.897184,0.104065,406.559998,3524.000000
2003.000000,-151.407623,0.249268,0.093428,0.935547,0.297363,0.897799,0.104494,377.529999,3549.000000
2004.000000,-181.403442,0.250488,0.096037,0.931396,0.297363,0.894660,0.106112,458.160004,3542.000000
2005.000000,-172.366516,0.253906,0.099427,0.934326,0.302002,0.897110,0.110661,427.829987,3533.000000
2006.000000,-157.202911,0.251953,0.096889,0.934570,0.298340,0.897199,0.106601,385.320007,3538.000000
2007.000000,-153.559616,0.251709,0.097416,0.935791,0.298828,0.898696,0.107793,381.549988,3518.000000
2008.000000,-189.676407,0.253906,0.098545,0.933350,0.301270,0.896824,0.108615,480.149994,3563.000000
2009.000000,-162.619934,0.253418,0.096964,0.933594,0.301514,0.897536,0.108086,410.809998,3560.000000
2010.000000,-167.573456,0.252197,0.095183,0.934326,0.300537,0.897876,0.106633,427.660004,3541.000000
2011.000000,-171.742691,0.255371,0.095715,0.941895,0.302734,0.905458,0.105764,429.320007,3551.000000
2012.000000,-173.102768,0.255615,0.094419,0.939453,0.303223,0.903503,0.104720,436.690002,3551.000000
2013.000000,-176.949982,0.253174,0.093085,0.936768,0.301514,0.900180,0.103457,444.839996,3556.000000
2014.000000,-182.588852,0.254883,0.094501,0.935059,0.302979,0.898501,0.104219,450.190002,3552.000000
2015.000000,-184.679642,0.251221,0.093050,0.931396,0.297607,0.895137,0.101938,455.769989,3550.000000
2016.000000,-157.468933,0.250977,0.094284,0.932861,0.297607,0.897774,0.103118,392.829987,3549.000000
2017.000000,-181.801987,0.250977,0.095831,0.932129,0.297607,0.897731,0.104891,437.940002,3540.000000
2018.000000,-186.341980,0.252197,0.098647,0.933594,0.298340,0.898789,0.106972,459.859985,3570.000000
2019.000000,-151.753479,0.250977,0.100071,0.934082,0.296631,0.898832,0.107519,384.359985,3541.000000
2020.000000,-163.633316,0.247070,0.096513,0.932861,0.293213,0.897827,0.104630,412.390015,3564.000000
2021.000000,-174.245300,0.249023,0.096573,0.936523,0.294434,0.901349,0.104201,439.059998,3566.000000
2022.000000,-166.165054,0.245361,0.095404,0.933838,0.293213,0.898589,0.105262,415.690002,3507.000000
2023.000000,-170.522369,0.244629,0.095258,0.936279,0.290771,0.901386,0.103630,430.140015,3512.000000
2024.000000,-167.077835,0.243408,0.093560,0.939941,0.290039,0.905126,0.102490,422.070007,3505.000000
2025.000000,-169.975372,0.239990,0.092718,0.937012,0.287354,0.902294,0.101520,423.970001,3534.000000
2026.000000,-185.067291,0.239502,0.093047,0.934082,0.285889,0.899191,0.101400,462.029999,3532.000000
2027.000000,-167.455399,0.238281,0.090715,0.931885,0.285645,0.896807,0.100585,423.040009,3553.000000
2028.000000,-172.704544,0.240723,0.092085,0.932861,0.287354,0.898013,0.102136,420.170013,3519.000000
2029.000000,-170.183380,0.240967,0.092815,0.931885,0.289062,0.897383,0.104137,423.019989,3556.000000
2030.000000,-163.252747,0.243652,0.095504,0.933350,0.291016,0.897957,0.106142,413.160004,3527.000000
2031.000000,-167.212540,0.246826,0.097099,0.933594,0.295166,0.897807,0.108067,414.209991,3494.000000
2032.000000,-166.381836,0.247803,0.096532,0.932617,0.296387,0.896373,0.107729,430.130005,3485.000000
2033.000000,-187.034607,0.245605,0.092927,0.929443,0.292725,0.893007,0.102385,476.140015,3496.000000
2034.000000,-188.648895,0.244141,0.092116,0.927490,0.292725,0.890678,0.102869,473.410004,3521.000000
2035.000000,-209.204819,0.244141,0.090668,0.928467,0.291260,0.891714,0.100419,534.380005,3531.000000
2036.000000,-208.099319,0.243408,0.088652,0.930420,0.289795,0.893516,0.098718,524.599976,3539.000000
2037.000000,-163.475006,0.241943,0.088393,0.927002,0.287842,0.889969,0.098335,421.140015,3515.000000
2038.000000,-177.681671,0.243896,0.089859,0.929443,0.291016,0.891840,0.100864,439.040009,3535.000000
2039.000000,-173.037674,0.250000,0.092999,0.933594,0.297119,0.895571,0.103966,421.730011,3524.000000
2040.000000,-171.214340,0.248779,0.092103,0.932373,0.293945,0.894344,0.101544,439.510010,3508.000000
2041.000000,-165.173416,0.250000,0.092396,0.936035,0.295654,0.897480,0.102183,421.100006,3525.000000
2042.000000,-199.934784,0.250488,0.092431,0.933350,0.297607,0.894842,0.103760,498.440002,3531.000000
2043.000000,-181.038528,0.250977,0.093837,0.934814,0.296631,0.896087,0.103737,452.489990,3524.000000
2044.000000,-178.627304,0.248291,0.094606,0.929688,0.295166,0.890441,0.105533,452.079987,3527.000000
2045.000000,-170.381088,0.251465,0.095375,0.928955,0.297607,0.889293,0.106097,419.450012,3529.000000
2046.000000,-153.788223,0.247070,0.091912,0.934082,0.293701,0.893427,0.102920,380.059998,3551.000000
2047.000000,-168.621628,0.247070,0.091856,0.934326,0.294434,0.893731,0.102776,406.899994,3525.000000
2048.000000,-152.595932,0.245605,0.090059,0.934082,0.292725,0.892848,0.100823,376.640015,3520.000000
2049.000000,-167.949768,0.242188,0.088508,0.932617,0.290039,0.891596,0.099672,422.459991,3438.000000
2050.000000,-171.723099,0.240723,0.086831,0.930664,0.289062,0.888859,0.098965,423.700012,3516.000000
2051.000000,-179.421478,0.238037,0.086232,0.928223,0.287598,0.886150,0.099400,450.970001,3523.000000
2052.000000,-162.242691,0.241699,0.088342,0.935059,0.289551,0.892606,0.099887,412.540009,3533.000000
2053.000000,-167.558762,0.242920,0.089183,0.933350,0.291748,0.890544,0.100522,424.170013,3527.000000
2054.000000,-171.494003,0.240967,0.088033,0.935547,0.289795,0.892528,0.099269,423.029999,3507.000000
2055.000000,-158.920303,0.242920,0.090008,0.934814,0.289062,0.891725,0.099220,388.679993,3498.000000
2056.000000,-178.109711,0.239014,0.087377,0.935059,0.287598,0.891848,0.098633,437.350006,3525.000000
2057.000000,-203.204514,0.242188,0.089682,0.937012,0.291016,0.893012,0.100932,517.130005,3513.000000
2058.000000,-203.376846,0.244385,0.091355,0.937256,0.295166,0.893534,0.103550,518.859985,3512.000000
2059.000000,-190.259827,0.248535,0.093832,0.937256,0.299561,0.892731,0.106353,478.320007,3510.000000
2060.000000,-187.520447,0.248535,0.092353,0.935303,0.299805,0.890680,0.105582,464.570007,3491.000000
2061.000000,-178.546097,0.253174,0.095001,0.934082,0.302979,0.890244,0.107027,442.609985,3530.000000
2062.000000,-166.402222,0.250244,0.094036,0.929443,0.300781,0.887166,0.106204,413.260010,3539.000000
2063.000000,-173.973831,0.247070,0.093539,0.927734,0.297363,0.885581,0.105479,444.589996,3519.000000
2064.000000,-175.224365,0.244629,0.089974,0.928711,0.296143,0.887277,0.102996,433.709991,3539.000000
2065.000000,-179.555405,0.242188,0.088520,0.925049,0.294434,0.883786,0.101560,432.619995,3534.000000
2066.000000,-166.541611,0.243408,0.090858,0.926758,0.294922,0.885715,0.102819,409.690002,3534.000000
2067.000000,-176.460739,0.245605,0.091987,0.927246,0.295898,0.885773,0.103862,436.549988,3507.000000
2068.000000,-160.792725,0.244141,0.089141,0.931885,0.294678,0.890084,0.100437,403.829987,3512.000000
2069.000000,-160.140793,0.245850,0.091163,0.932617,0.297119,0.889904,0.102809,400.899994,3541.000000
2070.000000,-166.920517,0.245361,0.089931,0.934814,0.297363,0.892091,0.101536,413.690002,3530.000000
2071.000000,-161.459717,0.246582,0.090219,0.936279,0.300049,0.893762,0.103302,394.350006,3528.000000
2072.000000,-171.649323,0.252930,0.094053,0.938965,0.303955,0.897166,0.104829,427.540009,3531.000000
2073.000000,-169.836929,0.251221,0.091517,0.935791,0.302979,0.894242,0.102463,422.309998,3530.000000
2074.000000,-186.918335,0.246582,0.090025,0.931396,0.299561,0.890760,0.101571,469.690002,3525.000000
2075.000000,-156.587509,0.243164,0.089547,0.927246,0.296631,0.887500,0.101306,400.089996,3505.000000
2076.000000,-170.086105,0.248047,0.091016,0.930908,0.300781,0.892143,0.101825,443.040009,3515.000000
2077.000000,-175.057495,0.249512,0.090011,0.934570,0.302002,0.895034,0.100270,448.380005,3507.000000
2078.000000,-164.605804,0.248047,0.089731,0.935791,0.299316,0.897082,0.099217,419.459991,3515.000000
2079.000000,-169.890411,0.248535,0.090386,0.935303,0.300049,0.896915,0.099841,431.369995,3512.000000
2080.000000,-186.385712,0.249512,0.091939,0.929932,0.304443,0.891908,0.104511,468.980011,3512.000000
2081.000000,-190.780975,0.251953,0.093980,0.935059,0.306396,0.896644,0.105850,471.390015,3518.000000
2082.000000,-184.033279,0.251221,0.094091,0.932617,0.306396,0.894500,0.105888,473.850006,3515.000000
2083.000000,-176.717468,0.251953,0.093662,0.932861,0.305420,0.894609,0.103519,447.429993,3503.000000
2084.000000,-174.779083,0.250488,0.091377,0.932617,0.304199,0.893906,0.100681,423.100006,3510.000000
2085.000000,-160.952469,0.247314,0.092405,0.931152,0.302002,0.892333,0.102260,407.059998,3515.000000
2086.000000,-172.574783,0.240967,0.088180,0.925781,0.294189,0.886634,0.096920,442.190002,3532.000000
2087.000000,-203.905289,0.243164,0.089448,0.925293,0.295410,0.886279,0.097617,496.019989,3527.000000
2088.000000,-188.795334,0.241699,0.089366,0.929443,0.294922,0.890424,0.098054,462.209991,3536.000000
2089.000000,-178.421585,0.241455,0.090051,0.930908,0.295410,0.891915,0.099638,444.720001,3526.000000
2090.000000,-167.787460,0.243408,0.093214,0.932373,0.297119,0.892887,0.101767,420.010010,3531.000000
2091.000000,-152.656662,0.245117,0.094938,0.937988,0.299072,0.898209,0.103625,384.329987,3525.000000
2092.000000,-197.855179,0.245605,0.095448,0.936035,0.299561,0.896316,0.104358,504.839996,3522.000000
2093.000000,-191.521393,0.246338,0.095691,0.937500,0.301514,0.897398,0.105490,490.200012,3527.000000
2094.000000,-173.808273,0.245605,0.096146,0.934570,0.299805,0.894705,0.105699,441.209991,3527.000000
2095.000000,-170.012787,0.246094,0.094969,0.937500,0.300293,0.897465,0.103972,438.519989,3520.000000
2096.000000,-185.300980,0.245605,0.091563,0.935059,0.300293,0.895021,0.101083,477.059998,3520.000000
2097.000000,-178.959030,0.245117,0.092022,0.931152,0.300293,0.891666,0.102526,449.649994,3527.000000
2098.000000,-182.180084,0.244629,0.092998,0.930420,0.298096,0.891345,0.101660,450.760010,3524.000000
2099.000000,-184.422150,0.243896,0.092214,0.933105,0.298096,0.893346,0.100965,477.769989,3542.000000
2100.000000,-181.136581,0.245117,0.093848,0.930664,0.300293,0.891113,0.103254,456.140015,3537.000000
2101.000000,-193.685028,0.245605,0.093978,0.930420,0.300537,0.891020,0.102978,485.230011,3533.000000
2102.000000,-164.185059,0.243896,0.093118,0.930664,0.297852,0.892073,0.101290,409.750000,3529.000000
2103.000000,-175.738617,0.242676,0.092029,0.930420,0.297119,0.891546,0.101138,442.200012,3523.000000
2104.000000,-178.123077,0.240479,0.091993,0.929199,0.295898,0.891006,0.102216,449.750000,3514.000000
2105.000000,-181.101227,0.239746,0.092077,0.928711,0.293945,0.891192,0.100684,451.230011,3516.000000
2106.000000,-193.368896,0.240967,0.091035,0.931396,0.293457,0.893915,0.098183,479.029999,3525.000000
2107.000000,-197.030441,0.239258,0.088945,0.933350,0.290771,0.896359,0.096325,498.649994,3523.000000
2108.000000,-197.079056,0.238281,0.088470,0.930908,0.290771,0.894032,0.096586,500.000000,3526.000000
2109.000000,-174.214096,0.238525,0.089239,0.930176,0.291748,0.893164,0.098447,445.489990,3528.000000
2110.000000,-170.011353,0.241211,0.092403,0.934082,0.296143,0.896630,0.102430,429.130005,3527.000000
2111.000000,-162.285568,0.242676,0.092716,0.938965,0.296875,0.901561,0.102084,398.320007,3520.000000
2112.000000,-173.591400,0.240479,0.091875,0.936768,0.292480,0.900402,0.099475,427.929993,3518.000000
2113.000000,-172.955505,0.242432,0.095206,0.931641,0.297119,0.895256,0.105023,437.160004,3432.000000
2114.000000,-197.649490,0.242920,0.094455,0.932373,0.295410,0.896546,0.102637,481.309998,3519.000000
2115.000000,-178.866989,0.245605,0.095708,0.933594,0.299316,0.898854,0.105829,438.750000,3518.000000
2116.000000,-165.476669,0.249023,0.097488,0.934814,0.303467,0.899598,0.107858,414.070007,3529.000000
2117.000000,-162.198822,0.245361,0.094912,0.933594,0.298828,0.898454,0.105290,414.850006,3519.000000
2118.000000,-162.366562,0.245605,0.096426,0.935791,0.297607,0.900409,0.106063,417.820007,3512.000000
2119.000000,-181.446960,0.247314,0.095335,0.936035,0.299072,0.899922,0.104768,461.000000,3506.000000
2120.000000,-187.342789,0.248779,0.096572,0.937744,0.300049,0.901683,0.105844,474.619995,3516.000000
2121.000000,-182.110840,0.244873,0.092769,0.935791,0.296631,0.899641,0.102501,469.029999,3516.000000
2122.000000,-178.473434,0.248047,0.095049,0.934570,0.299561,0.899072,0.104928,448.679993,3525.000000
2123.000000,-161.064819,0.250488,0.096711,0.938232,0.300293,0.901930,0.104931,413.130005,3532.000000
2124.000000,-165.189774,0.249023,0.092982,0.939697,0.299072,0.902957,0.102051,424.869995,3521.000000
2125.000000,-161.211487,0.250244,0.095538,0.939453,0.300293,0.902245,0.104047,409.190002,3519.000000
2126.000000,-176.371628,0.254639,0.096559,0.940186,0.303711,0.902620,0.105259,442.660004,3519.000000
2127.000000,-177.623474,0.249756,0.092879,0.936768,0.299805,0.899234,0.101974,457.429993,3534.000000
2128.000000,-161.299026,0.248291,0.091200,0.936279,0.297852,0.898776,0.100375,400.350006,3543.000000
2129.000000,-163.264450,0.249268,0.092323,0.936035,0.299805,0.898971,0.101568,410.500000,3541.000000
2130.000000,-188.451218,0.244141,0.089095,0.929443,0.294678,0.892235,0.098343,465.750000,3511.000000
2131.000000,-180.283127,0.244873,0.089410,0.933838,0.295410,0.896835,0.099030,429.299988,3521.000000
2132.000000,-164.423630,0.246094,0.092112,0.935303,0.298096,0.898278,0.102999,401.309998,3526.000000
2133.000000,-175.654129,0.246094,0.091046,0.934082,0.299072,0.896590,0.103395,448.540009,3510.000000
2134.000000,-170.784317,0.246582,0.090492,0.936035,0.300049,0.898313,0.103578,428.980011,3510.000000
2135.000000,-170.429535,0.247070,0.091601,0.936523,0.301514,0.897997,0.104982,432.279999,3507.000000
2136.000000,-164.760590,0.247559,0.094681,0.934814,0.300293,0.896483,0.106215,421.640015,3415.000000
2137.000000,-169.712036,0.251953,0.094301,0.937500,0.306152,0.898894,0.106690,424.869995,3510.000000
2138.000000,-155.839767,0.251465,0.094503,0.936523,0.303223,0.897665,0.104203,395.079987,3523.000000
2139.000000,-174.472595,0.250244,0.094066,0.938965,0.302246,0.899944,0.103554,443.760010,3524.000000
2140.000000,-186.223953,0.250732,0.093344,0.935791,0.300049,0.897274,0.101329,463.279999,3538.000000
2141.000000,-171.579483,0.246826,0.090523,0.933105,0.296387,0.894657,0.098958,426.320007,3514.000000
2142.000000,-166.793457,0.247559,0.090340,0.932129,0.296875,0.893476,0.098677,420.929993,3486.000000
2143.000000,-183.675247,0.248047,0.089704,0.932129,0.298584,0.893961,0.099215,455.489990,3494.000000
2144.000000,-157.294174,0.249023,0.088977,0.936768,0.300049,0.897722,0.098623,393.109985,3518.000000
2145.000000,-148.615479,0.250000,0.089253,0.942871,0.302002,0.903050,0.099864,382.579987,3518.000000
2146.000000,-166.313278,0.251221,0.090634,0.941406,0.302490,0.901813,0.100447,424.350006,3510.000000
2147.000000,-178.941849,0.251465,0.089795,0.934814,0.301514,0.896672,0.099002,449.390015,3535.000000
2148.000000,-155.402634,0.246094,0.087079,0.933594,0.295410,0.895774,0.095639,386.420013,3525.000000
2149.000000,-163.930588,0.245850,0.087399,0.932373,0.296143,0.894921,0.097097,414.329987,3547.000000
2150.000000,-195.590591,0.244629,0.087875,0.933350,0.293701,0.896211,0.095895,485.660004,3519.000000
2151.000000,-185.411469,0.245117,0.087669,0.929932,0.295898,0.893454,0.097737,459.880005,3535.000000
2152.000000,-186.504120,0.246338,0.090163,0.932617,0.295898,0.896703,0.100089,471.600006,3513.000000
2153.000000,-192.782547,0.248779,0.089546,0.935303,0.298340,0.900120,0.099341,473.869995,3512.000000
2154.000000,-206.820694,0.248291,0.088250,0.937256,0.297363,0.901268,0.097366,531.900024,3525.000000
2155.000000,-171.235825,0.244873,0.086419,0.934326,0.294434,0.898166,0.096306,437.089996,3486.000000
2156.000000,-184.942749,0.243652,0.087603,0.928467,0.291992,0.892463,0.096693,451.690002,3451.000000
2157.000000,-181.811996,0.242920,0.086287,0.925049,0.292236,0.889390,0.096477,450.989990,3506.000000
2158.000000,-180.697250,0.244141,0.088726,0.932373,0.293213,0.896993,0.098466,453.950012,3489.000000
2159.000000,-177.910172,0.247314,0.092067,0.937256,0.295654,0.901458,0.100927,438.679993,3504.000000
2160.000000,-171.516815,0.247070,0.093696,0.937256,0.295410,0.901133,0.102147,439.959991,3517.000000
2161.000000,-184.843887,0.244385,0.092640,0.934326,0.291504,0.898069,0.101688,457.250000,3447.000000
2162.000000,-190.985779,0.244385,0.092082,0.932617,0.291504,0.896497,0.101638,457.380005,3528.000000
2163.000000,-160.976089,0.245605,0.093304,0.932373,0.293701,0.897616,0.104308,403.549988,3519.000000
2164.000000,-144.372375,0.247803,0.097090,0.933838,0.296387,0.898695,0.107457,371.450012,3536.000000
2165.000000,-165.190826,0.248779,0.097470,0.936035,0.295898,0.899980,0.106841,431.820007,3526.000000
2166.000000,-159.004440,0.243896,0.093795,0.935303,0.292725,0.898974,0.104328,410.200012,3488.000000
2167.000000,-187.913330,0.242188,0.091657,0.931885,0.290771,0.895915,0.102016,469.589996,3492.000000
2168.000000,-189.531479,0.242188,0.091551,0.935547,0.289307,0.898909,0.101284,478.649994,3530.000000
2169.000000,-173.088699,0.238770,0.090602,0.926025,0.286133,0.888960,0.100843,436.630005,3533.000000
2170.000000,-173.644043,0.242188,0.091060,0.930176,0.287109,0.894134,0.099191,420.739990,3542.000000
2171.000000,-182.433807,0.242188,0.091761,0.927979,0.289795,0.892139,0.101625,453.380005,3537.000000
2172.000000,-175.027420,0.244141,0.091573,0.927246,0.290039,0.892393,0.100585,446.200012,3505.000000
2173.000000,-163.986908,0.248047,0.091929,0.934326,0.294189,0.898822,0.101372,413.519989,3496.000000
2174.000000,-157.637421,0.244629,0.090363,0.931885,0.291748,0.896511,0.100651,403.329987,3498.000000
2175.000000,-165.762299,0.244629,0.090937,0.934326,0.291504,0.898663,0.101261,423.649994,3501.000000
2176.000000,-177.138031,0.248291,0.091976,0.936035,0.295898,0.899760,0.102501,444.109985,3485.000000
2177.000000,-192.572586,0.249512,0.090696,0.939697,0.296875,0.903163,0.100247,479.220001,3399.000000
2178.000000,-166.888412,0.250488,0.091907,0.940674,0.298340,0.904859,0.101554,409.260010,3500.000000
2179.000000,-173.908310,0.252441,0.094473,0.938965,0.300293,0.903535,0.104745,435.470001,3507.000000
2180.000000,-163.410919,0.251465,0.093886,0.934570,0.299072,0.900136,0.104076,401.640015,3509.000000
2181.000000,-174.367142,0.252441,0.093497,0.938721,0.299805,0.903574,0.103695,440.869995,3512.000000
2182.000000,-175.711716,0.252441,0.093415,0.937500,0.299316,0.902336,0.102947,451.609985,3512.000000
2183.000000,-195.779785,0.252686,0.093931,0.934326,0.297119,0.898436,0.102455,504.769989,3513.000000
2184.000000,-174.642883,0.249268,0.092675,0.934326,0.294434,0.898746,0.101488,441.339996,3497.000000
2185.000000,-178.318481,0.247559,0.092189,0.935791,0.292725,0.900197,0.100507,450.679993,3488.000000
2186.000000,-174.391907,0.246338,0.091690,0.933594,0.291992,0.897850,0.100876,445.119995,3505.000000
2187.000000,-174.000320,0.246094,0.093005,0.931885,0.290039,0.897253,0.101081,442.130005,3497.000000
2188.000000,-165.946304,0.244873,0.092391,0.931641,0.289062,0.896599,0.100462,414.920013,3509.000000
2189.000000,-164.564819,0.243408,0.093926,0.930176,0.287109,0.895604,0.102187,412.980011,3498.000000
2190.000000,-174.523773,0.241455,0.091740,0.931396,0.286377,0.896713,0.101493,429.660004,3516.000000
2191.000000,-179.869019,0.243408,0.092273,0.933350,0.286865,0.898095,0.100721,459.760010,3494.000000
2192.000000,-187.822418,0.245361,0.093170,0.934326,0.289551,0.898744,0.102296,469.179993,3504.000000
2193.000000,-176.965240,0.248047,0.094475,0.937012,0.291016,0.900877,0.103117,443.709991,3505.000000
2194.000000,-173.448959,0.249023,0.095172,0.936035,0.290771,0.900111,0.102339,445.500000,3503.000000
2195.000000,-171.485428,0.252197,0.097656,0.935547,0.294434,0.898376,0.105176,426.160004,3514.000000
2196.000000,-160.024368,0.252197,0.098645,0.932129,0.295654,0.894707,0.108015,397.359985,3499.000000
2197.000000,-167.067810,0.251221,0.098940,0.932129,0.295654,0.894809,0.109248,423.709991,3512.000000
2198.000000,-172.331635,0.246826,0.096342,0.928711,0.291992,0.890647,0.107835,439.929993,3515.000000
2199.000000,-175.154449,0.245605,0.095122,0.923584,0.289307,0.885230,0.105062,447.010010,3505.000000
2200.000000,-170.618332,0.245605,0.096786,0.923096,0.287842,0.884738,0.105359,416.190002,3508.000000
2201.000000,-154.815140,0.249268,0.098624,0.926025,0.291016,0.887373,0.106821,386.660004,3517.000000
2202.000000,-166.764252,0.248291,0.096506,0.933594,0.289307,0.894381,0.104309,420.750000,3496.000000
2203.000000,-188.450287,0.250732,0.097594,0.937744,0.292236,0.897994,0.105406,484.440002,3525.000000
2204.000000,-187.903839,0.251221,0.097419,0.938721,0.293213,0.898710,0.105341,484.459991,3509.000000
2205.000000,-189.271179,0.252930,0.098507,0.937744,0.294922,0.896999,0.106247,479.570007,3509.000000
2206.000000,-176.273056,0.252441,0.097274,0.933350,0.294189,0.892941,0.104233,449.220001,3517.000000
2207.000000,-186.626343,0.253174,0.098320,0.927734,0.295166,0.888341,0.105948,476.940002,3508.000000
2208.000000,-168.187592,0.251465,0.097503,0.926514,0.292480,0.887351,0.105023,433.700012,3507.000000
2209.000000,-176.843292,0.254150,0.097913,0.929199,0.295166,0.890134,0.106278,444.619995,3505.000000
2210.000000,-163.624878,0.253662,0.097265,0.935547,0.294678,0.895971,0.105923,409.820007,3509.000000
2211.000000,-189.497360,0.256592,0.098834,0.934814,0.298340,0.895164,0.108417,467.769989,3509.000000
2212.000000,-190.923798,0.258301,0.099027,0.931885,0.299072,0.892828,0.108033,452.640015,3503.000000
2213.000000,-170.228790,0.256836,0.097411,0.931885,0.299072,0.893094,0.107225,423.320007,3528.000000
2214.000000,-186.532486,0.259277,0.097722,0.928467,0.299316,0.890513,0.106387,462.200012,3520.000000
2215.000000,-190.806564,0.260254,0.095607,0.930176,0.300781,0.892538,0.105796,475.700012,3504.000000
2216.000000,-166.178162,0.260742,0.095840,0.933838,0.300293,0.895938,0.105147,424.359985,3479.000000
2217.000000,-189.149780,0.259277,0.093967,0.931152,0.300049,0.893061,0.104363,473.250000,3474.000000
2218.000000,-165.435135,0.259521,0.094920,0.930420,0.300781,0.892117,0.105589,432.760010,3482.000000
2219.000000,-177.838196,0.260254,0.094512,0.931885,0.300049,0.893646,0.103595,451.089996,3476.000000
2220.000000,-172.740082,0.260010,0.094265,0.932129,0.302246,0.894072,0.105026,436.049988,3487.000000
2221.000000,-176.432175,0.259033,0.094251,0.933838,0.300537,0.895327,0.104466,454.429993,3460.000000
2222.000000,-177.294434,0.258789,0.093249,0.931396,0.300537,0.894125,0.104436,441.690002,3445.000000
2223.000000,-161.438660,0.258545,0.094527,0.929932,0.298096,0.892652,0.104791,407.690002,3423.000000
2224.000000,-167.408478,0.255127,0.093730,0.928223,0.295654,0.890892,0.104342,425.179993,3465.000000
2225.000000,-164.248917,0.258789,0.095559,0.932617,0.298584,0.894600,0.105579,415.540009,3456.000000
2226.000000,-193.284714,0.259033,0.096623,0.933105,0.298584,0.894654,0.106699,490.609985,3476.000000
2227.000000,-180.210419,0.256592,0.095872,0.930420,0.296631,0.892420,0.106417,448.600006,3485.000000
2228.000000,-185.177933,0.257080,0.095457,0.929932,0.296387,0.891246,0.105393,474.000000,3472.000000
2229.000000,-191.408890,0.254639,0.092712,0.932617,0.295654,0.892348,0.103663,485.679993,3473.000000
2230.000000,-172.682526,0.251465,0.090389,0.932129,0.293213,0.891142,0.101735,446.519989,3452.000000
2231.000000,-166.946152,0.252930,0.091216,0.936035,0.295410,0.894629,0.102331,434.320007,3457.000000
2232.000000,-179.156784,0.250000,0.089602,0.929199,0.293213,0.888232,0.100791,450.459991,3458.000000
2233.000000,-152.571640,0.247070,0.089916,0.928467,0.289795,0.887078,0.100426,365.769989,3454.000000
2234.000000,-145.390396,0.248535,0.090653,0.930176,0.291992,0.888225,0.101789,363.309998,3410.000000
2235.000000,-166.008514,0.247314,0.091229,0.931641,0.290771,0.889819,0.102600,410.980011,3434.000000
2236.000000,-158.845535,0.248535,0.093395,0.934326,0.291992,0.892780,0.104737,399.549988,3427.000000
2237.000000,-175.184921,0.251221,0.096771,0.936279,0.294434,0.894636,0.107231,439.079987,3439.000000
2238.000000,-188.170166,0.254150,0.098476,0.935791,0.297363,0.893714,0.109327,476.269989,3435.000000
2239.000000,-157.702759,0.250488,0.095993,0.932373,0.294189,0.890697,0.107089,391.570007,3488.000000
2240.000000,-163.059769,0.247559,0.093641,0.930908,0.291260,0.889638,0.104547,412.220001,3492.000000
2241.000000,-151.944290,0.245850,0.091521,0.931885,0.289062,0.890776,0.101859,387.179993,3383.000000
2242.000000,-163.412491,0.246338,0.090189,0.937256,0.290283,0.895688,0.101416,401.890015,3468.000000
2243.000000,-168.397995,0.245117,0.088379,0.936035,0.289062,0.894802,0.099210,418.309998,3458.000000
2244.000000,-190.096298,0.245605,0.089023,0.937012,0.291504,0.895420,0.101460,470.619995,3480.000000
2245.000000,-189.096451,0.247803,0.091585,0.933594,0.291504,0.892872,0.101780,466.609985,3487.000000
2246.000000,-156.366272,0.248535,0.091822,0.938232,0.291992,0.896842,0.101407,399.489990,3481.000000
2247.000000,-168.924881,0.250244,0.092515,0.940918,0.293213,0.899258,0.102368,408.380005,3497.000000
2248.000000,-165.797699,0.247803,0.091224,0.940430,0.290039,0.898504,0.100232,392.869995,3500.000000
2249.000000,-169.865967,0.247803,0.089956,0.938477,0.290283,0.896698,0.099441,423.869995,3513.000000
2250.000000,-181.020233,0.243164,0.086429,0.934082,0.285645,0.892151,0.096381,458.910004,3504.000000
2251.000000,-170.320526,0.241699,0.085443,0.931641,0.282715,0.889793,0.094123,426.670013,3422.000000
2252.000000,-160.042252,0.242676,0.086879,0.931885,0.283447,0.890770,0.095381,397.010010,3437.000000
2253.000000,-139.317734,0.242432,0.088835,0.932617,0.284424,0.891485,0.097968,354.230011,3424.000000
2254.000000,-199.220734,0.241699,0.087591,0.928955,0.284668,0.888241,0.097495,501.769989,3473.000000
2255.000000,-191.302765,0.244873,0.088655,0.931885,0.289062,0.891143,0.099219,490.420013,3495.000000
2256.000000,-203.441788,0.246338,0.089652,0.935059,0.290283,0.894647,0.099023,512.059998,3499.000000
2257.000000,-177.914886,0.247070,0.089719,0.936035,0.289795,0.896255,0.098123,450.880005,3499.000000
2258.000000,-173.647125,0.250244,0.090872,0.944092,0.292969,0.903889,0.099393,441.089996,3469.000000
2259.000000,-184.403214,0.244873,0.087617,0.935059,0.287109,0.894810,0.095588,476.779999,3479.000000
2260.000000,-166.639984,0.243408,0.086476,0.933594,0.287354,0.893270,0.096394,433.820007,3509.000000
2261.000000,-164.250900,0.240723,0.085725,0.932617,0.283447,0.892636,0.094643,406.730011,3506.000000
2262.000000,-153.915115,0.237549,0.084655,0.934814,0.281738,0.894276,0.094088,389.070007,3499.000000
2263.000000,-171.222214,0.237549,0.085517,0.930908,0.282715,0.890986,0.096108,437.859985,3480.000000
2264.000000,-180.044098,0.239990,0.088918,0.931396,0.284424,0.891437,0.098396,449.739990,3495.000000
2265.000000,-172.192261,0.238037,0.087730,0.930664,0.281738,0.890889,0.097366,437.339996,3499.000000
2266.000000,-177.600082,0.243408,0.091952,0.932861,0.287109,0.893384,0.101503,439.540009,3480.000000
2267.000000,-174.478043,0.245361,0.092661,0.935303,0.290283,0.894692,0.103164,440.910004,3489.000000
2268.000000,-186.122482,0.245117,0.092688,0.936035,0.289062,0.896212,0.102624,473.989990,3502.000000
2269.000000,-163.561768,0.246094,0.093797,0.936768,0.289062,0.896987,0.102322,418.839996,3505.000000
2270.000000,-166.487381,0.249023,0.096247,0.936768,0.291260,0.897667,0.104405,410.320007,3485.000000
2271.000000,-170.224091,0.247559,0.094983,0.933105,0.289795,0.894311,0.103808,439.160004,3486.000000
2272.000000,-167.504028,0.244873,0.093014,0.935791,0.287598,0.896179,0.102189,430.760010,3486.000000
2273.000000,-166.562576,0.246582,0.095100,0.932129,0.289795,0.892206,0.104959,424.359985,3493.000000
2274.000000,-176.390610,0.248779,0.095217,0.940186,0.291504,0.900644,0.104713,437.440002,3507.000000
2275.000000,-178.915451,0.250732,0.095970,0.938965,0.294189,0.901099,0.107037,442.799988,3495.000000
2276.000000,-165.282425,0.250732,0.095787,0.936768,0.293945,0.898515,0.106281,414.100006,3497.000000
2277.000000,-175.508881,0.251465,0.095288,0.933105,0.294678,0.895100,0.105785,441.320007,3496.000000
2278.000000,-160.858521,0.251709,0.097457,0.933105,0.294678,0.895503,0.107058,406.519989,3492.000000
2279.000000,-170.179474,0.256836,0.099219,0.932373,0.300537,0.894985,0.108983,426.109985,3503.000000
2280.000000,-199.519913,0.256836,0.098694,0.935791,0.301270,0.897938,0.108969,510.829987,3514.000000
2281.000000,-186.489243,0.259277,0.097669,0.932617,0.303223,0.894661,0.107803,462.799988,3494.000000
2282.000000,-158.669281,0.257324,0.097036,0.929688,0.299561,0.892727,0.105862,396.079987,3519.000000
2283.000000,-183.214783,0.255371,0.094712,0.929932,0.299072,0.892801,0.104589,469.470001,3498.000000
2284.000000,-183.329498,0.257324,0.095506,0.931641,0.302490,0.894318,0.106224,468.989990,3511.000000
2285.000000,-172.084167,0.257080,0.095732,0.934570,0.303955,0.896877,0.107072,437.769989,3517.000000
2286.000000,-183.174789,0.256348,0.094734,0.931396,0.303223,0.892823,0.105317,466.540009,3502.000000
2287.000000,-162.894409,0.253662,0.090101,0.933594,0.300781,0.895556,0.100100,409.899994,3521.000000
2288.000000,-166.079178,0.251709,0.087814,0.935303,0.299316,0.897164,0.098489,412.750000,3518.000000
2289.000000,-180.231094,0.249023,0.087373,0.933594,0.296143,0.896061,0.097200,466.829987,3502.000000
2290.000000,-178.567108,0.245850,0.086716,0.928467,0.293457,0.890970,0.097216,440.079987,3514.000000
2291.000000,-177.687881,0.245605,0.087620,0.932129,0.293701,0.893980,0.098292,443.899994,3505.000000
2292.000000,-183.966583,0.247070,0.089964,0.928955,0.295410,0.891705,0.101117,451.779999,3510.000000
2293.000000,-169.748734,0.248535,0.092520,0.933105,0.296143,0.896027,0.102445,428.720001,3512.000000
2294.000000,-165.192307,0.248535,0.095050,0.930176,0.296631,0.893718,0.105061,404.609985,3503.000000
2295.000000,-164.531082,0.246826,0.095193,0.934082,0.295654,0.897009,0.105269,416.220001,3522.000000
2296.000000,-185.092346,0.246582,0.093945,0.933594,0.295654,0.896135,0.104142,471.029999,3518.000000
2297.000000,-191.907349,0.245605,0.093777,0.932373,0.294434,0.895069,0.103815,480.839996,3516.000000
2298.000000,-171.018311,0.243408,0.092380,0.929199,0.291504,0.891205,0.101714,434.290009,3503.000000
2299.000000,-161.050171,0.242188,0.091711,0.928467,0.290283,0.890185,0.102197,408.500000,3522.000000
2300.000000,-171.883987,0.244873,0.092712,0.932129,0.292236,0.892984,0.102806,442.700012,3516.000000
2301.000000,-160.102600,0.243164,0.092027,0.932129,0.291748,0.892843,0.103549,388.450012,3514.000000
2302.000000,-162.224579,0.244629,0.094164,0.933838,0.290283,0.895293,0.102759,405.130005,3494.000000
2303.000000,-147.545471,0.242676,0.092850,0.931885,0.287842,0.894291,0.101419,364.299988,3498.000000
2304.000000,-164.563583,0.240723,0.091223,0.930664,0.285645,0.893679,0.099709,422.920013,3506.000000
2305.000000,-184.292953,0.242432,0.090600,0.930176,0.288330,0.892963,0.099886,454.250000,3423.000000
2306.000000,-187.035370,0.242920,0.090087,0.934814,0.291504,0.897995,0.102026,457.920013,3421.000000
2307.000000,-183.292694,0.248047,0.095458,0.936279,0.296143,0.899174,0.105935,484.540009,3488.000000
2308.000000,-167.469070,0.247803,0.095997,0.933838,0.296387,0.897032,0.105852,432.070007,3521.000000
2309.000000,-167.000717,0.246094,0.096153,0.934326,0.294434,0.897691,0.105633,417.269989,3507.000000
2310.000000,-184.739197,0.248291,0.095482,0.931396,0.296387,0.895072,0.104436,465.799988,3472.000000
2311.000000,-167.836807,0.247559,0.095914,0.931885,0.297363,0.895528,0.106910,419.260010,3505.000000
2312.000000,-187.041824,0.251221,0.097190,0.936523,0.301025,0.900191,0.107753,461.269989,3458.000000
2313.000000,-187.162109,0.248047,0.092666,0.937012,0.298340,0.900259,0.104409,470.470001,3502.000000
2314.000000,-176.070450,0.251221,0.093073,0.940430,0.301270,0.903423,0.104714,436.339996,3502.000000
2315.000000,-171.702209,0.253662,0.092712,0.943604,0.302490,0.906514,0.103822,426.230011,3488.000000
2316.000000,-186.957214,0.255371,0.091451,0.946045,0.304199,0.908288,0.102834,474.200012,3464.000000
2317.000000,-181.809845,0.253906,0.092035,0.941895,0.303467,0.903542,0.103822,468.709991,3498.000000
2318.000000,-174.225662,0.253174,0.092537,0.937256,0.300537,0.899008,0.102358,442.600006,3504.000000
2319.000000,-177.530914,0.251221,0.091950,0.931885,0.300049,0.894881,0.102772,420.769989,3515.000000
2320.000000,-158.518082,0.247559,0.090160,0.930908,0.297119,0.893674,0.101031,403.549988,3543.000000
2321.000000,-157.929733,0.246826,0.091347,0.931152,0.296387,0.894012,0.101743,399.380005,3535.000000
2322.000000,-164.152725,0.244385,0.089863,0.931152,0.293457,0.894122,0.099935,418.760010,3535.000000
2323.000000,-179.512848,0.244141,0.091554,0.931885,0.292236,0.895052,0.101210,456.459991,3536.000000
2324.000000,-179.391312,0.243408,0.090674,0.933838,0.292236,0.896798,0.101564,456.970001,3557.000000
2325.000000,-181.442703,0.246094,0.093976,0.935059,0.293701,0.899111,0.103643,466.000000,3558.000000
2326.000000,-185.715652,0.250000,0.096382,0.937744,0.297119,0.902448,0.105492,466.890015,3527.000000
2327.000000,-165.525940,0.245605,0.094862,0.934082,0.292725,0.898521,0.104577,423.779999,3507.000000
2328.000000,-155.822678,0.249512,0.096187,0.935059,0.297607,0.900513,0.106328,396.209991,3497.000000
2329.000000,-154.690826,0.246582,0.093500,0.937500,0.295410,0.903095,0.103599,388.420013,3516.000000
2330.000000,-166.803940,0.247803,0.093361,0.940186,0.295654,0.905556,0.102076,412.959991,3517.000000
2331.000000,-176.696075,0.248291,0.092623,0.937988,0.296631,0.903373,0.101839,438.480011,3508.000000
2332.000000,-166.641342,0.246582,0.092448,0.935791,0.295410,0.901029,0.102078,420.179993,3541.000000
2333.000000,-148.824692,0.244385,0.090593,0.933350,0.294678,0.898585,0.101003,374.679993,3532.000000
2334.000000,-195.076813,0.246338,0.092501,0.932617,0.295654,0.898022,0.102481,486.380005,3525.000000
2335.000000,-180.413635,0.247314,0.094324,0.933105,0.298340,0.897650,0.105461,452.410004,3504.000000
2336.000000,-173.130753,0.248291,0.093656,0.938232,0.298828,0.902292,0.103723,446.130005,3514.000000
2337.000000,-188.925598,0.249268,0.094094,0.940430,0.300781,0.904331,0.105258,481.119995,3514.000000
2338.000000,-166.553253,0.249756,0.093349,0.939941,0.301514,0.903872,0.104161,429.079987,3522.000000
2339.000000,-190.796417,0.250000,0.091207,0.939453,0.302979,0.902881,0.103319,484.709991,3509.000000
2340.000000,-168.298752,0.249756,0.090706,0.937500,0.301270,0.900552,0.101132,423.429993,3527.000000
2341.000000,-168.818634,0.244141,0.086441,0.934326,0.297119,0.897280,0.097695,431.980011,3522.000000
2342.000000,-168.980392,0.239502,0.085763,0.929932,0.293457,0.892075,0.097227,432.609985,3518.000000
2343.000000,-167.193161,0.239502,0.086676,0.935547,0.292236,0.897139,0.096465,416.059998,3531.000000
2344.000000,-161.815033,0.238525,0.087776,0.936768,0.293457,0.898631,0.099340,409.299988,3515.000000
2345.000000,-180.893433,0.240967,0.088208,0.939209,0.294189,0.901602,0.098124,456.549988,3522.000000
2346.000000,-188.292984,0.240234,0.088031,0.936279,0.294434,0.898848,0.099453,484.910004,3524.000000
2347.000000,-170.809372,0.245605,0.095261,0.936523,0.297363,0.899027,0.104378,431.720001,3509.000000
2348.000000,-175.908920,0.247803,0.095722,0.936279,0.302490,0.898256,0.107751,447.750000,3510.000000
2349.000000,-186.806473,0.245850,0.093910,0.936035,0.302979,0.897386,0.107530,473.619995,3512.000000
2350.000000,-177.395416,0.246826,0.094721,0.934082,0.303955,0.896426,0.107507,440.549988,3521.000000
2351.000000,-176.722107,0.242920,0.094155,0.927490,0.299561,0.891490,0.105924,421.299988,3532.000000
2352.000000,-179.172470,0.239502,0.092628,0.922363,0.297119,0.887058,0.105202,437.779999,3516.000000
2353.000000,-183.521301,0.242432,0.094150,0.929932,0.299316,0.894234,0.105314,451.170013,3531.000000
2354.000000,-176.036957,0.243164,0.094793,0.936035,0.299561,0.900767,0.105751,438.899994,3502.000000
2355.000000,-162.623077,0.241455,0.095845,0.934082,0.297607,0.898135,0.106080,420.029999,3535.000000
2356.000000,-173.527634,0.241455,0.095754,0.930420,0.297363,0.893749,0.106487,444.170013,3504.000000
2357.000000,-183.026917,0.242188,0.094591,0.930908,0.296875,0.894459,0.104449,460.250000,3526.000000
2358.000000,-170.012650,0.239258,0.093214,0.930908,0.295898,0.894262,0.105067,426.579987,3524.000000
2359.000000,-186.721527,0.243896,0.095287,0.935303,0.300537,0.898269,0.106587,469.540009,3532.000000
2360.000000,-171.446640,0.247314,0.096027,0.937256,0.303955,0.900258,0.107761,422.329987,3526.000000
2361.000000,-171.273758,0.245361,0.094274,0.942627,0.301025,0.906221,0.104570,419.299988,3529.000000
2362.000000,-165.141174,0.243896,0.092340,0.938965,0.297852,0.904234,0.102462,401.559998,3539.000000
2363.000000,-188.801865,0.243652,0.089215,0.936279,0.297363,0.901737,0.099244,471.029999,3528.000000
2364.000000,-188.549866,0.245361,0.091912,0.938232,0.297852,0.903651,0.100605,478.350006,3519.000000
2365.000000,-169.855942,0.251709,0.096232,0.942383,0.303711,0.907941,0.105602,437.230011,3533.000000
2366.000000,-196.873322,0.254395,0.098104,0.940430,0.305908,0.905955,0.108003,490.040009,3543.000000
2367.000000,-178.813980,0.255127,0.099112,0.937744,0.306152,0.902702,0.108059,456.609985,3555.000000
2368.000000,-195.315781,0.257568,0.102278,0.936035,0.312012,0.900704,0.115465,492.970001,3563.000000
2369.000000,-181.429565,0.258789,0.102358,0.937256,0.311035,0.902176,0.112953,448.829987,3457.000000
2370.000000,-175.689377,0.255127,0.099406,0.936279,0.309570,0.900761,0.112981,437.970001,3521.000000
2371.000000,-161.369247,0.252441,0.095983,0.932373,0.307617,0.896488,0.109635,403.609985,3566.000000
2372.000000,-192.608902,0.248779,0.092440,0.929932,0.304688,0.893602,0.106102,480.279999,3543.000000
2373.000000,-175.285019,0.247314,0.093086,0.926758,0.302246,0.891239,0.104918,439.910004,3557.000000
2374.000000,-166.569611,0.248291,0.091102,0.934082,0.304443,0.897972,0.103672,417.549988,3552.000000
2375.000000,-173.852020,0.247314,0.090599,0.933105,0.303223,0.897102,0.102532,441.970001,3536.000000
2376.000000,-164.969894,0.244629,0.089572,0.931885,0.301514,0.895606,0.101493,426.829987,3536.000000
2377.000000,-162.957901,0.243408,0.090486,0.932129,0.299805,0.895546,0.101529,420.380005,3523.000000
2378.000000,-162.427399,0.242432,0.090122,0.933350,0.299072,0.896607,0.100517,417.239990,3533.000000
2379.000000,-183.564194,0.243652,0.091552,0.933594,0.299561,0.896647,0.101196,454.839996,3546.000000
2380.000000,-164.355850,0.243164,0.091859,0.929443,0.298828,0.892926,0.101759,406.100006,3515.000000
2381.000000,-152.705185,0.239990,0.090544,0.928223,0.297119,0.891348,0.100855,380.519989,3540.000000
2382.000000,-161.361084,0.237061,0.089231,0.926758,0.293701,0.891415,0.099728,405.690002,3533.000000
2383.000000,-163.542877,0.233643,0.087756,0.927246,0.288574,0.892013,0.097466,413.489990,3548.000000
2384.000000,-186.240936,0.232178,0.086143,0.930420,0.287109,0.895608,0.096036,456.940002,3541.000000
2385.000000,-171.385498,0.230957,0.086129,0.930420,0.286377,0.895129,0.097181,432.160004,3552.000000
2386.000000,-166.829895,0.231201,0.085578,0.932373,0.286133,0.897805,0.096465,418.809998,3529.000000
2387.000000,-168.757721,0.234619,0.089312,0.935059,0.288818,0.900313,0.099973,430.630005,3542.000000
2388.000000,-180.435211,0.237061,0.091282,0.937988,0.291748,0.903440,0.101663,466.320007,3546.000000
2389.000000,-186.628464,0.239258,0.090858,0.937256,0.293945,0.902213,0.101295,470.790009,3526.000000
2390.000000,-169.603760,0.239746,0.092446,0.932129,0.294922,0.897491,0.103946,432.179993,3519.000000
2391.000000,-181.480331,0.242188,0.094347,0.937988,0.296875,0.903134,0.105243,466.549988,3541.000000
2392.000000,-177.556442,0.242188,0.096649,0.933105,0.296875,0.898191,0.106911,447.390015,3526.000000
2393.000000,-180.840668,0.246338,0.099140,0.937500,0.299805,0.902003,0.107897,455.130005,3537.000000
2394.000000,-185.203568,0.245850,0.098603,0.935059,0.299072,0.899468,0.107399,475.279999,3522.000000
2395.000000,-199.772522,0.246582,0.098558,0.935303,0.301514,0.899088,0.108969,509.850006,3524.000000
2396.000000,-175.526443,0.245850,0.098956,0.931885,0.300781,0.896563,0.110165,440.940002,3497.000000
2397.000000,-172.921219,0.246338,0.097358,0.931641,0.303711,0.896090,0.111041,432.570007,3488.000000
2398.000000,-171.402557,0.246338,0.096271,0.930420,0.303223,0.895236,0.109143,431.619995,3507.000000
2399.000000,-169.099701,0.248779,0.096076,0.934326,0.305420,0.898943,0.107847,431.619995,3472.000000
2400.000000,-175.170212,0.246582,0.094003,0.933594,0.303467,0.898595,0.105597,442.160004,3516.000000
2401.000000,-205.697205,0.247803,0.092597,0.937744,0.303711,0.902205,0.103703,519.869995,3496.000000
2402.000000,-209.881012,0.248779,0.091345,0.936523,0.304443,0.901113,0.102346,540.830017,3476.000000
2403.000000,-159.532242,0.247070,0.089081,0.937500,0.302734,0.902282,0.100079,392.029999,3514.000000
2404.000000,-163.332077,0.252197,0.090827,0.940918,0.308105,0.905285,0.102178,407.790009,3534.000000
2405.000000,-172.827057,0.252197,0.089793,0.940430,0.306885,0.904907,0.100031,438.799988,3517.000000
2406.000000,-181.996262,0.252930,0.090765,0.935547,0.306885,0.899782,0.100493,469.959991,3526.000000
2407.000000,-168.486404,0.257080,0.094389,0.937256,0.309082,0.900603,0.102945,434.510010,3534.000000
2408.000000,-194.153534,0.259033,0.094474,0.934082,0.312500,0.897492,0.104344,480.480011,3524.000000
2409.000000,-157.050064,0.257568,0.095159,0.936279,0.309570,0.899955,0.104282,391.929993,3496.000000
2410.000000,-185.134964,0.252197,0.091989,0.931152,0.303711,0.895567,0.100838,462.290009,3530.000000
2411.000000,-183.723755,0.256836,0.095536,0.934082,0.308838,0.898665,0.105503,451.000000,3507.000000
2412.000000,-160.557953,0.254883,0.094221,0.931641,0.306152,0.895860,0.103391,387.660004,3497.000000
2413.000000,-168.549606,0.248291,0.090301,0.929688,0.299805,0.894215,0.099989,417.850006,3503.000000
2414.000000,-171.733536,0.250977,0.089946,0.934814,0.302979,0.899288,0.100640,426.079987,3538.000000
2415.000000,-168.351730,0.248047,0.089585,0.932617,0.299316,0.898090,0.100056,422.309998,3518.000000
2416.000000,-166.018173,0.247070,0.089501,0.933350,0.298584,0.898164,0.099248,414.920013,3522.000000
2417.000000,-199.717224,0.245605,0.090656,0.928223,0.297852,0.892653,0.101084,493.700012,3526.000000
2418.000000,-186.576447,0.241699,0.089395,0.927490,0.295410,0.890659,0.100817,460.839996,3511.000000
2419.000000,-194.887787,0.237305,0.088583,0.927490,0.293945,0.890766,0.101674,496.600006,3523.000000
2420.000000,-172.866852,0.239990,0.092322,0.928711,0.294434,0.892137,0.103562,435.029999,3520.000000
2421.000000,-175.813156,0.240723,0.094086,0.924316,0.294678,0.887958,0.105669,446.079987,3507.000000
2422.000000,-166.715195,0.239502,0.093857,0.923096,0.294189,0.886464,0.105616,425.850006,3486.000000
2423.000000,-169.259445,0.242920,0.097113,0.925293,0.299072,0.889214,0.109741,441.540009,3506.000000
2424.000000,-156.448364,0.243164,0.097308,0.929443,0.299561,0.893735,0.109589,386.570007,3506.000000
2425.000000,-175.485214,0.248779,0.101640,0.931885,0.303223,0.896401,0.111489,438.190002,3494.000000
2426.000000,-182.429031,0.248047,0.098033,0.935059,0.303467,0.899146,0.109166,457.440002,3492.000000
2427.000000,-176.580109,0.248779,0.097244,0.937012,0.306641,0.900282,0.110670,442.350006,3475.000000
2428.000000,-188.858215,0.252930,0.098196,0.936279,0.308105,0.898955,0.109783,478.910004,3497.000000
2429.000000,-187.208694,0.253906,0.097387,0.932129,0.308594,0.895233,0.109801,467.600006,3489.000000
2430.000000,-171.577408,0.251465,0.096270,0.926514,0.305664,0.890285,0.108839,426.820007,3489.000000
2431.000000,-180.126495,0.252197,0.096130,0.928955,0.305664,0.892771,0.108705,460.890015,3487.000000
2432.000000,-168.118378,0.251465,0.096128,0.930176,0.305908,0.894477,0.109815,422.170013,3484.000000
2433.000000,-181.191986,0.257080,0.098671,0.935547,0.312500,0.899684,0.112854,450.790009,3402.000000
2434.000000,-169.488190,0.258301,0.099354,0.939941,0.312012,0.904098,0.112494,419.160004,3491.000000
2435.000000,-155.968597,0.258545,0.099342,0.938721,0.312256,0.902732,0.112339,393.179993,3516.000000
2436.000000,-171.820923,0.257812,0.096532,0.937744,0.311035,0.901444,0.108658,435.329987,3455.000000
2437.000000,-169.232422,0.261475,0.098282,0.940918,0.314941,0.904221,0.110029,432.980011,3448.000000
2438.000000,-177.889267,0.257324,0.096336,0.935059,0.312012,0.898546,0.108769,455.850006,3449.000000
2439.000000,-188.051529,0.257080,0.097799,0.932129,0.311279,0.895351,0.109422,476.109985,3424.000000
2440.000000,-181.563049,0.253662,0.097552,0.923096,0.309814,0.886589,0.110470,467.390015,3432.000000
2441.000000,-171.543594,0.250977,0.096113,0.921631,0.308350,0.884730,0.109313,441.459991,3474.000000
2442.000000,-168.667542,0.254883,0.096954,0.928223,0.312012,0.891072,0.109899,441.040009,3496.000000
2443.000000,-173.168350,0.257568,0.097865,0.936035,0.313965,0.898657,0.110433,442.029999,3500.000000
2444.000000,-164.641907,0.258545,0.100254,0.936279,0.314453,0.899708,0.111990,406.839996,3514.000000
2445.000000,-170.888840,0.258301,0.100656,0.932373,0.312744,0.895677,0.110702,437.720001,3519.000000
2446.000000,-176.579956,0.254883,0.098542,0.930420,0.310059,0.892789,0.109166,456.209991,3471.000000
2447.000000,-188.554352,0.255615,0.099038,0.931152,0.310303,0.892706,0.109464,479.760010,3423.000000
2448.000000,-169.615753,0.249512,0.096359,0.928223,0.305908,0.889413,0.108712,430.309998,3393.000000
2449.000000,-175.632980,0.249023,0.096086,0.927734,0.303711,0.889109,0.107516,442.980011,3403.000000
2450.000000,-179.631424,0.247803,0.095222,0.925293,0.303223,0.886528,0.107950,454.029999,3422.000000
2451.000000,-177.549225,0.247559,0.095495,0.925293,0.302979,0.886130,0.108466,441.480011,3453.000000
2452.000000,-170.066330,0.246826,0.094431,0.928467,0.301025,0.889300,0.106157,426.570007,3448.000000
2453.000000,-139.781387,0.246826,0.094093,0.930908,0.300293,0.891756,0.105388,361.369995,3455.000000
2454.000000,-155.669830,0.245605,0.094753,0.931396,0.298096,0.892392,0.103994,395.890015,3473.000000
2455.000000,-173.546799,0.245361,0.093749,0.936279,0.298096,0.897303,0.104344,436.890015,3486.000000
2456.000000,-183.039398,0.243652,0.093886,0.932861,0.296875,0.894754,0.105768,465.410004,3559.000000
2457.000000,-206.036362,0.245605,0.095477,0.926514,0.296631,0.888051,0.106042,536.469971,3554.000000
2458.000000,-191.584366,0.247559,0.095441,0.925781,0.297119,0.887296,0.105419,499.260010,3545.000000
2459.000000,-182.440720,0.250977,0.098966,0.929443,0.302979,0.891330,0.111175,466.839996,3546.000000
2460.000000,-177.290665,0.254639,0.102250,0.930908,0.304932,0.892403,0.112357,442.420013,3548.000000
2461.000000,-187.724350,0.257568,0.102573,0.935547,0.305664,0.897061,0.112059,450.730011,3513.000000
2462.000000,-193.231689,0.257324,0.101733,0.935059,0.304688,0.895489,0.110478,467.369995,3509.000000
2463.000000,-183.570770,0.257568,0.100181,0.934814,0.305420,0.894901,0.110170,467.200012,3516.000000
2464.000000,-166.267883,0.257324,0.099112,0.937744,0.306396,0.896726,0.110101,420.750000,3529.000000
2465.000000,-172.026154,0.261475,0.099857,0.939697,0.312744,0.898657,0.112627,425.119995,3520.000000
2466.000000,-180.988693,0.259766,0.097896,0.936035,0.311523,0.895333,0.110598,446.260010,3529.000000
2467.000000,-160.456329,0.256348,0.095987,0.933838,0.307861,0.893494,0.108223,393.500000,3523.000000
2468.000000,-152.537476,0.256348,0.096689,0.933350,0.308105,0.893007,0.108438,366.160004,3528.000000
2469.000000,-166.672363,0.257324,0.096251,0.937012,0.309326,0.896837,0.107898,426.170013,3511.000000
2470.000000,-152.062943,0.255859,0.094684,0.937744,0.307617,0.895842,0.105865,386.940002,3518.000000
2471.000000,-195.553726,0.254150,0.092113,0.933838,0.304688,0.892169,0.102212,476.420013,3523.000000
2472.000000,-166.977753,0.251221,0.089246,0.930664,0.301514,0.889658,0.099512,420.239990,3517.000000
2473.000000,-173.574387,0.251221,0.089971,0.927246,0.302002,0.886149,0.100086,439.149994,3536.000000
2474.000000,-163.554214,0.250244,0.090034,0.926514,0.302979,0.886238,0.102545,419.160004,3508.000000
2475.000000,-177.051712,0.254150,0.092676,0.931641,0.306396,0.890652,0.104271,442.109985,3515.000000
2476.000000,-178.168915,0.250244,0.089912,0.932617,0.301514,0.891270,0.100204,447.649994,3508.000000
2477.000000,-186.798950,0.252441,0.091677,0.934814,0.304443,0.892957,0.102715,481.529999,3492.000000
2478.000000,-180.733704,0.251221,0.090506,0.935303,0.303467,0.893368,0.101252,450.390015,3508.000000
2479.000000,-174.848404,0.249756,0.089188,0.934082,0.301514,0.891642,0.099470,430.290009,3508.000000
2480.000000,-183.620529,0.247314,0.087472,0.932129,0.300049,0.889177,0.098341,463.079987,3487.000000
2481.000000,-171.765701,0.248047,0.089002,0.933838,0.302490,0.890403,0.100954,430.459991,3480.000000
2482.000000,-182.377274,0.246094,0.086941,0.931152,0.299561,0.887622,0.098048,462.130005,3503.000000
2483.000000,-161.957535,0.241699,0.085286,0.927490,0.296875,0.884737,0.097199,403.820007,3450.000000
2484.000000,-161.691650,0.240234,0.085379,0.930420,0.295410,0.888223,0.096803,392.179993,3461.000000
2485.000000,-165.365494,0.237549,0.086180,0.925537,0.292480,0.884571,0.098173,414.859985,3454.000000
2486.000000,-161.086563,0.237305,0.087820,0.928711,0.291992,0.888225,0.098801,409.059998,3466.000000
2487.000000,-189.058548,0.241699,0.092088,0.930176,0.296387,0.889905,0.103678,475.369995,3451.000000
2488.000000,-189.074203,0.241699,0.092890,0.935059,0.296875,0.895041,0.104813,469.459991,3456.000000
2489.000000,-159.834961,0.238037,0.090869,0.934082,0.291504,0.893843,0.101039,410.950012,3470.000000
2490.000000,-183.279984,0.239258,0.092699,0.933105,0.293945,0.892962,0.103622,459.559998,3458.000000
2491.000000,-169.841827,0.242432,0.093493,0.937744,0.295166,0.896463,0.103725,436.010010,3480.000000
2492.000000,-156.715775,0.242676,0.093697,0.937500,0.294922,0.895780,0.104431,394.950012,3469.000000
2493.000000,-161.639435,0.243652,0.093190,0.938477,0.294434,0.898072,0.103158,404.899994,3453.000000
2494.000000,-152.992752,0.241211,0.092131,0.936279,0.294189,0.895557,0.103350,387.679993,3441.000000
2495.000000,-182.699799,0.245117,0.095168,0.935791,0.298584,0.894629,0.106668,471.179993,3436.000000
2496.000000,-181.813126,0.246338,0.096459,0.934814,0.299072,0.893870,0.107647,466.750000,3471.000000
2497.000000,-169.832153,0.246582,0.097138,0.932129,0.299316,0.891065,0.108390,440.769989,3399.000000
2498.000000,-197.418701,0.249512,0.099687,0.930420,0.302979,0.890375,0.110979,494.369995,3452.000000
2499.000000,-188.635437,0.251221,0.099433,0.935547,0.305176,0.895892,0.110644,462.570007,3439.000000
2500.000000,-190.577591,0.252441,0.098418,0.936523,0.304688,0.896625,0.108581,483.059998,3438.000000
2501.000000,-180.868637,0.250000,0.096829,0.936523,0.301025,0.896775,0.106284,447.899994,3444.000000
2502.000000,-175.946915,0.250488,0.097413,0.931885,0.302979,0.892359,0.108901,445.609985,3458.000000
2503.000000,-161.704163,0.251221,0.095501,0.931885,0.302734,0.892563,0.106707,403.149994,3468.000000
2504.000000,-169.970062,0.253906,0.096102,0.933838,0.303467,0.895544,0.106166,427.049988,3461.000000
2505.000000,-174.499359,0.253662,0.094786,0.934326,0.306396,0.895366,0.108101,433.589996,3455.000000
2506.000000,-165.409210,0.253418,0.094054,0.935791,0.305420,0.896514,0.105380,408.440002,3459.000000
2507.000000,-161.801208,0.256104,0.094021,0.937988,0.310059,0.899161,0.107083,404.619995,3469.000000
2508.000000,-171.274155,0.259277,0.095624,0.939697,0.312012,0.900539,0.107132,420.179993,3454.000000
2509.000000,-171.309250,0.260254,0.094910,0.934326,0.312988,0.894919,0.106129,427.730011,3463.000000
2510.000000,-170.158401,0.262695,0.096172,0.935547,0.313721,0.895526,0.106050,425.660004,3477.000000
2511.000000,-155.319168,0.262695,0.095371,0.934814,0.312744,0.895701,0.104002,385.619995,3457.000000
2512.000000,-173.109940,0.257080,0.089957,0.933105,0.307617,0.893710,0.098583,442.950012,3460.000000
2513.000000,-170.953003,0.256348,0.089799,0.933350,0.307617,0.893914,0.098871,436.489990,3469.000000
2514.000000,-142.546112,0.257812,0.092160,0.938232,0.308594,0.898609,0.101222,359.869995,3467.000000
2515.000000,-146.586151,0.253418,0.090186,0.934814,0.304932,0.895129,0.099937,369.769989,3447.000000
2516.000000,-157.881851,0.252930,0.090136,0.936035,0.302979,0.895841,0.098319,390.019989,3472.000000
2517.000000,-176.069687,0.250732,0.089869,0.931641,0.302246,0.891011,0.099773,441.390015,3445.000000
2518.000000,-182.195206,0.250977,0.090382,0.930420,0.301514,0.890165,0.100366,462.859985,3466.000000
2519.000000,-174.663773,0.251221,0.090409,0.929199,0.302490,0.889164,0.100865,428.320007,3469.000000
2520.000000,-180.246414,0.250977,0.091872,0.932617,0.300781,0.891858,0.100906,454.989990,3466.000000
2521.000000,-186.256882,0.246582,0.088757,0.932617,0.296387,0.892264,0.097610,477.089996,3476.000000
2522.000000,-165.947357,0.245605,0.088188,0.931396,0.295166,0.892160,0.096962,420.200012,3464.000000
2523.000000,-179.032990,0.244385,0.088883,0.926758,0.294434,0.887857,0.097889,448.890015,3518.000000
2524.000000,-178.630997,0.239014,0.086897,0.926270,0.290039,0.887982,0.096736,424.299988,3518.000000
2525.000000,-189.425903,0.238281,0.088530,0.924072,0.287354,0.886451,0.096560,454.600006,3503.000000
2526.000000,-166.674149,0.234863,0.088605,0.927490,0.284668,0.889792,0.097104,428.690002,3495.000000
2527.000000,-185.801620,0.234863,0.087887,0.925781,0.284912,0.887986,0.097390,472.859985,3487.000000
2528.000000,-183.113541,0.237549,0.089461,0.937012,0.287598,0.898547,0.099340,456.790009,3494.000000
2529.000000,-167.541153,0.235107,0.090178,0.933105,0.285156,0.894004,0.100116,427.899994,3495.000000
2530.000000,-189.107910,0.238281,0.091392,0.932861,0.287109,0.893847,0.100550,479.869995,3480.000000
2531.000000,-169.580505,0.239502,0.091462,0.939453,0.290039,0.901019,0.101970,426.359985,3505.000000
2532.000000,-182.793564,0.244873,0.097118,0.938721,0.296387,0.900182,0.107841,461.799988,3482.000000
2533.000000,-182.925583,0.245361,0.095463,0.934570,0.296143,0.896943,0.105114,456.480011,3507.000000
2534.000000,-185.513229,0.247559,0.097538,0.934326,0.299805,0.896383,0.108619,473.209991,3490.000000
2535.000000,-170.176895,0.251221,0.100513,0.935547,0.302002,0.897719,0.110691,429.600006,3492.000000
2536.000000,-158.341217,0.253662,0.099514,0.940918,0.304688,0.903443,0.109914,388.920013,3496.000000
2537.000000,-164.997192,0.251465,0.097949,0.939941,0.302490,0.902434,0.108263,412.980011,3506.000000
2538.000000,-176.334122,0.250000,0.095619,0.935303,0.301025,0.898270,0.106126,447.029999,3511.000000
2539.000000,-147.687576,0.249268,0.094058,0.934082,0.299316,0.897026,0.103709,360.619995,3531.000000
2540.000000,-162.590210,0.251221,0.094976,0.935791,0.301758,0.897670,0.105986,413.290009,3527.000000
2541.000000,-156.434723,0.251221,0.094779,0.939453,0.301270,0.901383,0.105228,394.049988,3539.000000
2542.000000,-169.792389,0.253906,0.096481,0.944092,0.305420,0.906591,0.107549,406.559998,3536.000000
2543.000000,-149.196869,0.253174,0.095615,0.940430,0.302979,0.902892,0.105538,383.010010,3524.000000
2544.000000,-194.466721,0.250244,0.092974,0.933838,0.299805,0.896675,0.102648,484.440002,3521.000000
2545.000000,-178.859421,0.247803,0.090953,0.930908,0.297852,0.894274,0.100920,441.790009,3530.000000
2546.000000,-194.466660,0.247559,0.090452,0.927979,0.299316,0.891568,0.102656,475.519989,3522.000000
2547.000000,-200.820007,0.249268,0.088803,0.930420,0.301758,0.894442,0.101753,499.549988,3507.000000
2548.000000,-182.937714,0.252441,0.090738,0.936035,0.305176,0.900106,0.103443,462.489990,3517.000000
2549.000000,-190.081665,0.253174,0.090812,0.936035,0.304688,0.899589,0.102142,480.140015,3517.000000
2550.000000,-189.042496,0.253174,0.091518,0.933594,0.304443,0.897035,0.102506,465.869995,3514.000000
2551.000000,-169.570084,0.251221,0.090013,0.933105,0.302734,0.895615,0.100701,425.829987,3514.000000
2552.000000,-154.703598,0.246826,0.089010,0.929199,0.298828,0.891706,0.099880,388.649994,3519.000000
2553.000000,-177.724304,0.245850,0.089610,0.928467,0.297607,0.890822,0.100317,446.380005,3498.000000
2554.000000,-180.688370,0.248047,0.091885,0.930176,0.302246,0.892578,0.104646,455.829987,3490.000000
2555.000000,-177.196243,0.245361,0.092239,0.927734,0.298584,0.890090,0.104279,441.420013,3496.000000
2556.000000,-167.370667,0.249268,0.094314,0.935547,0.301758,0.897413,0.105358,422.429993,3509.000000
2557.000000,-163.756210,0.242920,0.091264,0.930908,0.296631,0.892229,0.103097,407.510010,3491.000000
2558.000000,-171.994949,0.242676,0.093093,0.926514,0.295166,0.888379,0.103632,439.970001,3494.000000
2559.000000,-172.424164,0.244629,0.094093,0.925781,0.295898,0.889069,0.104730,431.540009,3491.000000
2560.000000,-179.800674,0.248047,0.097427,0.926025,0.298096,0.889816,0.107386,440.010010,3503.000000
2561.000000,-161.191711,0.248779,0.097686,0.931885,0.298584,0.895457,0.107641,393.239990,3416.000000
2562.000000,-177.470993,0.249023,0.098431,0.936279,0.298828,0.900159,0.108493,428.029999,3498.000000
2563.000000,-175.487228,0.248779,0.099111,0.937256,0.299072,0.900906,0.108948,442.649994,3505.000000
2564.000000,-174.337814,0.250732,0.100250,0.932617,0.301025,0.896541,0.110102,451.809998,3501.000000
2565.000000,-184.717346,0.251465,0.100943,0.929443,0.302734,0.892576,0.111301,478.070007,3498.000000
2566.000000,-160.737457,0.251953,0.098860,0.931152,0.302490,0.894334,0.109043,422.359985,3490.000000
2567.000000,-172.715302,0.255615,0.100214,0.938477,0.307373,0.901581,0.110845,439.170013,3506.000000
2568.000000,-178.288559,0.256592,0.099103,0.939697,0.308838,0.902732,0.109258,449.130005,3493.000000
2569.000000,-193.616104,0.257324,0.099471,0.938232,0.309082,0.901460,0.109251,490.369995,3493.000000
2570.000000,-186.709305,0.256104,0.098660,0.934326,0.307617,0.897855,0.107245,468.720001,3495.000000
2571.000000,-180.056427,0.253418,0.094645,0.930176,0.307129,0.893727,0.105665,447.149994,3497.000000
2572.000000,-179.211029,0.248779,0.091563,0.931396,0.300293,0.894342,0.100991,456.500000,3496.000000
2573.000000,-220.652481,0.249512,0.092451,0.927979,0.302002,0.890516,0.102448,549.940002,3503.000000
2574.000000,-183.748840,0.249512,0.092692,0.936035,0.302734,0.898033,0.103240,457.100006,3505.000000
2575.000000,-172.109726,0.252930,0.094393,0.939453,0.306885,0.900712,0.105456,425.760010,3500.000000
2576.000000,-160.893402,0.253662,0.093231,0.937988,0.307129,0.899731,0.103851,408.570007,3487.000000
2577.000000,-170.667603,0.258789,0.096497,0.940186,0.311279,0.901983,0.106280,434.489990,3446.000000
2578.000000,-160.888489,0.254639,0.095271,0.935547,0.307617,0.898162,0.105186,394.730011,3544.000000
2579.000000,-164.691727,0.252441,0.094444,0.933350,0.305908,0.896125,0.104345,398.700012,3511.000000
2580.000000,-152.771606,0.250488,0.092138,0.930664,0.304932,0.894179,0.103252,391.070007,3525.000000
2581.000000,-181.132751,0.251953,0.093659,0.930420,0.306396,0.894412,0.105213,456.529999,3509.000000
2582.000000,-188.078262,0.252686,0.095736,0.929932,0.305176,0.893310,0.106019,486.250000,3517.000000
2583.000000,-176.814499,0.254150,0.096688,0.931152,0.305664,0.893215,0.107391,459.850006,3504.000000
2584.000000,-183.870102,0.252441,0.095998,0.927002,0.305420,0.889502,0.108149,449.589996,3521.000000
2585.000000,-160.038116,0.252930,0.098153,0.927002,0.304688,0.889786,0.109111,397.239990,3518.000000
2586.000000,-159.820801,0.251221,0.097503,0.926270,0.303955,0.888320,0.110040,413.640015,3534.000000
2587.000000,-147.416885,0.250977,0.098289,0.931152,0.304199,0.892727,0.110348,379.140015,3536.000000
2588.000000,-173.515289,0.248535,0.095343,0.934326,0.300781,0.895896,0.106751,431.230011,3517.000000
2589.000000,-180.986786,0.247803,0.096139,0.934570,0.298340,0.896305,0.106778,455.320007,3521.000000
2590.000000,-188.771088,0.249023,0.095742,0.937988,0.300049,0.899780,0.106620,471.619995,3522.000000
2591.000000,-180.808136,0.250244,0.097556,0.936523,0.301514,0.898189,0.108350,459.679993,3511.000000
2592.000000,-154.139587,0.250244,0.095608,0.935791,0.300537,0.898086,0.106406,381.100006,3479.000000
2593.000000,-165.425140,0.251465,0.095369,0.936768,0.301514,0.899418,0.106193,408.980011,3485.000000
2594.000000,-172.876877,0.251465,0.096723,0.934814,0.302490,0.896654,0.107636,429.380005,3497.000000
2595.000000,-180.700836,0.253174,0.095351,0.937256,0.304688,0.898439,0.106417,461.399994,3488.000000
2596.000000,-185.036209,0.252686,0.093578,0.938232,0.304932,0.899307,0.105905,474.100006,3505.000000
2597.000000,-189.127548,0.250977,0.092387,0.938965,0.305176,0.899694,0.105941,479.019989,3508.000000
2598.000000,-197.488068,0.250732,0.092321,0.934814,0.302979,0.895166,0.103882,498.130005,3501.000000
2599.000000,-184.492203,0.253174,0.093175,0.934326,0.307129,0.894867,0.106052,444.609985,3495.000000
2600.000000,-166.850098,0.248535,0.090793,0.935059,0.303467,0.895899,0.104687,415.000000,3494.000000
2601.000000,-190.634827,0.249268,0.091451,0.938721,0.302979,0.899494,0.103483,485.100006,3493.000000
2602.000000,-178.551086,0.248535,0.091080,0.937012,0.302979,0.898385,0.103195,448.809998,3467.000000
2603.000000,-165.687241,0.246826,0.089957,0.937500,0.302002,0.898559,0.102427,404.489990,3503.000000
2604.000000,-185.131073,0.247559,0.090287,0.940674,0.302002,0.901173,0.101757,469.589996,3475.000000
2605.000000,-194.454361,0.247070,0.090280,0.939453,0.301514,0.900634,0.102058,490.369995,3507.000000
2606.000000,-183.765366,0.247803,0.091391,0.939209,0.301514,0.900273,0.102142,464.140015,3490.000000
2607.000000,-173.398392,0.249756,0.093585,0.943115,0.301758,0.903371,0.102500,445.079987,3505.000000
2608.000000,-194.690964,0.246826,0.093206,0.939697,0.299072,0.899294,0.102331,492.209991,3484.000000
2609.000000,-169.448914,0.245117,0.093226,0.935059,0.296631,0.894937,0.102260,424.989990,3508.000000
2610.000000,-177.606705,0.245117,0.093505,0.933105,0.297852,0.893281,0.103676,439.570007,3508.000000
2611.000000,-159.536194,0.244873,0.094811,0.929443,0.299561,0.889999,0.106211,401.450012,3506.000000
2612.000000,-165.277542,0.242188,0.096103,0.927490,0.295898,0.888753,0.106082,417.450012,3492.000000
2613.000000,-184.877090,0.242920,0.097022,0.924561,0.297607,0.886761,0.107942,437.260010,3516.000000
2614.000000,-182.161255,0.246582,0.099039,0.928223,0.302246,0.891013,0.110779,449.299988,3525.000000
2615.000000,-215.896561,0.251465,0.101856,0.932617,0.308594,0.895103,0.114672,534.909973,3515.000000
2616.000000,-192.328873,0.249512,0.100820,0.933594,0.307373,0.895846,0.114404,478.040009,3520.000000
2617.000000,-172.292313,0.250977,0.101798,0.932373,0.307617,0.893954,0.113996,436.450012,3532.000000
2618.000000,-151.436234,0.250488,0.099947,0.934570,0.306641,0.896059,0.111512,392.709991,3522.000000
2619.000000,-165.975021,0.250244,0.098374,0.935303,0.306396,0.896330,0.109528,413.940002,3502.000000
2620.000000,-171.999786,0.252441,0.099011,0.937256,0.308350,0.897161,0.110469,435.570007,3528.000000
2621.000000,-194.189865,0.254150,0.098523,0.938232,0.309814,0.897600,0.109749,480.390015,3520.000000
2622.000000,-181.352432,0.252197,0.096683,0.935791,0.305664,0.895173,0.107646,452.679993,3520.000000
2623.000000,-173.404785,0.253906,0.097563,0.935791,0.307617,0.895389,0.108335,439.929993,3523.000000
2624.000000,-187.611969,0.253906,0.094640,0.935547,0.310303,0.895456,0.107311,465.410004,3512.000000
2625.000000,-185.769455,0.254150,0.093601,0.936768,0.310303,0.896090,0.105813,478.839996,3420.000000
2626.000000,-174.148880,0.253906,0.092480,0.937256,0.309082,0.896343,0.103919,437.579987,3523.000000
2627.000000,-180.063766,0.254150,0.092782,0.934570,0.308105,0.894096,0.103560,446.239990,3536.000000
2628.000000,-183.883774,0.250977,0.090637,0.930420,0.306396,0.889833,0.102356,456.890015,3530.000000
2629.000000,-192.534943,0.252441,0.091708,0.934814,0.308105,0.893498,0.103640,484.200012,3515.000000
2630.000000,-167.384247,0.253418,0.092795,0.937256,0.309326,0.895785,0.104448,434.059998,3512.000000
2631.000000,-160.304138,0.254639,0.092172,0.935791,0.310547,0.894239,0.104140,411.459991,3531.000000
2632.000000,-151.110489,0.252441,0.091717,0.933594,0.309814,0.891784,0.104426,389.109985,3516.000000
2633.000000,-155.475769,0.249023,0.088952,0.932617,0.306641,0.890525,0.101739,377.429993,3522.000000
2634.000000,-172.230331,0.249756,0.090255,0.930176,0.306396,0.887818,0.102963,434.109985,3517.000000
2635.000000,-168.501907,0.247803,0.089412,0.928223,0.305908,0.886077,0.103178,425.619995,3529.000000
2636.000000,-174.012421,0.250244,0.091498,0.928467,0.306885,0.886563,0.104496,441.290009,3506.000000
2637.000000,-181.025787,0.249756,0.092640,0.932861,0.306641,0.891548,0.105320,445.239990,3516.000000
2638.000000,-165.111115,0.250000,0.093811,0.934326,0.306152,0.892807,0.106355,411.190002,3513.000000
2639.000000,-162.718246,0.248291,0.092514,0.930908,0.302734,0.889861,0.104239,403.010010,3522.000000
2640.000000,-158.729065,0.246582,0.091312,0.929443,0.301758,0.888094,0.103332,403.269989,3518.000000
2641.000000,-160.919189,0.247803,0.093563,0.928711,0.301758,0.887287,0.104252,400.380005,3523.000000
2642.000000,-167.750519,0.246826,0.095335,0.928711,0.300049,0.887714,0.105569,417.619995,3516.000000
2643.000000,-177.213379,0.244629,0.094527,0.932373,0.298584,0.891642,0.104771,436.940002,3505.000000
2644.000000,-168.274094,0.245361,0.097200,0.932617,0.300537,0.891865,0.108271,419.109985,3532.000000
2645.000000,-173.789688,0.244629,0.097022,0.933350,0.301025,0.892417,0.110626,437.209991,3515.000000
2646.000000,-179.181305,0.243652,0.094613,0.935303,0.299072,0.893557,0.107616,450.079987,3527.000000
2647.000000,-169.676300,0.241699,0.092633,0.933594,0.296387,0.892462,0.104961,430.899994,3538.000000
2648.000000,-202.935776,0.241699,0.091912,0.934814,0.295654,0.893597,0.103478,485.290009,3541.000000
2649.000000,-209.410172,0.246338,0.095189,0.936279,0.299316,0.894603,0.105752,517.690002,3530.000000
2650.000000,-212.390900,0.244385,0.093463,0.934082,0.299072,0.892828,0.105095,528.520020,3533.000000
2651.000000,-199.568207,0.245361,0.093930,0.933350,0.301758,0.892155,0.106722,504.350006,3530.000000
2652.000000,-184.191376,0.246338,0.092716,0.936035,0.301270,0.895283,0.103940,459.720001,3527.000000
2653.000000,-191.211105,0.245850,0.091936,0.940674,0.301514,0.899432,0.102941,471.140015,3535.000000
2654.000000,-179.439743,0.245361,0.089329,0.941162,0.302490,0.899231,0.101112,459.839996,3523.000000
2655.000000,-187.038544,0.245605,0.090825,0.937012,0.303223,0.895041,0.102560,461.959991,3520.000000
2656.000000,-179.774414,0.245850,0.091405,0.939941,0.303223,0.897618,0.102044,433.170013,3514.000000
2657.000000,-174.296066,0.241455,0.088982,0.931641,0.299316,0.889374,0.100242,443.399994,3525.000000
2658.000000,-164.696548,0.242188,0.090219,0.931641,0.299805,0.889179,0.100827,415.450012,3519.000000
2659.000000,-175.643646,0.240234,0.089274,0.930908,0.299072,0.888499,0.101391,435.190002,3523.000000
2660.000000,-177.850372,0.240723,0.089586,0.933350,0.299805,0.890575,0.100922,437.500000,3526.000000
2661.000000,-164.617538,0.240479,0.088388,0.930908,0.301270,0.887292,0.100869,405.339996,3530.000000
2662.000000,-172.707855,0.238281,0.087063,0.934814,0.298584,0.890978,0.098945,426.160004,3521.000000
2663.000000,-147.532761,0.237793,0.086681,0.938965,0.298340,0.895227,0.098073,373.010010,3529.000000
2664.000000,-165.077423,0.235840,0.086853,0.933838,0.297363,0.890429,0.098947,420.799988,3546.000000
2665.000000,-176.660706,0.238770,0.090021,0.936768,0.298828,0.893951,0.101473,434.410004,3528.000000
2666.000000,-171.438843,0.240967,0.091035,0.937256,0.300049,0.894021,0.102459,424.130005,3534.000000
2667.000000,-167.886505,0.238037,0.089901,0.937500,0.296631,0.894070,0.100576,397.519989,3523.000000
2668.000000,-190.317627,0.235352,0.089340,0.930176,0.293701,0.887799,0.099669,441.950012,3527.000000
2669.000000,-195.989899,0.236084,0.089700,0.928467,0.295654,0.885541,0.100765,487.630005,3533.000000
2670.000000,-182.890884,0.232422,0.087191,0.927246,0.291260,0.884041,0.098293,453.859985,3549.000000
2671.000000,-175.997910,0.233643,0.088430,0.926025,0.293701,0.883064,0.100965,444.700012,3547.000000
2672.000000,-165.803711,0.235107,0.088575,0.927490,0.293701,0.884811,0.099995,409.200012,3551.000000
2673.000000,-161.467163,0.235840,0.088111,0.931885,0.295898,0.888845,0.100963,394.440002,3546.000000
2674.000000,-158.504333,0.236572,0.089032,0.932861,0.295898,0.889900,0.101360,397.720001,3556.000000
2675.000000,-173.918961,0.235596,0.088201,0.929932,0.294434,0.886626,0.100348,443.459991,3527.000000
2676.000000,-176.985886,0.235107,0.090461,0.925537,0.295166,0.882674,0.103482,445.380005,3519.000000
2677.000000,-174.952194,0.236084,0.090795,0.928955,0.295410,0.886969,0.103113,442.809998,3554.000000
2678.000000,-179.676102,0.236084,0.088651,0.935547,0.295166,0.893801,0.100868,463.000000,3513.000000
2679.000000,-164.396332,0.237061,0.089795,0.936523,0.296875,0.894294,0.102504,415.940002,3511.000000
2680.000000,-192.123871,0.240723,0.091843,0.936523,0.298584,0.893721,0.102704,473.890015,3499.000000
2681.000000,-174.716919,0.242432,0.092204,0.940918,0.302490,0.897194,0.104989,445.130005,3502.000000
2682.000000,-180.156204,0.239746,0.090073,0.937744,0.298828,0.893526,0.101613,462.570007,3481.000000
2683.000000,-179.556351,0.237793,0.088985,0.933838,0.297119,0.888649,0.100954,453.410004,3488.000000
2684.000000,-189.424698,0.236084,0.088400,0.931885,0.293945,0.886412,0.098604,470.489990,3497.000000
2685.000000,-181.562576,0.238525,0.091182,0.931641,0.297119,0.886649,0.103019,452.720001,3485.000000
2686.000000,-162.415314,0.242432,0.094291,0.936279,0.299561,0.891368,0.105335,410.670013,3521.000000
2687.000000,-203.628616,0.245605,0.095764,0.939697,0.302002,0.894763,0.107090,504.589996,3520.000000
2688.000000,-194.700333,0.242676,0.093680,0.935059,0.299072,0.890370,0.105265,508.839996,3523.000000
2689.000000,-192.952118,0.239746,0.091876,0.928955,0.297363,0.884055,0.104748,490.920013,3421.000000
2690.000000,-188.229355,0.240234,0.090945,0.932129,0.296143,0.886560,0.102279,473.170013,3508.000000
2691.000000,-170.053101,0.241211,0.094273,0.932373,0.296631,0.886895,0.105577,424.890015,3504.000000
2692.000000,-153.699097,0.239746,0.093720,0.933838,0.294189,0.888820,0.104424,377.450012,3498.000000
2693.000000,-163.172638,0.241699,0.093909,0.934570,0.296387,0.889108,0.105264,407.489990,3503.000000
2694.000000,-186.661194,0.242188,0.094345,0.934082,0.295898,0.888300,0.104795,471.839996,3491.000000
2695.000000,-186.377960,0.239502,0.091310,0.935791,0.292725,0.890111,0.101693,466.500000,3503.000000
2696.000000,-190.386124,0.235840,0.088410,0.934082,0.289795,0.888485,0.099154,475.359985,3504.000000
2697.000000,-185.774124,0.239746,0.091289,0.933594,0.293945,0.887768,0.101994,469.660004,3508.000000
2698.000000,-192.689529,0.237793,0.091381,0.932373,0.292480,0.886581,0.102128,482.700012,3513.000000
2699.000000,-189.089142,0.237061,0.090202,0.932129,0.291748,0.887039,0.101012,468.339996,3501.000000
2700.000000,-172.178131,0.237305,0.090608,0.931396,0.292236,0.886405,0.101827,433.959991,3498.000000
2701.000000,-167.086578,0.241211,0.092941,0.933594,0.297852,0.888557,0.105924,423.230011,3499.000000
2702.000000,-174.102631,0.244141,0.094934,0.935547,0.302246,0.891002,0.109164,443.399994,3504.000000
2703.000000,-158.562851,0.244873,0.096942,0.937500,0.302490,0.892694,0.110254,402.369995,3499.000000
2704.000000,-154.378448,0.244141,0.096756,0.932861,0.302002,0.888330,0.109798,389.799988,3502.000000
2705.000000,-170.566727,0.242676,0.095849,0.929932,0.300537,0.886718,0.108835,425.230011,3502.000000
2706.000000,-198.021271,0.242432,0.094009,0.929443,0.298828,0.886642,0.105845,502.890015,3509.000000
2707.000000,-194.319504,0.242188,0.091537,0.932861,0.300537,0.890281,0.105100,490.750000,3505.000000
2708.000000,-179.893738,0.245117,0.095033,0.935059,0.300781,0.892101,0.106528,454.230011,3507.000000
2709.000000,-194.740128,0.244873,0.094162,0.931396,0.301514,0.888456,0.106601,492.470001,3519.000000
2710.000000,-181.084488,0.241943,0.090443,0.932373,0.297119,0.889990,0.102068,454.600006,3496.000000
2711.000000,-193.791824,0.241943,0.089438,0.930908,0.297119,0.888279,0.101265,489.250000,3507.000000
2712.000000,-173.860184,0.244141,0.090377,0.937500,0.299561,0.894227,0.102363,430.950012,3505.000000
2713.000000,-190.242416,0.247314,0.091476,0.934814,0.300293,0.891864,0.101482,476.390015,3485.000000
2714.000000,-184.010284,0.247314,0.093100,0.936768,0.302246,0.893916,0.105122,445.190002,3480.000000
2715.000000,-174.191757,0.249268,0.093347,0.939209,0.302490,0.896456,0.103377,425.200012,3488.000000
2716.000000,-184.621536,0.247559,0.093360,0.938232,0.302246,0.895367,0.104514,466.380005,3480.000000
2717.000000,-186.731567,0.247803,0.093467,0.934326,0.302979,0.890947,0.105032,464.609985,3497.000000
2718.000000,-192.136780,0.248535,0.093243,0.936279,0.302246,0.892272,0.103950,485.970001,3496.000000
2719.000000,-177.214310,0.250488,0.093621,0.936035,0.302979,0.890771,0.104248,458.209991,3491.000000
2720.000000,-169.555084,0.250488,0.093974,0.936768,0.303467,0.891630,0.104505,431.010010,3494.000000
2721.000000,-197.189148,0.252197,0.094712,0.934082,0.304932,0.890330,0.105847,482.179993,3481.000000
2722.000000,-185.474350,0.251709,0.094407,0.933105,0.305420,0.889734,0.105609,474.140015,3478.000000
2723.000000,-183.963440,0.252441,0.094662,0.929443,0.304443,0.886988,0.104975,463.649994,3478.000000
2724.000000,-176.977722,0.250244,0.092973,0.928955,0.302002,0.887411,0.102803,445.160004,3484.000000
2725.000000,-188.048401,0.248535,0.090574,0.930664,0.300781,0.889225,0.100535,459.290009,3500.000000
2726.000000,-187.729935,0.245605,0.090025,0.929932,0.296875,0.888881,0.099115,462.250000,3494.000000
2727.000000,-162.458755,0.244629,0.090303,0.931152,0.296387,0.889732,0.099521,411.279999,3492.000000
2728.000000,-164.480713,0.244873,0.090634,0.934570,0.295410,0.893309,0.099396,405.549988,3483.000000
2729.000000,-186.349609,0.244385,0.089632,0.935547,0.297607,0.893894,0.100637,479.399994,3488.000000
2730.000000,-193.585114,0.245117,0.089690,0.937012,0.300537,0.895123,0.102278,474.549988,3491.000000
2731.000000,-174.423874,0.247559,0.092222,0.936279,0.303467,0.894263,0.104549,436.850006,3501.000000
2732.000000,-169.880081,0.251709,0.095607,0.935059,0.306641,0.892395,0.106657,419.859985,3521.000000
2733.000000,-161.650864,0.251709,0.095734,0.935791,0.306152,0.893077,0.106666,406.799988,3499.000000
2734.000000,-172.788620,0.251221,0.096575,0.937744,0.305908,0.894264,0.107426,434.290009,3519.000000
2735.000000,-188.766312,0.249512,0.096221,0.936279,0.304688,0.893555,0.107395,476.600006,3511.000000
2736.000000,-192.929443,0.253418,0.098014,0.939453,0.309570,0.895712,0.109811,491.480011,3524.000000
2737.000000,-172.624084,0.251953,0.096646,0.937744,0.306885,0.894087,0.107708,431.299988,3524.000000
2738.000000,-194.407944,0.249756,0.094646,0.936035,0.303467,0.892892,0.104398,472.880005,3521.000000
2739.000000,-190.342468,0.248779,0.093936,0.933838,0.302490,0.890568,0.104224,471.380005,3517.000000
2740.000000,-181.362442,0.249268,0.094470,0.928223,0.301758,0.884982,0.104448,454.309998,3535.000000
2741.000000,-165.231857,0.246094,0.091687,0.927002,0.298584,0.883463,0.101440,408.649994,3537.000000
2742.000000,-172.404510,0.245361,0.090922,0.927979,0.298828,0.883998,0.101295,442.660004,3528.000000
2743.000000,-163.218063,0.242432,0.092009,0.927246,0.295898,0.883089,0.102037,411.809998,3523.000000
2744.000000,-172.271057,0.245117,0.095078,0.930664,0.298096,0.886776,0.104755,431.130005,3526.000000
2745.000000,-171.995651,0.242188,0.093411,0.932129,0.296387,0.888454,0.105134,420.660004,3503.000000
2746.000000,-198.338364,0.245850,0.095086,0.932373,0.298340,0.889476,0.105062,480.329987,3514.000000
2747.000000,-173.358932,0.245850,0.095831,0.932373,0.296875,0.889735,0.104791,437.489990,3530.000000
2748.000000,-176.000641,0.252441,0.098753,0.931152,0.303955,0.889140,0.108720,448.200012,3516.000000
2749.000000,-181.256516,0.250000,0.097021,0.930176,0.301514,0.889176,0.106964,444.440002,3504.000000
2750.000000,-177.057327,0.252441,0.099171,0.935791,0.302002,0.895094,0.107750,439.820007,3516.000000
2751.000000,-178.678482,0.255371,0.100886,0.935059,0.306152,0.895653,0.110691,441.679993,3512.000000
2752.000000,-177.425858,0.255127,0.100945,0.933105,0.305664,0.893993,0.110839,444.549988,3515.000000
2753.000000,-184.291977,0.260254,0.103537,0.935547,0.311768,0.896878,0.114207,464.089996,3423.000000
2754.000000,-167.186096,0.259277,0.102242,0.934326,0.310547,0.895362,0.112574,412.399994,3507.000000
2755.000000,-175.129456,0.260986,0.103238,0.936279,0.310303,0.897327,0.112276,432.459991,3503.000000
2756.000000,-172.288330,0.259521,0.101874,0.934082,0.310303,0.894815,0.111985,435.769989,3512.000000
2757.000000,-167.877579,0.259033,0.101436,0.933105,0.309570,0.893659,0.111433,423.959991,3506.000000
2758.000000,-168.869263,0.258789,0.100449,0.935059,0.309082,0.895944,0.109971,422.429993,3522.000000
2759.000000,-184.708084,0.256348,0.097325,0.935791,0.306396,0.896295,0.106332,451.359985,3512.000000
2760.000000,-180.354919,0.256836,0.096130,0.937012,0.306152,0.898059,0.104855,447.790009,3502.000000
2761.000000,-169.282944,0.256836,0.095696,0.937988,0.306152,0.899284,0.104981,425.369995,3492.000000
2762.000000,-180.820908,0.254883,0.094282,0.933350,0.301270,0.895241,0.102090,455.170013,3500.000000
2763.000000,-176.646179,0.254395,0.093744,0.933105,0.302246,0.893940,0.102338,457.519989,3509.000000
2764.000000,-183.868530,0.254639,0.096159,0.930176,0.305908,0.890445,0.107196,461.029999,3514.000000
2765.000000,-175.976624,0.259521,0.097672,0.934814,0.310547,0.894798,0.108001,440.779999,3434.000000
2766.000000,-162.789154,0.260254,0.096211,0.937988,0.310303,0.896958,0.105153,408.500000,3460.000000
2767.000000,-156.031311,0.261475,0.097178,0.938965,0.311523,0.897447,0.105949,392.089996,3482.000000
2768.000000,-183.789795,0.259766,0.094806,0.939941,0.310303,0.898921,0.103276,454.609985,3450.000000
2769.000000,-180.337311,0.256592,0.092582,0.935059,0.308838,0.894496,0.102582,445.690002,3460.000000
2770.000000,-158.513153,0.256348,0.094399,0.931641,0.307617,0.890847,0.103571,388.309998,3463.000000
2771.000000,-176.366364,0.255859,0.092380,0.935791,0.307617,0.895772,0.102381,426.160004,3453.000000
2772.000000,-167.020615,0.256348,0.093940,0.935547,0.307373,0.896416,0.103971,412.850006,3434.000000
2773.000000,-159.685318,0.253906,0.092013,0.931885,0.304199,0.893587,0.102204,393.549988,3475.000000
2774.000000,-149.287125,0.247803,0.091445,0.926758,0.298584,0.889414,0.102152,366.079987,3487.000000
2775.000000,-189.740540,0.251465,0.095133,0.930420,0.300537,0.893139,0.104483,468.230011,3535.000000
2776.000000,-171.546555,0.245117,0.091821,0.927979,0.292480,0.890051,0.100305,426.559998,3525.000000
2777.000000,-165.134720,0.240723,0.087380,0.927490,0.290039,0.889148,0.097613,413.760010,3530.000000
2778.000000,-193.808014,0.238525,0.086108,0.929688,0.287354,0.890584,0.096509,491.779999,3529.000000
2779.000000,-180.342743,0.243164,0.091373,0.933105,0.291504,0.893492,0.100775,458.000000,3533.000000
2780.000000,-186.724411,0.241699,0.090221,0.929932,0.290283,0.890317,0.100405,472.399994,3522.000000
2781.000000,-179.958130,0.244141,0.090807,0.935303,0.292725,0.896140,0.100849,449.760010,3528.000000
2782.000000,-187.684555,0.244629,0.091770,0.931885,0.293701,0.892030,0.101812,475.869995,3528.000000
2783.000000,-176.640411,0.242188,0.092474,0.930176,0.292236,0.890786,0.103152,444.260010,3540.000000
2784.000000,-182.409210,0.242920,0.092229,0.928955,0.293945,0.890922,0.103001,444.880005,3554.000000
2785.000000,-184.540070,0.243164,0.093047,0.928467,0.293701,0.891158,0.103283,455.220001,3563.000000
2786.000000,-163.342682,0.245117,0.093814,0.928223,0.295410,0.891281,0.104266,393.029999,3559.000000
2787.000000,-158.073715,0.248291,0.095275,0.931885,0.298340,0.895279,0.105753,403.079987,3564.000000
2788.000000,-177.784805,0.252686,0.097705,0.931396,0.303223,0.894666,0.109132,450.630005,3562.000000
2789.000000,-182.387238,0.252197,0.095788,0.933594,0.301025,0.896892,0.105614,460.410004,3549.000000
2790.000000,-174.855682,0.252197,0.095278,0.929932,0.300781,0.893189,0.105314,447.029999,3570.000000
2791.000000,-153.659485,0.253174,0.096604,0.931396,0.300781,0.894428,0.105402,392.059998,3558.000000
2792.000000,-162.213943,0.257080,0.098536,0.939453,0.305176,0.902135,0.107760,407.079987,3568.000000
2793.000000,-204.729950,0.256836,0.095875,0.941162,0.306396,0.904374,0.106280,504.869995,3559.000000
2794.000000,-184.671265,0.255371,0.094161,0.937744,0.303467,0.900781,0.103942,462.709991,3567.000000
2795.000000,-204.133392,0.255615,0.093575,0.935303,0.303711,0.897663,0.103482,501.510010,3550.000000
2796.000000,-190.418945,0.252686,0.090652,0.932373,0.301025,0.894711,0.101599,486.500000,3553.000000
2797.000000,-176.903336,0.255371,0.092598,0.936523,0.304199,0.899127,0.104145,459.730011,3555.000000
2798.000000,-167.942078,0.256104,0.094026,0.935547,0.306152,0.898406,0.105953,421.790009,3552.000000
2799.000000,-170.162720,0.253906,0.091039,0.933838,0.302979,0.896834,0.102364,421.940002,3561.000000
2800.000000,-169.174423,0.252686,0.090083,0.929443,0.301270,0.892145,0.101242,435.239990,3554.000000
2801.000000,-181.881516,0.253906,0.091621,0.929199,0.302734,0.892917,0.102269,451.700012,3549.000000
2802.000000,-175.590439,0.249268,0.088564,0.930908,0.297607,0.894551,0.098896,436.739990,3540.000000
2803.000000,-157.840958,0.250977,0.090106,0.937500,0.300293,0.900842,0.100916,394.820007,3498.000000
2804.000000,-151.503677,0.249268,0.091230,0.936523,0.299072,0.900107,0.102198,389.600006,3531.000000
2805.000000,-159.688354,0.245117,0.090335,0.930908,0.296143,0.894005,0.101431,402.049988,3524.000000
2806.000000,-167.743256,0.245605,0.090607,0.934326,0.295410,0.897951,0.100502,412.660004,3536.000000
2807.000000,-161.279037,0.244385,0.090816,0.933594,0.296387,0.897345,0.102073,410.380005,3506.000000
2808.000000,-156.346985,0.243164,0.092096,0.939453,0.295410,0.903101,0.102630,387.970001,3508.000000
2809.000000,-176.531021,0.244873,0.092479,0.942627,0.296875,0.906024,0.103462,443.429993,3500.000000
2810.000000,-196.674316,0.244385,0.091648,0.939941,0.298096,0.902793,0.103152,495.970001,3515.000000
2811.000000,-197.289307,0.245850,0.092144,0.938965,0.299316,0.901446,0.103214,496.350006,3511.000000
2812.000000,-180.076416,0.247070,0.093059,0.935547,0.300049,0.898045,0.103268,466.609985,3500.000000
2813.000000,-170.331619,0.245117,0.089162,0.935059,0.299316,0.897465,0.100491,426.709991,3505.000000
2814.000000,-161.787888,0.245605,0.090616,0.934326,0.299316,0.897594,0.100899,401.190002,3498.000000
2815.000000,-172.589813,0.245605,0.091510,0.935303,0.300537,0.898466,0.101996,427.549988,3504.000000
2816.000000,-180.943314,0.246338,0.092114,0.932129,0.301270,0.895159,0.102527,452.769989,3526.000000
2817.000000,-169.224487,0.243896,0.091177,0.935303,0.299805,0.897747,0.102425,423.279999,3445.000000
2818.000000,-183.132065,0.245605,0.093024,0.935791,0.300781,0.898511,0.102916,469.980011,3530.000000
2819.000000,-173.163254,0.243164,0.092368,0.935791,0.299072,0.898350,0.102581,432.649994,3531.000000
2820.000000,-188.886505,0.243408,0.091070,0.937012,0.300293,0.898922,0.102233,481.929993,3444.000000
2821.000000,-184.612976,0.243408,0.090033,0.937744,0.298340,0.899453,0.099543,475.260010,3468.000000
2822.000000,-164.691544,0.243408,0.089531,0.941406,0.300537,0.902785,0.101362,417.160004,3451.000000
2823.000000,-168.596008,0.240723,0.088317,0.930176,0.295898,0.891636,0.099264,439.529999,3426.000000
2824.000000,-168.957932,0.245361,0.092522,0.933105,0.299561,0.894195,0.103138,424.790009,3572.000000
2825.000000,-191.463608,0.247559,0.094617,0.930908,0.304199,0.891352,0.107112,487.369995,3553.000000
2826.000000,-181.810959,0.250000,0.095836,0.934326,0.306885,0.894896,0.108423,451.890015,3566.000000
2827.000000,-165.550217,0.244141,0.092185,0.928223,0.300293,0.889737,0.104455,412.100006,3559.000000
2828.000000,-158.762314,0.243408,0.090888,0.931641,0.299805,0.892998,0.103364,395.700012,3556.000000
2829.000000,-159.740005,0.242920,0.091318,0.931152,0.298340,0.892971,0.102774,395.239990,3559.000000
2830.000000,-172.347534,0.241211,0.090542,0.934814,0.296875,0.897544,0.101953,435.130005,3567.000000
2831.000000,-179.787964,0.241699,0.091225,0.933350,0.297607,0.896436,0.101913,447.570007,3578.000000
2832.000000,-160.143402,0.242920,0.091969,0.937988,0.299072,0.900166,0.102598,406.109985,3561.000000
2833.000000,-158.337738,0.243164,0.093936,0.939941,0.298828,0.901589,0.103778,405.890015,3575.000000
2834.000000,-174.275589,0.243408,0.092746,0.938965,0.300293,0.900084,0.103480,440.859985,3562.000000
2835.000000,-152.959122,0.245850,0.094874,0.938232,0.303955,0.900113,0.106414,388.130005,3565.000000
2836.000000,-164.942352,0.247070,0.096254,0.934326,0.303467,0.896407,0.106458,410.369995,3554.000000
2837.000000,-159.514694,0.248047,0.097337,0.935791,0.302979,0.897503,0.106360,403.899994,3563.000000
2838.000000,-179.380600,0.249268,0.097363,0.940674,0.304443,0.902292,0.106855,458.579987,3555.000000
2839.000000,-179.652313,0.245361,0.094844,0.937988,0.299561,0.900608,0.103761,459.670013,3545.000000
2840.000000,-159.431091,0.246094,0.094273,0.934082,0.300781,0.897528,0.103537,397.589996,3580.000000
2841.000000,-171.388931,0.246094,0.095076,0.932129,0.301270,0.894994,0.104644,431.809998,3571.000000
2842.000000,-189.262131,0.246094,0.094449,0.931641,0.300781,0.894797,0.103865,473.179993,3562.000000
2843.000000,-199.172592,0.243408,0.090110,0.931885,0.298340,0.895798,0.100458,483.250000,3560.000000
2844.000000,-171.057053,0.242432,0.089304,0.930664,0.297363,0.894314,0.099640,429.410004,3561.000000
2845.000000,-168.779877,0.244141,0.091322,0.931641,0.298584,0.894927,0.101101,428.019989,3557.000000
2846.000000,-176.001450,0.245361,0.091715,0.931152,0.299561,0.894909,0.101397,432.700012,3557.000000
2847.000000,-177.856400,0.248291,0.094484,0.933350,0.300537,0.897617,0.102900,455.950012,3559.000000
2848.000000,-186.195648,0.247070,0.094079,0.930176,0.297363,0.895290,0.102256,465.820007,3547.000000
2849.000000,-175.062012,0.244141,0.091854,0.927734,0.295898,0.892679,0.101011,447.920013,3557.000000
2850.000000,-166.221863,0.240967,0.089716,0.930420,0.293945,0.895127,0.099301,419.750000,3559.000000
2851.000000,-191.974518,0.241211,0.090441,0.930176,0.295410,0.895458,0.100059,487.839996,3556.000000
2852.000000,-177.640167,0.238770,0.090559,0.928711,0.293701,0.893831,0.101277,460.470001,3557.000000
2853.000000,-168.835587,0.241211,0.092134,0.930176,0.293213,0.895436,0.100719,437.730011,3564.000000
2854.000000,-179.974716,0.241943,0.092957,0.932861,0.292969,0.898076,0.101422,449.640015,3571.000000
2855.000000,-177.959915,0.242432,0.094406,0.931641,0.294678,0.896324,0.104474,455.390015,3556.000000
2856.000000,-191.367661,0.241211,0.092966,0.930420,0.293213,0.894828,0.102600,485.910004,3558.000000
2857.000000,-186.995712,0.245361,0.095524,0.929932,0.299316,0.894232,0.107226,483.579987,3554.000000
2858.000000,-164.894012,0.246826,0.096183,0.932861,0.300537,0.897003,0.108117,413.519989,3557.000000
2859.000000,-168.519836,0.248047,0.095622,0.937012,0.301514,0.901278,0.107353,415.059998,3563.000000
2860.000000,-162.717422,0.249023,0.096517,0.935791,0.302734,0.900335,0.108191,413.209991,3557.000000
2861.000000,-174.287750,0.247314,0.095263,0.933350,0.301758,0.897572,0.107084,446.760010,3543.000000
2862.000000,-182.763184,0.247803,0.094386,0.931885,0.300537,0.896138,0.104787,460.839996,3546.000000
2863.000000,-184.676636,0.243896,0.090459,0.932617,0.294922,0.896717,0.099704,436.690002,3559.000000
2864.000000,-187.782303,0.244385,0.091224,0.929199,0.294434,0.893699,0.100364,463.450012,3561.000000
2865.000000,-186.653458,0.243896,0.090953,0.930908,0.294434,0.894862,0.101119,470.019989,3580.000000
2866.000000,-177.060486,0.245117,0.091374,0.933105,0.296875,0.896812,0.102338,456.070007,3560.000000
2867.000000,-163.946350,0.246338,0.092023,0.937256,0.298584,0.900903,0.103190,414.130005,3567.000000
2868.000000,-172.195969,0.248047,0.093917,0.937988,0.300293,0.900839,0.104635,440.970001,3571.000000
2869.000000,-180.986557,0.250977,0.093879,0.932373,0.302979,0.895102,0.105175,463.200012,3567.000000
2870.000000,-186.149979,0.249512,0.093871,0.930908,0.301270,0.894124,0.104994,458.410004,3567.000000
2871.000000,-196.327515,0.248535,0.094336,0.927734,0.302002,0.890897,0.106313,484.149994,3568.000000
2872.000000,-172.323029,0.248291,0.095204,0.927246,0.302246,0.891506,0.107400,433.989990,3550.000000
2873.000000,-185.774689,0.248047,0.095269,0.931641,0.301758,0.895431,0.106492,462.059998,3561.000000
2874.000000,-202.254807,0.249268,0.095958,0.937256,0.302490,0.900431,0.106579,497.119995,3558.000000
2875.000000,-164.739944,0.250244,0.097585,0.938721,0.306641,0.901637,0.110272,409.959991,3552.000000
2876.000000,-177.458603,0.254395,0.098458,0.942627,0.310791,0.905764,0.110441,443.480011,3564.000000
2877.000000,-171.396698,0.252930,0.095828,0.938232,0.309814,0.901157,0.108301,423.000000,3563.000000
2878.000000,-168.014267,0.253418,0.097031,0.935303,0.308838,0.899302,0.108763,427.839996,3556.000000
2879.000000,-177.523087,0.256104,0.098923,0.936523,0.309326,0.900638,0.108662,449.850006,3568.000000
2880.000000,-166.870453,0.253662,0.097855,0.932373,0.308594,0.896594,0.109613,429.799988,3562.000000
2881.000000,-170.129990,0.255371,0.099855,0.931152,0.309326,0.895061,0.111273,421.220001,3463.000000
2882.000000,-148.232605,0.251709,0.097182,0.929443,0.305420,0.893538,0.108643,367.679993,3564.000000
2883.000000,-159.221085,0.251953,0.097974,0.927734,0.305420,0.892146,0.108412,401.440002,3522.000000
2884.000000,-183.298386,0.254150,0.097947,0.929199,0.310059,0.893726,0.110547,462.429993,3521.000000
2885.000000,-170.307281,0.254883,0.097252,0.932617,0.308350,0.896698,0.107765,435.570007,3520.000000
2886.000000,-181.062332,0.258057,0.099194,0.932373,0.312256,0.896630,0.110570,462.510010,3525.000000
2887.000000,-174.476547,0.258789,0.100096,0.934082,0.311523,0.898100,0.110148,436.510010,3516.000000
2888.000000,-168.436874,0.260498,0.100282,0.931641,0.312988,0.895122,0.110037,428.910004,3518.000000
2889.000000,-182.443130,0.261475,0.101586,0.931396,0.315186,0.894994,0.111719,461.130005,3515.000000
2890.000000,-176.076752,0.260742,0.099659,0.931152,0.315674,0.895046,0.110562,449.029999,3497.000000
2891.000000,-170.855637,0.263916,0.102197,0.938477,0.317627,0.902118,0.111752,427.269989,3493.000000
2892.000000,-183.492889,0.263428,0.101065,0.937500,0.316650,0.900208,0.110762,460.790009,3493.000000
2893.000000,-182.039352,0.259766,0.099053,0.935303,0.313965,0.898798,0.109967,447.369995,3487.000000
2894.000000,-157.814758,0.258301,0.099168,0.930420,0.311523,0.895289,0.109243,390.320007,3491.000000
2895.000000,-179.026489,0.258301,0.097630,0.929688,0.312012,0.894883,0.108855,460.739990,3507.000000
2896.000000,-174.099075,0.259766,0.099349,0.928711,0.313965,0.894298,0.110953,447.399994,3535.000000
2897.000000,-149.354568,0.258301,0.098446,0.931152,0.313232,0.896266,0.110568,379.660004,3528.000000
2898.000000,-160.984085,0.263428,0.101629,0.935791,0.317871,0.900985,0.113202,403.750000,3508.000000
2899.000000,-199.322372,0.263916,0.101356,0.929443,0.316895,0.894872,0.112122,504.100006,3509.000000
2900.000000,-180.807571,0.264160,0.100541,0.935547,0.316650,0.900498,0.111094,461.179993,3498.000000
2901.000000,-184.294281,0.263916,0.099692,0.935547,0.314697,0.900010,0.108997,454.019989,3490.000000
2902.000000,-177.590012,0.261963,0.099786,0.931396,0.314941,0.895854,0.110566,459.130005,3494.000000
2903.000000,-153.955399,0.260254,0.099215,0.925781,0.312988,0.889516,0.108797,387.149994,3504.000000
2904.000000,-157.386780,0.258545,0.097776,0.926758,0.312012,0.890223,0.107449,391.720001,3509.000000
2905.000000,-170.540283,0.259277,0.097793,0.930664,0.311035,0.894815,0.106715,422.429993,3495.000000
2906.000000,-167.762207,0.257324,0.095846,0.932617,0.308594,0.897023,0.104508,419.279999,3497.000000
2907.000000,-171.253174,0.252686,0.091293,0.932373,0.306641,0.896081,0.102271,425.000000,3497.000000
2908.000000,-178.169388,0.250977,0.091281,0.930664,0.304443,0.894829,0.102364,454.500000,3509.000000
2909.000000,-184.342178,0.252930,0.093396,0.928955,0.306641,0.893493,0.105518,464.750000,3497.000000
2910.000000,-164.356293,0.251465,0.094671,0.924561,0.303467,0.890214,0.104997,408.149994,3528.000000
2911.000000,-172.205841,0.246338,0.092844,0.921387,0.298828,0.886924,0.103562,423.459991,3464.000000
2912.000000,-168.350159,0.247314,0.095307,0.922607,0.302246,0.887651,0.108039,420.640015,3445.000000
2913.000000,-173.327377,0.246338,0.094145,0.927246,0.300049,0.891975,0.106062,441.600006,3447.000000
2914.000000,-187.500381,0.250732,0.096030,0.933105,0.303711,0.897401,0.108282,472.130005,3448.000000
2915.000000,-179.273117,0.250244,0.093329,0.932617,0.302734,0.896757,0.105084,451.299988,3433.000000
2916.000000,-171.044357,0.252441,0.093429,0.937012,0.303711,0.900491,0.104254,425.760010,3447.000000
2917.000000,-154.232620,0.250977,0.093801,0.934326,0.301758,0.898230,0.104627,387.899994,3450.000000
2918.000000,-187.339386,0.254150,0.096315,0.934570,0.304932,0.898766,0.107690,467.700012,3444.000000
2919.000000,-196.451538,0.257080,0.097451,0.936768,0.306641,0.901089,0.107798,491.380005,3443.000000
2920.000000,-180.301926,0.256104,0.095984,0.938965,0.307373,0.903003,0.107309,453.640015,3443.000000
2921.000000,-160.147858,0.254883,0.096495,0.930176,0.308105,0.893843,0.109509,395.420013,3439.000000
2922.000000,-173.502411,0.250732,0.094678,0.934326,0.304932,0.898030,0.107581,441.869995,3445.000000
2923.000000,-172.256042,0.249023,0.095658,0.934082,0.300781,0.898797,0.105867,427.410004,3482.000000
2924.000000,-165.159424,0.245850,0.094084,0.931396,0.298584,0.895496,0.104893,410.600006,3542.000000
2925.000000,-163.067627,0.247070,0.095791,0.931641,0.298096,0.896060,0.105297,422.179993,3553.000000
2926.000000,-158.717560,0.248291,0.096181,0.930420,0.299561,0.894623,0.106696,401.519989,3563.000000
2927.000000,-156.757385,0.247314,0.095597,0.932861,0.298096,0.897281,0.105829,405.250000,3562.000000
2928.000000,-177.273193,0.250000,0.097677,0.929443,0.301025,0.895157,0.108283,445.649994,3556.000000
2929.000000,-200.416702,0.252441,0.097601,0.932129,0.303711,0.898607,0.107951,502.390015,3551.000000
2930.000000,-196.028534,0.254150,0.097739,0.936035,0.304688,0.902780,0.107368,484.920013,3544.000000
2931.000000,-178.120972,0.255371,0.097258,0.939453,0.306152,0.906477,0.107224,432.880005,3568.000000
2932.000000,-164.535538,0.257568,0.098413,0.943115,0.309082,0.909856,0.108516,407.160004,3556.000000
2933.000000,-169.087128,0.259277,0.100614,0.940430,0.311279,0.907443,0.110999,417.399994,3555.000000
2934.000000,-167.294159,0.257812,0.098484,0.941650,0.309814,0.907756,0.108505,418.709991,3546.000000
2935.000000,-171.081604,0.254639,0.096459,0.938232,0.305908,0.903778,0.105407,432.670013,3560.000000
2936.000000,-183.960327,0.252686,0.094796,0.935059,0.304688,0.900257,0.104239,466.269989,3564.000000
2937.000000,-191.567825,0.253662,0.094499,0.929443,0.303711,0.894415,0.103107,485.609985,3554.000000
2938.000000,-164.196548,0.251953,0.094331,0.929199,0.303955,0.895292,0.104203,421.679993,3552.000000
2939.000000,-173.790054,0.252686,0.095557,0.931152,0.304199,0.896276,0.104464,449.290009,3448.000000
2940.000000,-157.228287,0.253174,0.096264,0.933838,0.304443,0.898669,0.104264,407.260010,3431.000000
2941.000000,-172.832428,0.248291,0.093261,0.931396,0.300537,0.896456,0.103032,438.589996,3448.000000
2942.000000,-190.441360,0.249268,0.094135,0.932617,0.301758,0.897829,0.104255,451.890015,3427.000000
2943.000000,-175.153259,0.251465,0.095562,0.936523,0.302979,0.901259,0.104779,442.829987,3436.000000
2944.000000,-152.488586,0.246826,0.094213,0.930176,0.298584,0.894281,0.103887,394.220001,3426.000000
2945.000000,-146.405151,0.246338,0.093542,0.931641,0.296875,0.895735,0.101378,368.130005,3375.000000
2946.000000,-176.503799,0.249512,0.096915,0.931641,0.299316,0.895679,0.104849,441.950012,3536.000000
2947.000000,-183.595032,0.250977,0.097314,0.935059,0.302002,0.898368,0.105999,477.489990,3522.000000
2948.000000,-188.983002,0.250000,0.097169,0.931885,0.299805,0.895582,0.105325,480.859985,3525.000000
2949.000000,-182.983810,0.248535,0.096305,0.932129,0.298584,0.896591,0.105378,459.000000,3530.000000
2950.000000,-199.761810,0.250000,0.095744,0.935059,0.301758,0.899355,0.107434,493.959991,3496.000000
2951.000000,-183.334030,0.249268,0.096531,0.931152,0.300537,0.895200,0.107907,465.730011,3512.000000
2952.000000,-167.423019,0.247314,0.094387,0.931885,0.296875,0.895552,0.104133,427.220001,3511.000000
2953.000000,-165.068939,0.245850,0.093605,0.931885,0.296631,0.895977,0.104137,426.859985,3523.000000
2954.000000,-162.158157,0.244629,0.092969,0.930664,0.296387,0.894639,0.104372,406.779999,3511.000000
2955.000000,-171.813828,0.245605,0.093456,0.933838,0.298584,0.897723,0.105972,433.059998,3524.000000
2956.000000,-180.973618,0.249756,0.096429,0.936768,0.302246,0.900136,0.107537,450.140015,3521.000000
2957.000000,-184.445221,0.250000,0.094637,0.937256,0.301514,0.900844,0.105237,455.109985,3508.000000
2958.000000,-165.949219,0.248291,0.094313,0.931396,0.299561,0.896407,0.104956,399.869995,3508.000000
2959.000000,-162.193375,0.248535,0.095642,0.933594,0.298584,0.898384,0.105670,398.970001,3511.000000
2960.000000,-158.274963,0.248291,0.096992,0.931396,0.298096,0.896178,0.107400,399.160004,3526.000000
2961.000000,-179.194366,0.249023,0.096733,0.936523,0.299072,0.901462,0.107632,449.529999,3525.000000
2962.000000,-184.349976,0.253906,0.098574,0.939697,0.303711,0.903924,0.109582,463.070007,3481.000000
2963.000000,-170.378021,0.253906,0.099665,0.939697,0.301270,0.902918,0.108549,430.750000,3514.000000
2964.000000,-186.248581,0.255615,0.098774,0.940430,0.304688,0.902648,0.109570,471.040009,3502.000000
2965.000000,-183.782745,0.255127,0.096064,0.936035,0.305908,0.897740,0.108371,471.660004,3447.000000
2966.000000,-151.030380,0.254150,0.096044,0.933594,0.304688,0.896747,0.107647,372.720001,3427.000000
2967.000000,-162.083038,0.254150,0.096021,0.932129,0.304688,0.895690,0.106923,405.260010,3443.000000
2968.000000,-177.307892,0.251221,0.094703,0.932129,0.300537,0.895920,0.105804,433.010010,3443.000000
2969.000000,-159.006592,0.251465,0.094227,0.932861,0.301514,0.896231,0.105686,397.589996,3430.000000
2970.000000,-171.028885,0.250488,0.093852,0.931152,0.301514,0.895710,0.105894,429.899994,3427.000000
2971.000000,-180.944366,0.251465,0.092594,0.937256,0.302979,0.900973,0.104895,461.459991,3440.000000
2972.000000,-171.124863,0.250000,0.092383,0.935791,0.301025,0.898863,0.103973,439.369995,3495.000000
2973.000000,-183.158813,0.246826,0.089628,0.929688,0.299072,0.893336,0.101714,458.959991,3493.000000
2974.000000,-192.215500,0.243896,0.087702,0.928223,0.297363,0.891364,0.100140,484.519989,3512.000000
2975.000000,-173.430359,0.242188,0.088023,0.928467,0.296631,0.891712,0.100759,447.269989,3518.000000
2976.000000,-187.006180,0.245117,0.089828,0.933350,0.297119,0.896947,0.101181,472.579987,3509.000000
2977.000000,-201.193405,0.248047,0.091564,0.933105,0.300537,0.896920,0.103745,495.829987,3511.000000
2978.000000,-186.470535,0.248291,0.089812,0.931885,0.300049,0.896055,0.101778,462.160004,3498.000000
2979.000000,-196.544861,0.252686,0.090874,0.936523,0.304443,0.900448,0.102311,493.769989,3434.000000
2980.000000,-164.868866,0.250977,0.091208,0.933838,0.302734,0.898322,0.102228,411.220001,3441.000000
2981.000000,-185.104248,0.247070,0.089223,0.929932,0.298096,0.894402,0.099629,467.179993,3543.000000
2982.000000,-186.832428,0.244629,0.089171,0.928467,0.297119,0.892791,0.101288,469.519989,3561.000000
2983.000000,-179.631638,0.244873,0.089210,0.936035,0.299072,0.899284,0.103579,451.649994,3533.000000
2984.000000,-174.439682,0.244629,0.089464,0.933594,0.296387,0.898111,0.101807,427.700012,3525.000000
2985.000000,-173.518417,0.243652,0.089205,0.932129,0.296387,0.896190,0.102515,442.049988,3551.000000
2986.000000,-165.829620,0.239502,0.088120,0.927734,0.292969,0.891429,0.101072,402.000000,3557.000000
2987.000000,-164.551804,0.241943,0.088476,0.935059,0.294922,0.898362,0.100183,407.070007,3543.000000
2988.000000,-164.820343,0.243164,0.089585,0.935547,0.295166,0.899384,0.101055,416.339996,3553.000000
2989.000000,-147.851791,0.243408,0.090516,0.940674,0.295166,0.904774,0.102151,370.609985,3544.000000
2990.000000,-179.104202,0.243408,0.090257,0.936279,0.294678,0.901222,0.101334,455.700012,3552.000000
2991.000000,-180.539124,0.244385,0.091377,0.934082,0.294922,0.899349,0.102172,449.670013,3549.000000
2992.000000,-154.541611,0.245850,0.094076,0.934082,0.296631,0.899012,0.104821,378.359985,3547.000000
2993.000000,-170.389282,0.248047,0.095711,0.936768,0.299805,0.901401,0.107699,425.320007,3545.000000
2994.000000,-175.082153,0.250977,0.098683,0.941162,0.301025,0.905177,0.109194,440.630005,3534.000000
2995.000000,-168.453369,0.251221,0.099096,0.939697,0.302490,0.903682,0.110050,421.399994,3538.000000
2996.000000,-186.365784,0.243652,0.094988,0.932129,0.294678,0.896835,0.105053,467.309998,3543.000000
2997.000000,-172.813248,0.244629,0.096452,0.929443,0.295654,0.893507,0.106777,424.279999,3537.000000
2998.000000,-202.876587,0.250977,0.098493,0.933105,0.301270,0.897081,0.108071,516.030029,3557.000000
2999.000000,-192.367142,0.254150,0.099148,0.939697,0.305420,0.903996,0.109658,487.339996,3518.000000
3000.000000,-176.609375,0.254150,0.096786,0.939453,0.304932,0.904142,0.107148,449.200012,3533.000000
3001.000000,-158.476089,0.249512,0.093418,0.933838,0.299316,0.899021,0.102651,406.299988,3528.000000
3002.000000,-168.846115,0.248291,0.093990,0.928223,0.297119,0.893356,0.103013,428.940002,3546.000000
3003.000000,-190.419937,0.249756,0.097772,0.926514,0.296143,0.891980,0.105604,486.839996,3539.000000
3004.000000,-175.590836,0.250977,0.097807,0.933105,0.299561,0.898498,0.108752,456.640015,3547.000000
3005.000000,-178.801239,0.251465,0.097476,0.937012,0.299316,0.901919,0.107995,456.130005,3538.000000
3006.000000,-168.440536,0.254395,0.100394,0.939453,0.300049,0.903283,0.108876,422.470001,3523.000000
3007.000000,-165.449417,0.252197,0.099845,0.934082,0.299561,0.898614,0.109333,422.859985,3545.000000
3008.000000,-180.543427,0.255127,0.101778,0.935791,0.302002,0.899873,0.110773,466.390015,3557.000000
3009.000000,-174.570358,0.256836,0.101276,0.934326,0.304688,0.898554,0.111849,438.829987,3453.000000
3010.000000,-173.121521,0.255127,0.101108,0.933350,0.301514,0.898448,0.109840,436.529999,3541.000000
3011.000000,-183.574066,0.257080,0.100852,0.934326,0.305176,0.899093,0.111307,459.019989,3551.000000
3012.000000,-191.751938,0.259521,0.099953,0.938721,0.308350,0.903096,0.110399,478.320007,3548.000000
3013.000000,-179.271027,0.256592,0.097957,0.936768,0.305908,0.901507,0.108828,462.149994,3537.000000
3014.000000,-180.087677,0.256104,0.097597,0.935059,0.305176,0.899544,0.108165,458.850006,3530.000000
3015.000000,-178.865479,0.254639,0.096974,0.933838,0.303955,0.897902,0.107457,462.859985,3540.000000
3016.000000,-178.209656,0.255371,0.096932,0.932129,0.304932,0.895988,0.107692,455.279999,3532.000000
3017.000000,-184.625473,0.254395,0.095499,0.933105,0.303467,0.897047,0.106182,459.440002,3545.000000
3018.000000,-194.100159,0.253662,0.093100,0.935547,0.302734,0.899473,0.104053,487.799988,3553.000000
3019.000000,-170.582947,0.251709,0.092129,0.934326,0.301025,0.898591,0.103714,431.679993,3549.000000
3020.000000,-178.692612,0.250244,0.092848,0.933350,0.300293,0.897081,0.105085,458.359985,3544.000000
3021.000000,-177.968018,0.248535,0.091736,0.930664,0.298828,0.894435,0.104013,455.359985,3542.000000
3022.000000,-183.547668,0.252686,0.093288,0.933838,0.302979,0.897569,0.105124,470.679993,3559.000000
3023.000000,-183.721130,0.253662,0.094186,0.935059,0.304443,0.898998,0.105975,472.920013,3538.000000
3024.000000,-164.821777,0.253906,0.094057,0.934570,0.303223,0.898497,0.104600,402.420013,3501.000000
3025.000000,-155.124313,0.250732,0.092856,0.930908,0.300049,0.895168,0.104028,390.970001,3449.000000
3026.000000,-174.943588,0.254150,0.095221,0.931152,0.303223,0.895494,0.106737,446.940002,3467.000000
3027.000000,-179.150742,0.248779,0.092766,0.930420,0.297363,0.894129,0.104435,453.390015,3524.000000
3028.000000,-196.153580,0.252930,0.094196,0.929199,0.300293,0.893129,0.105627,486.910004,3526.000000
3029.000000,-191.885254,0.255127,0.096779,0.929443,0.302246,0.893041,0.107681,480.750000,3521.000000
3030.000000,-177.796371,0.251709,0.094599,0.929199,0.298828,0.892909,0.104920,438.010010,3524.000000
3031.000000,-175.862045,0.255371,0.096206,0.933594,0.302490,0.897492,0.106579,428.850006,3534.000000
3032.000000,-192.019241,0.253174,0.094722,0.934570,0.299805,0.898329,0.105130,488.910004,3533.000000
3033.000000,-202.409943,0.251465,0.093970,0.931396,0.297852,0.895947,0.104108,512.400024,3523.000000
3034.000000,-194.163055,0.250977,0.093317,0.929932,0.298096,0.894610,0.104386,484.140015,3557.000000
3035.000000,-181.824341,0.252686,0.094455,0.928223,0.299561,0.893276,0.105224,453.609985,3537.000000
3036.000000,-181.870102,0.249268,0.092001,0.927734,0.295898,0.892548,0.102542,466.489990,3547.000000
3037.000000,-175.493820,0.250977,0.093082,0.933594,0.300049,0.897790,0.105268,449.320007,3541.000000
3038.000000,-174.582428,0.251953,0.093420,0.933838,0.301514,0.897946,0.105710,435.760010,3560.000000
3039.000000,-183.678131,0.254395,0.095488,0.932373,0.302246,0.896526,0.106244,439.250000,3543.000000
3040.000000,-163.310776,0.251953,0.096156,0.929688,0.299072,0.893254,0.105868,395.709991,3544.000000
3041.000000,-155.443008,0.253174,0.097118,0.930664,0.301514,0.893319,0.107901,391.609985,3546.000000
3042.000000,-172.624374,0.253174,0.099746,0.925781,0.302979,0.889493,0.111975,432.869995,3531.000000
3043.000000,-181.662918,0.254150,0.098537,0.932617,0.302002,0.896931,0.109563,448.510010,3536.000000
3044.000000,-164.598297,0.257324,0.099915,0.933105,0.304688,0.897745,0.110322,418.119995,3536.000000
3045.000000,-169.124680,0.254395,0.096889,0.930908,0.302979,0.895672,0.108235,435.989990,3546.000000
3046.000000,-185.639343,0.253174,0.094545,0.929932,0.299072,0.895273,0.103582,468.579987,3560.000000
3047.000000,-169.210983,0.251221,0.093075,0.927734,0.297607,0.893278,0.103004,429.140015,3549.000000
3048.000000,-193.156677,0.252686,0.094427,0.928711,0.297852,0.894334,0.103256,490.709991,3547.000000
3049.000000,-173.441238,0.252197,0.093170,0.933105,0.298828,0.899155,0.103313,443.250000,3534.000000
3050.000000,-198.653366,0.256592,0.095283,0.937500,0.303467,0.902743,0.105966,504.820007,3511.000000
3051.000000,-180.192383,0.255371,0.095480,0.935791,0.301025,0.900510,0.105228,452.630005,3515.000000
3052.000000,-171.210617,0.253174,0.094967,0.932373,0.297852,0.897101,0.104955,446.399994,3530.000000
3053.000000,-164.126099,0.251221,0.095233,0.929199,0.296631,0.893692,0.105756,412.910004,3521.000000
3054.000000,-167.408783,0.249756,0.093184,0.927979,0.296631,0.892386,0.105054,412.829987,3518.000000
3055.000000,-167.804428,0.246338,0.092236,0.924561,0.294189,0.889465,0.104261,425.679993,3521.000000
3056.000000,-174.576614,0.248291,0.091609,0.930420,0.296631,0.895248,0.103645,429.230011,3490.000000
3057.000000,-170.128525,0.249756,0.090791,0.932617,0.298096,0.897438,0.102295,421.980011,3548.000000
3058.000000,-179.504318,0.248291,0.090724,0.931396,0.296387,0.896975,0.102436,461.390015,3526.000000
3059.000000,-169.716370,0.249268,0.091130,0.934082,0.297607,0.899556,0.102252,432.859985,3527.000000
3060.000000,-180.833862,0.247559,0.091050,0.930420,0.294922,0.896729,0.101632,441.959991,3531.000000
3061.000000,-174.049896,0.249756,0.093349,0.933350,0.296387,0.899983,0.103516,434.980011,3519.000000
3062.000000,-168.648193,0.251953,0.094537,0.933594,0.298340,0.901085,0.104108,420.690002,3524.000000
3063.000000,-175.454422,0.254639,0.097005,0.938965,0.300537,0.905868,0.106394,441.540009,3509.000000
3064.000000,-170.467468,0.254395,0.097307,0.937012,0.301025,0.904228,0.107389,411.589996,3524.000000
3065.000000,-169.657013,0.251465,0.096432,0.932617,0.298340,0.900390,0.106822,433.149994,3532.000000
3066.000000,-180.172638,0.252197,0.097091,0.928467,0.298584,0.895591,0.107124,456.049988,3526.000000
3067.000000,-183.001343,0.248779,0.092095,0.932373,0.295898,0.899222,0.102887,456.119995,3538.000000
3068.000000,-174.492401,0.250000,0.093507,0.932373,0.294922,0.899024,0.102102,436.130005,3525.000000
3069.000000,-173.284927,0.245850,0.090745,0.932373,0.291748,0.898633,0.100360,436.440002,3519.000000
3070.000000,-170.524033,0.247070,0.093639,0.935059,0.294434,0.900409,0.103742,430.230011,3500.000000
3071.000000,-161.860809,0.250244,0.094831,0.937744,0.298828,0.902485,0.105911,406.619995,3510.000000
3072.000000,-184.593674,0.249756,0.094550,0.933838,0.297852,0.898572,0.105673,467.910004,3518.000000
3073.000000,-167.665085,0.250000,0.096326,0.930420,0.298096,0.894891,0.107305,433.700012,3437.000000
3074.000000,-157.570694,0.251465,0.096418,0.930420,0.298584,0.894094,0.106031,392.989990,3527.000000
3075.000000,-165.105392,0.250977,0.095513,0.928711,0.299561,0.891923,0.106244,412.779999,3526.000000
3076.000000,-162.488876,0.250244,0.095163,0.930664,0.298096,0.893991,0.104813,405.179993,3531.000000
3077.000000,-154.839401,0.247803,0.093598,0.928223,0.296387,0.891976,0.104327,377.269989,3531.000000
3078.000000,-185.098312,0.250488,0.093648,0.930908,0.298096,0.894791,0.103870,449.690002,3524.000000
3079.000000,-179.024612,0.255127,0.097076,0.936523,0.302734,0.900185,0.107791,441.140015,3520.000000
3080.000000,-175.204498,0.259521,0.099368,0.938965,0.307617,0.902534,0.110434,445.940002,3513.000000
3081.000000,-167.975342,0.258545,0.100075,0.938232,0.305420,0.901867,0.110005,419.829987,3506.000000
3082.000000,-170.272842,0.255127,0.097343,0.936035,0.302490,0.899578,0.107071,422.730011,3520.000000
3083.000000,-188.274216,0.253906,0.095369,0.933594,0.302246,0.898285,0.106346,457.730011,3533.000000
3084.000000,-164.744125,0.255127,0.095361,0.937256,0.302246,0.902361,0.105445,413.470001,3526.000000
3085.000000,-181.520020,0.252930,0.092868,0.934082,0.301758,0.898622,0.104866,464.529999,3520.000000
3086.000000,-176.177887,0.249512,0.090490,0.933838,0.299316,0.897991,0.103197,449.829987,3503.000000
3087.000000,-164.026688,0.249023,0.091421,0.933105,0.297119,0.897611,0.102083,399.929993,3517.000000
3088.000000,-155.417984,0.245605,0.088022,0.935303,0.293945,0.900069,0.099462,389.790009,3519.000000
3089.000000,-155.849838,0.242676,0.087954,0.932861,0.290771,0.897970,0.098385,392.250000,3528.000000
3090.000000,-172.819199,0.244385,0.089865,0.933594,0.293213,0.898326,0.100252,435.029999,3515.000000
3091.000000,-172.251526,0.244141,0.089087,0.931152,0.293945,0.896528,0.099763,424.369995,3530.000000
3092.000000,-154.386856,0.245605,0.090032,0.934326,0.296875,0.899038,0.101909,387.170013,3529.000000
3093.000000,-174.921738,0.247803,0.093173,0.937012,0.297119,0.901584,0.102517,442.160004,3517.000000
3094.000000,-162.232651,0.245117,0.091002,0.933594,0.296387,0.897909,0.101250,417.059998,3510.000000
3095.000000,-174.998474,0.245361,0.090379,0.932373,0.296875,0.895680,0.100345,451.179993,3516.000000
3096.000000,-165.528671,0.247803,0.089919,0.935303,0.299805,0.898639,0.099941,418.940002,3514.000000
3097.000000,-185.118637,0.249268,0.090511,0.937988,0.300537,0.901658,0.100353,466.279999,3524.000000
3098.000000,-197.594330,0.247559,0.089694,0.930176,0.298096,0.894274,0.099137,503.869995,3528.000000
3099.000000,-189.532089,0.245117,0.089643,0.922607,0.295654,0.887111,0.098689,482.929993,3523.000000
3100.000000,-173.680206,0.245117,0.091517,0.922119,0.295898,0.886356,0.100494,436.369995,3523.000000
3101.000000,-201.366211,0.246582,0.091999,0.931396,0.296875,0.894491,0.101050,487.320007,3512.000000
3102.000000,-181.210419,0.245605,0.090713,0.935791,0.295898,0.899153,0.099331,452.100006,3498.000000
3103.000000,-169.705215,0.245361,0.090074,0.933105,0.295166,0.896794,0.098127,419.209991,3507.000000
3104.000000,-152.912506,0.244629,0.091879,0.929443,0.292969,0.893054,0.098800,379.089996,3498.000000
3105.000000,-171.309891,0.241699,0.090325,0.924072,0.290283,0.888033,0.097396,442.140015,3490.000000
3106.000000,-174.334793,0.240234,0.090745,0.925537,0.288330,0.889789,0.098583,435.390015,3473.000000
3107.000000,-200.854019,0.246826,0.094926,0.927979,0.295898,0.891624,0.104095,500.359985,3510.000000
3108.000000,-170.036911,0.249268,0.095995,0.932617,0.296631,0.896521,0.104269,432.880005,3491.000000
3109.000000,-168.572495,0.249756,0.095197,0.935547,0.297852,0.898814,0.104864,424.790009,3482.000000
3110.000000,-177.432083,0.248291,0.094922,0.932861,0.296387,0.897056,0.103958,438.600006,3498.000000
3111.000000,-175.494705,0.251221,0.097327,0.934570,0.301025,0.898872,0.107652,444.339996,3485.000000
3112.000000,-163.156372,0.250977,0.097013,0.933594,0.300293,0.897538,0.107535,407.390015,3450.000000
3113.000000,-176.196014,0.250000,0.096871,0.933594,0.296875,0.897974,0.106315,437.850006,3499.000000
3114.000000,-189.197906,0.251465,0.096364,0.930664,0.300049,0.894413,0.107112,475.899994,3481.000000
3115.000000,-180.333038,0.247559,0.092914,0.931885,0.295654,0.895528,0.101998,473.380005,3457.000000
3116.000000,-180.410263,0.245117,0.093029,0.928955,0.291992,0.892624,0.101162,476.420013,3536.000000
3117.000000,-168.607788,0.246338,0.094571,0.933594,0.294434,0.897035,0.103608,419.440002,3504.000000
3118.000000,-163.621216,0.248291,0.096543,0.938477,0.297119,0.901092,0.106212,400.290009,3522.000000
3119.000000,-156.500137,0.249756,0.098423,0.937988,0.298096,0.900021,0.108387,395.970001,3516.000000
3120.000000,-166.730209,0.253418,0.101187,0.938232,0.302979,0.900102,0.112205,412.250000,3516.000000
3121.000000,-195.121353,0.253906,0.101595,0.928955,0.301270,0.892563,0.111300,487.790009,3513.000000
3122.000000,-154.586563,0.251221,0.100417,0.924561,0.299316,0.887897,0.110073,376.970001,3518.000000
3123.000000,-184.050110,0.248779,0.096331,0.924072,0.295410,0.887565,0.104747,449.559998,3503.000000
3124.000000,-183.025162,0.252686,0.096346,0.927002,0.299316,0.890307,0.105449,462.420013,3506.000000
3125.000000,-178.793930,0.254150,0.096742,0.929932,0.301514,0.893460,0.105966,450.890015,3520.000000
3126.000000,-179.165070,0.254639,0.096897,0.930908,0.300781,0.894718,0.104658,447.309998,3529.000000
3127.000000,-176.421860,0.252930,0.094529,0.932861,0.301270,0.895275,0.104267,455.640015,3491.000000
3128.000000,-172.236969,0.255127,0.095485,0.938965,0.302734,0.900911,0.104536,432.369995,3517.000000
3129.000000,-158.310669,0.259277,0.096701,0.939209,0.305664,0.901609,0.105218,389.959991,3521.000000
3130.000000,-172.979736,0.258301,0.094506,0.938721,0.304688,0.900421,0.103845,429.250000,3501.000000
3131.000000,-177.261826,0.259033,0.094034,0.934570,0.304932,0.895439,0.102867,453.140015,3524.000000
3132.000000,-164.184784,0.259033,0.094816,0.935059,0.305908,0.894677,0.103946,411.179993,3517.000000
3133.000000,-163.328979,0.256836,0.092390,0.931641,0.304932,0.891146,0.102186,412.399994,3528.000000
3134.000000,-172.094742,0.254150,0.092265,0.923096,0.301514,0.884039,0.101587,434.200012,3522.000000
3135.000000,-166.737518,0.252930,0.091315,0.924072,0.299072,0.885454,0.099748,411.019989,3531.000000
3136.000000,-184.600403,0.254150,0.091964,0.926270,0.302734,0.887374,0.102267,467.480011,3536.000000
3137.000000,-162.616898,0.251465,0.091022,0.932129,0.298584,0.893428,0.100374,412.350006,3416.000000
3138.000000,-178.589020,0.255127,0.093952,0.936035,0.300537,0.897887,0.101890,453.190002,3526.000000
3139.000000,-192.075455,0.253906,0.093648,0.934082,0.300781,0.895576,0.103364,489.750000,3506.000000
3140.000000,-187.207947,0.256348,0.094620,0.936035,0.302979,0.897127,0.104398,466.970001,3500.000000
3141.000000,-174.093765,0.256836,0.095900,0.934326,0.304932,0.895217,0.107396,430.630005,3520.000000
3142.000000,-167.535385,0.256348,0.097144,0.929932,0.305176,0.890506,0.108149,413.339996,3525.000000
3143.000000,-160.109467,0.253174,0.095655,0.924805,0.302246,0.886042,0.106219,409.489990,3523.000000
3144.000000,-167.094193,0.250488,0.094270,0.926270,0.300049,0.886998,0.104884,429.440002,3515.000000
3145.000000,-172.488892,0.246094,0.091417,0.927246,0.294922,0.888255,0.101202,441.779999,3525.000000
3146.000000,-173.826553,0.245850,0.092016,0.926025,0.294678,0.887339,0.101489,439.989990,3517.000000
3147.000000,-152.102097,0.242676,0.089560,0.927490,0.292725,0.889343,0.099920,386.920013,3512.000000
3148.000000,-165.389191,0.242432,0.090365,0.928711,0.290283,0.890519,0.098701,430.390015,3522.000000
3149.000000,-182.273026,0.244141,0.090968,0.931396,0.293701,0.892403,0.101132,462.390015,3516.000000
3150.000000,-179.419037,0.245605,0.092019,0.933105,0.294189,0.894991,0.102092,445.809998,3525.000000
3151.000000,-185.244156,0.249268,0.095475,0.933594,0.297363,0.895558,0.105427,477.279999,3511.000000
3152.000000,-175.451035,0.246094,0.092828,0.931641,0.294678,0.893804,0.102429,446.760010,3493.000000
3153.000000,-171.964890,0.245605,0.092110,0.927002,0.295654,0.888988,0.102260,433.720001,3514.000000
3154.000000,-168.454941,0.245605,0.093596,0.929199,0.296875,0.891687,0.104244,424.989990,3504.000000
3155.000000,-169.763474,0.247559,0.095561,0.929688,0.298584,0.891393,0.105349,430.529999,3508.000000
3156.000000,-167.212570,0.247803,0.095494,0.934814,0.300537,0.896030,0.106834,427.399994,3523.000000
3157.000000,-186.452286,0.248779,0.096432,0.931152,0.302490,0.892801,0.108953,479.339996,3508.000000
3158.000000,-191.251740,0.254150,0.098876,0.938232,0.305420,0.900204,0.109310,488.200012,3530.000000
3159.000000,-186.248566,0.256104,0.099109,0.939697,0.308105,0.900947,0.109758,471.649994,3525.000000
3160.000000,-185.999969,0.255371,0.098386,0.936279,0.307129,0.897468,0.108787,477.220001,3510.000000
3161.000000,-176.981522,0.255859,0.096888,0.937500,0.308594,0.898200,0.107079,454.119995,3538.000000
3162.000000,-170.475357,0.254883,0.094648,0.937988,0.307861,0.898420,0.105085,427.380005,3535.000000
3163.000000,-161.162033,0.253906,0.094530,0.941406,0.307617,0.901001,0.105506,415.109985,3519.000000
3164.000000,-181.744400,0.253662,0.095164,0.935547,0.307617,0.896246,0.106445,468.940002,3523.000000
3165.000000,-187.690643,0.260254,0.100895,0.933838,0.313232,0.895014,0.110943,472.989990,3530.000000
3166.000000,-162.963333,0.259521,0.101125,0.933105,0.311523,0.894600,0.110245,418.410004,3540.000000
3167.000000,-171.885406,0.253418,0.098435,0.928711,0.304688,0.890939,0.107332,423.940002,3518.000000
3168.000000,-172.308990,0.253906,0.097826,0.926270,0.305664,0.889291,0.107373,433.600006,3540.000000
3169.000000,-184.497406,0.254150,0.098235,0.924805,0.306152,0.888599,0.109235,468.230011,3522.000000
3170.000000,-189.396179,0.254639,0.099046,0.927490,0.306396,0.890100,0.109417,491.839996,3509.000000
3171.000000,-166.949142,0.252686,0.097145,0.928955,0.304932,0.892136,0.107685,421.450012,3524.000000
3172.000000,-176.395096,0.252441,0.096336,0.931152,0.303711,0.894400,0.106017,446.760010,3517.000000
3173.000000,-165.335648,0.250000,0.093641,0.928467,0.302490,0.892273,0.104529,425.679993,3510.000000
3174.000000,-156.979523,0.250244,0.094852,0.927490,0.302246,0.892123,0.104901,402.649994,3528.000000
3175.000000,-155.176804,0.250244,0.094531,0.926514,0.302490,0.890512,0.104908,402.720001,3526.000000
3176.000000,-163.051010,0.249756,0.094988,0.927490,0.302490,0.890644,0.105566,412.100006,3533.000000
3177.000000,-187.018341,0.250000,0.096254,0.925293,0.302734,0.888955,0.107112,458.459991,3529.000000
3178.000000,-161.357529,0.249512,0.096387,0.923096,0.302246,0.886711,0.106732,415.850006,3534.000000
3179.000000,-163.541656,0.250977,0.097740,0.927002,0.305176,0.888925,0.109114,418.149994,3524.000000
3180.000000,-187.076004,0.256836,0.101673,0.931396,0.309570,0.893443,0.112625,475.500000,3511.000000
3181.000000,-172.234680,0.258301,0.102665,0.932861,0.311279,0.894859,0.114439,443.220001,3526.000000
3182.000000,-170.323975,0.261230,0.102732,0.935303,0.315186,0.896937,0.114891,444.929993,3531.000000
3183.000000,-190.095871,0.260986,0.102694,0.931641,0.314209,0.893883,0.114348,482.970001,3526.000000
3184.000000,-156.769135,0.256592,0.100544,0.926025,0.310059,0.888192,0.111658,387.230011,3522.000000
3185.000000,-175.528183,0.253662,0.097051,0.923584,0.307373,0.886142,0.108965,429.880005,3525.000000
3186.000000,-183.723679,0.255615,0.098924,0.921631,0.309326,0.885281,0.111229,456.410004,3520.000000
3187.000000,-175.369171,0.256836,0.098792,0.923340,0.310059,0.887349,0.112186,436.429993,3522.000000
3188.000000,-173.214981,0.257324,0.097510,0.927246,0.309326,0.891365,0.110235,424.519989,3523.000000
3189.000000,-182.675049,0.255859,0.095072,0.929932,0.308350,0.894023,0.108280,457.179993,3526.000000
3190.000000,-185.145569,0.255859,0.092817,0.932373,0.307129,0.896397,0.104449,478.619995,3541.000000
3191.000000,-170.764114,0.255615,0.093771,0.930664,0.306396,0.895644,0.104540,427.609985,3521.000000
3192.000000,-175.907104,0.255859,0.094260,0.927246,0.305176,0.891638,0.104556,452.609985,3515.000000
3193.000000,-156.192322,0.251953,0.091817,0.927979,0.302490,0.892370,0.102512,401.910004,3527.000000
3194.000000,-162.735016,0.256104,0.093470,0.935547,0.306885,0.899107,0.103790,415.290009,3546.000000
3195.000000,-164.581192,0.256836,0.093935,0.939453,0.307861,0.902344,0.103267,410.790009,3521.000000
3196.000000,-179.152878,0.253906,0.093255,0.933105,0.305420,0.895434,0.102865,439.829987,3519.000000
3197.000000,-205.229172,0.258057,0.094387,0.934326,0.307861,0.897915,0.102570,494.429993,3533.000000
3198.000000,-181.685089,0.255127,0.093165,0.930664,0.306152,0.893422,0.102742,456.450012,3525.000000
3199.000000,-179.188110,0.253418,0.094057,0.927246,0.304688,0.890646,0.103797,436.850006,3524.000000
3200.000000,-160.304855,0.251465,0.093056,0.927979,0.303467,0.891064,0.103189,397.220001,3532.000000
3201.000000,-176.634186,0.250488,0.092023,0.929443,0.302490,0.892055,0.103211,450.350006,3436.000000
3202.000000,-176.745377,0.252930,0.093931,0.931885,0.303711,0.894863,0.104171,456.630005,3533.000000
3203.000000,-182.952866,0.253174,0.095725,0.928955,0.302490,0.891708,0.104945,455.140015,3548.000000
3204.000000,-163.723160,0.249512,0.092878,0.928955,0.299316,0.890915,0.102419,413.820007,3524.000000
3205.000000,-164.305725,0.247314,0.091850,0.930420,0.298340,0.892050,0.101916,413.619995,3523.000000
3206.000000,-154.158707,0.244385,0.092027,0.930420,0.295654,0.891975,0.103098,380.049988,3519.000000
3207.000000,-169.488464,0.246338,0.094055,0.931396,0.295898,0.892550,0.103099,431.429993,3528.000000
3208.000000,-175.311768,0.246338,0.093802,0.929688,0.297852,0.891356,0.104433,445.630005,3528.000000
3209.000000,-186.655579,0.247314,0.095799,0.927979,0.297363,0.890661,0.105614,467.000000,3516.000000
3210.000000,-183.441040,0.247314,0.095858,0.928711,0.298340,0.891871,0.105749,462.660004,3512.000000
3211.000000,-176.816238,0.246338,0.095239,0.928223,0.297852,0.890960,0.105134,445.209991,3525.000000
3212.000000,-177.779968,0.243896,0.094839,0.922607,0.294678,0.886693,0.103539,441.390015,3497.000000
3213.000000,-163.985153,0.246582,0.095774,0.931885,0.298340,0.895721,0.104631,420.459991,3516.000000
3214.000000,-160.932419,0.245605,0.094388,0.929688,0.297852,0.893504,0.103855,405.279999,3518.000000
3215.000000,-173.952255,0.246338,0.093483,0.931152,0.296631,0.894994,0.101942,443.339996,3542.000000
3216.000000,-181.026031,0.247070,0.092898,0.934814,0.296875,0.898948,0.101398,453.869995,3520.000000
3217.000000,-187.834457,0.251221,0.095208,0.939941,0.301514,0.903552,0.105173,467.570007,3507.000000
3218.000000,-178.922760,0.251221,0.095134,0.938477,0.302002,0.902194,0.104912,446.540009,3528.000000
3219.000000,-175.607010,0.254150,0.096466,0.935791,0.304932,0.899484,0.105923,441.750000,3510.000000
3220.000000,-163.364426,0.257080,0.097242,0.935547,0.307129,0.899031,0.107009,418.799988,3499.000000
3221.000000,-180.391922,0.260498,0.099764,0.933838,0.310791,0.897234,0.110380,465.820007,3499.000000
3222.000000,-169.202332,0.258545,0.098168,0.932861,0.310791,0.895844,0.110261,434.209991,3516.000000
3223.000000,-188.314224,0.253906,0.093841,0.930664,0.306152,0.893719,0.106040,480.239990,3504.000000
3224.000000,-181.802582,0.254639,0.094246,0.932617,0.305664,0.894723,0.105336,460.450012,3530.000000
3225.000000,-173.794846,0.256836,0.094132,0.932129,0.308594,0.893652,0.105260,428.760010,3534.000000
3226.000000,-177.985565,0.256348,0.094102,0.934814,0.309082,0.895816,0.105723,442.880005,3526.000000
3227.000000,-166.705353,0.256836,0.095210,0.934570,0.309082,0.895950,0.106113,422.820007,3511.000000
3228.000000,-179.271683,0.255859,0.095693,0.930176,0.308838,0.891138,0.107433,465.079987,3528.000000
3229.000000,-191.728943,0.256836,0.095028,0.929688,0.307861,0.889953,0.105297,485.440002,3513.000000
3230.000000,-170.864456,0.259033,0.095867,0.930908,0.310303,0.890520,0.106382,425.440002,3521.000000
3231.000000,-163.300217,0.256348,0.094910,0.930176,0.307373,0.890392,0.105266,405.859985,3513.000000
3232.000000,-184.144714,0.249512,0.091011,0.925049,0.300293,0.886009,0.101270,465.720001,3513.000000
3233.000000,-166.578262,0.248291,0.090859,0.919189,0.301025,0.880620,0.102537,414.730011,3522.000000
3234.000000,-185.215622,0.254639,0.094551,0.925781,0.307373,0.886756,0.105544,473.410004,3526.000000
3235.000000,-178.492035,0.252441,0.092205,0.929443,0.304688,0.890312,0.102607,446.940002,3513.000000
3236.000000,-177.661484,0.254395,0.093170,0.930908,0.305176,0.892642,0.102090,443.809998,3529.000000
3237.000000,-166.660095,0.251465,0.091277,0.926758,0.302246,0.888591,0.101585,421.019989,3529.000000
3238.000000,-192.075104,0.253662,0.091529,0.927246,0.304199,0.889467,0.101714,482.859985,3513.000000
3239.000000,-171.398956,0.250977,0.089984,0.927734,0.300781,0.889894,0.100156,423.059998,3532.000000
3240.000000,-168.748795,0.254883,0.095247,0.930176,0.303711,0.892258,0.104822,431.959991,3519.000000
3241.000000,-155.454163,0.252686,0.095436,0.928955,0.301270,0.891279,0.104782,394.369995,3519.000000
3242.000000,-175.356430,0.253174,0.097405,0.927490,0.301514,0.889748,0.106448,448.040009,3519.000000
3243.000000,-157.550934,0.249512,0.093869,0.928223,0.298340,0.890666,0.103441,391.859985,3488.000000
3244.000000,-169.334396,0.249512,0.093786,0.928467,0.298828,0.890878,0.104131,425.489990,3522.000000
3245.000000,-186.196533,0.251465,0.094539,0.930420,0.301514,0.892864,0.105263,471.010010,3513.000000
3246.000000,-192.049072,0.251709,0.092780,0.930420,0.301025,0.892967,0.103040,482.049988,3525.000000
3247.000000,-185.411926,0.252686,0.091459,0.932373,0.300049,0.894812,0.101273,464.579987,3531.000000
3248.000000,-184.145645,0.253662,0.092877,0.931885,0.302002,0.893940,0.103389,469.320007,3529.000000
3249.000000,-172.266144,0.253662,0.094190,0.933838,0.303223,0.894220,0.106079,446.109985,3467.000000
3250.000000,-178.026947,0.254395,0.094253,0.932861,0.304932,0.893143,0.107834,445.489990,3510.000000
3251.000000,-198.983032,0.255127,0.095640,0.933105,0.306641,0.894248,0.110184,490.970001,3499.000000
3252.000000,-162.941177,0.255127,0.096415,0.930420,0.307373,0.891360,0.110994,407.130005,3486.000000
3253.000000,-167.550995,0.253662,0.095222,0.928711,0.305908,0.889697,0.109477,430.260010,3489.000000
3254.000000,-171.871796,0.253906,0.095028,0.929443,0.303955,0.890887,0.106672,419.489990,3508.000000
3255.000000,-184.462112,0.254150,0.095711,0.928223,0.305664,0.890277,0.108750,449.769989,3500.000000
3256.000000,-174.059967,0.255371,0.095726,0.936035,0.305420,0.897378,0.108006,435.079987,3495.000000
3257.000000,-172.000916,0.250732,0.093932,0.931396,0.300537,0.892799,0.105363,438.049988,3518.000000
3258.000000,-186.247162,0.254883,0.097575,0.934082,0.303955,0.894815,0.108842,464.269989,3503.000000
3259.000000,-169.628265,0.253174,0.096519,0.932129,0.302490,0.893090,0.108198,433.230011,3500.000000
3260.000000,-176.377975,0.256348,0.098802,0.935059,0.304199,0.895912,0.109609,436.970001,3477.000000
3261.000000,-166.547989,0.253906,0.096782,0.929443,0.302734,0.891507,0.108267,413.320007,3507.000000
3262.000000,-177.642410,0.255615,0.097966,0.928223,0.304688,0.890880,0.109592,452.339996,3521.000000
3263.000000,-165.125031,0.254883,0.099398,0.926025,0.303223,0.889531,0.109573,413.609985,3508.000000
3264.000000,-164.430374,0.254639,0.098187,0.927979,0.303223,0.892135,0.109234,413.809998,3503.000000
3265.000000,-195.937912,0.256104,0.097746,0.929443,0.303467,0.893104,0.108183,497.130005,3406.000000
3266.000000,-195.086533,0.256592,0.096274,0.934570,0.304688,0.897484,0.107311,479.200012,3500.000000
3267.000000,-178.067764,0.257568,0.096241,0.939453,0.306152,0.901739,0.107600,437.459991,3500.000000
3268.000000,-174.523590,0.259277,0.097347,0.936523,0.306641,0.898890,0.107455,442.959991,3502.000000
3269.000000,-167.352310,0.259766,0.097906,0.934082,0.307373,0.896069,0.107671,419.480011,3494.000000
3270.000000,-158.441711,0.257568,0.094435,0.934326,0.307129,0.896478,0.106488,396.720001,3484.000000
3271.000000,-173.538757,0.256348,0.093645,0.935303,0.304443,0.896955,0.104411,426.549988,3491.000000
3272.000000,-167.216736,0.259277,0.096960,0.934570,0.308838,0.896491,0.108271,421.079987,3481.000000
3273.000000,-156.593979,0.259521,0.097752,0.931396,0.308838,0.893794,0.109218,401.910004,3462.000000
3274.000000,-163.601151,0.261963,0.100199,0.928955,0.311279,0.891404,0.111407,416.200012,3498.000000
3275.000000,-159.658554,0.263428,0.101889,0.932129,0.312988,0.894830,0.113011,407.890015,3479.000000
3276.000000,-170.071609,0.263428,0.102104,0.928711,0.312988,0.891096,0.112434,428.750000,3483.000000
3277.000000,-167.527863,0.259766,0.099669,0.928955,0.308350,0.891603,0.109408,428.420013,3492.000000
3278.000000,-170.227661,0.257812,0.098682,0.928467,0.306641,0.890919,0.108983,428.190002,3503.000000
3279.000000,-197.976379,0.259277,0.097453,0.931396,0.308838,0.893394,0.108835,495.720001,3489.000000
3280.000000,-171.777100,0.257080,0.096994,0.927979,0.306641,0.890499,0.108466,430.769989,3490.000000
3281.000000,-166.234756,0.254395,0.093199,0.927734,0.302979,0.890077,0.103755,412.390015,3503.000000
3282.000000,-158.618774,0.251953,0.092233,0.925781,0.300537,0.888889,0.102593,396.690002,3489.000000
3283.000000,-149.157364,0.254883,0.095371,0.927734,0.303467,0.890733,0.105772,371.510010,3491.000000
3284.000000,-175.763779,0.253906,0.095021,0.926514,0.302490,0.889076,0.105967,460.000000,3485.000000
3285.000000,-175.391510,0.256836,0.095399,0.932617,0.303467,0.894513,0.105227,444.440002,3481.000000
3286.000000,-162.708618,0.254395,0.094368,0.934326,0.303223,0.895532,0.105138,406.350006,3473.000000
3287.000000,-175.010162,0.254639,0.094333,0.932373,0.304688,0.892489,0.105761,444.589996,3495.000000
3288.000000,-185.949127,0.255859,0.094931,0.931152,0.305176,0.891026,0.104906,441.630005,3515.000000
3289.000000,-205.355850,0.256104,0.093702,0.929688,0.305420,0.890423,0.103572,498.839996,3492.000000
3290.000000,-155.932755,0.252930,0.093350,0.927979,0.303711,0.889021,0.103292,388.910004,3506.000000
3291.000000,-156.006348,0.250732,0.092985,0.927002,0.301758,0.888376,0.101999,401.980011,3506.000000
3292.000000,-174.278107,0.250244,0.093310,0.927002,0.300293,0.888847,0.101756,429.089996,3488.000000
3293.000000,-177.062805,0.252930,0.096270,0.931152,0.303711,0.892522,0.105346,449.690002,3503.000000
3294.000000,-180.013748,0.252686,0.095896,0.931885,0.304443,0.893406,0.106286,454.839996,3486.000000
3295.000000,-173.065521,0.251221,0.095619,0.931885,0.300781,0.893530,0.104504,431.649994,3515.000000
3296.000000,-178.089508,0.252441,0.097401,0.930420,0.303711,0.891705,0.107923,441.440002,3504.000000
3297.000000,-155.545471,0.252197,0.096709,0.933105,0.305176,0.893664,0.107985,381.970001,3494.000000
3298.000000,-182.718658,0.254150,0.097340,0.938232,0.307129,0.899260,0.108161,446.089996,3508.000000
3299.000000,-179.733459,0.256592,0.099964,0.938477,0.308594,0.898587,0.110257,444.489990,3504.000000
3300.000000,-194.731644,0.254883,0.097804,0.937500,0.306641,0.896651,0.107468,474.790009,3511.000000
3301.000000,-178.523041,0.252686,0.097424,0.932617,0.303955,0.891311,0.106571,449.230011,3499.000000
3302.000000,-190.112976,0.250732,0.096150,0.926025,0.301758,0.885818,0.105495,475.920013,3504.000000
3303.000000,-167.161407,0.250488,0.096250,0.922852,0.298828,0.883523,0.104815,421.390015,3494.000000
3304.000000,-163.075104,0.249268,0.094903,0.921387,0.297852,0.882720,0.104019,404.839996,3505.000000
3305.000000,-174.894821,0.249756,0.095512,0.929932,0.297852,0.891657,0.104287,443.929993,3508.000000
3306.000000,-176.960175,0.247559,0.095447,0.927979,0.297119,0.890504,0.106146,452.309998,3499.000000
3307.000000,-177.817032,0.252197,0.099067,0.929688,0.301025,0.891828,0.109073,458.440002,3503.000000
3308.000000,-191.321671,0.256104,0.102096,0.929688,0.302979,0.891564,0.111041,489.100006,3502.000000
3309.000000,-187.251816,0.256104,0.101793,0.928711,0.303955,0.890064,0.111466,480.809998,3500.000000
3310.000000,-163.098389,0.259033,0.101791,0.927734,0.305420,0.889447,0.110818,412.190002,3507.000000
3311.000000,-185.785934,0.260742,0.102286,0.931396,0.307373,0.892490,0.111400,458.760010,3515.000000
3312.000000,-178.342224,0.257324,0.100534,0.926025,0.304443,0.886902,0.109864,454.980011,3528.000000
3313.000000,-175.302032,0.256592,0.099057,0.925781,0.304443,0.886587,0.109308,444.290009,3515.000000
3314.000000,-193.427673,0.254883,0.097598,0.926025,0.303223,0.887102,0.107818,489.290009,3520.000000
3315.000000,-160.867264,0.251709,0.096138,0.928711,0.302979,0.890157,0.107876,408.559998,3520.000000
3316.000000,-198.179871,0.251221,0.097427,0.928711,0.302246,0.890050,0.108094,490.399994,3528.000000
3317.000000,-181.871582,0.254395,0.099396,0.931885,0.306152,0.892634,0.111077,467.489990,3515.000000
3318.000000,-186.890625,0.255371,0.098414,0.930664,0.306152,0.891329,0.110215,471.640015,3524.000000
3319.000000,-156.362015,0.252686,0.097768,0.930420,0.305176,0.890513,0.110832,398.299988,3523.000000
3320.000000,-161.037155,0.253662,0.098739,0.932617,0.303223,0.893502,0.109090,407.750000,3513.000000
3321.000000,-152.323593,0.250977,0.095440,0.931641,0.302979,0.891706,0.108396,384.239990,3543.000000
3322.000000,-156.583847,0.246826,0.093133,0.930664,0.298828,0.890940,0.105751,384.079987,3524.000000
3323.000000,-143.766464,0.246582,0.092145,0.932129,0.298340,0.892137,0.104776,364.970001,3539.000000
3324.000000,-187.092026,0.247314,0.092190,0.932861,0.297607,0.893430,0.103122,464.359985,3530.000000
3325.000000,-191.972946,0.250488,0.093878,0.936279,0.299561,0.897375,0.103721,481.720001,3487.000000
3326.000000,-197.204193,0.253662,0.094994,0.935059,0.302979,0.897178,0.105138,483.179993,3466.000000
3327.000000,-177.578873,0.256104,0.095747,0.937744,0.304443,0.899386,0.105830,436.049988,3500.000000
3328.000000,-165.264465,0.258301,0.098249,0.940674,0.306641,0.902445,0.107774,417.619995,3485.000000
3329.000000,-161.089188,0.257568,0.098601,0.937256,0.305176,0.899235,0.107378,408.320007,3395.000000
3330.000000,-165.759888,0.259277,0.099532,0.934570,0.307373,0.895682,0.109171,414.869995,3454.000000
3331.000000,-166.917801,0.253662,0.097005,0.930908,0.302002,0.891470,0.107814,419.779999,3440.000000
3332.000000,-177.043747,0.254395,0.097224,0.934326,0.303467,0.894103,0.108963,442.380005,3457.000000
3333.000000,-188.973846,0.254150,0.097710,0.931885,0.302979,0.893019,0.109266,449.010010,3450.000000
3334.000000,-188.160980,0.250732,0.094642,0.930664,0.301514,0.892213,0.107392,473.540009,3468.000000
3335.000000,-152.852722,0.244629,0.093034,0.927979,0.296631,0.889775,0.106411,388.829987,3498.000000
3336.000000,-166.574677,0.240967,0.091516,0.923096,0.291748,0.885928,0.103632,424.369995,3509.000000
3337.000000,-186.529846,0.243408,0.092185,0.923340,0.292725,0.887522,0.102204,465.980011,3495.000000
3338.000000,-158.326401,0.246826,0.095093,0.930176,0.296143,0.894226,0.105464,392.309998,3477.000000
3339.000000,-181.320724,0.241943,0.093703,0.926758,0.290039,0.891393,0.103037,461.959991,3490.000000
3340.000000,-173.645706,0.244141,0.096559,0.928711,0.292725,0.892280,0.105921,442.380005,3497.000000
3341.000000,-184.011292,0.251221,0.099610,0.929688,0.300049,0.893439,0.109956,455.390015,3499.000000
3342.000000,-171.620132,0.251953,0.097716,0.937256,0.300049,0.899776,0.107283,435.410004,3494.000000
3343.000000,-173.543579,0.251465,0.095997,0.939453,0.298584,0.901528,0.105516,437.649994,3491.000000
3344.000000,-203.045334,0.251221,0.095846,0.936035,0.298584,0.897746,0.105358,481.670013,3492.000000
3345.000000,-186.200027,0.250732,0.095379,0.933594,0.300537,0.895066,0.106851,445.450012,3479.000000
3346.000000,-178.031448,0.254883,0.098410,0.933105,0.304443,0.895080,0.109723,445.570007,3464.000000
3347.000000,-171.862595,0.255859,0.099593,0.932373,0.305420,0.893846,0.110803,418.059998,3514.000000
3348.000000,-167.030090,0.252686,0.099972,0.928467,0.304199,0.889582,0.112881,431.559998,3529.000000
3349.000000,-175.993057,0.250488,0.097803,0.926025,0.302490,0.887816,0.110612,450.920013,3509.000000
3350.000000,-153.689697,0.250732,0.096021,0.927246,0.303711,0.888771,0.109827,382.500000,3520.000000
3351.000000,-145.892761,0.250977,0.095022,0.930664,0.301025,0.892808,0.106414,365.559998,3534.000000
3352.000000,-178.325516,0.250977,0.093815,0.938232,0.302246,0.900161,0.106078,451.690002,3526.000000
3353.000000,-177.284348,0.251709,0.093902,0.937256,0.300781,0.899170,0.103617,446.850006,3542.000000
3354.000000,-162.089783,0.251709,0.093866,0.935059,0.301270,0.896725,0.103505,401.450012,3528.000000
3355.000000,-168.575790,0.251709,0.092107,0.936279,0.302002,0.898170,0.102484,410.480011,3528.000000
3356.000000,-181.788208,0.245605,0.088739,0.932861,0.296387,0.895436,0.099866,451.049988,3524.000000
3357.000000,-186.685394,0.245850,0.089336,0.930908,0.295410,0.894506,0.099449,463.670013,3544.000000
3358.000000,-186.593140,0.247803,0.090469,0.926514,0.298340,0.889724,0.100948,481.500000,3540.000000
3359.000000,-165.905853,0.247803,0.090201,0.931396,0.298828,0.894893,0.101846,420.239990,3523.000000
3360.000000,-168.030396,0.242188,0.087247,0.929932,0.291504,0.893213,0.097453,430.609985,3524.000000
3361.000000,-159.499847,0.240967,0.087919,0.930664,0.289062,0.893633,0.097335,402.679993,3524.000000
3362.000000,-164.500626,0.240234,0.087571,0.931885,0.289062,0.894611,0.098378,430.959991,3525.000000
3363.000000,-190.108017,0.241211,0.088916,0.933838,0.290283,0.895294,0.100254,488.420013,3535.000000
3364.000000,-167.654129,0.239990,0.089584,0.934082,0.289062,0.895610,0.100980,421.140015,3552.000000
3365.000000,-177.339142,0.243164,0.093549,0.931396,0.291504,0.893187,0.104511,436.929993,3566.000000
3366.000000,-184.068298,0.241699,0.091353,0.927979,0.291992,0.890309,0.103809,454.549988,3550.000000
3367.000000,-162.810593,0.239258,0.090405,0.930908,0.289062,0.893882,0.101709,409.820007,3544.000000
3368.000000,-173.004089,0.237305,0.088412,0.932373,0.285400,0.894694,0.098795,432.670013,3557.000000
3369.000000,-198.138351,0.236572,0.085962,0.933838,0.284424,0.896383,0.096187,467.890015,3564.000000
3370.000000,-173.355988,0.235107,0.086062,0.939209,0.284180,0.901066,0.097200,432.290009,3565.000000
3371.000000,-166.467270,0.232910,0.087087,0.932861,0.281006,0.895585,0.097590,409.920013,3560.000000
3372.000000,-159.639282,0.236816,0.090389,0.933838,0.284180,0.896872,0.100076,393.269989,3570.000000
3373.000000,-182.438416,0.238037,0.091619,0.931396,0.286865,0.894496,0.102488,463.320007,3562.000000
3374.000000,-158.800919,0.239258,0.094146,0.933350,0.286377,0.895666,0.104091,398.480011,3559.000000
3375.000000,-169.163055,0.239014,0.094341,0.929932,0.286133,0.892187,0.104522,433.640015,3556.000000
3376.000000,-197.508774,0.239990,0.094626,0.929932,0.288574,0.892666,0.105969,496.750000,3551.000000
3377.000000,-169.346146,0.243896,0.095779,0.935547,0.292725,0.897308,0.108013,430.750000,3549.000000
3378.000000,-185.579285,0.248291,0.097389,0.942871,0.295410,0.903539,0.107536,472.679993,3555.000000
3379.000000,-193.756531,0.248047,0.095054,0.941650,0.296387,0.901929,0.106588,495.149994,3561.000000
3380.000000,-154.648636,0.245850,0.094735,0.937744,0.292725,0.898272,0.104826,385.380005,3570.000000
3381.000000,-166.416946,0.245361,0.093319,0.934570,0.293457,0.895901,0.104076,416.049988,3568.000000
3382.000000,-179.704178,0.249512,0.095385,0.933838,0.297363,0.895537,0.105917,453.579987,3568.000000
3383.000000,-173.293457,0.250000,0.093983,0.937012,0.296631,0.898592,0.103870,429.019989,3551.000000
3384.000000,-169.130112,0.250244,0.093687,0.936035,0.296875,0.897665,0.103564,415.380005,3563.000000
3385.000000,-199.140823,0.251709,0.093004,0.937012,0.297119,0.898740,0.102233,504.209991,3565.000000
3386.000000,-207.852356,0.254395,0.094492,0.934570,0.301514,0.896843,0.105492,535.099976,3541.000000
3387.000000,-197.259293,0.255615,0.095330,0.931885,0.301758,0.893757,0.105719,497.220001,3552.000000
3388.000000,-179.846848,0.257568,0.096452,0.927490,0.304443,0.889677,0.107349,457.149994,3545.000000
3389.000000,-172.795212,0.255859,0.094640,0.928223,0.303223,0.890869,0.105766,429.109985,3549.000000
3390.000000,-176.220276,0.256836,0.095793,0.932129,0.304688,0.893917,0.106456,445.809998,3558.000000
3391.000000,-181.948166,0.255371,0.094697,0.936035,0.304932,0.897352,0.106298,453.980011,3560.000000
3392.000000,-189.375412,0.256348,0.094648,0.934326,0.304932,0.895279,0.104443,481.279999,3566.000000
3393.000000,-188.153534,0.253906,0.094280,0.931641,0.300781,0.893215,0.102148,473.700012,3472.000000
3394.000000,-194.282089,0.254150,0.093973,0.932373,0.300781,0.894064,0.101429,485.339996,3572.000000
3395.000000,-175.898102,0.253906,0.093840,0.935791,0.301270,0.897523,0.102380,435.399994,3566.000000
3396.000000,-166.703766,0.250977,0.093657,0.937500,0.298096,0.898579,0.102612,422.790009,3565.000000
3397.000000,-160.950043,0.244629,0.091859,0.928223,0.293701,0.890241,0.102387,393.000000,3557.000000
3398.000000,-139.469284,0.242676,0.091996,0.927979,0.292725,0.890075,0.103151,352.720001,3551.000000
3399.000000,-174.791550,0.239990,0.090256,0.928711,0.289795,0.891039,0.101612,444.100006,3547.000000
3400.000000,-171.243530,0.237061,0.090575,0.927246,0.285156,0.889954,0.099559,431.250000,3540.000000
3401.000000,-174.106705,0.238281,0.090509,0.928711,0.288574,0.891010,0.101126,449.459991,3540.000000
3402.000000,-183.644730,0.241699,0.094360,0.933350,0.289795,0.895577,0.103027,462.670013,3581.000000
3403.000000,-185.531677,0.241699,0.095278,0.932861,0.289307,0.894778,0.103996,472.339996,3555.000000
3404.000000,-174.890610,0.239746,0.095979,0.929932,0.287109,0.891731,0.104774,440.779999,3546.000000
3405.000000,-188.925568,0.239746,0.095138,0.926514,0.287598,0.888235,0.103888,474.570007,3548.000000
3406.000000,-173.088501,0.239990,0.094693,0.930420,0.287598,0.892135,0.104368,426.000000,3549.000000
3407.000000,-156.895065,0.238770,0.093927,0.932861,0.286377,0.894365,0.103489,395.880005,3567.000000
3408.000000,-168.611847,0.238037,0.091819,0.933838,0.284912,0.894576,0.101306,431.630005,3571.000000
3409.000000,-167.366013,0.237305,0.091731,0.933105,0.285645,0.893501,0.102684,427.410004,3558.000000
3410.000000,-143.822250,0.235352,0.093084,0.929932,0.285889,0.891031,0.105774,358.839996,3548.000000
3411.000000,-144.814789,0.234131,0.092217,0.935059,0.285156,0.895942,0.104812,362.309998,3551.000000
3412.000000,-171.046814,0.237793,0.094809,0.937256,0.289795,0.897920,0.108242,431.220001,3567.000000
3413.000000,-191.536942,0.239258,0.096157,0.936279,0.290039,0.896992,0.108307,474.239990,3546.000000
3414.000000,-187.103836,0.243896,0.096830,0.937500,0.293701,0.897811,0.108074,468.679993,3555.000000
3415.000000,-174.267288,0.243896,0.095898,0.934814,0.294434,0.895981,0.107875,435.760010,3541.000000
3416.000000,-197.836197,0.246582,0.096393,0.939941,0.295166,0.900840,0.106511,494.350006,3540.000000
3417.000000,-186.233246,0.247803,0.095777,0.940674,0.296143,0.901618,0.105728,462.880005,3519.000000
3418.000000,-170.093842,0.247803,0.096910,0.938721,0.295898,0.899338,0.106709,432.739990,3503.000000
3419.000000,-183.578857,0.250977,0.098293,0.939209,0.297607,0.900402,0.107998,463.850006,3508.000000
3420.000000,-205.050980,0.252686,0.099921,0.939209,0.300293,0.900333,0.110732,521.789978,3524.000000
3421.000000,-190.341293,0.254395,0.100467,0.937744,0.300781,0.898538,0.110749,472.130005,3526.000000
3422.000000,-167.874939,0.252441,0.099463,0.934326,0.299072,0.895383,0.110077,412.529999,3496.000000
3423.000000,-177.661087,0.254395,0.099204,0.934082,0.300293,0.895876,0.109371,450.739990,3527.000000
3424.000000,-170.995148,0.253418,0.097988,0.932617,0.298584,0.894540,0.107942,431.739990,3526.000000
3425.000000,-171.713257,0.252930,0.096070,0.935303,0.298584,0.897214,0.106184,429.279999,3499.000000
3426.000000,-197.018280,0.249756,0.093270,0.933594,0.295410,0.896048,0.103942,489.070007,3525.000000
3427.000000,-172.973724,0.252686,0.094578,0.931885,0.298340,0.894740,0.105006,438.630005,3530.000000
3428.000000,-177.659637,0.251953,0.093515,0.933105,0.298584,0.896190,0.104329,453.480011,3531.000000
3429.000000,-167.984192,0.251709,0.094039,0.934082,0.297363,0.898132,0.103638,420.959991,3537.000000
3430.000000,-159.165543,0.249268,0.093346,0.933350,0.296875,0.897062,0.104854,388.260010,3524.000000
3431.000000,-175.166931,0.245117,0.092806,0.929443,0.293213,0.892977,0.104101,447.040009,3534.000000
3432.000000,-175.243912,0.242432,0.093182,0.928955,0.289795,0.892566,0.103698,443.119995,3525.000000
3433.000000,-189.292068,0.240479,0.093546,0.927002,0.286865,0.891188,0.103355,476.440002,3533.000000
3434.000000,-203.043182,0.241211,0.094692,0.927002,0.289307,0.890622,0.105919,519.309998,3540.000000
3435.000000,-174.622040,0.242676,0.095335,0.927002,0.291260,0.891467,0.106672,439.279999,3544.000000
3436.000000,-161.288391,0.242920,0.095646,0.931396,0.291992,0.895885,0.107551,395.130005,3522.000000
3437.000000,-197.758301,0.246338,0.097381,0.931885,0.293945,0.896753,0.108244,497.950012,3544.000000
3438.000000,-190.612183,0.245605,0.095944,0.931641,0.294922,0.896083,0.107949,479.589996,3525.000000
3439.000000,-181.284195,0.245361,0.097203,0.929688,0.293701,0.893858,0.108061,458.239990,3519.000000
3440.000000,-177.682327,0.245850,0.096338,0.933594,0.294434,0.896785,0.108018,442.750000,3520.000000
3441.000000,-184.450699,0.244385,0.096023,0.930664,0.292236,0.894602,0.106681,458.250000,3526.000000
3442.000000,-172.418198,0.247314,0.096566,0.933594,0.296143,0.897814,0.107825,424.100006,3533.000000
3443.000000,-162.341080,0.246094,0.096377,0.932617,0.294922,0.896526,0.107215,410.480011,3540.000000
3444.000000,-183.125000,0.248779,0.097592,0.931641,0.298340,0.895215,0.109307,470.410004,3523.000000
3445.000000,-160.458054,0.251221,0.097707,0.932861,0.299561,0.896511,0.108987,404.230011,3509.000000
3446.000000,-186.535110,0.249268,0.097257,0.930420,0.295654,0.894417,0.106975,464.600006,3517.000000
3447.000000,-188.427017,0.246826,0.094233,0.931396,0.292969,0.895756,0.103912,469.649994,3509.000000
3448.000000,-177.850098,0.251709,0.097901,0.937256,0.297607,0.901221,0.107382,441.089996,3506.000000
3449.000000,-185.561676,0.253174,0.098325,0.939697,0.300537,0.903656,0.109282,441.290009,3492.000000
3450.000000,-176.850067,0.252441,0.098817,0.937256,0.297119,0.901532,0.107538,446.570007,3502.000000
3451.000000,-186.752472,0.253174,0.100528,0.930908,0.297852,0.894848,0.108909,457.750000,3506.000000
3452.000000,-162.970917,0.255127,0.101218,0.933105,0.301514,0.896741,0.111120,410.339996,3513.000000
3453.000000,-181.092987,0.257324,0.103300,0.936279,0.303467,0.899274,0.112947,460.059998,3502.000000
3454.000000,-181.008286,0.256836,0.103497,0.936279,0.301758,0.899474,0.112116,451.140015,3500.000000
3455.000000,-169.223724,0.253662,0.100226,0.934082,0.298828,0.897026,0.108868,436.910004,3476.000000
3456.000000,-156.345978,0.254639,0.101895,0.937256,0.300049,0.900619,0.110614,399.369995,3513.000000
3457.000000,-168.175018,0.253174,0.100746,0.938477,0.299316,0.901829,0.110374,431.299988,3429.000000
3458.000000,-163.509735,0.248779,0.096657,0.937988,0.293945,0.901411,0.105600,407.690002,3536.000000
3459.000000,-184.013977,0.250977,0.097692,0.935059,0.296631,0.898339,0.107219,460.720001,3524.000000
3460.000000,-194.590881,0.250488,0.096512,0.932617,0.295166,0.896578,0.105050,479.519989,3529.000000
3461.000000,-187.006332,0.246826,0.094270,0.931641,0.291748,0.895284,0.103085,470.720001,3529.000000
3462.000000,-196.144150,0.249023,0.094778,0.931641,0.297119,0.895138,0.105744,490.339996,3533.000000
3463.000000,-180.427597,0.249756,0.095753,0.932861,0.297119,0.896657,0.105405,467.149994,3507.000000
3464.000000,-182.217117,0.251221,0.096522,0.936279,0.298584,0.899869,0.106721,459.109985,3501.000000
3465.000000,-157.221497,0.247314,0.095792,0.929688,0.294922,0.893297,0.105858,389.540009,3517.000000
3466.000000,-173.367477,0.245361,0.095131,0.927734,0.293457,0.891760,0.105579,431.019989,3518.000000
3467.000000,-178.208847,0.244629,0.094738,0.926025,0.294434,0.890436,0.106989,441.709991,3483.000000
3468.000000,-165.855209,0.245850,0.094963,0.929932,0.293701,0.894781,0.105230,422.359985,3504.000000
3469.000000,-186.994385,0.245850,0.094289,0.932373,0.293457,0.897368,0.104545,477.880005,3525.000000
3470.000000,-176.077957,0.244629,0.092378,0.933838,0.294189,0.897959,0.103990,457.920013,3527.000000
3471.000000,-151.592636,0.244629,0.091638,0.933350,0.293701,0.896801,0.102205,386.720001,3522.000000
3472.000000,-179.061295,0.245850,0.093807,0.932617,0.294434,0.896844,0.103811,441.970001,3531.000000
3473.000000,-182.486694,0.243652,0.092428,0.930664,0.291992,0.895636,0.102273,457.500000,3518.000000
3474.000000,-170.758774,0.242920,0.092813,0.931152,0.290039,0.895471,0.102306,435.950012,3497.000000
3475.000000,-162.923553,0.240479,0.091939,0.929688,0.288086,0.894095,0.101732,416.049988,3510.000000
3476.000000,-182.875793,0.239990,0.091271,0.931396,0.287598,0.895217,0.101047,467.739990,3502.000000
3477.000000,-173.002655,0.239990,0.090545,0.934814,0.288574,0.898514,0.101309,436.329987,3494.000000
3478.000000,-181.840561,0.243896,0.092967,0.937256,0.291260,0.900913,0.102963,454.429993,3502.000000
3479.000000,-166.058029,0.243164,0.092899,0.936768,0.290771,0.899707,0.102868,411.829987,3515.000000
3480.000000,-162.667572,0.245117,0.092858,0.938477,0.292480,0.901580,0.102853,403.809998,3520.000000
3481.000000,-183.439651,0.248047,0.093200,0.942139,0.295654,0.905032,0.103256,456.519989,3507.000000
3482.000000,-161.504410,0.245605,0.092651,0.937256,0.291992,0.900390,0.101592,416.859985,3507.000000
3483.000000,-184.132248,0.247070,0.093341,0.933838,0.293701,0.897737,0.102521,454.160004,3503.000000
3484.000000,-181.702545,0.248535,0.096598,0.933838,0.296631,0.898063,0.106893,442.540009,3506.000000
3485.000000,-190.476395,0.249023,0.098471,0.933594,0.296387,0.898548,0.108656,470.399994,3517.000000
3486.000000,-182.925461,0.250977,0.099893,0.933594,0.297607,0.898532,0.109562,452.910004,3524.000000
3487.000000,-176.441833,0.249023,0.096455,0.933350,0.295898,0.898513,0.106658,447.589996,3518.000000
3488.000000,-163.255066,0.246582,0.094696,0.935791,0.294922,0.900950,0.106246,417.959991,3509.000000
3489.000000,-167.678299,0.246338,0.094238,0.936035,0.294678,0.901270,0.105755,429.540009,3530.000000
3490.000000,-180.069824,0.244385,0.093229,0.932129,0.293213,0.896851,0.105720,448.130005,3530.000000
3491.000000,-195.806595,0.247070,0.094263,0.936768,0.295166,0.900596,0.106658,470.769989,3520.000000
3492.000000,-184.699112,0.249512,0.094576,0.939453,0.295654,0.903352,0.104930,473.589996,3525.000000
3493.000000,-183.015900,0.248779,0.093226,0.936768,0.295166,0.900617,0.104200,447.040009,3521.000000
3494.000000,-174.136139,0.246582,0.091906,0.932861,0.293213,0.895791,0.102944,443.989990,3535.000000
3495.000000,-175.790512,0.245117,0.090673,0.933838,0.293701,0.896958,0.103172,446.670013,3535.000000
3496.000000,-161.320419,0.246094,0.092363,0.932129,0.294678,0.895639,0.104359,400.549988,3536.000000
3497.000000,-153.375946,0.248535,0.094181,0.933838,0.298584,0.897107,0.107257,388.059998,3537.000000
3498.000000,-182.955368,0.248535,0.095683,0.930176,0.298584,0.893046,0.107956,468.589996,3530.000000
3499.000000,-197.809464,0.247559,0.093089,0.933838,0.296143,0.896885,0.104584,508.179993,3522.000000
3500.000000,-180.669342,0.249512,0.094643,0.933594,0.299072,0.896463,0.106860,460.369995,3532.000000
3501.000000,-190.852982,0.246094,0.093598,0.931885,0.295898,0.894463,0.105179,483.089996,3524.000000
3502.000000,-178.850830,0.247803,0.094270,0.936279,0.298340,0.898120,0.105646,437.970001,3547.000000
3503.000000,-159.476944,0.245117,0.092406,0.934082,0.294189,0.897160,0.103584,411.320007,3524.000000
3504.000000,-173.271988,0.242432,0.092989,0.932617,0.290771,0.895551,0.103004,446.760010,3526.000000
3505.000000,-167.595764,0.245117,0.094415,0.929932,0.293701,0.892852,0.105153,425.720001,3525.000000
3506.000000,-183.944122,0.244141,0.092586,0.935059,0.292969,0.897515,0.103749,468.429993,3529.000000
3507.000000,-171.146790,0.241699,0.092357,0.932861,0.290039,0.895405,0.103084,430.399994,3518.000000
3508.000000,-173.115295,0.240723,0.092447,0.930420,0.289551,0.892606,0.103453,438.299988,3534.000000
3509.000000,-191.718948,0.241699,0.092494,0.930908,0.289307,0.892495,0.102967,487.420013,3518.000000
3510.000000,-189.276733,0.242432,0.091709,0.932861,0.291504,0.894631,0.104560,473.709991,3539.000000
3511.000000,-181.069931,0.239502,0.089773,0.932129,0.288574,0.894253,0.102573,445.260010,3527.000000
3512.000000,-177.195587,0.239014,0.091040,0.927734,0.286865,0.891115,0.102042,449.239990,3524.000000
3513.000000,-195.986526,0.242920,0.093419,0.931641,0.292969,0.894632,0.105994,501.950012,3507.000000
3514.000000,-198.321823,0.246338,0.096130,0.930908,0.295410,0.893352,0.107674,500.549988,3544.000000
3515.000000,-188.704758,0.246582,0.097563,0.927490,0.293945,0.890118,0.108374,470.519989,3556.000000
3516.000000,-192.403687,0.244629,0.093141,0.925781,0.291748,0.888014,0.104310,466.529999,3546.000000
3517.000000,-170.443054,0.245361,0.092590,0.925293,0.291504,0.887815,0.103101,422.529999,3561.000000
3518.000000,-189.696487,0.246826,0.091857,0.930908,0.292236,0.893606,0.102730,482.799988,3549.000000
3519.000000,-174.450012,0.244385,0.089399,0.932373,0.290039,0.894478,0.100476,436.089996,3529.000000
3520.000000,-175.399231,0.244141,0.088814,0.933105,0.290527,0.894840,0.100465,440.459991,3550.000000
3521.000000,-175.218323,0.242432,0.088369,0.932129,0.290283,0.893605,0.101010,452.320007,3465.000000
3522.000000,-189.516022,0.241211,0.087268,0.930420,0.288330,0.892663,0.099530,492.359985,3537.000000
3523.000000,-162.375717,0.242188,0.088382,0.933594,0.291748,0.895517,0.101828,413.109985,3515.000000
3524.000000,-184.464340,0.242188,0.089904,0.932373,0.292236,0.894088,0.102829,452.130005,3516.000000
3525.000000,-179.429291,0.242188,0.090162,0.935059,0.292236,0.897148,0.102452,444.140015,3521.000000
3526.000000,-177.908386,0.241943,0.088268,0.933105,0.292236,0.894581,0.100759,434.190002,3561.000000
3527.000000,-186.105515,0.240967,0.087523,0.932129,0.290527,0.893574,0.099105,469.239990,3523.000000
3528.000000,-180.958450,0.239746,0.086184,0.935547,0.289551,0.896646,0.096880,451.959991,3524.000000
3529.000000,-174.190323,0.239502,0.085632,0.931152,0.290771,0.891884,0.097686,444.309998,3527.000000
3530.000000,-197.479553,0.240234,0.086412,0.934570,0.290283,0.895057,0.097018,486.750000,3524.000000
3531.000000,-177.962631,0.239258,0.086434,0.933105,0.289062,0.894498,0.097277,434.850006,3537.000000
3532.000000,-180.088837,0.238770,0.085448,0.932861,0.288330,0.893824,0.095401,458.630005,3519.000000
3533.000000,-161.042557,0.238281,0.086113,0.934814,0.289307,0.896974,0.096713,397.200012,3537.000000
3534.000000,-174.482254,0.239014,0.089912,0.933350,0.288086,0.895387,0.098704,440.760010,3535.000000
3535.000000,-163.649490,0.239014,0.089498,0.937500,0.289307,0.898959,0.099459,409.239990,3523.000000
3536.000000,-167.662170,0.238770,0.089798,0.935303,0.288818,0.896847,0.099247,420.600006,3534.000000
3537.000000,-158.587433,0.240723,0.092510,0.938477,0.291016,0.899107,0.101817,392.679993,3535.000000
3538.000000,-162.238480,0.240234,0.093225,0.937256,0.289795,0.897418,0.102061,412.369995,3532.000000
3539.000000,-153.457092,0.239258,0.092950,0.937500,0.290527,0.898481,0.104282,382.230011,3536.000000
3540.000000,-176.951263,0.239014,0.092615,0.937500,0.288086,0.899252,0.102146,433.779999,3538.000000
3541.000000,-175.785889,0.239990,0.090781,0.939941,0.287354,0.901872,0.099170,418.829987,3539.000000
3542.000000,-154.669998,0.238037,0.089335,0.936035,0.287842,0.898024,0.099884,384.119995,3535.000000
3543.000000,-187.940079,0.241211,0.093499,0.937988,0.290039,0.899600,0.103051,458.190002,3521.000000
3544.000000,-187.976883,0.241699,0.093864,0.937256,0.291260,0.898409,0.103588,477.220001,3548.000000
3545.000000,-202.499054,0.248291,0.097089,0.940430,0.297607,0.901507,0.106565,519.989990,3526.000000
3546.000000,-171.386765,0.250244,0.098556,0.938965,0.298828,0.900947,0.107918,417.690002,3520.000000
3547.000000,-167.209045,0.248779,0.097663,0.937256,0.299072,0.899089,0.107723,418.100006,3531.000000
3548.000000,-175.831650,0.247070,0.096553,0.934570,0.296143,0.897039,0.105169,445.959991,3506.000000
3549.000000,-195.555252,0.248535,0.097770,0.934082,0.298828,0.897348,0.107068,485.899994,3529.000000
3550.000000,-175.231308,0.248779,0.098417,0.933838,0.299072,0.897326,0.107817,444.709991,3531.000000
3551.000000,-185.296875,0.248291,0.097260,0.935547,0.298340,0.899200,0.105889,471.859985,3504.000000
3552.000000,-190.636917,0.250000,0.096729,0.939453,0.300049,0.902765,0.105331,477.989990,3530.000000
3553.000000,-173.586746,0.250977,0.098550,0.937500,0.299561,0.900728,0.106372,433.079987,3557.000000
3554.000000,-173.742599,0.250488,0.097769,0.938965,0.298828,0.902088,0.105881,429.899994,3563.000000
3555.000000,-171.039413,0.250244,0.097698,0.936035,0.300537,0.899372,0.107864,440.920013,3555.000000
3556.000000,-170.443939,0.251465,0.099073,0.937012,0.301025,0.900381,0.109299,437.019989,3571.000000
3557.000000,-177.521362,0.250488,0.098622,0.934814,0.300049,0.898545,0.109310,440.390015,3557.000000
3558.000000,-197.172684,0.251709,0.099623,0.932861,0.300049,0.896288,0.109236,502.339996,3567.000000
3559.000000,-173.893387,0.248779,0.098240,0.934326,0.298340,0.898000,0.109485,438.559998,3552.000000
3560.000000,-194.613754,0.249756,0.097479,0.938721,0.297119,0.902259,0.106719,496.089996,3568.000000
3561.000000,-173.443100,0.249268,0.095658,0.938965,0.298096,0.901893,0.106023,439.380005,3547.000000
3562.000000,-167.967300,0.247070,0.093617,0.939697,0.296631,0.902417,0.104363,427.910004,3534.000000
3563.000000,-177.200714,0.248291,0.095944,0.937012,0.297607,0.899569,0.106587,452.230011,3549.000000
3564.000000,-177.798126,0.245361,0.096232,0.933350,0.297363,0.895622,0.108697,465.670013,3535.000000
3565.000000,-168.564682,0.248291,0.098339,0.930664,0.298828,0.894235,0.109217,416.910004,3555.000000
3566.000000,-177.378311,0.245605,0.095082,0.930664,0.297119,0.894301,0.107115,451.910004,3557.000000
3567.000000,-180.838608,0.246094,0.094448,0.929932,0.297852,0.893359,0.106678,464.480011,3550.000000
3568.000000,-182.800369,0.245605,0.094376,0.928711,0.296143,0.892997,0.105991,448.790009,3566.000000
3569.000000,-172.422089,0.239990,0.090330,0.927979,0.290527,0.892938,0.101179,406.899994,3554.000000
3570.000000,-169.212158,0.237793,0.089518,0.927002,0.288574,0.892811,0.101063,428.000000,3562.000000
3571.000000,-189.469818,0.238037,0.090354,0.932129,0.288818,0.897795,0.102037,473.920013,3551.000000
3572.000000,-198.669388,0.241455,0.093756,0.938721,0.291992,0.903767,0.104678,497.250000,3540.000000
3573.000000,-174.400513,0.241455,0.093562,0.939697,0.292480,0.904516,0.104965,425.869995,3561.000000
3574.000000,-178.054413,0.243652,0.094430,0.939453,0.293945,0.903958,0.105097,444.790009,3549.000000
3575.000000,-198.027725,0.245605,0.094365,0.936768,0.296631,0.901711,0.106022,501.029999,3549.000000
3576.000000,-172.502457,0.247314,0.094833,0.937012,0.297852,0.901615,0.106181,439.690002,3559.000000
3577.000000,-158.951523,0.247803,0.093995,0.936035,0.297363,0.900791,0.104499,399.230011,3541.000000
3578.000000,-187.756729,0.246338,0.093893,0.932129,0.296875,0.896300,0.105743,473.529999,3562.000000
3579.000000,-187.983093,0.248291,0.093525,0.931396,0.297852,0.895399,0.105146,481.760010,3554.000000
3580.000000,-193.093796,0.251465,0.095390,0.927734,0.300049,0.892444,0.106786,487.829987,3556.000000
3581.000000,-187.816650,0.253906,0.095442,0.931396,0.302979,0.895646,0.106852,468.589996,3562.000000
3582.000000,-177.906906,0.253174,0.095421,0.932861,0.300537,0.897015,0.105155,445.079987,3548.000000
3583.000000,-163.500961,0.250732,0.092775,0.932617,0.298340,0.897499,0.102516,420.820007,3561.000000
3584.000000,-160.458908,0.251953,0.093017,0.933105,0.300781,0.898017,0.103816,410.040009,3553.000000
3585.000000,-159.237930,0.256348,0.097956,0.934082,0.304443,0.898385,0.107698,400.640015,3447.000000
3586.000000,-189.301331,0.257080,0.097980,0.935547,0.305420,0.899887,0.107822,467.279999,3544.000000
3587.000000,-194.397049,0.255615,0.096645,0.936035,0.302979,0.899761,0.105898,475.320007,3562.000000
3588.000000,-213.944672,0.257568,0.096417,0.938232,0.306885,0.901265,0.107294,541.539978,3567.000000
3589.000000,-176.870834,0.254883,0.094144,0.938232,0.303223,0.900237,0.104168,443.549988,3574.000000
3590.000000,-176.008270,0.255859,0.094831,0.939453,0.305420,0.901402,0.105718,440.420013,3552.000000
3591.000000,-176.892227,0.255127,0.095103,0.936523,0.304932,0.898293,0.106757,447.519989,3567.000000
3592.000000,-176.885681,0.253418,0.092607,0.937500,0.303223,0.898656,0.104115,453.260010,3554.000000
3593.000000,-176.669464,0.253174,0.092630,0.936523,0.304199,0.897563,0.105453,439.269989,3559.000000
3594.000000,-180.527466,0.254639,0.093432,0.941895,0.305420,0.902881,0.105388,445.489990,3568.000000
3595.000000,-155.644714,0.250732,0.091646,0.939209,0.300537,0.900053,0.102917,380.700012,3565.000000
3596.000000,-171.974533,0.247314,0.090680,0.935303,0.298096,0.896445,0.102491,441.640015,3543.000000
3597.000000,-170.073532,0.250977,0.096006,0.937012,0.300781,0.897005,0.106554,421.799988,3554.000000
3598.000000,-174.047211,0.248535,0.094419,0.932129,0.297852,0.892652,0.105498,449.670013,3552.000000
3599.000000,-184.403275,0.248535,0.094151,0.934326,0.298096,0.894463,0.104858,467.250000,3537.000000
3600.000000,-176.122086,0.244629,0.092787,0.927002,0.294189,0.888453,0.102643,440.510010,3555.000000
3601.000000,-168.538193,0.242920,0.092867,0.923828,0.293213,0.886160,0.103258,418.579987,3553.000000
3602.000000,-165.430923,0.244141,0.093682,0.923828,0.295898,0.886555,0.105835,420.750000,3551.000000
3603.000000,-187.872818,0.241455,0.092223,0.925049,0.292236,0.888811,0.103170,474.420013,3541.000000
3604.000000,-178.675186,0.238770,0.090679,0.929199,0.289551,0.892578,0.101610,448.880005,3569.000000
3605.000000,-169.815231,0.238281,0.090549,0.928711,0.288574,0.892325,0.100851,420.049988,3572.000000
3606.000000,-179.650070,0.239258,0.091337,0.929932,0.290039,0.893333,0.101779,463.179993,3555.000000
3607.000000,-178.541687,0.235840,0.089660,0.927002,0.288086,0.889992,0.101044,453.040009,3554.000000
3608.000000,-181.944519,0.234131,0.087841,0.926758,0.288086,0.888794,0.100467,446.850006,3548.000000
3609.000000,-159.146439,0.234131,0.089628,0.927979,0.287842,0.889978,0.101379,409.130005,3547.000000
3610.000000,-166.680954,0.233398,0.087799,0.925049,0.287598,0.886988,0.100111,416.859985,3551.000000
3611.000000,-171.605026,0.235840,0.088216,0.926025,0.288086,0.888832,0.098712,424.170013,3555.000000
3612.000000,-181.498123,0.239746,0.089385,0.931396,0.292725,0.894346,0.100660,451.019989,3535.000000
3613.000000,-174.499664,0.240967,0.089591,0.935303,0.294189,0.897957,0.100440,440.399994,3554.000000
3614.000000,-187.317337,0.246582,0.091029,0.940186,0.299561,0.902781,0.101275,473.850006,3562.000000
3615.000000,-179.579514,0.246826,0.089581,0.936523,0.300049,0.899508,0.099775,455.549988,3559.000000
3616.000000,-158.289154,0.247070,0.089434,0.936768,0.299316,0.900884,0.098739,391.220001,3551.000000
3617.000000,-164.695724,0.251465,0.092205,0.939209,0.302002,0.903321,0.100142,404.140015,3557.000000
3618.000000,-172.266708,0.251465,0.093213,0.936279,0.302734,0.900849,0.103105,428.190002,3562.000000
3619.000000,-171.778488,0.251709,0.093553,0.939941,0.302490,0.903581,0.102858,429.540009,3559.000000
3620.000000,-189.242554,0.250488,0.093497,0.935059,0.301514,0.898931,0.103458,470.130005,3562.000000
3621.000000,-170.749329,0.251953,0.097228,0.938721,0.302002,0.903605,0.106917,420.420013,3545.000000
3622.000000,-163.980530,0.250732,0.095511,0.937744,0.302979,0.902240,0.106915,399.279999,3556.000000
3623.000000,-175.112427,0.248047,0.093911,0.937256,0.300537,0.901954,0.105672,438.209991,3558.000000
3624.000000,-178.364120,0.248779,0.094275,0.936523,0.301514,0.900970,0.105619,446.700012,3550.000000
3625.000000,-166.596970,0.251953,0.096564,0.935547,0.304443,0.899158,0.107293,410.649994,3547.000000
3626.000000,-173.042099,0.253174,0.097117,0.937744,0.304932,0.900640,0.106804,426.579987,3553.000000
3627.000000,-166.875916,0.250732,0.095591,0.936768,0.299316,0.900258,0.102905,416.010010,3558.000000
3628.000000,-172.343704,0.251221,0.095598,0.936523,0.301514,0.900693,0.104479,425.880005,3564.000000
3629.000000,-164.573273,0.250244,0.096787,0.934570,0.299805,0.898874,0.105049,409.160004,3562.000000
3630.000000,-182.609665,0.255127,0.097650,0.937744,0.305908,0.901414,0.107032,457.649994,3555.000000
3631.000000,-194.605148,0.256592,0.097944,0.938232,0.307861,0.901742,0.107614,489.750000,3555.000000
3632.000000,-170.403214,0.258057,0.100448,0.937500,0.308350,0.900472,0.109592,426.700012,3558.000000
3633.000000,-184.471924,0.256104,0.095521,0.934082,0.306641,0.897233,0.105196,467.109985,3555.000000
3634.000000,-186.309586,0.253906,0.093941,0.933594,0.305176,0.896552,0.103627,469.029999,3552.000000
3635.000000,-175.763916,0.253174,0.095395,0.933105,0.306152,0.895959,0.106378,453.079987,3553.000000
3636.000000,-183.971466,0.253174,0.094735,0.934326,0.307373,0.897525,0.107137,468.670013,3552.000000
3637.000000,-191.932358,0.251465,0.093555,0.932617,0.304443,0.895692,0.105314,481.809998,3546.000000
3638.000000,-173.240860,0.252686,0.094722,0.933594,0.304932,0.896266,0.105944,425.239990,3570.000000
3639.000000,-184.659348,0.248047,0.091897,0.929443,0.299561,0.893109,0.101811,450.399994,3534.000000
3640.000000,-185.756226,0.248291,0.091339,0.933350,0.299316,0.897212,0.101128,461.989990,3487.000000
3641.000000,-176.204620,0.246582,0.091819,0.930176,0.297363,0.895105,0.102002,446.690002,3505.000000
3642.000000,-171.915405,0.248291,0.093299,0.929443,0.300293,0.894982,0.104742,431.779999,3520.000000
3643.000000,-199.333496,0.253174,0.096562,0.931396,0.303467,0.897272,0.106545,506.579987,3506.000000
3644.000000,-181.990936,0.254395,0.097748,0.935547,0.303467,0.901713,0.106741,463.359985,3519.000000
3645.000000,-177.854507,0.255859,0.099020,0.936279,0.305664,0.903154,0.109051,448.119995,3510.000000
3646.000000,-159.422974,0.255371,0.098540,0.937744,0.305664,0.903590,0.108731,413.450012,3511.000000
3647.000000,-153.402878,0.257812,0.100914,0.935059,0.306396,0.901325,0.109399,389.399994,3527.000000
3648.000000,-172.250473,0.259766,0.100825,0.936035,0.309082,0.901693,0.109918,430.790009,3510.000000
3649.000000,-211.484482,0.257080,0.099117,0.930664,0.305908,0.896609,0.107802,521.559998,3408.000000
3650.000000,-192.184097,0.257324,0.099171,0.934326,0.306396,0.898678,0.108030,486.380005,3511.000000
3651.000000,-162.551270,0.254883,0.096110,0.932861,0.304199,0.896685,0.105001,414.739990,3502.000000
3652.000000,-164.284424,0.251221,0.094172,0.931641,0.300537,0.895338,0.103381,420.010010,3524.000000
3653.000000,-175.243912,0.250244,0.092872,0.933594,0.299561,0.896919,0.102078,451.369995,3518.000000
3654.000000,-191.176147,0.247803,0.091505,0.932373,0.299072,0.895500,0.103136,482.609985,3525.000000
3655.000000,-172.712357,0.248047,0.093175,0.932129,0.296143,0.895945,0.102043,421.269989,3501.000000
3656.000000,-184.531403,0.243408,0.089508,0.929688,0.291992,0.893975,0.099018,467.250000,3508.000000
3657.000000,-184.581512,0.245117,0.092475,0.931641,0.293945,0.896776,0.101834,459.260010,3521.000000
3658.000000,-166.055771,0.244141,0.092360,0.931641,0.293213,0.897048,0.101843,412.429993,3533.000000
3659.000000,-185.548828,0.245117,0.092573,0.933594,0.292480,0.898776,0.101109,467.709991,3510.000000
3660.000000,-172.214203,0.248779,0.094769,0.934570,0.297363,0.899094,0.104872,429.140015,3510.000000
3661.000000,-167.897522,0.248291,0.094329,0.936279,0.295410,0.901363,0.103068,421.470001,3515.000000
3662.000000,-152.525223,0.250244,0.094385,0.938232,0.297607,0.902468,0.103059,374.730011,3483.000000
3663.000000,-177.638107,0.252930,0.094277,0.940918,0.299316,0.905064,0.101810,431.799988,3483.000000
3664.000000,-185.307037,0.251709,0.093215,0.936768,0.299072,0.901078,0.101116,469.570007,3475.000000
3665.000000,-180.340698,0.250244,0.092597,0.932373,0.298828,0.896216,0.101789,449.839996,3491.000000
3666.000000,-168.101044,0.249268,0.093802,0.930664,0.297119,0.895001,0.102685,409.309998,3504.000000
3667.000000,-197.335175,0.248291,0.093093,0.925293,0.297119,0.889527,0.103014,493.670013,3517.000000
3668.000000,-167.317764,0.248047,0.095014,0.924561,0.297607,0.888024,0.105925,427.920013,3510.000000
3669.000000,-159.232407,0.246094,0.094705,0.924072,0.295166,0.887009,0.105222,410.519989,3513.000000
3670.000000,-177.574890,0.246582,0.098164,0.923096,0.294678,0.886004,0.108727,443.220001,3509.000000
3671.000000,-163.617569,0.245361,0.096922,0.925781,0.294678,0.889282,0.108317,414.299988,3506.000000
3672.000000,-156.738632,0.245361,0.097008,0.931396,0.294189,0.893825,0.107746,391.799988,3530.000000
3673.000000,-186.226334,0.246094,0.096285,0.932617,0.296387,0.895135,0.107793,463.010010,3523.000000
3674.000000,-176.421906,0.250244,0.097979,0.934326,0.299316,0.897448,0.109205,438.869995,3509.000000
3675.000000,-159.218643,0.248535,0.096314,0.932861,0.296387,0.896357,0.106963,394.279999,3509.000000
3676.000000,-163.159760,0.251465,0.098057,0.934082,0.298828,0.896591,0.108335,402.510010,3520.000000
3677.000000,-164.319290,0.253418,0.097714,0.938477,0.298340,0.900918,0.105654,424.670013,3509.000000
3678.000000,-191.100098,0.254150,0.097667,0.935791,0.299072,0.898570,0.105484,484.720001,3519.000000
3679.000000,-174.728592,0.257568,0.098317,0.941406,0.303223,0.904256,0.106970,437.049988,3524.000000
3680.000000,-154.333679,0.261719,0.100408,0.941162,0.307129,0.904071,0.109019,393.929993,3515.000000
3681.000000,-173.899063,0.257568,0.098806,0.937256,0.302979,0.899913,0.107591,435.660004,3515.000000
3682.000000,-186.402451,0.257812,0.098666,0.932373,0.305176,0.894828,0.110100,463.910004,3508.000000
3683.000000,-196.754547,0.260254,0.101790,0.928467,0.308105,0.892038,0.114099,487.470001,3510.000000
3684.000000,-180.699295,0.262451,0.105197,0.931396,0.306641,0.895429,0.114433,450.989990,3518.000000
3685.000000,-170.399475,0.261475,0.102602,0.933350,0.306641,0.896574,0.113359,433.700012,3522.000000
3686.000000,-170.959717,0.261719,0.103214,0.935303,0.308350,0.897978,0.114988,430.600006,3517.000000
3687.000000,-183.385635,0.262939,0.104655,0.935547,0.310303,0.898549,0.116510,461.309998,3520.000000
3688.000000,-205.160385,0.263672,0.101647,0.938232,0.310547,0.900911,0.113665,512.520020,3506.000000
3689.000000,-190.380646,0.268311,0.102541,0.937744,0.316406,0.900261,0.114777,478.049988,3520.000000
3690.000000,-187.688065,0.274414,0.105819,0.941650,0.322266,0.903394,0.117516,475.119995,3501.000000
3691.000000,-171.186920,0.269043,0.102501,0.935303,0.316895,0.897882,0.113795,436.209991,3502.000000
3692.000000,-200.472641,0.270020,0.102031,0.933594,0.316895,0.895740,0.112333,514.130005,3517.000000
3693.000000,-175.674179,0.266602,0.100550,0.931152,0.314453,0.892653,0.110932,450.420013,3532.000000
3694.000000,-173.796158,0.263184,0.099839,0.929688,0.311523,0.891848,0.109943,425.540009,3523.000000
3695.000000,-177.379288,0.260498,0.098464,0.932373,0.310303,0.893644,0.109084,461.290009,3520.000000
3696.000000,-179.020920,0.261475,0.098518,0.934570,0.312256,0.895811,0.110107,455.790009,3507.000000
3697.000000,-170.714951,0.259521,0.098665,0.931885,0.309082,0.893226,0.108963,424.920013,3513.000000
3698.000000,-176.682190,0.261230,0.100202,0.932373,0.313477,0.893483,0.112509,447.660004,3508.000000
3699.000000,-150.208450,0.260010,0.102319,0.932617,0.312744,0.893848,0.114426,377.899994,3471.000000
3700.000000,-159.754639,0.260742,0.101077,0.933350,0.312744,0.894341,0.112880,398.640015,3414.000000
3701.000000,-177.542419,0.257812,0.098487,0.931152,0.309570,0.893015,0.110641,438.140015,3423.000000
3702.000000,-181.696716,0.259277,0.099053,0.932617,0.312256,0.894565,0.112697,451.230011,3422.000000
3703.000000,-169.838455,0.259277,0.097387,0.929199,0.309814,0.890923,0.108773,415.570007,3400.000000
3704.000000,-173.739349,0.258057,0.096990,0.926514,0.307617,0.888895,0.108177,439.529999,3426.000000
3705.000000,-196.176605,0.256592,0.094708,0.922363,0.305908,0.885330,0.106400,481.359985,3429.000000
3706.000000,-177.894791,0.256104,0.093975,0.922852,0.305908,0.886080,0.106256,436.940002,3406.000000
3707.000000,-164.686127,0.253418,0.093947,0.924072,0.302246,0.887329,0.104776,417.359985,3392.000000
3708.000000,-164.771271,0.254395,0.094566,0.927002,0.303955,0.890727,0.106236,413.510010,3415.000000
3709.000000,-169.775604,0.253662,0.094857,0.927246,0.303223,0.890201,0.106490,422.769989,3402.000000
3710.000000,-182.083069,0.251953,0.092239,0.932129,0.302002,0.895392,0.103905,454.540009,3463.000000
3711.000000,-177.624741,0.252930,0.093435,0.932861,0.303711,0.895208,0.104992,444.609985,3470.000000
3712.000000,-167.175385,0.254395,0.095782,0.932861,0.305176,0.895027,0.107689,430.559998,3482.000000
3713.000000,-164.655746,0.256104,0.097106,0.934082,0.305908,0.895784,0.108307,419.440002,3390.000000
3714.000000,-159.769821,0.249756,0.094689,0.930908,0.301025,0.892923,0.106603,383.019989,3470.000000
3715.000000,-143.581970,0.247070,0.093817,0.928467,0.299072,0.890611,0.105517,359.079987,3438.000000
3716.000000,-163.589767,0.250244,0.096441,0.928467,0.301270,0.890517,0.106571,414.700012,3481.000000
3717.000000,-156.906860,0.251953,0.098954,0.930176,0.301514,0.893421,0.108286,383.130005,3454.000000
3718.000000,-173.465866,0.252930,0.099701,0.929199,0.302002,0.892826,0.108963,422.250000,3473.000000
3719.000000,-169.941498,0.256592,0.103272,0.932373,0.305908,0.894743,0.112559,440.359985,3474.000000
3720.000000,-169.620499,0.258057,0.102399,0.940186,0.307129,0.902084,0.111098,439.660004,3453.000000
3721.000000,-188.088516,0.257080,0.102715,0.935791,0.306885,0.897425,0.112577,473.160004,3470.000000
3722.000000,-185.382874,0.257812,0.101101,0.936768,0.306641,0.897215,0.110085,456.899994,3460.000000
3723.000000,-187.148422,0.257324,0.100880,0.930908,0.307861,0.891071,0.110781,469.959991,3466.000000
3724.000000,-169.122406,0.259766,0.102198,0.929932,0.309082,0.889826,0.111598,428.799988,3474.000000
3725.000000,-188.871002,0.258301,0.100504,0.927002,0.308105,0.887096,0.110891,476.019989,3465.000000
3726.000000,-176.119186,0.261230,0.102743,0.930176,0.309326,0.889861,0.112709,451.190002,3459.000000
3727.000000,-191.473114,0.259766,0.102454,0.927734,0.308105,0.887790,0.112285,482.549988,3441.000000
3728.000000,-174.620529,0.259521,0.104389,0.929688,0.309326,0.889733,0.114827,443.829987,3445.000000
3729.000000,-165.922974,0.261963,0.105515,0.934326,0.312256,0.893381,0.116325,422.390015,3440.000000
3730.000000,-182.028778,0.260742,0.104555,0.933594,0.310791,0.893607,0.114532,459.660004,3520.000000
3731.000000,-173.454727,0.263672,0.104945,0.937744,0.312256,0.897735,0.113661,447.179993,3512.000000
3732.000000,-171.739929,0.262939,0.103565,0.932861,0.312744,0.893582,0.114445,440.119995,3526.000000
3733.000000,-187.112091,0.267822,0.104613,0.936523,0.317383,0.897292,0.115359,466.920013,3510.000000
3734.000000,-166.621567,0.265869,0.103763,0.932129,0.316162,0.892664,0.114706,432.399994,3516.000000
3735.000000,-181.659302,0.265137,0.102311,0.928223,0.313721,0.889305,0.111460,459.149994,3510.000000
3736.000000,-164.564178,0.264893,0.101900,0.928467,0.315186,0.890210,0.112662,404.970001,3526.000000
3737.000000,-165.757751,0.263916,0.101090,0.926514,0.315186,0.888247,0.112589,419.609985,3519.000000
3738.000000,-170.528000,0.262695,0.100530,0.928223,0.312988,0.889553,0.111012,434.089996,3515.000000
3739.000000,-168.414261,0.263672,0.100947,0.932129,0.313477,0.892314,0.110840,431.089996,3521.000000
3740.000000,-166.447845,0.262939,0.099441,0.932373,0.312988,0.892670,0.110233,405.149994,3533.000000
3741.000000,-154.202072,0.266113,0.102611,0.934082,0.317627,0.893652,0.114709,381.230011,3505.000000
3742.000000,-158.141327,0.261475,0.100183,0.930664,0.309082,0.890137,0.108841,395.399994,3514.000000
3743.000000,-160.703995,0.260498,0.102196,0.926025,0.307373,0.886200,0.110327,407.339996,3504.000000
3744.000000,-159.133881,0.255859,0.098079,0.924561,0.302979,0.883910,0.106900,399.529999,3498.000000
3745.000000,-179.459213,0.258057,0.100194,0.930908,0.303955,0.890571,0.108113,442.070007,3512.000000
3746.000000,-166.935989,0.257324,0.099742,0.934326,0.305420,0.894530,0.109498,416.670013,3505.000000
3747.000000,-161.898972,0.259033,0.099919,0.933838,0.305176,0.894384,0.108207,397.839996,3522.000000
3748.000000,-174.204300,0.260498,0.100560,0.935791,0.307373,0.896306,0.109357,442.640015,3511.000000
3749.000000,-182.813797,0.266357,0.104978,0.933350,0.312744,0.893979,0.113799,457.630005,3501.000000
3750.000000,-161.835983,0.266846,0.106108,0.931885,0.315674,0.892231,0.117203,398.869995,3507.000000
3751.000000,-180.647400,0.262207,0.103156,0.924561,0.310547,0.884610,0.113902,453.920013,3497.000000
3752.000000,-172.718918,0.265625,0.103347,0.926025,0.315674,0.885885,0.115693,442.630005,3521.000000
3753.000000,-175.730942,0.264404,0.102207,0.926025,0.313232,0.886293,0.112963,445.200012,3524.000000
3754.000000,-169.285309,0.263184,0.099743,0.928467,0.312256,0.887987,0.110753,430.450012,3520.000000
3755.000000,-176.478500,0.261230,0.097396,0.926758,0.309570,0.886951,0.107709,447.630005,3503.000000
3756.000000,-192.579895,0.260254,0.095490,0.927734,0.310059,0.887707,0.107070,481.250000,3505.000000
3757.000000,-179.159561,0.259277,0.094859,0.928467,0.307861,0.888810,0.105298,444.679993,3514.000000
3758.000000,-172.612991,0.257080,0.093392,0.928711,0.304932,0.889042,0.103613,432.250000,3499.000000
3759.000000,-180.774246,0.255127,0.091703,0.922363,0.303711,0.882359,0.101643,473.940002,3517.000000
3760.000000,-187.539459,0.257568,0.091731,0.924805,0.308350,0.884539,0.103798,480.959991,3525.000000
3761.000000,-165.190231,0.259766,0.093128,0.927002,0.310547,0.886564,0.104831,417.959991,3516.000000
3762.000000,-199.674973,0.260742,0.093816,0.924805,0.310547,0.885915,0.104707,493.799988,3503.000000
3763.000000,-174.450714,0.257568,0.093514,0.924072,0.308838,0.884994,0.105658,430.799988,3522.000000
3764.000000,-166.921906,0.258545,0.095162,0.925293,0.308350,0.885604,0.106073,418.269989,3498.000000
3765.000000,-164.028519,0.258057,0.094836,0.929688,0.308838,0.889673,0.106079,412.209991,3524.000000
3766.000000,-167.958511,0.256592,0.095885,0.921875,0.308105,0.883108,0.107177,416.480011,3500.000000
3767.000000,-182.799103,0.255615,0.095036,0.925537,0.307129,0.888053,0.106397,438.540009,3507.000000
3768.000000,-162.105286,0.251953,0.093985,0.926758,0.302246,0.888774,0.104587,398.640015,3512.000000
3769.000000,-171.095261,0.251709,0.093690,0.928467,0.301514,0.890342,0.103607,423.350006,3500.000000
3770.000000,-173.988190,0.253662,0.095147,0.931152,0.305664,0.892207,0.107565,434.029999,3521.000000
3771.000000,-157.916687,0.251953,0.093920,0.928955,0.304199,0.889906,0.106368,396.739990,3511.000000
3772.000000,-174.281815,0.249756,0.092562,0.932129,0.302979,0.892353,0.105196,436.890015,3509.000000
3773.000000,-171.068069,0.247559,0.091952,0.930908,0.300781,0.891411,0.104026,439.190002,3466.000000
3774.000000,-194.647110,0.245117,0.090805,0.928711,0.297119,0.888617,0.102019,495.119995,3507.000000
3775.000000,-174.344116,0.245850,0.092813,0.928223,0.298584,0.888223,0.104508,423.839996,3521.000000
3776.000000,-190.931793,0.250977,0.095522,0.933350,0.302002,0.893390,0.106305,463.380005,3504.000000
3777.000000,-182.013306,0.253418,0.097571,0.935059,0.304443,0.894612,0.108130,462.489990,3430.000000
3778.000000,-175.898285,0.255371,0.098886,0.940186,0.306641,0.899427,0.109466,437.160004,3497.000000
3779.000000,-163.875504,0.253662,0.098687,0.937988,0.304932,0.895931,0.108959,410.980011,3503.000000
3780.000000,-182.891235,0.255371,0.098287,0.933594,0.309326,0.892227,0.111114,471.369995,3501.000000
3781.000000,-187.587662,0.253906,0.097513,0.929932,0.306152,0.888220,0.109059,468.750000,3508.000000
3782.000000,-176.571655,0.252197,0.097220,0.926025,0.302979,0.885775,0.107581,440.500000,3519.000000
3783.000000,-175.466064,0.252441,0.097286,0.924072,0.304688,0.884089,0.109148,442.230011,3513.000000
3784.000000,-159.970688,0.251953,0.097328,0.930420,0.303223,0.890987,0.108248,407.589996,3508.000000
3785.000000,-160.417709,0.253418,0.097766,0.934814,0.304199,0.895590,0.107921,400.239990,3514.000000
3786.000000,-166.187958,0.252686,0.099064,0.935547,0.304443,0.897324,0.110381,415.540009,3477.000000
3787.000000,-149.740173,0.253174,0.099872,0.936768,0.303467,0.898738,0.110090,371.209991,3431.000000
3788.000000,-154.595276,0.250732,0.096460,0.937744,0.301758,0.898991,0.106956,385.329987,3460.000000
3789.000000,-137.799362,0.252197,0.097042,0.939209,0.303711,0.900346,0.107631,338.410004,3508.000000
3790.000000,-170.185776,0.253906,0.098962,0.939209,0.302734,0.900870,0.107395,431.950012,3500.000000
3791.000000,-170.951294,0.250977,0.095728,0.935059,0.300781,0.897180,0.104550,430.700012,3506.000000
3792.000000,-173.000275,0.254639,0.099049,0.935303,0.305176,0.897023,0.108301,423.850006,3511.000000
3793.000000,-195.140594,0.254639,0.098330,0.939697,0.305664,0.901099,0.107418,479.350006,3473.000000
3794.000000,-166.370880,0.258057,0.102211,0.939697,0.309326,0.900333,0.111648,414.079987,3503.000000
3795.000000,-168.548325,0.257812,0.101469,0.939941,0.309814,0.900192,0.112000,428.959991,3518.000000
3796.000000,-186.913284,0.255371,0.099527,0.935547,0.306641,0.896645,0.109351,466.230011,3517.000000
3797.000000,-171.097900,0.258057,0.100722,0.932861,0.308838,0.893708,0.109567,438.100006,3511.000000
3798.000000,-191.828964,0.258057,0.099588,0.934326,0.310303,0.896019,0.109304,477.880005,3529.000000
3799.000000,-164.680313,0.253174,0.097815,0.928223,0.305664,0.889689,0.107276,402.690002,3515.000000
3800.000000,-170.840637,0.251709,0.099039,0.924561,0.301514,0.885857,0.107176,431.220001,3511.000000
3801.000000,-178.060196,0.251953,0.099625,0.925537,0.304199,0.886495,0.110068,447.660004,3510.000000
3802.000000,-163.957092,0.249756,0.099894,0.925781,0.303711,0.887258,0.112011,404.730011,3510.000000
3803.000000,-185.753036,0.255371,0.103360,0.931396,0.309326,0.891927,0.115676,464.279999,3505.000000
3804.000000,-185.256485,0.257324,0.103533,0.935791,0.310059,0.895937,0.114264,464.690002,3510.000000
3805.000000,-169.876343,0.258301,0.101835,0.939697,0.311035,0.900265,0.113036,428.519989,3482.000000
3806.000000,-176.910019,0.259277,0.101962,0.941162,0.311523,0.900707,0.112063,463.109985,3496.000000
3807.000000,-162.934906,0.257812,0.100939,0.936279,0.311279,0.895014,0.112000,419.390015,3509.000000
3808.000000,-169.464264,0.252686,0.097116,0.934814,0.306152,0.893721,0.108801,422.829987,3521.000000
3809.000000,-182.820847,0.251709,0.097856,0.925537,0.304199,0.884301,0.109290,468.570007,3490.000000
3810.000000,-155.974411,0.248047,0.095923,0.926758,0.300049,0.886261,0.107164,377.140015,3521.000000
3811.000000,-183.344940,0.251465,0.097723,0.932129,0.302734,0.892335,0.107771,451.839996,3508.000000
3812.000000,-171.371735,0.247314,0.095959,0.929932,0.301025,0.890576,0.108187,432.329987,3515.000000
3813.000000,-197.263199,0.249023,0.096981,0.931152,0.301758,0.891706,0.108103,504.260010,3515.000000
3814.000000,-187.933762,0.245605,0.094068,0.927734,0.299316,0.887983,0.105705,480.820007,3532.000000
3815.000000,-158.754395,0.245605,0.095480,0.928223,0.299316,0.887465,0.106375,403.890015,3525.000000
3816.000000,-180.572067,0.245605,0.095097,0.928467,0.299805,0.887926,0.107505,451.829987,3520.000000
3817.000000,-172.774536,0.243164,0.093694,0.925781,0.299072,0.885451,0.107491,447.470001,3491.000000
3818.000000,-153.678238,0.241455,0.095787,0.924072,0.297607,0.884149,0.109427,381.459991,3536.000000
3819.000000,-158.980011,0.245850,0.098526,0.931885,0.301270,0.892403,0.111079,399.970001,3521.000000
3820.000000,-171.298126,0.246094,0.097987,0.930420,0.302246,0.890926,0.110979,435.309998,3516.000000
3821.000000,-157.806793,0.249512,0.099034,0.939209,0.306152,0.898970,0.112347,396.429993,3511.000000
3822.000000,-167.931854,0.250732,0.099148,0.937500,0.306396,0.897181,0.111230,420.790009,3509.000000
3823.000000,-170.432327,0.249023,0.097303,0.938232,0.304443,0.897842,0.109358,428.029999,3535.000000
3824.000000,-179.038620,0.249268,0.098069,0.935791,0.304932,0.896516,0.110278,441.609985,3506.000000
3825.000000,-183.129944,0.251953,0.098414,0.932373,0.306396,0.893174,0.109883,452.480011,3511.000000
3826.000000,-166.266022,0.251953,0.098192,0.933105,0.303955,0.894203,0.108502,410.279999,3518.000000
3827.000000,-168.295761,0.250977,0.096120,0.932373,0.302246,0.892912,0.105563,418.730011,3510.000000
3828.000000,-196.256775,0.250244,0.096157,0.929199,0.301025,0.889981,0.105718,486.559998,3508.000000
3829.000000,-175.441818,0.249023,0.095385,0.936035,0.299805,0.896680,0.105155,435.609985,3506.000000
3830.000000,-165.256332,0.249023,0.095841,0.934814,0.301025,0.894683,0.106156,418.309998,3522.000000
3831.000000,-177.223877,0.247314,0.094319,0.933105,0.301025,0.892871,0.106644,444.190002,3510.000000
3832.000000,-179.269867,0.249756,0.095625,0.935303,0.301270,0.894801,0.106082,454.059998,3525.000000
3833.000000,-172.085236,0.251709,0.097459,0.935547,0.302734,0.895312,0.108031,432.899994,3519.000000
3834.000000,-168.958389,0.252930,0.097199,0.938721,0.302246,0.898094,0.106587,427.700012,3524.000000
3835.000000,-183.870804,0.251465,0.096342,0.938477,0.301758,0.897265,0.106933,458.570007,3541.000000
3836.000000,-182.849426,0.252197,0.096629,0.936523,0.302490,0.895026,0.106419,451.130005,3548.000000
3837.000000,-202.119217,0.252441,0.095189,0.934570,0.305908,0.893099,0.107594,511.709991,3533.000000
3838.000000,-179.062485,0.250977,0.096051,0.932373,0.305420,0.890950,0.109036,438.190002,3514.000000
3839.000000,-172.118759,0.251465,0.097156,0.933594,0.305176,0.892045,0.108919,415.470001,3509.000000
3840.000000,-168.052032,0.249756,0.094149,0.930420,0.302490,0.889251,0.104553,423.480011,3513.000000
3841.000000,-166.465546,0.248535,0.092930,0.930420,0.302734,0.888754,0.105055,420.170013,3416.000000
3842.000000,-164.334061,0.245117,0.089899,0.930664,0.298096,0.888909,0.101554,413.450012,3509.000000
3843.000000,-170.630341,0.243896,0.088691,0.931641,0.297607,0.889412,0.101247,432.739990,3504.000000
3844.000000,-157.753540,0.245850,0.090520,0.932861,0.298096,0.890216,0.101307,401.760010,3507.000000
3845.000000,-167.362885,0.246582,0.092217,0.934082,0.297607,0.891402,0.102200,425.850006,3514.000000
3846.000000,-156.173813,0.241455,0.090089,0.929199,0.295166,0.886291,0.102107,405.239990,3520.000000
3847.000000,-169.703400,0.242432,0.090933,0.933350,0.296631,0.890789,0.102789,440.690002,3513.000000
3848.000000,-183.583298,0.244385,0.091722,0.932617,0.299072,0.889635,0.104078,470.290009,3488.000000
3849.000000,-179.138962,0.246338,0.090090,0.937012,0.301025,0.893808,0.102497,457.559998,3500.000000
3850.000000,-167.121445,0.244141,0.089537,0.938721,0.297607,0.895681,0.101226,423.940002,3502.000000
3851.000000,-157.427292,0.241943,0.089796,0.934326,0.295166,0.891616,0.101546,407.989990,3506.000000
3852.000000,-174.988754,0.242920,0.092314,0.927002,0.295654,0.884786,0.103990,438.179993,3494.000000
3853.000000,-180.130905,0.245605,0.093339,0.931152,0.297852,0.889751,0.103800,451.970001,3504.000000
3854.000000,-162.850006,0.239502,0.089132,0.935059,0.293213,0.892878,0.101364,397.730011,3500.000000
3855.000000,-154.379120,0.241943,0.090345,0.936523,0.292236,0.893976,0.100561,391.130005,3485.000000
3856.000000,-181.142288,0.244141,0.091684,0.937012,0.295410,0.895013,0.103222,447.320007,3502.000000
3857.000000,-174.010712,0.245605,0.091659,0.939941,0.298340,0.896984,0.104107,428.790009,3497.000000
3858.000000,-171.917038,0.244141,0.091069,0.936523,0.296387,0.893605,0.103231,426.500000,3493.000000
3859.000000,-151.569702,0.242188,0.091684,0.931885,0.294189,0.889363,0.103476,371.750000,3479.000000
3860.000000,-153.180176,0.241699,0.091988,0.931885,0.293701,0.889082,0.103612,388.540009,3492.000000
3861.000000,-183.242218,0.241699,0.090291,0.936523,0.294922,0.893677,0.102914,454.820007,3509.000000
3862.000000,-179.903931,0.242432,0.090982,0.938721,0.294678,0.895716,0.102739,441.899994,3491.000000
3863.000000,-165.404968,0.242188,0.090255,0.939453,0.295654,0.895718,0.103613,416.480011,3534.000000
3864.000000,-157.367722,0.240723,0.088437,0.940186,0.294189,0.896715,0.102303,394.700012,3478.000000
3865.000000,-166.835464,0.237305,0.086702,0.936035,0.291016,0.892093,0.100564,416.500000,3503.000000
3866.000000,-174.762955,0.238525,0.089227,0.935059,0.290771,0.890490,0.101864,430.000000,3506.000000
3867.000000,-169.622345,0.238037,0.090399,0.936035,0.291748,0.891599,0.104698,425.170013,3525.000000
3868.000000,-197.351913,0.236816,0.090118,0.934082,0.290283,0.889621,0.103671,507.279999,3512.000000
3869.000000,-168.048691,0.234375,0.089637,0.930664,0.286621,0.887250,0.101657,419.269989,3505.000000
3870.000000,-177.266357,0.238037,0.090049,0.936768,0.291016,0.892871,0.102370,449.519989,3523.000000
3871.000000,-175.993027,0.239258,0.091962,0.936035,0.292725,0.892487,0.104613,441.529999,3503.000000
3872.000000,-171.923538,0.242188,0.093105,0.940674,0.295410,0.896924,0.104828,427.700012,3505.000000
3873.000000,-164.430832,0.241455,0.091852,0.936768,0.294678,0.893538,0.103409,413.760010,3517.000000
3874.000000,-173.781860,0.238281,0.090162,0.935303,0.292480,0.891799,0.101914,436.529999,3506.000000
3875.000000,-166.043045,0.239258,0.090893,0.934814,0.294434,0.891418,0.103755,410.220001,3536.000000
3876.000000,-202.272064,0.238525,0.090827,0.933594,0.291504,0.890864,0.102651,515.710022,3553.000000
3877.000000,-187.015991,0.241455,0.092905,0.934570,0.294434,0.891105,0.104850,460.130005,3548.000000
3878.000000,-187.955627,0.243164,0.094458,0.933838,0.296875,0.889732,0.106889,464.579987,3536.000000
3879.000000,-179.765472,0.240967,0.092915,0.934326,0.295410,0.889616,0.106103,457.500000,3546.000000
3880.000000,-179.651016,0.240723,0.092820,0.934082,0.295898,0.889842,0.106317,446.209991,3553.000000
3881.000000,-162.912582,0.237305,0.091290,0.929688,0.292725,0.885844,0.104751,411.239990,3561.000000
3882.000000,-179.701187,0.239502,0.092318,0.927979,0.292969,0.884691,0.104304,455.350006,3547.000000
3883.000000,-189.347672,0.241943,0.092583,0.931152,0.294922,0.888472,0.104939,475.459991,3473.000000
3884.000000,-185.280945,0.242676,0.093669,0.932373,0.296875,0.890085,0.106397,458.970001,3451.000000
3885.000000,-181.119064,0.245850,0.096976,0.932129,0.301025,0.889938,0.109300,445.390015,3457.000000
3886.000000,-162.290894,0.248291,0.099638,0.932861,0.301758,0.890898,0.110390,399.739990,3452.000000
3887.000000,-192.764679,0.248047,0.098478,0.930908,0.300049,0.888946,0.107785,485.540009,3475.000000
3888.000000,-183.469803,0.248535,0.098456,0.931396,0.300049,0.889329,0.108406,464.190002,3486.000000
3889.000000,-183.672165,0.248535,0.097403,0.929932,0.299316,0.887930,0.106591,459.500000,3491.000000
3890.000000,-190.002441,0.246826,0.094202,0.930664,0.297363,0.888307,0.103890,478.209991,3527.000000
3891.000000,-191.283142,0.244873,0.092646,0.932861,0.293701,0.890778,0.101188,471.609985,3539.000000
3892.000000,-196.947784,0.246094,0.093533,0.932129,0.295166,0.889725,0.102360,494.869995,3502.000000
3893.000000,-201.040283,0.243896,0.091430,0.935791,0.291016,0.893527,0.099249,513.900024,3519.000000
3894.000000,-183.979156,0.247314,0.093874,0.935547,0.294678,0.892971,0.102076,444.980011,3511.000000
3895.000000,-189.619995,0.248535,0.094719,0.935547,0.295654,0.892850,0.102590,470.839996,3513.000000
3896.000000,-175.344223,0.247559,0.093922,0.932129,0.294678,0.889761,0.102702,454.540009,3516.000000
3897.000000,-187.036621,0.246826,0.092875,0.929932,0.296631,0.888223,0.103736,476.010010,3500.000000
3898.000000,-191.792862,0.249023,0.094872,0.932617,0.296875,0.890811,0.103214,480.730011,3528.000000
3899.000000,-200.216965,0.251709,0.094446,0.934570,0.299561,0.892561,0.102694,492.019989,3508.000000
3900.000000,-185.579010,0.249023,0.093538,0.930176,0.297119,0.887878,0.102666,477.739990,3513.000000
3901.000000,-183.877625,0.251953,0.097145,0.931396,0.300537,0.889157,0.105897,468.130005,3523.000000
3902.000000,-172.632004,0.254395,0.096803,0.931641,0.303223,0.889096,0.106008,431.350006,3521.000000
3903.000000,-181.542694,0.254150,0.096373,0.938477,0.303223,0.896253,0.106454,448.079987,3518.000000
3904.000000,-183.327621,0.257812,0.101246,0.938965,0.307373,0.897250,0.111622,453.829987,3509.000000
3905.000000,-176.155991,0.257080,0.100964,0.935059,0.305908,0.894190,0.110965,428.220001,3421.000000
3906.000000,-173.767273,0.257812,0.101983,0.931641,0.306885,0.891113,0.111852,423.010010,3499.000000
3907.000000,-167.538055,0.255859,0.100650,0.928223,0.304199,0.888623,0.109956,427.410004,3499.000000
3908.000000,-175.891098,0.253662,0.099841,0.925049,0.301514,0.885486,0.109132,447.429993,3525.000000
3909.000000,-170.467514,0.250977,0.096773,0.925049,0.299805,0.885516,0.107610,436.660004,3513.000000
3910.000000,-176.740479,0.252930,0.099720,0.927490,0.302246,0.887604,0.110927,457.369995,3494.000000
3911.000000,-176.853500,0.256836,0.102781,0.933594,0.305420,0.892703,0.113810,462.010010,3454.000000
3912.000000,-172.256561,0.254883,0.100448,0.934082,0.302246,0.892990,0.110590,430.260010,3476.000000
3913.000000,-150.591156,0.251465,0.099198,0.926270,0.299072,0.885932,0.109669,371.250000,3482.000000
3914.000000,-163.415878,0.255859,0.101029,0.931152,0.302979,0.891228,0.111047,400.170013,3521.000000
3915.000000,-175.429413,0.256592,0.100936,0.933838,0.303223,0.894791,0.110913,424.089996,3525.000000
3916.000000,-186.202988,0.260986,0.102318,0.941650,0.306396,0.902319,0.110914,463.250000,3504.000000
3917.000000,-179.059158,0.263672,0.103144,0.941406,0.309570,0.902351,0.112278,442.470001,3499.000000
3918.000000,-157.526947,0.263916,0.104370,0.941406,0.307617,0.902617,0.111564,398.920013,3505.000000
3919.000000,-163.946365,0.262695,0.103463,0.936035,0.308594,0.897227,0.112364,422.179993,3493.000000
3920.000000,-175.199951,0.263184,0.104449,0.933838,0.309326,0.894788,0.113154,437.570007,3524.000000
3921.000000,-198.893982,0.261230,0.100366,0.933838,0.307861,0.895332,0.109349,498.839996,3519.000000
3922.000000,-193.005676,0.263428,0.100913,0.935303,0.308594,0.896808,0.108256,489.010010,3515.000000
3923.000000,-187.147659,0.262451,0.099887,0.932617,0.306885,0.895271,0.106664,469.839996,3507.000000
3924.000000,-175.835968,0.258301,0.098508,0.926514,0.303467,0.889903,0.106446,444.579987,3502.000000
3925.000000,-193.492447,0.255127,0.095371,0.928223,0.300537,0.891061,0.103384,491.200012,3524.000000
3926.000000,-191.190475,0.257324,0.095991,0.929688,0.303223,0.892658,0.104559,487.380005,3495.000000
3927.000000,-176.488159,0.255371,0.095130,0.933594,0.302002,0.896533,0.105134,447.399994,3529.000000
3928.000000,-167.675064,0.255127,0.095519,0.935547,0.301270,0.898189,0.104398,410.480011,3503.000000
3929.000000,-168.600677,0.259521,0.097388,0.935303,0.306641,0.898651,0.107240,412.850006,3504.000000
3930.000000,-177.638062,0.262695,0.100335,0.936768,0.308838,0.899266,0.108515,450.070007,3495.000000
3931.000000,-181.042252,0.263184,0.099291,0.938477,0.309570,0.900483,0.107407,439.279999,3490.000000
3932.000000,-168.980560,0.260010,0.098293,0.933350,0.309326,0.895265,0.108895,427.070007,3526.000000
3933.000000,-192.171158,0.259277,0.096186,0.931396,0.307861,0.892056,0.105875,484.899994,3521.000000
3934.000000,-181.143661,0.255859,0.093508,0.928467,0.305664,0.889562,0.104389,448.790009,3505.000000
3935.000000,-183.493851,0.257812,0.094339,0.929199,0.308105,0.890192,0.106331,445.910004,3502.000000
3936.000000,-143.094543,0.257324,0.096416,0.928711,0.306641,0.889375,0.107460,358.880005,3517.000000
3937.000000,-171.986252,0.256592,0.096498,0.930908,0.305176,0.891817,0.107037,432.570007,3527.000000
3938.000000,-175.334366,0.256592,0.096594,0.927979,0.306885,0.888302,0.108375,445.179993,3404.000000
3939.000000,-181.901871,0.258789,0.097237,0.927490,0.307373,0.887212,0.107153,456.049988,3455.000000
3940.000000,-181.214127,0.257080,0.095982,0.930176,0.305664,0.889840,0.106556,437.109985,3441.000000
3941.000000,-172.748550,0.254639,0.093075,0.928467,0.302490,0.887564,0.102985,444.260010,3497.000000
3942.000000,-177.527893,0.253418,0.091327,0.926514,0.302979,0.886463,0.101940,454.040009,3516.000000
3943.000000,-181.158203,0.255371,0.093488,0.927246,0.305664,0.886437,0.104853,456.230011,3488.000000
3944.000000,-180.699097,0.257080,0.093452,0.931396,0.306396,0.890115,0.104325,450.410004,3491.000000
3945.000000,-165.410675,0.252686,0.088598,0.933105,0.303955,0.891249,0.100997,407.950012,3474.000000
3946.000000,-156.981216,0.250977,0.088376,0.932861,0.301270,0.891196,0.100115,395.399994,3466.000000
3947.000000,-184.340576,0.249512,0.089617,0.929199,0.300293,0.887632,0.101151,461.420013,3440.000000
3948.000000,-168.375580,0.247314,0.087901,0.930664,0.297852,0.890484,0.097735,411.410004,3441.000000
3949.000000,-176.273499,0.245605,0.088187,0.928467,0.295654,0.889032,0.097720,436.260010,3438.000000
3950.000000,-177.241882,0.248291,0.092463,0.932617,0.297363,0.893198,0.100980,437.589996,3419.000000
3951.000000,-179.162323,0.250732,0.093179,0.932617,0.300781,0.892939,0.102944,451.019989,3450.000000
3952.000000,-181.550400,0.251465,0.093873,0.937744,0.301270,0.897650,0.102954,460.190002,3507.000000
3953.000000,-191.113220,0.250977,0.094155,0.938721,0.301025,0.898711,0.102728,470.260010,3449.000000
3954.000000,-180.509888,0.249268,0.092992,0.936768,0.300293,0.896157,0.102381,459.690002,3507.000000
3955.000000,-171.813126,0.249023,0.093192,0.935791,0.300049,0.894743,0.102724,434.790009,3496.000000
3956.000000,-161.554031,0.249023,0.093107,0.936523,0.299561,0.895374,0.102123,396.059998,3501.000000
3957.000000,-166.287766,0.249023,0.092721,0.936035,0.299805,0.895266,0.101414,425.119995,3499.000000
3958.000000,-152.772186,0.246338,0.091826,0.934082,0.299316,0.892325,0.101991,391.679993,3461.000000
3959.000000,-173.016769,0.249023,0.094936,0.929688,0.300781,0.889052,0.103807,434.790009,3515.000000
3960.000000,-181.341141,0.249268,0.095099,0.927734,0.300049,0.887587,0.103072,455.559998,3513.000000
3961.000000,-175.658005,0.248779,0.094427,0.929199,0.300537,0.889418,0.104555,455.350006,3514.000000
3962.000000,-182.198761,0.245850,0.094846,0.928955,0.296143,0.889652,0.102906,453.690002,3516.000000
3963.000000,-185.153870,0.245361,0.094760,0.930176,0.296875,0.890315,0.104238,454.100006,3521.000000
3964.000000,-180.977570,0.246582,0.097023,0.929443,0.297363,0.890204,0.105953,435.320007,3504.000000
3965.000000,-159.102844,0.249756,0.099460,0.934082,0.300781,0.894371,0.108335,387.910004,3504.000000
3966.000000,-167.474045,0.248535,0.098562,0.934082,0.300293,0.894348,0.108439,411.929993,3515.000000
3967.000000,-159.176636,0.246826,0.096955,0.936279,0.299805,0.896488,0.107358,400.609985,3505.000000
3968.000000,-186.124802,0.247803,0.098219,0.933594,0.300293,0.893365,0.107935,468.320007,3520.000000
3969.000000,-184.558655,0.248535,0.098254,0.936279,0.302246,0.895725,0.108628,457.140015,3422.000000
3970.000000,-150.397812,0.248047,0.098400,0.936279,0.300781,0.895725,0.107427,374.809998,3494.000000
3971.000000,-160.967285,0.248535,0.096762,0.936035,0.302002,0.894832,0.107043,396.420013,3497.000000
3972.000000,-191.153275,0.249268,0.096626,0.935059,0.301514,0.894173,0.105696,480.459991,3512.000000
3973.000000,-174.505386,0.247314,0.094964,0.936523,0.299561,0.895129,0.104244,432.250000,3502.000000
3974.000000,-168.249100,0.248535,0.097020,0.936523,0.300537,0.895551,0.105971,412.529999,3506.000000
3975.000000,-187.319107,0.248291,0.095364,0.937988,0.301758,0.897139,0.105404,460.260010,3493.000000
3976.000000,-175.781403,0.250977,0.097068,0.940430,0.303467,0.899670,0.106768,446.119995,3436.000000
3977.000000,-182.678406,0.251953,0.096967,0.940186,0.303467,0.899609,0.106281,451.679993,3442.000000
3978.000000,-198.627960,0.256836,0.098992,0.944336,0.310303,0.903687,0.109810,509.450012,3501.000000
3979.000000,-177.610138,0.256836,0.097415,0.940918,0.309570,0.899582,0.108186,455.440002,3496.000000
3980.000000,-164.262833,0.256592,0.096104,0.940430,0.309326,0.898618,0.105869,419.540009,3479.000000
3981.000000,-136.900116,0.246338,0.090352,0.933594,0.300781,0.891508,0.101073,345.109985,3500.000000
3982.000000,-168.599167,0.245117,0.090073,0.934082,0.299805,0.892540,0.101145,423.470001,3465.000000
3983.000000,-172.335480,0.243652,0.088777,0.929688,0.298340,0.888950,0.100031,426.179993,3495.000000
3984.000000,-174.347443,0.243408,0.088148,0.932373,0.298096,0.891640,0.099284,438.190002,3515.000000
3985.000000,-182.709244,0.239990,0.086842,0.933350,0.295166,0.893096,0.098004,458.510010,3521.000000
3986.000000,-183.294769,0.241455,0.089549,0.934570,0.296631,0.894300,0.100504,453.910004,3495.000000
3987.000000,-159.539780,0.241211,0.090917,0.937744,0.298096,0.897034,0.102996,392.200012,3498.000000
3988.000000,-157.583481,0.237549,0.089119,0.935303,0.294434,0.894162,0.101210,396.980011,3496.000000
3989.000000,-169.180145,0.239502,0.090235,0.937500,0.296631,0.895765,0.102579,437.480011,3492.000000
3990.000000,-173.254959,0.239746,0.091399,0.933105,0.296875,0.891645,0.103873,435.260010,3505.000000
3991.000000,-157.072021,0.235840,0.089634,0.929443,0.291748,0.888666,0.100297,386.250000,3491.000000
3992.000000,-160.179626,0.238770,0.091187,0.934082,0.296631,0.893072,0.103497,402.910004,3511.000000
3993.000000,-173.113998,0.237061,0.090818,0.931396,0.293701,0.890266,0.102585,425.760010,3541.000000
3994.000000,-172.758118,0.238770,0.091378,0.932617,0.293945,0.891647,0.101513,431.049988,3529.000000
3995.000000,-154.290268,0.238037,0.090839,0.929932,0.294678,0.889299,0.102035,389.869995,3557.000000
3996.000000,-171.972702,0.237061,0.089358,0.928711,0.294678,0.889054,0.101771,430.929993,3546.000000
3997.000000,-153.692490,0.238037,0.091711,0.927246,0.295166,0.889029,0.102790,374.890015,3552.000000
3998.000000,-176.882645,0.238281,0.092444,0.928955,0.293945,0.892253,0.102544,443.970001,3555.000000
3999.000000,-175.606873,0.232422,0.089277,0.928467,0.289551,0.891729,0.101289,449.299988,3569.000000
4000.000000,-170.945969,0.233643,0.090244,0.928955,0.291992,0.891777,0.103698,429.980011,3542.000000
4001.000000,-186.654755,0.238770,0.093099,0.931152,0.296631,0.894705,0.105683,454.920013,3530.000000
4002.000000,-201.768188,0.240234,0.092526,0.935547,0.298828,0.898451,0.104684,488.989990,3514.000000
4003.000000,-198.754959,0.243164,0.093760,0.939453,0.302002,0.901295,0.105752,483.799988,3512.000000
4004.000000,-190.907516,0.245117,0.094960,0.940674,0.304443,0.901628,0.106917,473.309998,3540.000000
4005.000000,-176.995743,0.247314,0.095780,0.939697,0.304688,0.900166,0.106305,433.730011,3529.000000
4006.000000,-162.918808,0.246094,0.094122,0.939941,0.302246,0.899935,0.103864,413.079987,3523.000000
4007.000000,-169.754364,0.248047,0.093433,0.940674,0.304688,0.900628,0.103832,412.720001,3479.000000
4008.000000,-147.636993,0.250000,0.093590,0.939941,0.307129,0.900161,0.103886,359.980011,3541.000000
4009.000000,-178.245667,0.249512,0.094007,0.940186,0.306396,0.900114,0.103354,446.890015,3532.000000
4010.000000,-182.839935,0.248047,0.094012,0.933838,0.303711,0.893997,0.102953,464.850006,3548.000000
4011.000000,-170.838623,0.250732,0.095578,0.934326,0.306152,0.894845,0.103898,436.929993,3529.000000
4012.000000,-193.051605,0.250488,0.095476,0.933350,0.306885,0.894224,0.105511,489.519989,3543.000000
4013.000000,-171.245743,0.247070,0.095170,0.930908,0.302246,0.892625,0.104567,434.649994,3562.000000
4014.000000,-172.297775,0.246094,0.094573,0.926270,0.300781,0.888277,0.104392,445.549988,3572.000000
4015.000000,-191.157532,0.248291,0.096455,0.931396,0.303223,0.893499,0.107570,482.040009,3558.000000
4016.000000,-168.518311,0.250488,0.100122,0.934570,0.306396,0.897009,0.111613,412.570007,3548.000000
4017.000000,-182.492493,0.252197,0.098887,0.936279,0.306885,0.899437,0.109817,453.420013,3546.000000
4018.000000,-183.238617,0.249023,0.096523,0.931641,0.303467,0.894993,0.107223,458.519989,3554.000000
4019.000000,-160.822220,0.252197,0.098679,0.930664,0.307373,0.893598,0.109677,415.500000,3569.000000
4020.000000,-158.409378,0.250977,0.097781,0.932129,0.306641,0.895134,0.109042,397.420013,3558.000000
4021.000000,-173.152344,0.250244,0.098574,0.935547,0.306885,0.897776,0.109863,449.829987,3554.000000
4022.000000,-188.344330,0.249512,0.097353,0.931641,0.307129,0.894127,0.109995,467.670013,3542.000000
4023.000000,-169.039307,0.250244,0.099242,0.931641,0.305664,0.893747,0.110452,418.359985,3558.000000
4024.000000,-185.268723,0.247559,0.097397,0.930908,0.301758,0.892507,0.107953,451.880005,3566.000000
4025.000000,-192.654617,0.247314,0.099094,0.928955,0.302734,0.890948,0.110496,482.500000,3568.000000
4026.000000,-190.171555,0.246826,0.098517,0.930664,0.302490,0.892019,0.110240,490.609985,3552.000000
4027.000000,-174.987991,0.245605,0.099159,0.930420,0.300293,0.891348,0.109629,443.920013,3546.000000
4028.000000,-167.338791,0.241943,0.096965,0.927490,0.296387,0.888127,0.107533,419.019989,3556.000000
4029.000000,-172.856445,0.241943,0.097864,0.927246,0.296143,0.888312,0.108466,436.730011,3552.000000
4030.000000,-186.275314,0.243408,0.098637,0.933105,0.298096,0.893969,0.110335,448.799988,3556.000000
4031.000000,-177.981888,0.243896,0.098571,0.932129,0.300049,0.893824,0.111524,436.250000,3558.000000
4032.000000,-166.769257,0.242432,0.098077,0.932129,0.297852,0.894269,0.110055,418.070007,3548.000000
4033.000000,-186.534790,0.244873,0.099365,0.932373,0.301025,0.894533,0.112001,459.880005,3449.000000
4034.000000,-162.918106,0.245117,0.099730,0.930420,0.298584,0.893100,0.110442,406.690002,3521.000000
4035.000000,-169.583374,0.247070,0.101827,0.929199,0.300781,0.891925,0.112734,422.420013,3531.000000
4036.000000,-164.909317,0.248291,0.101603,0.931396,0.302490,0.894583,0.112557,404.910004,3515.000000
4037.000000,-182.672195,0.249268,0.101215,0.933105,0.302490,0.896249,0.111135,466.279999,3502.000000
4038.000000,-177.511963,0.249512,0.099973,0.931885,0.303467,0.894892,0.110338,442.320007,3517.000000
4039.000000,-183.695480,0.251709,0.099875,0.929688,0.305420,0.893121,0.110465,457.119995,3530.000000
4040.000000,-185.146027,0.261230,0.104181,0.934570,0.313721,0.897790,0.114417,449.970001,3517.000000
4041.000000,-168.861572,0.259277,0.100945,0.934570,0.312500,0.897198,0.112523,430.989990,3523.000000
4042.000000,-162.106125,0.259277,0.099502,0.933350,0.310303,0.896091,0.109160,408.589996,3549.000000
4043.000000,-207.537689,0.259033,0.097692,0.932861,0.311279,0.894823,0.107905,527.059998,3550.000000
4044.000000,-183.877426,0.259521,0.098873,0.927490,0.312256,0.889521,0.109882,460.850006,3561.000000
4045.000000,-192.427719,0.262695,0.102738,0.929932,0.315186,0.890921,0.113592,484.959991,3551.000000
4046.000000,-182.121979,0.264648,0.103925,0.928711,0.318115,0.889199,0.115686,461.959991,3513.000000
4047.000000,-179.312271,0.262939,0.101241,0.929688,0.314941,0.890686,0.111744,458.970001,3507.000000
4048.000000,-177.572861,0.256348,0.095782,0.927490,0.309814,0.887661,0.107599,450.299988,3531.000000
4049.000000,-183.691483,0.254150,0.094536,0.925049,0.305908,0.885315,0.105184,454.839996,3537.000000
4050.000000,-180.519058,0.253906,0.094496,0.926758,0.304688,0.886854,0.104826,448.290009,3559.000000
4051.000000,-180.253387,0.248291,0.090772,0.927490,0.300537,0.887412,0.102492,452.109985,3551.000000
4052.000000,-182.268951,0.251221,0.093961,0.927002,0.302979,0.886488,0.105102,458.209991,3560.000000
4053.000000,-166.626297,0.251221,0.093816,0.930664,0.303711,0.889570,0.105789,412.450012,3552.000000
4054.000000,-163.458618,0.252197,0.092516,0.935547,0.306152,0.894551,0.105222,403.980011,3554.000000
4055.000000,-170.888168,0.251221,0.095011,0.934570,0.305908,0.893786,0.107878,413.640015,3553.000000
4056.000000,-152.199280,0.254639,0.097404,0.932617,0.305908,0.893583,0.107898,373.079987,3558.000000
4057.000000,-167.626755,0.254395,0.095623,0.928467,0.306885,0.888838,0.107328,423.109985,3562.000000
4058.000000,-182.322205,0.257324,0.098130,0.931641,0.308105,0.891459,0.108238,460.769989,3555.000000
4059.000000,-173.735245,0.256348,0.098417,0.929932,0.305664,0.889696,0.107843,435.220001,3544.000000
4060.000000,-149.359055,0.256592,0.099453,0.931885,0.307373,0.891397,0.110249,374.540009,3526.000000
4061.000000,-169.707550,0.254639,0.098649,0.929199,0.305420,0.888234,0.108733,401.829987,3523.000000
4062.000000,-176.507645,0.252930,0.097339,0.931641,0.304443,0.890976,0.108151,446.290009,3539.000000
4063.000000,-174.311569,0.249512,0.095029,0.928223,0.301514,0.887983,0.106094,428.660004,3534.000000
4064.000000,-161.435318,0.245117,0.093456,0.922363,0.297363,0.882510,0.103887,414.820007,3549.000000
4065.000000,-175.542374,0.242920,0.093694,0.919434,0.294434,0.879441,0.103347,442.559998,3533.000000
4066.000000,-184.356995,0.244873,0.094512,0.922363,0.297363,0.882449,0.105418,481.369995,3534.000000
4067.000000,-186.826447,0.250244,0.096288,0.929199,0.301514,0.888739,0.107460,489.750000,3506.000000
4068.000000,-164.698685,0.249268,0.095612,0.932373,0.300537,0.892439,0.107240,416.130005,3498.000000
4069.000000,-195.479538,0.251953,0.095802,0.935547,0.302490,0.894570,0.107156,489.709991,3510.000000
4070.000000,-192.345612,0.253906,0.096603,0.935547,0.305420,0.894224,0.108707,472.519989,3501.000000
4071.000000,-181.641144,0.254150,0.094990,0.931396,0.303711,0.890207,0.105774,456.820007,3505.000000
4072.000000,-193.449570,0.253418,0.093689,0.930664,0.303955,0.889305,0.104815,490.730011,3500.000000
4073.000000,-179.038803,0.249756,0.091615,0.929199,0.300293,0.887795,0.102367,439.029999,3497.000000
4074.000000,-200.038712,0.255371,0.093339,0.934082,0.304932,0.893679,0.104255,479.709991,3503.000000
4075.000000,-192.353714,0.255127,0.092342,0.930664,0.304688,0.891020,0.102668,481.260010,3501.000000
4076.000000,-176.612976,0.259277,0.094444,0.933350,0.308105,0.895053,0.104623,438.140015,3523.000000
4077.000000,-170.641861,0.255371,0.091396,0.931885,0.305176,0.893052,0.102650,418.720001,3513.000000
4078.000000,-177.318146,0.258301,0.095217,0.933594,0.307861,0.894898,0.106353,435.070007,3506.000000
4079.000000,-177.878754,0.256836,0.094934,0.932373,0.307129,0.893478,0.105901,430.029999,3500.000000
4080.000000,-176.220703,0.256348,0.095619,0.933105,0.308105,0.893724,0.107869,446.630005,3516.000000
4081.000000,-165.001831,0.253174,0.094548,0.928711,0.305420,0.889712,0.106288,416.079987,3523.000000
4082.000000,-186.298401,0.254883,0.096271,0.924072,0.307861,0.885883,0.107907,478.440002,3534.000000
4083.000000,-183.626007,0.254150,0.096079,0.928955,0.307861,0.888962,0.108215,474.010010,3537.000000
4084.000000,-180.208008,0.253662,0.096464,0.927734,0.306641,0.887965,0.107788,457.670013,3538.000000
4085.000000,-184.968262,0.253906,0.098341,0.926270,0.305176,0.886405,0.108713,446.839996,3527.000000
4086.000000,-189.914764,0.254395,0.098589,0.928711,0.305420,0.888880,0.107956,473.760010,3547.000000
4087.000000,-181.817322,0.251221,0.097273,0.924316,0.303467,0.884971,0.108298,443.019989,3537.000000
4088.000000,-174.938873,0.250000,0.098481,0.925781,0.303223,0.886650,0.110874,431.589996,3528.000000
4089.000000,-170.750626,0.249023,0.097445,0.920898,0.302490,0.882231,0.109806,429.040009,3525.000000
4090.000000,-174.751297,0.248535,0.095714,0.926025,0.300781,0.887079,0.106484,431.940002,3536.000000
4091.000000,-176.538452,0.245605,0.092422,0.928223,0.299316,0.889281,0.104434,439.750000,3525.000000
4092.000000,-170.080536,0.247070,0.093467,0.926514,0.300049,0.888585,0.104901,415.829987,3538.000000
4093.000000,-186.694641,0.249023,0.093724,0.931885,0.301514,0.893894,0.104696,464.890015,3533.000000
4094.000000,-170.111526,0.252197,0.094773,0.934082,0.305908,0.896438,0.106924,432.190002,3555.000000
4095.000000,-172.966995,0.254150,0.094460,0.932373,0.305664,0.895224,0.104895,420.450012,3556.000000
4096.000000,-189.669479,0.256104,0.093791,0.934814,0.307617,0.897584,0.104055,480.779999,3541.000000
4097.000000,-169.713394,0.253418,0.092244,0.934814,0.305908,0.897015,0.103224,434.369995,3464.000000
4098.000000,-159.668381,0.254883,0.093557,0.933838,0.305908,0.895762,0.102786,404.350006,3540.000000
4099.000000,-162.862717,0.252197,0.094546,0.931152,0.302490,0.893226,0.103622,415.250000,3496.000000
4100.000000,-179.960281,0.248779,0.091040,0.930420,0.299805,0.892397,0.101180,448.600006,3494.000000
4101.000000,-164.391510,0.250488,0.093426,0.930420,0.301758,0.892684,0.104116,405.160004,3498.000000
4102.000000,-168.202744,0.251465,0.096121,0.932373,0.300781,0.893691,0.105573,421.440002,3503.000000
4103.000000,-175.243683,0.254639,0.097717,0.935059,0.305176,0.895693,0.108146,446.510010,3501.000000
4104.000000,-160.883087,0.255127,0.099144,0.929443,0.306641,0.890144,0.111016,399.670013,3511.000000
4105.000000,-174.235641,0.255859,0.099814,0.932129,0.307129,0.892874,0.111471,436.959991,3491.000000
4106.000000,-154.898087,0.256836,0.099518,0.931152,0.308105,0.891646,0.110640,396.260010,3504.000000
4107.000000,-173.455078,0.254883,0.097704,0.932617,0.306396,0.892436,0.109082,439.040009,3497.000000
4108.000000,-187.338547,0.253174,0.095174,0.932373,0.304688,0.892603,0.105909,457.459991,3508.000000
4109.000000,-175.637650,0.249756,0.093252,0.931641,0.300781,0.892388,0.103787,438.299988,3507.000000
4110.000000,-164.928970,0.249756,0.093731,0.930908,0.301514,0.891238,0.104040,425.559998,3489.000000
4111.000000,-148.657242,0.251465,0.096220,0.933105,0.304199,0.893065,0.106804,382.690002,3509.000000
4112.000000,-170.278656,0.255615,0.099865,0.931885,0.308594,0.892135,0.110426,436.890015,3528.000000
4113.000000,-170.299210,0.255615,0.099033,0.931396,0.308350,0.892439,0.110960,420.459991,3528.000000
4114.000000,-174.271820,0.253418,0.096626,0.926514,0.304688,0.887433,0.107425,436.980011,3537.000000
4115.000000,-165.510696,0.253418,0.094655,0.929199,0.306152,0.890590,0.106839,410.920013,3512.000000
4116.000000,-155.766830,0.248047,0.091499,0.930176,0.301758,0.892031,0.104027,392.019989,3528.000000
4117.000000,-170.361771,0.250977,0.094380,0.936035,0.306396,0.897998,0.107991,430.690002,3535.000000
4118.000000,-158.765457,0.250244,0.095981,0.936035,0.306152,0.897657,0.109233,399.630005,3528.000000
4119.000000,-150.405411,0.251465,0.094148,0.937744,0.306152,0.900038,0.106919,376.100006,3523.000000
4120.000000,-170.270462,0.253418,0.095226,0.937500,0.307617,0.899345,0.107707,429.640015,3527.000000
4121.000000,-171.241440,0.250488,0.093910,0.933350,0.304443,0.895844,0.106122,424.929993,3524.000000
4122.000000,-158.629959,0.252930,0.095878,0.933594,0.306152,0.896642,0.107702,384.850006,3533.000000
4123.000000,-186.351334,0.256592,0.097614,0.935547,0.307129,0.897713,0.108368,460.140015,3523.000000
4124.000000,-203.954010,0.255859,0.094638,0.937256,0.306885,0.899357,0.106200,510.910004,3530.000000
4125.000000,-193.226456,0.257080,0.096510,0.938232,0.308838,0.900142,0.108261,484.000000,3549.000000
4126.000000,-190.615677,0.256836,0.097749,0.934082,0.308594,0.895573,0.108844,477.290009,3529.000000
4127.000000,-156.976151,0.256592,0.097630,0.933594,0.308350,0.894861,0.108600,398.720001,3532.000000
4128.000000,-153.463104,0.257568,0.098099,0.929443,0.307617,0.890639,0.108360,380.980011,3527.000000
4129.000000,-168.362198,0.255615,0.095424,0.932617,0.306641,0.893695,0.107079,435.720001,3528.000000
4130.000000,-178.280472,0.251465,0.092706,0.930420,0.304199,0.891283,0.105664,436.970001,3529.000000
4131.000000,-155.194763,0.249268,0.092622,0.929932,0.302246,0.891618,0.104962,388.309998,3531.000000
4132.000000,-154.633759,0.249756,0.091859,0.928955,0.302490,0.891811,0.104611,389.920013,3530.000000
4133.000000,-169.203781,0.250244,0.093077,0.933350,0.301270,0.896201,0.104372,435.739990,3536.000000
4134.000000,-184.264099,0.250244,0.091777,0.932617,0.303223,0.895630,0.104143,457.839996,3542.000000
4135.000000,-175.942657,0.250244,0.092158,0.937500,0.304199,0.900154,0.104323,432.329987,3544.000000
4136.000000,-168.191757,0.249512,0.089114,0.936768,0.302979,0.898803,0.100574,439.070007,3537.000000
4137.000000,-162.667313,0.246338,0.088122,0.930664,0.299805,0.892321,0.099115,424.320007,3534.000000
4138.000000,-175.422684,0.246826,0.088554,0.935059,0.299805,0.895521,0.099117,441.929993,3532.000000
4139.000000,-178.687424,0.250244,0.091057,0.937012,0.300293,0.898067,0.099648,445.809998,3533.000000
4140.000000,-199.443344,0.250977,0.092210,0.937256,0.301758,0.898267,0.102202,498.510010,3535.000000
4141.000000,-163.389572,0.252686,0.095293,0.935791,0.303223,0.897659,0.105093,403.750000,3537.000000
4142.000000,-150.801575,0.250000,0.094330,0.932129,0.300537,0.894382,0.104944,376.390015,3547.000000
4143.000000,-174.514938,0.250977,0.097267,0.931396,0.301025,0.893699,0.107515,436.700012,3538.000000
4144.000000,-171.376740,0.249512,0.097337,0.932617,0.298828,0.894925,0.106392,427.940002,3534.000000
4145.000000,-190.100433,0.246338,0.095572,0.929443,0.296875,0.891797,0.106470,467.630005,3543.000000
4146.000000,-186.236160,0.247314,0.096281,0.933350,0.296387,0.895660,0.105754,461.119995,3540.000000
4147.000000,-185.057404,0.248535,0.098386,0.933594,0.298096,0.896365,0.108180,448.019989,3524.000000
4148.000000,-173.332977,0.248535,0.098576,0.934570,0.297363,0.897513,0.108266,428.619995,3526.000000
4149.000000,-171.299957,0.241699,0.093390,0.931641,0.291748,0.894752,0.103946,443.660004,3536.000000
4150.000000,-180.823624,0.240967,0.091720,0.930176,0.289795,0.893560,0.101272,457.899994,3532.000000
4151.000000,-168.717270,0.235840,0.088535,0.927979,0.284180,0.892949,0.098336,415.500000,3528.000000
4152.000000,-172.404709,0.237549,0.090409,0.930420,0.285889,0.895329,0.099987,430.480011,3534.000000
4153.000000,-197.091904,0.240479,0.093431,0.930908,0.289062,0.895336,0.104078,496.690002,3515.000000
4154.000000,-177.500870,0.242432,0.093634,0.936035,0.289062,0.900705,0.103212,453.910004,3540.000000
4155.000000,-158.594254,0.241699,0.093054,0.936035,0.289062,0.899818,0.102545,402.959991,3470.000000
4156.000000,-173.892654,0.242432,0.092984,0.936768,0.290283,0.900570,0.102874,440.239990,3455.000000
4157.000000,-175.295029,0.240967,0.091571,0.938477,0.289795,0.901854,0.102369,442.230011,3460.000000
4158.000000,-184.882614,0.240479,0.090175,0.936523,0.289062,0.899115,0.100410,462.809998,3460.000000
4159.000000,-183.525223,0.239990,0.088745,0.935303,0.289062,0.897360,0.099655,470.399994,3476.000000
4160.000000,-194.035034,0.242188,0.089205,0.936035,0.290283,0.897460,0.098963,487.649994,3501.000000
4161.000000,-183.847244,0.245850,0.090693,0.937256,0.295410,0.898771,0.101907,464.579987,3408.000000
4162.000000,-165.974747,0.246338,0.090994,0.938965,0.294922,0.900011,0.101513,415.859985,3411.000000
4163.000000,-186.732101,0.249512,0.091042,0.938965,0.299072,0.900595,0.102438,459.859985,3435.000000
4164.000000,-179.780884,0.247070,0.092008,0.930908,0.294922,0.892497,0.102259,445.899994,3437.000000
4165.000000,-169.080032,0.244629,0.090610,0.929199,0.290527,0.890890,0.099303,430.149994,3489.000000
4166.000000,-179.645493,0.241943,0.087437,0.929443,0.287842,0.891819,0.096766,443.589996,3556.000000
4167.000000,-163.076736,0.238525,0.085705,0.929199,0.284912,0.892568,0.095347,395.829987,3551.000000
4168.000000,-158.745728,0.238281,0.087479,0.931152,0.283203,0.894318,0.095152,402.049988,3552.000000
4169.000000,-167.764908,0.241455,0.088954,0.933838,0.286865,0.897357,0.097693,402.970001,3548.000000
4170.000000,-157.923477,0.243652,0.090455,0.937256,0.290283,0.900849,0.100113,395.649994,3539.000000
4171.000000,-181.163254,0.244873,0.091783,0.935303,0.290527,0.898753,0.100852,460.890015,3541.000000
4172.000000,-184.711319,0.246338,0.093468,0.933838,0.291260,0.897301,0.102238,463.070007,3555.000000
4173.000000,-170.624557,0.240479,0.090074,0.931396,0.285400,0.895055,0.098772,426.820007,3553.000000
4174.000000,-161.633972,0.240479,0.090239,0.931641,0.286133,0.896663,0.100071,400.260010,3540.000000
4175.000000,-186.512863,0.240723,0.090377,0.932861,0.288330,0.897862,0.101237,471.850006,3537.000000
4176.000000,-177.872330,0.243408,0.092329,0.938477,0.291992,0.903003,0.104472,452.329987,3527.000000
4177.000000,-181.879944,0.244141,0.093624,0.935547,0.290771,0.899114,0.104210,478.200012,3553.000000
4178.000000,-162.782974,0.241943,0.093011,0.933105,0.289795,0.896417,0.104985,407.790009,3570.000000
4179.000000,-161.009979,0.235596,0.090471,0.929688,0.282227,0.893623,0.101180,397.470001,3558.000000
4180.000000,-184.811859,0.238281,0.093077,0.927246,0.283936,0.890991,0.103799,461.070007,3542.000000
4181.000000,-173.074326,0.234131,0.092474,0.922119,0.280029,0.886943,0.103500,423.320007,3546.000000
4182.000000,-174.641220,0.237793,0.093389,0.930664,0.283936,0.894927,0.105038,446.470001,3552.000000
4183.000000,-166.380829,0.240234,0.095599,0.931641,0.287842,0.895885,0.108197,430.049988,3549.000000
4184.000000,-191.046844,0.240967,0.095977,0.936279,0.288574,0.900318,0.107810,485.040009,3539.000000
4185.000000,-177.141449,0.242676,0.097688,0.933350,0.289062,0.897842,0.108077,450.329987,3546.000000
4186.000000,-174.440720,0.243896,0.098254,0.932617,0.291504,0.896547,0.109533,438.279999,3494.000000
4187.000000,-200.644348,0.246826,0.098273,0.935059,0.294678,0.899021,0.109250,500.130005,3466.000000
4188.000000,-201.076447,0.246338,0.097646,0.935303,0.295166,0.899491,0.109289,479.390015,3466.000000
4189.000000,-195.509537,0.246582,0.096494,0.937744,0.294678,0.901949,0.107511,456.000000,3463.000000
4190.000000,-176.139954,0.247070,0.095124,0.933105,0.296387,0.897909,0.108161,436.440002,3504.000000
4191.000000,-180.065338,0.244873,0.091735,0.936035,0.293213,0.900570,0.103518,450.940002,3549.000000
4192.000000,-182.709610,0.247803,0.090618,0.939209,0.297607,0.902995,0.103810,463.540009,3535.000000
4193.000000,-182.352875,0.247559,0.091598,0.939453,0.297119,0.902730,0.103950,463.500000,3539.000000
4194.000000,-168.731522,0.245361,0.090076,0.934326,0.294189,0.897874,0.101414,424.440002,3543.000000
4195.000000,-186.658310,0.243896,0.089200,0.931152,0.293457,0.894567,0.100865,476.329987,3544.000000
4196.000000,-156.402832,0.240479,0.088042,0.929932,0.290283,0.893081,0.099951,386.269989,3559.000000
4197.000000,-156.226105,0.240723,0.089069,0.938477,0.291748,0.901313,0.101616,392.190002,3544.000000
4198.000000,-172.411270,0.244141,0.091562,0.939453,0.293457,0.901846,0.102710,433.529999,3541.000000
4199.000000,-160.124435,0.244873,0.090400,0.938477,0.293701,0.901306,0.101633,400.529999,3528.000000
4200.000000,-166.579468,0.243408,0.089239,0.935059,0.291992,0.896997,0.100473,414.730011,3559.000000
4201.000000,-165.035400,0.243408,0.089971,0.932861,0.290527,0.895046,0.100282,410.179993,3558.000000
4202.000000,-175.651337,0.241211,0.087859,0.931641,0.289307,0.894403,0.099201,449.109985,3554.000000
4203.000000,-186.087112,0.243652,0.088096,0.934570,0.292236,0.897908,0.099922,471.980011,3537.000000
4204.000000,-178.043442,0.244873,0.089758,0.932861,0.293457,0.896467,0.101025,448.579987,3555.000000
4205.000000,-169.921051,0.244385,0.090334,0.930908,0.293457,0.894584,0.101817,427.649994,3554.000000
4206.000000,-189.085327,0.244629,0.089171,0.931641,0.292725,0.895166,0.099208,476.440002,3547.000000
4207.000000,-169.547913,0.242920,0.089831,0.927979,0.292725,0.891777,0.100913,433.630005,3523.000000
4208.000000,-168.538742,0.244629,0.090978,0.927490,0.294922,0.891796,0.101853,430.829987,3540.000000
4209.000000,-177.610367,0.245117,0.092087,0.928955,0.295898,0.893045,0.103647,452.559998,3556.000000
4210.000000,-194.812119,0.249756,0.094959,0.931152,0.301758,0.894907,0.107181,494.070007,3551.000000
4211.000000,-174.579712,0.250977,0.096586,0.933838,0.300781,0.897458,0.106916,437.820007,3534.000000
4212.000000,-221.850571,0.254395,0.096516,0.932129,0.304932,0.896391,0.107895,562.530029,3545.000000
4213.000000,-197.348923,0.255615,0.097378,0.935303,0.306152,0.899280,0.108891,491.959991,3516.000000
4214.000000,-183.679855,0.258301,0.098629,0.935791,0.307129,0.899876,0.108882,464.100006,3496.000000
4215.000000,-173.842468,0.259766,0.099756,0.932373,0.308105,0.896498,0.109306,439.880005,3505.000000
4216.000000,-172.557205,0.260742,0.100763,0.933838,0.309570,0.897999,0.110401,427.690002,3493.000000
4217.000000,-173.641602,0.260498,0.101784,0.929199,0.311523,0.893633,0.114539,448.279999,3493.000000
4218.000000,-162.905289,0.260254,0.102720,0.927490,0.311035,0.892481,0.115316,412.040009,3498.000000
4219.000000,-164.669022,0.256836,0.100005,0.924072,0.307129,0.889835,0.111840,415.500000,3506.000000
4220.000000,-156.775711,0.255371,0.099417,0.926025,0.305908,0.891358,0.111981,391.929993,3500.000000
4221.000000,-157.180222,0.255859,0.099854,0.930664,0.304443,0.895831,0.110622,398.739990,3505.000000
4222.000000,-150.296448,0.256836,0.099168,0.934814,0.304443,0.899318,0.109327,386.559998,3510.000000
4223.000000,-166.708359,0.254395,0.096283,0.938232,0.302490,0.902204,0.106503,421.220001,3508.000000
4224.000000,-181.186218,0.254639,0.097364,0.935791,0.302979,0.900047,0.107963,461.309998,3506.000000
4225.000000,-176.699326,0.258301,0.099223,0.933838,0.305908,0.898623,0.109142,443.100006,3420.000000
4226.000000,-191.117432,0.258301,0.098811,0.934570,0.306396,0.899119,0.109212,475.790009,3489.000000
4227.000000,-202.399582,0.257324,0.098314,0.935303,0.304199,0.899188,0.108528,510.519989,3498.000000
4228.000000,-182.360947,0.259033,0.100591,0.935791,0.305420,0.899495,0.110226,464.170013,3487.000000
4229.000000,-191.193710,0.260254,0.100590,0.934326,0.307861,0.898303,0.111893,487.220001,3495.000000
4230.000000,-183.929474,0.261719,0.103332,0.930908,0.308838,0.893890,0.114686,470.230011,3527.000000
4231.000000,-164.695251,0.262451,0.103907,0.931396,0.307861,0.894723,0.113134,418.309998,3517.000000
4232.000000,-183.398926,0.260498,0.102106,0.931152,0.305420,0.893929,0.111117,471.799988,3519.000000
4233.000000,-185.876480,0.257812,0.100377,0.931396,0.303955,0.894410,0.110554,469.179993,3521.000000
4234.000000,-176.869568,0.258301,0.100079,0.933838,0.303467,0.896370,0.109781,441.619995,3512.000000
4235.000000,-142.296066,0.259766,0.102194,0.933838,0.305176,0.897033,0.111967,355.709991,3518.000000
4236.000000,-160.663589,0.259033,0.100552,0.935547,0.304199,0.898227,0.110187,410.149994,3529.000000
4237.000000,-177.956528,0.251465,0.096139,0.926758,0.298828,0.890296,0.107600,444.489990,3503.000000
4238.000000,-199.147781,0.254150,0.097377,0.925293,0.300781,0.889034,0.107994,492.920013,3540.000000
4239.000000,-192.968506,0.250977,0.095203,0.920898,0.298340,0.884596,0.106206,494.489990,3518.000000
4240.000000,-163.052551,0.253662,0.097484,0.925293,0.300537,0.889390,0.107579,408.209991,3531.000000
4241.000000,-150.242569,0.252441,0.097362,0.929688,0.299072,0.893289,0.107463,378.570007,3537.000000
4242.000000,-161.005661,0.253906,0.097614,0.936279,0.300049,0.900023,0.107378,401.029999,3506.000000
4243.000000,-161.739487,0.253906,0.096684,0.934814,0.302002,0.898498,0.107738,397.809998,3530.000000
4244.000000,-166.440079,0.254395,0.097889,0.937256,0.300537,0.900876,0.106961,422.089996,3517.000000
4245.000000,-185.878510,0.255615,0.097478,0.935059,0.301514,0.899141,0.106785,459.410004,3531.000000
4246.000000,-171.197693,0.256592,0.097216,0.934814,0.302734,0.899154,0.106700,423.700012,3513.000000
4247.000000,-168.921753,0.258301,0.100858,0.931885,0.306396,0.895963,0.112463,418.790009,3512.000000
4248.000000,-164.118073,0.257568,0.102080,0.931641,0.307129,0.895507,0.113467,408.040009,3512.000000
4249.000000,-174.991180,0.260010,0.103459,0.932373,0.309814,0.895711,0.114569,436.670013,3522.000000
4250.000000,-172.008789,0.257568,0.100357,0.932373,0.305664,0.896136,0.109751,431.630005,3514.000000
4251.000000,-173.865601,0.253174,0.096444,0.925537,0.302246,0.888924,0.105804,456.309998,3527.000000
4252.000000,-182.414291,0.251709,0.094501,0.928955,0.301514,0.892311,0.104541,446.480011,3527.000000
4253.000000,-169.741333,0.253662,0.097452,0.930176,0.302979,0.893813,0.107253,431.850006,3525.000000
4254.000000,-149.392532,0.252441,0.099586,0.924561,0.299805,0.888642,0.108729,383.059998,3526.000000
4255.000000,-165.535782,0.254395,0.098777,0.923096,0.303223,0.886485,0.110210,431.790009,3515.000000
4256.000000,-172.203964,0.254150,0.097924,0.927979,0.301758,0.891143,0.108032,450.290009,3502.000000
4257.000000,-166.474823,0.252197,0.096111,0.928467,0.303467,0.891326,0.109336,419.279999,3510.000000
4258.000000,-181.350433,0.253174,0.095488,0.932617,0.302734,0.895455,0.107077,465.929993,3522.000000
4259.000000,-168.882233,0.253418,0.093703,0.931885,0.302246,0.895132,0.104487,422.859985,3510.000000
4260.000000,-165.441956,0.250732,0.091921,0.932861,0.300537,0.896231,0.103180,417.730011,3513.000000
4261.000000,-184.999222,0.250977,0.093058,0.931885,0.301025,0.895071,0.104867,456.559998,3508.000000
4262.000000,-175.003616,0.253418,0.095091,0.931396,0.304199,0.893396,0.107186,427.970001,3524.000000
4263.000000,-160.342148,0.251465,0.092136,0.934082,0.302979,0.895686,0.104955,399.679993,3502.000000
4264.000000,-154.065125,0.250244,0.090911,0.933350,0.300781,0.895262,0.102415,371.359985,3529.000000
4265.000000,-154.147293,0.248291,0.090487,0.931885,0.297607,0.893333,0.101260,385.130005,3524.000000
4266.000000,-165.643433,0.244385,0.086974,0.929932,0.293945,0.890096,0.098405,414.119995,3510.000000
4267.000000,-160.869110,0.243408,0.086125,0.934326,0.293213,0.894141,0.097102,406.989990,3521.000000
4268.000000,-186.663971,0.249268,0.090632,0.936768,0.300293,0.896253,0.103458,467.720001,3515.000000
4269.000000,-177.957550,0.250488,0.090354,0.937500,0.300781,0.897464,0.102292,439.459991,3547.000000
4270.000000,-173.090561,0.248535,0.090257,0.936523,0.298584,0.896939,0.101577,414.670013,3546.000000
4271.000000,-179.255783,0.249756,0.091813,0.936523,0.299072,0.897346,0.102055,454.709991,3545.000000
4272.000000,-208.539978,0.250977,0.092169,0.935303,0.302002,0.896879,0.103521,517.630005,3560.000000
4273.000000,-171.422287,0.251709,0.093418,0.937988,0.301025,0.899957,0.103341,441.029999,3556.000000
4274.000000,-150.916122,0.249512,0.092646,0.933838,0.299072,0.895574,0.102986,379.609985,3538.000000
4275.000000,-170.490250,0.248047,0.094271,0.932373,0.297607,0.894222,0.104648,433.790009,3512.000000
4276.000000,-166.403564,0.244629,0.093468,0.930176,0.293457,0.892032,0.103008,431.769989,3544.000000
4277.000000,-168.118652,0.246338,0.095038,0.934570,0.294678,0.896502,0.104042,428.980011,3549.000000
4278.000000,-162.710526,0.238525,0.089474,0.929932,0.288330,0.892627,0.100292,417.160004,3548.000000
4279.000000,-155.885529,0.241455,0.091776,0.934326,0.290039,0.896715,0.100864,397.250000,3539.000000
4280.000000,-162.742157,0.239258,0.090970,0.929688,0.289307,0.891349,0.101115,415.510010,3539.000000
4281.000000,-164.668961,0.241943,0.092803,0.937012,0.290771,0.897934,0.101872,414.950012,3552.000000
4282.000000,-165.485428,0.239990,0.093560,0.934814,0.289795,0.895708,0.103550,414.220001,3553.000000
4283.000000,-175.076035,0.240967,0.094441,0.933838,0.291504,0.894103,0.104581,443.709991,3544.000000
4284.000000,-162.955566,0.238770,0.094423,0.928467,0.290527,0.888559,0.105972,412.000000,3547.000000
4285.000000,-189.053497,0.241211,0.096425,0.927734,0.292480,0.888374,0.107630,480.450012,3549.000000
4286.000000,-170.871841,0.239990,0.095774,0.926025,0.291260,0.885856,0.106875,435.029999,3535.000000
4287.000000,-179.138275,0.239014,0.093068,0.931396,0.290039,0.890552,0.104337,456.309998,3559.000000
4288.000000,-172.283569,0.241699,0.094999,0.931885,0.292236,0.890520,0.106483,433.839996,3521.000000
4289.000000,-185.868607,0.243408,0.094656,0.933105,0.293213,0.891653,0.105945,462.329987,3472.000000
4290.000000,-197.780548,0.245361,0.096638,0.935303,0.294922,0.894135,0.107781,488.459991,3548.000000
4291.000000,-176.885345,0.244873,0.096097,0.935303,0.296143,0.894587,0.108479,431.309998,3566.000000
4292.000000,-186.309006,0.245605,0.096185,0.936768,0.296143,0.896457,0.107761,456.929993,3548.000000
4293.000000,-190.378067,0.246826,0.096453,0.934082,0.297363,0.894848,0.107752,453.170013,3547.000000
4294.000000,-167.166824,0.248047,0.094586,0.932617,0.298584,0.893849,0.105684,412.750000,3549.000000
4295.000000,-179.129059,0.248779,0.093074,0.930908,0.298584,0.892595,0.104369,430.119995,3546.000000
4296.000000,-177.728775,0.249756,0.092036,0.932129,0.298340,0.893605,0.102279,447.470001,3544.000000
4297.000000,-173.570389,0.246338,0.089710,0.929443,0.295898,0.891950,0.100248,435.890015,3525.000000
4298.000000,-176.769989,0.246338,0.090134,0.927246,0.296387,0.890328,0.100995,448.119995,3553.000000
4299.000000,-189.413055,0.249512,0.093009,0.930908,0.300537,0.893513,0.104109,483.420013,3543.000000
4300.000000,-165.511856,0.248779,0.092999,0.935303,0.300049,0.898132,0.103601,427.980011,3526.000000
4301.000000,-159.404053,0.256348,0.096119,0.939697,0.307129,0.901952,0.106879,412.700012,3531.000000
4302.000000,-163.285141,0.257324,0.097993,0.937012,0.307617,0.899349,0.108363,417.739990,3526.000000
4303.000000,-188.795410,0.258301,0.098644,0.932617,0.307617,0.895167,0.108312,484.529999,3535.000000
4304.000000,-190.784775,0.261963,0.099668,0.934570,0.312988,0.896649,0.110480,484.679993,3541.000000
4305.000000,-202.398300,0.261963,0.100303,0.934326,0.312256,0.896320,0.110957,508.390015,3551.000000
4306.000000,-177.619736,0.262695,0.100854,0.932861,0.312012,0.893646,0.111203,449.299988,3537.000000
4307.000000,-162.516937,0.263672,0.099254,0.932861,0.311523,0.893216,0.108429,418.470001,3540.000000
4308.000000,-172.497528,0.263672,0.098810,0.934570,0.312744,0.894666,0.108784,443.119995,3540.000000
4309.000000,-186.620361,0.262939,0.097399,0.938232,0.309082,0.898732,0.106067,478.980011,3527.000000
4310.000000,-185.989670,0.261963,0.096811,0.937012,0.307373,0.897614,0.105826,472.829987,3550.000000
4311.000000,-174.669022,0.263672,0.099228,0.935059,0.308350,0.895983,0.107358,428.929993,3543.000000
4312.000000,-157.688980,0.263916,0.100174,0.933838,0.308594,0.894862,0.108054,401.670013,3535.000000
4313.000000,-169.061676,0.261230,0.098220,0.933105,0.306641,0.893741,0.106924,431.559998,3542.000000
4314.000000,-169.473511,0.259277,0.096613,0.933105,0.302490,0.893863,0.104657,428.549988,3542.000000
4315.000000,-166.535019,0.254395,0.095056,0.931152,0.297852,0.892182,0.104280,418.589996,3542.000000
4316.000000,-167.129181,0.255859,0.097028,0.932861,0.300293,0.893548,0.106748,428.200012,3534.000000
4317.000000,-177.287231,0.259033,0.100269,0.934326,0.303711,0.894973,0.109631,439.570007,3552.000000
4318.000000,-180.900772,0.263428,0.103918,0.938721,0.305908,0.900327,0.111333,449.399994,3544.000000
4319.000000,-180.300659,0.263428,0.102380,0.934326,0.306396,0.895950,0.111411,466.239990,3556.000000
4320.000000,-169.063736,0.261719,0.101728,0.936279,0.304688,0.897660,0.109969,436.100006,3555.000000
4321.000000,-176.459488,0.258789,0.099561,0.931641,0.302734,0.893386,0.108972,447.790009,3547.000000
4322.000000,-190.972137,0.260010,0.100529,0.934082,0.304932,0.894458,0.110906,483.720001,3534.000000
4323.000000,-162.803787,0.259277,0.099748,0.933350,0.303223,0.893974,0.108678,408.440002,3550.000000
4324.000000,-163.161545,0.259521,0.100802,0.932373,0.304199,0.893473,0.109934,408.329987,3567.000000
4325.000000,-157.231628,0.257812,0.100122,0.933105,0.303223,0.893432,0.109533,401.320007,3555.000000
4326.000000,-170.257919,0.258789,0.100757,0.932373,0.304443,0.893297,0.110490,434.359985,3559.000000
4327.000000,-165.378296,0.256592,0.097939,0.929443,0.300781,0.890724,0.106509,422.019989,3561.000000
4328.000000,-176.240326,0.254883,0.095731,0.930420,0.298828,0.891610,0.104264,441.470001,3544.000000
4329.000000,-177.421600,0.251709,0.092184,0.933838,0.295654,0.895240,0.100248,457.519989,3543.000000
4330.000000,-159.638153,0.249023,0.091226,0.931885,0.295654,0.892973,0.102011,404.200012,3548.000000
4331.000000,-185.021027,0.248535,0.093254,0.927002,0.294189,0.888199,0.103036,457.739990,3531.000000
4332.000000,-182.633865,0.246582,0.092727,0.928223,0.292725,0.889926,0.103154,462.179993,3543.000000
4333.000000,-159.755447,0.248535,0.093132,0.930908,0.294922,0.893017,0.103878,409.600006,3548.000000
4334.000000,-166.229523,0.250244,0.095273,0.937256,0.296143,0.898769,0.105459,415.079987,3552.000000
4335.000000,-164.681168,0.249023,0.094049,0.935547,0.296875,0.897468,0.106081,410.309998,3567.000000
4336.000000,-177.961823,0.250488,0.092873,0.934082,0.298096,0.896059,0.104003,441.899994,3554.000000
4337.000000,-180.367569,0.247803,0.090857,0.929443,0.296143,0.891251,0.102614,447.440002,3526.000000
4338.000000,-165.881927,0.244385,0.088932,0.926514,0.292969,0.888708,0.100966,416.820007,3542.000000
4339.000000,-156.369781,0.246826,0.090653,0.929688,0.295654,0.891052,0.102665,391.890015,3555.000000
4340.000000,-180.397705,0.250000,0.092714,0.930908,0.298096,0.892047,0.104681,458.309998,3551.000000
4341.000000,-174.495743,0.246826,0.091950,0.927979,0.295898,0.888618,0.105272,419.339996,3543.000000
4342.000000,-162.342819,0.243408,0.091135,0.924316,0.291748,0.884554,0.103618,410.519989,3546.000000
4343.000000,-180.174713,0.239990,0.088269,0.923828,0.288818,0.883833,0.100567,466.420013,3552.000000
4344.000000,-181.708649,0.238770,0.088649,0.919922,0.288818,0.880310,0.101632,440.470001,3559.000000
4345.000000,-185.344269,0.239258,0.089599,0.922119,0.289062,0.883510,0.101889,451.959991,3547.000000
4346.000000,-198.576965,0.239502,0.090147,0.926758,0.291260,0.888249,0.103033,480.130005,3553.000000
4347.000000,-170.025299,0.236328,0.089101,0.926514,0.288330,0.888254,0.102257,421.380005,3553.000000
4348.000000,-168.240250,0.236328,0.088336,0.928467,0.288330,0.889789,0.101856,433.829987,3543.000000
4349.000000,-167.999023,0.239258,0.090294,0.928467,0.290527,0.889943,0.102515,427.609985,3534.000000
4350.000000,-172.049286,0.242188,0.091822,0.932617,0.292480,0.894984,0.103666,423.950012,3509.000000
4351.000000,-167.479599,0.243408,0.093744,0.935059,0.292969,0.897296,0.105111,424.750000,3505.000000
4352.000000,-153.496262,0.243652,0.095106,0.932129,0.294189,0.894905,0.107138,387.920013,3495.000000
4353.000000,-163.358749,0.245605,0.095464,0.932861,0.293701,0.895901,0.106056,418.010010,3411.000000
4354.000000,-174.709702,0.244385,0.093928,0.932617,0.293457,0.895089,0.105793,446.880005,3522.000000
4355.000000,-186.284821,0.243896,0.092468,0.932617,0.292725,0.895478,0.104586,462.200012,3503.000000
4356.000000,-182.105667,0.242920,0.091963,0.930908,0.291748,0.893547,0.103843,446.670013,3506.000000
4357.000000,-178.091446,0.247314,0.095097,0.936768,0.295654,0.899574,0.106509,438.720001,3505.000000
4358.000000,-173.690994,0.247314,0.095144,0.936523,0.294434,0.899328,0.105032,431.809998,3495.000000
4359.000000,-170.995911,0.248535,0.095537,0.937988,0.295898,0.900674,0.105763,426.529999,3500.000000
4360.000000,-164.125626,0.247070,0.094552,0.937256,0.292725,0.899814,0.103077,419.200012,3500.000000
4361.000000,-186.284225,0.251221,0.097401,0.937744,0.299316,0.900762,0.108566,467.269989,3449.000000
4362.000000,-201.319183,0.251953,0.096920,0.937500,0.298340,0.900718,0.106426,516.280029,3492.000000
4363.000000,-187.578903,0.248047,0.092937,0.937256,0.295898,0.899653,0.103360,482.450012,3473.000000
4364.000000,-169.688293,0.248291,0.091312,0.936279,0.294434,0.898609,0.101501,432.239990,3458.000000
4365.000000,-161.392761,0.248535,0.092913,0.933350,0.293701,0.896230,0.101881,388.359985,3487.000000
4366.000000,-169.205444,0.242676,0.090666,0.927734,0.289307,0.890794,0.101116,422.190002,3485.000000
4367.000000,-174.622955,0.241699,0.091498,0.924805,0.288574,0.888296,0.102657,451.100006,3500.000000
4368.000000,-179.953125,0.241699,0.090786,0.927246,0.289795,0.890434,0.102309,456.700012,3519.000000
4369.000000,-196.228104,0.243652,0.091274,0.932861,0.291748,0.895186,0.103118,498.959991,3523.000000
4370.000000,-193.719864,0.246094,0.092772,0.937012,0.294678,0.898998,0.104189,497.510010,3523.000000
4371.000000,-182.903564,0.245117,0.091453,0.933350,0.294434,0.894758,0.103919,457.239990,3514.000000
4372.000000,-173.940353,0.245117,0.091961,0.933105,0.293457,0.894228,0.103826,429.000000,3527.000000
4373.000000,-191.032104,0.246338,0.093448,0.930664,0.295166,0.891959,0.106132,473.739990,3507.000000
4374.000000,-177.379745,0.249512,0.094438,0.933105,0.299561,0.894362,0.108188,448.690002,3509.000000
4375.000000,-190.224701,0.245850,0.092015,0.927246,0.293457,0.888704,0.104156,477.320007,3540.000000
4376.000000,-190.032333,0.246582,0.091348,0.926270,0.293457,0.888210,0.103590,495.600006,3511.000000
4377.000000,-170.013763,0.245361,0.088071,0.926758,0.292725,0.889200,0.100690,425.799988,3524.000000
4378.000000,-171.694519,0.245117,0.087430,0.927490,0.292969,0.889256,0.100450,433.529999,3526.000000
4379.000000,-190.050308,0.246338,0.088129,0.929199,0.293701,0.890599,0.100457,490.489990,3516.000000
4380.000000,-194.316483,0.246582,0.088945,0.930664,0.295654,0.891921,0.102471,487.209991,3510.000000
4381.000000,-169.470779,0.245605,0.088650,0.931641,0.294189,0.892792,0.102010,413.980011,3519.000000
4382.000000,-175.903717,0.244629,0.089719,0.928711,0.292725,0.890321,0.101951,438.790009,3523.000000
4383.000000,-186.053848,0.247559,0.090673,0.928223,0.296875,0.890398,0.104361,474.000000,3521.000000
4384.000000,-173.842346,0.248047,0.092385,0.928223,0.294922,0.890316,0.104160,439.890015,3519.000000
4385.000000,-176.280426,0.248779,0.093080,0.927246,0.294434,0.889406,0.104547,440.670013,3515.000000
4386.000000,-182.366669,0.250488,0.093096,0.931152,0.294922,0.893685,0.103194,457.940002,3526.000000
4387.000000,-169.350632,0.253418,0.095477,0.936523,0.297363,0.898232,0.104972,427.899994,3527.000000
4388.000000,-164.329025,0.253418,0.095619,0.934082,0.298584,0.896281,0.106243,402.950012,3520.000000
4389.000000,-171.302612,0.256348,0.097630,0.936768,0.300781,0.899138,0.107629,426.209991,3533.000000
4390.000000,-195.835129,0.260254,0.100074,0.934814,0.304688,0.897286,0.110344,485.910004,3521.000000
4391.000000,-172.308228,0.257812,0.097410,0.933105,0.302246,0.895465,0.108127,428.299988,3523.000000
4392.000000,-161.276245,0.258789,0.096140,0.932373,0.302979,0.894810,0.106190,407.309998,3529.000000
4393.000000,-175.411774,0.255371,0.091928,0.932861,0.300293,0.895783,0.102077,420.959991,3521.000000
4394.000000,-178.152695,0.253662,0.091328,0.927979,0.297119,0.892012,0.099519,439.649994,3532.000000
4395.000000,-199.843445,0.252686,0.092376,0.924316,0.296875,0.889243,0.100979,499.410004,3537.000000
4396.000000,-191.295547,0.249268,0.089658,0.923096,0.293945,0.888951,0.099063,460.829987,3533.000000
4397.000000,-164.542221,0.247803,0.090139,0.927490,0.293213,0.893075,0.099374,407.279999,3524.000000
4398.000000,-161.644791,0.251465,0.094977,0.932373,0.298340,0.898199,0.105707,400.570007,3528.000000
4399.000000,-159.030502,0.254639,0.097817,0.935791,0.301758,0.901019,0.108841,396.369995,3530.000000
4400.000000,-191.058960,0.257568,0.099060,0.936768,0.303467,0.901254,0.109581,475.119995,3536.000000
4401.000000,-183.105515,0.261963,0.102279,0.937744,0.306641,0.901591,0.112260,436.290009,3524.000000
4402.000000,-180.790527,0.262939,0.102105,0.935791,0.309326,0.899344,0.113346,435.200012,3522.000000
4403.000000,-184.911072,0.263916,0.100722,0.934326,0.310059,0.897790,0.112113,460.600006,3522.000000
4404.000000,-185.891754,0.264893,0.100710,0.936035,0.310303,0.899825,0.111421,455.619995,3534.000000
4405.000000,-187.449432,0.266846,0.102153,0.932373,0.312744,0.896006,0.112557,458.440002,3542.000000
4406.000000,-173.284241,0.266602,0.100756,0.933594,0.314209,0.896974,0.112696,424.209991,3534.000000
4407.000000,-186.875320,0.269531,0.102007,0.933594,0.317139,0.897057,0.112828,476.209991,3517.000000
4408.000000,-168.335037,0.266357,0.098615,0.932617,0.312744,0.896896,0.109149,416.200012,3534.000000
4409.000000,-171.339630,0.263916,0.096264,0.928711,0.309814,0.893706,0.106453,422.750000,3529.000000
4410.000000,-164.721970,0.264160,0.096500,0.932617,0.309082,0.896890,0.106504,414.609985,3524.000000
4411.000000,-173.496429,0.259277,0.094471,0.928955,0.303955,0.894057,0.104528,435.410004,3520.000000
4412.000000,-155.381439,0.256836,0.093795,0.925781,0.302002,0.891566,0.104447,388.959991,3539.000000
4413.000000,-157.384079,0.255127,0.093470,0.927002,0.300049,0.892562,0.104275,404.920013,3512.000000
4414.000000,-173.173462,0.253662,0.092632,0.927734,0.298340,0.894106,0.103435,429.579987,3519.000000
4415.000000,-177.660294,0.254395,0.092128,0.932373,0.300049,0.897286,0.103076,445.369995,3544.000000
4416.000000,-175.885239,0.252686,0.092331,0.933594,0.299805,0.897611,0.103868,451.010010,3532.000000
4417.000000,-173.856613,0.254150,0.094999,0.934814,0.298584,0.898955,0.103694,432.209991,3428.000000
4418.000000,-175.867310,0.254639,0.096225,0.935547,0.300293,0.899281,0.105389,440.649994,3509.000000
4419.000000,-190.730347,0.255371,0.095909,0.937988,0.302002,0.901766,0.105357,476.059998,3513.000000
4420.000000,-190.232849,0.260742,0.100861,0.936523,0.306641,0.900772,0.109083,482.880005,3524.000000
4421.000000,-175.328690,0.260986,0.100078,0.935059,0.306641,0.899866,0.108975,433.149994,3488.000000
4422.000000,-198.366165,0.260010,0.098426,0.930908,0.304199,0.896424,0.106760,489.149994,3526.000000
4423.000000,-183.752594,0.257080,0.097865,0.927734,0.303223,0.893495,0.108414,454.170013,3527.000000
4424.000000,-162.594009,0.255859,0.098861,0.925293,0.300537,0.891127,0.107647,410.260010,3521.000000
4425.000000,-171.024551,0.254395,0.097033,0.927246,0.297852,0.893474,0.104512,420.929993,3513.000000
4426.000000,-165.880295,0.253418,0.097344,0.928223,0.298340,0.894513,0.106077,398.260010,3518.000000
4427.000000,-171.676208,0.255127,0.097388,0.935059,0.299072,0.901121,0.105061,433.070007,3499.000000
4428.000000,-180.268753,0.251465,0.093750,0.931396,0.295654,0.896433,0.101560,452.779999,3498.000000
4429.000000,-155.402390,0.250488,0.092148,0.931641,0.296631,0.896070,0.102239,389.049988,3504.000000
4430.000000,-157.314621,0.250732,0.091843,0.930908,0.298340,0.895690,0.103765,377.829987,3522.000000
4431.000000,-171.568771,0.255371,0.096766,0.933594,0.301270,0.898074,0.107366,425.250000,3522.000000
4432.000000,-167.156219,0.255371,0.096143,0.930176,0.301025,0.894469,0.107455,427.399994,3521.000000
4433.000000,-159.100845,0.255371,0.096512,0.931396,0.300537,0.896573,0.107015,406.880005,3517.000000
4434.000000,-164.572433,0.254395,0.096546,0.930176,0.299316,0.895436,0.107113,414.779999,3505.000000
4435.000000,-166.433640,0.256592,0.097013,0.933594,0.301514,0.899744,0.107297,410.369995,3483.000000
4436.000000,-181.368301,0.259766,0.096725,0.938232,0.304688,0.903773,0.106326,456.970001,3491.000000
4437.000000,-181.558975,0.257812,0.093982,0.940430,0.305664,0.905251,0.105563,468.690002,3483.000000
4438.000000,-166.986969,0.257812,0.094055,0.937012,0.304932,0.901673,0.104575,420.109985,3485.000000
4439.000000,-180.752045,0.257324,0.093784,0.930420,0.304932,0.895159,0.103994,455.619995,3475.000000
4440.000000,-183.480927,0.253418,0.091581,0.926514,0.302002,0.891165,0.102151,466.519989,3471.000000
4441.000000,-176.379562,0.249756,0.088681,0.927490,0.301270,0.892621,0.101042,440.720001,3480.000000
4442.000000,-180.076126,0.250977,0.090558,0.930908,0.301758,0.896346,0.101750,440.640015,3492.000000
4443.000000,-156.743988,0.247803,0.090435,0.931885,0.297852,0.897445,0.100963,393.549988,3515.000000
4444.000000,-155.978333,0.248291,0.091762,0.931885,0.298340,0.897086,0.102731,401.690002,3511.000000
4445.000000,-169.627914,0.243652,0.089726,0.929932,0.294434,0.894350,0.101754,413.339996,3509.000000
4446.000000,-198.871857,0.247314,0.092533,0.931396,0.297852,0.895662,0.104639,488.420013,3500.000000
4447.000000,-216.833755,0.248535,0.092892,0.929688,0.298340,0.895213,0.104839,539.859985,3503.000000
4448.000000,-190.496689,0.247314,0.092612,0.929199,0.297363,0.894832,0.104922,470.790009,3498.000000
4449.000000,-172.397583,0.244385,0.091217,0.932373,0.296143,0.896852,0.104770,433.010010,3485.000000
4450.000000,-164.415207,0.241699,0.090302,0.927002,0.291992,0.891251,0.102414,414.440002,3501.000000
4451.000000,-166.422958,0.243652,0.092325,0.928467,0.294922,0.892582,0.104488,406.950012,3514.000000
4452.000000,-179.907181,0.240967,0.090305,0.928955,0.294189,0.892712,0.103701,453.000000,3506.000000
4453.000000,-177.821182,0.242920,0.091952,0.927979,0.293701,0.891405,0.102875,451.890015,3507.000000
4454.000000,-182.079254,0.241943,0.090537,0.930664,0.291748,0.894318,0.100679,458.250000,3484.000000
4455.000000,-165.163879,0.241943,0.090426,0.933594,0.291260,0.896642,0.100512,414.549988,3507.000000
4456.000000,-180.930481,0.239258,0.087660,0.931885,0.289307,0.894890,0.099041,454.579987,3503.000000
4457.000000,-167.270569,0.237549,0.087243,0.929932,0.286865,0.893365,0.098292,417.609985,3459.000000
4458.000000,-183.817886,0.238525,0.087657,0.931885,0.288086,0.895036,0.098716,452.779999,3525.000000
4459.000000,-178.201721,0.240723,0.089866,0.936768,0.289551,0.900113,0.100526,440.559998,3573.000000
4460.000000,-164.988739,0.241943,0.092166,0.936035,0.290527,0.899557,0.102802,415.480011,3564.000000
4461.000000,-157.298264,0.239502,0.092869,0.931641,0.288818,0.895180,0.104564,397.950012,3543.000000
4462.000000,-189.390594,0.242188,0.093651,0.928711,0.290283,0.892326,0.104212,466.109985,3563.000000
4463.000000,-192.004120,0.244629,0.095747,0.931152,0.292969,0.893864,0.106882,487.380005,3535.000000
4464.000000,-191.020844,0.245605,0.094921,0.935059,0.292969,0.896847,0.105556,485.070007,3532.000000
4465.000000,-184.412109,0.247559,0.095499,0.937744,0.293213,0.899562,0.104545,455.329987,3557.000000
4466.000000,-183.663513,0.252930,0.096386,0.940186,0.298828,0.902559,0.106044,453.920013,3553.000000
4467.000000,-174.694214,0.250732,0.095483,0.940186,0.295654,0.901943,0.103823,445.750000,3534.000000
4468.000000,-182.448227,0.249512,0.094052,0.937012,0.294678,0.899475,0.102179,458.820007,3554.000000
4469.000000,-176.999039,0.245850,0.093600,0.930176,0.291016,0.893483,0.102345,435.470001,3556.000000
4470.000000,-189.617889,0.248047,0.095164,0.927734,0.293213,0.891543,0.103741,470.190002,3561.000000
4471.000000,-186.452911,0.247314,0.095181,0.925049,0.292236,0.888461,0.103073,469.140015,3557.000000
4472.000000,-181.763458,0.250000,0.096237,0.932373,0.294189,0.895681,0.103321,470.000000,3548.000000
4473.000000,-172.240036,0.247803,0.094163,0.933350,0.293701,0.896096,0.102142,446.679993,3535.000000
4474.000000,-184.291321,0.249268,0.095639,0.933594,0.297363,0.897440,0.105728,458.399994,3554.000000
4475.000000,-188.624527,0.248047,0.093633,0.931396,0.294922,0.894879,0.102649,473.109985,3558.000000
4476.000000,-182.811218,0.248535,0.094271,0.932861,0.296143,0.896496,0.104359,457.730011,3553.000000
4477.000000,-175.242401,0.253662,0.097554,0.934570,0.300049,0.897733,0.106517,446.410004,3556.000000
4478.000000,-171.207993,0.254883,0.098588,0.934082,0.300049,0.897188,0.106891,435.160004,3551.000000
4479.000000,-171.090683,0.256104,0.097905,0.934082,0.301758,0.897602,0.106735,434.540009,3555.000000
4480.000000,-167.444733,0.255127,0.097055,0.936279,0.301025,0.899786,0.105793,415.649994,3563.000000
4481.000000,-158.268982,0.254883,0.098438,0.935059,0.300537,0.898263,0.106329,388.170013,3472.000000
4482.000000,-159.564560,0.255615,0.098203,0.934326,0.301514,0.897528,0.106476,396.540009,3539.000000
4483.000000,-172.474625,0.256348,0.098485,0.935059,0.301025,0.898162,0.105689,432.809998,3551.000000
4484.000000,-167.806564,0.257324,0.099250,0.935791,0.302002,0.897871,0.106692,412.640015,3539.000000
4485.000000,-161.342041,0.253662,0.097653,0.934082,0.298584,0.895846,0.104986,398.869995,3546.000000
4486.000000,-167.791168,0.250488,0.095488,0.932129,0.295898,0.893888,0.103440,417.929993,3555.000000
4487.000000,-179.498993,0.249268,0.094891,0.934570,0.296875,0.896275,0.105428,427.140015,3545.000000
4488.000000,-165.260056,0.247803,0.094238,0.935059,0.294434,0.896573,0.103333,411.750000,3552.000000
4489.000000,-171.495117,0.248535,0.094289,0.935791,0.296143,0.897113,0.104220,432.989990,3519.000000
4490.000000,-166.984344,0.246582,0.094874,0.933350,0.293213,0.894278,0.104069,428.880005,3549.000000
4491.000000,-194.777573,0.246338,0.095998,0.933594,0.292725,0.894590,0.104379,508.320007,3537.000000
4492.000000,-184.993958,0.246582,0.095975,0.928955,0.291748,0.890471,0.104598,451.309998,3519.000000
4493.000000,-178.661499,0.248535,0.096178,0.931641,0.293701,0.892899,0.105118,446.149994,3560.000000
4494.000000,-176.450150,0.251465,0.095916,0.938721,0.297119,0.900270,0.105233,440.750000,3523.000000
4495.000000,-168.316147,0.250488,0.095674,0.937012,0.296875,0.897730,0.104705,432.269989,3533.000000
4496.000000,-157.141464,0.252930,0.098154,0.936523,0.299805,0.897038,0.107623,397.829987,3569.000000
4497.000000,-160.939056,0.249268,0.095697,0.933838,0.294922,0.893914,0.104189,402.380005,3518.000000
4498.000000,-196.504944,0.250000,0.096570,0.935303,0.296631,0.895666,0.106138,491.640015,3551.000000
4499.000000,-184.861343,0.249268,0.094481,0.938232,0.297119,0.897736,0.104337,466.619995,3556.000000
4500.000000,-170.278641,0.253418,0.097146,0.938965,0.300781,0.898189,0.106102,437.730011,3545.000000
