iteration,Train_mean_reward,Episode_stage1_successes,Episode_stage2_successes,Episode_stage1_left_successes,Episode_stage1_right_successes,Episode_stage2_left_successes,Episode_stage2_right_successes,Train_mean_episode_length,Computation_fps
1.000000,-64.961128,0.000000,0.000000,0.000000,0.000000,0.000000,0.000000,46.066666,2220.000000
2.000000,-64.961128,0.000000,0.000000,0.000000,0.000000,0.000000,0.000000,46.066666,3741.000000
3.000000,-64.961128,0.000000,0.000000,0.000000,0.015137,0.000000,0.014282,46.066666,3664.000000
4.000000,-64.961128,0.000000,0.000000,0.015869,0.016357,0.012723,0.004965,46.066666,3720.000000
5.000000,-64.961128,0.000000,0.000000,0.016846,0.016357,0.007208,0.002787,46.066666,3781.000000
6.000000,-64.961128,0.000732,0.000732,0.080322,0.053223,0.065116,0.031169,46.066666,3629.000000
7.000000,-67.433670,0.002930,0.001649,0.131104,0.076416,0.099683,0.037394,49.534481,3635.000000
8.000000,-70.903801,0.002930,0.001198,0.143555,0.079346,0.096901,0.027892,56.020000,3650.000000
9.000000,-77.375938,0.004150,0.001402,0.165283,0.084717,0.103591,0.024877,68.589996,3607.000000
10.000000,-79.607819,0.004883,0.001736,0.177002,0.083984,0.103790,0.022594,78.739998,3640.000000
11.000000,-83.376717,0.005615,0.001926,0.181885,0.097656,0.099032,0.031135,85.379997,3601.000000
12.000000,-91.660408,0.006592,0.001726,0.193359,0.120605,0.101663,0.036728,95.669998,3647.000000
13.000000,-88.476707,0.006836,0.001943,0.189941,0.109131,0.091834,0.029321,99.669998,3642.000000
14.000000,-81.723442,0.007568,0.001703,0.198486,0.111328,0.093836,0.028974,88.629997,3675.000000
15.000000,-77.438698,0.008057,0.001567,0.204590,0.120117,0.090037,0.032415,88.709999,3665.000000
16.000000,-73.665138,0.010010,0.002819,0.208008,0.137939,0.086134,0.038339,84.559998,3675.000000
17.000000,-53.565598,0.010498,0.002264,0.212402,0.145020,0.086815,0.037429,61.349998,3673.000000
18.000000,-57.461411,0.010742,0.002334,0.213379,0.150146,0.085108,0.036192,70.500000,3643.000000
19.000000,-64.774864,0.013184,0.003335,0.219238,0.157959,0.085758,0.037221,79.239998,3670.000000
20.000000,-67.093376,0.015625,0.003872,0.223877,0.168213,0.087180,0.039885,85.059998,3653.000000
21.000000,-61.180054,0.017090,0.003703,0.232422,0.176270,0.090363,0.039769,78.430000,3651.000000
22.000000,-61.232700,0.018311,0.003587,0.238770,0.179443,0.093987,0.037139,77.830002,3662.000000
23.000000,-67.632286,0.019531,0.003099,0.242676,0.181396,0.092974,0.034903,90.099998,3656.000000
24.000000,-70.546173,0.021973,0.004664,0.248047,0.186523,0.096486,0.038004,99.660004,3639.000000
25.000000,-77.811333,0.024658,0.005388,0.254639,0.195068,0.102311,0.038409,110.860001,3712.000000
26.000000,-65.180893,0.026367,0.005162,0.269775,0.206055,0.112918,0.043426,91.500000,3717.000000
27.000000,-67.364349,0.029297,0.006158,0.276855,0.219971,0.116088,0.048652,95.870003,3687.000000
28.000000,-64.506836,0.029297,0.005125,0.278320,0.221436,0.113866,0.043561,92.239998,3668.000000
29.000000,-74.183502,0.030273,0.004905,0.280762,0.223633,0.112772,0.042058,114.099998,3664.000000
30.000000,-69.120445,0.031982,0.005646,0.285400,0.226562,0.113832,0.041936,106.750000,3676.000000
31.000000,-63.484985,0.033936,0.006039,0.291260,0.233398,0.118575,0.044819,94.059998,3651.000000
32.000000,-68.610016,0.035889,0.006192,0.295654,0.243652,0.119308,0.048819,104.379997,3706.000000
33.000000,-63.308994,0.036865,0.006354,0.302734,0.245850,0.123158,0.047387,95.480003,3725.000000
34.000000,-66.673653,0.038086,0.006994,0.306396,0.247314,0.125368,0.046607,103.949997,3646.000000
35.000000,-65.979492,0.040039,0.007503,0.313721,0.250000,0.126745,0.047341,104.510002,3651.000000
36.000000,-72.232101,0.039551,0.007787,0.315186,0.252930,0.125123,0.046536,111.300003,3665.000000
37.000000,-60.457329,0.040039,0.007235,0.317627,0.252441,0.125621,0.042897,94.879997,3722.000000
38.000000,-66.253807,0.041748,0.007488,0.322754,0.257324,0.127396,0.046938,106.760002,3723.000000
39.000000,-75.039131,0.042236,0.008480,0.325928,0.263916,0.127890,0.050617,126.040001,3729.000000
40.000000,-70.454308,0.040771,0.007987,0.327637,0.263184,0.128995,0.048178,113.050003,3669.000000
41.000000,-76.258171,0.041260,0.007772,0.331299,0.260254,0.130280,0.045399,127.300003,3647.000000
42.000000,-66.472542,0.042725,0.007827,0.334473,0.262939,0.130967,0.044787,112.830002,3654.000000
43.000000,-72.848183,0.042480,0.007147,0.339355,0.263916,0.132674,0.044330,124.620003,3675.000000
44.000000,-77.095078,0.041992,0.007835,0.340332,0.269043,0.133221,0.045489,135.419998,3677.000000
45.000000,-66.112518,0.042969,0.007799,0.340820,0.270020,0.132871,0.045215,106.830002,3661.000000
46.000000,-76.309158,0.043213,0.008181,0.343018,0.271240,0.133064,0.045775,134.460007,3682.000000
47.000000,-64.403374,0.042725,0.007619,0.344482,0.270752,0.132293,0.045259,107.940002,3685.000000
48.000000,-73.419144,0.044189,0.007889,0.349609,0.276367,0.134357,0.048053,131.410004,3676.000000
49.000000,-68.513779,0.043213,0.007225,0.353027,0.278320,0.135800,0.048161,119.830002,3682.000000
50.000000,-73.617981,0.041748,0.007297,0.354248,0.281006,0.136969,0.048869,130.559998,3676.000000
51.000000,-68.421494,0.040771,0.007599,0.356445,0.282715,0.138636,0.047294,121.809998,3686.000000
52.000000,-72.950813,0.040771,0.007916,0.359863,0.280518,0.140846,0.045394,128.500000,3678.000000
53.000000,-73.418297,0.040283,0.007560,0.360840,0.278564,0.141325,0.043840,130.330002,3655.000000
54.000000,-80.296776,0.038818,0.006812,0.361816,0.280273,0.141359,0.044397,155.570007,3649.000000
55.000000,-78.349678,0.040527,0.008172,0.362305,0.283447,0.140244,0.044843,146.429993,3671.000000
56.000000,-77.623886,0.040039,0.008386,0.362305,0.283691,0.139522,0.043992,141.100006,3681.000000
57.000000,-58.197536,0.039062,0.008349,0.363281,0.282227,0.139040,0.042246,97.129997,3683.000000
58.000000,-65.910301,0.037842,0.007832,0.362549,0.281982,0.137846,0.041863,122.379997,3675.000000
59.000000,-73.643929,0.036133,0.007615,0.363525,0.284424,0.138306,0.045209,140.139999,3676.000000
60.000000,-72.412392,0.036865,0.008015,0.366943,0.287354,0.140114,0.046018,133.449997,3671.000000
61.000000,-73.887497,0.037354,0.008578,0.368164,0.289795,0.139382,0.047201,131.419998,3666.000000
62.000000,-75.131699,0.038574,0.008140,0.374023,0.290039,0.142455,0.045668,134.419998,3661.000000
63.000000,-64.247459,0.039551,0.008868,0.375732,0.287354,0.141935,0.043948,115.300003,3666.000000
64.000000,-76.407135,0.039795,0.008676,0.378418,0.290527,0.143441,0.043924,143.479996,3675.000000
65.000000,-63.656414,0.039062,0.007918,0.381104,0.289795,0.145414,0.043166,110.320000,3559.000000
66.000000,-62.398937,0.037842,0.007543,0.381836,0.291016,0.144766,0.041898,110.000000,3680.000000
67.000000,-68.598045,0.038330,0.008327,0.381836,0.289062,0.145080,0.040710,124.959999,3659.000000
68.000000,-66.446312,0.038330,0.007893,0.382812,0.288818,0.145790,0.040441,120.360001,3658.000000
69.000000,-73.978188,0.039062,0.008468,0.385986,0.292480,0.148115,0.042283,137.080002,3654.000000
70.000000,-68.540245,0.039307,0.008207,0.386963,0.293945,0.147720,0.042973,129.710007,3655.000000
71.000000,-69.256020,0.039307,0.008586,0.388916,0.292480,0.149413,0.042119,131.350006,3670.000000
72.000000,-73.797691,0.038818,0.009303,0.389893,0.291260,0.151296,0.042105,135.220001,3680.000000
73.000000,-78.627090,0.038086,0.008284,0.391113,0.287842,0.152297,0.039233,158.960007,3683.000000
74.000000,-78.314743,0.036865,0.007424,0.391602,0.287842,0.151327,0.039315,158.220001,3666.000000
75.000000,-76.162331,0.038574,0.008625,0.393311,0.291748,0.152187,0.041882,148.080002,3676.000000
76.000000,-74.902779,0.038330,0.008748,0.395752,0.295166,0.153761,0.041550,142.880005,3646.000000
77.000000,-75.396645,0.038086,0.008191,0.397217,0.294922,0.153984,0.042563,137.610001,3678.000000
78.000000,-98.576134,0.039795,0.009133,0.398193,0.300293,0.155236,0.044057,193.240005,3671.000000
79.000000,-85.500542,0.039307,0.008137,0.399414,0.302002,0.156110,0.041399,168.940002,3687.000000
80.000000,-81.245461,0.039551,0.007929,0.399414,0.302734,0.155364,0.040190,148.770004,3682.000000
81.000000,-96.168518,0.040283,0.008284,0.403564,0.306152,0.158217,0.040987,187.179993,3670.000000
82.000000,-73.110413,0.039062,0.007707,0.402344,0.304443,0.157320,0.039216,138.350006,3674.000000
83.000000,-71.426231,0.036865,0.006828,0.402832,0.302979,0.156223,0.038648,136.990005,3672.000000
84.000000,-92.504547,0.036621,0.006963,0.401611,0.304199,0.155225,0.040266,193.729996,3674.000000
85.000000,-88.353844,0.036865,0.007404,0.405518,0.306885,0.158982,0.041452,176.639999,3670.000000
86.000000,-80.829735,0.036865,0.007552,0.407959,0.308594,0.159926,0.041707,158.639999,3659.000000
87.000000,-77.620583,0.038330,0.008176,0.408936,0.313965,0.161530,0.042497,152.729996,3649.000000
88.000000,-67.741089,0.038330,0.007141,0.408691,0.311035,0.161447,0.040209,122.830002,3666.000000
89.000000,-75.772247,0.038086,0.007638,0.409424,0.310303,0.161286,0.039465,142.630005,3658.000000
90.000000,-81.102135,0.037354,0.007024,0.406250,0.310059,0.158857,0.039521,153.279999,3654.000000
91.000000,-78.604996,0.034180,0.005950,0.406494,0.308350,0.158432,0.038579,142.250000,3660.000000
92.000000,-85.581406,0.034180,0.005583,0.410645,0.309570,0.161277,0.038924,162.779999,3656.000000
93.000000,-76.369392,0.033936,0.006147,0.412354,0.307861,0.162078,0.037171,149.860001,3662.000000
94.000000,-74.779297,0.033691,0.006534,0.411377,0.304688,0.161804,0.035506,140.830002,3715.000000
95.000000,-75.672844,0.033691,0.006121,0.415039,0.305908,0.165069,0.035582,148.710007,3654.000000
96.000000,-79.037285,0.032715,0.006318,0.413818,0.308594,0.164244,0.037755,161.529999,3680.000000
97.000000,-78.049767,0.031982,0.006153,0.414307,0.310547,0.164218,0.037648,165.679993,3663.000000
98.000000,-68.328712,0.029785,0.004738,0.414795,0.305664,0.164141,0.033956,135.410004,3662.000000
99.000000,-69.623817,0.029541,0.004881,0.415039,0.306152,0.163963,0.034339,135.509995,3666.000000
100.000000,-75.162544,0.028320,0.004650,0.414307,0.306396,0.163079,0.034963,146.539993,3666.000000
101.000000,-78.180382,0.029297,0.005464,0.416016,0.306641,0.164576,0.035101,157.210007,3678.000000
102.000000,-75.310669,0.029541,0.005208,0.416748,0.308594,0.164621,0.035367,143.759995,3670.000000
103.000000,-77.656944,0.028809,0.004674,0.416504,0.310059,0.165002,0.035295,156.750000,3657.000000
104.000000,-75.287437,0.027588,0.004437,0.417480,0.308594,0.166583,0.034769,153.169998,3622.000000
105.000000,-85.092621,0.028076,0.004536,0.421631,0.311768,0.168364,0.036026,173.740005,3720.000000
106.000000,-75.939598,0.028564,0.005145,0.421387,0.313965,0.167649,0.036257,142.020004,3732.000000
107.000000,-68.171761,0.027588,0.004323,0.421631,0.311768,0.167717,0.035079,126.379997,3679.000000
108.000000,-75.152489,0.028809,0.005996,0.422363,0.313721,0.168151,0.036762,150.460007,3669.000000
109.000000,-77.746582,0.026611,0.004634,0.420166,0.314209,0.167105,0.036545,160.580002,3664.000000
110.000000,-82.999382,0.025146,0.003992,0.419678,0.312988,0.166690,0.036699,168.470001,3680.000000
111.000000,-74.763023,0.024902,0.003646,0.421875,0.313232,0.167285,0.034457,153.330002,3668.000000
112.000000,-86.937317,0.024658,0.004073,0.423828,0.312012,0.168552,0.034229,178.449997,3662.000000
113.000000,-94.711227,0.025146,0.005246,0.425781,0.312012,0.170078,0.035432,199.850006,3652.000000
114.000000,-83.285927,0.025146,0.005282,0.425293,0.313477,0.169889,0.036206,168.130005,3664.000000
115.000000,-95.206932,0.024170,0.004989,0.426758,0.312744,0.171623,0.036204,193.690002,3677.000000
116.000000,-70.850395,0.023438,0.005351,0.426514,0.313721,0.170984,0.037656,136.050003,3685.000000
117.000000,-81.904305,0.023438,0.005135,0.426758,0.314453,0.170879,0.035902,160.210007,3672.000000
118.000000,-96.151909,0.025879,0.006444,0.427734,0.314209,0.171495,0.036444,190.369995,3686.000000
119.000000,-96.654694,0.025391,0.005113,0.427002,0.314209,0.170119,0.034856,206.020004,3684.000000
120.000000,-94.321098,0.024902,0.004536,0.426025,0.311768,0.168404,0.033762,180.270004,3675.000000
121.000000,-95.712158,0.025391,0.004862,0.427734,0.314209,0.169181,0.034958,181.380005,3667.000000
122.000000,-93.222816,0.025635,0.004894,0.431396,0.317627,0.171091,0.036688,182.869995,3676.000000
123.000000,-79.355759,0.024658,0.004287,0.430420,0.315186,0.169219,0.034208,149.649994,3676.000000
124.000000,-75.896935,0.026367,0.005341,0.431885,0.315674,0.169779,0.034671,144.979996,3693.000000
125.000000,-455.100006,0.025635,0.004899,0.430664,0.312744,0.169956,0.033542,1000.000000,3698.000000
126.000000,-244.372955,0.025879,0.005124,0.312256,0.265869,0.127333,0.031918,519.789978,3642.000000
127.000000,-83.831200,0.025879,0.004717,0.312012,0.267822,0.126140,0.033313,169.559998,3693.000000
128.000000,-87.474953,0.028076,0.006057,0.320068,0.293457,0.133109,0.052092,188.679993,3715.000000
129.000000,-45.848892,0.031250,0.007577,0.337891,0.333984,0.148452,0.072585,67.160004,3575.000000
130.000000,-42.596100,0.033203,0.008714,0.347900,0.328857,0.155201,0.057539,55.840000,3671.000000
131.000000,-56.940636,0.033936,0.009167,0.353027,0.307861,0.156403,0.046683,93.339996,3718.000000
132.000000,-91.213531,0.035400,0.009647,0.355957,0.306641,0.156173,0.046225,196.070007,3736.000000
133.000000,-78.996094,0.035645,0.009613,0.362061,0.319580,0.160354,0.056141,165.729996,3738.000000
134.000000,-89.237434,0.038574,0.010549,0.368652,0.343506,0.164815,0.071980,186.300003,3730.000000
135.000000,-110.543808,0.040283,0.010881,0.370850,0.348145,0.164482,0.066449,230.860001,3672.000000
136.000000,-111.233688,0.037842,0.009066,0.365967,0.326660,0.160969,0.054104,241.240005,3686.000000
137.000000,-150.532440,0.036133,0.008111,0.365723,0.317383,0.158572,0.049436,344.880005,3685.000000
138.000000,-150.602402,0.036377,0.008864,0.361084,0.314941,0.157127,0.052000,357.329987,3681.000000
139.000000,-136.284348,0.038574,0.008901,0.366455,0.330566,0.162056,0.063703,310.089996,3677.000000
140.000000,-104.505112,0.040283,0.009152,0.371582,0.338867,0.163661,0.065514,233.070007,3680.000000
141.000000,-107.863716,0.040283,0.008966,0.371094,0.333008,0.162162,0.061780,239.039993,3703.000000
142.000000,-110.196335,0.040283,0.009459,0.369629,0.326416,0.161138,0.056650,242.940002,3685.000000
143.000000,-141.207794,0.040283,0.008589,0.368164,0.321045,0.161776,0.054175,323.100006,3659.000000
144.000000,-133.990372,0.039795,0.008502,0.366699,0.323975,0.161972,0.058633,312.829987,3663.000000
145.000000,-148.865036,0.042725,0.010193,0.368896,0.336426,0.162517,0.064904,349.779999,3686.000000
146.000000,-101.886444,0.041748,0.009218,0.366943,0.329834,0.161029,0.060964,227.089996,3671.000000
147.000000,-112.718323,0.041016,0.008460,0.363525,0.324951,0.158258,0.059050,250.929993,3678.000000
148.000000,-113.455879,0.040039,0.008219,0.361816,0.320068,0.158269,0.058859,275.350006,3669.000000
149.000000,-121.765236,0.042725,0.009604,0.366211,0.319336,0.160397,0.059277,284.769989,3677.000000
150.000000,-112.307487,0.046387,0.011667,0.369141,0.335449,0.161009,0.070524,261.429993,3667.000000
151.000000,-97.455467,0.046875,0.010318,0.373047,0.342041,0.162366,0.070887,212.449997,3685.000000
152.000000,-87.437302,0.045654,0.009733,0.372559,0.336182,0.161301,0.065108,191.100006,3660.000000
153.000000,-115.849930,0.046143,0.008995,0.371826,0.330078,0.159583,0.061215,268.500000,3667.000000
154.000000,-97.465645,0.045654,0.009118,0.367920,0.332764,0.154238,0.062207,220.669998,3673.000000
155.000000,-111.837006,0.046387,0.009052,0.370850,0.337402,0.154936,0.064264,227.839996,3682.000000
156.000000,-116.425285,0.046631,0.009586,0.372314,0.341553,0.156237,0.068058,281.299988,3681.000000
157.000000,-102.872177,0.047363,0.010033,0.374756,0.342041,0.158589,0.065668,230.250000,3673.000000
158.000000,-95.439087,0.045166,0.008603,0.374756,0.337402,0.159164,0.060312,207.050003,3660.000000
159.000000,-101.087708,0.045166,0.009109,0.375000,0.333496,0.159149,0.059602,231.669998,3677.000000
160.000000,-106.952431,0.045410,0.008998,0.376709,0.335938,0.159848,0.061643,248.100006,3678.000000
161.000000,-107.962204,0.044189,0.008372,0.374268,0.334961,0.157908,0.062312,249.009995,3661.000000
162.000000,-112.021446,0.043213,0.008174,0.375000,0.344727,0.158097,0.066471,267.559998,3680.000000
163.000000,-75.952011,0.043945,0.008431,0.378418,0.343750,0.159449,0.063327,157.309998,3686.000000
164.000000,-83.723038,0.043945,0.008502,0.379639,0.335693,0.159777,0.060073,178.139999,3678.000000
165.000000,-122.336456,0.043213,0.008572,0.381592,0.335449,0.161577,0.060660,283.440002,3682.000000
166.000000,-89.813965,0.042969,0.008188,0.380127,0.334961,0.159744,0.062432,194.830002,3681.000000
167.000000,-135.566757,0.042725,0.008923,0.378906,0.340576,0.158396,0.065723,329.459991,3676.000000
168.000000,-119.020248,0.042480,0.009575,0.376953,0.339355,0.157139,0.064239,261.549988,3674.000000
169.000000,-101.726013,0.042725,0.010263,0.377197,0.341553,0.157160,0.065715,233.020004,3651.000000
170.000000,-94.527237,0.041260,0.009422,0.378906,0.342773,0.157600,0.065530,208.830002,3669.000000
171.000000,-96.978035,0.041260,0.009455,0.379883,0.339844,0.158608,0.063429,217.399994,3665.000000
172.000000,-100.180496,0.042236,0.010555,0.384766,0.343994,0.161562,0.065349,234.740005,3679.000000
173.000000,-88.013611,0.044678,0.011582,0.388184,0.345459,0.164335,0.066328,186.789993,3652.000000
174.000000,-105.153633,0.044678,0.011257,0.390869,0.351074,0.166248,0.066810,246.220001,3666.000000
175.000000,-97.926071,0.044678,0.010391,0.388428,0.347900,0.164899,0.063675,207.300003,3664.000000
176.000000,-109.693947,0.043945,0.010819,0.385498,0.346191,0.163009,0.063003,251.869995,3670.000000
177.000000,-99.770432,0.044922,0.011108,0.385498,0.349609,0.163579,0.065965,232.279999,3668.000000
178.000000,-101.881279,0.043701,0.010574,0.385742,0.348633,0.164985,0.065351,224.990005,3666.000000
179.000000,-97.330215,0.043701,0.009990,0.387451,0.350586,0.166104,0.065827,209.990005,3667.000000
180.000000,-99.241493,0.043213,0.010305,0.388672,0.350830,0.167384,0.064746,238.410004,3671.000000
181.000000,-102.406189,0.045166,0.010785,0.389404,0.352051,0.168104,0.064004,231.990005,3677.000000
182.000000,-97.725853,0.046143,0.010428,0.393555,0.354004,0.170861,0.064441,216.289993,3684.000000
183.000000,-106.806053,0.046631,0.010427,0.393799,0.358154,0.170460,0.065846,226.419998,3691.000000
184.000000,-85.626045,0.046143,0.009399,0.397705,0.356445,0.173124,0.062061,166.119995,3682.000000
185.000000,-88.739090,0.047363,0.010892,0.402100,0.359131,0.175897,0.062991,198.610001,3676.000000
186.000000,-87.834160,0.047607,0.010391,0.404785,0.362061,0.175554,0.063412,184.940002,3672.000000
187.000000,-89.754662,0.047852,0.011482,0.403320,0.360596,0.174026,0.062133,185.979996,3663.000000
188.000000,-75.937958,0.049072,0.012099,0.404541,0.358398,0.174314,0.061291,158.639999,3645.000000
189.000000,-83.781769,0.047607,0.011080,0.403076,0.358398,0.173238,0.061128,184.509995,3663.000000
190.000000,-90.002869,0.046875,0.010076,0.403809,0.358154,0.172950,0.058412,203.080002,3688.000000
191.000000,-91.464577,0.045898,0.010112,0.405273,0.357910,0.174314,0.059259,196.000000,3662.000000
192.000000,-86.657158,0.045166,0.010918,0.406006,0.357666,0.174459,0.060471,190.199997,3668.000000
193.000000,-88.233818,0.048096,0.012611,0.407715,0.357422,0.176234,0.060140,192.130005,3580.000000
194.000000,-86.836159,0.049072,0.011779,0.407959,0.358398,0.175668,0.059924,180.759995,3668.000000
195.000000,-116.861946,0.048340,0.011236,0.409668,0.355713,0.175419,0.056399,278.480011,3670.000000
196.000000,-101.796082,0.048340,0.011432,0.411621,0.357666,0.176019,0.059588,228.500000,3691.000000
197.000000,-105.057205,0.049072,0.011475,0.411865,0.356689,0.175702,0.058571,231.020004,3697.000000
198.000000,-112.450279,0.048828,0.010792,0.409912,0.352295,0.175019,0.055875,260.410004,3690.000000
199.000000,-94.806046,0.048096,0.011050,0.407959,0.346680,0.173549,0.053589,218.720001,3695.000000
200.000000,-91.072678,0.049316,0.011158,0.413086,0.350098,0.177599,0.056443,208.500000,3673.000000
201.000000,-107.842003,0.049072,0.010589,0.414062,0.352051,0.177620,0.055493,245.339996,3662.000000
202.000000,-104.846390,0.048340,0.010429,0.411865,0.354248,0.175979,0.059444,247.440002,3668.000000
203.000000,-107.300041,0.048096,0.010592,0.409424,0.354004,0.173132,0.059002,245.679993,3667.000000
204.000000,-74.993011,0.047852,0.009694,0.412109,0.353516,0.173752,0.054798,149.880005,3655.000000
205.000000,-103.075233,0.050049,0.011101,0.416992,0.354980,0.177433,0.054847,225.619995,3672.000000
206.000000,-96.823135,0.050537,0.011096,0.419434,0.353760,0.180456,0.055160,218.220001,3682.000000
207.000000,-75.528160,0.049316,0.010811,0.418213,0.355469,0.178381,0.057301,168.339996,3659.000000
208.000000,-86.684013,0.048584,0.010125,0.417480,0.354980,0.179094,0.056877,182.330002,3662.000000
209.000000,-90.820435,0.047607,0.009495,0.419678,0.356201,0.180714,0.057236,194.119995,3674.000000
210.000000,-86.037064,0.047852,0.009171,0.420166,0.355713,0.181121,0.056458,177.759995,3677.000000
211.000000,-76.025986,0.048340,0.009985,0.422607,0.354248,0.182377,0.055491,145.850006,3688.000000
212.000000,-83.265404,0.047363,0.010325,0.420166,0.356445,0.181070,0.059934,178.460007,3673.000000
213.000000,-110.569305,0.048340,0.010484,0.422607,0.358887,0.182306,0.060667,250.529999,3662.000000
214.000000,-104.032692,0.048096,0.010729,0.423340,0.357422,0.184038,0.058251,239.690002,3682.000000
215.000000,-93.068169,0.046875,0.010067,0.420654,0.358643,0.182590,0.058493,203.589996,3720.000000
216.000000,-83.566750,0.045898,0.009045,0.420410,0.356445,0.182272,0.055704,182.649994,3734.000000
217.000000,-89.643974,0.044922,0.008712,0.420898,0.352539,0.182347,0.052962,198.130005,3703.000000
218.000000,-88.554886,0.045410,0.009175,0.421387,0.353760,0.183915,0.055339,193.770004,3664.000000
219.000000,-103.724602,0.045410,0.009633,0.421875,0.354980,0.184662,0.055125,252.449997,3680.000000
220.000000,-105.484085,0.045654,0.010240,0.424805,0.359131,0.186875,0.058606,231.869995,3684.000000
221.000000,-92.455032,0.046387,0.010161,0.426270,0.360596,0.187901,0.059139,201.619995,3672.000000
222.000000,-110.889000,0.044922,0.009727,0.425537,0.357422,0.188066,0.056307,242.229996,3680.000000
223.000000,-104.508560,0.043945,0.009341,0.421143,0.355225,0.185137,0.056165,234.399994,3664.000000
224.000000,-84.312363,0.043457,0.009867,0.423340,0.357666,0.185936,0.057995,179.929993,3711.000000
225.000000,-113.082741,0.043701,0.009626,0.424072,0.356934,0.184503,0.056237,262.119995,3718.000000
226.000000,-113.569756,0.043945,0.010546,0.428223,0.358398,0.188424,0.058689,266.540009,3727.000000
227.000000,-99.829681,0.045654,0.011026,0.431152,0.363770,0.190517,0.061290,243.000000,3667.000000
228.000000,-83.699768,0.044922,0.010449,0.429932,0.364014,0.190212,0.059574,192.289993,3650.000000
229.000000,-85.539604,0.042969,0.009065,0.427490,0.362549,0.186788,0.057335,187.509995,3661.000000
230.000000,-97.141975,0.039062,0.008102,0.427246,0.355469,0.187849,0.054584,227.360001,3664.000000
231.000000,-110.045120,0.040039,0.008512,0.429932,0.355713,0.190473,0.053262,248.899994,3681.000000
232.000000,-100.549736,0.041748,0.009852,0.432373,0.360596,0.191329,0.056130,237.020004,3688.000000
233.000000,-77.119423,0.041992,0.009769,0.433350,0.359619,0.191309,0.056844,152.899994,3690.000000
234.000000,-111.357773,0.042725,0.009862,0.434082,0.362793,0.192155,0.057428,255.539993,3697.000000
235.000000,-87.914116,0.042480,0.009638,0.433105,0.366699,0.190914,0.057440,194.479996,3676.000000
236.000000,-90.496880,0.040771,0.008667,0.432129,0.365723,0.188231,0.056632,202.020004,3672.000000
237.000000,-97.983299,0.041016,0.008613,0.435547,0.367920,0.191970,0.055983,219.039993,3661.000000
238.000000,-78.728973,0.041016,0.008340,0.435303,0.365234,0.191410,0.053461,161.440002,3681.000000
239.000000,-107.784271,0.041748,0.008758,0.434814,0.372070,0.190565,0.058375,247.289993,3665.000000
240.000000,-99.781578,0.041504,0.009063,0.436768,0.367676,0.192400,0.054396,232.940002,3653.000000
241.000000,-91.728989,0.041504,0.009065,0.435791,0.368408,0.191317,0.055576,208.570007,3676.000000
242.000000,-91.252815,0.041016,0.008970,0.437012,0.367188,0.191898,0.054167,200.770004,3683.000000
243.000000,-94.435768,0.041260,0.008655,0.437256,0.369629,0.193597,0.056997,217.199997,3684.000000
244.000000,-93.409477,0.040527,0.008123,0.438965,0.371338,0.193830,0.057110,210.690002,3679.000000
245.000000,-73.073425,0.040283,0.008466,0.441406,0.367432,0.194068,0.052999,149.820007,3677.000000
246.000000,-106.509987,0.039795,0.008016,0.439697,0.368896,0.192848,0.055022,245.690002,3690.000000
247.000000,-81.272217,0.040039,0.008627,0.438965,0.366211,0.192095,0.053455,169.330002,3689.000000
248.000000,-98.418602,0.040283,0.008596,0.440674,0.367188,0.193922,0.054426,221.279999,3682.000000
249.000000,-101.480782,0.040283,0.009768,0.440918,0.368408,0.195387,0.054679,221.589996,3699.000000
250.000000,-339.779053,0.039795,0.009377,0.441650,0.366943,0.195779,0.053116,987.549988,3668.000000
251.000000,-120.991562,0.038086,0.008480,0.415771,0.358154,0.183728,0.052931,294.010010,3676.000000
252.000000,-94.235741,0.037109,0.008122,0.416260,0.355469,0.185638,0.052043,204.089996,3689.000000
253.000000,-80.278114,0.037354,0.008612,0.418701,0.355469,0.186214,0.050940,164.000000,3670.000000
254.000000,-130.938904,0.036865,0.008128,0.419678,0.358154,0.187044,0.051956,339.820007,3688.000000
255.000000,-145.421402,0.036865,0.008071,0.414795,0.358154,0.186320,0.053002,381.619995,3688.000000
256.000000,-126.969376,0.037354,0.008637,0.415039,0.360352,0.186760,0.055399,313.529999,3684.000000
257.000000,-97.422577,0.037109,0.007936,0.416016,0.361328,0.186203,0.053725,220.529999,3584.000000
258.000000,-97.387390,0.036621,0.008350,0.416504,0.361084,0.186237,0.053951,236.100006,3691.000000
259.000000,-138.588974,0.035645,0.007222,0.414795,0.361084,0.186575,0.054345,364.299988,3687.000000
260.000000,-126.569801,0.037598,0.008154,0.413330,0.355469,0.186971,0.050245,321.760010,3681.000000
261.000000,-128.488251,0.039795,0.009061,0.415283,0.358154,0.188763,0.052788,314.179993,3677.000000
262.000000,-133.721451,0.039307,0.008104,0.414795,0.356934,0.189324,0.052173,329.839996,3663.000000
263.000000,-120.739281,0.039062,0.008148,0.413818,0.357178,0.188176,0.053310,295.579987,3654.000000
264.000000,-122.205772,0.040527,0.008646,0.413086,0.362305,0.188680,0.054967,294.589996,3667.000000
265.000000,-142.812759,0.041260,0.008391,0.414062,0.363770,0.190748,0.055478,350.459991,3661.000000
266.000000,-126.510300,0.041504,0.008095,0.412842,0.360840,0.189856,0.053674,313.500000,3680.000000
267.000000,-160.698120,0.040527,0.007714,0.408447,0.354980,0.187643,0.050390,406.769989,3727.000000
268.000000,-142.800507,0.041260,0.007402,0.406006,0.354004,0.184431,0.049376,367.029999,3675.000000
269.000000,-110.575813,0.039551,0.007339,0.405273,0.352783,0.184172,0.051492,272.690002,3712.000000
270.000000,-135.124802,0.040039,0.007721,0.406250,0.355713,0.182505,0.055049,345.799988,3715.000000
271.000000,-137.342896,0.040527,0.007831,0.406006,0.353027,0.183230,0.053126,353.079987,3682.000000
272.000000,-125.085228,0.041016,0.008265,0.407471,0.354248,0.183204,0.053650,311.299988,3653.000000
273.000000,-125.407722,0.041504,0.008848,0.406006,0.349121,0.182478,0.051332,306.079987,3689.000000
274.000000,-100.755539,0.041260,0.007997,0.405029,0.353760,0.182036,0.054088,244.979996,3668.000000
275.000000,-99.343201,0.041504,0.007713,0.407715,0.352539,0.183217,0.054990,224.160004,3668.000000
276.000000,-99.849350,0.040039,0.007048,0.407715,0.350830,0.182414,0.051577,243.610001,3690.000000
277.000000,-113.975021,0.038818,0.006856,0.407471,0.346924,0.180885,0.052094,286.299988,3683.000000
278.000000,-105.005898,0.039307,0.007709,0.408203,0.348877,0.181198,0.055138,242.360001,3688.000000
279.000000,-124.685410,0.040283,0.008907,0.409180,0.349609,0.181539,0.056052,293.450012,3666.000000
280.000000,-106.046043,0.039062,0.007636,0.407715,0.350830,0.180149,0.057542,241.699997,3668.000000
281.000000,-110.742569,0.038818,0.007686,0.409912,0.349854,0.181009,0.055533,260.950012,3674.000000
282.000000,-124.540611,0.037109,0.006905,0.408691,0.348145,0.180408,0.052857,305.540009,3659.000000
283.000000,-119.832802,0.036865,0.007893,0.409424,0.346924,0.181002,0.055832,284.109985,3656.000000
284.000000,-115.172905,0.036621,0.007555,0.410400,0.349121,0.181644,0.056867,285.750000,3672.000000
285.000000,-136.690475,0.037354,0.007218,0.411621,0.350586,0.182663,0.056474,339.309998,3677.000000
286.000000,-109.300110,0.036377,0.007279,0.411865,0.347900,0.182676,0.056264,261.559998,3675.000000
287.000000,-107.614029,0.036133,0.007245,0.412598,0.349854,0.181862,0.056816,249.869995,3682.000000
288.000000,-119.402809,0.035889,0.007551,0.415283,0.346924,0.184285,0.056585,285.160004,3663.000000
289.000000,-115.038033,0.035400,0.007006,0.416260,0.346924,0.185566,0.057278,287.640015,3665.000000
290.000000,-128.913803,0.035400,0.008096,0.413574,0.348145,0.183217,0.058825,324.459991,3666.000000
291.000000,-108.063805,0.035889,0.007953,0.413574,0.347168,0.183092,0.057627,250.100006,3661.000000
292.000000,-112.458420,0.035645,0.007570,0.414062,0.349121,0.183057,0.058368,285.529999,3682.000000
293.000000,-101.323067,0.036377,0.007233,0.416748,0.344238,0.184034,0.054893,229.929993,3673.000000
294.000000,-118.224159,0.036621,0.008345,0.418945,0.345947,0.186263,0.056513,287.329987,3681.000000
295.000000,-132.734726,0.037354,0.008720,0.420410,0.345947,0.187521,0.057670,333.299988,3674.000000
296.000000,-108.075645,0.039551,0.009373,0.420654,0.348877,0.186576,0.059047,244.679993,3670.000000
297.000000,-102.643265,0.039795,0.009436,0.422607,0.348633,0.187743,0.057515,227.800003,3683.000000
298.000000,-103.743767,0.039307,0.008491,0.423584,0.350830,0.187610,0.059855,253.089996,3687.000000
299.000000,-88.638168,0.039551,0.008982,0.425049,0.347656,0.186845,0.058202,185.940002,3694.000000
300.000000,-116.213608,0.038818,0.008762,0.425781,0.354492,0.185453,0.063325,287.640015,3675.000000
301.000000,-122.605026,0.041992,0.009716,0.429199,0.350342,0.187262,0.060468,296.070007,3683.000000
302.000000,-103.688705,0.039795,0.008567,0.425781,0.347900,0.184498,0.060517,247.649994,3680.000000
303.000000,-105.511345,0.040283,0.008543,0.425781,0.347412,0.184278,0.059594,241.479996,3689.000000
304.000000,-136.634537,0.041504,0.008407,0.425537,0.349365,0.183342,0.059985,325.720001,3692.000000
305.000000,-106.017761,0.041016,0.007753,0.425293,0.345947,0.181983,0.056630,267.269989,3689.000000
306.000000,-112.646484,0.041504,0.007665,0.427734,0.348389,0.183313,0.058487,275.579987,3687.000000
307.000000,-93.808937,0.041748,0.008300,0.427002,0.346680,0.184958,0.056410,204.250000,3678.000000
308.000000,-94.669952,0.041260,0.008534,0.427002,0.343994,0.186680,0.055400,219.889999,3688.000000
309.000000,-126.874832,0.041260,0.008411,0.424805,0.344482,0.185233,0.057032,294.369995,3671.000000
310.000000,-119.286461,0.040283,0.008654,0.425537,0.342773,0.186198,0.056992,285.000000,3665.000000
311.000000,-97.404800,0.042969,0.009156,0.427002,0.348877,0.186325,0.058253,223.520004,3684.000000
312.000000,-77.163292,0.042480,0.009049,0.429443,0.345215,0.188382,0.055686,162.600006,3691.000000
313.000000,-93.033936,0.041748,0.008638,0.432617,0.348877,0.190053,0.059450,212.600006,3710.000000
314.000000,-115.833786,0.042725,0.008894,0.435059,0.352295,0.189800,0.060192,273.609985,3685.000000
315.000000,-99.852913,0.042236,0.009008,0.431885,0.356689,0.187250,0.063310,230.399994,3682.000000
316.000000,-116.075584,0.042236,0.008826,0.432617,0.355225,0.187745,0.060391,272.760010,3688.000000
317.000000,-113.673645,0.043945,0.009959,0.433105,0.356445,0.188962,0.059788,278.320007,3662.000000
318.000000,-90.972618,0.043701,0.009419,0.435791,0.353516,0.190807,0.058028,203.210007,3684.000000
319.000000,-120.477913,0.044189,0.009542,0.435791,0.358643,0.190773,0.062623,296.670013,3690.000000
320.000000,-131.145493,0.046875,0.011830,0.436523,0.361328,0.191932,0.064338,311.989990,3685.000000
321.000000,-90.495453,0.047363,0.011815,0.439941,0.359863,0.192429,0.062626,209.300003,3576.000000
322.000000,-124.869881,0.043945,0.010391,0.435303,0.354980,0.190994,0.061703,306.269989,3674.000000
323.000000,-113.847710,0.044678,0.010358,0.438232,0.354248,0.193335,0.060912,265.890015,3747.000000
324.000000,-113.972313,0.043701,0.009784,0.435791,0.357178,0.191176,0.062201,266.920013,3738.000000
325.000000,-103.494781,0.042725,0.009144,0.436279,0.359375,0.192377,0.062770,246.830002,3741.000000
326.000000,-121.031143,0.041016,0.010195,0.434570,0.357666,0.190487,0.061774,286.359985,3742.000000
327.000000,-95.439468,0.040527,0.010143,0.436768,0.356445,0.192356,0.059790,233.899994,3677.000000
328.000000,-104.759857,0.040283,0.009732,0.436279,0.354248,0.191071,0.059152,249.190002,3670.000000
329.000000,-110.541168,0.041016,0.009649,0.439941,0.357178,0.193036,0.059641,259.579987,3663.000000
330.000000,-80.061234,0.040771,0.009203,0.440186,0.363770,0.191133,0.064492,171.729996,3674.000000
331.000000,-98.325150,0.038574,0.008558,0.442871,0.361084,0.194028,0.060365,221.520004,3673.000000
332.000000,-92.874985,0.037354,0.007644,0.441406,0.360107,0.191674,0.058741,212.589996,3686.000000
333.000000,-92.992355,0.035156,0.007225,0.439697,0.355225,0.191460,0.058843,211.960007,3677.000000
334.000000,-126.539314,0.035645,0.007846,0.437500,0.355225,0.189776,0.059399,316.529999,3678.000000
335.000000,-113.069435,0.034912,0.008745,0.436768,0.352539,0.190456,0.059009,263.170013,3657.000000
336.000000,-94.157898,0.035645,0.008576,0.439941,0.356445,0.192104,0.059812,207.690002,3663.000000
337.000000,-107.548004,0.037109,0.008616,0.442627,0.355713,0.193900,0.060261,256.399994,3668.000000
338.000000,-101.513954,0.036865,0.008296,0.442383,0.356201,0.192996,0.060073,229.320007,3671.000000
339.000000,-93.239479,0.036621,0.008645,0.445801,0.357178,0.194331,0.058849,219.960007,3678.000000
340.000000,-104.877594,0.036133,0.008446,0.445801,0.355957,0.195195,0.059471,240.080002,3664.000000
341.000000,-94.625366,0.034912,0.007486,0.444580,0.354004,0.192764,0.058063,210.929993,3698.000000
342.000000,-96.871323,0.035889,0.008480,0.447021,0.357422,0.194219,0.059845,203.820007,3724.000000
343.000000,-110.266876,0.036865,0.009578,0.446777,0.358398,0.193665,0.060160,249.199997,3719.000000
344.000000,-116.469826,0.037354,0.009654,0.444824,0.361084,0.192855,0.061717,275.869995,3645.000000
345.000000,-113.643761,0.036865,0.008566,0.448242,0.358398,0.195929,0.058503,277.570007,3665.000000
346.000000,-125.181137,0.035156,0.008641,0.442871,0.353271,0.193041,0.057079,302.799988,3661.000000
347.000000,-89.078484,0.035400,0.009310,0.442871,0.354492,0.194912,0.057887,214.199997,3667.000000
348.000000,-107.606636,0.036133,0.009439,0.443359,0.356201,0.196587,0.060146,240.399994,3663.000000
349.000000,-99.656471,0.034912,0.007744,0.442139,0.356689,0.194492,0.059687,228.850006,3652.000000
350.000000,-87.102547,0.033936,0.007106,0.445557,0.352783,0.198418,0.057986,196.270004,3675.000000
351.000000,-96.243057,0.033691,0.007430,0.445801,0.355957,0.197983,0.059180,244.880005,3683.000000
352.000000,-97.735283,0.034180,0.007973,0.445557,0.361328,0.197104,0.060593,243.649994,3661.000000
353.000000,-95.688789,0.031982,0.007416,0.443604,0.355225,0.196817,0.059176,219.529999,3679.000000
354.000000,-113.157562,0.032227,0.007844,0.446533,0.354492,0.198778,0.058730,250.759995,3683.000000
355.000000,-118.663795,0.032715,0.007119,0.444336,0.351074,0.199318,0.055344,267.660004,3681.000000
356.000000,-96.883476,0.032715,0.007239,0.445068,0.353271,0.200072,0.057166,221.339996,3681.000000
357.000000,-91.376175,0.033203,0.007504,0.446533,0.352051,0.199814,0.055164,196.830002,3679.000000
358.000000,-93.597305,0.032715,0.008158,0.445557,0.353027,0.197867,0.057969,220.509995,3687.000000
359.000000,-90.295792,0.031738,0.007225,0.443604,0.348633,0.195189,0.056968,198.500000,3680.000000
360.000000,-95.625778,0.033447,0.008461,0.445068,0.349365,0.196528,0.058170,205.070007,3671.000000
361.000000,-119.339745,0.034424,0.008617,0.443115,0.354736,0.194850,0.060788,289.350006,3683.000000
362.000000,-119.179680,0.037354,0.009795,0.442383,0.356201,0.195229,0.059481,280.380005,3682.000000
363.000000,-110.772217,0.034912,0.008442,0.438721,0.353760,0.193265,0.059206,256.739990,3677.000000
364.000000,-98.505836,0.035156,0.008195,0.438721,0.350586,0.194018,0.056992,217.309998,3693.000000
365.000000,-101.284103,0.034912,0.008181,0.438721,0.350830,0.195143,0.057197,228.270004,3691.000000
366.000000,-98.796074,0.034912,0.008244,0.438721,0.353516,0.196475,0.059254,225.740005,3691.000000
367.000000,-83.474167,0.034912,0.008820,0.440918,0.354492,0.198725,0.059740,178.880005,3690.000000
368.000000,-109.133484,0.036133,0.008800,0.442139,0.352539,0.197588,0.057766,240.479996,3689.000000
369.000000,-106.046516,0.038086,0.009401,0.446777,0.354980,0.200292,0.057185,245.979996,3688.000000
370.000000,-102.705879,0.038086,0.009003,0.447510,0.356201,0.199659,0.059124,237.949997,3684.000000
371.000000,-100.258972,0.037842,0.008514,0.447266,0.360596,0.199282,0.060863,243.000000,3683.000000
372.000000,-112.148102,0.038086,0.009226,0.449951,0.361816,0.201804,0.060757,258.279999,3681.000000
373.000000,-82.417969,0.038818,0.009333,0.451660,0.359131,0.202926,0.060057,166.580002,3688.000000
374.000000,-117.056900,0.039795,0.009367,0.453857,0.358643,0.205164,0.058344,270.160004,3684.000000
375.000000,-287.756470,0.039062,0.008127,0.452637,0.358887,0.202335,0.056020,863.130005,3685.000000
376.000000,-103.079231,0.038574,0.007568,0.438477,0.356201,0.195615,0.059046,245.720001,3681.000000
377.000000,-101.221642,0.037842,0.008318,0.438477,0.355225,0.195945,0.058006,241.800003,3664.000000
378.000000,-107.222458,0.039307,0.008845,0.438721,0.354004,0.196259,0.057359,248.580002,3665.000000
379.000000,-126.270622,0.040039,0.009170,0.438721,0.355957,0.195531,0.060130,299.170013,3690.000000
380.000000,-115.921631,0.039307,0.008568,0.435059,0.351807,0.193455,0.056560,302.570007,3677.000000
381.000000,-103.638107,0.039795,0.008980,0.437744,0.352539,0.194239,0.057119,259.540009,3689.000000
382.000000,-114.809227,0.040283,0.008804,0.439941,0.356445,0.195476,0.058974,275.149994,3691.000000
383.000000,-122.458702,0.041992,0.008667,0.441406,0.358154,0.194985,0.058977,291.720001,3690.000000
384.000000,-145.231766,0.041504,0.007589,0.438721,0.353516,0.192831,0.055052,357.160004,3680.000000
385.000000,-119.780106,0.039307,0.007018,0.434570,0.347656,0.189731,0.053100,284.279999,3582.000000
386.000000,-113.781586,0.038574,0.006873,0.435059,0.347656,0.190122,0.054154,267.369995,3691.000000
387.000000,-128.086868,0.038330,0.007085,0.431641,0.347656,0.188794,0.054443,320.679993,3691.000000
388.000000,-110.806290,0.039062,0.007431,0.429688,0.347412,0.186599,0.054047,258.790009,3684.000000
389.000000,-112.033310,0.038818,0.007649,0.430664,0.352051,0.187272,0.057918,273.369995,3715.000000
390.000000,-104.207077,0.038574,0.007704,0.431885,0.353027,0.187854,0.056658,247.199997,3670.000000
391.000000,-135.402039,0.038574,0.007484,0.428223,0.352539,0.186313,0.057058,334.790009,3691.000000
392.000000,-143.214096,0.040283,0.008917,0.430664,0.349609,0.189133,0.056376,353.920013,3681.000000
393.000000,-124.730362,0.041260,0.008786,0.431396,0.350830,0.190175,0.056468,301.029999,3660.000000
394.000000,-115.302719,0.041260,0.008078,0.430420,0.353760,0.188524,0.056380,281.489990,3663.000000
395.000000,-93.858223,0.040527,0.007287,0.429443,0.354736,0.188426,0.055275,216.600006,3662.000000
396.000000,-127.185432,0.041016,0.007528,0.431396,0.355713,0.190806,0.058166,304.390015,3677.000000
397.000000,-110.665680,0.038330,0.006506,0.428223,0.352295,0.187567,0.054124,281.809998,3685.000000
398.000000,-151.427811,0.038330,0.007082,0.427002,0.351074,0.186935,0.055100,402.700012,3694.000000
399.000000,-118.885422,0.039307,0.007889,0.427490,0.354004,0.188420,0.058808,278.630005,3677.000000
400.000000,-126.782112,0.038086,0.006772,0.427734,0.353516,0.189163,0.055583,312.929993,3679.000000
401.000000,-109.431786,0.037842,0.007061,0.428223,0.354980,0.187753,0.057259,256.880005,3688.000000
402.000000,-132.783249,0.037109,0.006466,0.427490,0.352295,0.187240,0.055450,326.519989,3678.000000
403.000000,-106.037117,0.037598,0.007799,0.430420,0.348145,0.190554,0.054747,237.369995,3686.000000
404.000000,-132.546783,0.037842,0.007983,0.427979,0.348877,0.188873,0.055186,316.679993,3691.000000
405.000000,-149.658295,0.040039,0.008888,0.429443,0.356201,0.190268,0.059343,379.179993,3683.000000
406.000000,-122.190979,0.040527,0.007950,0.431641,0.361572,0.191869,0.060615,276.410004,3691.000000
407.000000,-135.593887,0.041504,0.008960,0.430420,0.362305,0.191432,0.060748,326.989990,3686.000000
408.000000,-115.365868,0.042236,0.008593,0.429199,0.353271,0.190753,0.052627,276.750000,3683.000000
409.000000,-117.317047,0.041748,0.008271,0.429199,0.356934,0.190915,0.056115,272.950012,3685.000000
410.000000,-141.482803,0.042725,0.008369,0.430908,0.360596,0.192686,0.059149,367.739990,3676.000000
411.000000,-123.437187,0.042725,0.008649,0.430420,0.363281,0.192594,0.059100,302.089996,3672.000000
412.000000,-114.944870,0.044189,0.009068,0.431885,0.362305,0.194777,0.059343,278.600006,3677.000000
413.000000,-87.712440,0.046143,0.010272,0.434326,0.362549,0.195829,0.059004,202.800003,3677.000000
414.000000,-135.062897,0.048340,0.011274,0.435303,0.364990,0.197518,0.058736,341.529999,3674.000000
415.000000,-121.868980,0.049316,0.011867,0.437744,0.364258,0.199090,0.059029,303.000000,3677.000000
416.000000,-139.137558,0.048584,0.010876,0.433350,0.364990,0.195466,0.059736,336.250000,3675.000000
417.000000,-108.779884,0.046387,0.010830,0.429688,0.360840,0.193329,0.056160,250.759995,3686.000000
418.000000,-133.819260,0.047607,0.011376,0.427734,0.361328,0.191047,0.058343,338.750000,3677.000000
419.000000,-121.316040,0.047607,0.010525,0.427246,0.359619,0.191290,0.056423,310.899994,3685.000000
420.000000,-94.715347,0.048828,0.011184,0.429199,0.363525,0.192656,0.058256,203.199997,3690.000000
421.000000,-124.200600,0.049316,0.011417,0.428223,0.365479,0.191205,0.058630,304.200012,3675.000000
422.000000,-109.599884,0.047363,0.010534,0.426514,0.364502,0.189946,0.057143,256.679993,3733.000000
423.000000,-114.027969,0.046387,0.010298,0.428955,0.367920,0.192079,0.060879,272.500000,3715.000000
424.000000,-105.907738,0.047607,0.010708,0.431396,0.363281,0.193098,0.057669,244.979996,3690.000000
425.000000,-99.428795,0.047852,0.010536,0.427979,0.366699,0.190867,0.059244,247.199997,3680.000000
426.000000,-98.644501,0.047607,0.010907,0.426758,0.365479,0.191575,0.059910,220.750000,3651.000000
427.000000,-116.654961,0.047363,0.010219,0.426025,0.366699,0.190162,0.058995,274.579987,3665.000000
428.000000,-124.595695,0.047363,0.010297,0.427979,0.359863,0.193776,0.057011,292.339996,3670.000000
429.000000,-126.808731,0.047852,0.011608,0.429199,0.360107,0.194284,0.058075,309.950012,3649.000000
430.000000,-98.390648,0.048340,0.011427,0.433594,0.361084,0.196049,0.057502,224.720001,3673.000000
431.000000,-127.950119,0.051270,0.013111,0.431641,0.364502,0.196047,0.059852,303.179993,3665.000000
432.000000,-128.511322,0.051025,0.013001,0.428711,0.362305,0.193049,0.060061,313.649994,3688.000000
433.000000,-143.918839,0.052246,0.013107,0.428223,0.359375,0.193017,0.058867,351.640015,3679.000000
434.000000,-101.058891,0.052979,0.013094,0.426025,0.360596,0.191664,0.060974,240.110001,3676.000000
435.000000,-121.343903,0.051758,0.012194,0.423584,0.365479,0.189026,0.064822,305.799988,3686.000000
436.000000,-109.486809,0.052002,0.013008,0.427490,0.367188,0.193310,0.064549,259.040009,3728.000000
437.000000,-90.629234,0.051270,0.012855,0.426270,0.366699,0.192667,0.063799,206.000000,3718.000000
438.000000,-90.137184,0.051514,0.012768,0.428223,0.367432,0.192524,0.062100,206.720001,3664.000000
439.000000,-126.021492,0.051025,0.011699,0.427490,0.364746,0.189684,0.059596,322.179993,3692.000000
440.000000,-100.796593,0.048096,0.010522,0.424072,0.357910,0.186768,0.058558,236.139999,3688.000000
441.000000,-125.394119,0.047852,0.010428,0.424316,0.356934,0.186134,0.056981,308.420013,3686.000000
442.000000,-114.880508,0.047363,0.010161,0.424805,0.360352,0.186323,0.059147,288.850006,3678.000000
443.000000,-98.780991,0.047607,0.011087,0.425293,0.362305,0.187419,0.061053,235.600006,3677.000000
444.000000,-108.392845,0.048340,0.011377,0.424561,0.359863,0.187002,0.059358,246.729996,3665.000000
445.000000,-122.738556,0.050537,0.013225,0.427002,0.359375,0.189884,0.060843,300.070007,3677.000000
446.000000,-101.895454,0.050781,0.012008,0.428467,0.358398,0.188399,0.059316,229.820007,3691.000000
447.000000,-97.844482,0.050781,0.011282,0.428467,0.355225,0.186212,0.057662,224.240005,3697.000000
448.000000,-132.297684,0.050293,0.011269,0.428467,0.358887,0.187840,0.061872,329.489990,3682.000000
449.000000,-111.738907,0.049561,0.010457,0.426025,0.361084,0.185818,0.061458,261.850006,3583.000000
450.000000,-102.305519,0.050293,0.010710,0.426270,0.358643,0.186346,0.060920,241.000000,3677.000000
451.000000,-120.744682,0.049561,0.010175,0.426514,0.360596,0.187768,0.061344,285.750000,3691.000000
452.000000,-104.214897,0.048584,0.010199,0.423096,0.358154,0.185843,0.059877,234.240005,3680.000000
453.000000,-131.025101,0.046875,0.010130,0.421387,0.358398,0.184985,0.062295,319.450012,3687.000000
454.000000,-112.153061,0.047119,0.010202,0.422852,0.359375,0.186215,0.061134,261.670013,3690.000000
455.000000,-85.807014,0.046143,0.010906,0.422607,0.360352,0.187026,0.063075,202.210007,3678.000000
456.000000,-123.011635,0.049561,0.012984,0.426758,0.364502,0.189828,0.064020,298.290009,3684.000000
457.000000,-110.253807,0.049805,0.011811,0.426025,0.367188,0.188656,0.064622,262.220001,3676.000000
458.000000,-108.057198,0.049316,0.011547,0.424805,0.365967,0.188205,0.064561,250.869995,3669.000000
459.000000,-97.728477,0.049561,0.011611,0.424805,0.363037,0.188927,0.060939,221.050003,3695.000000
460.000000,-112.370422,0.049561,0.011631,0.424561,0.359863,0.190260,0.058979,273.809998,3732.000000
461.000000,-84.215218,0.049072,0.011047,0.423340,0.363281,0.187991,0.062601,190.729996,3683.000000
462.000000,-119.593620,0.049805,0.010969,0.423828,0.363525,0.188940,0.061056,278.200012,3693.000000
463.000000,-104.371696,0.050049,0.010735,0.425049,0.359863,0.189820,0.058791,242.100006,3695.000000
464.000000,-112.557152,0.049561,0.010804,0.426514,0.360107,0.190152,0.059394,277.500000,3669.000000
465.000000,-99.150963,0.050049,0.012082,0.427246,0.358398,0.191129,0.059461,229.039993,3681.000000
466.000000,-121.385315,0.048584,0.011578,0.425781,0.360596,0.190609,0.062411,296.470001,3668.000000
467.000000,-95.497818,0.048096,0.011474,0.426758,0.357422,0.192445,0.059104,216.509995,3677.000000
468.000000,-79.993408,0.049561,0.011356,0.426514,0.359375,0.191821,0.059788,166.110001,3689.000000
469.000000,-93.194908,0.048828,0.010608,0.423584,0.354980,0.188165,0.056560,215.039993,3688.000000
470.000000,-111.268730,0.048584,0.009931,0.424316,0.358398,0.187595,0.060426,264.260010,3686.000000
471.000000,-142.504333,0.050293,0.010449,0.426514,0.362793,0.191347,0.060931,365.869995,3678.000000
472.000000,-105.704536,0.052979,0.011504,0.424072,0.363770,0.190092,0.062230,251.360001,3684.000000
473.000000,-101.145111,0.053467,0.012209,0.423096,0.363525,0.189766,0.060985,228.369995,3692.000000
474.000000,-125.112068,0.050293,0.010796,0.423828,0.357666,0.191566,0.056961,301.429993,3689.000000
475.000000,-113.579788,0.047852,0.009837,0.420166,0.354980,0.188091,0.058060,270.049988,3682.000000
476.000000,-127.994408,0.048584,0.010230,0.423340,0.362793,0.190027,0.061614,329.179993,3635.000000
477.000000,-104.132530,0.050049,0.010677,0.423828,0.362793,0.190341,0.059686,239.130005,3683.000000
478.000000,-102.621780,0.049316,0.010948,0.421631,0.357666,0.187860,0.057203,244.289993,3662.000000
479.000000,-104.571808,0.048584,0.011245,0.424316,0.360107,0.190479,0.057296,235.639999,3673.000000
480.000000,-91.477646,0.049072,0.010716,0.426514,0.354980,0.192164,0.056047,202.850006,3672.000000
481.000000,-109.612465,0.049561,0.011459,0.425537,0.358643,0.190474,0.058244,258.760010,3672.000000
482.000000,-103.669235,0.051514,0.011203,0.432617,0.361084,0.194986,0.058722,244.380005,3685.000000
483.000000,-96.666588,0.052979,0.012057,0.432617,0.367920,0.194348,0.062785,225.729996,3666.000000
484.000000,-110.161552,0.053467,0.012005,0.434326,0.366211,0.194906,0.060578,248.940002,3690.000000
485.000000,-107.341743,0.051514,0.011842,0.433105,0.358887,0.195488,0.056997,242.869995,3674.000000
486.000000,-114.898445,0.050537,0.011396,0.432373,0.362305,0.196125,0.059359,282.019989,3666.000000
487.000000,-121.978790,0.052734,0.012498,0.435303,0.366455,0.197882,0.060888,297.170013,3717.000000
488.000000,-128.924103,0.053467,0.011889,0.433594,0.368408,0.196876,0.061632,319.540009,3703.000000
489.000000,-78.968155,0.052490,0.011038,0.432617,0.362793,0.194872,0.055927,169.929993,3688.000000
490.000000,-124.828430,0.052002,0.010362,0.431641,0.358154,0.193616,0.054244,295.839996,3674.000000
491.000000,-106.131706,0.050781,0.010906,0.430664,0.356689,0.194191,0.054290,240.910004,3675.000000
492.000000,-98.915291,0.051758,0.011700,0.431396,0.361572,0.193297,0.059352,236.949997,3720.000000
493.000000,-86.611122,0.053467,0.012859,0.434082,0.363770,0.195301,0.059556,198.850006,3685.000000
494.000000,-90.246422,0.053711,0.012115,0.434082,0.361328,0.194728,0.059053,197.529999,3691.000000
495.000000,-113.567322,0.052490,0.011439,0.432373,0.358643,0.194133,0.055411,258.230011,3687.000000
496.000000,-114.898155,0.052490,0.011351,0.427979,0.360352,0.191996,0.055072,288.440002,3677.000000
497.000000,-119.666405,0.051270,0.011230,0.427002,0.363770,0.190921,0.058521,296.790009,3671.000000
498.000000,-120.484169,0.052002,0.011382,0.426514,0.366455,0.190790,0.057063,290.480011,3711.000000
499.000000,-92.600098,0.052734,0.012385,0.427734,0.362061,0.191738,0.054381,208.190002,3688.000000
500.000000,-187.950516,0.051270,0.010979,0.427734,0.360107,0.192394,0.053316,528.390015,3721.000000
501.000000,-128.470078,0.053223,0.012617,0.425537,0.361328,0.192360,0.056795,309.290009,3703.000000
502.000000,-116.502930,0.052246,0.011733,0.424561,0.367920,0.191556,0.060988,275.690002,3691.000000
503.000000,-105.583313,0.051758,0.011244,0.425049,0.370361,0.190562,0.058077,243.820007,3715.000000
504.000000,-125.070198,0.054443,0.012300,0.425781,0.372803,0.190751,0.060660,303.019989,3670.000000
505.000000,-101.816826,0.053223,0.010839,0.423828,0.367676,0.189087,0.055711,267.660004,3680.000000
506.000000,-100.644173,0.052979,0.011422,0.423340,0.366211,0.188695,0.055834,240.580002,3677.000000
507.000000,-117.890106,0.052002,0.009964,0.424316,0.365967,0.188503,0.054814,290.470001,3683.000000
508.000000,-110.528343,0.052246,0.010299,0.425781,0.372070,0.189855,0.059429,253.410004,3677.000000
509.000000,-107.489410,0.051270,0.010130,0.423828,0.369629,0.187987,0.058064,264.970001,3661.000000
510.000000,-115.324608,0.048584,0.008775,0.421387,0.362305,0.187619,0.054706,287.859985,3674.000000
511.000000,-88.240158,0.049072,0.009451,0.421631,0.363525,0.188383,0.056065,210.330002,3673.000000
512.000000,-128.697083,0.048096,0.009356,0.420898,0.361328,0.188755,0.055068,327.380005,3676.000000
513.000000,-119.080490,0.049316,0.010117,0.424561,0.363037,0.191522,0.057423,284.980011,3572.000000
514.000000,-131.895798,0.048828,0.008858,0.425537,0.364746,0.192805,0.056307,321.200012,3676.000000
515.000000,-108.347298,0.049072,0.009489,0.424072,0.363281,0.191273,0.056887,252.789993,3660.000000
516.000000,-113.464386,0.049561,0.009924,0.427490,0.361084,0.194462,0.054396,266.920013,3657.000000
517.000000,-96.590195,0.047852,0.010630,0.425537,0.360840,0.193152,0.054120,223.110001,3669.000000
518.000000,-121.483353,0.046875,0.010271,0.420898,0.356934,0.190386,0.054111,294.130005,3665.000000
519.000000,-115.030800,0.048096,0.010287,0.421631,0.361816,0.189549,0.056998,273.459991,3683.000000
520.000000,-115.294472,0.047119,0.009448,0.418945,0.362549,0.187474,0.054820,284.380005,3655.000000
521.000000,-120.310059,0.048584,0.009915,0.420410,0.361816,0.190015,0.056013,295.339996,3667.000000
522.000000,-103.820335,0.048096,0.009938,0.420166,0.362061,0.188025,0.056031,247.020004,3669.000000
523.000000,-139.567490,0.047852,0.009590,0.421387,0.362549,0.189152,0.055615,350.010010,3663.000000
524.000000,-82.941322,0.047852,0.009456,0.422363,0.361084,0.189243,0.054406,180.759995,3681.000000
525.000000,-112.578331,0.049072,0.010151,0.423340,0.364990,0.189847,0.056422,265.940002,3638.000000
526.000000,-124.960815,0.049316,0.010970,0.421875,0.364258,0.189266,0.056957,305.230011,3660.000000
527.000000,-120.336159,0.051270,0.012050,0.423584,0.364258,0.190902,0.057655,295.299988,3663.000000
528.000000,-120.483841,0.049805,0.010824,0.421631,0.360596,0.190345,0.055442,302.089996,3666.000000
529.000000,-99.602028,0.049805,0.011726,0.426270,0.362061,0.194125,0.056097,227.630005,3661.000000
530.000000,-104.965279,0.051025,0.012634,0.429932,0.362793,0.196850,0.058433,241.889999,3678.000000
531.000000,-111.917938,0.050293,0.012023,0.429443,0.361084,0.194893,0.058251,261.190002,3680.000000
532.000000,-97.417122,0.049561,0.011371,0.428711,0.359131,0.193050,0.056533,226.830002,3645.000000
533.000000,-120.771873,0.050293,0.011714,0.427490,0.360107,0.192106,0.058486,301.149994,3660.000000
534.000000,-106.741997,0.051025,0.011126,0.426758,0.361328,0.190950,0.058161,245.850006,3673.000000
535.000000,-100.245506,0.051758,0.012144,0.427734,0.359375,0.191846,0.056967,232.520004,3654.000000
536.000000,-105.490410,0.048584,0.010812,0.427246,0.360840,0.192316,0.059666,259.619995,3658.000000
537.000000,-105.666397,0.048340,0.010392,0.429688,0.361816,0.192613,0.057629,245.270004,3661.000000
538.000000,-113.626236,0.047852,0.010708,0.427734,0.364502,0.190500,0.058738,269.140015,3646.000000
539.000000,-112.817856,0.047852,0.010465,0.430420,0.359131,0.192952,0.056284,265.440002,3680.000000
540.000000,-117.939972,0.048096,0.011024,0.430420,0.360107,0.194299,0.057729,292.390015,3653.000000
541.000000,-103.383026,0.049072,0.011207,0.430664,0.366699,0.195260,0.061376,238.779999,3662.000000
542.000000,-118.451256,0.048584,0.010761,0.431152,0.364502,0.195612,0.058373,292.519989,3651.000000
543.000000,-144.083694,0.048828,0.011375,0.430664,0.361572,0.195192,0.057829,339.540009,3679.000000
544.000000,-113.633232,0.049072,0.011094,0.429688,0.360352,0.194157,0.055502,280.059998,3692.000000
545.000000,-102.143913,0.048096,0.009866,0.425537,0.355225,0.191784,0.052830,240.639999,3682.000000
546.000000,-107.730980,0.048340,0.009905,0.427490,0.360107,0.194145,0.055443,261.649994,3672.000000
547.000000,-125.780632,0.049805,0.010831,0.428467,0.363037,0.194199,0.056520,298.910004,3684.000000
548.000000,-109.618538,0.047852,0.010680,0.421875,0.365234,0.190249,0.060190,264.739990,3686.000000
549.000000,-101.699356,0.049072,0.010381,0.424072,0.363525,0.192094,0.058123,238.820007,3671.000000
550.000000,-126.421120,0.048340,0.011679,0.424561,0.361328,0.193588,0.058160,326.779999,3668.000000
551.000000,-101.102646,0.049072,0.011215,0.426025,0.363281,0.194543,0.060150,239.529999,3657.000000
552.000000,-102.389519,0.048584,0.010426,0.426025,0.366211,0.193426,0.059119,230.860001,3658.000000
553.000000,-125.144623,0.049561,0.010655,0.424072,0.365723,0.191324,0.058907,294.600006,3661.000000
554.000000,-110.161781,0.048340,0.010102,0.426270,0.365723,0.191881,0.058598,258.010010,3685.000000
555.000000,-108.866623,0.047363,0.010758,0.424316,0.364014,0.191484,0.059150,252.539993,3681.000000
556.000000,-125.508781,0.047852,0.011337,0.422852,0.361328,0.191260,0.058286,303.010010,3693.000000
557.000000,-111.688736,0.048340,0.011755,0.423096,0.357666,0.191568,0.057393,265.279999,3685.000000
558.000000,-116.540840,0.049561,0.011949,0.424805,0.359619,0.193318,0.058977,271.200012,3684.000000
559.000000,-86.303131,0.049072,0.011730,0.426514,0.359131,0.193113,0.058731,193.509995,3678.000000
560.000000,-101.901329,0.046875,0.010510,0.424316,0.359375,0.192208,0.060009,241.710007,3662.000000
561.000000,-107.657326,0.046631,0.011458,0.425293,0.360107,0.193493,0.060099,264.399994,3675.000000
562.000000,-117.598320,0.046143,0.011184,0.425293,0.358398,0.194254,0.058930,300.070007,3692.000000
563.000000,-94.475494,0.046631,0.012267,0.425781,0.360352,0.195786,0.061881,225.929993,3678.000000
564.000000,-128.520248,0.046143,0.012165,0.423340,0.362305,0.193793,0.063546,319.260010,3689.000000
565.000000,-134.963272,0.047363,0.012131,0.424316,0.359131,0.193547,0.060339,316.609985,3686.000000
566.000000,-97.940765,0.047119,0.012170,0.423584,0.360596,0.191904,0.061787,221.839996,3675.000000
567.000000,-108.692261,0.048096,0.012512,0.424316,0.364014,0.192077,0.062678,284.260010,3678.000000
568.000000,-120.525787,0.050781,0.012827,0.427246,0.366211,0.194849,0.063563,287.690002,3690.000000
569.000000,-91.166794,0.048828,0.012141,0.426270,0.361816,0.191546,0.060422,206.220001,3654.000000
570.000000,-106.461426,0.047363,0.011497,0.423828,0.361572,0.189292,0.062570,252.610001,3659.000000
571.000000,-98.290161,0.046387,0.011193,0.424805,0.362793,0.189506,0.063257,233.529999,3669.000000
572.000000,-93.512268,0.047607,0.012221,0.432129,0.367188,0.196030,0.065103,215.679993,3680.000000
573.000000,-128.126740,0.048828,0.012800,0.429199,0.366943,0.192694,0.063514,312.470001,3687.000000
574.000000,-85.075302,0.048096,0.011969,0.428467,0.364014,0.192639,0.061106,188.250000,3672.000000
575.000000,-151.505814,0.049316,0.013034,0.425781,0.361328,0.190769,0.060418,379.309998,3688.000000
576.000000,-99.334976,0.051270,0.014578,0.427002,0.363525,0.192015,0.062510,226.429993,3685.000000
577.000000,-120.723839,0.051270,0.013505,0.427002,0.368408,0.192817,0.064885,304.750000,3574.000000
578.000000,-134.183914,0.051025,0.013216,0.428955,0.371338,0.194466,0.065766,328.329987,3691.000000
579.000000,-115.651825,0.052246,0.013596,0.432129,0.373047,0.195437,0.066507,284.470001,3689.000000
580.000000,-107.362045,0.049805,0.011596,0.430664,0.368408,0.193745,0.062336,262.829987,3662.000000
581.000000,-119.959587,0.050293,0.011451,0.431152,0.370850,0.194936,0.061946,297.970001,3687.000000
582.000000,-107.949966,0.051270,0.012401,0.431641,0.370361,0.195272,0.061839,259.790009,3683.000000
583.000000,-127.862450,0.051025,0.011652,0.430420,0.368652,0.194013,0.060744,326.079987,3691.000000
584.000000,-118.578621,0.051025,0.010763,0.429199,0.372070,0.191150,0.062300,287.160004,3682.000000
585.000000,-115.214645,0.050293,0.010604,0.427979,0.368408,0.190231,0.062644,278.519989,3685.000000
586.000000,-120.300911,0.051758,0.011894,0.429443,0.369141,0.193092,0.064005,294.739990,3678.000000
587.000000,-100.213455,0.052002,0.012516,0.433105,0.374268,0.196714,0.065358,239.009995,3673.000000
588.000000,-99.669167,0.052002,0.012171,0.435059,0.373779,0.197161,0.064993,238.639999,3656.000000
589.000000,-107.149567,0.052002,0.011514,0.435059,0.371826,0.196939,0.061216,268.829987,3675.000000
590.000000,-114.837616,0.051514,0.011380,0.435547,0.365967,0.197352,0.059530,273.299988,3685.000000
591.000000,-125.290680,0.051758,0.011577,0.433350,0.366943,0.194147,0.060922,310.570007,3666.000000
592.000000,-102.963844,0.051270,0.011152,0.436768,0.367676,0.196572,0.060440,247.339996,3669.000000
593.000000,-88.557938,0.051270,0.011529,0.435791,0.369629,0.195016,0.060850,196.149994,3646.000000
594.000000,-105.012253,0.051514,0.011215,0.434082,0.371582,0.194003,0.061428,245.809998,3643.000000
595.000000,-97.025284,0.052246,0.011529,0.435303,0.371094,0.194089,0.058124,214.919998,3653.000000
596.000000,-112.183594,0.051514,0.012166,0.434326,0.369385,0.193128,0.058513,268.489990,3661.000000
597.000000,-127.928535,0.051758,0.012707,0.433350,0.370605,0.191506,0.057920,305.070007,3687.000000
598.000000,-103.166443,0.050293,0.010953,0.436768,0.371338,0.193123,0.058373,247.130005,3673.000000
599.000000,-116.638100,0.051758,0.011419,0.436279,0.370117,0.191805,0.058110,282.420013,3676.000000
600.000000,-105.906151,0.051025,0.011179,0.435059,0.369141,0.189818,0.057888,255.300003,3688.000000
601.000000,-103.060020,0.048096,0.011226,0.431885,0.368652,0.187824,0.058560,246.440002,3682.000000
602.000000,-124.258789,0.049072,0.012463,0.431152,0.366943,0.189165,0.058033,311.470001,3676.000000
603.000000,-104.384834,0.049805,0.012241,0.430420,0.365479,0.187979,0.057876,239.570007,3684.000000
604.000000,-104.263901,0.049805,0.011542,0.430176,0.361572,0.189084,0.055626,249.410004,3734.000000
605.000000,-101.732658,0.047363,0.010724,0.430664,0.364258,0.189595,0.057020,247.240005,3710.000000
606.000000,-95.496468,0.045166,0.010192,0.428711,0.363037,0.188585,0.058379,224.639999,3729.000000
607.000000,-106.920898,0.044922,0.009874,0.431641,0.362305,0.190495,0.057624,255.600006,3734.000000
608.000000,-115.678558,0.043945,0.008735,0.432373,0.360840,0.191473,0.054242,276.390015,3708.000000
609.000000,-116.480919,0.045166,0.009251,0.434082,0.364014,0.193002,0.055513,264.730011,3733.000000
610.000000,-123.560493,0.043945,0.008311,0.433838,0.363525,0.193430,0.055993,298.260010,3736.000000
611.000000,-111.419136,0.042725,0.008815,0.433105,0.363525,0.192448,0.056667,264.799988,3733.000000
612.000000,-116.443764,0.042969,0.008543,0.434570,0.361084,0.191541,0.052912,271.899994,3732.000000
613.000000,-110.024376,0.041504,0.007502,0.433594,0.359619,0.190560,0.052575,278.940002,3686.000000
614.000000,-93.407486,0.041260,0.007973,0.431641,0.359863,0.188955,0.054287,215.250000,3667.000000
615.000000,-124.038368,0.040771,0.007318,0.431396,0.364990,0.188148,0.057515,296.700012,3666.000000
616.000000,-109.305763,0.041260,0.007691,0.433594,0.365967,0.189405,0.056988,259.100006,3658.000000
617.000000,-96.549507,0.042725,0.009205,0.434082,0.366455,0.188516,0.057742,226.160004,3661.000000
618.000000,-101.598167,0.041260,0.007391,0.432373,0.364990,0.187971,0.056241,256.869995,3668.000000
619.000000,-128.515625,0.042969,0.008147,0.435547,0.363281,0.190182,0.054517,312.220001,3688.000000
620.000000,-123.137840,0.043457,0.007957,0.435303,0.364502,0.189429,0.055639,304.209991,3673.000000
621.000000,-141.190582,0.043945,0.008296,0.438232,0.367676,0.191870,0.057929,351.059998,3680.000000
622.000000,-110.933342,0.044189,0.007699,0.438721,0.365967,0.191692,0.055615,278.619995,3711.000000
623.000000,-110.948189,0.044922,0.008912,0.441162,0.365967,0.194544,0.057388,245.520004,3665.000000
624.000000,-110.712959,0.046875,0.009144,0.440186,0.367432,0.193489,0.056241,268.239990,3662.000000
625.000000,-126.175575,0.045654,0.008125,0.440430,0.367676,0.193164,0.056188,324.079987,3677.000000
626.000000,-107.457901,0.047119,0.008601,0.444580,0.370361,0.195237,0.056260,264.260010,3688.000000
627.000000,-114.607964,0.046387,0.008225,0.444092,0.366455,0.195766,0.053654,294.250000,3686.000000
628.000000,-115.017296,0.043701,0.007075,0.442871,0.367188,0.193707,0.054000,280.750000,3676.000000
629.000000,-123.523193,0.043945,0.007510,0.440430,0.366699,0.191543,0.054438,310.510010,3663.000000
630.000000,-127.080818,0.042236,0.006831,0.436523,0.362549,0.188123,0.052667,323.829987,3680.000000
631.000000,-126.666351,0.043213,0.008230,0.435303,0.369629,0.187933,0.057139,321.140015,3668.000000
632.000000,-117.158272,0.043457,0.008465,0.435303,0.369141,0.187422,0.057004,300.690002,3691.000000
633.000000,-110.755417,0.045166,0.009524,0.439697,0.371338,0.191953,0.057451,276.529999,3675.000000
634.000000,-127.219345,0.045898,0.009623,0.439697,0.366699,0.191840,0.055673,328.399994,3676.000000
635.000000,-113.197350,0.045654,0.009905,0.437988,0.367188,0.190318,0.056877,267.250000,3678.000000
636.000000,-95.704216,0.046387,0.010696,0.439209,0.368896,0.191452,0.058741,215.330002,3685.000000
637.000000,-131.195496,0.044189,0.009670,0.438965,0.368652,0.192696,0.059082,332.929993,3727.000000
638.000000,-113.972862,0.045166,0.010550,0.439453,0.372314,0.193358,0.061183,290.480011,3714.000000
639.000000,-110.339195,0.045410,0.010186,0.438965,0.370361,0.193431,0.058780,274.589996,3713.000000
640.000000,-87.232101,0.042236,0.008446,0.434082,0.364258,0.190136,0.055408,204.660004,3713.000000
641.000000,-111.145340,0.043213,0.009834,0.436523,0.367676,0.191960,0.059276,265.809998,3574.000000
642.000000,-105.560303,0.042969,0.009881,0.434814,0.366699,0.190877,0.057680,252.449997,3689.000000
643.000000,-122.342720,0.041992,0.009348,0.432129,0.366699,0.190202,0.058711,303.299988,3683.000000
644.000000,-85.594635,0.042480,0.009799,0.434082,0.365479,0.191716,0.057421,191.699997,3679.000000
645.000000,-113.296890,0.042236,0.008922,0.434082,0.363525,0.192742,0.055228,269.290009,3681.000000
646.000000,-114.963539,0.042969,0.009445,0.434814,0.366699,0.194121,0.058826,281.679993,3691.000000
647.000000,-130.594772,0.044434,0.010405,0.436523,0.372070,0.195632,0.061379,336.649994,3735.000000
648.000000,-116.062622,0.045410,0.010125,0.438965,0.373535,0.198504,0.062063,278.910004,3730.000000
649.000000,-101.880028,0.045898,0.010258,0.438477,0.374023,0.197306,0.060708,241.520004,3736.000000
650.000000,-108.570274,0.046387,0.009045,0.440918,0.369141,0.199326,0.056688,252.940002,3716.000000
651.000000,-119.296661,0.046143,0.009904,0.438721,0.365967,0.197127,0.056096,295.839996,3663.000000
652.000000,-129.276108,0.045654,0.010037,0.436035,0.368164,0.194736,0.055983,342.739990,3706.000000
653.000000,-127.771080,0.044922,0.010107,0.434570,0.370361,0.194229,0.059263,316.380005,3679.000000
654.000000,-138.113419,0.047363,0.011542,0.437500,0.373535,0.196834,0.060808,316.250000,3681.000000
655.000000,-95.655396,0.046875,0.012456,0.434570,0.367432,0.194843,0.060749,227.460007,3672.000000
656.000000,-137.754852,0.047119,0.011390,0.434570,0.366943,0.194630,0.059999,350.079987,3692.000000
657.000000,-108.345161,0.048340,0.011372,0.434814,0.372803,0.193611,0.062575,256.029999,3681.000000
658.000000,-117.364746,0.048096,0.010380,0.434570,0.371094,0.193799,0.062241,297.130005,3681.000000
659.000000,-131.327713,0.049316,0.011011,0.435059,0.375732,0.194702,0.061342,342.540009,3682.000000
660.000000,-115.978012,0.048828,0.011403,0.432861,0.368408,0.192735,0.058789,286.480011,3642.000000
661.000000,-115.523384,0.047119,0.010401,0.430176,0.368164,0.190003,0.058623,278.959991,3683.000000
662.000000,-111.673363,0.045410,0.009281,0.427490,0.365723,0.187224,0.056959,260.339996,3673.000000
663.000000,-96.791183,0.045410,0.010897,0.431396,0.368896,0.189697,0.060753,234.000000,3688.000000
664.000000,-117.491165,0.046387,0.010723,0.431396,0.367676,0.189106,0.060180,284.670013,3696.000000
665.000000,-88.846863,0.048096,0.011750,0.435791,0.370850,0.191972,0.062085,204.539993,3685.000000
666.000000,-107.098328,0.047363,0.011009,0.430908,0.368896,0.189491,0.060137,263.769989,3683.000000
667.000000,-123.803993,0.046387,0.010406,0.430176,0.367188,0.190374,0.059712,325.140015,3650.000000
668.000000,-105.746674,0.046631,0.010280,0.428467,0.366943,0.189952,0.058998,262.149994,3689.000000
669.000000,-117.837265,0.046387,0.010321,0.431885,0.368896,0.193843,0.060501,279.380005,3688.000000
670.000000,-106.978981,0.048340,0.010718,0.434326,0.370850,0.194863,0.060649,268.239990,3687.000000
671.000000,-117.932083,0.047363,0.009378,0.433594,0.370117,0.192860,0.059647,294.329987,3690.000000
672.000000,-102.512566,0.046631,0.008914,0.434570,0.372070,0.193206,0.060606,238.960007,3683.000000
673.000000,-105.893211,0.045654,0.008022,0.434570,0.369873,0.191564,0.058963,238.470001,3677.000000
674.000000,-120.750710,0.046875,0.009216,0.436523,0.369873,0.193899,0.059921,299.820007,3685.000000
675.000000,-130.210327,0.047607,0.009351,0.436279,0.369385,0.193093,0.060293,344.049988,3688.000000
676.000000,-126.703392,0.048096,0.008794,0.434326,0.369873,0.191478,0.058409,318.980011,3686.000000
677.000000,-122.495453,0.048340,0.008047,0.433350,0.371338,0.190522,0.059440,296.149994,3672.000000
678.000000,-104.548599,0.048096,0.008612,0.433105,0.372559,0.191264,0.060089,256.750000,3674.000000
679.000000,-110.482689,0.046387,0.008381,0.429199,0.371826,0.188771,0.058181,267.109985,3687.000000
680.000000,-99.700218,0.046631,0.008464,0.428223,0.364502,0.189016,0.056172,229.050003,3685.000000
681.000000,-148.169296,0.046875,0.008615,0.427246,0.363770,0.189535,0.056590,377.230011,3675.000000
682.000000,-95.727295,0.046875,0.009568,0.427246,0.362793,0.190222,0.056713,216.639999,3667.000000
683.000000,-126.276276,0.047119,0.009717,0.427002,0.365723,0.190484,0.059718,315.420013,3685.000000
684.000000,-116.288460,0.044678,0.008581,0.425049,0.365967,0.188988,0.059157,282.630005,3684.000000
685.000000,-97.049118,0.044189,0.007861,0.425781,0.366699,0.188216,0.058150,244.600006,3684.000000
686.000000,-117.057167,0.042236,0.008205,0.424316,0.364502,0.188144,0.056823,268.160004,3682.000000
687.000000,-107.674583,0.042480,0.008057,0.425781,0.361084,0.189400,0.054308,246.139999,3655.000000
688.000000,-107.434204,0.044189,0.008928,0.427246,0.367920,0.189416,0.059057,268.579987,3692.000000
689.000000,-113.333519,0.043457,0.008458,0.424805,0.367676,0.188457,0.058319,269.160004,3681.000000
690.000000,-106.219833,0.044189,0.009174,0.427002,0.368164,0.190869,0.057524,266.309998,3671.000000
691.000000,-105.744835,0.044434,0.008227,0.428223,0.366943,0.190717,0.056102,251.699997,3681.000000
692.000000,-173.245239,0.044434,0.008173,0.424805,0.364746,0.188486,0.056419,465.399994,3684.000000
693.000000,-100.695107,0.043213,0.007759,0.424072,0.362549,0.187650,0.055725,242.779999,3691.000000
694.000000,-129.979370,0.043213,0.008403,0.422852,0.358154,0.187581,0.055540,308.640015,3683.000000
695.000000,-123.292206,0.042969,0.008283,0.420898,0.361084,0.186123,0.059617,304.260010,3689.000000
696.000000,-112.707199,0.042969,0.008341,0.423096,0.361572,0.188317,0.058903,268.950012,3694.000000
697.000000,-134.179245,0.043701,0.009786,0.423828,0.364990,0.188982,0.061623,328.350006,3679.000000
698.000000,-132.230606,0.043457,0.009059,0.424072,0.364502,0.190841,0.059805,306.709991,3712.000000
699.000000,-100.638992,0.041504,0.007943,0.420898,0.360352,0.187497,0.057592,235.889999,3663.000000
700.000000,-108.711380,0.042969,0.010180,0.424805,0.358154,0.190883,0.055516,253.330002,3647.000000
701.000000,-111.139503,0.042236,0.009250,0.425781,0.358887,0.189783,0.057333,266.339996,3676.000000
702.000000,-115.931206,0.041992,0.009251,0.428467,0.360352,0.191152,0.059420,283.390015,3679.000000
703.000000,-107.876160,0.041748,0.009429,0.428955,0.363770,0.190571,0.061567,272.820007,3677.000000
704.000000,-105.450745,0.042725,0.009831,0.431396,0.365967,0.192981,0.062931,253.570007,3659.000000
705.000000,-117.249451,0.043457,0.010163,0.429443,0.366943,0.191949,0.063569,279.399994,3581.000000
706.000000,-143.241531,0.044189,0.009773,0.427734,0.366211,0.191640,0.061801,365.660004,3680.000000
707.000000,-120.203751,0.041748,0.009105,0.426758,0.361084,0.191922,0.058494,308.839996,3652.000000
708.000000,-95.439621,0.042480,0.009980,0.426270,0.362549,0.191787,0.060612,220.580002,3680.000000
709.000000,-128.021500,0.041992,0.009047,0.425781,0.363281,0.191682,0.058037,334.200012,3656.000000
710.000000,-109.791542,0.040771,0.010210,0.427246,0.362061,0.192826,0.061540,264.529999,3677.000000
711.000000,-124.058159,0.042480,0.011224,0.426758,0.362793,0.192545,0.062882,301.559998,3686.000000
712.000000,-122.078949,0.041992,0.010245,0.425293,0.363281,0.190523,0.062695,301.600006,3678.000000
713.000000,-116.891151,0.041992,0.010525,0.425537,0.362549,0.191317,0.061426,273.510010,3678.000000
714.000000,-123.543709,0.044922,0.011897,0.430420,0.369141,0.194350,0.066186,299.369995,3676.000000
715.000000,-115.104584,0.044922,0.011492,0.429443,0.369629,0.192902,0.064439,276.859985,3669.000000
716.000000,-117.323059,0.042969,0.011193,0.425781,0.364990,0.189315,0.064458,293.359985,3658.000000
717.000000,-125.355408,0.043945,0.011289,0.425537,0.362793,0.189240,0.062458,321.239990,3681.000000
718.000000,-101.216103,0.043945,0.011244,0.427246,0.365479,0.189493,0.065079,244.610001,3682.000000
719.000000,-114.753510,0.043457,0.010404,0.428467,0.366943,0.190095,0.065881,264.950012,3665.000000
720.000000,-89.665146,0.044922,0.011248,0.429443,0.371094,0.189306,0.066100,211.949997,3674.000000
721.000000,-98.788246,0.044434,0.011143,0.427246,0.371338,0.187175,0.064480,235.369995,3686.000000
722.000000,-103.753685,0.044434,0.011246,0.428223,0.373535,0.187436,0.065028,247.369995,3687.000000
723.000000,-95.370270,0.043945,0.010477,0.429443,0.367920,0.186786,0.061017,210.490005,3691.000000
724.000000,-112.744133,0.043457,0.010955,0.427979,0.367676,0.186544,0.061971,277.329987,3691.000000
725.000000,-117.356812,0.044189,0.011358,0.429443,0.369873,0.188297,0.062647,277.220001,3689.000000
726.000000,-93.316795,0.043701,0.011512,0.429443,0.367920,0.187763,0.063377,217.979996,3691.000000
727.000000,-136.842377,0.043945,0.011559,0.426025,0.367188,0.184863,0.063134,327.019989,3688.000000
728.000000,-119.958527,0.043701,0.012162,0.423584,0.368896,0.183775,0.063134,308.179993,3677.000000
729.000000,-110.138763,0.043457,0.012175,0.427734,0.367676,0.188113,0.061224,252.220001,3681.000000
730.000000,-135.874054,0.044434,0.012455,0.426025,0.367676,0.188896,0.062699,315.109985,3685.000000
731.000000,-100.112640,0.043945,0.011695,0.427246,0.368896,0.188670,0.060664,245.639999,3677.000000
732.000000,-105.504333,0.044434,0.011298,0.426758,0.368408,0.188736,0.059967,263.010010,3678.000000
733.000000,-129.327545,0.043945,0.010743,0.422607,0.366211,0.187015,0.059697,314.739990,3630.000000
734.000000,-108.215668,0.042969,0.010098,0.424072,0.365479,0.188101,0.058621,257.269989,3668.000000
735.000000,-89.720833,0.042725,0.011015,0.421143,0.361084,0.186035,0.058613,203.220001,3659.000000
736.000000,-111.837524,0.043213,0.011090,0.421875,0.361084,0.187935,0.058948,275.540009,3681.000000
737.000000,-119.837212,0.043457,0.011142,0.421631,0.357666,0.189164,0.055596,313.279999,3678.000000
738.000000,-98.008911,0.044189,0.011366,0.423340,0.357422,0.190291,0.059310,218.809998,3675.000000
739.000000,-119.854713,0.044434,0.011319,0.423096,0.363525,0.190866,0.061584,290.359985,3686.000000
740.000000,-124.935028,0.045410,0.011828,0.422363,0.357910,0.190847,0.057231,295.709991,3682.000000
741.000000,-119.460190,0.045898,0.011584,0.423340,0.362305,0.191503,0.061328,267.019989,3675.000000
742.000000,-107.105652,0.046143,0.010671,0.425049,0.361328,0.192643,0.058739,267.640015,3672.000000
743.000000,-107.106277,0.046387,0.010250,0.425293,0.364746,0.192745,0.057820,248.970001,3675.000000
744.000000,-105.712929,0.047119,0.010173,0.427002,0.365479,0.193143,0.056397,249.759995,3678.000000
745.000000,-82.722862,0.045654,0.009354,0.422607,0.363281,0.189572,0.055787,183.529999,3679.000000
746.000000,-97.655327,0.045410,0.009170,0.424805,0.363281,0.191150,0.054117,224.300003,3674.000000
747.000000,-92.264771,0.045654,0.009431,0.426270,0.368896,0.190615,0.057728,196.690002,3657.000000
748.000000,-86.987343,0.046387,0.010166,0.428223,0.371338,0.190994,0.058078,191.539993,3679.000000
749.000000,-96.980545,0.047363,0.011275,0.432617,0.371826,0.194110,0.058948,218.550003,3683.000000
750.000000,-104.524643,0.044922,0.009880,0.428711,0.368408,0.189135,0.055324,252.369995,3656.000000
751.000000,-111.285431,0.043701,0.009601,0.428467,0.364746,0.188979,0.054868,268.630005,3656.000000
752.000000,-112.070557,0.043701,0.009144,0.429443,0.365967,0.189332,0.057435,272.820007,3679.000000
753.000000,-106.112595,0.043945,0.008628,0.430664,0.363281,0.188526,0.055136,261.559998,3689.000000
754.000000,-112.859917,0.044189,0.010006,0.431152,0.365479,0.188335,0.056462,268.100006,3675.000000
755.000000,-124.464745,0.044678,0.010293,0.427246,0.362061,0.186685,0.053809,308.660004,3664.000000
756.000000,-101.708237,0.044678,0.010496,0.427979,0.364746,0.187661,0.056780,252.050003,3665.000000
757.000000,-101.889214,0.044678,0.010809,0.430420,0.367920,0.190172,0.058857,241.759995,3666.000000
758.000000,-111.478935,0.043945,0.010507,0.429688,0.364014,0.190649,0.055996,271.200012,3668.000000
759.000000,-82.126984,0.042480,0.011231,0.425293,0.363770,0.186831,0.058752,177.770004,3664.000000
760.000000,-111.702187,0.042969,0.011001,0.425781,0.364014,0.188945,0.058647,258.890015,3662.000000
761.000000,-113.600159,0.042969,0.010891,0.425781,0.365967,0.188402,0.059046,277.040009,3684.000000
762.000000,-120.706161,0.041260,0.010454,0.427246,0.362061,0.188632,0.057483,315.950012,3689.000000
763.000000,-124.131302,0.042236,0.010746,0.423584,0.359619,0.186460,0.055813,322.109985,3676.000000
764.000000,-103.178001,0.041016,0.010384,0.420898,0.360840,0.184789,0.057946,260.970001,3657.000000
765.000000,-95.170242,0.043213,0.012166,0.422607,0.360352,0.188071,0.057502,214.899994,3663.000000
766.000000,-118.859871,0.043457,0.011699,0.421143,0.366211,0.186291,0.062923,286.980011,3685.000000
767.000000,-119.690811,0.044189,0.012119,0.420410,0.364746,0.185222,0.060818,286.040009,3659.000000
768.000000,-113.074135,0.043213,0.011700,0.421143,0.363770,0.186738,0.061090,294.859985,3692.000000
769.000000,-104.028847,0.041504,0.010340,0.422363,0.360840,0.187588,0.057820,242.050003,3587.000000
770.000000,-103.238220,0.040283,0.010562,0.419922,0.363037,0.187007,0.060647,253.990005,3682.000000
771.000000,-113.332054,0.041504,0.010268,0.420654,0.361816,0.188374,0.059257,268.950012,3681.000000
772.000000,-88.389915,0.041504,0.010212,0.422119,0.363525,0.188705,0.061210,201.580002,3674.000000
773.000000,-121.696014,0.042969,0.009617,0.423828,0.366455,0.189596,0.059037,298.589996,3650.000000
774.000000,-97.810028,0.044189,0.010579,0.423584,0.368408,0.189851,0.062214,227.339996,3670.000000
775.000000,-106.031273,0.044189,0.011483,0.425293,0.368652,0.192789,0.061344,251.990005,3680.000000
776.000000,-110.379761,0.044189,0.010464,0.425049,0.366455,0.192702,0.059802,267.950012,3686.000000
777.000000,-123.730904,0.045410,0.011825,0.427979,0.365967,0.195291,0.060124,308.489990,3676.000000
778.000000,-120.827408,0.045410,0.010946,0.425049,0.369629,0.193200,0.061715,313.149994,3681.000000
779.000000,-99.852921,0.045654,0.010563,0.430908,0.370361,0.196526,0.059301,229.539993,3669.000000
780.000000,-104.014946,0.045898,0.011204,0.430420,0.368164,0.195469,0.060034,258.250000,3668.000000
781.000000,-111.322792,0.044922,0.009771,0.432373,0.367188,0.195983,0.058551,273.290009,3674.000000
782.000000,-125.232994,0.044434,0.009465,0.433105,0.369873,0.195325,0.062255,313.260010,3678.000000
783.000000,-120.011772,0.044189,0.008805,0.431885,0.370361,0.192985,0.061900,302.779999,3672.000000
784.000000,-102.610405,0.043945,0.009062,0.434326,0.366699,0.194450,0.058433,247.440002,3659.000000
785.000000,-112.250977,0.043701,0.009059,0.434326,0.368896,0.192747,0.061400,277.690002,3666.000000
786.000000,-125.715080,0.042969,0.009134,0.430664,0.367676,0.190114,0.060657,334.640015,3665.000000
787.000000,-98.681976,0.042236,0.008140,0.431641,0.370850,0.189434,0.061516,225.460007,3655.000000
788.000000,-106.945663,0.044189,0.010041,0.432861,0.371338,0.190034,0.061927,257.880005,3678.000000
789.000000,-100.193733,0.045166,0.010610,0.432617,0.369141,0.188985,0.061053,219.440002,3664.000000
790.000000,-99.686607,0.046631,0.011665,0.435303,0.368896,0.191074,0.060840,241.070007,3683.000000
791.000000,-114.459572,0.047119,0.010949,0.436279,0.369629,0.191070,0.060480,270.779999,3686.000000
792.000000,-124.390778,0.046143,0.009667,0.435059,0.368164,0.189860,0.060077,297.019989,3685.000000
793.000000,-94.913551,0.044434,0.009390,0.434570,0.369873,0.189906,0.061733,225.160004,3686.000000
794.000000,-116.079239,0.043457,0.009122,0.434570,0.367676,0.189240,0.059455,278.179993,3685.000000
795.000000,-132.407318,0.041748,0.008162,0.432373,0.364014,0.186573,0.059825,329.929993,3666.000000
796.000000,-104.441277,0.041016,0.008873,0.433350,0.362793,0.187160,0.058704,247.770004,3664.000000
797.000000,-98.899689,0.039795,0.008743,0.433105,0.363525,0.186268,0.061938,229.149994,3662.000000
798.000000,-86.359062,0.040527,0.008641,0.435059,0.368408,0.185346,0.062117,188.979996,3665.000000
799.000000,-116.798920,0.041260,0.008337,0.433838,0.369385,0.185934,0.061563,290.570007,3661.000000
800.000000,-91.597260,0.040527,0.007551,0.433838,0.368408,0.186680,0.060774,224.729996,3662.000000
801.000000,-100.485985,0.039307,0.007738,0.432129,0.363281,0.185848,0.058564,253.500000,3652.000000
802.000000,-94.885757,0.040283,0.008845,0.433350,0.364258,0.187842,0.060108,218.220001,3663.000000
803.000000,-123.039856,0.039551,0.008264,0.434814,0.360107,0.189800,0.058068,317.739990,3680.000000
804.000000,-104.767761,0.039551,0.008562,0.432373,0.360840,0.187787,0.060318,260.070007,3683.000000
805.000000,-104.628746,0.041260,0.009400,0.437500,0.361816,0.191849,0.057956,247.479996,3684.000000
806.000000,-96.282440,0.041504,0.008609,0.439941,0.365479,0.193449,0.060155,231.399994,3686.000000
807.000000,-116.559731,0.042236,0.009460,0.437744,0.363525,0.191255,0.059776,295.579987,3684.000000
808.000000,-100.703560,0.040039,0.009237,0.434814,0.362549,0.189348,0.060390,238.889999,3686.000000
809.000000,-99.288475,0.040039,0.008239,0.435791,0.361084,0.190916,0.059324,221.619995,3685.000000
810.000000,-106.122681,0.040771,0.008499,0.437988,0.362061,0.191970,0.061289,259.489990,3664.000000
811.000000,-127.842957,0.043213,0.009349,0.437012,0.362061,0.192815,0.059297,327.459991,3669.000000
812.000000,-125.137192,0.044922,0.010396,0.438232,0.369873,0.193667,0.064373,294.910004,3678.000000
813.000000,-112.305435,0.044678,0.010177,0.434814,0.369629,0.191499,0.062938,290.739990,3678.000000
814.000000,-108.096367,0.043213,0.009561,0.430176,0.362305,0.187428,0.057957,265.040009,3678.000000
815.000000,-145.847260,0.042236,0.008174,0.428467,0.360107,0.185273,0.058549,378.790009,3687.000000
816.000000,-111.434364,0.042236,0.008924,0.427002,0.360107,0.183123,0.059389,282.239990,3676.000000
817.000000,-98.010971,0.041260,0.008598,0.426270,0.362305,0.182874,0.059833,236.940002,3661.000000
818.000000,-109.154289,0.040771,0.007751,0.427490,0.364990,0.184183,0.059341,252.240005,3717.000000
819.000000,-106.451904,0.041260,0.008188,0.428223,0.365479,0.184642,0.060134,249.429993,3730.000000
820.000000,-116.317902,0.041260,0.009429,0.429688,0.365723,0.186528,0.062480,277.970001,3662.000000
821.000000,-129.781479,0.040527,0.008613,0.431396,0.364502,0.187241,0.061675,324.130005,3666.000000
822.000000,-121.399712,0.041260,0.008764,0.432373,0.361572,0.188062,0.060222,302.029999,3709.000000
823.000000,-104.293854,0.042236,0.009311,0.434326,0.361816,0.189728,0.059038,243.479996,3729.000000
824.000000,-120.046165,0.041992,0.010142,0.436279,0.364502,0.191957,0.062762,308.850006,3718.000000
825.000000,-102.010544,0.042725,0.010562,0.437012,0.363770,0.191667,0.063383,241.429993,3722.000000
826.000000,-115.654282,0.041748,0.009628,0.432617,0.360596,0.187420,0.062294,286.429993,3729.000000
827.000000,-95.896027,0.043457,0.010396,0.435547,0.363525,0.188524,0.063807,213.740005,3723.000000
828.000000,-118.483688,0.041016,0.009728,0.435547,0.359375,0.189795,0.060195,286.420013,3720.000000
829.000000,-114.202805,0.041016,0.009347,0.434326,0.355957,0.189256,0.059010,272.720001,3685.000000
830.000000,-124.082161,0.041504,0.009537,0.433594,0.361816,0.187937,0.063240,326.109985,3662.000000
831.000000,-115.305038,0.041748,0.009142,0.435791,0.361084,0.188634,0.062082,270.839996,3680.000000
832.000000,-122.128464,0.041016,0.009592,0.432617,0.358154,0.186844,0.062541,291.190002,3681.000000
833.000000,-108.180031,0.041504,0.009539,0.431885,0.356201,0.187593,0.059258,255.039993,3590.000000
834.000000,-98.747238,0.044922,0.011436,0.435059,0.354980,0.190586,0.058977,232.410004,3690.000000
835.000000,-122.172928,0.044189,0.010987,0.435791,0.356934,0.192553,0.062113,286.720001,3684.000000
836.000000,-88.626595,0.043457,0.010345,0.434570,0.359375,0.190002,0.065723,207.559998,3680.000000
837.000000,-100.288094,0.042725,0.010154,0.435059,0.360107,0.190473,0.062141,249.449997,3688.000000
838.000000,-93.510818,0.041992,0.010056,0.433838,0.359131,0.190164,0.061874,216.089996,3719.000000
839.000000,-90.892601,0.043213,0.010423,0.435303,0.358154,0.190841,0.061694,217.919998,3647.000000
840.000000,-116.970795,0.041748,0.010505,0.432861,0.356689,0.190150,0.059292,298.859985,3685.000000
841.000000,-115.131409,0.042236,0.011416,0.432373,0.358643,0.190516,0.060744,271.149994,3679.000000
842.000000,-122.738052,0.041992,0.010808,0.432617,0.362305,0.189371,0.062125,287.829987,3681.000000
843.000000,-109.791306,0.041504,0.010841,0.435791,0.363770,0.192018,0.061079,266.109985,3687.000000
844.000000,-115.517952,0.041504,0.011571,0.436279,0.362549,0.193660,0.059777,270.899994,3674.000000
845.000000,-131.990112,0.041992,0.011129,0.433838,0.360107,0.190919,0.058964,331.220001,3680.000000
846.000000,-89.648819,0.042236,0.009385,0.433594,0.364014,0.189449,0.059751,202.520004,3682.000000
847.000000,-100.793892,0.041504,0.008784,0.436035,0.363525,0.192404,0.058777,243.539993,3678.000000
848.000000,-110.831520,0.041992,0.009035,0.435303,0.365234,0.191307,0.060663,289.950012,3683.000000
849.000000,-132.949677,0.041504,0.008917,0.437256,0.368164,0.193384,0.059367,317.329987,3687.000000
850.000000,-118.538803,0.041748,0.008994,0.439941,0.367920,0.194793,0.062033,265.649994,3682.000000
851.000000,-125.778061,0.041992,0.009690,0.440674,0.368652,0.195027,0.060781,305.670013,3681.000000
852.000000,-98.486588,0.041504,0.009872,0.440430,0.364258,0.195563,0.058862,231.949997,3685.000000
853.000000,-118.326958,0.040771,0.009759,0.435791,0.367188,0.191938,0.061935,280.000000,3673.000000
854.000000,-111.178131,0.041504,0.010873,0.435547,0.362061,0.191594,0.059372,266.670013,3688.000000
855.000000,-116.593964,0.041992,0.011135,0.435303,0.363770,0.190879,0.061985,285.880005,3673.000000
856.000000,-93.800705,0.041016,0.010405,0.436279,0.360596,0.191233,0.058124,211.350006,3673.000000
857.000000,-122.379707,0.040527,0.010024,0.436523,0.362549,0.192032,0.060251,304.109985,3678.000000
858.000000,-135.369751,0.041992,0.012254,0.439697,0.365967,0.195344,0.063288,345.649994,3682.000000
859.000000,-115.833595,0.041748,0.011897,0.439209,0.366699,0.193494,0.062434,270.019989,3673.000000
860.000000,-129.510880,0.041504,0.010737,0.438721,0.365479,0.191828,0.058978,311.000000,3659.000000
861.000000,-139.040955,0.041992,0.011739,0.438477,0.370361,0.191511,0.063218,367.440002,3674.000000
862.000000,-110.501122,0.042725,0.012245,0.439453,0.365479,0.193203,0.058437,267.239990,3681.000000
863.000000,-114.811058,0.042480,0.012272,0.439941,0.361084,0.193068,0.058951,275.149994,3681.000000
864.000000,-113.733551,0.041504,0.012399,0.436768,0.362305,0.191042,0.060287,287.820007,3679.000000
865.000000,-125.393158,0.042725,0.012770,0.437744,0.363281,0.192483,0.062180,310.769989,3666.000000
866.000000,-114.260162,0.045166,0.013368,0.440430,0.368408,0.195878,0.062790,277.700012,3659.000000
867.000000,-103.739677,0.044678,0.011956,0.438965,0.359619,0.194309,0.056174,237.369995,3659.000000
868.000000,-110.515503,0.044189,0.012556,0.436523,0.360352,0.192270,0.057875,261.829987,3661.000000
869.000000,-117.424217,0.045166,0.012281,0.435791,0.360107,0.190883,0.057067,290.010010,3647.000000
870.000000,-126.560547,0.046875,0.012636,0.440430,0.369385,0.193838,0.064478,305.910004,3672.000000
871.000000,-115.498726,0.048584,0.012866,0.443359,0.375244,0.194832,0.065517,299.160004,3663.000000
872.000000,-93.295059,0.048096,0.011792,0.445312,0.373291,0.196331,0.059783,231.410004,3663.000000
873.000000,-110.106400,0.046387,0.011355,0.443848,0.366211,0.194657,0.056674,261.179993,3656.000000
874.000000,-122.893456,0.047363,0.012131,0.444092,0.368164,0.195180,0.057990,306.529999,3659.000000
875.000000,-98.014832,0.048340,0.012897,0.444336,0.369141,0.194282,0.060817,224.770004,3661.000000
876.000000,-111.383888,0.049072,0.013224,0.445068,0.372803,0.195220,0.062496,258.350006,3664.000000
877.000000,-114.988304,0.050293,0.014062,0.447998,0.370605,0.196982,0.061122,261.489990,3685.000000
878.000000,-92.287010,0.051514,0.014194,0.449219,0.368896,0.198748,0.061209,209.869995,3658.000000
879.000000,-112.351776,0.051270,0.014727,0.447998,0.368408,0.199228,0.061509,285.130005,3682.000000
880.000000,-120.886398,0.051025,0.013983,0.446777,0.367676,0.197645,0.060437,312.100006,3660.000000
881.000000,-128.399368,0.051270,0.013438,0.447021,0.369629,0.199469,0.061057,304.149994,3721.000000
882.000000,-115.786095,0.049561,0.012311,0.445312,0.367432,0.198094,0.059180,306.220001,3680.000000
883.000000,-102.905167,0.049805,0.012345,0.444580,0.365234,0.196394,0.059428,244.750000,3666.000000
884.000000,-118.650780,0.049561,0.012218,0.442139,0.363525,0.195057,0.059225,304.519989,3677.000000
885.000000,-107.703613,0.050293,0.012617,0.442139,0.366699,0.196348,0.063531,253.320007,3688.000000
886.000000,-93.293694,0.052002,0.013427,0.445312,0.367432,0.199060,0.062161,232.339996,3690.000000
887.000000,-133.376373,0.052002,0.012042,0.443848,0.368652,0.196569,0.060516,310.239990,3685.000000
888.000000,-129.275787,0.050781,0.012176,0.440674,0.365967,0.195290,0.062602,347.369995,3684.000000
889.000000,-120.302826,0.051270,0.012468,0.437988,0.364746,0.192612,0.062053,294.369995,3684.000000
890.000000,-93.499420,0.048828,0.011623,0.437256,0.360596,0.191883,0.059709,206.929993,3680.000000
891.000000,-112.477318,0.050293,0.012627,0.437744,0.361816,0.193179,0.063090,280.170013,3684.000000
892.000000,-116.193962,0.050781,0.012002,0.436035,0.365234,0.192968,0.063490,302.829987,3682.000000
893.000000,-115.004150,0.049561,0.012218,0.435303,0.364502,0.192760,0.062958,280.350006,3668.000000
894.000000,-86.222115,0.049072,0.011755,0.436035,0.359131,0.193018,0.059934,193.220001,3662.000000
895.000000,-117.224365,0.048340,0.012681,0.433838,0.359375,0.191763,0.061057,286.140015,3660.000000
896.000000,-109.452606,0.049561,0.013163,0.437744,0.363281,0.194156,0.064111,267.250000,3656.000000
897.000000,-101.669304,0.049805,0.013252,0.437744,0.365723,0.194843,0.066292,231.740005,3574.000000
898.000000,-127.868370,0.049561,0.012351,0.439209,0.368164,0.196234,0.065310,324.380005,3679.000000
899.000000,-113.036812,0.048340,0.011396,0.438232,0.367432,0.196458,0.064561,283.600006,3657.000000
900.000000,-118.584976,0.047607,0.010528,0.437500,0.367920,0.195499,0.062130,253.910004,3708.000000
901.000000,-99.791069,0.048584,0.010615,0.437744,0.363770,0.195253,0.060880,232.410004,3659.000000
902.000000,-112.044647,0.048340,0.010720,0.437256,0.361328,0.195223,0.059745,268.799988,3666.000000
903.000000,-121.590057,0.050049,0.011043,0.435791,0.365479,0.194654,0.061280,282.769989,3684.000000
904.000000,-105.805099,0.049316,0.011198,0.432373,0.364746,0.193388,0.059964,251.899994,3675.000000
905.000000,-108.395630,0.047119,0.010633,0.431396,0.356689,0.193815,0.057444,266.709991,3674.000000
906.000000,-113.365494,0.047363,0.010424,0.433350,0.355713,0.195507,0.055318,268.480011,3671.000000
907.000000,-96.127060,0.047852,0.011108,0.435059,0.356445,0.197577,0.057555,223.710007,3673.000000
908.000000,-102.192299,0.049316,0.011330,0.434082,0.368408,0.196202,0.063259,241.020004,3682.000000
909.000000,-101.052116,0.049561,0.011607,0.434570,0.368652,0.197958,0.062515,253.619995,3680.000000
910.000000,-94.445274,0.047363,0.010503,0.431396,0.365234,0.195234,0.059727,251.600006,3685.000000
911.000000,-123.866508,0.047607,0.010733,0.428467,0.364990,0.194118,0.058990,299.880005,3667.000000
912.000000,-86.462852,0.047119,0.010411,0.427490,0.367676,0.193461,0.061152,203.619995,3670.000000
913.000000,-122.504501,0.045654,0.010121,0.428223,0.364014,0.195561,0.059551,303.390015,3677.000000
914.000000,-98.598923,0.045654,0.010402,0.428223,0.364502,0.195967,0.060142,240.080002,3673.000000
915.000000,-109.876389,0.045898,0.010296,0.427979,0.368408,0.195237,0.060579,288.320007,3684.000000
916.000000,-99.850594,0.044678,0.009966,0.425049,0.366455,0.191178,0.059925,226.940002,3687.000000
917.000000,-101.122086,0.043457,0.009575,0.422363,0.361084,0.188886,0.055239,233.130005,3690.000000
918.000000,-95.714363,0.043701,0.008994,0.424316,0.360840,0.191872,0.055111,226.110001,3691.000000
919.000000,-116.096367,0.044189,0.009793,0.420166,0.364746,0.191182,0.058122,286.250000,3686.000000
920.000000,-116.350723,0.044678,0.009330,0.422607,0.367920,0.191646,0.059054,279.570007,3685.000000
921.000000,-105.226944,0.043701,0.009060,0.422607,0.364014,0.190874,0.056993,249.360001,3682.000000
922.000000,-105.367332,0.043945,0.009056,0.425293,0.364502,0.192404,0.057166,260.250000,3671.000000
923.000000,-115.534195,0.041260,0.008519,0.422363,0.358887,0.190549,0.054048,282.700012,3666.000000
924.000000,-124.641136,0.042969,0.009491,0.421631,0.357666,0.190924,0.055896,297.769989,3688.000000
925.000000,-102.354393,0.044189,0.010168,0.427002,0.363770,0.194877,0.059351,243.119995,3676.000000
926.000000,-112.507675,0.045166,0.010245,0.428223,0.363525,0.195577,0.059476,274.119995,3686.000000
927.000000,-113.860771,0.044678,0.009716,0.423584,0.360107,0.193343,0.057854,276.019989,3679.000000
928.000000,-130.098251,0.046387,0.011436,0.423584,0.358643,0.194934,0.058405,317.059998,3682.000000
929.000000,-103.463333,0.047363,0.011919,0.426025,0.360596,0.196008,0.060236,240.279999,3683.000000
930.000000,-95.116844,0.047852,0.011521,0.425293,0.364502,0.194260,0.063107,208.899994,3659.000000
931.000000,-110.341354,0.049805,0.011548,0.428467,0.365723,0.196878,0.063395,255.630005,3685.000000
932.000000,-116.971420,0.049561,0.011664,0.428955,0.365234,0.196968,0.062031,265.250000,3686.000000
933.000000,-95.098747,0.049316,0.010808,0.428711,0.363525,0.196389,0.060126,212.660004,3691.000000
934.000000,-121.209396,0.049072,0.010750,0.424561,0.366455,0.193930,0.060561,302.570007,3672.000000
935.000000,-101.245743,0.049805,0.010845,0.429688,0.364990,0.198171,0.060740,238.190002,3673.000000
936.000000,-116.798790,0.050537,0.011152,0.427734,0.366211,0.196995,0.063388,295.600006,3674.000000
937.000000,-104.779961,0.049561,0.011147,0.425781,0.364502,0.195567,0.060822,261.700012,3670.000000
938.000000,-138.593124,0.049561,0.010565,0.425049,0.364746,0.194230,0.063226,340.299988,3656.000000
939.000000,-99.698708,0.050049,0.011342,0.425293,0.365234,0.194162,0.061707,228.720001,3661.000000
940.000000,-122.149895,0.050049,0.010462,0.425537,0.363281,0.195415,0.058695,313.359985,3644.000000
941.000000,-110.070297,0.048584,0.011441,0.423828,0.364502,0.194452,0.060625,255.160004,3658.000000
942.000000,-85.816719,0.048340,0.011315,0.424805,0.368164,0.194181,0.061944,189.669998,3658.000000
943.000000,-110.005844,0.048340,0.011041,0.424805,0.366943,0.194378,0.060929,274.660004,3668.000000
944.000000,-111.710266,0.046387,0.009845,0.424561,0.366455,0.194135,0.059349,276.709991,3640.000000
945.000000,-121.322418,0.045410,0.010031,0.423340,0.366943,0.193492,0.060110,300.700012,3665.000000
946.000000,-106.562302,0.044434,0.009763,0.425293,0.366211,0.195554,0.060128,262.649994,3663.000000
947.000000,-91.212967,0.043945,0.009404,0.423584,0.362793,0.194097,0.056508,215.880005,3687.000000
948.000000,-111.686913,0.042725,0.008653,0.423828,0.365967,0.194641,0.058238,261.200012,3680.000000
949.000000,-93.847069,0.042725,0.009094,0.429688,0.371094,0.199264,0.059351,224.100006,3668.000000
950.000000,-129.592300,0.042236,0.010067,0.427246,0.372070,0.197579,0.062369,322.989990,3649.000000
951.000000,-119.473373,0.043945,0.009885,0.428223,0.371094,0.197161,0.059966,281.390015,3649.000000
952.000000,-111.106125,0.042725,0.010591,0.429199,0.368896,0.196700,0.058406,262.720001,3659.000000
953.000000,-110.188858,0.042236,0.010439,0.427002,0.368896,0.195432,0.058744,271.869995,3656.000000
954.000000,-117.518173,0.041016,0.009333,0.426025,0.373047,0.194996,0.060953,283.859985,3684.000000
955.000000,-109.655228,0.040771,0.009283,0.426514,0.372559,0.194610,0.061872,266.859985,3680.000000
956.000000,-116.253235,0.041992,0.010767,0.427490,0.372070,0.194313,0.062515,295.040009,3639.000000
957.000000,-130.453537,0.042969,0.010511,0.426025,0.374512,0.191503,0.062670,328.140015,3685.000000
958.000000,-130.353195,0.041992,0.010170,0.425293,0.371582,0.191994,0.059953,331.109985,3682.000000
959.000000,-106.882675,0.041748,0.010786,0.427979,0.374023,0.195137,0.062886,246.479996,3676.000000
960.000000,-104.331909,0.042480,0.011206,0.428711,0.371582,0.195408,0.061285,257.820007,3672.000000
961.000000,-108.970047,0.042480,0.010764,0.428711,0.368896,0.194431,0.059280,277.290009,3444.000000
962.000000,-114.176674,0.041992,0.010194,0.430908,0.366943,0.195515,0.058934,275.109985,3685.000000
963.000000,-136.318817,0.042236,0.010322,0.429443,0.369629,0.193683,0.060591,342.390015,3681.000000
964.000000,-101.889626,0.041260,0.009434,0.427734,0.369141,0.191502,0.059274,248.039993,3680.000000
965.000000,-132.885986,0.041260,0.009646,0.427490,0.368408,0.191505,0.060779,327.679993,3674.000000
966.000000,-116.228531,0.041016,0.009225,0.425537,0.369385,0.191296,0.060745,277.059998,3684.000000
967.000000,-110.442894,0.040771,0.008281,0.427490,0.368164,0.191633,0.058473,250.279999,3678.000000
968.000000,-93.427177,0.043457,0.009476,0.431396,0.374023,0.194178,0.062043,211.949997,3669.000000
969.000000,-133.083740,0.042969,0.009149,0.430664,0.373779,0.194998,0.061481,335.559998,3686.000000
970.000000,-110.601280,0.041504,0.007747,0.427002,0.373535,0.192548,0.061310,257.600006,3669.000000
971.000000,-115.098961,0.041016,0.007380,0.425049,0.373779,0.190120,0.061351,284.839996,3671.000000
972.000000,-103.900253,0.040527,0.007355,0.426025,0.370605,0.189991,0.058339,242.979996,3674.000000
973.000000,-115.060005,0.041016,0.008043,0.427246,0.376953,0.191237,0.060420,273.149994,3672.000000
974.000000,-89.977226,0.041748,0.009107,0.429932,0.375977,0.193811,0.060144,209.639999,3653.000000
975.000000,-93.836304,0.042236,0.008978,0.430420,0.371582,0.194660,0.057683,209.270004,3659.000000
976.000000,-113.924126,0.041016,0.007995,0.426025,0.371094,0.189965,0.057740,290.149994,3664.000000
977.000000,-121.126381,0.040527,0.008161,0.423584,0.370361,0.189682,0.055940,306.079987,3659.000000
978.000000,-128.489441,0.041260,0.008362,0.426514,0.374756,0.191895,0.059256,332.149994,3677.000000
979.000000,-107.450340,0.041016,0.008263,0.427002,0.378174,0.192643,0.061593,260.290009,3651.000000
980.000000,-97.795769,0.041260,0.008683,0.427002,0.376221,0.192847,0.060002,224.389999,3705.000000
981.000000,-96.635826,0.041016,0.008459,0.426270,0.374268,0.191929,0.060358,214.199997,3714.000000
982.000000,-104.063736,0.041748,0.008880,0.426758,0.368408,0.192446,0.056064,251.039993,3722.000000
983.000000,-99.802116,0.039551,0.008104,0.425293,0.365723,0.190700,0.055177,237.669998,3629.000000
984.000000,-108.499832,0.041748,0.009754,0.428223,0.373291,0.193388,0.061106,274.950012,3696.000000
985.000000,-106.539352,0.041260,0.010150,0.428711,0.372559,0.193697,0.062056,244.100006,3647.000000
986.000000,-128.943558,0.041504,0.009691,0.426758,0.373047,0.191953,0.061965,322.100006,3646.000000
987.000000,-113.459656,0.040527,0.009559,0.425537,0.371826,0.191913,0.061649,289.399994,3675.000000
988.000000,-99.530724,0.040039,0.008236,0.427490,0.369873,0.191884,0.059187,227.270004,3658.000000
989.000000,-117.098549,0.040527,0.009932,0.426758,0.370117,0.191323,0.059229,288.339996,3665.000000
990.000000,-120.249252,0.040771,0.009904,0.424316,0.369629,0.189916,0.058564,289.910004,3658.000000
991.000000,-122.048439,0.041260,0.010647,0.422119,0.368652,0.189683,0.059382,307.470001,3662.000000
992.000000,-121.753067,0.042969,0.011761,0.428711,0.371826,0.194339,0.060754,290.299988,3693.000000
993.000000,-106.485054,0.042236,0.010972,0.430176,0.373291,0.195055,0.061338,244.020004,3695.000000
994.000000,-116.021439,0.042236,0.010046,0.434326,0.374268,0.197577,0.062368,279.649994,3719.000000
995.000000,-105.320847,0.044922,0.010866,0.435303,0.375732,0.198751,0.059560,252.000000,3673.000000
996.000000,-107.215721,0.046143,0.010922,0.437012,0.378662,0.199949,0.062500,245.880005,3691.000000
997.000000,-114.689766,0.047852,0.011222,0.437500,0.380371,0.201003,0.061943,287.600006,3662.000000
998.000000,-109.585869,0.047852,0.011217,0.437256,0.379883,0.200540,0.060589,245.360001,3661.000000
999.000000,-118.013496,0.048096,0.011280,0.435059,0.380127,0.198427,0.061179,280.209991,3675.000000
1000.000000,-108.490891,0.046143,0.010675,0.433350,0.377686,0.197576,0.060482,270.380005,3677.000000
1001.000000,-103.705841,0.044678,0.010853,0.429932,0.375977,0.194981,0.059820,245.000000,3678.000000
1002.000000,-101.573029,0.046631,0.011079,0.433838,0.380127,0.198830,0.059856,234.539993,3681.000000
1003.000000,-98.325226,0.045410,0.011096,0.433350,0.378174,0.196962,0.057466,229.800003,3673.000000
1004.000000,-107.057556,0.043945,0.010240,0.432129,0.380859,0.194246,0.059399,240.669998,3684.000000
1005.000000,-125.522972,0.045166,0.010250,0.435303,0.380615,0.196456,0.058165,316.450012,3679.000000
1006.000000,-106.187553,0.045166,0.010878,0.436279,0.380859,0.196873,0.057194,246.229996,3495.000000
1007.000000,-123.095398,0.047119,0.011652,0.437988,0.380615,0.198315,0.056578,316.609985,3647.000000
1008.000000,-109.426575,0.046387,0.011384,0.438232,0.384766,0.197086,0.059615,263.209991,3675.000000
1009.000000,-106.078499,0.045654,0.011644,0.437256,0.382568,0.196905,0.058647,265.790009,3668.000000
1010.000000,-112.175064,0.044678,0.010520,0.438721,0.378418,0.196874,0.056851,261.290009,3643.000000
1011.000000,-113.469574,0.044434,0.010047,0.438721,0.378174,0.197103,0.055027,276.239990,3657.000000
1012.000000,-87.124969,0.044678,0.010503,0.439941,0.374756,0.197722,0.054597,189.889999,3624.000000
1013.000000,-147.781067,0.045654,0.010695,0.441650,0.379883,0.198773,0.055372,376.390015,3668.000000
1014.000000,-119.888741,0.047852,0.011700,0.444824,0.381348,0.200208,0.058269,312.940002,3684.000000
1015.000000,-111.261658,0.046631,0.010778,0.442139,0.379883,0.197028,0.056457,264.670013,3678.000000
1016.000000,-116.082260,0.048096,0.011717,0.441650,0.379395,0.196407,0.055648,287.880005,3684.000000
1017.000000,-110.969032,0.046387,0.010623,0.439697,0.374268,0.194974,0.052946,279.230011,3683.000000
1018.000000,-125.167091,0.047119,0.011469,0.438477,0.373291,0.194643,0.054017,322.959991,3678.000000
1019.000000,-129.984894,0.046631,0.011194,0.437744,0.378418,0.194706,0.058150,333.750000,3648.000000
1020.000000,-123.389122,0.047607,0.011719,0.441406,0.379395,0.198469,0.056862,296.519989,3662.000000
1021.000000,-96.570961,0.047852,0.012145,0.442383,0.375000,0.198985,0.054453,220.169998,3674.000000
1022.000000,-113.474411,0.049316,0.012547,0.442139,0.375488,0.200340,0.053750,266.079987,3659.000000
1023.000000,-115.681618,0.048584,0.011571,0.441406,0.378906,0.200043,0.056602,298.040009,3676.000000
1024.000000,-115.952621,0.050293,0.012442,0.443848,0.377197,0.202092,0.054975,295.540009,3669.000000
1025.000000,-88.142357,0.050293,0.011506,0.443115,0.374512,0.199724,0.053490,208.570007,3562.000000
1026.000000,-123.540756,0.048828,0.011813,0.438965,0.373535,0.196806,0.055133,315.649994,3668.000000
1027.000000,-97.836716,0.048340,0.011647,0.439697,0.370117,0.196411,0.054306,226.389999,3662.000000
1028.000000,-117.771477,0.047119,0.011428,0.439453,0.368896,0.196880,0.055248,303.390015,3682.000000
1029.000000,-125.791077,0.048096,0.012665,0.441650,0.368652,0.197122,0.055931,316.010010,3677.000000
1030.000000,-130.890900,0.049316,0.012889,0.440674,0.370361,0.196046,0.057485,339.589996,3675.000000
1031.000000,-116.971954,0.048096,0.011876,0.440918,0.373291,0.196457,0.058172,303.929993,3674.000000
1032.000000,-101.652206,0.048584,0.011938,0.442383,0.370117,0.198672,0.055608,242.949997,3676.000000
1033.000000,-110.956512,0.048828,0.011682,0.442383,0.367920,0.198039,0.054417,278.649994,3678.000000
1034.000000,-114.151505,0.048096,0.011495,0.443115,0.368164,0.198630,0.054387,273.510010,3649.000000
1035.000000,-118.319229,0.046875,0.010548,0.443359,0.367432,0.197960,0.055555,293.980011,3638.000000
1036.000000,-123.060173,0.047119,0.011484,0.443115,0.371826,0.198186,0.059506,308.399994,3644.000000
1037.000000,-96.970276,0.046875,0.011485,0.443359,0.371826,0.197345,0.056194,230.389999,3660.000000
1038.000000,-111.904106,0.047607,0.012494,0.444092,0.373535,0.197713,0.059204,270.329987,3658.000000
1039.000000,-106.464294,0.047363,0.011709,0.444336,0.371826,0.199517,0.057280,263.799988,3641.000000
1040.000000,-112.596703,0.046631,0.010506,0.443848,0.370361,0.200024,0.055263,281.179993,3643.000000
1041.000000,-122.056290,0.045898,0.010897,0.442383,0.370117,0.198737,0.056652,283.940002,3619.000000
1042.000000,-111.012604,0.046143,0.010410,0.442139,0.368408,0.198648,0.053545,268.579987,3623.000000
1043.000000,-119.076340,0.046875,0.010314,0.440186,0.370361,0.196959,0.055879,287.049988,3640.000000
1044.000000,-125.541451,0.045654,0.010150,0.439941,0.369873,0.197644,0.056033,305.130005,3637.000000
1045.000000,-128.248535,0.047363,0.011272,0.441406,0.371826,0.198556,0.058657,310.920013,3668.000000
1046.000000,-113.580597,0.047607,0.011365,0.442383,0.370361,0.199486,0.057218,287.970001,3652.000000
1047.000000,-116.333549,0.048828,0.012224,0.442139,0.373535,0.200709,0.058801,268.529999,3675.000000
1048.000000,-128.282700,0.048096,0.011297,0.438721,0.372559,0.199591,0.056446,312.329987,3679.000000
1049.000000,-126.459633,0.048096,0.011116,0.439209,0.373535,0.200846,0.058911,323.420013,3675.000000
1050.000000,-105.864166,0.046875,0.010619,0.438232,0.373291,0.199607,0.058760,259.959991,3653.000000
1051.000000,-109.660606,0.046631,0.011383,0.436279,0.371338,0.198429,0.059156,264.899994,3655.000000
1052.000000,-147.969864,0.047119,0.012090,0.437012,0.372314,0.198888,0.060107,378.019989,3652.000000
1053.000000,-117.792183,0.046631,0.012067,0.435791,0.371094,0.197251,0.058972,303.869995,3643.000000
1054.000000,-126.388290,0.046631,0.011558,0.437256,0.373535,0.200153,0.060485,308.829987,3647.000000
1055.000000,-100.392395,0.049316,0.012579,0.439697,0.379395,0.202542,0.063554,219.300003,3646.000000
1056.000000,-91.334435,0.050049,0.012773,0.437012,0.377197,0.201521,0.060188,219.899994,3632.000000
1057.000000,-106.934258,0.049805,0.012640,0.439697,0.372803,0.203439,0.058359,262.540009,3637.000000
1058.000000,-118.753586,0.049316,0.012948,0.435791,0.366699,0.202104,0.055574,284.720001,3646.000000
1059.000000,-115.148743,0.050781,0.013588,0.436768,0.371338,0.204150,0.060807,280.910004,3626.000000
1060.000000,-122.677841,0.051270,0.013867,0.435303,0.372314,0.203861,0.061210,316.510010,3668.000000
1061.000000,-131.322617,0.050293,0.013164,0.434570,0.371582,0.203216,0.062605,343.410004,3670.000000
1062.000000,-103.651634,0.051025,0.013558,0.435303,0.373779,0.203678,0.065248,248.610001,3677.000000
1063.000000,-136.138336,0.051270,0.013696,0.436035,0.372559,0.204483,0.062025,325.470001,3668.000000
1064.000000,-124.298508,0.051514,0.013990,0.435547,0.374512,0.204451,0.064229,303.000000,3654.000000
1065.000000,-135.781677,0.051025,0.013070,0.434814,0.375244,0.202436,0.064037,335.730011,3665.000000
1066.000000,-137.432007,0.049561,0.012074,0.431641,0.372803,0.201069,0.062936,352.579987,3657.000000
1067.000000,-112.215469,0.046631,0.011546,0.428711,0.366211,0.197728,0.059232,274.049988,3625.000000
1068.000000,-106.581322,0.049072,0.012928,0.429932,0.369629,0.198476,0.061935,266.420013,3662.000000
1069.000000,-104.222443,0.050293,0.013351,0.432617,0.370361,0.200033,0.062099,254.429993,3679.000000
1070.000000,-90.879669,0.049561,0.012125,0.434082,0.369873,0.200468,0.062126,218.330002,3689.000000
1071.000000,-106.725143,0.049561,0.011860,0.432129,0.368164,0.198142,0.061075,247.080002,3682.000000
1072.000000,-94.643295,0.049316,0.011967,0.430664,0.367432,0.197182,0.060659,219.020004,3669.000000
1073.000000,-106.284660,0.049316,0.012299,0.431885,0.367676,0.198037,0.061300,244.229996,3673.000000
1074.000000,-92.299263,0.052490,0.013914,0.437988,0.371826,0.201993,0.063629,217.550003,3629.000000
1075.000000,-106.135727,0.053467,0.013358,0.438965,0.373535,0.201732,0.063244,279.920013,3634.000000
1076.000000,-125.169121,0.053223,0.011942,0.433594,0.375000,0.196960,0.063656,331.239990,3661.000000
1077.000000,-117.892097,0.050293,0.010868,0.432129,0.371094,0.194719,0.059529,274.970001,3728.000000
1078.000000,-98.999123,0.051514,0.011655,0.434814,0.370117,0.194917,0.058580,236.419998,3679.000000
1079.000000,-109.990051,0.051758,0.011616,0.436035,0.370850,0.196338,0.060489,264.470001,3651.000000
1080.000000,-95.624329,0.052002,0.011853,0.436523,0.374512,0.196666,0.062738,219.679993,3628.000000
1081.000000,-119.848763,0.053467,0.012266,0.441895,0.377930,0.201247,0.063924,292.880005,3648.000000
1082.000000,-120.501564,0.053223,0.011851,0.438232,0.377930,0.199784,0.064624,304.079987,3647.000000
1083.000000,-136.807220,0.053223,0.011418,0.437744,0.377197,0.199528,0.063685,330.579987,3663.000000
1084.000000,-81.088921,0.053467,0.012042,0.440186,0.371826,0.201070,0.060111,171.750000,3679.000000
1085.000000,-97.956642,0.051270,0.011210,0.438965,0.368896,0.200509,0.059932,234.149994,3681.000000
1086.000000,-101.514137,0.051025,0.011262,0.441406,0.367188,0.200873,0.058135,245.869995,3675.000000
1087.000000,-103.098198,0.050293,0.010541,0.442383,0.367432,0.200877,0.059576,244.679993,3683.000000
1088.000000,-91.534996,0.051514,0.012008,0.441650,0.366455,0.200696,0.060211,219.009995,3662.000000
1089.000000,-135.366394,0.052002,0.011235,0.442139,0.366455,0.201104,0.060733,323.049988,3548.000000
1090.000000,-116.049004,0.052246,0.010603,0.445312,0.362549,0.203010,0.058432,291.260010,3675.000000
1091.000000,-113.137016,0.053467,0.011193,0.441895,0.368652,0.200901,0.063710,270.410004,3641.000000
1092.000000,-109.469810,0.052734,0.010230,0.443115,0.368652,0.202531,0.061976,261.720001,3627.000000
1093.000000,-93.375801,0.051514,0.009714,0.444580,0.364014,0.202483,0.059678,207.750000,3647.000000
1094.000000,-119.646065,0.052979,0.011453,0.445801,0.363525,0.203607,0.061830,296.109985,3659.000000
1095.000000,-109.926277,0.052246,0.011263,0.441406,0.363281,0.201791,0.064038,260.500000,3680.000000
1096.000000,-93.494568,0.052979,0.010583,0.444092,0.366699,0.204136,0.063123,221.539993,3681.000000
1097.000000,-91.046417,0.053467,0.010687,0.447021,0.366455,0.205607,0.062606,198.660004,3642.000000
1098.000000,-98.024124,0.052490,0.010613,0.443848,0.370117,0.203827,0.066617,243.860001,3649.000000
1099.000000,-139.412354,0.053223,0.010906,0.443604,0.368408,0.203749,0.063075,317.779999,3592.000000
1100.000000,-111.946198,0.052246,0.009767,0.442383,0.366455,0.202625,0.059639,274.260010,3630.000000
1101.000000,-111.513046,0.052734,0.010804,0.443604,0.369141,0.204730,0.063099,265.450012,3628.000000
1102.000000,-116.167824,0.052734,0.010811,0.440186,0.374512,0.202134,0.063978,306.690002,3630.000000
1103.000000,-112.793671,0.050293,0.009948,0.438965,0.380371,0.201513,0.066941,266.309998,3643.000000
1104.000000,-115.259399,0.049316,0.008940,0.439453,0.378662,0.202592,0.066390,281.380005,3674.000000
1105.000000,-125.870789,0.048096,0.008933,0.438477,0.370117,0.201302,0.060707,304.100006,3677.000000
1106.000000,-99.182999,0.050049,0.010229,0.440674,0.367676,0.201574,0.060445,239.300003,3654.000000
1107.000000,-107.639534,0.047607,0.009560,0.440918,0.371338,0.200921,0.062308,254.220001,3682.000000
1108.000000,-124.904343,0.048584,0.010760,0.438965,0.378662,0.200156,0.067614,312.489990,3671.000000
1109.000000,-101.686203,0.049072,0.011001,0.441406,0.377441,0.203543,0.065965,229.559998,3654.000000
1110.000000,-126.820137,0.048584,0.011566,0.439453,0.375732,0.202736,0.065214,308.049988,3653.000000
1111.000000,-114.003845,0.048828,0.011400,0.439941,0.371094,0.203184,0.062509,286.299988,3677.000000
1112.000000,-125.220467,0.047852,0.010793,0.434814,0.364746,0.198210,0.058476,319.269989,3678.000000
1113.000000,-134.754471,0.048096,0.010321,0.432617,0.369873,0.196796,0.062580,345.399994,3673.000000
1114.000000,-126.912575,0.046143,0.010294,0.430176,0.369873,0.195771,0.062383,308.010010,3686.000000
1115.000000,-120.983292,0.047607,0.010592,0.432129,0.371094,0.196498,0.062335,293.750000,3661.000000
1116.000000,-115.352257,0.048828,0.011166,0.429688,0.364990,0.194573,0.059404,272.279999,3660.000000
1117.000000,-103.441681,0.049561,0.011150,0.431396,0.365967,0.194778,0.062187,226.529999,3683.000000
1118.000000,-112.684387,0.049072,0.011616,0.431152,0.364014,0.195000,0.061559,267.910004,3681.000000
1119.000000,-134.127090,0.049316,0.011155,0.431641,0.366943,0.195187,0.063797,332.630005,3682.000000
1120.000000,-82.785164,0.047363,0.010661,0.428711,0.365967,0.194761,0.063916,188.300003,3675.000000
1121.000000,-109.689621,0.044678,0.009923,0.427979,0.363037,0.194123,0.061187,271.880005,3677.000000
1122.000000,-107.690811,0.043213,0.010806,0.427246,0.360840,0.193010,0.060404,259.269989,3645.000000
1123.000000,-110.522881,0.041748,0.010359,0.425293,0.362305,0.192334,0.064690,271.410004,3644.000000
1124.000000,-106.906349,0.041992,0.010865,0.428467,0.365479,0.195629,0.064263,258.459991,3636.000000
1125.000000,-108.983650,0.043945,0.012685,0.428467,0.363525,0.195572,0.063817,268.510010,3627.000000
1126.000000,-99.909912,0.045654,0.013002,0.430420,0.362549,0.196836,0.063533,236.130005,3618.000000
1127.000000,-102.058929,0.046875,0.013408,0.429199,0.364258,0.195310,0.063208,231.729996,3633.000000
1128.000000,-111.462936,0.046143,0.013706,0.429932,0.363281,0.195299,0.062211,262.600006,3630.000000
1129.000000,-100.335854,0.045898,0.012391,0.429688,0.362305,0.194990,0.060628,235.529999,3713.000000
1130.000000,-131.951645,0.046631,0.012321,0.434082,0.364746,0.197915,0.064280,327.940002,3732.000000
1131.000000,-99.265221,0.046631,0.012459,0.434814,0.366699,0.198180,0.065217,234.309998,3670.000000
1132.000000,-118.705009,0.047607,0.013079,0.433594,0.368164,0.197644,0.065306,286.410004,3645.000000
1133.000000,-110.775162,0.048096,0.013074,0.437012,0.367432,0.198849,0.066063,251.529999,3647.000000
1134.000000,-122.375244,0.047607,0.012349,0.436279,0.366699,0.197076,0.064573,302.109985,3648.000000
1135.000000,-103.435699,0.047852,0.012383,0.437988,0.367432,0.198006,0.063060,244.520004,3653.000000
1136.000000,-82.074402,0.046387,0.012152,0.435791,0.366455,0.196439,0.063595,174.100006,3656.000000
1137.000000,-102.841896,0.048584,0.012320,0.435791,0.369873,0.197223,0.064996,244.970001,3665.000000
1138.000000,-96.444389,0.050537,0.013839,0.435303,0.368408,0.195536,0.063830,229.690002,3678.000000
1139.000000,-98.300774,0.050781,0.014037,0.434814,0.368896,0.194320,0.063188,242.500000,3670.000000
1140.000000,-102.230713,0.049805,0.012731,0.436279,0.373535,0.196067,0.067658,247.350006,3636.000000
1141.000000,-106.997345,0.050293,0.012947,0.435303,0.371338,0.196557,0.063952,257.149994,3680.000000
1142.000000,-118.261833,0.049805,0.013077,0.433838,0.371582,0.194741,0.063490,283.720001,3641.000000
1143.000000,-110.094482,0.049316,0.012668,0.435791,0.372803,0.195484,0.063183,276.559998,3631.000000
1144.000000,-94.051575,0.051514,0.013810,0.440186,0.374512,0.198370,0.063849,220.160004,3646.000000
1145.000000,-92.183830,0.052246,0.013576,0.440186,0.377686,0.197136,0.066044,213.839996,3648.000000
1146.000000,-112.205772,0.051270,0.013342,0.442627,0.373535,0.198386,0.060980,259.480011,3660.000000
1147.000000,-80.011971,0.050293,0.013031,0.443848,0.371338,0.198776,0.060233,179.789993,3643.000000
1148.000000,-110.610909,0.050049,0.012979,0.444580,0.369873,0.198486,0.060969,267.440002,3628.000000
1149.000000,-103.072815,0.051270,0.013069,0.444824,0.373291,0.198804,0.062794,251.279999,3630.000000
1150.000000,-81.896851,0.052734,0.013336,0.445801,0.372070,0.198714,0.059668,180.880005,3631.000000
1151.000000,-112.791031,0.052979,0.014146,0.446533,0.373047,0.199961,0.062925,282.160004,3628.000000
1152.000000,-114.833855,0.052246,0.013491,0.444824,0.372803,0.198326,0.063945,282.209991,3630.000000
1153.000000,-103.923843,0.051270,0.013571,0.441650,0.372559,0.196152,0.062624,247.440002,3531.000000
1154.000000,-104.399734,0.050293,0.012659,0.441406,0.369385,0.197503,0.059809,259.299988,3633.000000
1155.000000,-90.648109,0.049805,0.013261,0.439697,0.369629,0.197655,0.061026,211.929993,3649.000000
1156.000000,-119.309120,0.047607,0.011863,0.439697,0.364990,0.196490,0.058047,276.679993,3635.000000
1157.000000,-120.226326,0.047852,0.011898,0.439697,0.367188,0.197202,0.060261,280.089996,3658.000000
1158.000000,-103.601372,0.047607,0.011688,0.441162,0.370850,0.197517,0.062612,256.119995,3677.000000
1159.000000,-124.548111,0.048828,0.012306,0.438965,0.376953,0.196431,0.065126,292.269989,3676.000000
1160.000000,-91.015877,0.048584,0.012097,0.437500,0.374512,0.194941,0.063129,212.830002,3630.000000
1161.000000,-96.849487,0.047363,0.011495,0.440186,0.373779,0.198037,0.059665,222.940002,3670.000000
1162.000000,-131.136261,0.047119,0.011551,0.437988,0.372070,0.197788,0.059448,338.489990,3638.000000
1163.000000,-106.575829,0.044678,0.010107,0.432617,0.369873,0.193727,0.059524,265.609985,3635.000000
1164.000000,-117.179604,0.044189,0.010727,0.433594,0.368408,0.195741,0.059655,279.839996,3638.000000
1165.000000,-108.165123,0.043213,0.010061,0.435059,0.364502,0.196011,0.057983,281.959991,3618.000000
1166.000000,-111.079002,0.043457,0.010236,0.435547,0.369141,0.195687,0.061548,267.410004,3629.000000
1167.000000,-127.944504,0.044678,0.011767,0.436035,0.374268,0.195641,0.065392,315.660004,3627.000000
1168.000000,-118.382599,0.044189,0.011425,0.435547,0.377197,0.195872,0.065305,281.380005,3633.000000
1169.000000,-121.133301,0.043213,0.010559,0.434326,0.374268,0.195649,0.062061,300.670013,3667.000000
1170.000000,-120.973900,0.043701,0.010438,0.435547,0.367920,0.196441,0.056784,308.519989,3673.000000
1171.000000,-106.387184,0.043457,0.010324,0.437988,0.367676,0.197570,0.058601,249.070007,3673.000000
1172.000000,-126.630257,0.045166,0.011671,0.437012,0.367432,0.194621,0.058188,314.510010,3667.000000
1173.000000,-124.679955,0.045166,0.010855,0.436035,0.368896,0.193556,0.060471,306.000000,3658.000000
1174.000000,-131.788589,0.045410,0.009946,0.435303,0.370361,0.193472,0.060788,333.160004,3638.000000
1175.000000,-126.838638,0.043701,0.010002,0.432861,0.371338,0.192117,0.060645,318.869995,3665.000000
1176.000000,-113.354851,0.044678,0.011135,0.432373,0.368652,0.191908,0.059675,257.899994,3684.000000
1177.000000,-109.594826,0.045898,0.011915,0.436035,0.369629,0.194701,0.060354,260.279999,3685.000000
1178.000000,-94.981392,0.043701,0.010839,0.434326,0.370605,0.193634,0.059484,230.550003,3648.000000
1179.000000,-117.164650,0.044189,0.010777,0.435547,0.370117,0.194415,0.061323,295.709991,3711.000000
1180.000000,-88.918312,0.046387,0.012170,0.440186,0.374268,0.199048,0.063592,218.610001,3725.000000
1181.000000,-121.337257,0.046631,0.010980,0.438232,0.373535,0.196732,0.061598,307.109985,3714.000000
1182.000000,-107.360229,0.049072,0.011510,0.436768,0.371826,0.194992,0.060561,275.940002,3681.000000
1183.000000,-122.662659,0.047607,0.010696,0.433838,0.368652,0.193423,0.060440,329.839996,3676.000000
1184.000000,-128.174820,0.047607,0.010421,0.431641,0.371338,0.193274,0.062805,330.839996,3673.000000
1185.000000,-102.700493,0.047363,0.011454,0.430176,0.371582,0.192745,0.063551,242.960007,3692.000000
1186.000000,-105.584419,0.046631,0.012377,0.427979,0.371582,0.193446,0.063766,253.869995,3652.000000
1187.000000,-98.651077,0.048096,0.012579,0.431396,0.368164,0.196631,0.062173,227.029999,3629.000000
1188.000000,-114.574333,0.048340,0.012554,0.427734,0.363525,0.193622,0.060995,283.700012,3620.000000
1189.000000,-133.670197,0.046875,0.012785,0.425781,0.365479,0.192719,0.063928,332.529999,3623.000000
1190.000000,-108.780235,0.048584,0.013328,0.431152,0.370361,0.197464,0.066302,250.869995,3661.000000
1191.000000,-130.740158,0.048584,0.012859,0.428467,0.368896,0.194594,0.064304,324.929993,3672.000000
1192.000000,-101.118576,0.049072,0.012321,0.427979,0.369629,0.194745,0.063741,230.979996,3678.000000
1193.000000,-113.914833,0.048340,0.011821,0.426270,0.371338,0.192929,0.063957,280.019989,3674.000000
1194.000000,-94.966034,0.050781,0.012660,0.428955,0.374756,0.195594,0.064368,232.300003,3673.000000
1195.000000,-115.422455,0.050293,0.013275,0.432373,0.376709,0.198331,0.065150,278.359985,3680.000000
1196.000000,-100.526535,0.050537,0.013132,0.432129,0.374023,0.197273,0.064571,244.679993,3677.000000
1197.000000,-121.436592,0.049805,0.013234,0.431152,0.374512,0.196955,0.064387,304.700012,3681.000000
1198.000000,-108.093361,0.048584,0.011923,0.428223,0.367188,0.195142,0.058474,250.899994,3680.000000
1199.000000,-97.027046,0.048096,0.011968,0.428223,0.366455,0.194599,0.059628,238.130005,3673.000000
1200.000000,-102.864952,0.047363,0.012351,0.429688,0.368408,0.196317,0.061363,240.500000,3680.000000
1201.000000,-112.336014,0.048096,0.011445,0.428467,0.368652,0.194162,0.059511,277.160004,3672.000000
1202.000000,-106.191124,0.046875,0.010758,0.432129,0.369873,0.196907,0.061051,250.139999,3686.000000
1203.000000,-114.279510,0.046387,0.011121,0.436768,0.367676,0.200405,0.059847,277.079987,3661.000000
1204.000000,-116.624924,0.048828,0.013490,0.439941,0.365967,0.202924,0.060964,294.100006,3682.000000
1205.000000,-99.900085,0.049805,0.012969,0.441650,0.367676,0.203169,0.060619,236.699997,3674.000000
1206.000000,-103.239143,0.048340,0.012205,0.438477,0.369141,0.200694,0.062324,264.190002,3673.000000
1207.000000,-118.786888,0.049561,0.013163,0.435059,0.366455,0.197922,0.061459,285.279999,3659.000000
1208.000000,-103.036636,0.049316,0.013306,0.437744,0.365967,0.199445,0.060829,244.440002,3668.000000
1209.000000,-117.255333,0.049561,0.013111,0.436523,0.365479,0.198347,0.061859,278.589996,3678.000000
1210.000000,-99.329475,0.050293,0.013417,0.441650,0.367432,0.201405,0.062347,236.050003,3658.000000
1211.000000,-106.569313,0.048584,0.012069,0.440430,0.364990,0.200209,0.060463,274.000000,3653.000000
1212.000000,-132.452057,0.050049,0.012908,0.444336,0.366943,0.202995,0.060459,335.929993,3652.000000
1213.000000,-104.879356,0.048340,0.011924,0.440674,0.364990,0.200723,0.061291,263.929993,3638.000000
1214.000000,-99.540642,0.048096,0.012562,0.441162,0.370117,0.199510,0.063849,244.339996,3639.000000
1215.000000,-128.745117,0.048096,0.012350,0.442139,0.366455,0.201197,0.061931,326.410004,3624.000000
1216.000000,-102.651802,0.047119,0.011857,0.440674,0.364990,0.199933,0.059784,246.690002,3612.000000
1217.000000,-114.358154,0.045898,0.010730,0.440918,0.364502,0.198636,0.060080,273.320007,3545.000000
1218.000000,-95.130020,0.045410,0.010820,0.443604,0.360107,0.200144,0.057599,214.029999,3658.000000
1219.000000,-113.702972,0.044189,0.010360,0.442627,0.361816,0.200308,0.060356,268.549988,3654.000000
1220.000000,-122.137360,0.042725,0.010753,0.441650,0.361816,0.198342,0.061575,300.220001,3645.000000
1221.000000,-92.818817,0.043701,0.011383,0.439941,0.359131,0.197493,0.061721,223.880005,3711.000000
1222.000000,-121.040741,0.044189,0.011297,0.445557,0.361084,0.201802,0.062782,301.910004,3702.000000
1223.000000,-115.966965,0.041992,0.010978,0.439941,0.361328,0.196505,0.063960,289.920013,3642.000000
1224.000000,-99.901291,0.041748,0.011303,0.442139,0.361084,0.198396,0.062519,234.449997,3646.000000
1225.000000,-113.834938,0.041260,0.010802,0.441406,0.360840,0.197968,0.061350,265.079987,3651.000000
1226.000000,-90.672028,0.041504,0.010601,0.443604,0.361328,0.199235,0.061609,200.410004,3701.000000
1227.000000,-128.996201,0.042480,0.010687,0.443604,0.360352,0.199200,0.059459,323.559998,3690.000000
1228.000000,-122.720642,0.041992,0.010386,0.442627,0.358643,0.198836,0.058433,297.869995,3695.000000
1229.000000,-107.343315,0.042725,0.011417,0.440918,0.359863,0.198052,0.059094,264.579987,3690.000000
1230.000000,-127.609596,0.041748,0.010820,0.439697,0.359619,0.197119,0.059420,328.779999,3652.000000
1231.000000,-130.239304,0.041260,0.010675,0.440430,0.361084,0.196586,0.060084,323.239990,3675.000000
1232.000000,-111.627670,0.042725,0.011488,0.441162,0.359375,0.197019,0.057943,256.540009,3672.000000
1233.000000,-111.850555,0.042480,0.011430,0.440674,0.359131,0.196741,0.058311,285.790009,3643.000000
1234.000000,-102.348518,0.042725,0.011255,0.439941,0.355469,0.194982,0.058211,259.029999,3645.000000
1235.000000,-110.638344,0.043213,0.010518,0.443359,0.358154,0.197122,0.059870,278.640015,3648.000000
1236.000000,-128.243546,0.042969,0.010137,0.444336,0.363037,0.198091,0.062859,325.399994,3649.000000
1237.000000,-96.175407,0.043457,0.010077,0.445068,0.360107,0.198346,0.060937,229.259995,3651.000000
1238.000000,-101.111893,0.043945,0.010128,0.442871,0.361328,0.196694,0.061879,245.080002,3681.000000
1239.000000,-128.643723,0.043213,0.009691,0.443604,0.358643,0.199497,0.058631,317.190002,3642.000000
1240.000000,-105.839523,0.043457,0.010489,0.445557,0.358154,0.200762,0.058563,248.720001,3641.000000
1241.000000,-116.804016,0.043945,0.010829,0.445557,0.359619,0.199596,0.058444,278.100006,3674.000000
1242.000000,-103.135101,0.043457,0.010131,0.446045,0.359375,0.198575,0.058582,240.130005,3640.000000
1243.000000,-97.561829,0.043457,0.010407,0.448242,0.361816,0.198077,0.059949,220.889999,3651.000000
1244.000000,-118.472389,0.044922,0.010430,0.451660,0.365479,0.199311,0.061141,288.709991,3641.000000
1245.000000,-123.274582,0.044434,0.009794,0.449463,0.364258,0.198948,0.059735,310.070007,3627.000000
1246.000000,-113.772804,0.044434,0.010033,0.449219,0.361816,0.199547,0.056296,263.250000,3649.000000
1247.000000,-115.354912,0.044678,0.009825,0.448730,0.362305,0.198716,0.057757,302.390015,3654.000000
1248.000000,-103.249786,0.043701,0.010621,0.449707,0.361328,0.199278,0.058571,255.699997,3671.000000
1249.000000,-91.073380,0.041504,0.008884,0.451416,0.362305,0.198835,0.057188,205.610001,3669.000000
1250.000000,-120.011162,0.040527,0.008020,0.448730,0.359863,0.196559,0.055065,280.440002,3673.000000
1251.000000,-104.652237,0.040283,0.007980,0.449219,0.361328,0.196427,0.057982,251.490005,3650.000000
1252.000000,-106.057625,0.040527,0.007677,0.450195,0.362061,0.197108,0.058565,258.589996,3642.000000
1253.000000,-112.942253,0.041992,0.008613,0.447510,0.363770,0.195021,0.058420,283.250000,3656.000000
1254.000000,-81.806099,0.041748,0.008553,0.448486,0.359619,0.194568,0.058144,173.740005,3679.000000
1255.000000,-120.914352,0.043701,0.010096,0.451416,0.357178,0.197863,0.057000,295.279999,3680.000000
1256.000000,-130.365387,0.044189,0.009978,0.454590,0.359863,0.200540,0.058587,344.260010,3638.000000
1257.000000,-109.819427,0.042480,0.008894,0.452148,0.358154,0.197783,0.059385,272.369995,3641.000000
1258.000000,-129.731262,0.043457,0.009544,0.451172,0.363770,0.198370,0.064018,319.059998,3649.000000
1259.000000,-113.624176,0.043213,0.008779,0.454346,0.365967,0.201452,0.061063,278.279999,3636.000000
1260.000000,-102.144478,0.043945,0.008187,0.454590,0.366699,0.202069,0.059799,237.139999,3638.000000
1261.000000,-112.321510,0.042969,0.007837,0.452393,0.364746,0.201074,0.058585,271.179993,3649.000000
1262.000000,-128.673080,0.041504,0.006382,0.452637,0.362549,0.201142,0.054868,285.589996,3651.000000
1263.000000,-114.531372,0.041992,0.007233,0.453369,0.361816,0.202489,0.056858,293.309998,3638.000000
1264.000000,-96.546036,0.044922,0.009607,0.453613,0.366943,0.202414,0.060394,233.169998,3643.000000
1265.000000,-110.396088,0.044189,0.008606,0.448730,0.364258,0.198379,0.058872,276.559998,3689.000000
1266.000000,-115.029701,0.043701,0.008098,0.446777,0.363281,0.195753,0.058209,286.269989,3674.000000
1267.000000,-133.414246,0.044434,0.008666,0.444336,0.364014,0.194655,0.059232,341.000000,3675.000000
1268.000000,-125.221756,0.043701,0.008439,0.442871,0.361328,0.192801,0.057073,304.570007,3674.000000
1269.000000,-102.516258,0.044678,0.008345,0.442871,0.364990,0.192153,0.058186,234.660004,3723.000000
1270.000000,-98.380005,0.044434,0.009241,0.440430,0.366211,0.191645,0.060596,241.110001,3692.000000
1271.000000,-108.502541,0.043213,0.008020,0.438965,0.364746,0.191321,0.060535,263.029999,3711.000000
1272.000000,-127.925453,0.043701,0.008752,0.440674,0.365234,0.193495,0.060918,311.100006,3683.000000
1273.000000,-104.835625,0.043457,0.009716,0.442139,0.367676,0.193446,0.061651,273.910004,3655.000000
1274.000000,-107.395905,0.041992,0.009081,0.440918,0.368408,0.193276,0.062011,261.929993,3654.000000
1275.000000,-95.814552,0.041992,0.008578,0.443359,0.369385,0.195006,0.060568,226.610001,3650.000000
1276.000000,-121.043236,0.042969,0.009681,0.443359,0.369141,0.194252,0.061741,310.820007,3639.000000
1277.000000,-108.018425,0.041992,0.008912,0.441162,0.367188,0.191858,0.060589,273.399994,3663.000000
1278.000000,-102.295029,0.040527,0.008194,0.439453,0.360840,0.191328,0.058970,257.380005,3653.000000
1279.000000,-129.477463,0.042236,0.009033,0.439941,0.364990,0.192223,0.062162,324.279999,3659.000000
1280.000000,-146.620758,0.043457,0.009803,0.440918,0.367432,0.193361,0.066646,365.440002,3676.000000
1281.000000,-118.952446,0.045410,0.011182,0.439697,0.368652,0.192709,0.065557,299.480011,3577.000000
1282.000000,-104.703133,0.044434,0.010472,0.440918,0.366455,0.193142,0.063060,256.109985,3646.000000
1283.000000,-107.850021,0.045654,0.011415,0.441162,0.364502,0.192628,0.060656,261.410004,3634.000000
1284.000000,-116.187119,0.046143,0.011587,0.440186,0.366455,0.193400,0.063241,288.390015,3673.000000
1285.000000,-93.143188,0.044678,0.011226,0.441650,0.368896,0.194406,0.064965,217.669998,3666.000000
1286.000000,-119.313164,0.045410,0.012220,0.441162,0.375488,0.193844,0.068063,261.929993,3632.000000
1287.000000,-114.259811,0.045166,0.012925,0.440918,0.370605,0.194497,0.064776,286.809998,3670.000000
1288.000000,-121.746704,0.044678,0.012054,0.440918,0.367920,0.194870,0.062675,324.829987,3665.000000
1289.000000,-135.493393,0.043213,0.011172,0.438721,0.365967,0.193846,0.061233,332.880005,3671.000000
1290.000000,-110.782776,0.045654,0.012635,0.439941,0.365723,0.197017,0.062595,267.049988,3643.000000
1291.000000,-134.991058,0.047119,0.013521,0.441162,0.367920,0.198185,0.063983,337.059998,3642.000000
1292.000000,-116.955666,0.047607,0.012798,0.443115,0.367920,0.199327,0.063551,284.959991,3626.000000
1293.000000,-125.720612,0.048584,0.013563,0.440918,0.374268,0.198431,0.066805,309.619995,3624.000000
1294.000000,-84.844704,0.047119,0.011986,0.445068,0.371582,0.201387,0.063590,199.139999,3647.000000
1295.000000,-123.030037,0.047852,0.012673,0.443604,0.367676,0.199818,0.063454,320.440002,3635.000000
1296.000000,-106.402222,0.048340,0.012255,0.442139,0.360840,0.198623,0.057298,276.500000,3648.000000
1297.000000,-117.437408,0.049805,0.013788,0.440186,0.360596,0.197790,0.059737,288.470001,3627.000000
1298.000000,-107.273636,0.050293,0.013520,0.443604,0.363281,0.199575,0.061158,244.259995,3642.000000
1299.000000,-119.838181,0.051270,0.013607,0.443115,0.367676,0.197846,0.063539,276.570007,3636.000000
1300.000000,-107.215584,0.048828,0.012307,0.439941,0.366943,0.195405,0.064575,259.899994,3653.000000
1301.000000,-108.106674,0.049561,0.012102,0.444336,0.364014,0.196619,0.061194,287.839996,3673.000000
1302.000000,-102.610054,0.048340,0.011717,0.441162,0.357910,0.193696,0.057997,257.880005,3666.000000
1303.000000,-104.884354,0.049805,0.011846,0.438965,0.364014,0.192425,0.062495,247.960007,3683.000000
1304.000000,-84.476593,0.049561,0.012377,0.441895,0.365967,0.195868,0.064965,183.610001,3680.000000
1305.000000,-119.055336,0.048584,0.011473,0.438477,0.371094,0.193006,0.064930,287.679993,3669.000000
1306.000000,-97.285522,0.047119,0.011309,0.437500,0.364014,0.194831,0.063077,219.820007,3683.000000
1307.000000,-115.275940,0.045654,0.009994,0.436279,0.368896,0.194036,0.063945,280.980011,3654.000000
1308.000000,-124.934853,0.049316,0.012335,0.441162,0.369141,0.197244,0.063258,315.790009,3647.000000
1309.000000,-107.838753,0.050293,0.012691,0.440674,0.374023,0.195775,0.066382,265.549988,3636.000000
1310.000000,-114.200294,0.051025,0.012071,0.442871,0.374268,0.196621,0.064705,275.489990,3641.000000
1311.000000,-109.978462,0.052002,0.012250,0.444336,0.372070,0.197834,0.062625,282.369995,3637.000000
1312.000000,-123.206161,0.051514,0.011580,0.443115,0.370605,0.196579,0.060065,323.149994,3636.000000
1313.000000,-112.608139,0.051758,0.011402,0.446045,0.375000,0.198686,0.062880,279.579987,3644.000000
1314.000000,-97.385757,0.052002,0.011310,0.447021,0.374023,0.198700,0.061612,228.100006,3645.000000
1315.000000,-107.463982,0.050049,0.010204,0.442627,0.370117,0.194678,0.059726,247.229996,3672.000000
1316.000000,-102.527107,0.049316,0.010541,0.441895,0.367920,0.194967,0.059627,258.200012,3668.000000
1317.000000,-118.259857,0.050049,0.010866,0.441895,0.370605,0.195439,0.059856,300.640015,3682.000000
1318.000000,-119.666756,0.051270,0.010811,0.442139,0.374023,0.197405,0.059775,307.220001,3682.000000
1319.000000,-98.276855,0.050537,0.010308,0.439209,0.372803,0.194738,0.060197,227.210007,3646.000000
1320.000000,-96.302124,0.047363,0.009106,0.436523,0.368652,0.192441,0.056954,222.559998,3649.000000
1321.000000,-129.377625,0.047852,0.010178,0.431152,0.364746,0.189805,0.056505,328.589996,3649.000000
1322.000000,-108.307045,0.048584,0.010202,0.435791,0.369385,0.195132,0.059007,263.230011,3649.000000
1323.000000,-102.464691,0.049072,0.010620,0.435059,0.373291,0.196267,0.062531,245.330002,3682.000000
1324.000000,-102.544014,0.048096,0.009557,0.433105,0.372559,0.196296,0.060390,246.830002,3642.000000
1325.000000,-96.130493,0.047119,0.009429,0.432617,0.368164,0.196480,0.056357,236.630005,3640.000000
1326.000000,-84.103355,0.047607,0.009229,0.432617,0.368896,0.194798,0.055652,182.699997,3642.000000
1327.000000,-105.573135,0.047852,0.009550,0.435059,0.376465,0.196103,0.060341,254.080002,3664.000000
1328.000000,-93.430763,0.047363,0.009368,0.435791,0.379395,0.194988,0.061325,211.770004,3645.000000
1329.000000,-106.859367,0.046143,0.008483,0.435791,0.375977,0.194967,0.057996,252.889999,3669.000000
1330.000000,-94.264481,0.043945,0.007768,0.432373,0.373291,0.192381,0.056980,213.490005,3670.000000
1331.000000,-114.264999,0.043213,0.009106,0.430176,0.370850,0.192354,0.058668,279.660004,3674.000000
1332.000000,-118.092628,0.043945,0.009215,0.430908,0.370850,0.192992,0.058997,294.170013,3666.000000
1333.000000,-108.827736,0.044922,0.010032,0.429443,0.373047,0.193866,0.061474,277.970001,3669.000000
1334.000000,-128.309723,0.045654,0.010589,0.429932,0.373291,0.194696,0.060880,329.410004,3681.000000
1335.000000,-105.512047,0.046143,0.010840,0.428223,0.371094,0.193214,0.060053,263.119995,3671.000000
1336.000000,-120.947670,0.046387,0.010474,0.432617,0.368896,0.196331,0.057127,297.410004,3667.000000
1337.000000,-122.395149,0.047119,0.011043,0.432617,0.371094,0.195609,0.058249,308.829987,3659.000000
1338.000000,-98.824188,0.045654,0.010740,0.430420,0.371826,0.193825,0.060070,236.770004,3657.000000
1339.000000,-119.039749,0.045410,0.010495,0.430176,0.372559,0.193753,0.060153,278.829987,3681.000000
1340.000000,-89.112442,0.044189,0.009825,0.430420,0.370361,0.193592,0.057437,220.240005,3672.000000
1341.000000,-118.213905,0.044922,0.010177,0.432617,0.371094,0.194639,0.059176,286.070007,3676.000000
1342.000000,-116.432640,0.043945,0.009631,0.430908,0.368164,0.192690,0.057255,287.679993,3672.000000
1343.000000,-120.843658,0.042236,0.009403,0.429932,0.367432,0.192142,0.059028,302.820007,3680.000000
1344.000000,-102.580406,0.041260,0.009862,0.428467,0.372070,0.191824,0.062800,248.020004,3682.000000
1345.000000,-125.612457,0.042480,0.010742,0.429443,0.369629,0.194788,0.060246,315.089996,3576.000000
1346.000000,-108.804390,0.042480,0.011206,0.429199,0.368164,0.194103,0.060820,275.339996,3681.000000
1347.000000,-130.250198,0.042969,0.011187,0.428223,0.369873,0.193899,0.061787,312.410004,3641.000000
1348.000000,-132.485123,0.043701,0.010710,0.430176,0.370117,0.194769,0.059946,313.239990,3633.000000
1349.000000,-100.312057,0.043701,0.010960,0.431641,0.370605,0.195337,0.060006,236.240005,3611.000000
1350.000000,-119.815109,0.044678,0.011378,0.433838,0.369141,0.197218,0.060295,303.679993,3637.000000
1351.000000,-94.646919,0.045166,0.011207,0.434570,0.368164,0.197682,0.060476,237.449997,3635.000000
1352.000000,-110.169975,0.044678,0.010776,0.433838,0.368408,0.194870,0.060624,269.619995,3645.000000
1353.000000,-113.195213,0.045410,0.011727,0.431152,0.368652,0.192821,0.062485,279.820007,3651.000000
1354.000000,-122.353462,0.044189,0.010895,0.427979,0.369629,0.191858,0.063757,308.679993,3646.000000
1355.000000,-115.815376,0.046387,0.012089,0.431641,0.370850,0.194133,0.062964,287.380005,3729.000000
1356.000000,-120.465012,0.045898,0.011784,0.434082,0.371338,0.195253,0.063806,288.980011,3651.000000
1357.000000,-144.126892,0.047607,0.012394,0.433350,0.375488,0.194040,0.065806,359.880005,3639.000000
1358.000000,-124.020378,0.045410,0.010590,0.431152,0.371826,0.191748,0.062775,306.529999,3644.000000
1359.000000,-119.892838,0.044434,0.010595,0.428467,0.368164,0.189718,0.063943,295.670013,3655.000000
1360.000000,-103.585884,0.045166,0.010704,0.428955,0.367432,0.190619,0.060762,247.009995,3641.000000
1361.000000,-109.557793,0.047607,0.012223,0.432617,0.366699,0.193196,0.063144,270.209991,3631.000000
1362.000000,-122.287094,0.047607,0.011411,0.431885,0.373535,0.192645,0.066374,303.179993,3676.000000
1363.000000,-110.554787,0.047607,0.011060,0.436279,0.375000,0.196630,0.064023,277.220001,3650.000000
1364.000000,-107.259254,0.046631,0.010355,0.431641,0.370850,0.191726,0.061994,264.619995,3643.000000
1365.000000,-123.467499,0.047119,0.010335,0.429443,0.370605,0.191058,0.060479,312.660004,3685.000000
1366.000000,-128.250778,0.047119,0.010276,0.427490,0.369385,0.189391,0.061782,312.700012,3652.000000
1367.000000,-112.973381,0.047852,0.011299,0.429688,0.374023,0.191185,0.067066,264.489990,3666.000000
1368.000000,-85.505257,0.047607,0.011410,0.430664,0.371338,0.191205,0.065478,189.860001,3660.000000
1369.000000,-87.511200,0.048096,0.011927,0.431396,0.376221,0.190361,0.069111,195.300003,3637.000000
1370.000000,-123.955063,0.046387,0.010420,0.430908,0.371094,0.190540,0.065100,304.600006,3638.000000
1371.000000,-102.403496,0.046631,0.011125,0.431885,0.368652,0.192105,0.063466,241.020004,3642.000000
1372.000000,-119.197350,0.046631,0.010632,0.430664,0.369385,0.192343,0.064283,306.570007,3626.000000
1373.000000,-100.447556,0.045654,0.010245,0.432129,0.369629,0.192696,0.066074,223.529999,3621.000000
1374.000000,-111.335442,0.044678,0.009873,0.430176,0.373779,0.191831,0.068056,263.920013,3647.000000
1375.000000,-98.044861,0.044922,0.011209,0.432373,0.370117,0.193756,0.065338,219.389999,3665.000000
1376.000000,-130.402344,0.044189,0.010584,0.429932,0.368164,0.193029,0.063981,324.720001,3657.000000
1377.000000,-79.095222,0.043457,0.009939,0.427979,0.368896,0.190173,0.063832,178.050003,3645.000000
1378.000000,-131.058929,0.043701,0.010135,0.428955,0.367432,0.192168,0.064676,321.149994,3646.000000
1379.000000,-80.491333,0.041748,0.009100,0.427490,0.373047,0.191897,0.068387,166.809998,3651.000000
1380.000000,-117.135590,0.041504,0.008955,0.427979,0.369141,0.192517,0.063997,287.920013,3641.000000
1381.000000,-103.180695,0.040527,0.008619,0.428223,0.369385,0.192648,0.064950,240.229996,3640.000000
1382.000000,-100.216064,0.040527,0.008728,0.429688,0.369629,0.192537,0.064041,237.119995,3652.000000
1383.000000,-105.774605,0.039307,0.009080,0.426025,0.369873,0.188907,0.064819,257.929993,3622.000000
1384.000000,-94.297913,0.040039,0.009219,0.427979,0.372803,0.190529,0.066290,218.880005,3650.000000
1385.000000,-81.505730,0.039551,0.009261,0.430664,0.368164,0.191620,0.061942,174.550003,3650.000000
1386.000000,-105.166962,0.039551,0.008494,0.431885,0.370605,0.192970,0.063229,251.389999,3638.000000
1387.000000,-79.148155,0.038818,0.009283,0.430908,0.374756,0.192382,0.064240,163.649994,3622.000000
1388.000000,-122.759941,0.039307,0.009320,0.432617,0.373535,0.193278,0.063917,319.660004,3659.000000
1389.000000,-123.667801,0.041260,0.010643,0.431885,0.373291,0.193659,0.064510,299.869995,3626.000000
1390.000000,-121.681061,0.040283,0.009649,0.432861,0.369385,0.195219,0.061934,280.559998,3659.000000
1391.000000,-126.470474,0.038818,0.009075,0.430908,0.367188,0.194448,0.062280,318.739990,3681.000000
1392.000000,-96.471794,0.038574,0.009111,0.434326,0.367188,0.196467,0.061571,232.839996,3672.000000
1393.000000,-117.964310,0.039795,0.009162,0.436523,0.370361,0.197980,0.063539,311.040009,3726.000000
1394.000000,-104.272797,0.039795,0.010050,0.435547,0.371582,0.196943,0.063414,244.360001,3711.000000
1395.000000,-110.338799,0.040283,0.009935,0.436768,0.370605,0.198951,0.061634,272.299988,3643.000000
1396.000000,-114.744415,0.039062,0.008625,0.434082,0.365723,0.197738,0.059042,300.489990,3683.000000
1397.000000,-112.014137,0.040039,0.009328,0.434814,0.366455,0.196751,0.060597,261.390015,3650.000000
1398.000000,-91.862343,0.041748,0.010212,0.435303,0.367432,0.197460,0.060993,228.520004,3655.000000
1399.000000,-96.082458,0.042236,0.009469,0.435547,0.368408,0.196850,0.062351,227.559998,3642.000000
1400.000000,-127.807655,0.043701,0.010124,0.435547,0.372559,0.198158,0.064429,324.500000,3628.000000
1401.000000,-91.749229,0.042725,0.009255,0.435059,0.371094,0.198071,0.062412,216.690002,3621.000000
1402.000000,-110.514458,0.042969,0.009258,0.432617,0.370605,0.195201,0.061225,269.529999,3634.000000
1403.000000,-112.580070,0.040771,0.007310,0.430908,0.368164,0.192762,0.059942,267.049988,3631.000000
1404.000000,-136.377304,0.041504,0.008062,0.432129,0.371094,0.193736,0.061460,333.760010,3636.000000
1405.000000,-123.391449,0.042969,0.009429,0.431885,0.371582,0.193419,0.062584,323.230011,3653.000000
1406.000000,-100.882057,0.042236,0.008132,0.431641,0.366699,0.193053,0.061592,251.449997,3725.000000
1407.000000,-101.162704,0.044189,0.009265,0.428955,0.367432,0.191124,0.060940,238.250000,3670.000000
1408.000000,-106.643204,0.043945,0.008783,0.428955,0.367676,0.191254,0.058258,265.109985,3657.000000
1409.000000,-104.745781,0.043701,0.009801,0.428711,0.367432,0.192543,0.059490,261.049988,3544.000000
1410.000000,-105.542824,0.043945,0.009740,0.430176,0.370361,0.193935,0.060970,251.490005,3629.000000
1411.000000,-102.331444,0.043701,0.008927,0.432617,0.369141,0.195559,0.060866,239.470001,3645.000000
1412.000000,-116.830803,0.042480,0.008492,0.431885,0.368164,0.195914,0.059741,291.739990,3632.000000
1413.000000,-117.960167,0.042725,0.008344,0.433838,0.366211,0.195334,0.055652,302.500000,3632.000000
1414.000000,-103.589195,0.040039,0.007290,0.430176,0.364746,0.190922,0.057087,248.190002,3643.000000
1415.000000,-114.638672,0.042236,0.008591,0.430664,0.370850,0.191684,0.060394,263.260010,3638.000000
1416.000000,-98.412895,0.041748,0.007931,0.432373,0.373779,0.193474,0.059472,230.059998,3670.000000
1417.000000,-111.077713,0.041016,0.007281,0.429932,0.368652,0.191218,0.057031,273.119995,3655.000000
1418.000000,-113.564537,0.040771,0.008039,0.428711,0.363281,0.192660,0.054650,288.029999,3641.000000
1419.000000,-104.874092,0.041748,0.008319,0.429688,0.364746,0.193753,0.054202,251.479996,3659.000000
1420.000000,-123.510582,0.043213,0.009261,0.431885,0.367432,0.195066,0.056382,308.309998,3666.000000
1421.000000,-108.750160,0.046143,0.010604,0.432373,0.372070,0.196149,0.059951,259.799988,3678.000000
1422.000000,-103.166054,0.046387,0.009847,0.431641,0.372070,0.196262,0.058029,237.470001,3672.000000
1423.000000,-84.563530,0.046143,0.010217,0.430664,0.372314,0.195798,0.059904,181.279999,3649.000000
1424.000000,-125.288857,0.048096,0.011341,0.435059,0.376709,0.199507,0.060755,306.859985,3640.000000
1425.000000,-98.302528,0.048096,0.010298,0.434082,0.378662,0.197824,0.060113,225.460007,3659.000000
1426.000000,-91.169014,0.045166,0.009787,0.429688,0.372314,0.195110,0.058050,204.960007,3681.000000
1427.000000,-118.289490,0.045410,0.009222,0.430908,0.371582,0.195526,0.059006,286.690002,3680.000000
1428.000000,-113.765854,0.043701,0.008143,0.430176,0.367920,0.195341,0.058348,272.779999,3652.000000
1429.000000,-108.154106,0.043945,0.008473,0.429932,0.369873,0.197260,0.061054,255.690002,3644.000000
1430.000000,-100.456589,0.045898,0.009978,0.431885,0.376465,0.197933,0.064456,242.350006,3652.000000
1431.000000,-119.706718,0.046143,0.009740,0.434326,0.371094,0.199959,0.058255,284.570007,3645.000000
1432.000000,-115.715721,0.045898,0.009392,0.433838,0.366699,0.199972,0.057891,276.859985,3647.000000
1433.000000,-104.674454,0.046143,0.009679,0.434326,0.364990,0.198228,0.055120,247.050003,3685.000000
1434.000000,-116.671906,0.045166,0.009256,0.433350,0.367676,0.196361,0.059267,289.209991,3682.000000
1435.000000,-86.118355,0.045898,0.009872,0.437256,0.374268,0.199957,0.062222,185.149994,3652.000000
1436.000000,-120.225342,0.045166,0.010199,0.434082,0.367920,0.196864,0.059214,289.149994,3637.000000
1437.000000,-97.046318,0.046143,0.010624,0.435547,0.370361,0.199131,0.061426,228.880005,3656.000000
1438.000000,-88.376442,0.046143,0.010273,0.438232,0.370605,0.200172,0.059926,200.839996,3674.000000
1439.000000,-107.150116,0.046143,0.010494,0.435547,0.370117,0.199143,0.060002,263.720001,3674.000000
1440.000000,-103.097084,0.047119,0.011401,0.436768,0.368896,0.199153,0.059367,244.520004,3665.000000
1441.000000,-102.814217,0.046875,0.010860,0.435791,0.369385,0.199063,0.060093,260.850006,3664.000000
1442.000000,-104.402191,0.047119,0.011282,0.437988,0.365967,0.201880,0.059434,247.460007,3662.000000
1443.000000,-93.298973,0.046631,0.010222,0.437012,0.366943,0.200784,0.058320,229.649994,3654.000000
1444.000000,-122.613686,0.047607,0.011063,0.435303,0.367432,0.198915,0.058736,300.989990,3718.000000
1445.000000,-119.824402,0.048340,0.010902,0.437988,0.366943,0.201857,0.058689,287.209991,3730.000000
1446.000000,-97.056236,0.048096,0.010716,0.436279,0.365479,0.199819,0.056517,223.690002,3729.000000
1447.000000,-103.060211,0.047852,0.009603,0.436768,0.364746,0.199475,0.055204,250.619995,3692.000000
1448.000000,-134.453049,0.047852,0.010271,0.436279,0.366699,0.198942,0.058207,316.660004,3680.000000
1449.000000,-108.243668,0.047363,0.010407,0.433350,0.367676,0.197307,0.060145,260.859985,3673.000000
1450.000000,-123.854233,0.047119,0.010303,0.436035,0.366211,0.199536,0.059330,289.579987,3655.000000
1451.000000,-93.638405,0.048828,0.011727,0.438477,0.364014,0.201094,0.059516,210.320007,3647.000000
1452.000000,-111.603790,0.049561,0.011343,0.438232,0.370361,0.201394,0.062396,279.269989,3645.000000
1453.000000,-115.785522,0.049805,0.010538,0.439453,0.366943,0.202979,0.059340,284.859985,3665.000000
1454.000000,-104.297073,0.050049,0.010755,0.439697,0.367432,0.202724,0.059361,237.399994,3657.000000
1455.000000,-97.513191,0.049805,0.010862,0.441406,0.368896,0.203385,0.059424,227.279999,3629.000000
1456.000000,-120.136772,0.050049,0.010511,0.439697,0.368408,0.203151,0.059016,294.670013,3630.000000
1457.000000,-107.618202,0.048096,0.010427,0.441406,0.371582,0.204719,0.060434,259.049988,3625.000000
1458.000000,-98.407982,0.048584,0.011380,0.441650,0.371826,0.205245,0.059092,211.470001,3644.000000
1459.000000,-126.991158,0.046387,0.009987,0.438965,0.369141,0.203671,0.060361,307.040009,3675.000000
1460.000000,-129.871490,0.045898,0.010844,0.437988,0.367676,0.202778,0.060270,337.410004,3670.000000
1461.000000,-103.702484,0.044922,0.010265,0.438232,0.363525,0.202899,0.056392,248.889999,3679.000000
1462.000000,-109.790657,0.043701,0.008982,0.439453,0.364502,0.202704,0.057438,286.119995,3654.000000
1463.000000,-103.822929,0.045654,0.011294,0.443604,0.369873,0.205590,0.060334,231.669998,3692.000000
1464.000000,-110.914566,0.045654,0.010878,0.442383,0.370117,0.203634,0.059512,274.540009,3653.000000
1465.000000,-102.429047,0.046875,0.011797,0.442627,0.371094,0.203128,0.059176,241.550003,3652.000000
1466.000000,-110.904495,0.046143,0.011236,0.441162,0.366943,0.201441,0.056687,285.730011,3666.000000
1467.000000,-123.738235,0.048096,0.011950,0.442139,0.366455,0.202960,0.055955,314.559998,3664.000000
1468.000000,-96.583931,0.046875,0.011251,0.438965,0.366211,0.200970,0.057202,233.369995,3676.000000
1469.000000,-91.670609,0.045166,0.010480,0.439209,0.367920,0.200492,0.057883,211.559998,3665.000000
1470.000000,-88.597237,0.044189,0.010761,0.440674,0.365234,0.200931,0.056243,212.649994,3674.000000
1471.000000,-104.712212,0.045410,0.011012,0.441895,0.369385,0.200281,0.058488,254.690002,3673.000000
1472.000000,-120.225723,0.046875,0.011837,0.441650,0.370850,0.200406,0.059029,298.989990,3678.000000
1473.000000,-96.143753,0.046387,0.011881,0.443359,0.373291,0.202777,0.061905,235.740005,3572.000000
1474.000000,-100.877815,0.045166,0.011157,0.445557,0.369385,0.204248,0.057765,225.759995,3673.000000
1475.000000,-94.241226,0.044434,0.010502,0.445557,0.367676,0.202158,0.057485,230.250000,3670.000000
1476.000000,-147.359650,0.044678,0.010817,0.442627,0.371094,0.200016,0.059968,373.940002,3668.000000
1477.000000,-84.953369,0.045410,0.010220,0.443359,0.369873,0.200498,0.057064,193.089996,3678.000000
1478.000000,-113.595459,0.046631,0.011131,0.442383,0.370850,0.199270,0.059107,270.190002,3638.000000
1479.000000,-104.663963,0.045410,0.010721,0.440918,0.371826,0.197096,0.060379,260.410004,3646.000000
1480.000000,-106.831192,0.046875,0.011752,0.443604,0.371338,0.199096,0.058623,256.820007,3673.000000
1481.000000,-118.320007,0.046631,0.011327,0.444580,0.370850,0.199219,0.060308,310.420013,3679.000000
1482.000000,-82.299904,0.046631,0.010985,0.443115,0.371338,0.197685,0.060282,181.470001,3663.000000
1483.000000,-114.379730,0.044922,0.010274,0.442139,0.367188,0.198339,0.057190,273.589996,3635.000000
1484.000000,-119.468964,0.045166,0.009784,0.444580,0.370361,0.199430,0.059613,278.269989,3645.000000
1485.000000,-124.797867,0.045898,0.010477,0.445068,0.371094,0.200815,0.060243,322.220001,3634.000000
1486.000000,-101.946045,0.046875,0.010324,0.444580,0.373535,0.199974,0.061756,229.699997,3644.000000
1487.000000,-113.403023,0.046875,0.010910,0.442871,0.372070,0.197429,0.061711,272.709991,3635.000000
1488.000000,-126.401779,0.047363,0.010992,0.443359,0.374023,0.198989,0.062730,308.279999,3646.000000
1489.000000,-91.795792,0.048340,0.010496,0.444580,0.374023,0.199288,0.060069,214.860001,3652.000000
1490.000000,-110.651001,0.050049,0.012043,0.445068,0.375488,0.199967,0.061399,267.410004,3644.000000
1491.000000,-115.166534,0.049561,0.010009,0.445068,0.373535,0.200815,0.059752,281.170013,3642.000000
1492.000000,-96.921684,0.047852,0.008827,0.445557,0.375000,0.199886,0.059012,214.929993,3641.000000
1493.000000,-115.680145,0.047852,0.008741,0.447754,0.375488,0.200521,0.057414,287.760010,3648.000000
1494.000000,-110.705666,0.049561,0.009595,0.451172,0.377686,0.202397,0.058898,290.079987,3673.000000
1495.000000,-119.414696,0.046631,0.009116,0.448486,0.379639,0.202630,0.060516,302.880005,3655.000000
1496.000000,-119.212242,0.045654,0.009227,0.449951,0.375000,0.202169,0.058060,286.029999,3621.000000
1497.000000,-98.871712,0.045410,0.009107,0.450928,0.372314,0.202704,0.058785,243.679993,3631.000000
1498.000000,-109.920944,0.045654,0.008651,0.452637,0.373779,0.203896,0.057784,267.369995,3627.000000
1499.000000,-114.289780,0.044189,0.008452,0.452881,0.372559,0.203126,0.057526,277.720001,3720.000000
1500.000000,-110.613754,0.043457,0.008235,0.450195,0.372803,0.199493,0.059002,268.940002,3697.000000
1501.000000,-123.885307,0.042725,0.007804,0.448486,0.369385,0.198518,0.058484,311.850006,3718.000000
1502.000000,-107.734039,0.041748,0.007328,0.448730,0.367676,0.199237,0.057144,251.850006,3692.000000
1503.000000,-120.621254,0.042480,0.007819,0.445557,0.368652,0.196558,0.058081,287.570007,3657.000000
1504.000000,-100.137962,0.042480,0.008962,0.447754,0.372314,0.198004,0.062416,230.699997,3633.000000
1505.000000,-99.081810,0.042725,0.009068,0.449219,0.375488,0.199323,0.060892,248.520004,3632.000000
1506.000000,-99.084579,0.042480,0.008536,0.447998,0.370117,0.199078,0.057723,231.779999,3635.000000
1507.000000,-121.051292,0.041016,0.007415,0.443115,0.373291,0.194151,0.059878,296.269989,3639.000000
1508.000000,-112.257492,0.042725,0.009775,0.444336,0.370605,0.196199,0.057826,269.829987,3636.000000
1509.000000,-96.177063,0.043457,0.009638,0.447754,0.373779,0.199346,0.061136,225.740005,3622.000000
1510.000000,-114.549461,0.044434,0.009533,0.448975,0.376709,0.198481,0.059125,283.929993,3622.000000
1511.000000,-100.648399,0.044678,0.009131,0.446289,0.377930,0.195220,0.060614,244.809998,3621.000000
1512.000000,-103.517334,0.043701,0.008293,0.447266,0.376221,0.195508,0.057675,247.800003,3636.000000
1513.000000,-110.870132,0.043701,0.008931,0.445801,0.375244,0.193958,0.058508,274.570007,3633.000000
1514.000000,-110.137268,0.043213,0.007925,0.443848,0.372803,0.193118,0.058422,266.320007,3610.000000
1515.000000,-123.639465,0.044434,0.008697,0.443604,0.374023,0.193917,0.060903,301.600006,3629.000000
1516.000000,-128.006088,0.044922,0.008694,0.444336,0.374268,0.193881,0.061504,318.209991,3648.000000
1517.000000,-86.086861,0.045410,0.010115,0.445068,0.371338,0.195553,0.059525,201.119995,3659.000000
1518.000000,-95.002716,0.046875,0.011039,0.447021,0.376465,0.196750,0.060748,225.429993,3635.000000
1519.000000,-92.274368,0.047119,0.010703,0.445068,0.376953,0.194947,0.061751,221.899994,3654.000000
1520.000000,-105.805611,0.046631,0.010108,0.445557,0.374756,0.196033,0.060564,250.660004,3624.000000
1521.000000,-115.302803,0.046875,0.010395,0.447266,0.378906,0.198767,0.063150,298.589996,3650.000000
1522.000000,-113.685562,0.048096,0.012943,0.448975,0.378174,0.200336,0.062382,277.130005,3675.000000
1523.000000,-88.081177,0.047119,0.011136,0.448975,0.369873,0.200607,0.056607,196.759995,3685.000000
1524.000000,-104.745071,0.045410,0.009966,0.449463,0.369873,0.201254,0.057838,261.190002,3657.000000
1525.000000,-107.108894,0.045410,0.010327,0.450439,0.370605,0.200863,0.059870,264.880005,3640.000000
1526.000000,-146.108353,0.047363,0.010762,0.454346,0.374512,0.204333,0.062318,359.850006,3638.000000
1527.000000,-100.920448,0.048828,0.011285,0.452637,0.375977,0.200881,0.062149,244.770004,3639.000000
1528.000000,-118.583084,0.047363,0.010258,0.448486,0.370605,0.199904,0.059360,293.429993,3668.000000
1529.000000,-113.519363,0.047607,0.010306,0.448486,0.367676,0.199708,0.058710,272.700012,3646.000000
1530.000000,-127.682556,0.046875,0.010110,0.446289,0.371582,0.197978,0.061031,314.019989,3642.000000
1531.000000,-120.032562,0.048096,0.010954,0.448242,0.374512,0.200440,0.062125,286.160004,3617.000000
1532.000000,-106.499733,0.048584,0.011328,0.451172,0.375000,0.203823,0.061169,254.220001,3622.000000
1533.000000,-100.453270,0.051514,0.013096,0.451904,0.376465,0.202516,0.062460,245.750000,3616.000000
1534.000000,-114.367027,0.051514,0.011879,0.449707,0.378662,0.200165,0.063141,276.220001,3627.000000
1535.000000,-120.271057,0.052246,0.012114,0.452881,0.380615,0.202167,0.062805,303.390015,3625.000000
1536.000000,-126.128960,0.052490,0.012431,0.450684,0.381348,0.200315,0.061587,314.470001,3679.000000
1537.000000,-101.280998,0.052246,0.011764,0.453125,0.381836,0.201214,0.063205,232.110001,3554.000000
1538.000000,-121.973610,0.052734,0.012524,0.453613,0.383301,0.202927,0.064104,303.579987,3636.000000
1539.000000,-123.189430,0.053467,0.011952,0.452637,0.379150,0.201438,0.060054,301.910004,3638.000000
1540.000000,-87.323936,0.052246,0.011525,0.454102,0.378174,0.203646,0.059270,199.179993,3629.000000
1541.000000,-121.806633,0.052490,0.012816,0.451904,0.381836,0.202096,0.064013,310.320007,3655.000000
1542.000000,-112.355537,0.052490,0.011691,0.449707,0.380615,0.199623,0.062689,292.380005,3660.000000
1543.000000,-123.862915,0.051514,0.010879,0.447998,0.380371,0.198648,0.060724,292.850006,3658.000000
1544.000000,-93.342690,0.052734,0.011464,0.449219,0.375244,0.199981,0.059023,217.910004,3665.000000
1545.000000,-100.034431,0.051758,0.011533,0.449707,0.375977,0.200703,0.060816,240.800003,3685.000000
1546.000000,-118.990570,0.050781,0.011115,0.447266,0.375000,0.200024,0.058753,298.140015,3678.000000
1547.000000,-126.817154,0.050293,0.010803,0.447754,0.375732,0.200034,0.059731,307.980011,3680.000000
1548.000000,-106.862175,0.048584,0.009645,0.446777,0.369873,0.199728,0.058232,244.080002,3671.000000
1549.000000,-104.969208,0.048096,0.009042,0.446533,0.370605,0.199505,0.058889,249.919998,3665.000000
1550.000000,-121.033546,0.048096,0.010714,0.445312,0.375977,0.199742,0.064476,280.209991,3672.000000
1551.000000,-113.617096,0.048828,0.010850,0.443848,0.377686,0.200180,0.063396,287.420013,3671.000000
1552.000000,-99.533890,0.048096,0.009726,0.443848,0.375244,0.201070,0.059968,245.809998,3669.000000
1553.000000,-107.320969,0.046143,0.009060,0.443604,0.373779,0.201691,0.059701,268.769989,3666.000000
1554.000000,-97.647865,0.045166,0.009085,0.445801,0.372070,0.203395,0.058501,240.410004,3678.000000
1555.000000,-109.115715,0.046875,0.009832,0.447998,0.371826,0.203993,0.057577,259.980011,3660.000000
1556.000000,-142.725052,0.050049,0.012404,0.447998,0.372070,0.203880,0.060026,346.049988,3673.000000
1557.000000,-91.792366,0.048828,0.011146,0.451660,0.374023,0.207015,0.062457,216.919998,3644.000000
1558.000000,-125.139793,0.050293,0.011584,0.452881,0.375000,0.206500,0.061962,287.089996,3641.000000
1559.000000,-92.791679,0.050293,0.010885,0.453125,0.373535,0.206289,0.061712,211.529999,3645.000000
1560.000000,-90.694893,0.050781,0.010116,0.454590,0.372559,0.204542,0.060187,222.580002,3666.000000
1561.000000,-119.044060,0.049072,0.009056,0.451416,0.371094,0.201769,0.060393,278.290009,3652.000000
1562.000000,-108.412949,0.048828,0.009320,0.449951,0.370850,0.201620,0.060927,264.850006,3641.000000
1563.000000,-110.744789,0.048584,0.009458,0.451172,0.371826,0.203024,0.061232,275.950012,3643.000000
1564.000000,-118.265121,0.048584,0.009226,0.449951,0.375000,0.202459,0.063100,277.579987,3621.000000
1565.000000,-115.035507,0.046387,0.008262,0.446777,0.369873,0.200972,0.061765,284.839996,3657.000000
1566.000000,-86.758781,0.045410,0.007640,0.445557,0.367676,0.199980,0.058837,198.570007,3636.000000
1567.000000,-112.382484,0.046387,0.008031,0.447021,0.368164,0.201778,0.059615,294.799988,3647.000000
1568.000000,-108.045044,0.047119,0.008332,0.448975,0.370361,0.203910,0.061512,278.299988,3628.000000
1569.000000,-106.932129,0.044434,0.008062,0.446777,0.368408,0.201762,0.058929,251.070007,3654.000000
1570.000000,-120.489662,0.045654,0.008358,0.447998,0.372070,0.201452,0.060973,310.910004,3653.000000
1571.000000,-129.200668,0.044434,0.007850,0.445068,0.370361,0.200560,0.059931,336.980011,3636.000000
1572.000000,-100.211372,0.044922,0.008530,0.446533,0.366699,0.200334,0.056485,251.020004,3628.000000
1573.000000,-122.930779,0.044678,0.008516,0.447754,0.367432,0.200047,0.058219,295.829987,3647.000000
1574.000000,-85.405846,0.044189,0.008692,0.448975,0.368164,0.199636,0.059749,180.009995,3644.000000
1575.000000,-104.623062,0.042969,0.008510,0.448486,0.369141,0.199522,0.060497,245.679993,3629.000000
1576.000000,-112.332161,0.044434,0.009791,0.448975,0.369141,0.199368,0.060300,264.899994,3642.000000
1577.000000,-105.358894,0.042725,0.009846,0.447510,0.372559,0.198459,0.062663,244.729996,3678.000000
1578.000000,-133.162613,0.043457,0.010510,0.447021,0.374756,0.199401,0.065824,314.260010,3642.000000
1579.000000,-124.092499,0.044678,0.010679,0.447510,0.376465,0.200963,0.065752,309.059998,3612.000000
1580.000000,-112.271034,0.043457,0.010300,0.449463,0.372314,0.202053,0.061572,273.290009,3608.000000
1581.000000,-118.167007,0.042969,0.010963,0.449463,0.370605,0.202215,0.062171,277.570007,3615.000000
1582.000000,-117.296646,0.044189,0.011357,0.449707,0.373535,0.201221,0.064783,282.190002,3656.000000
1583.000000,-106.691185,0.044434,0.011557,0.450195,0.375732,0.202686,0.066102,253.300003,3671.000000
1584.000000,-120.970230,0.045898,0.012067,0.451904,0.376953,0.204788,0.066519,307.589996,3655.000000
1585.000000,-109.914589,0.046875,0.011893,0.452148,0.375977,0.206277,0.065376,265.149994,3642.000000
1586.000000,-94.704750,0.045654,0.011002,0.449951,0.371094,0.204599,0.060518,220.860001,3668.000000
1587.000000,-120.505302,0.045410,0.011281,0.446289,0.372314,0.202703,0.063036,306.420013,3675.000000
1588.000000,-96.817566,0.046143,0.011376,0.448486,0.373779,0.205837,0.062924,232.899994,3680.000000
1589.000000,-111.488304,0.046143,0.010909,0.445801,0.375732,0.203473,0.063652,279.380005,3658.000000
1590.000000,-106.833374,0.046143,0.011847,0.446045,0.376221,0.204100,0.065875,257.299988,3673.000000
1591.000000,-131.791763,0.047119,0.012097,0.445312,0.374023,0.204100,0.064494,322.480011,3663.000000
1592.000000,-124.596481,0.045410,0.010677,0.445557,0.373535,0.204530,0.063275,302.410004,3674.000000
1593.000000,-79.312088,0.044678,0.009997,0.445801,0.373779,0.203925,0.062028,184.199997,3667.000000
1594.000000,-81.513550,0.045166,0.009859,0.447510,0.372559,0.204806,0.061140,177.520004,3648.000000
1595.000000,-107.824562,0.044189,0.009440,0.446289,0.374268,0.204797,0.061576,251.809998,3621.000000
1596.000000,-105.755363,0.044922,0.009863,0.447266,0.373047,0.205166,0.060557,258.410004,3615.000000
1597.000000,-106.386780,0.043945,0.009622,0.444580,0.367920,0.203086,0.058033,256.250000,3636.000000
1598.000000,-115.344460,0.044434,0.009275,0.443115,0.370117,0.201095,0.058936,280.730011,3614.000000
1599.000000,-115.997574,0.044922,0.009899,0.442871,0.371582,0.200827,0.060515,292.339996,3612.000000
1600.000000,-116.603348,0.046631,0.011307,0.442871,0.375732,0.200727,0.062233,281.049988,3620.000000
1601.000000,-111.771614,0.046387,0.010238,0.442139,0.375000,0.200303,0.062946,278.470001,3539.000000
1602.000000,-112.615952,0.044922,0.008891,0.440186,0.367676,0.198965,0.059224,281.390015,3657.000000
1603.000000,-109.100220,0.044922,0.009604,0.439697,0.365967,0.198451,0.056735,285.480011,3677.000000
1604.000000,-111.801018,0.045166,0.009193,0.438721,0.361816,0.197949,0.055672,272.109985,3675.000000
1605.000000,-110.068504,0.044189,0.008193,0.437500,0.363037,0.196969,0.056397,262.450012,3676.000000
1606.000000,-110.630081,0.044922,0.009009,0.434814,0.363037,0.196725,0.056824,268.670013,3672.000000
1607.000000,-99.341499,0.043213,0.008668,0.430664,0.363037,0.193403,0.058277,233.940002,3663.000000
1608.000000,-85.808693,0.044434,0.009641,0.430908,0.364014,0.194592,0.059796,197.320007,3657.000000
1609.000000,-101.309723,0.044922,0.009848,0.431152,0.358643,0.194520,0.057458,241.600006,3628.000000
1610.000000,-95.668488,0.044922,0.009790,0.431152,0.360596,0.192888,0.057048,230.660004,3635.000000
1611.000000,-123.653152,0.045166,0.009234,0.429199,0.364014,0.190844,0.059651,299.820007,3667.000000
1612.000000,-102.730362,0.045410,0.009900,0.426270,0.365967,0.188691,0.060378,262.299988,3640.000000
1613.000000,-119.808159,0.044189,0.008870,0.424072,0.367432,0.186941,0.061123,290.970001,3630.000000
1614.000000,-97.262077,0.043701,0.008464,0.423828,0.367432,0.188054,0.059256,233.589996,3662.000000
1615.000000,-106.477928,0.042725,0.009194,0.421631,0.366699,0.186806,0.058654,256.859985,3672.000000
1616.000000,-112.597771,0.046143,0.010948,0.426025,0.373047,0.189868,0.061794,275.989990,3642.000000
1617.000000,-127.648369,0.045410,0.010853,0.424316,0.369873,0.189637,0.061432,304.820007,3643.000000
1618.000000,-81.923996,0.044922,0.010277,0.423340,0.365723,0.189663,0.058715,180.929993,3641.000000
1619.000000,-126.377052,0.046143,0.010948,0.422852,0.364502,0.190354,0.058496,311.160004,3642.000000
1620.000000,-113.252533,0.046143,0.010252,0.423584,0.365234,0.189510,0.057302,287.679993,3644.000000
1621.000000,-120.517700,0.046387,0.011100,0.421631,0.366455,0.187962,0.059887,295.109985,3651.000000
1622.000000,-91.548729,0.049072,0.011958,0.424316,0.366699,0.190799,0.057922,213.059998,3631.000000
1623.000000,-117.702484,0.049072,0.010522,0.421631,0.368652,0.187935,0.059456,280.970001,3656.000000
1624.000000,-99.882713,0.049316,0.009961,0.424805,0.374268,0.190157,0.061055,238.119995,3675.000000
1625.000000,-120.725388,0.048828,0.009455,0.426514,0.374023,0.189217,0.059435,295.589996,3665.000000
1626.000000,-106.297050,0.048584,0.009982,0.428223,0.371826,0.190300,0.059990,270.320007,3679.000000
1627.000000,-121.021820,0.047607,0.009881,0.426025,0.365234,0.187410,0.055515,300.600006,3649.000000
1628.000000,-95.942894,0.047363,0.009495,0.426514,0.366211,0.187676,0.056943,229.289993,3628.000000
1629.000000,-100.003548,0.048340,0.010401,0.428467,0.374756,0.189774,0.063583,241.050003,3628.000000
1630.000000,-114.136757,0.050049,0.011140,0.432373,0.378174,0.192547,0.064187,297.420013,3677.000000
1631.000000,-96.634842,0.049316,0.010380,0.431641,0.375244,0.191997,0.061606,225.369995,3655.000000
1632.000000,-101.992874,0.050781,0.010095,0.434082,0.374023,0.192588,0.058462,250.690002,3669.000000
1633.000000,-118.718712,0.051270,0.010740,0.434570,0.372559,0.192205,0.058564,298.950012,3653.000000
1634.000000,-107.197624,0.051270,0.010236,0.437012,0.375977,0.194269,0.058929,255.220001,3635.000000
1635.000000,-125.296707,0.052979,0.010739,0.439453,0.379883,0.195103,0.061250,337.390015,3629.000000
1636.000000,-115.051132,0.053467,0.011408,0.436279,0.379150,0.192656,0.061987,289.850006,3647.000000
1637.000000,-98.568886,0.053467,0.010622,0.437744,0.379150,0.193232,0.059448,226.389999,3660.000000
1638.000000,-123.511993,0.051025,0.010342,0.432129,0.373779,0.190003,0.057683,307.369995,3659.000000
1639.000000,-116.265961,0.050781,0.010304,0.431641,0.373535,0.190571,0.057981,282.660004,3658.000000
1640.000000,-98.396935,0.050293,0.010797,0.430420,0.373291,0.188506,0.058568,226.100006,3669.000000
1641.000000,-138.366455,0.050293,0.011010,0.431396,0.377197,0.188622,0.062144,358.589996,3649.000000
1642.000000,-95.411560,0.050049,0.010771,0.430908,0.379395,0.188566,0.063019,216.789993,3677.000000
1643.000000,-92.911522,0.050293,0.010602,0.432129,0.382080,0.189009,0.064460,226.270004,3656.000000
1644.000000,-120.164558,0.050293,0.011694,0.431641,0.380859,0.189266,0.063905,295.929993,3650.000000
1645.000000,-118.393661,0.049072,0.011052,0.427734,0.376709,0.187633,0.062713,290.200012,3661.000000
1646.000000,-115.410484,0.047607,0.011194,0.425781,0.376709,0.186625,0.064062,291.390015,3661.000000
1647.000000,-121.602684,0.047363,0.010702,0.423096,0.378906,0.185958,0.064557,294.779999,3658.000000
1648.000000,-114.080116,0.048828,0.012589,0.429688,0.378174,0.192751,0.064505,284.029999,3660.000000
1649.000000,-116.468170,0.048096,0.012058,0.430908,0.377197,0.194284,0.063822,290.079987,3667.000000
1650.000000,-139.024460,0.046875,0.011481,0.430908,0.373535,0.194631,0.061353,335.390015,3668.000000
1651.000000,-119.471123,0.045898,0.010707,0.429688,0.372559,0.193932,0.060269,299.970001,3669.000000
1652.000000,-155.199188,0.045166,0.010254,0.427979,0.375977,0.193145,0.062561,392.420013,3674.000000
1653.000000,-155.005417,0.045898,0.011249,0.424805,0.372070,0.190206,0.062280,391.200012,3670.000000
1654.000000,-113.818192,0.045410,0.010898,0.426758,0.372314,0.191751,0.062445,291.399994,3666.000000
1655.000000,-93.226883,0.045898,0.011252,0.428467,0.370850,0.191419,0.061226,207.869995,3679.000000
1656.000000,-93.830101,0.046875,0.011341,0.429199,0.374512,0.191003,0.063597,214.520004,3678.000000
1657.000000,-107.907211,0.046631,0.011198,0.430420,0.372559,0.190603,0.061722,264.209991,3666.000000
1658.000000,-120.214676,0.048584,0.012559,0.428955,0.373779,0.189280,0.062932,295.809998,3640.000000
1659.000000,-99.999199,0.049805,0.012877,0.430908,0.369629,0.191899,0.060212,232.169998,3632.000000
1660.000000,-97.764771,0.049316,0.012026,0.432373,0.372070,0.191271,0.062676,230.009995,3651.000000
1661.000000,-108.445969,0.047852,0.011736,0.429688,0.376465,0.189658,0.064077,258.250000,3638.000000
1662.000000,-96.972519,0.047119,0.011447,0.433105,0.374512,0.193662,0.063877,220.889999,3632.000000
1663.000000,-115.828499,0.046875,0.012263,0.433105,0.371826,0.195579,0.064817,291.130005,3622.000000
1664.000000,-104.312767,0.048340,0.012514,0.435547,0.372803,0.196772,0.064151,241.039993,3667.000000
1665.000000,-103.581078,0.047119,0.011371,0.433838,0.374756,0.196087,0.064137,241.220001,3546.000000
1666.000000,-126.491768,0.045654,0.010883,0.430176,0.373047,0.193125,0.062368,324.290009,3649.000000
1667.000000,-109.090263,0.044922,0.010724,0.428223,0.372803,0.191864,0.062331,267.269989,3628.000000
1668.000000,-112.763046,0.042969,0.009806,0.428955,0.373291,0.192717,0.060924,274.769989,3635.000000
1669.000000,-114.926117,0.041992,0.010451,0.428467,0.369385,0.193955,0.060463,295.339996,3624.000000
1670.000000,-111.105469,0.042480,0.011200,0.430908,0.368896,0.195665,0.060215,266.290009,3683.000000
1671.000000,-131.884537,0.043945,0.011257,0.431396,0.370117,0.195413,0.061058,342.510010,3656.000000
1672.000000,-91.716713,0.043701,0.010218,0.431396,0.373291,0.195261,0.061922,222.160004,3665.000000
1673.000000,-98.724022,0.044678,0.010123,0.431885,0.374512,0.194155,0.061976,233.570007,3652.000000
1674.000000,-104.818718,0.044189,0.009996,0.428223,0.373535,0.190398,0.060377,245.610001,3652.000000
1675.000000,-114.383209,0.043701,0.009769,0.429688,0.374268,0.191717,0.061703,285.040009,3643.000000
1676.000000,-104.168732,0.043457,0.009666,0.429443,0.377441,0.192540,0.063793,252.729996,3640.000000
1677.000000,-121.064674,0.041260,0.010130,0.427002,0.369385,0.191382,0.059309,310.440002,3657.000000
1678.000000,-117.009132,0.041748,0.011112,0.428223,0.368896,0.192603,0.060725,285.679993,3641.000000
1679.000000,-97.055023,0.041016,0.010501,0.429199,0.367920,0.194036,0.060132,234.139999,3657.000000
1680.000000,-120.262405,0.041260,0.010538,0.430420,0.370117,0.194207,0.060002,294.880005,3622.000000
1681.000000,-107.791336,0.042725,0.011046,0.434814,0.371338,0.195658,0.059320,258.570007,3658.000000
1682.000000,-95.696701,0.041992,0.010438,0.433105,0.368164,0.193280,0.059388,234.800003,3652.000000
1683.000000,-115.896332,0.039551,0.009028,0.429443,0.367676,0.190541,0.059370,302.470001,3668.000000
1684.000000,-110.067406,0.039551,0.008616,0.430664,0.365479,0.192682,0.058239,282.440002,3673.000000
1685.000000,-121.395424,0.038818,0.008711,0.427734,0.365723,0.191516,0.058756,302.480011,3638.000000
1686.000000,-102.780640,0.038818,0.009094,0.432373,0.370850,0.195743,0.062355,245.130005,3641.000000
1687.000000,-115.990509,0.040771,0.010451,0.434082,0.369141,0.198233,0.060560,268.410004,3651.000000
1688.000000,-102.631592,0.039307,0.010033,0.429443,0.363037,0.194102,0.058708,239.389999,3648.000000
1689.000000,-111.477089,0.039307,0.010046,0.427734,0.364502,0.191737,0.059989,253.279999,3632.000000
1690.000000,-114.824913,0.039062,0.009706,0.429443,0.363525,0.193423,0.058901,277.649994,3615.000000
1691.000000,-109.226204,0.041504,0.011153,0.430664,0.373291,0.195072,0.065073,249.690002,3634.000000
1692.000000,-102.345665,0.041748,0.011296,0.431885,0.371826,0.195883,0.063885,226.940002,3625.000000
1693.000000,-100.969086,0.041016,0.009980,0.431641,0.366455,0.195291,0.060173,239.199997,3672.000000
1694.000000,-108.467995,0.042480,0.010244,0.433350,0.367432,0.195842,0.059923,261.750000,3683.000000
1695.000000,-105.357056,0.042236,0.009514,0.436523,0.369385,0.198151,0.060127,253.339996,3686.000000
1696.000000,-154.369354,0.044678,0.010936,0.438477,0.373291,0.199890,0.063864,407.029999,3675.000000
1697.000000,-119.925140,0.044922,0.010930,0.438721,0.373779,0.198213,0.062849,309.339996,3664.000000
1698.000000,-84.283226,0.044678,0.010665,0.439209,0.367920,0.197212,0.060049,188.399994,3633.000000
1699.000000,-107.976013,0.046143,0.012407,0.438721,0.368164,0.195354,0.061622,250.729996,3634.000000
1700.000000,-114.167206,0.044434,0.010537,0.436768,0.368408,0.193592,0.062149,284.450012,3665.000000
1701.000000,-119.756500,0.045898,0.012496,0.440186,0.372314,0.196467,0.067260,288.339996,3655.000000
1702.000000,-105.410446,0.046875,0.012290,0.438965,0.372803,0.196989,0.067337,248.520004,3663.000000
1703.000000,-98.267235,0.045898,0.012401,0.437500,0.367188,0.196316,0.063603,226.360001,3648.000000
1704.000000,-133.317017,0.045654,0.011655,0.437744,0.367188,0.198401,0.060707,320.959991,3651.000000
1705.000000,-123.221809,0.048584,0.013785,0.434326,0.364746,0.198293,0.061259,303.279999,3675.000000
1706.000000,-119.287262,0.048340,0.014027,0.436768,0.365234,0.201507,0.063565,299.239990,3681.000000
1707.000000,-97.514671,0.049805,0.014361,0.440186,0.369141,0.204570,0.063625,239.000000,3681.000000
1708.000000,-91.585739,0.052002,0.014628,0.444336,0.370850,0.207492,0.063294,214.800003,3717.000000
1709.000000,-109.274040,0.052002,0.013868,0.446045,0.370850,0.208037,0.062875,255.910004,3617.000000
1710.000000,-96.433014,0.051270,0.012934,0.447021,0.372070,0.206867,0.062890,238.509995,3636.000000
1711.000000,-133.553146,0.051025,0.013142,0.444824,0.375000,0.205711,0.064152,334.209991,3626.000000
1712.000000,-96.353539,0.051758,0.013475,0.442627,0.372803,0.205185,0.062696,235.080002,3642.000000
1713.000000,-101.481529,0.051514,0.012200,0.441162,0.372314,0.203340,0.061693,239.410004,3622.000000
1714.000000,-124.010674,0.052246,0.011936,0.443115,0.368896,0.204052,0.060002,316.070007,3637.000000
1715.000000,-120.237366,0.051514,0.011493,0.440918,0.368408,0.202896,0.059393,269.019989,3633.000000
1716.000000,-126.849510,0.052490,0.012321,0.439941,0.369385,0.203628,0.059754,302.339996,3649.000000
1717.000000,-107.256477,0.052734,0.012759,0.441406,0.367432,0.206271,0.057889,279.279999,3643.000000
1718.000000,-109.970703,0.050781,0.012384,0.437500,0.363770,0.203207,0.057476,269.959991,3647.000000
1719.000000,-85.398697,0.050537,0.011871,0.440430,0.364990,0.204430,0.057164,193.470001,3645.000000
1720.000000,-107.968361,0.052979,0.013130,0.440918,0.365723,0.204699,0.058752,260.130005,3667.000000
1721.000000,-116.062988,0.052979,0.013279,0.440186,0.364258,0.204301,0.057354,287.160004,3639.000000
1722.000000,-132.155014,0.053711,0.013043,0.439697,0.361816,0.203440,0.057791,322.399994,3648.000000
1723.000000,-120.141426,0.052979,0.012642,0.440186,0.364258,0.203839,0.058525,298.850006,3640.000000
1724.000000,-105.908531,0.052002,0.012825,0.440918,0.364746,0.203609,0.058798,246.630005,3640.000000
1725.000000,-104.267792,0.052490,0.012662,0.441406,0.365723,0.202861,0.058934,246.020004,3653.000000
1726.000000,-109.430847,0.052246,0.013132,0.440430,0.366943,0.203751,0.060023,255.199997,3642.000000
1727.000000,-126.645874,0.052979,0.013823,0.442139,0.369141,0.204997,0.061462,297.010010,3640.000000
1728.000000,-116.342888,0.052246,0.013195,0.444092,0.371094,0.205214,0.062735,309.630005,3639.000000
1729.000000,-106.338089,0.051270,0.012139,0.439941,0.368652,0.202528,0.060036,263.959991,3551.000000
1730.000000,-107.821663,0.049805,0.011902,0.438721,0.368652,0.201281,0.061722,253.639999,3646.000000
1731.000000,-124.875282,0.051025,0.012665,0.439209,0.369141,0.203421,0.063364,320.730011,3650.000000
1732.000000,-130.289948,0.052979,0.013817,0.441406,0.372803,0.204982,0.066090,328.589996,3628.000000
1733.000000,-120.075592,0.051758,0.012947,0.439453,0.373047,0.202518,0.063379,295.440002,3634.000000
1734.000000,-119.619049,0.051514,0.012212,0.438477,0.371094,0.201622,0.062372,317.109985,3628.000000
1735.000000,-104.007767,0.052490,0.012984,0.438965,0.371094,0.200849,0.063390,228.210007,3624.000000
1736.000000,-105.682594,0.053467,0.013016,0.439697,0.375488,0.201346,0.065008,251.990005,3669.000000
1737.000000,-88.098228,0.051025,0.012788,0.439941,0.375977,0.202849,0.066332,202.619995,3646.000000
1738.000000,-108.061127,0.050781,0.012542,0.440674,0.374512,0.204987,0.063750,260.549988,3652.000000
1739.000000,-111.424011,0.050049,0.011971,0.442383,0.374756,0.207948,0.064140,271.820007,3616.000000
1740.000000,-112.173416,0.052490,0.012413,0.441650,0.374268,0.206769,0.063902,255.210007,3636.000000
1741.000000,-114.643898,0.053711,0.013034,0.444824,0.379150,0.208948,0.068337,266.480011,3647.000000
1742.000000,-140.472839,0.053955,0.012987,0.442627,0.376221,0.206393,0.067066,356.959991,3674.000000
1743.000000,-122.004723,0.053711,0.012062,0.444824,0.374023,0.208080,0.064476,295.429993,3670.000000
1744.000000,-111.297295,0.053467,0.012751,0.438965,0.373779,0.204476,0.065397,287.630005,3670.000000
1745.000000,-102.231438,0.055664,0.013649,0.441650,0.377441,0.205967,0.066377,241.800003,3677.000000
1746.000000,-122.244881,0.054688,0.012448,0.441406,0.376953,0.204874,0.064834,303.119995,3649.000000
1747.000000,-106.559189,0.052979,0.011656,0.441162,0.375488,0.205250,0.063172,273.390015,3660.000000
1748.000000,-94.697815,0.055664,0.013448,0.443848,0.373291,0.207533,0.061407,214.770004,3645.000000
1749.000000,-93.601624,0.053955,0.012796,0.444092,0.371338,0.207123,0.060597,210.240005,3649.000000
1750.000000,-133.177017,0.054199,0.014026,0.443359,0.369385,0.207741,0.062549,334.299988,3626.000000
1751.000000,-111.905327,0.053467,0.013399,0.444336,0.370117,0.207603,0.062149,277.320007,3629.000000
1752.000000,-122.239288,0.052734,0.013953,0.439941,0.370117,0.205377,0.063318,303.480011,3658.000000
1753.000000,-98.452629,0.054199,0.014770,0.444092,0.374756,0.210209,0.064010,240.910004,3638.000000
1754.000000,-85.812302,0.054199,0.014630,0.444580,0.371826,0.210632,0.062621,199.729996,3635.000000
1755.000000,-113.937469,0.053711,0.013876,0.444580,0.375488,0.209953,0.064838,287.500000,3666.000000
1756.000000,-121.893478,0.057617,0.015283,0.446777,0.378418,0.210178,0.066538,318.510010,3677.000000
1757.000000,-111.090050,0.056641,0.014361,0.448975,0.378174,0.211588,0.067300,273.109985,3649.000000
1758.000000,-90.906967,0.057129,0.014836,0.450439,0.379395,0.212652,0.066734,220.539993,3643.000000
1759.000000,-95.192223,0.054932,0.012979,0.448242,0.377197,0.210083,0.065378,236.899994,3642.000000
1760.000000,-109.141899,0.052979,0.012565,0.447021,0.373535,0.208177,0.061763,273.649994,3657.000000
1761.000000,-71.597298,0.053467,0.013574,0.448730,0.374023,0.209215,0.062831,147.979996,3665.000000
1762.000000,-94.083679,0.053467,0.014061,0.447998,0.374756,0.208484,0.062830,206.610001,3635.000000
1763.000000,-131.989639,0.053711,0.013862,0.447998,0.375732,0.207589,0.065421,312.299988,3632.000000
1764.000000,-101.981773,0.053711,0.013610,0.448730,0.376953,0.208646,0.064272,247.270004,3634.000000
1765.000000,-113.281937,0.052490,0.013064,0.445068,0.374023,0.206643,0.064129,287.950012,3651.000000
1766.000000,-109.219055,0.054199,0.013780,0.451416,0.380371,0.210805,0.066543,290.709991,3651.000000
1767.000000,-97.782776,0.051270,0.013148,0.448730,0.373535,0.208763,0.063377,242.539993,3679.000000
1768.000000,-112.563812,0.050781,0.012636,0.447266,0.375488,0.208203,0.064281,281.359985,3644.000000
1769.000000,-125.398354,0.050049,0.013115,0.448486,0.370605,0.210611,0.064020,311.019989,3639.000000
1770.000000,-132.902725,0.049805,0.013529,0.444092,0.373291,0.207681,0.065911,338.859985,3649.000000
1771.000000,-96.751518,0.050293,0.013260,0.445557,0.373779,0.207881,0.063932,250.029999,3646.000000
1772.000000,-124.697853,0.049072,0.012292,0.443359,0.372803,0.205345,0.062732,315.959991,3560.000000
1773.000000,-113.115616,0.049072,0.013228,0.445801,0.372070,0.207445,0.062242,260.940002,3629.000000
1774.000000,-130.944534,0.046387,0.012034,0.443604,0.369629,0.206252,0.060771,347.700012,3640.000000
1775.000000,-113.379036,0.045898,0.011999,0.437744,0.368896,0.202503,0.062335,297.859985,3640.000000
1776.000000,-113.169495,0.047363,0.012307,0.440674,0.373779,0.204867,0.063694,264.700012,3640.000000
1777.000000,-93.635757,0.046387,0.011093,0.440918,0.372803,0.204723,0.062891,225.320007,3662.000000
1778.000000,-116.715286,0.047607,0.011813,0.439697,0.369141,0.204863,0.061277,285.019989,3646.000000
1779.000000,-124.608093,0.048828,0.011696,0.443359,0.371338,0.207167,0.063018,299.709991,3662.000000
1780.000000,-102.064560,0.046387,0.009931,0.440674,0.369141,0.203782,0.061034,244.100006,3649.000000
1781.000000,-101.318588,0.047119,0.011412,0.437744,0.373047,0.201245,0.066600,226.720001,3660.000000
1782.000000,-128.590805,0.047607,0.011558,0.438232,0.373047,0.201359,0.065562,315.089996,3649.000000
1783.000000,-120.305939,0.047852,0.012033,0.442871,0.372314,0.206511,0.066593,288.790009,3627.000000
1784.000000,-137.110550,0.049316,0.012796,0.447021,0.374512,0.209023,0.068514,344.140015,3650.000000
1785.000000,-88.948875,0.048340,0.013012,0.443604,0.367188,0.205124,0.064150,217.270004,3673.000000
1786.000000,-137.321533,0.047852,0.013149,0.441895,0.369629,0.203451,0.066604,357.890015,3705.000000
1787.000000,-105.186905,0.047363,0.012386,0.444092,0.371826,0.203799,0.067029,254.679993,3713.000000
1788.000000,-110.499046,0.047119,0.012736,0.446045,0.368408,0.205453,0.065940,270.970001,3671.000000
1789.000000,-90.406494,0.045654,0.011430,0.447266,0.370850,0.205657,0.067306,217.990005,3632.000000
1790.000000,-107.731689,0.044678,0.010980,0.446289,0.372070,0.204808,0.067163,261.429993,3663.000000
1791.000000,-115.725159,0.043457,0.010337,0.445312,0.368896,0.204446,0.065238,292.899994,3651.000000
1792.000000,-99.864082,0.041992,0.009829,0.447510,0.369141,0.205142,0.063503,252.199997,3643.000000
1793.000000,-115.433762,0.043701,0.010800,0.449707,0.374512,0.205290,0.064983,268.630005,3541.000000
1794.000000,-109.115494,0.043945,0.011623,0.448486,0.372314,0.203435,0.065459,270.890015,3646.000000
1795.000000,-103.718231,0.042725,0.010264,0.446045,0.371338,0.202265,0.063972,238.160004,3644.000000
1796.000000,-117.439354,0.043457,0.010093,0.445068,0.369385,0.202060,0.063097,294.589996,3629.000000
1797.000000,-104.638710,0.044434,0.010616,0.444336,0.369141,0.201084,0.062432,248.619995,3620.000000
1798.000000,-115.687057,0.042969,0.009142,0.442627,0.370850,0.198538,0.063412,272.619995,3623.000000
1799.000000,-93.731613,0.043945,0.009840,0.445557,0.375488,0.200966,0.063619,224.929993,3622.000000
1800.000000,-96.676010,0.043457,0.009369,0.443848,0.372070,0.199323,0.062338,220.770004,3639.000000
1801.000000,-126.382355,0.042236,0.008931,0.443604,0.370361,0.198531,0.062739,320.130005,3628.000000
1802.000000,-97.897179,0.043701,0.009836,0.443604,0.374268,0.198770,0.063647,216.199997,3626.000000
1803.000000,-100.263359,0.042725,0.008847,0.444580,0.372803,0.198815,0.061260,255.500000,3671.000000
1804.000000,-114.456139,0.043213,0.009225,0.446533,0.375488,0.199172,0.062066,284.049988,3647.000000
1805.000000,-117.791992,0.043457,0.009256,0.447266,0.372559,0.198677,0.060957,297.420013,3637.000000
1806.000000,-91.923126,0.043457,0.009327,0.447510,0.373291,0.197392,0.060768,225.899994,3611.000000
1807.000000,-121.106750,0.042725,0.009775,0.447510,0.368652,0.197033,0.059120,280.510010,3633.000000
1808.000000,-119.037903,0.042969,0.009375,0.445557,0.370605,0.196338,0.060817,288.170013,3653.000000
1809.000000,-118.929825,0.043701,0.010248,0.446777,0.371582,0.196581,0.062207,281.779999,3666.000000
1810.000000,-119.576851,0.044434,0.011024,0.444092,0.367920,0.195848,0.060358,300.500000,3660.000000
1811.000000,-110.038445,0.044922,0.010456,0.444824,0.367920,0.197325,0.061501,258.350006,3630.000000
1812.000000,-121.903862,0.045654,0.010608,0.443115,0.368408,0.194333,0.061097,308.920013,3622.000000
1813.000000,-110.121147,0.046387,0.011976,0.445068,0.370605,0.197134,0.063767,267.279999,3636.000000
1814.000000,-115.493401,0.045166,0.010456,0.444580,0.371826,0.196756,0.064193,280.209991,3625.000000
1815.000000,-93.977203,0.046631,0.012009,0.446533,0.370361,0.199103,0.064494,205.440002,3610.000000
1816.000000,-88.290306,0.045654,0.011430,0.449951,0.368652,0.201962,0.062561,212.240005,3633.000000
1817.000000,-103.212753,0.044678,0.011578,0.447510,0.366943,0.199832,0.062296,237.399994,3613.000000
1818.000000,-102.699890,0.044434,0.010756,0.446533,0.369629,0.199874,0.063371,260.970001,3672.000000
1819.000000,-116.089310,0.044434,0.011384,0.445312,0.369141,0.199760,0.063104,286.559998,3676.000000
1820.000000,-106.802956,0.044678,0.011608,0.444336,0.369141,0.199755,0.063634,252.009995,3664.000000
1821.000000,-101.239784,0.046631,0.012944,0.445312,0.369629,0.200853,0.063897,249.750000,3675.000000
1822.000000,-121.139832,0.047363,0.012461,0.449463,0.370117,0.204409,0.063480,287.130005,3693.000000
1823.000000,-131.926834,0.047852,0.011894,0.448730,0.373535,0.202326,0.063650,308.200012,3609.000000
1824.000000,-100.384705,0.047607,0.011871,0.451904,0.371094,0.205615,0.062679,231.889999,3627.000000
1825.000000,-84.194298,0.047852,0.012313,0.451660,0.371338,0.205475,0.063692,189.619995,3638.000000
1826.000000,-90.365471,0.046387,0.011604,0.450684,0.366455,0.203926,0.061195,200.240005,3648.000000
1827.000000,-129.097229,0.046875,0.011890,0.449219,0.368896,0.202838,0.062961,315.859985,3605.000000
1828.000000,-106.606209,0.046631,0.011599,0.448730,0.369629,0.202916,0.062152,254.100006,3620.000000
1829.000000,-112.055885,0.046631,0.011878,0.447021,0.375732,0.204169,0.067746,289.510010,3634.000000
1830.000000,-127.691032,0.048340,0.012912,0.448242,0.376465,0.206128,0.065483,338.359985,3626.000000
1831.000000,-105.803986,0.048340,0.012763,0.447266,0.373047,0.207810,0.064766,249.360001,3600.000000
1832.000000,-98.192619,0.048828,0.012517,0.448730,0.371826,0.207602,0.064924,229.919998,3640.000000
1833.000000,-102.849655,0.047852,0.011596,0.449463,0.370850,0.207927,0.064710,244.619995,3672.000000
1834.000000,-103.750595,0.047119,0.011617,0.447754,0.372314,0.206618,0.064950,246.320007,3669.000000
1835.000000,-95.747604,0.048828,0.012517,0.452393,0.376953,0.211494,0.066750,226.949997,3664.000000
1836.000000,-115.878166,0.047852,0.011777,0.449951,0.374023,0.208165,0.065805,282.100006,3635.000000
1837.000000,-128.940781,0.047363,0.011179,0.445557,0.373779,0.204954,0.067089,313.089996,3624.000000
1838.000000,-105.118408,0.046631,0.010302,0.444580,0.374023,0.204575,0.067634,261.750000,3677.000000
1839.000000,-101.046196,0.045654,0.010619,0.443115,0.372070,0.203448,0.066027,245.440002,3625.000000
1840.000000,-108.085335,0.044434,0.010147,0.444580,0.370850,0.204586,0.066796,261.320007,3631.000000
1841.000000,-143.440018,0.046631,0.012209,0.439941,0.368652,0.201014,0.066823,384.769989,3652.000000
1842.000000,-131.067352,0.046387,0.011566,0.439453,0.367920,0.202093,0.066862,339.950012,3657.000000
1843.000000,-103.806404,0.045654,0.009882,0.440674,0.374512,0.202670,0.068630,245.300003,3668.000000
1844.000000,-118.375092,0.047363,0.011127,0.441162,0.374268,0.203204,0.067235,293.730011,3672.000000
1845.000000,-95.984352,0.046387,0.010347,0.441162,0.374023,0.203312,0.064318,221.979996,3633.000000
1846.000000,-98.762878,0.046387,0.010809,0.440674,0.367188,0.201877,0.061847,212.419998,3646.000000
1847.000000,-111.751526,0.049072,0.011942,0.444824,0.366211,0.204345,0.063908,286.100006,3648.000000
1848.000000,-116.905037,0.050293,0.011768,0.443848,0.364746,0.203592,0.062885,285.279999,3640.000000
1849.000000,-109.722000,0.048584,0.011514,0.443604,0.363770,0.202494,0.063325,274.970001,3655.000000
1850.000000,-115.314583,0.046875,0.010947,0.443115,0.367188,0.201463,0.064846,268.529999,3641.000000
1851.000000,-129.006958,0.046875,0.010706,0.441895,0.366211,0.200953,0.063498,327.420013,3667.000000
1852.000000,-105.783798,0.045898,0.009962,0.440918,0.365479,0.200278,0.064219,248.190002,3680.000000
1853.000000,-110.594482,0.046387,0.010369,0.442139,0.368164,0.201068,0.065693,273.500000,3638.000000
1854.000000,-108.451714,0.049805,0.013039,0.447266,0.372314,0.206163,0.067388,259.130005,3652.000000
1855.000000,-124.388748,0.049805,0.012905,0.447754,0.371826,0.206451,0.065545,301.950012,3681.000000
1856.000000,-133.033768,0.051758,0.013775,0.446777,0.371094,0.207625,0.063344,345.859985,3662.000000
1857.000000,-89.829971,0.051758,0.013716,0.448486,0.372070,0.207147,0.063833,217.470001,3548.000000
1858.000000,-119.295250,0.051025,0.012076,0.450439,0.372559,0.206731,0.063375,288.829987,3715.000000
1859.000000,-131.992416,0.050781,0.011917,0.448486,0.370117,0.205579,0.063514,336.859985,3665.000000
1860.000000,-78.514503,0.049561,0.011174,0.451416,0.366699,0.207226,0.059625,170.059998,3642.000000
1861.000000,-98.751205,0.048828,0.010882,0.452881,0.366211,0.207056,0.060250,231.910004,3598.000000
1862.000000,-119.450752,0.049072,0.011457,0.454346,0.367920,0.208275,0.061735,301.980011,3656.000000
1863.000000,-100.193367,0.049561,0.011347,0.453857,0.369873,0.208300,0.063730,239.770004,3660.000000
1864.000000,-118.242882,0.049316,0.011304,0.454834,0.369385,0.209517,0.062491,291.559998,3632.000000
1865.000000,-99.221535,0.049561,0.011318,0.454590,0.367920,0.208730,0.062488,234.850006,3629.000000
1866.000000,-128.185211,0.048828,0.011412,0.451416,0.367920,0.208009,0.062154,324.980011,3627.000000
1867.000000,-109.518806,0.049316,0.011449,0.448242,0.370117,0.206971,0.063586,260.260010,3626.000000
1868.000000,-103.821060,0.048584,0.011223,0.443604,0.370605,0.204330,0.062500,247.869995,3669.000000
1869.000000,-108.167664,0.048584,0.011664,0.441162,0.369141,0.203791,0.060393,259.750000,3622.000000
1870.000000,-81.967392,0.049072,0.011650,0.445068,0.372314,0.206435,0.061377,178.009995,3611.000000
1871.000000,-116.068291,0.050293,0.011787,0.444092,0.369141,0.205286,0.061091,310.250000,3625.000000
1872.000000,-132.673965,0.049561,0.011190,0.441162,0.371094,0.203186,0.064670,329.630005,3647.000000
1873.000000,-106.017616,0.050293,0.011771,0.442627,0.369873,0.205264,0.061650,258.540009,3649.000000
1874.000000,-104.645035,0.048584,0.010687,0.439697,0.370117,0.201800,0.061065,237.259995,3600.000000
1875.000000,-110.086220,0.048584,0.010632,0.437500,0.364746,0.199642,0.058979,253.570007,3668.000000
1876.000000,-98.736687,0.049072,0.012038,0.439453,0.366455,0.202134,0.060804,249.500000,3627.000000
1877.000000,-120.914574,0.051270,0.013236,0.435303,0.368652,0.199189,0.062716,293.820007,3617.000000
1878.000000,-98.635078,0.049561,0.011928,0.431885,0.369629,0.196917,0.064875,243.250000,3634.000000
1879.000000,-115.515900,0.048584,0.011172,0.431152,0.370850,0.197256,0.065103,282.390015,3596.000000
1880.000000,-117.889473,0.048096,0.010851,0.431396,0.366455,0.198211,0.061403,285.739990,3637.000000
1881.000000,-86.882767,0.048096,0.011448,0.431641,0.367676,0.198569,0.062151,203.389999,3642.000000
1882.000000,-108.845673,0.047852,0.013028,0.431885,0.369141,0.198590,0.064959,274.420013,3638.000000
1883.000000,-121.180695,0.048340,0.013031,0.430176,0.367188,0.197304,0.063655,308.429993,3665.000000
1884.000000,-89.654488,0.046143,0.012100,0.426270,0.366699,0.193997,0.063274,219.419998,3679.000000
1885.000000,-89.946327,0.046143,0.011613,0.431152,0.367676,0.197629,0.062315,210.259995,3653.000000
1886.000000,-103.153481,0.043457,0.012092,0.428711,0.366455,0.194514,0.062352,264.230011,3622.000000
1887.000000,-98.765175,0.043701,0.012462,0.429932,0.369629,0.194645,0.064383,238.889999,3622.000000
1888.000000,-101.143791,0.043701,0.012541,0.428467,0.367188,0.194483,0.063096,230.039993,3633.000000
1889.000000,-121.042419,0.042480,0.011497,0.426270,0.366699,0.193767,0.062826,294.390015,3592.000000
1890.000000,-111.734253,0.043213,0.012169,0.426025,0.363770,0.193481,0.060879,261.510010,3633.000000
1891.000000,-110.385696,0.043945,0.012236,0.431152,0.366455,0.197784,0.061876,257.690002,3621.000000
1892.000000,-113.867722,0.044189,0.012471,0.427490,0.366699,0.194236,0.061110,267.779999,3622.000000
1893.000000,-118.376999,0.044922,0.012889,0.428467,0.372070,0.196516,0.067934,305.040009,3656.000000
1894.000000,-110.515282,0.045166,0.012728,0.431641,0.373047,0.198659,0.067201,264.390015,3610.000000
1895.000000,-113.237999,0.047363,0.013256,0.435547,0.366943,0.200534,0.064143,290.989990,3668.000000
1896.000000,-98.638145,0.047119,0.012709,0.432617,0.366943,0.196851,0.062386,244.210007,3671.000000
1897.000000,-105.383278,0.047852,0.012547,0.431152,0.362549,0.195245,0.060318,240.929993,3616.000000
1898.000000,-109.707512,0.046387,0.011480,0.432373,0.366699,0.195980,0.063786,255.960007,3640.000000
1899.000000,-112.662468,0.046875,0.011390,0.432373,0.366211,0.195847,0.062132,274.839996,3636.000000
1900.000000,-127.295700,0.047852,0.011277,0.433594,0.368408,0.196341,0.063966,327.649994,3662.000000
1901.000000,-95.537758,0.047852,0.010867,0.436768,0.371094,0.198136,0.065187,216.520004,3669.000000
1902.000000,-105.118759,0.046875,0.009435,0.441406,0.366455,0.200297,0.058895,241.570007,3673.000000
1903.000000,-115.481842,0.045654,0.009516,0.438477,0.357910,0.197771,0.058148,283.739990,3664.000000
1904.000000,-126.250153,0.046631,0.009913,0.437744,0.360352,0.198311,0.060411,322.950012,3653.000000
1905.000000,-110.698494,0.044922,0.008861,0.433594,0.360596,0.196739,0.060675,272.299988,3662.000000
1906.000000,-118.764603,0.047363,0.010686,0.437744,0.362793,0.199930,0.063731,293.779999,3663.000000
1907.000000,-111.902016,0.048096,0.010024,0.437256,0.364990,0.198382,0.062637,294.950012,3655.000000
1908.000000,-101.419464,0.046875,0.009684,0.436035,0.360352,0.198016,0.060285,236.550003,3657.000000
1909.000000,-100.261543,0.046875,0.009833,0.437256,0.358154,0.198359,0.060286,234.759995,3639.000000
1910.000000,-132.608002,0.047363,0.010026,0.436035,0.359619,0.196688,0.061382,352.459991,3634.000000
1911.000000,-107.297203,0.045410,0.008594,0.430420,0.361328,0.192586,0.063215,267.089996,3630.000000
1912.000000,-104.546371,0.044434,0.008714,0.434326,0.362793,0.195353,0.060936,259.730011,3619.000000
1913.000000,-94.009903,0.044434,0.008591,0.433105,0.359619,0.193981,0.060014,226.720001,3626.000000
1914.000000,-102.050972,0.044189,0.008340,0.431396,0.359131,0.191805,0.059433,243.869995,3638.000000
1915.000000,-90.829117,0.043945,0.008419,0.429932,0.360107,0.189345,0.059223,215.789993,3648.000000
1916.000000,-102.918922,0.043701,0.009056,0.429688,0.361328,0.189687,0.059566,237.050003,3660.000000
1917.000000,-120.311516,0.044434,0.009646,0.431641,0.363770,0.190844,0.060537,283.619995,3658.000000
1918.000000,-91.175156,0.044434,0.010065,0.431641,0.362061,0.191514,0.059877,207.419998,3669.000000
1919.000000,-123.726013,0.045654,0.010950,0.433838,0.362305,0.193683,0.060561,316.010010,3677.000000
1920.000000,-128.165222,0.047607,0.012276,0.436279,0.365967,0.195740,0.063596,328.010010,3659.000000
1921.000000,-109.351723,0.046387,0.011332,0.435059,0.366455,0.195575,0.063991,279.739990,3573.000000
1922.000000,-105.692871,0.047607,0.011716,0.435791,0.369141,0.194882,0.061977,239.220001,3672.000000
1923.000000,-104.776421,0.046875,0.011920,0.437012,0.369141,0.197066,0.061712,261.989990,3676.000000
1924.000000,-93.694084,0.048340,0.011125,0.434814,0.366943,0.194454,0.060049,221.339996,3651.000000
1925.000000,-111.705330,0.049072,0.012396,0.432861,0.371582,0.193357,0.064044,277.839996,3658.000000
1926.000000,-89.078781,0.047607,0.011551,0.430908,0.368652,0.192659,0.062445,214.979996,3660.000000
1927.000000,-95.291656,0.047607,0.010952,0.433594,0.372070,0.195322,0.064130,233.639999,3654.000000
1928.000000,-98.015068,0.047363,0.011130,0.436523,0.376953,0.196949,0.065463,230.940002,3646.000000
1929.000000,-106.317307,0.049561,0.012883,0.439941,0.380127,0.199873,0.067622,254.910004,3643.000000
1930.000000,-118.077538,0.050537,0.011860,0.441162,0.380371,0.199984,0.065021,291.880005,3654.000000
1931.000000,-120.040558,0.049072,0.011218,0.439697,0.380371,0.197024,0.065715,284.480011,3666.000000
1932.000000,-110.282654,0.048096,0.010826,0.438477,0.374268,0.197248,0.062283,258.130005,3659.000000
1933.000000,-126.655640,0.047607,0.010668,0.437744,0.376465,0.197420,0.064135,302.579987,3658.000000
1934.000000,-100.632446,0.048096,0.010976,0.438477,0.375000,0.198268,0.062618,236.639999,3663.000000
1935.000000,-102.639038,0.048096,0.010636,0.440430,0.375244,0.199982,0.062131,233.649994,3670.000000
1936.000000,-110.999855,0.045410,0.010139,0.436768,0.372803,0.198776,0.062090,286.470001,3669.000000
1937.000000,-108.861977,0.046143,0.010001,0.437012,0.376221,0.200394,0.063738,255.740005,3666.000000
1938.000000,-107.959587,0.044434,0.010637,0.438721,0.374512,0.201607,0.061525,259.480011,3648.000000
1939.000000,-92.155319,0.045166,0.012257,0.441406,0.374023,0.202547,0.063198,205.460007,3639.000000
1940.000000,-112.873611,0.046387,0.011711,0.443115,0.369873,0.202541,0.059575,269.559998,3629.000000
1941.000000,-141.374100,0.047852,0.012124,0.441895,0.371338,0.201242,0.061649,349.250000,3636.000000
1942.000000,-107.327209,0.049316,0.012686,0.446289,0.377441,0.204471,0.063148,265.529999,3647.000000
1943.000000,-90.282089,0.049805,0.012028,0.446289,0.378662,0.204340,0.061359,210.419998,3676.000000
1944.000000,-128.667038,0.051270,0.012693,0.446533,0.377441,0.203739,0.062062,323.320007,3666.000000
1945.000000,-110.334160,0.050537,0.012042,0.446045,0.375244,0.203640,0.060283,282.750000,3671.000000
1946.000000,-114.892670,0.051025,0.011492,0.447266,0.375732,0.204541,0.061066,279.790009,3684.000000
1947.000000,-103.807541,0.050049,0.010344,0.444580,0.375000,0.202784,0.062108,256.429993,3666.000000
1948.000000,-132.856644,0.050049,0.010425,0.447510,0.376221,0.203698,0.063480,317.549988,3668.000000
1949.000000,-115.633362,0.050537,0.010565,0.449219,0.376709,0.205142,0.063065,290.190002,3677.000000
1950.000000,-93.395737,0.050537,0.010533,0.445068,0.375977,0.201677,0.061808,233.639999,3679.000000
1951.000000,-103.475578,0.050293,0.010682,0.443604,0.375732,0.199410,0.062013,236.960007,3676.000000
1952.000000,-128.920868,0.051270,0.011821,0.444336,0.379883,0.200466,0.065420,322.859985,3678.000000
1953.000000,-96.639015,0.050781,0.010782,0.443115,0.378418,0.199379,0.064882,235.259995,3667.000000
1954.000000,-123.628922,0.053223,0.012659,0.444580,0.380859,0.200398,0.067090,308.910004,3667.000000
1955.000000,-113.758980,0.051758,0.011822,0.440674,0.382080,0.197930,0.066967,273.070007,3667.000000
1956.000000,-115.645332,0.051025,0.010890,0.442871,0.379639,0.200166,0.065129,295.500000,3656.000000
1957.000000,-128.515732,0.051270,0.010557,0.443604,0.382324,0.200896,0.066274,304.950012,3669.000000
1958.000000,-112.824089,0.050781,0.009831,0.443848,0.377686,0.200990,0.063217,276.179993,3613.000000
1959.000000,-113.800179,0.049805,0.009941,0.441650,0.375488,0.199716,0.061311,273.029999,3623.000000
1960.000000,-104.814003,0.049316,0.010020,0.440430,0.376709,0.199027,0.062935,246.440002,3615.000000
1961.000000,-111.724930,0.049072,0.009488,0.440674,0.374268,0.198573,0.061831,279.500000,3656.000000
1962.000000,-117.045113,0.050293,0.010156,0.439697,0.377441,0.196659,0.065319,284.000000,3682.000000
1963.000000,-116.617592,0.048096,0.009010,0.440918,0.379395,0.197282,0.065717,298.010010,3667.000000
1964.000000,-116.215034,0.048584,0.008944,0.443359,0.379883,0.199373,0.064511,290.880005,3669.000000
1965.000000,-127.122650,0.047852,0.008814,0.441650,0.380371,0.197670,0.065166,312.059998,3653.000000
1966.000000,-130.335602,0.048584,0.008846,0.440674,0.379150,0.198199,0.064659,332.859985,3656.000000
1967.000000,-123.734123,0.049561,0.008653,0.441650,0.376221,0.198688,0.060803,313.609985,3679.000000
1968.000000,-110.910240,0.048584,0.009292,0.441406,0.375244,0.197693,0.063224,272.589996,3631.000000
1969.000000,-111.568398,0.048828,0.009077,0.442383,0.372070,0.197442,0.060659,265.040009,3672.000000
1970.000000,-118.931549,0.047852,0.007992,0.441650,0.369385,0.197093,0.060280,296.179993,3688.000000
1971.000000,-97.667984,0.047363,0.008049,0.445557,0.369629,0.199019,0.060266,226.539993,3680.000000
1972.000000,-108.996765,0.048584,0.008983,0.444092,0.374512,0.196961,0.064922,277.880005,3679.000000
1973.000000,-119.040771,0.048584,0.008964,0.443604,0.372070,0.197578,0.062490,294.829987,3671.000000
1974.000000,-126.821404,0.047607,0.009650,0.442383,0.367432,0.195816,0.061917,314.089996,3664.000000
1975.000000,-136.538849,0.047119,0.009303,0.441406,0.369385,0.195602,0.064994,348.869995,3641.000000
1976.000000,-135.136566,0.047852,0.009938,0.439453,0.370605,0.194674,0.063884,329.059998,3646.000000
1977.000000,-103.638535,0.046631,0.009182,0.441162,0.369873,0.195303,0.063205,260.709991,3643.000000
1978.000000,-122.562859,0.047363,0.010070,0.444336,0.369629,0.198166,0.062547,309.029999,3665.000000
1979.000000,-101.810394,0.046631,0.009818,0.441406,0.369141,0.196902,0.062164,233.229996,3646.000000
1980.000000,-120.947838,0.046387,0.009158,0.442383,0.369629,0.198198,0.061828,282.820007,3642.000000
1981.000000,-100.058960,0.045654,0.009861,0.443359,0.368408,0.198985,0.061742,240.429993,3643.000000
1982.000000,-110.775040,0.045898,0.009809,0.445801,0.368408,0.200343,0.061185,268.130005,3652.000000
1983.000000,-100.673347,0.046143,0.009741,0.444336,0.367920,0.199252,0.062147,232.419998,3644.000000
1984.000000,-119.300018,0.045410,0.010059,0.447754,0.368652,0.202505,0.065255,311.000000,3645.000000
1985.000000,-100.577316,0.045410,0.010198,0.448486,0.371094,0.203153,0.065423,230.500000,3562.000000
1986.000000,-91.204933,0.045898,0.010308,0.451904,0.375244,0.206201,0.065507,215.199997,3676.000000
1987.000000,-101.927704,0.046143,0.009557,0.451904,0.368408,0.204742,0.059882,243.440002,3669.000000
1988.000000,-102.801140,0.044922,0.008918,0.451416,0.369385,0.204452,0.060260,258.760010,3665.000000
1989.000000,-122.080940,0.045898,0.009298,0.451660,0.369629,0.203660,0.061042,310.940002,3661.000000
1990.000000,-106.154564,0.045654,0.008699,0.453369,0.372070,0.205788,0.061735,264.450012,3679.000000
1991.000000,-107.864685,0.044922,0.009135,0.452637,0.370361,0.206646,0.062261,259.570007,3677.000000
1992.000000,-103.620346,0.045410,0.008991,0.449707,0.368896,0.202856,0.059863,251.639999,3644.000000
1993.000000,-137.422974,0.045166,0.008405,0.450684,0.368164,0.204470,0.062259,333.809998,3643.000000
1994.000000,-120.258179,0.044678,0.007870,0.450928,0.368408,0.203058,0.062129,302.239990,3613.000000
1995.000000,-103.325851,0.044922,0.009189,0.451172,0.367920,0.204162,0.060878,254.419998,3626.000000
1996.000000,-118.849167,0.044922,0.009500,0.449219,0.372559,0.201772,0.065414,297.779999,3629.000000
1997.000000,-119.814293,0.045166,0.008975,0.447754,0.372314,0.200301,0.063012,302.839996,3634.000000
1998.000000,-106.871674,0.043701,0.007834,0.446289,0.371094,0.199868,0.062471,263.880005,3642.000000
1999.000000,-110.345459,0.043945,0.007863,0.445312,0.367920,0.200390,0.059314,263.709991,3635.000000
2000.000000,-127.758957,0.043213,0.008529,0.444336,0.366943,0.200982,0.061529,318.720001,3624.000000
2001.000000,-108.706734,0.042969,0.008604,0.443115,0.368164,0.199953,0.062014,258.750000,3636.000000
2002.000000,-128.300766,0.044434,0.009261,0.444824,0.368652,0.201350,0.062165,312.640015,3630.000000
2003.000000,-105.193085,0.043213,0.008816,0.443848,0.369385,0.201462,0.064083,264.049988,3670.000000
2004.000000,-121.057899,0.045410,0.010017,0.444336,0.368652,0.202463,0.062603,291.269989,3642.000000
2005.000000,-130.518784,0.044434,0.010269,0.440186,0.368652,0.199127,0.063162,326.239990,3640.000000
2006.000000,-124.850250,0.043945,0.009987,0.441406,0.369629,0.200894,0.062839,297.910004,3626.000000
2007.000000,-92.431580,0.045166,0.011435,0.443604,0.369873,0.203586,0.064985,225.990005,3617.000000
2008.000000,-101.134895,0.043945,0.011167,0.444092,0.364502,0.204367,0.062079,260.279999,3631.000000
2009.000000,-121.959290,0.044189,0.011317,0.441162,0.363037,0.202161,0.063851,285.100006,3628.000000
2010.000000,-107.957008,0.043213,0.010996,0.437744,0.361328,0.201196,0.065273,253.020004,3631.000000
2011.000000,-107.471458,0.042236,0.010790,0.437988,0.363281,0.202706,0.063739,260.260010,3627.000000
2012.000000,-105.101143,0.043457,0.011002,0.440918,0.364746,0.204704,0.065428,265.119995,3632.000000
2013.000000,-114.829208,0.044189,0.010725,0.445557,0.367188,0.207835,0.066479,303.359985,3628.000000
2014.000000,-97.674973,0.043457,0.010105,0.444336,0.365479,0.205389,0.064815,234.240005,3630.000000
2015.000000,-99.278198,0.042725,0.010722,0.443115,0.366943,0.204594,0.065254,229.080002,3620.000000
2016.000000,-112.494087,0.042236,0.010530,0.442627,0.366455,0.205385,0.064831,295.589996,3608.000000
2017.000000,-106.072380,0.043213,0.011019,0.446777,0.369873,0.208205,0.067387,251.910004,3608.000000
2018.000000,-109.587189,0.044189,0.012116,0.445801,0.371338,0.207228,0.067386,298.350006,3627.000000
2019.000000,-94.500397,0.045166,0.011900,0.446289,0.370361,0.207619,0.066527,218.110001,3616.000000
2020.000000,-135.877960,0.045654,0.011043,0.442871,0.366943,0.205255,0.064734,350.940002,3616.000000
2021.000000,-102.646973,0.045410,0.010761,0.441162,0.363281,0.203005,0.062700,258.950012,3614.000000
2022.000000,-109.785172,0.046387,0.011022,0.440918,0.365234,0.203268,0.063614,256.079987,3614.000000
2023.000000,-105.686417,0.048096,0.012037,0.444092,0.369629,0.205440,0.065431,246.110001,3637.000000
2024.000000,-105.853470,0.046875,0.011246,0.442139,0.369873,0.204886,0.064632,264.899994,3624.000000
2025.000000,-119.548233,0.047852,0.011837,0.440918,0.369141,0.204661,0.064568,283.109985,3618.000000
2026.000000,-111.594872,0.049805,0.012482,0.444580,0.370850,0.207104,0.065466,271.920013,3633.000000
2027.000000,-119.325272,0.049805,0.011633,0.448242,0.369873,0.209106,0.064662,307.190002,3624.000000
2028.000000,-94.375977,0.049561,0.011143,0.447021,0.375000,0.206252,0.067301,208.550003,3633.000000
2029.000000,-124.035797,0.049805,0.010653,0.448486,0.373779,0.206227,0.064574,324.470001,3670.000000
2030.000000,-103.176590,0.049561,0.011333,0.447266,0.372559,0.204832,0.063091,251.470001,3662.000000
2031.000000,-128.965393,0.049561,0.011039,0.446045,0.374756,0.203638,0.063567,324.399994,3628.000000
2032.000000,-121.558418,0.048340,0.010437,0.445801,0.372559,0.203378,0.065587,285.450012,3636.000000
2033.000000,-116.812134,0.048340,0.010744,0.444092,0.372314,0.201711,0.063824,285.760010,3637.000000
2034.000000,-99.056885,0.049561,0.012069,0.444336,0.374512,0.202992,0.065042,242.610001,3636.000000
2035.000000,-112.947075,0.048584,0.010349,0.444336,0.372559,0.202270,0.061929,275.679993,3656.000000
2036.000000,-117.624001,0.048340,0.009638,0.442871,0.372803,0.200813,0.062152,297.290009,3675.000000
2037.000000,-131.234772,0.048096,0.009897,0.441895,0.370605,0.200272,0.061156,323.630005,3687.000000
2038.000000,-115.730507,0.049561,0.010428,0.446777,0.374268,0.202713,0.062823,305.970001,3684.000000
2039.000000,-107.248772,0.050049,0.010113,0.446289,0.370850,0.202900,0.060350,255.270004,3729.000000
2040.000000,-101.920395,0.050537,0.009754,0.448486,0.371338,0.203174,0.060367,236.479996,3724.000000
2041.000000,-111.240692,0.049805,0.009976,0.449463,0.371826,0.203353,0.061115,274.290009,3718.000000
2042.000000,-102.218643,0.052002,0.011409,0.450195,0.373291,0.203916,0.061671,227.919998,3690.000000
2043.000000,-103.494659,0.051270,0.009964,0.449951,0.370117,0.202186,0.059764,254.330002,3627.000000
2044.000000,-114.272179,0.050049,0.010233,0.447510,0.370361,0.199561,0.059723,276.140015,3645.000000
2045.000000,-96.378700,0.048584,0.010185,0.444336,0.368164,0.198100,0.060421,232.330002,3636.000000
2046.000000,-135.042511,0.047607,0.009903,0.442871,0.374512,0.197074,0.065521,356.130005,3665.000000
2047.000000,-99.545883,0.047852,0.010422,0.442871,0.373047,0.197828,0.064568,235.690002,3645.000000
2048.000000,-133.695450,0.046143,0.008910,0.441650,0.370361,0.199627,0.063267,329.190002,3627.000000
2049.000000,-125.586983,0.046631,0.009105,0.445068,0.371826,0.202794,0.062197,310.119995,3533.000000
2050.000000,-91.014183,0.046875,0.010631,0.443359,0.364746,0.202066,0.059909,206.220001,3647.000000
2051.000000,-116.878235,0.044678,0.009360,0.443115,0.364014,0.201223,0.061629,283.920013,3682.000000
2052.000000,-110.540237,0.045654,0.009726,0.444336,0.368652,0.200261,0.064354,280.350006,3680.000000
2053.000000,-100.038025,0.044434,0.010436,0.445068,0.366455,0.201963,0.063277,240.919998,3674.000000
2054.000000,-101.343132,0.045898,0.011696,0.446533,0.371826,0.201771,0.066309,234.080002,3654.000000
2055.000000,-105.873985,0.047607,0.012258,0.449707,0.371338,0.203845,0.064783,257.200012,3680.000000
2056.000000,-103.752678,0.047363,0.012434,0.448242,0.368896,0.202195,0.064878,247.110001,3670.000000
2057.000000,-133.642853,0.047363,0.011785,0.450684,0.368652,0.204338,0.064654,342.260010,3678.000000
2058.000000,-116.770035,0.048096,0.011440,0.448486,0.371338,0.201739,0.066283,303.140015,3671.000000
2059.000000,-103.198433,0.047607,0.010487,0.449707,0.370361,0.203047,0.063104,252.889999,3668.000000
2060.000000,-115.786453,0.048828,0.011522,0.448242,0.369385,0.202120,0.063926,293.380005,3656.000000
2061.000000,-118.547211,0.047852,0.010390,0.446289,0.369629,0.200225,0.062405,288.149994,3656.000000
2062.000000,-105.501518,0.049805,0.010674,0.449463,0.370605,0.202276,0.063346,261.149994,3645.000000
2063.000000,-109.322525,0.048096,0.009541,0.449219,0.372803,0.202352,0.064700,258.559998,3662.000000
2064.000000,-100.503777,0.047363,0.009631,0.447754,0.375244,0.201599,0.065949,240.369995,3651.000000
2065.000000,-113.766983,0.048340,0.010291,0.447510,0.368652,0.202850,0.062482,280.519989,3663.000000
2066.000000,-125.654198,0.049316,0.009563,0.447754,0.370850,0.202419,0.062616,301.609985,3637.000000
2067.000000,-128.129364,0.049316,0.010246,0.444336,0.372070,0.200281,0.062979,319.899994,3673.000000
2068.000000,-84.967110,0.047607,0.009599,0.443115,0.368896,0.198394,0.061152,200.729996,3678.000000
2069.000000,-97.558113,0.047363,0.009875,0.442627,0.371826,0.196464,0.062354,228.300003,3639.000000
2070.000000,-134.571671,0.049072,0.010758,0.445068,0.368164,0.198796,0.060773,356.029999,3666.000000
2071.000000,-92.905899,0.048584,0.010892,0.445068,0.369385,0.198330,0.062129,228.110001,3668.000000
2072.000000,-103.907135,0.049072,0.010963,0.441162,0.370361,0.195727,0.063586,244.009995,3670.000000
2073.000000,-101.610115,0.047852,0.010165,0.441650,0.368652,0.196900,0.061272,243.289993,3679.000000
2074.000000,-105.093964,0.046631,0.010798,0.441406,0.368164,0.195940,0.061402,252.630005,3668.000000
2075.000000,-119.409279,0.047363,0.011557,0.443604,0.366699,0.196939,0.062633,285.220001,3668.000000
2076.000000,-93.663185,0.047852,0.010986,0.444580,0.367188,0.199186,0.061238,209.199997,3680.000000
2077.000000,-103.557564,0.048584,0.011326,0.447998,0.368164,0.203733,0.062928,239.490005,3674.000000
2078.000000,-108.251373,0.047852,0.010574,0.445068,0.366455,0.199829,0.060667,274.049988,3661.000000
2079.000000,-79.943466,0.047852,0.010336,0.446533,0.369873,0.200848,0.062137,180.570007,3673.000000
2080.000000,-106.284622,0.048584,0.010713,0.444092,0.372070,0.198054,0.061836,247.449997,3669.000000
2081.000000,-106.566353,0.050537,0.012188,0.448730,0.374756,0.202939,0.063594,260.230011,3670.000000
2082.000000,-115.051544,0.050781,0.011800,0.449951,0.377197,0.204078,0.062958,279.529999,3646.000000
2083.000000,-100.262123,0.050537,0.011777,0.450928,0.378906,0.203528,0.064147,231.250000,3665.000000
2084.000000,-128.416229,0.050537,0.011578,0.446289,0.378418,0.199970,0.062989,320.679993,3644.000000
2085.000000,-130.259949,0.048828,0.011134,0.442139,0.375488,0.196656,0.061271,342.480011,3671.000000
2086.000000,-117.822151,0.048340,0.010999,0.440918,0.375977,0.196384,0.060876,305.070007,3635.000000
2087.000000,-84.186279,0.048340,0.010750,0.439941,0.374023,0.196082,0.061409,196.520004,3641.000000
2088.000000,-103.050354,0.049072,0.011982,0.441650,0.379639,0.198114,0.064025,262.250000,3679.000000
2089.000000,-95.145386,0.048096,0.011626,0.441162,0.377930,0.197996,0.060956,217.089996,3668.000000
2090.000000,-102.030312,0.048096,0.011195,0.441650,0.374023,0.198455,0.060745,248.539993,3643.000000
2091.000000,-116.421638,0.046875,0.010936,0.442627,0.374268,0.198949,0.059152,297.920013,3667.000000
2092.000000,-120.636902,0.047119,0.011026,0.440918,0.375244,0.198742,0.060204,310.660004,3670.000000
2093.000000,-125.276985,0.050049,0.012868,0.444336,0.382812,0.201692,0.064301,323.380005,3670.000000
2094.000000,-119.319618,0.051025,0.012733,0.446045,0.378662,0.202248,0.062378,295.149994,3672.000000
2095.000000,-105.762756,0.051025,0.011863,0.443359,0.375244,0.201274,0.060625,239.389999,3676.000000
2096.000000,-112.487480,0.049072,0.011254,0.441406,0.370117,0.200685,0.056652,265.190002,3674.000000
2097.000000,-115.178406,0.050293,0.011711,0.440186,0.374512,0.199111,0.061133,294.420013,3665.000000
2098.000000,-133.535507,0.051270,0.011764,0.442627,0.375977,0.202486,0.061785,334.049988,3678.000000
2099.000000,-103.295784,0.050049,0.011355,0.440186,0.377197,0.200294,0.062072,253.949997,3687.000000
2100.000000,-107.801773,0.048584,0.010458,0.439453,0.374268,0.198526,0.060886,260.350006,3675.000000
2101.000000,-96.491112,0.048340,0.010659,0.439941,0.374023,0.198226,0.060229,219.020004,3662.000000
2102.000000,-116.860016,0.046631,0.009575,0.437500,0.373291,0.195663,0.060956,306.410004,3633.000000
2103.000000,-113.205261,0.048340,0.011051,0.440430,0.376709,0.198662,0.062228,272.170013,3639.000000
2104.000000,-127.501694,0.046875,0.010128,0.437744,0.371582,0.197665,0.059751,315.339996,3639.000000
2105.000000,-105.219078,0.047363,0.010214,0.440186,0.372314,0.199380,0.058738,256.809998,3640.000000
2106.000000,-108.788284,0.045654,0.009657,0.437744,0.373047,0.197241,0.059570,261.489990,3677.000000
2107.000000,-101.162735,0.045410,0.010165,0.440430,0.373535,0.199468,0.058877,240.360001,3638.000000
2108.000000,-83.273247,0.044434,0.009610,0.442383,0.372559,0.201403,0.058232,189.910004,3621.000000
2109.000000,-134.281219,0.043945,0.008889,0.440674,0.373779,0.198963,0.058540,358.329987,3629.000000
2110.000000,-119.771294,0.043701,0.009222,0.439453,0.372070,0.197151,0.057647,300.390015,3630.000000
2111.000000,-102.343376,0.044678,0.011070,0.440186,0.372559,0.199679,0.060261,254.460007,3628.000000
2112.000000,-95.767120,0.044189,0.010749,0.440918,0.370361,0.199565,0.059307,225.699997,3632.000000
2113.000000,-95.100983,0.044189,0.011920,0.440674,0.371338,0.198863,0.060200,238.639999,3512.000000
2114.000000,-101.599831,0.042969,0.011286,0.440430,0.374512,0.198529,0.061991,248.619995,3614.000000
2115.000000,-112.015862,0.043945,0.011264,0.441650,0.375000,0.197523,0.060944,257.700012,3605.000000
2116.000000,-125.049438,0.045654,0.011359,0.447021,0.373535,0.201441,0.058417,314.190002,3619.000000
2117.000000,-96.922569,0.046143,0.011470,0.445801,0.372803,0.199899,0.059203,229.679993,3616.000000
2118.000000,-111.464722,0.044434,0.010655,0.444092,0.370117,0.197619,0.058313,275.029999,3675.000000
2119.000000,-118.592613,0.042969,0.009222,0.441162,0.371582,0.195611,0.058821,292.929993,3650.000000
2120.000000,-122.903938,0.044678,0.009536,0.444824,0.371826,0.199115,0.058443,321.269989,3622.000000
2121.000000,-113.675148,0.044434,0.009533,0.443604,0.368164,0.199710,0.057725,290.390015,3625.000000
2122.000000,-115.017593,0.045654,0.009875,0.445312,0.367676,0.200409,0.058803,257.299988,3616.000000
2123.000000,-101.155380,0.047852,0.010537,0.451416,0.375488,0.204836,0.061476,229.259995,3614.000000
2124.000000,-124.822044,0.050293,0.012092,0.450928,0.376221,0.203642,0.063273,311.500000,3630.000000
2125.000000,-108.432716,0.051270,0.012117,0.451416,0.378418,0.204078,0.063069,263.130005,3595.000000
2126.000000,-90.400536,0.050049,0.010960,0.448242,0.373779,0.201805,0.059139,220.270004,3625.000000
2127.000000,-102.256203,0.048828,0.010672,0.447021,0.371094,0.202134,0.059440,239.740005,3606.000000
2128.000000,-114.671227,0.047852,0.009751,0.446045,0.371094,0.202652,0.060357,289.720001,3618.000000
2129.000000,-120.285248,0.047607,0.010514,0.443848,0.375488,0.201070,0.063494,313.899994,3621.000000
2130.000000,-133.556183,0.048828,0.010619,0.446777,0.376465,0.204138,0.061887,337.459991,3639.000000
2131.000000,-118.641762,0.048096,0.009858,0.448486,0.376465,0.205520,0.061430,293.299988,3631.000000
2132.000000,-125.498802,0.047607,0.009756,0.442871,0.371338,0.200207,0.058422,311.260010,3643.000000
2133.000000,-131.423279,0.046387,0.009459,0.440186,0.367432,0.196916,0.057243,332.549988,3644.000000
2134.000000,-117.280174,0.047852,0.010450,0.437988,0.371338,0.196933,0.060175,292.799988,3644.000000
2135.000000,-112.825485,0.046875,0.011146,0.438477,0.375244,0.197011,0.063068,286.760010,3643.000000
2136.000000,-99.897453,0.048096,0.012087,0.441162,0.372314,0.199623,0.061543,239.830002,3668.000000
2137.000000,-130.043274,0.047363,0.010874,0.441895,0.371338,0.199558,0.059686,322.549988,3614.000000
2138.000000,-108.156624,0.050293,0.012849,0.444092,0.373779,0.200986,0.062059,247.839996,3602.000000
2139.000000,-104.303802,0.051514,0.012557,0.444092,0.374512,0.200611,0.061764,233.990005,3648.000000
2140.000000,-125.052284,0.051270,0.012372,0.443115,0.376709,0.200816,0.062330,306.529999,3622.000000
2141.000000,-104.125298,0.050293,0.012041,0.440430,0.375488,0.198463,0.063627,254.759995,3644.000000
2142.000000,-104.069084,0.050049,0.012599,0.441406,0.375244,0.198170,0.061139,253.789993,3657.000000
2143.000000,-128.549927,0.050049,0.012740,0.440186,0.375732,0.198693,0.062742,319.140015,3663.000000
2144.000000,-137.711105,0.051270,0.013044,0.441406,0.376465,0.200723,0.062022,368.089996,3669.000000
2145.000000,-146.531372,0.051270,0.013172,0.439209,0.379395,0.200219,0.065523,381.190002,3648.000000
2146.000000,-126.464500,0.052246,0.013758,0.439453,0.378418,0.202304,0.062508,308.440002,3623.000000
2147.000000,-110.326591,0.051270,0.012596,0.440674,0.373535,0.202877,0.058699,270.750000,3629.000000
2148.000000,-104.729324,0.050293,0.011896,0.438721,0.374512,0.200656,0.059846,264.079987,3632.000000
2149.000000,-103.149101,0.050049,0.011191,0.440674,0.375732,0.201848,0.059799,250.169998,3628.000000
2150.000000,-120.736588,0.050049,0.010808,0.439453,0.378418,0.199680,0.063526,323.679993,3646.000000
2151.000000,-120.087227,0.049072,0.011435,0.437988,0.376465,0.197491,0.063175,301.100006,3625.000000
2152.000000,-127.501114,0.049072,0.011323,0.438721,0.372803,0.198555,0.061050,310.579987,3625.000000
2153.000000,-108.567055,0.048340,0.010535,0.438965,0.370850,0.199718,0.059330,275.690002,3633.000000
2154.000000,-108.391235,0.048584,0.011180,0.436768,0.376709,0.198847,0.063601,264.970001,3625.000000
2155.000000,-115.616226,0.049316,0.012345,0.437744,0.375977,0.201132,0.063048,277.589996,3595.000000
2156.000000,-103.435730,0.048096,0.010608,0.438721,0.376221,0.201258,0.062568,254.509995,3613.000000
2157.000000,-136.576233,0.048584,0.011717,0.437012,0.371826,0.199837,0.059313,330.209991,3603.000000
2158.000000,-130.590485,0.046143,0.011248,0.434814,0.368896,0.198405,0.059001,339.790009,3613.000000
2159.000000,-129.194489,0.046387,0.011697,0.432129,0.368896,0.196648,0.060424,337.450012,3664.000000
2160.000000,-103.444893,0.046143,0.011512,0.433350,0.367676,0.197184,0.060849,243.600006,3664.000000
2161.000000,-112.781555,0.046631,0.011788,0.435547,0.369873,0.198530,0.062180,258.519989,3666.000000
2162.000000,-99.821915,0.047119,0.012202,0.434814,0.366455,0.197557,0.061139,240.789993,3645.000000
2163.000000,-89.672356,0.046387,0.011948,0.433350,0.369873,0.195755,0.061788,213.910004,3632.000000
2164.000000,-105.478912,0.045166,0.011481,0.434570,0.367676,0.196663,0.060810,258.869995,3634.000000
2165.000000,-117.751259,0.044434,0.011270,0.435547,0.367676,0.198939,0.060408,293.709991,3628.000000
2166.000000,-94.402237,0.043701,0.011738,0.434570,0.365234,0.198325,0.061304,225.240005,3615.000000
2167.000000,-94.694130,0.043701,0.013048,0.439209,0.364014,0.200931,0.059832,197.419998,3644.000000
2168.000000,-110.467247,0.043701,0.012087,0.439209,0.365723,0.199939,0.060098,278.859985,3647.000000
2169.000000,-112.321167,0.041504,0.011849,0.432861,0.367188,0.194400,0.063150,280.959991,3620.000000
2170.000000,-124.135017,0.042480,0.011800,0.433594,0.368652,0.195820,0.063990,307.690002,3673.000000
2171.000000,-105.212692,0.043701,0.012353,0.433594,0.364746,0.195128,0.061658,268.839996,3608.000000
2172.000000,-121.015556,0.041748,0.011742,0.428467,0.361084,0.193797,0.060162,296.450012,3636.000000
2173.000000,-137.230743,0.041748,0.011389,0.428711,0.359863,0.194671,0.059764,346.260010,3668.000000
2174.000000,-113.863663,0.041504,0.011184,0.428711,0.363770,0.194397,0.062018,273.720001,3647.000000
2175.000000,-112.500023,0.043701,0.012636,0.428223,0.364746,0.193632,0.062260,277.980011,3637.000000
2176.000000,-88.801941,0.043457,0.012070,0.429688,0.366211,0.194272,0.065724,210.089996,3675.000000
2177.000000,-119.202606,0.043945,0.012002,0.431885,0.366455,0.195760,0.064210,292.170013,3539.000000
2178.000000,-113.901733,0.044922,0.012074,0.433838,0.366699,0.198072,0.065062,277.679993,3624.000000
2179.000000,-97.963898,0.043945,0.010987,0.434326,0.365723,0.197935,0.062668,210.860001,3616.000000
2180.000000,-111.021133,0.044189,0.010756,0.437256,0.366211,0.199676,0.062087,263.079987,3624.000000
2181.000000,-101.746017,0.045410,0.011313,0.439453,0.367676,0.201253,0.061124,234.000000,3612.000000
2182.000000,-108.463730,0.045166,0.010530,0.437744,0.365967,0.198905,0.061287,256.260010,3692.000000
2183.000000,-103.183128,0.045166,0.010731,0.437256,0.368164,0.199196,0.063943,254.889999,3665.000000
2184.000000,-114.600952,0.045410,0.010550,0.437256,0.371338,0.199605,0.063310,278.750000,3635.000000
2185.000000,-107.002495,0.046143,0.011257,0.435791,0.370605,0.198377,0.063733,251.860001,3634.000000
2186.000000,-111.503799,0.045166,0.010203,0.435791,0.366211,0.200241,0.060142,287.959991,3616.000000
2187.000000,-100.712242,0.045166,0.011373,0.434082,0.363770,0.198502,0.060812,239.419998,3631.000000
2188.000000,-111.599960,0.043701,0.011350,0.435547,0.365479,0.200809,0.062865,278.720001,3638.000000
2189.000000,-108.785385,0.043457,0.011449,0.434082,0.368408,0.200216,0.064756,264.040009,3633.000000
2190.000000,-111.910530,0.044189,0.011972,0.434082,0.367188,0.201357,0.065359,278.769989,3635.000000
2191.000000,-95.178543,0.044922,0.013136,0.435547,0.370117,0.201866,0.068455,227.600006,3645.000000
2192.000000,-99.107948,0.044434,0.011618,0.433594,0.367432,0.200375,0.063061,228.860001,3651.000000
2193.000000,-125.347046,0.045654,0.012164,0.435547,0.364502,0.202647,0.063173,288.929993,3663.000000
2194.000000,-116.576622,0.044189,0.011617,0.434326,0.361816,0.201395,0.060628,274.170013,3656.000000
2195.000000,-96.143448,0.043701,0.011556,0.434326,0.364258,0.200466,0.061881,232.009995,3659.000000
2196.000000,-120.011963,0.043945,0.012102,0.434326,0.364258,0.200498,0.062423,288.399994,3648.000000
2197.000000,-110.207001,0.043701,0.011768,0.435791,0.365723,0.201971,0.062758,263.700012,3669.000000
2198.000000,-117.890266,0.043701,0.012350,0.434326,0.368896,0.200759,0.065552,288.769989,3640.000000
2199.000000,-97.870010,0.045166,0.012215,0.438721,0.371826,0.202948,0.066712,226.220001,3670.000000
2200.000000,-112.771790,0.044189,0.011893,0.437744,0.368164,0.201151,0.063753,269.369995,3655.000000
2201.000000,-119.691620,0.043213,0.011387,0.435547,0.364990,0.200155,0.063020,296.239990,3651.000000
2202.000000,-124.324287,0.044678,0.011350,0.435059,0.364990,0.198488,0.062882,295.899994,3667.000000
2203.000000,-117.339165,0.044434,0.011659,0.438721,0.366699,0.200705,0.062741,301.459991,3617.000000
2204.000000,-132.820251,0.044434,0.011172,0.439697,0.369385,0.202689,0.063873,329.399994,3681.000000
2205.000000,-90.167297,0.045654,0.012491,0.439941,0.366211,0.203117,0.063058,207.309998,3678.000000
2206.000000,-85.811234,0.045166,0.011931,0.442383,0.364014,0.204562,0.061842,218.059998,3651.000000
2207.000000,-88.201378,0.044434,0.010868,0.446045,0.364258,0.206828,0.061507,218.039993,3663.000000
2208.000000,-113.797714,0.045410,0.010854,0.444824,0.369873,0.204077,0.063941,297.089996,3642.000000
2209.000000,-125.856346,0.045166,0.010988,0.444824,0.367920,0.204948,0.063719,306.600006,3651.000000
2210.000000,-92.203964,0.046143,0.011824,0.443359,0.367920,0.203053,0.064191,221.669998,3652.000000
2211.000000,-111.677696,0.044922,0.010122,0.442383,0.364990,0.202588,0.060849,280.829987,3673.000000
2212.000000,-105.018028,0.044922,0.009671,0.439697,0.364014,0.200980,0.060227,250.149994,3661.000000
2213.000000,-128.580658,0.042969,0.008320,0.437988,0.363770,0.200048,0.061098,331.850006,3668.000000
2214.000000,-124.395760,0.043701,0.009145,0.438965,0.361328,0.200163,0.060064,294.600006,3652.000000
2215.000000,-126.014198,0.045166,0.010279,0.439697,0.359619,0.200920,0.058751,336.450012,3608.000000
2216.000000,-121.226273,0.045654,0.010489,0.441406,0.360840,0.201731,0.060224,305.549988,3620.000000
2217.000000,-98.909462,0.045410,0.010017,0.440186,0.360352,0.199995,0.059662,246.210007,3598.000000
2218.000000,-101.861649,0.045898,0.009682,0.440430,0.365967,0.199775,0.062475,241.309998,3623.000000
2219.000000,-104.811325,0.044922,0.009836,0.441650,0.366211,0.200835,0.061848,235.250000,3611.000000
2220.000000,-120.634796,0.044189,0.009601,0.439453,0.360596,0.201707,0.058592,294.109985,3579.000000
2221.000000,-95.714363,0.043701,0.009633,0.440430,0.359863,0.202923,0.058844,221.490005,3617.000000
2222.000000,-123.978508,0.042725,0.009233,0.440674,0.359375,0.203904,0.059346,332.730011,3622.000000
2223.000000,-108.861603,0.042480,0.009186,0.441406,0.362793,0.203490,0.060450,260.929993,3623.000000
2224.000000,-105.133125,0.043213,0.009430,0.441406,0.360840,0.202258,0.059547,250.589996,3624.000000
2225.000000,-110.670685,0.043945,0.009780,0.445312,0.362549,0.205601,0.061067,249.399994,3620.000000
2226.000000,-104.300301,0.043701,0.008948,0.446533,0.362549,0.206786,0.059257,257.959991,3709.000000
2227.000000,-115.861702,0.043945,0.009235,0.445312,0.360352,0.204473,0.057339,277.000000,3669.000000
2228.000000,-118.833221,0.044678,0.010296,0.444092,0.360107,0.202067,0.057907,311.980011,3686.000000
2229.000000,-127.914146,0.044678,0.009722,0.443604,0.361084,0.202033,0.056670,316.260010,3650.000000
2230.000000,-107.021706,0.042969,0.009020,0.441895,0.361084,0.200251,0.057512,269.079987,3652.000000
2231.000000,-133.186630,0.041260,0.008688,0.440674,0.361572,0.198548,0.056935,320.260010,3658.000000
2232.000000,-92.200745,0.042236,0.009877,0.443604,0.366699,0.200199,0.058919,223.330002,3685.000000
2233.000000,-100.075745,0.043701,0.010371,0.445801,0.365479,0.201838,0.059350,237.399994,3646.000000
2234.000000,-144.774734,0.044189,0.010584,0.444580,0.366211,0.199187,0.059532,384.010010,3633.000000
2235.000000,-107.511681,0.043945,0.009746,0.443848,0.367432,0.197439,0.059691,249.070007,3637.000000
2236.000000,-107.679482,0.043213,0.009429,0.440918,0.362549,0.195381,0.057836,269.880005,3632.000000
2237.000000,-106.906982,0.042969,0.010197,0.442627,0.361816,0.197099,0.058990,262.250000,3670.000000
2238.000000,-102.212280,0.042725,0.009425,0.442139,0.363037,0.196561,0.059196,252.559998,3653.000000
2239.000000,-99.334656,0.042236,0.009407,0.442383,0.364990,0.197481,0.060371,240.440002,3665.000000
2240.000000,-119.471718,0.040771,0.008363,0.444092,0.367920,0.197404,0.060625,278.369995,3631.000000
2241.000000,-100.011864,0.041260,0.009466,0.443115,0.362793,0.197670,0.058189,252.520004,3542.000000
2242.000000,-127.539742,0.042480,0.009946,0.444336,0.357666,0.198364,0.056683,313.549988,3675.000000
2243.000000,-129.401642,0.044189,0.010777,0.446533,0.356934,0.199517,0.056672,331.149994,3673.000000
2244.000000,-113.273300,0.045410,0.012090,0.447754,0.365723,0.200424,0.062616,271.570007,3673.000000
2245.000000,-117.239700,0.045166,0.011200,0.447510,0.365234,0.199832,0.059926,300.920013,3653.000000
2246.000000,-105.929771,0.043701,0.009727,0.447754,0.360352,0.200150,0.058837,249.259995,3675.000000
2247.000000,-110.331131,0.044189,0.010211,0.448730,0.360107,0.200490,0.057678,287.140015,3676.000000
2248.000000,-108.594498,0.045166,0.009551,0.453125,0.360596,0.203753,0.057658,261.859985,3675.000000
2249.000000,-116.280273,0.046143,0.009549,0.455322,0.362549,0.204567,0.059360,274.709991,3673.000000
2250.000000,-136.182373,0.046875,0.009938,0.454102,0.362061,0.203481,0.060377,319.100006,3672.000000
2251.000000,-109.933594,0.047363,0.009765,0.449951,0.361084,0.199022,0.058661,271.929993,3688.000000
2252.000000,-106.194618,0.046875,0.009643,0.450684,0.361572,0.200299,0.059571,254.149994,3715.000000
2253.000000,-128.759140,0.048584,0.010232,0.451904,0.364990,0.201413,0.061110,317.070007,3691.000000
2254.000000,-104.729980,0.047607,0.010272,0.448242,0.363037,0.199686,0.060271,261.549988,3703.000000
2255.000000,-105.172966,0.049316,0.010833,0.448486,0.363281,0.200547,0.060628,279.230011,3667.000000
2256.000000,-125.613907,0.049072,0.010409,0.447021,0.363281,0.200487,0.060515,319.320007,3654.000000
2257.000000,-125.193840,0.051025,0.011056,0.446533,0.366211,0.199671,0.060389,309.769989,3659.000000
2258.000000,-100.340569,0.052002,0.011229,0.450928,0.367676,0.202438,0.060636,237.199997,3657.000000
2259.000000,-127.550560,0.051025,0.011073,0.449951,0.371094,0.202538,0.061142,312.540009,3629.000000
2260.000000,-92.490105,0.050049,0.009812,0.451172,0.368896,0.203287,0.058998,220.869995,3626.000000
2261.000000,-110.549339,0.048340,0.010154,0.451660,0.365723,0.203354,0.058267,263.829987,3706.000000
2262.000000,-134.151215,0.049072,0.010780,0.452148,0.360596,0.203931,0.056429,339.690002,3685.000000
2263.000000,-111.251259,0.049316,0.010133,0.451416,0.363525,0.203085,0.058438,266.929993,3662.000000
2264.000000,-109.970459,0.050537,0.010869,0.452637,0.364990,0.203786,0.059949,270.730011,3663.000000
2265.000000,-120.841866,0.051270,0.011669,0.453857,0.371582,0.203684,0.063334,316.299988,3622.000000
2266.000000,-113.237175,0.052002,0.012376,0.452881,0.371094,0.202008,0.063725,272.230011,3664.000000
2267.000000,-108.321739,0.051270,0.010849,0.454346,0.366211,0.203662,0.058923,254.449997,3626.000000
2268.000000,-123.026421,0.051758,0.011369,0.451904,0.362305,0.203711,0.058784,301.369995,3615.000000
2269.000000,-108.166275,0.051514,0.011489,0.449951,0.362549,0.202514,0.058123,272.329987,3622.000000
2270.000000,-140.911728,0.051514,0.011241,0.452393,0.367432,0.203608,0.062143,356.190002,3605.000000
2271.000000,-122.114853,0.052490,0.010423,0.451660,0.367432,0.202802,0.060675,305.459991,3620.000000
2272.000000,-119.562668,0.050537,0.009914,0.450928,0.364014,0.203404,0.057272,298.859985,3609.000000
2273.000000,-101.325699,0.050537,0.009711,0.451172,0.359863,0.203311,0.055590,228.750000,3624.000000
2274.000000,-109.172256,0.049561,0.009701,0.447510,0.362549,0.201435,0.057526,280.820007,3606.000000
2275.000000,-115.597313,0.049072,0.009506,0.449707,0.360840,0.204076,0.058048,304.470001,3625.000000
2276.000000,-106.908188,0.047852,0.009577,0.448975,0.360840,0.204672,0.057921,275.269989,3646.000000
2277.000000,-120.497917,0.048584,0.010269,0.448975,0.363281,0.204884,0.060783,300.130005,3620.000000
2278.000000,-119.579506,0.047119,0.009224,0.445557,0.367188,0.201751,0.061387,307.529999,3637.000000
2279.000000,-85.374130,0.046143,0.009552,0.446533,0.367188,0.201578,0.059638,195.119995,3628.000000
2280.000000,-121.263542,0.045166,0.008742,0.447266,0.366943,0.202256,0.057275,316.459991,3637.000000
2281.000000,-120.657684,0.047363,0.009750,0.447998,0.366211,0.202919,0.057944,292.459991,3633.000000
2282.000000,-110.601280,0.048340,0.010334,0.447998,0.366699,0.203690,0.058846,262.399994,3619.000000
2283.000000,-133.714661,0.048828,0.010728,0.448486,0.369629,0.205149,0.060331,338.510010,3629.000000
2284.000000,-107.611519,0.049072,0.010700,0.447021,0.368652,0.203001,0.058827,264.109985,3624.000000
2285.000000,-124.833733,0.049072,0.011297,0.446045,0.370117,0.201376,0.059457,319.640015,3638.000000
2286.000000,-107.140968,0.047607,0.010654,0.443115,0.367432,0.199093,0.059342,256.239990,3682.000000
2287.000000,-111.459068,0.047607,0.010677,0.448730,0.370605,0.203905,0.060499,276.130005,3649.000000
2288.000000,-120.092422,0.047607,0.011145,0.447754,0.371338,0.203217,0.061606,308.510010,3635.000000
2289.000000,-115.436745,0.044922,0.009566,0.446777,0.368896,0.201472,0.058267,283.220001,3660.000000
2290.000000,-100.546043,0.045654,0.010544,0.450439,0.369385,0.203520,0.059532,234.190002,3663.000000
2291.000000,-96.260109,0.045410,0.010561,0.450195,0.373047,0.202872,0.061117,226.449997,3662.000000
2292.000000,-94.878304,0.044678,0.011307,0.453613,0.375000,0.204478,0.063249,220.869995,3668.000000
2293.000000,-91.215263,0.045166,0.012321,0.452637,0.377441,0.202558,0.064436,226.100006,3673.000000
2294.000000,-97.537155,0.044678,0.011196,0.454102,0.375732,0.203108,0.062704,232.949997,3669.000000
2295.000000,-102.459290,0.046143,0.011462,0.454102,0.374756,0.201257,0.061956,236.100006,3661.000000
2296.000000,-118.917328,0.046387,0.011730,0.455322,0.373047,0.201391,0.062083,300.390015,3615.000000
2297.000000,-122.476440,0.046143,0.011873,0.454834,0.368652,0.201848,0.061329,313.239990,3622.000000
2298.000000,-103.088470,0.045166,0.011108,0.452148,0.370605,0.200613,0.063218,252.520004,3638.000000
2299.000000,-124.602005,0.047119,0.012757,0.454102,0.375488,0.202644,0.064669,298.619995,3647.000000
2300.000000,-96.588211,0.047607,0.012889,0.455811,0.379639,0.203053,0.067939,218.169998,3611.000000
2301.000000,-109.729897,0.045898,0.011609,0.452881,0.379395,0.201879,0.065828,259.480011,3648.000000
2302.000000,-90.200089,0.047119,0.011976,0.452148,0.375488,0.200476,0.062658,210.679993,3654.000000
2303.000000,-120.565720,0.048096,0.011515,0.453125,0.377930,0.201078,0.064953,298.859985,3643.000000
2304.000000,-119.591393,0.045654,0.010959,0.451172,0.376465,0.199144,0.065530,299.829987,3625.000000
2305.000000,-100.586418,0.047607,0.012191,0.452393,0.374268,0.200133,0.063174,261.709991,3524.000000
2306.000000,-106.406372,0.046143,0.010296,0.451904,0.370361,0.199397,0.061238,260.209991,3620.000000
2307.000000,-121.769951,0.045898,0.010783,0.451660,0.371582,0.198955,0.063283,301.850006,3600.000000
2308.000000,-95.972618,0.048096,0.012250,0.454346,0.376709,0.200150,0.064921,230.050003,3616.000000
2309.000000,-93.098946,0.048584,0.011730,0.453857,0.376221,0.199966,0.064726,230.210007,3605.000000
2310.000000,-123.415855,0.047363,0.011325,0.452881,0.372070,0.199608,0.064542,302.079987,3655.000000
2311.000000,-127.090813,0.047607,0.011868,0.451172,0.373047,0.197556,0.064603,320.170013,3668.000000
2312.000000,-116.523636,0.047607,0.011290,0.450439,0.369873,0.197714,0.063235,281.640015,3666.000000
2313.000000,-126.315605,0.048096,0.011474,0.452393,0.374512,0.198488,0.064094,329.459991,3632.000000
2314.000000,-95.101120,0.048584,0.011636,0.450439,0.370361,0.196900,0.062414,232.029999,3631.000000
2315.000000,-135.824127,0.049561,0.012215,0.449219,0.373047,0.196772,0.064592,332.269989,3619.000000
2316.000000,-100.311295,0.048584,0.011174,0.449463,0.368408,0.196374,0.060883,233.550003,3666.000000
2317.000000,-112.411972,0.046875,0.010262,0.446777,0.365723,0.194565,0.061052,272.350006,3632.000000
2318.000000,-108.428665,0.048584,0.012033,0.447998,0.365967,0.195603,0.061516,260.190002,3636.000000
2319.000000,-99.171303,0.048584,0.011932,0.447754,0.367188,0.195991,0.063628,248.029999,3636.000000
2320.000000,-132.007904,0.051758,0.013361,0.448975,0.367920,0.196875,0.064493,324.369995,3669.000000
2321.000000,-143.474014,0.053467,0.013759,0.447754,0.368652,0.196597,0.064620,378.829987,3664.000000
2322.000000,-116.667084,0.054199,0.012595,0.452148,0.370850,0.200159,0.064274,271.720001,3623.000000
2323.000000,-101.439240,0.054688,0.012784,0.455322,0.372314,0.201736,0.063825,238.330002,3636.000000
2324.000000,-104.048424,0.053467,0.012472,0.451416,0.370850,0.198982,0.064048,259.470001,3632.000000
2325.000000,-99.865555,0.053223,0.012310,0.447510,0.370850,0.195699,0.064510,231.809998,3622.000000
2326.000000,-107.634590,0.052002,0.011607,0.447998,0.366699,0.196559,0.061290,246.570007,3628.000000
2327.000000,-119.930038,0.050537,0.011303,0.449951,0.368408,0.199901,0.063853,284.089996,3621.000000
2328.000000,-106.938507,0.049072,0.010144,0.447266,0.367920,0.197042,0.062490,263.440002,3630.000000
2329.000000,-104.262489,0.048584,0.009943,0.445312,0.367676,0.196028,0.063506,250.250000,3620.000000
2330.000000,-124.086990,0.048584,0.010632,0.446289,0.365723,0.196208,0.062692,315.309998,3660.000000
2331.000000,-133.009308,0.049805,0.011793,0.446045,0.368896,0.198059,0.065128,350.160004,3637.000000
2332.000000,-119.846046,0.050537,0.011178,0.445312,0.370605,0.197143,0.063550,276.309998,3663.000000
2333.000000,-93.236305,0.050293,0.011591,0.443604,0.366699,0.194921,0.060920,221.899994,3717.000000
2334.000000,-122.560234,0.049561,0.010769,0.443604,0.366455,0.194026,0.061010,298.179993,3663.000000
2335.000000,-132.576324,0.050781,0.012178,0.440674,0.367188,0.192597,0.062485,341.899994,3652.000000
2336.000000,-111.250984,0.052002,0.011951,0.440918,0.371826,0.191855,0.065413,276.679993,3689.000000
2337.000000,-130.884521,0.052002,0.012879,0.442871,0.372070,0.193427,0.066659,320.779999,3658.000000
2338.000000,-98.522202,0.050293,0.011167,0.444336,0.369629,0.193517,0.064155,242.220001,3682.000000
2339.000000,-124.886383,0.051514,0.011965,0.441650,0.371338,0.192147,0.064178,294.450012,3696.000000
2340.000000,-97.258713,0.051758,0.012244,0.440430,0.370361,0.191123,0.065717,222.580002,3690.000000
2341.000000,-112.156830,0.051514,0.012974,0.440430,0.372314,0.190999,0.068050,252.809998,3673.000000
2342.000000,-127.015991,0.052002,0.013837,0.437988,0.370850,0.191755,0.066551,320.149994,3683.000000
2343.000000,-101.137100,0.052979,0.014216,0.439941,0.372559,0.193771,0.067673,254.119995,3678.000000
2344.000000,-116.901115,0.052979,0.012554,0.442871,0.373047,0.195302,0.066346,286.869995,3670.000000
2345.000000,-107.206886,0.053711,0.012689,0.443359,0.373779,0.195295,0.067134,275.750000,3671.000000
2346.000000,-88.164604,0.054199,0.012670,0.445068,0.374023,0.195712,0.067385,216.250000,3661.000000
2347.000000,-127.082405,0.054688,0.013617,0.443848,0.376953,0.194940,0.069133,335.720001,3639.000000
2348.000000,-98.308739,0.054932,0.014041,0.445557,0.374512,0.196625,0.066013,226.440002,3651.000000
2349.000000,-121.165001,0.053955,0.013607,0.444336,0.371582,0.197877,0.066231,299.779999,3675.000000
2350.000000,-94.413345,0.052002,0.012778,0.444824,0.370117,0.198257,0.064657,224.289993,3674.000000
2351.000000,-92.144928,0.052246,0.013346,0.443604,0.366943,0.197905,0.063184,226.630005,3682.000000
2352.000000,-118.568871,0.054199,0.014485,0.445801,0.369873,0.198418,0.065795,295.029999,3676.000000
2353.000000,-133.452911,0.053955,0.014226,0.444580,0.372314,0.197799,0.067531,352.750000,3644.000000
2354.000000,-100.570938,0.052979,0.013632,0.444092,0.367188,0.196553,0.063927,230.740005,3640.000000
2355.000000,-95.167488,0.052490,0.013058,0.444824,0.370361,0.196746,0.066098,230.429993,3643.000000
2356.000000,-118.887466,0.050537,0.012742,0.442383,0.366211,0.194974,0.065713,277.130005,3638.000000
2357.000000,-106.120308,0.052246,0.013552,0.444092,0.370605,0.197551,0.069540,252.779999,3626.000000
2358.000000,-98.848541,0.052734,0.013059,0.440918,0.369873,0.193603,0.065606,225.130005,3619.000000
2359.000000,-138.388260,0.050781,0.012290,0.440918,0.368408,0.194681,0.064141,366.149994,3635.000000
2360.000000,-93.324379,0.048340,0.011499,0.441895,0.367432,0.194589,0.064109,214.139999,3635.000000
2361.000000,-102.563896,0.046631,0.010956,0.439941,0.366211,0.194583,0.064730,254.509995,3640.000000
2362.000000,-99.959023,0.048096,0.012592,0.441162,0.365967,0.195305,0.064015,235.759995,3622.000000
2363.000000,-95.587509,0.049805,0.012408,0.443115,0.367920,0.196562,0.064382,217.330002,3646.000000
2364.000000,-118.096680,0.049805,0.013005,0.442383,0.368164,0.196446,0.064807,286.869995,3626.000000
2365.000000,-103.557045,0.049072,0.012803,0.440674,0.367920,0.195129,0.065013,252.449997,3628.000000
2366.000000,-107.152153,0.049805,0.013903,0.438965,0.367676,0.192930,0.064306,253.800003,3631.000000
2367.000000,-108.891190,0.048828,0.013346,0.436523,0.369141,0.191842,0.065960,273.630005,3631.000000
2368.000000,-112.271362,0.049072,0.013116,0.435059,0.370361,0.191248,0.067586,282.630005,3639.000000
2369.000000,-91.020828,0.048828,0.012751,0.435547,0.371338,0.191704,0.068212,206.910004,3535.000000
2370.000000,-138.419312,0.050049,0.013233,0.439453,0.372559,0.196013,0.067401,358.230011,3634.000000
2371.000000,-104.741074,0.051270,0.013117,0.439453,0.369629,0.196762,0.065817,252.050003,3632.000000
2372.000000,-98.984802,0.048340,0.011070,0.438721,0.365479,0.195021,0.061239,236.610001,3641.000000
2373.000000,-109.494522,0.049316,0.012421,0.438965,0.365723,0.195987,0.061114,264.459991,3649.000000
2374.000000,-100.588676,0.048096,0.011396,0.436523,0.366211,0.194183,0.063483,240.559998,3638.000000
2375.000000,-120.601517,0.047852,0.010129,0.434082,0.371826,0.193079,0.065670,318.350006,3636.000000
2376.000000,-92.512978,0.048828,0.010775,0.434570,0.368408,0.192955,0.062109,200.669998,3635.000000
2377.000000,-102.158318,0.047852,0.010021,0.439697,0.364258,0.196498,0.060049,249.309998,3662.000000
2378.000000,-98.515831,0.050781,0.010834,0.442383,0.364502,0.198662,0.059388,229.669998,3658.000000
2379.000000,-111.217377,0.050781,0.011101,0.442383,0.367432,0.197817,0.063085,267.200012,3666.000000
2380.000000,-108.876282,0.051514,0.012052,0.443359,0.374023,0.197855,0.065778,274.619995,3654.000000
2381.000000,-114.032990,0.052002,0.012580,0.444336,0.370117,0.198725,0.064875,278.589996,3649.000000
2382.000000,-109.347542,0.048828,0.010817,0.437988,0.370117,0.195685,0.064573,265.149994,3641.000000
2383.000000,-99.986275,0.048340,0.011011,0.438232,0.365234,0.196773,0.062481,215.289993,3613.000000
2384.000000,-106.978477,0.049316,0.012140,0.438232,0.365723,0.197568,0.061577,244.809998,3606.000000
2385.000000,-98.920525,0.048096,0.011091,0.438965,0.365234,0.199149,0.061886,238.020004,3627.000000
2386.000000,-90.855858,0.047607,0.010985,0.441162,0.363037,0.200776,0.062017,201.279999,3611.000000
2387.000000,-109.122421,0.048340,0.010774,0.439697,0.363770,0.198010,0.062925,271.660004,3662.000000
2388.000000,-114.791519,0.047363,0.010392,0.438721,0.360596,0.197122,0.058785,278.279999,3643.000000
2389.000000,-85.790405,0.048340,0.011570,0.443359,0.364746,0.200659,0.063459,184.830002,3637.000000
2390.000000,-92.607826,0.047852,0.010915,0.443848,0.363281,0.200143,0.063423,216.809998,3625.000000
2391.000000,-95.748756,0.047119,0.010726,0.446045,0.364746,0.199677,0.061868,234.119995,3619.000000
2392.000000,-109.307892,0.047607,0.011709,0.444824,0.363770,0.199752,0.061734,277.540009,3659.000000
2393.000000,-109.137131,0.047607,0.011924,0.438477,0.363037,0.195009,0.063813,273.739990,3681.000000
2394.000000,-107.014374,0.046143,0.010830,0.436035,0.365723,0.194492,0.065044,266.670013,3683.000000
2395.000000,-113.033981,0.046143,0.011458,0.434082,0.366211,0.193203,0.063137,267.320007,3665.000000
2396.000000,-114.409225,0.046387,0.011337,0.434814,0.367432,0.195172,0.065341,269.670013,3671.000000
2397.000000,-126.132744,0.045654,0.010320,0.436768,0.366699,0.196474,0.062170,321.470001,3677.000000
2398.000000,-109.337967,0.045654,0.011322,0.436768,0.364258,0.196538,0.061397,257.089996,3671.000000
2399.000000,-111.416939,0.045654,0.011391,0.437012,0.363770,0.197485,0.060199,281.910004,3675.000000
2400.000000,-130.089859,0.045654,0.011549,0.436279,0.360107,0.196960,0.060666,336.769989,3649.000000
2401.000000,-95.827965,0.046631,0.011315,0.437256,0.363037,0.195926,0.061049,224.869995,3660.000000
2402.000000,-96.080597,0.047119,0.011767,0.439209,0.361572,0.198550,0.060334,223.570007,3634.000000
2403.000000,-97.326546,0.046875,0.011006,0.435059,0.363525,0.195987,0.060227,245.490005,3642.000000
2404.000000,-109.862534,0.045410,0.011092,0.434814,0.364502,0.194851,0.061549,269.630005,3635.000000
2405.000000,-104.360794,0.045410,0.010299,0.435303,0.365723,0.194224,0.060402,244.809998,3633.000000
2406.000000,-117.397789,0.042969,0.009324,0.431885,0.364746,0.191280,0.059574,285.130005,3671.000000
2407.000000,-123.588676,0.044678,0.010666,0.432861,0.364502,0.193049,0.059492,326.700012,3669.000000
2408.000000,-132.981857,0.046875,0.012040,0.433838,0.366211,0.193560,0.061827,333.559998,3673.000000
2409.000000,-122.894905,0.046631,0.010894,0.436035,0.364990,0.195917,0.061711,310.540009,3676.000000
2410.000000,-100.241745,0.046631,0.011303,0.436279,0.368164,0.196815,0.062753,228.559998,3642.000000
2411.000000,-116.455162,0.046875,0.011287,0.434570,0.365234,0.195140,0.061372,293.119995,3638.000000
2412.000000,-94.268394,0.047607,0.011121,0.433350,0.368164,0.193878,0.060434,211.899994,3675.000000
2413.000000,-91.734077,0.046387,0.010405,0.434082,0.363770,0.194965,0.057504,209.660004,3662.000000
2414.000000,-112.534050,0.044434,0.010647,0.434570,0.365479,0.196453,0.060015,283.929993,3625.000000
2415.000000,-107.156494,0.045166,0.010628,0.434570,0.367920,0.196623,0.061299,256.390015,3652.000000
2416.000000,-83.856720,0.045410,0.010754,0.436523,0.365234,0.198776,0.059801,199.759995,3670.000000
2417.000000,-103.614410,0.045166,0.010487,0.441406,0.365234,0.203169,0.059384,229.759995,3648.000000
2418.000000,-122.065308,0.045410,0.010757,0.439697,0.362793,0.202159,0.057637,312.190002,3646.000000
2419.000000,-104.509224,0.045166,0.010687,0.437988,0.361816,0.200170,0.057450,244.190002,3636.000000
2420.000000,-127.687798,0.044678,0.010539,0.438232,0.363281,0.200639,0.057272,320.149994,3627.000000
2421.000000,-83.311874,0.045898,0.011588,0.439697,0.363525,0.202329,0.058628,188.410004,3631.000000
2422.000000,-118.351540,0.044922,0.011429,0.436035,0.360840,0.200051,0.058354,288.920013,3626.000000
2423.000000,-100.585640,0.044434,0.010111,0.438721,0.361328,0.200130,0.055747,224.039993,3622.000000
2424.000000,-109.083595,0.045898,0.011101,0.437256,0.362305,0.197899,0.058848,263.559998,3637.000000
2425.000000,-77.591225,0.046143,0.010555,0.442627,0.362793,0.201694,0.058502,175.309998,3632.000000
2426.000000,-89.003960,0.045898,0.009414,0.440918,0.365479,0.199869,0.057778,207.850006,3630.000000
2427.000000,-116.225449,0.046387,0.010231,0.439941,0.367188,0.199304,0.059285,276.279999,3652.000000
2428.000000,-107.147736,0.046387,0.010985,0.440918,0.368164,0.200483,0.060372,251.190002,3670.000000
2429.000000,-135.188232,0.047119,0.010800,0.444580,0.364746,0.203019,0.058045,347.420013,3641.000000
2430.000000,-116.809967,0.046631,0.011227,0.441650,0.367432,0.200705,0.059491,296.510010,3637.000000
2431.000000,-115.965958,0.047119,0.011836,0.441895,0.362549,0.201726,0.056838,284.720001,3661.000000
2432.000000,-86.328529,0.047363,0.011473,0.441650,0.362061,0.202191,0.056417,199.279999,3670.000000
2433.000000,-95.406776,0.047607,0.010624,0.443604,0.362793,0.201684,0.058218,237.460007,3597.000000
2434.000000,-116.730881,0.046143,0.009431,0.443848,0.363281,0.199825,0.057328,284.790009,3685.000000
2435.000000,-139.512115,0.046631,0.010112,0.442871,0.365723,0.199783,0.060618,362.500000,3684.000000
2436.000000,-93.366631,0.046631,0.010155,0.442139,0.365479,0.198876,0.060566,225.119995,3679.000000
2437.000000,-113.896881,0.046143,0.010309,0.443359,0.365723,0.199694,0.058971,299.049988,3653.000000
2438.000000,-110.588257,0.045654,0.009620,0.444336,0.362549,0.200409,0.056681,257.679993,3626.000000
2439.000000,-120.020134,0.045166,0.008527,0.442383,0.359375,0.199691,0.054709,290.880005,3633.000000
2440.000000,-95.012604,0.045410,0.008950,0.444336,0.358887,0.201361,0.054855,226.479996,3629.000000
2441.000000,-98.525352,0.047607,0.010306,0.447754,0.370117,0.203323,0.061661,229.550003,3648.000000
2442.000000,-124.002533,0.047363,0.010035,0.447754,0.370117,0.202365,0.061888,308.109985,3665.000000
2443.000000,-114.759933,0.047119,0.010731,0.446777,0.364746,0.202128,0.056958,282.910004,3707.000000
2444.000000,-87.309242,0.046387,0.010481,0.445801,0.358887,0.199352,0.054529,200.729996,3658.000000
2445.000000,-117.418900,0.045410,0.009744,0.444336,0.358643,0.197785,0.055332,297.730011,3632.000000
2446.000000,-135.082718,0.045654,0.010330,0.449219,0.362549,0.201351,0.059299,347.109985,3617.000000
2447.000000,-117.148575,0.047363,0.012152,0.450928,0.362549,0.203013,0.060190,285.880005,3620.000000
2448.000000,-112.032654,0.046143,0.011791,0.451416,0.362549,0.203461,0.059261,288.480011,3706.000000
2449.000000,-107.970551,0.045898,0.011825,0.450928,0.363281,0.204142,0.058014,263.559998,3672.000000
2450.000000,-104.278465,0.047363,0.013230,0.451660,0.360596,0.204447,0.059409,254.669998,3638.000000
2451.000000,-122.964729,0.046143,0.012742,0.451172,0.355469,0.204360,0.057115,321.230011,3639.000000
2452.000000,-127.223198,0.044434,0.011310,0.448242,0.356934,0.201807,0.057503,335.609985,3639.000000
2453.000000,-111.821663,0.045654,0.011858,0.452148,0.360352,0.205579,0.061114,279.619995,3628.000000
2454.000000,-101.990013,0.045654,0.012001,0.451416,0.361328,0.205304,0.060870,242.110001,3646.000000
2455.000000,-112.071709,0.045898,0.011530,0.451416,0.358643,0.206434,0.058795,276.489990,3705.000000
2456.000000,-102.994926,0.047363,0.011946,0.454590,0.362793,0.209418,0.061534,237.729996,3713.000000
2457.000000,-135.539474,0.047119,0.012139,0.454590,0.364990,0.210776,0.061876,348.209991,3618.000000
2458.000000,-116.979378,0.047852,0.012130,0.453613,0.364258,0.210398,0.060438,280.190002,3715.000000
2459.000000,-137.377777,0.048340,0.011822,0.456543,0.367676,0.211906,0.061830,347.100006,3690.000000
2460.000000,-122.323387,0.046875,0.011092,0.456299,0.365479,0.210387,0.059318,309.559998,3661.000000
2461.000000,-106.109558,0.047363,0.011690,0.455322,0.364502,0.208778,0.060615,263.829987,3639.000000
2462.000000,-122.540886,0.048340,0.011304,0.456055,0.362793,0.210014,0.057575,313.299988,3640.000000
2463.000000,-122.328804,0.049805,0.012752,0.454590,0.362549,0.208380,0.058539,295.790009,3647.000000
2464.000000,-101.284416,0.049805,0.012468,0.457031,0.365967,0.209080,0.059900,250.669998,3647.000000
2465.000000,-108.525146,0.051270,0.013634,0.456055,0.367432,0.208475,0.059816,268.070007,3640.000000
2466.000000,-115.612396,0.050293,0.013609,0.455566,0.368164,0.208405,0.062363,272.059998,3665.000000
2467.000000,-115.825912,0.050293,0.013521,0.451660,0.360352,0.205641,0.057820,302.179993,3680.000000
2468.000000,-117.978882,0.048340,0.012081,0.446045,0.353760,0.201687,0.056499,297.339996,3665.000000
2469.000000,-125.523010,0.047852,0.012002,0.443848,0.359863,0.200066,0.060152,321.070007,3669.000000
2470.000000,-114.271805,0.048828,0.013103,0.447754,0.362305,0.203765,0.059790,300.619995,3671.000000
2471.000000,-94.461273,0.051270,0.013304,0.446045,0.366943,0.201817,0.064285,215.899994,3672.000000
2472.000000,-78.033676,0.049072,0.011818,0.443359,0.360107,0.201079,0.057935,168.660004,3649.000000
2473.000000,-120.671837,0.048828,0.011808,0.446777,0.363281,0.203125,0.059414,296.720001,3670.000000
2474.000000,-130.317123,0.049316,0.011412,0.445557,0.362549,0.201841,0.061920,325.399994,3648.000000
2475.000000,-120.663460,0.048340,0.011007,0.445557,0.365234,0.201076,0.061752,293.799988,3649.000000
2476.000000,-117.215744,0.048584,0.010546,0.445801,0.367188,0.200591,0.061719,292.179993,3660.000000
2477.000000,-84.358284,0.048584,0.010205,0.446777,0.364502,0.200880,0.057853,183.669998,3666.000000
2478.000000,-120.217773,0.047363,0.009617,0.444824,0.358154,0.199360,0.053986,303.250000,3648.000000
2479.000000,-126.460388,0.045166,0.008462,0.440674,0.355957,0.196442,0.054993,322.070007,3664.000000
2480.000000,-94.724617,0.043945,0.007865,0.441406,0.356934,0.196771,0.056552,224.860001,3675.000000
2481.000000,-111.885719,0.043945,0.008684,0.443604,0.355957,0.198253,0.054970,281.829987,3671.000000
2482.000000,-74.548126,0.044678,0.009778,0.445312,0.358643,0.198977,0.056811,156.750000,3632.000000
2483.000000,-99.565613,0.045166,0.010844,0.444092,0.358154,0.198881,0.056432,232.259995,3633.000000
2484.000000,-97.776428,0.044922,0.011708,0.444824,0.354980,0.199343,0.056230,234.929993,3678.000000
2485.000000,-119.506866,0.044678,0.011857,0.443359,0.354248,0.199210,0.056993,292.690002,3665.000000
2486.000000,-117.175964,0.042969,0.010691,0.442627,0.353760,0.199749,0.056088,290.950012,3675.000000
2487.000000,-116.351250,0.043945,0.011014,0.444092,0.356689,0.199686,0.058964,285.589996,3660.000000
2488.000000,-99.292809,0.045410,0.012266,0.445312,0.358887,0.201181,0.059300,232.660004,3646.000000
2489.000000,-117.111786,0.047119,0.011921,0.447754,0.360107,0.201293,0.057940,272.470001,3649.000000
2490.000000,-120.010323,0.045166,0.011113,0.443115,0.358398,0.197702,0.058430,295.140015,3671.000000
2491.000000,-121.187775,0.045654,0.010749,0.442871,0.360107,0.198550,0.058631,305.140015,3681.000000
2492.000000,-91.542213,0.046875,0.011773,0.445312,0.359863,0.200645,0.059045,201.300003,3678.000000
2493.000000,-129.755981,0.048096,0.012151,0.443359,0.360840,0.198851,0.060983,303.019989,3675.000000
2494.000000,-124.214920,0.047363,0.010819,0.445068,0.361572,0.200793,0.059603,302.720001,3674.000000
2495.000000,-108.107925,0.047607,0.011048,0.445557,0.361816,0.199312,0.059297,272.250000,3682.000000
2496.000000,-143.173828,0.049316,0.011357,0.444824,0.362793,0.197657,0.060966,370.450012,3680.000000
2497.000000,-138.393097,0.050049,0.011410,0.445068,0.360107,0.198288,0.058634,346.320007,3569.000000
2498.000000,-121.108612,0.050293,0.011229,0.442627,0.362549,0.196178,0.060997,312.589996,3660.000000
2499.000000,-96.486130,0.049316,0.010709,0.441650,0.365234,0.196306,0.062903,217.479996,3630.000000
2500.000000,-131.627945,0.049072,0.011683,0.439453,0.359619,0.196065,0.058614,355.140015,3659.000000
2501.000000,-108.558647,0.049316,0.011983,0.439941,0.355713,0.198327,0.058457,267.920013,3627.000000
2502.000000,-121.270729,0.049805,0.010875,0.442627,0.359619,0.199414,0.059974,293.309998,3636.000000
2503.000000,-110.163597,0.052734,0.012402,0.443604,0.362305,0.201215,0.061442,271.010010,3641.000000
2504.000000,-111.580643,0.053223,0.011658,0.443359,0.366455,0.199839,0.061156,256.059998,3638.000000
2505.000000,-112.170914,0.053223,0.011435,0.445068,0.362549,0.201913,0.059739,261.579987,3631.000000
2506.000000,-107.895958,0.053223,0.011203,0.445312,0.360352,0.202636,0.058083,256.100006,3665.000000
2507.000000,-98.321564,0.053223,0.011487,0.445068,0.362061,0.201813,0.058908,227.869995,3659.000000
2508.000000,-96.155853,0.052734,0.012121,0.443604,0.364258,0.200663,0.061100,224.809998,3642.000000
2509.000000,-112.637947,0.052246,0.011479,0.444580,0.365234,0.201190,0.059136,277.130005,3633.000000
2510.000000,-104.730759,0.051514,0.010866,0.442627,0.362305,0.199106,0.057514,245.419998,3625.000000
2511.000000,-91.423813,0.049561,0.010070,0.441406,0.361816,0.198392,0.057245,221.630005,3685.000000
2512.000000,-119.752258,0.049072,0.009912,0.444092,0.359863,0.201636,0.056313,290.750000,3638.000000
2513.000000,-99.414650,0.049072,0.010296,0.443848,0.358887,0.200869,0.057983,229.779999,3639.000000
2514.000000,-101.686256,0.049561,0.010065,0.444092,0.365234,0.201938,0.060826,235.289993,3626.000000
2515.000000,-93.889915,0.047607,0.009727,0.443848,0.360840,0.202081,0.057016,210.149994,3649.000000
2516.000000,-105.628784,0.048584,0.011126,0.443359,0.360840,0.201185,0.059094,259.089996,3652.000000
2517.000000,-119.040932,0.046631,0.009893,0.440186,0.360840,0.197734,0.058105,299.910004,3643.000000
2518.000000,-112.051628,0.044434,0.009078,0.438477,0.360352,0.197259,0.058484,274.459991,3658.000000
2519.000000,-91.583466,0.043701,0.008438,0.440674,0.358887,0.197903,0.055911,230.220001,3669.000000
2520.000000,-105.124336,0.044434,0.009717,0.441406,0.358887,0.200165,0.057812,250.429993,3653.000000
2521.000000,-87.207924,0.043945,0.009823,0.440674,0.359131,0.198553,0.059241,190.289993,3662.000000
2522.000000,-111.143661,0.043701,0.010585,0.439209,0.360596,0.198350,0.060927,267.720001,3695.000000
2523.000000,-106.828865,0.045166,0.011177,0.440430,0.360107,0.199188,0.059998,250.850006,3720.000000
2524.000000,-128.512146,0.046143,0.011236,0.438232,0.363037,0.197728,0.061842,314.489990,3680.000000
2525.000000,-106.681633,0.047363,0.013247,0.439941,0.362305,0.201012,0.062653,257.609985,3648.000000
2526.000000,-108.734665,0.045654,0.011677,0.440674,0.362549,0.200886,0.062316,263.160004,3636.000000
2527.000000,-106.735275,0.046143,0.011917,0.437744,0.358154,0.199266,0.059412,257.260010,3662.000000
2528.000000,-139.598282,0.047852,0.013548,0.439453,0.360352,0.200937,0.062966,351.519989,3656.000000
2529.000000,-117.439613,0.048096,0.012749,0.439697,0.360840,0.200699,0.064127,296.500000,3662.000000
2530.000000,-101.255562,0.046875,0.012263,0.439941,0.361084,0.201126,0.063043,234.979996,3632.000000
2531.000000,-108.715645,0.047363,0.013334,0.439209,0.362549,0.201639,0.063010,275.070007,3633.000000
2532.000000,-106.212601,0.047119,0.012086,0.435791,0.359131,0.198809,0.061050,271.600006,3658.000000
2533.000000,-102.107925,0.047607,0.011915,0.434326,0.363525,0.198366,0.060056,243.800003,3665.000000
2534.000000,-116.591820,0.045898,0.010684,0.433105,0.364502,0.198034,0.060393,307.260010,3647.000000
2535.000000,-119.250549,0.046631,0.011234,0.433594,0.361572,0.199631,0.058601,308.160004,3649.000000
2536.000000,-100.047264,0.046387,0.011058,0.432373,0.361084,0.198978,0.059180,230.380005,3659.000000
2537.000000,-129.961761,0.046875,0.011280,0.435059,0.360840,0.201109,0.059573,316.950012,3654.000000
2538.000000,-112.357651,0.047607,0.011815,0.435547,0.364746,0.201654,0.063684,266.609985,3670.000000
2539.000000,-107.623955,0.047119,0.010892,0.435303,0.364990,0.199694,0.061470,254.270004,3668.000000
2540.000000,-123.409714,0.047607,0.011518,0.436768,0.365479,0.200341,0.060177,306.500000,3668.000000
2541.000000,-110.720955,0.047363,0.011774,0.435059,0.363525,0.198828,0.058278,274.470001,3633.000000
2542.000000,-107.784576,0.048096,0.011032,0.435791,0.362793,0.199091,0.058139,264.089996,3613.000000
2543.000000,-129.724319,0.049561,0.011765,0.438477,0.362061,0.201771,0.058396,324.510010,3662.000000
2544.000000,-113.759621,0.049561,0.011910,0.439697,0.366211,0.202021,0.060410,277.970001,3636.000000
2545.000000,-93.507233,0.049561,0.011234,0.444092,0.368896,0.204212,0.060958,225.490005,3674.000000
2546.000000,-103.866539,0.049805,0.012210,0.441650,0.368652,0.201091,0.060244,239.580002,3629.000000
2547.000000,-140.694366,0.049072,0.010926,0.438965,0.367188,0.198511,0.060042,372.040009,3614.000000
2548.000000,-106.965836,0.047607,0.010505,0.437988,0.367188,0.197149,0.058581,265.290009,3639.000000
2549.000000,-118.377769,0.047363,0.010450,0.435303,0.369385,0.195529,0.062039,305.290009,3635.000000
2550.000000,-96.032112,0.048828,0.011845,0.436279,0.368408,0.197132,0.061372,227.899994,3638.000000
2551.000000,-88.121109,0.050537,0.013045,0.440430,0.368408,0.199855,0.060018,211.369995,3660.000000
2552.000000,-113.589363,0.050049,0.012337,0.438232,0.371094,0.197762,0.061915,293.609985,3649.000000
2553.000000,-106.375305,0.048828,0.012580,0.439453,0.374023,0.199575,0.062649,255.389999,3635.000000
2554.000000,-103.625389,0.050537,0.013465,0.441895,0.374023,0.201751,0.063441,265.769989,3694.000000
2555.000000,-133.148911,0.049561,0.012516,0.439453,0.374023,0.200671,0.061572,339.380005,3648.000000
2556.000000,-111.968582,0.049072,0.012603,0.438477,0.371582,0.198726,0.062704,262.390015,3644.000000
2557.000000,-118.919044,0.047852,0.011461,0.436523,0.370605,0.198703,0.060523,284.589996,3651.000000
2558.000000,-122.261734,0.046387,0.011638,0.435059,0.368408,0.198647,0.061121,304.029999,3686.000000
2559.000000,-124.689659,0.046875,0.011746,0.435059,0.373047,0.198882,0.065859,304.890015,3645.000000
2560.000000,-109.098724,0.047607,0.011930,0.436768,0.370117,0.199818,0.061501,252.410004,3635.000000
2561.000000,-132.698929,0.048584,0.012477,0.437744,0.367188,0.199935,0.059243,316.160004,3550.000000
2562.000000,-127.620132,0.046387,0.011584,0.431152,0.364746,0.193768,0.059504,327.750000,3638.000000
2563.000000,-109.969795,0.046875,0.011327,0.433838,0.365723,0.196127,0.059247,270.940002,3649.000000
2564.000000,-107.476944,0.047852,0.012455,0.435547,0.364014,0.198709,0.059891,258.149994,3642.000000
2565.000000,-112.427849,0.048828,0.012272,0.438721,0.366943,0.200688,0.061424,279.739990,3669.000000
2566.000000,-77.514519,0.049805,0.012233,0.438721,0.369629,0.198243,0.061140,164.539993,3666.000000
2567.000000,-126.928406,0.049316,0.011542,0.438477,0.370361,0.198539,0.061876,323.320007,3653.000000
2568.000000,-97.557625,0.047852,0.009773,0.438477,0.364258,0.197848,0.057687,242.419998,3648.000000
2569.000000,-103.091728,0.048584,0.010987,0.437500,0.362305,0.196746,0.056966,269.339996,3633.000000
2570.000000,-131.255249,0.048828,0.010689,0.436523,0.366455,0.196439,0.060135,324.489990,3632.000000
2571.000000,-100.373268,0.048828,0.010824,0.433105,0.368652,0.193992,0.059788,236.750000,3635.000000
2572.000000,-123.206329,0.048340,0.010912,0.428467,0.364990,0.192552,0.060144,294.700012,3636.000000
2573.000000,-103.779503,0.047852,0.011300,0.427979,0.363281,0.194176,0.060417,257.850006,3669.000000
2574.000000,-108.288734,0.049561,0.011904,0.429443,0.365479,0.193845,0.061480,264.399994,3618.000000
2575.000000,-108.046425,0.050293,0.013130,0.431152,0.367676,0.194075,0.063533,265.760010,3638.000000
2576.000000,-112.385513,0.050781,0.012758,0.432129,0.369385,0.194929,0.062163,273.829987,3662.000000
2577.000000,-114.587433,0.051514,0.012165,0.431152,0.372070,0.194560,0.062167,288.429993,3654.000000
2578.000000,-105.314034,0.049316,0.010733,0.427734,0.364990,0.191977,0.057773,244.190002,3651.000000
2579.000000,-98.528702,0.049072,0.010549,0.426270,0.366943,0.191189,0.059284,228.830002,3639.000000
2580.000000,-128.055908,0.049561,0.011149,0.428223,0.368652,0.193397,0.060145,308.549988,3635.000000
2581.000000,-121.178978,0.047607,0.009727,0.427002,0.370850,0.192754,0.061308,300.880005,3618.000000
2582.000000,-114.684822,0.047607,0.010119,0.426514,0.375488,0.191095,0.062927,276.339996,3633.000000
2583.000000,-82.257645,0.048096,0.010333,0.427002,0.373535,0.191315,0.061129,186.259995,3623.000000
2584.000000,-119.145164,0.046387,0.009262,0.428955,0.370117,0.192862,0.057581,291.089996,3621.000000
2585.000000,-124.475830,0.046631,0.009647,0.429199,0.365723,0.192190,0.058091,320.809998,3603.000000
2586.000000,-104.757027,0.046875,0.010344,0.429688,0.365479,0.192942,0.057931,249.559998,3621.000000
2587.000000,-107.033615,0.047363,0.011176,0.430908,0.372803,0.193920,0.064793,261.910004,3679.000000
2588.000000,-101.595100,0.046875,0.010418,0.431152,0.371826,0.194326,0.060094,251.619995,3643.000000
2589.000000,-95.657616,0.048096,0.010758,0.432617,0.369141,0.194371,0.059170,217.809998,3629.000000
2590.000000,-112.591995,0.048340,0.010647,0.432373,0.369385,0.193278,0.058880,292.649994,3664.000000
2591.000000,-136.916672,0.046143,0.009771,0.431885,0.367920,0.193366,0.058707,354.739990,3666.000000
2592.000000,-139.517761,0.044434,0.009412,0.426758,0.370117,0.190978,0.061108,350.549988,3661.000000
2593.000000,-147.036438,0.044922,0.009420,0.425781,0.367920,0.189781,0.061554,374.299988,3657.000000
2594.000000,-111.599930,0.042969,0.008666,0.423096,0.363037,0.188031,0.059207,275.459991,3647.000000
2595.000000,-93.660988,0.043701,0.008880,0.421387,0.363037,0.189159,0.059181,224.919998,3631.000000
2596.000000,-114.755173,0.043457,0.009249,0.421143,0.363281,0.189651,0.059854,292.040009,3671.000000
2597.000000,-122.411507,0.043457,0.008513,0.420654,0.371826,0.189232,0.062688,307.640015,3624.000000
2598.000000,-88.933334,0.044434,0.009499,0.423340,0.374023,0.191023,0.063827,196.740005,3638.000000
2599.000000,-111.443245,0.044189,0.009089,0.425293,0.373047,0.192395,0.062059,278.799988,3627.000000
2600.000000,-92.508682,0.043213,0.009375,0.424561,0.368164,0.191809,0.058034,211.600006,3632.000000
2601.000000,-97.029030,0.042480,0.008638,0.422852,0.366943,0.189976,0.056894,231.800003,3647.000000
2602.000000,-145.377182,0.043213,0.009213,0.425049,0.371582,0.191715,0.058969,377.809998,3639.000000
2603.000000,-114.683365,0.044189,0.009742,0.425049,0.370117,0.192846,0.058737,282.190002,3667.000000
2604.000000,-104.110580,0.044678,0.010139,0.425049,0.372803,0.192096,0.061314,244.220001,3634.000000
2605.000000,-114.063316,0.043701,0.009629,0.426025,0.372803,0.192747,0.062023,283.040009,3639.000000
2606.000000,-125.443115,0.043701,0.009025,0.429688,0.372070,0.194789,0.060174,317.529999,3656.000000
2607.000000,-86.293724,0.043457,0.009752,0.427979,0.373047,0.194080,0.060746,194.949997,3640.000000
2608.000000,-78.326576,0.043457,0.010492,0.428955,0.372559,0.194261,0.062474,176.259995,3709.000000
2609.000000,-99.585663,0.044434,0.010967,0.429688,0.373535,0.195433,0.061395,246.910004,3666.000000
2610.000000,-109.436867,0.044922,0.010682,0.431152,0.371826,0.195180,0.061916,267.880005,3621.000000
2611.000000,-131.970200,0.044922,0.010397,0.429199,0.373535,0.194839,0.063796,324.609985,3638.000000
2612.000000,-97.216110,0.044922,0.010032,0.431396,0.375488,0.195877,0.063676,232.059998,3650.000000
2613.000000,-93.858826,0.047119,0.011507,0.432861,0.377197,0.197814,0.064432,214.539993,3670.000000
2614.000000,-111.180115,0.047607,0.010557,0.435547,0.375732,0.200330,0.062215,281.220001,3636.000000
2615.000000,-127.037117,0.047852,0.011500,0.435791,0.375244,0.199693,0.064006,312.489990,3648.000000
2616.000000,-119.213051,0.047363,0.010714,0.432861,0.376465,0.197091,0.065775,303.589996,3638.000000
2617.000000,-94.014435,0.045898,0.009796,0.431641,0.373779,0.196920,0.063698,218.419998,3732.000000
2618.000000,-132.961685,0.045898,0.011061,0.431641,0.374023,0.197017,0.064545,339.910004,3661.000000
2619.000000,-100.712532,0.048584,0.012245,0.431152,0.376953,0.197427,0.066273,232.300003,3643.000000
2620.000000,-123.037109,0.049072,0.012029,0.433594,0.378174,0.199419,0.065728,300.089996,3649.000000
2621.000000,-109.252449,0.046631,0.011272,0.431885,0.377930,0.196822,0.066917,258.760010,3643.000000
2622.000000,-128.844864,0.046875,0.011255,0.429688,0.379883,0.195285,0.067769,319.790009,3645.000000
2623.000000,-119.788277,0.048096,0.011797,0.433594,0.377441,0.198283,0.064167,279.660004,3672.000000
2624.000000,-120.701851,0.045898,0.011801,0.429443,0.374023,0.195097,0.065133,303.890015,3633.000000
2625.000000,-118.856941,0.047852,0.013626,0.431885,0.372559,0.197556,0.062866,305.920013,3529.000000
2626.000000,-104.734764,0.048096,0.012932,0.429688,0.372559,0.195785,0.063097,241.419998,3637.000000
2627.000000,-110.506989,0.048096,0.011327,0.431885,0.375000,0.195019,0.062457,275.320007,3630.000000
2628.000000,-109.496841,0.048340,0.011126,0.431152,0.371582,0.193313,0.061606,281.769989,3634.000000
2629.000000,-110.865158,0.048828,0.011238,0.436035,0.373779,0.196775,0.062119,271.709991,3647.000000
2630.000000,-109.581467,0.050537,0.012699,0.436035,0.378906,0.196919,0.064526,262.970001,3665.000000
2631.000000,-101.214973,0.050781,0.013065,0.436523,0.378174,0.195859,0.066232,240.619995,3665.000000
2632.000000,-112.370651,0.051025,0.012610,0.436523,0.375732,0.195751,0.063519,273.600006,3669.000000
2633.000000,-106.754639,0.049805,0.012036,0.435547,0.375244,0.193209,0.063790,261.519989,3626.000000
2634.000000,-110.966606,0.049805,0.011665,0.434326,0.374023,0.192722,0.062891,272.429993,3623.000000
2635.000000,-128.991470,0.050537,0.011760,0.435791,0.375488,0.193679,0.064705,316.279999,3631.000000
2636.000000,-113.339874,0.051758,0.012150,0.434082,0.377930,0.192656,0.066296,294.380005,3636.000000
2637.000000,-113.990700,0.049561,0.010826,0.433105,0.370361,0.191371,0.061985,276.799988,3643.000000
2638.000000,-104.615273,0.049805,0.011199,0.434570,0.370605,0.192377,0.061495,245.449997,3688.000000
2639.000000,-125.470688,0.049805,0.011228,0.433594,0.370605,0.191695,0.061760,311.910004,3693.000000
2640.000000,-122.155128,0.049805,0.011166,0.433350,0.370117,0.192122,0.062471,304.040009,3711.000000
2641.000000,-95.806099,0.050049,0.011043,0.433594,0.372559,0.192379,0.063223,227.559998,3630.000000
2642.000000,-114.885124,0.050781,0.010869,0.432617,0.373535,0.191954,0.062250,271.109985,3636.000000
2643.000000,-118.912468,0.049316,0.010537,0.433105,0.374512,0.193031,0.062882,295.679993,3638.000000
2644.000000,-106.394943,0.049072,0.010800,0.433350,0.376709,0.195691,0.063540,253.240005,3657.000000
2645.000000,-91.234970,0.048828,0.011323,0.433105,0.375488,0.197602,0.063349,213.869995,3625.000000
2646.000000,-115.562119,0.049561,0.011057,0.433838,0.378174,0.196610,0.064207,286.149994,3626.000000
2647.000000,-113.696838,0.048340,0.011404,0.430420,0.374512,0.193985,0.062503,263.399994,3640.000000
2648.000000,-124.952469,0.048340,0.011437,0.430176,0.374756,0.193869,0.064333,305.220001,3639.000000
2649.000000,-123.545883,0.049072,0.011848,0.429932,0.376465,0.192538,0.063579,316.260010,3637.000000
2650.000000,-115.469055,0.047363,0.010744,0.430908,0.374268,0.193179,0.062429,294.720001,3649.000000
2651.000000,-102.447609,0.050781,0.012239,0.433105,0.376953,0.194942,0.062881,248.300003,3670.000000
2652.000000,-121.342499,0.048828,0.011120,0.430908,0.374756,0.194080,0.060269,317.179993,3683.000000
2653.000000,-108.798645,0.049805,0.011037,0.433105,0.378906,0.195720,0.062534,280.239990,3680.000000
2654.000000,-127.446823,0.049561,0.011323,0.433350,0.375244,0.195016,0.062914,308.950012,3673.000000
2655.000000,-113.130592,0.049805,0.011845,0.434326,0.372559,0.196952,0.060816,273.309998,3668.000000
2656.000000,-114.008148,0.049072,0.011456,0.434326,0.370605,0.197244,0.059389,281.989990,3675.000000
2657.000000,-127.195045,0.049316,0.011169,0.434082,0.373291,0.197694,0.062440,343.779999,3637.000000
2658.000000,-131.848877,0.049072,0.011006,0.432617,0.377441,0.197338,0.064480,332.279999,3644.000000
2659.000000,-116.574753,0.051270,0.012984,0.432373,0.377197,0.198279,0.063636,294.980011,3645.000000
2660.000000,-107.930046,0.049561,0.012089,0.431641,0.379883,0.196399,0.063145,281.660004,3647.000000
2661.000000,-111.788376,0.049072,0.012147,0.430664,0.374023,0.197116,0.058559,259.529999,3650.000000
2662.000000,-133.008865,0.049072,0.011458,0.427979,0.372070,0.193062,0.057909,315.559998,3640.000000
2663.000000,-110.312103,0.046387,0.010075,0.430176,0.371094,0.195233,0.058230,269.500000,3644.000000
2664.000000,-131.667511,0.049316,0.012069,0.431152,0.375732,0.195638,0.062394,332.630005,3647.000000
2665.000000,-117.167389,0.047852,0.011232,0.433594,0.377441,0.198677,0.062476,280.799988,3648.000000
2666.000000,-119.236893,0.048340,0.011613,0.433838,0.376953,0.198104,0.059768,304.809998,3645.000000
2667.000000,-124.944153,0.050293,0.012532,0.435791,0.373291,0.198739,0.056017,294.809998,3638.000000
2668.000000,-102.134216,0.049072,0.011298,0.432861,0.375000,0.195855,0.058483,249.800003,3643.000000
2669.000000,-106.418327,0.050049,0.012038,0.435303,0.378906,0.197545,0.062328,264.570007,3629.000000
2670.000000,-119.868469,0.049805,0.012191,0.433838,0.380859,0.196465,0.062426,308.410004,3626.000000
2671.000000,-107.574577,0.049561,0.011945,0.432617,0.378662,0.196313,0.059353,262.640015,3637.000000
2672.000000,-112.090675,0.051025,0.013851,0.433350,0.376953,0.197753,0.060555,260.260010,3640.000000
2673.000000,-128.444199,0.051758,0.013627,0.433350,0.376953,0.196539,0.061861,318.649994,3659.000000
2674.000000,-93.811058,0.051758,0.013212,0.433105,0.378418,0.196729,0.061883,223.770004,3680.000000
2675.000000,-114.279068,0.052734,0.013177,0.435791,0.385254,0.198122,0.064827,287.940002,3659.000000
2676.000000,-90.002754,0.052490,0.013346,0.436768,0.387695,0.197499,0.066691,199.979996,3641.000000
2677.000000,-101.239960,0.051270,0.012369,0.438232,0.385498,0.197184,0.064784,253.509995,3629.000000
2678.000000,-98.034286,0.051758,0.012286,0.437012,0.380127,0.197415,0.062497,226.919998,3643.000000
2679.000000,-115.081848,0.050293,0.012058,0.435059,0.378418,0.195635,0.061429,292.950012,3635.000000
2680.000000,-92.707726,0.050293,0.012773,0.437256,0.383301,0.196882,0.066853,218.979996,3663.000000
2681.000000,-114.593956,0.050781,0.013941,0.437744,0.378662,0.199063,0.062976,269.160004,3659.000000
2682.000000,-112.012054,0.050049,0.012296,0.437500,0.375977,0.199034,0.061644,274.589996,3639.000000
2683.000000,-101.864380,0.050537,0.013182,0.436768,0.378418,0.198780,0.063888,247.630005,3646.000000
2684.000000,-108.193977,0.048828,0.012627,0.434814,0.375732,0.199325,0.063926,279.429993,3657.000000
2685.000000,-102.052696,0.049316,0.012697,0.437256,0.379395,0.200358,0.066760,244.690002,3650.000000
2686.000000,-119.198914,0.049561,0.012978,0.440430,0.380371,0.203394,0.065305,297.329987,3646.000000
2687.000000,-130.685822,0.050049,0.012421,0.442139,0.381836,0.204535,0.064149,336.929993,3636.000000
2688.000000,-108.802345,0.048828,0.011938,0.439453,0.377930,0.201271,0.062056,263.779999,3634.000000
2689.000000,-132.729309,0.050293,0.012060,0.441162,0.376221,0.202619,0.062299,330.850006,3532.000000
2690.000000,-134.534470,0.051270,0.011599,0.441650,0.377441,0.202942,0.063902,343.519989,3648.000000
2691.000000,-111.991585,0.051025,0.010512,0.442383,0.382812,0.202078,0.064952,265.279999,3636.000000
2692.000000,-116.875381,0.051514,0.011579,0.443604,0.381592,0.202451,0.065211,293.700012,3640.000000
2693.000000,-133.079529,0.051025,0.011014,0.441895,0.378662,0.200251,0.062413,331.459991,3676.000000
2694.000000,-124.389168,0.050537,0.010246,0.440918,0.376221,0.198095,0.058697,313.049988,3661.000000
2695.000000,-153.751114,0.052490,0.011832,0.440186,0.377930,0.197914,0.062400,385.549988,3681.000000
2696.000000,-138.181885,0.050781,0.010751,0.435303,0.376953,0.194927,0.063814,359.329987,3671.000000
2697.000000,-113.033127,0.050049,0.010325,0.433350,0.375488,0.194316,0.061439,293.390015,3672.000000
2698.000000,-110.631332,0.049072,0.009677,0.436035,0.371338,0.196845,0.059893,277.070007,3678.000000
2699.000000,-126.416260,0.050049,0.010401,0.436279,0.373291,0.197166,0.059901,320.320007,3670.000000
2700.000000,-94.796753,0.052002,0.011339,0.439453,0.376465,0.198085,0.063357,219.149994,3664.000000
2701.000000,-104.665253,0.052002,0.010942,0.440918,0.378906,0.197733,0.065168,250.720001,3650.000000
2702.000000,-127.968201,0.049072,0.009444,0.434814,0.374268,0.194080,0.059918,310.880005,3677.000000
2703.000000,-110.115944,0.050049,0.010284,0.437988,0.370850,0.196490,0.058115,261.609985,3676.000000
2704.000000,-103.449783,0.049561,0.010863,0.437988,0.369873,0.196771,0.058559,245.669998,3675.000000
2705.000000,-87.303688,0.051270,0.011520,0.437988,0.370850,0.195950,0.059187,198.270004,3678.000000
2706.000000,-106.635750,0.051025,0.010432,0.438965,0.374023,0.196204,0.061419,272.730011,3675.000000
2707.000000,-122.929970,0.050537,0.010008,0.437012,0.375977,0.195620,0.061524,330.380005,3679.000000
2708.000000,-108.058205,0.052002,0.011017,0.438477,0.374756,0.197735,0.061097,271.929993,3662.000000
2709.000000,-110.745934,0.051270,0.010143,0.438721,0.371826,0.198257,0.056795,266.459991,3677.000000
2710.000000,-130.984482,0.051270,0.010415,0.437012,0.372070,0.197728,0.057544,318.609985,3644.000000
2711.000000,-99.281212,0.048828,0.009541,0.436279,0.370361,0.197487,0.057083,239.559998,3676.000000
2712.000000,-122.214050,0.048584,0.010508,0.437500,0.374023,0.199361,0.059498,304.029999,3667.000000
2713.000000,-133.111008,0.051025,0.011030,0.436523,0.376221,0.198908,0.060095,336.519989,3678.000000
2714.000000,-130.842499,0.049561,0.010181,0.431885,0.376953,0.195616,0.061307,323.959991,3661.000000
2715.000000,-107.477867,0.050293,0.011821,0.432617,0.375244,0.197891,0.059248,271.149994,3674.000000
2716.000000,-122.215851,0.050781,0.010745,0.432129,0.368652,0.196717,0.056869,300.170013,3665.000000
2717.000000,-113.657707,0.050049,0.011493,0.431641,0.368652,0.198359,0.059221,278.920013,3674.000000
2718.000000,-108.088882,0.051514,0.011207,0.433838,0.373779,0.199656,0.060282,271.820007,3673.000000
2719.000000,-133.003098,0.050049,0.010768,0.430420,0.371826,0.196664,0.060944,323.049988,3654.000000
2720.000000,-121.206680,0.049805,0.011106,0.427979,0.370850,0.194310,0.060252,301.100006,3652.000000
2721.000000,-98.053284,0.050293,0.011535,0.427734,0.373291,0.193892,0.062219,233.259995,3659.000000
2722.000000,-98.679443,0.050293,0.011174,0.428223,0.372803,0.193361,0.061262,242.929993,3627.000000
2723.000000,-104.517464,0.049072,0.010956,0.428711,0.374756,0.193190,0.063061,255.789993,3640.000000
2724.000000,-106.821915,0.050049,0.011032,0.430420,0.376953,0.193565,0.064430,262.359985,3664.000000
2725.000000,-109.041985,0.052002,0.012066,0.433105,0.375244,0.195579,0.063025,272.510010,3647.000000
2726.000000,-131.415512,0.052734,0.011765,0.432129,0.370605,0.195366,0.061153,330.600006,3637.000000
2727.000000,-109.116837,0.052002,0.012440,0.434326,0.367920,0.198155,0.060132,258.709991,3630.000000
2728.000000,-103.618263,0.050781,0.010824,0.434814,0.369385,0.198275,0.061881,252.610001,3638.000000
2729.000000,-113.932686,0.052002,0.011474,0.438477,0.371094,0.200471,0.062398,284.000000,3640.000000
2730.000000,-98.068718,0.052979,0.011846,0.440186,0.373291,0.201983,0.062945,227.669998,3647.000000
2731.000000,-131.757919,0.053711,0.011880,0.439941,0.368652,0.202762,0.060515,335.730011,3669.000000
2732.000000,-115.385109,0.053955,0.012555,0.439209,0.370117,0.201000,0.061306,284.720001,3677.000000
2733.000000,-93.974365,0.055420,0.012442,0.442627,0.369873,0.200618,0.062528,212.199997,3644.000000
2734.000000,-112.404709,0.054199,0.011419,0.441650,0.371338,0.199862,0.062737,285.489990,3625.000000
2735.000000,-122.176994,0.053711,0.011573,0.442139,0.365479,0.200747,0.061299,313.359985,3611.000000
2736.000000,-122.858643,0.054688,0.012160,0.439941,0.366699,0.198146,0.062251,309.640015,3651.000000
2737.000000,-101.872345,0.052246,0.010946,0.439941,0.364502,0.199761,0.061179,246.970001,3655.000000
2738.000000,-116.647827,0.052002,0.010554,0.440186,0.361084,0.199759,0.059112,288.140015,3625.000000
2739.000000,-99.075119,0.052002,0.010947,0.441162,0.359863,0.200377,0.059175,245.559998,3628.000000
2740.000000,-118.707565,0.053467,0.011106,0.443359,0.368896,0.202003,0.064963,302.329987,3628.000000
2741.000000,-113.392906,0.054199,0.010917,0.444580,0.370361,0.202244,0.064161,276.690002,3614.000000
2742.000000,-95.986237,0.051270,0.010796,0.443848,0.369385,0.202880,0.064916,216.729996,3645.000000
2743.000000,-110.118271,0.050537,0.010430,0.445312,0.364746,0.204184,0.060799,253.199997,3629.000000
2744.000000,-96.869759,0.049316,0.009980,0.439941,0.361572,0.199659,0.059802,232.800003,3645.000000
2745.000000,-109.351692,0.049072,0.010070,0.441895,0.363037,0.201225,0.061930,266.160004,3649.000000
2746.000000,-98.499161,0.049316,0.011211,0.441895,0.362549,0.202339,0.063275,228.039993,3660.000000
2747.000000,-113.560593,0.050049,0.011625,0.442139,0.362793,0.202892,0.063870,283.269989,3659.000000
2748.000000,-114.085793,0.051514,0.011967,0.446533,0.365723,0.206860,0.064969,276.679993,3637.000000
2749.000000,-120.880684,0.050781,0.011526,0.442627,0.364990,0.204105,0.064705,307.869995,3629.000000
2750.000000,-109.041893,0.049072,0.010080,0.440430,0.362793,0.201346,0.061876,268.779999,3661.000000
2751.000000,-104.030724,0.049316,0.010581,0.441895,0.365479,0.202381,0.064052,251.000000,3648.000000
2752.000000,-103.402565,0.049316,0.009949,0.441650,0.367676,0.201404,0.064907,236.449997,3640.000000
2753.000000,-107.629646,0.050049,0.010230,0.446045,0.368408,0.205660,0.063596,263.989990,3561.000000
2754.000000,-87.146980,0.052734,0.011880,0.447021,0.369873,0.205275,0.062966,198.080002,3652.000000
2755.000000,-101.728081,0.051270,0.010370,0.447754,0.372559,0.205511,0.065377,254.869995,3670.000000
2756.000000,-148.140717,0.049561,0.009614,0.447510,0.371826,0.206079,0.063655,392.670013,3668.000000
2757.000000,-102.418304,0.050049,0.010022,0.445801,0.372803,0.203029,0.064401,252.520004,3673.000000
2758.000000,-123.342644,0.051514,0.011129,0.445557,0.370117,0.202727,0.064860,294.760010,3640.000000
2759.000000,-105.276184,0.051758,0.011985,0.444824,0.370361,0.202192,0.063378,267.480011,3641.000000
2760.000000,-120.954399,0.049561,0.010613,0.440186,0.362061,0.198327,0.059935,290.450012,3634.000000
2761.000000,-119.387466,0.048828,0.010158,0.437256,0.364258,0.195226,0.061554,306.160004,3630.000000
2762.000000,-111.243286,0.046875,0.009214,0.436035,0.363281,0.193853,0.060769,277.470001,3639.000000
2763.000000,-107.128868,0.047119,0.009738,0.436768,0.364014,0.194636,0.063481,243.649994,3670.000000
2764.000000,-106.769302,0.046387,0.010349,0.436768,0.358154,0.194687,0.060477,254.149994,3640.000000
2765.000000,-100.913795,0.047363,0.010972,0.440430,0.356201,0.196812,0.059898,244.770004,3650.000000
2766.000000,-90.163200,0.045410,0.009913,0.440674,0.362305,0.196934,0.063375,204.380005,3678.000000
2767.000000,-118.294167,0.045166,0.010063,0.440186,0.365723,0.197710,0.064904,305.700012,3708.000000
2768.000000,-119.719322,0.043701,0.008922,0.438721,0.359375,0.196991,0.060716,306.209991,3639.000000
2769.000000,-133.630035,0.045166,0.009979,0.438477,0.355225,0.196376,0.057870,323.320007,3633.000000
2770.000000,-138.236084,0.045166,0.009467,0.435059,0.355713,0.194946,0.059908,359.929993,3640.000000
2771.000000,-119.888344,0.044922,0.009185,0.434570,0.359619,0.195448,0.062414,297.260010,3631.000000
2772.000000,-111.024170,0.042725,0.008407,0.430420,0.357666,0.192286,0.060089,254.820007,3644.000000
2773.000000,-122.752174,0.042236,0.008147,0.427979,0.352783,0.189787,0.055995,302.679993,3651.000000
2774.000000,-85.085785,0.044678,0.010282,0.432617,0.358887,0.194029,0.061689,182.929993,3640.000000
2775.000000,-112.142052,0.046143,0.010571,0.434082,0.361572,0.195171,0.062645,274.309998,3660.000000
2776.000000,-101.483017,0.044434,0.010000,0.434814,0.357666,0.196020,0.061661,253.559998,3631.000000
2777.000000,-112.766724,0.045166,0.010334,0.437256,0.359375,0.199067,0.060991,287.510010,3634.000000
2778.000000,-114.386528,0.043701,0.009243,0.437256,0.356689,0.198288,0.059292,279.790009,3633.000000
2779.000000,-141.649353,0.044189,0.009707,0.438965,0.358398,0.200429,0.059563,346.829987,3647.000000
2780.000000,-99.097939,0.046875,0.010550,0.441650,0.361572,0.201513,0.061120,235.809998,3642.000000
2781.000000,-76.243111,0.045166,0.009950,0.444580,0.362305,0.202325,0.060257,173.679993,3644.000000
2782.000000,-135.018188,0.046143,0.010317,0.444092,0.361328,0.202279,0.059833,360.649994,3673.000000
2783.000000,-129.955734,0.045654,0.010322,0.443115,0.361328,0.201391,0.058339,330.829987,3660.000000
2784.000000,-145.549728,0.045898,0.011296,0.441406,0.359863,0.200146,0.059487,377.459991,3666.000000
2785.000000,-134.810730,0.045898,0.010380,0.440674,0.360840,0.199363,0.059691,346.809998,3652.000000
2786.000000,-121.068047,0.045898,0.009487,0.440430,0.360596,0.199580,0.058938,307.190002,3636.000000
2787.000000,-128.906525,0.045654,0.009693,0.439209,0.358398,0.199379,0.057449,316.579987,3658.000000
2788.000000,-113.691086,0.046143,0.010037,0.438477,0.358643,0.196731,0.058995,286.420013,3672.000000
2789.000000,-107.496750,0.046875,0.010289,0.440430,0.364746,0.197596,0.062380,266.649994,3629.000000
2790.000000,-119.593636,0.047607,0.009111,0.438965,0.363281,0.195820,0.062112,285.230011,3632.000000
2791.000000,-103.953377,0.046875,0.008846,0.436523,0.361328,0.194242,0.060062,260.890015,3649.000000
2792.000000,-119.743004,0.046143,0.008672,0.436768,0.360107,0.192769,0.059734,308.109985,3642.000000
2793.000000,-105.804619,0.046631,0.008517,0.439453,0.364502,0.196118,0.061530,261.299988,3676.000000
2794.000000,-130.564865,0.046875,0.008228,0.438477,0.360840,0.196373,0.058064,321.299988,3662.000000
2795.000000,-110.382179,0.045898,0.008274,0.437744,0.362793,0.195622,0.059665,276.339996,3632.000000
2796.000000,-95.152618,0.046631,0.008480,0.438721,0.362793,0.197623,0.059449,214.960007,3643.000000
2797.000000,-101.107635,0.047119,0.008662,0.442383,0.362793,0.200975,0.061880,227.330002,3668.000000
2798.000000,-123.086082,0.046631,0.008697,0.440918,0.361328,0.199177,0.060043,317.239990,3649.000000
2799.000000,-119.448929,0.046387,0.008594,0.441406,0.364502,0.199118,0.061566,301.230011,3653.000000
2800.000000,-103.760155,0.046387,0.008816,0.440674,0.364258,0.198531,0.060570,266.720001,3645.000000
2801.000000,-104.959076,0.048096,0.010230,0.443604,0.365723,0.201364,0.061187,262.500000,3642.000000
2802.000000,-96.135681,0.049072,0.010720,0.442871,0.364746,0.200374,0.059844,233.979996,3625.000000
2803.000000,-96.595428,0.047852,0.009368,0.442139,0.361816,0.199001,0.058412,238.639999,3656.000000
2804.000000,-112.147049,0.047363,0.008831,0.440674,0.363281,0.199508,0.058282,268.239990,3640.000000
2805.000000,-110.089195,0.047852,0.009630,0.439453,0.363037,0.199430,0.059474,269.869995,3637.000000
2806.000000,-104.722160,0.047119,0.009545,0.437012,0.362305,0.197906,0.060828,243.910004,3641.000000
2807.000000,-131.626892,0.046875,0.010001,0.434570,0.362305,0.196125,0.060864,318.980011,3629.000000
2808.000000,-108.653503,0.046875,0.010108,0.434570,0.360840,0.196211,0.060435,249.970001,3667.000000
2809.000000,-140.048035,0.047363,0.009902,0.436035,0.361816,0.196617,0.060276,362.170013,3644.000000
2810.000000,-134.105850,0.048096,0.010473,0.437256,0.359131,0.198329,0.059919,337.890015,3650.000000
2811.000000,-106.324387,0.048096,0.010629,0.437256,0.360352,0.198361,0.061817,238.529999,3647.000000
2812.000000,-111.785675,0.048828,0.011199,0.442139,0.364502,0.202505,0.065094,263.450012,3638.000000
2813.000000,-92.182251,0.049805,0.010922,0.442871,0.366211,0.203310,0.062502,211.779999,3657.000000
2814.000000,-114.546913,0.050049,0.011628,0.444580,0.362793,0.204576,0.059518,274.339996,3613.000000
2815.000000,-85.452873,0.049316,0.011442,0.445312,0.362549,0.204314,0.058929,187.240005,3629.000000
2816.000000,-109.112190,0.047852,0.010285,0.442139,0.359131,0.201409,0.056866,274.070007,3645.000000
2817.000000,-129.657303,0.048096,0.010333,0.439209,0.361084,0.200650,0.061161,323.390015,3559.000000
2818.000000,-120.023506,0.047363,0.009497,0.439941,0.366211,0.202197,0.061162,314.029999,3633.000000
2819.000000,-101.855202,0.049561,0.011089,0.442139,0.364258,0.203172,0.060867,247.750000,3624.000000
2820.000000,-132.840622,0.048828,0.009634,0.444336,0.363281,0.203917,0.058789,330.200012,3629.000000
2821.000000,-93.077560,0.047607,0.009449,0.444336,0.358398,0.203622,0.055642,214.139999,3670.000000
2822.000000,-105.478760,0.048340,0.010511,0.446533,0.361816,0.205448,0.056946,257.470001,3690.000000
2823.000000,-95.027405,0.047607,0.009651,0.447510,0.361572,0.205337,0.057581,213.500000,3687.000000
2824.000000,-121.462700,0.048584,0.009794,0.447998,0.366455,0.205219,0.058628,292.730011,3605.000000
2825.000000,-106.644409,0.048340,0.010615,0.445312,0.368164,0.202600,0.060051,261.679993,3630.000000
2826.000000,-103.287018,0.046143,0.009766,0.444824,0.366699,0.202687,0.058167,248.600006,3625.000000
2827.000000,-123.313309,0.046387,0.010362,0.441406,0.362793,0.201277,0.056807,318.559998,3695.000000
2828.000000,-112.633202,0.048340,0.012267,0.444824,0.365479,0.205015,0.058870,256.149994,3686.000000
2829.000000,-116.383171,0.050049,0.012689,0.444824,0.369141,0.204614,0.061098,283.170013,3658.000000
2830.000000,-102.466003,0.048340,0.011050,0.442871,0.366699,0.203551,0.060234,243.800003,3615.000000
2831.000000,-99.020851,0.049561,0.011224,0.447510,0.368652,0.206111,0.059287,249.160004,3619.000000
2832.000000,-111.973465,0.049316,0.011951,0.446777,0.364990,0.206203,0.058031,283.440002,3615.000000
2833.000000,-109.092812,0.049072,0.010504,0.449463,0.365723,0.207902,0.058636,273.559998,3626.000000
2834.000000,-115.712875,0.047607,0.010479,0.448486,0.362793,0.206792,0.056431,293.660004,3648.000000
2835.000000,-103.209038,0.046631,0.009545,0.447998,0.367432,0.204633,0.057732,246.279999,3641.000000
2836.000000,-125.685120,0.046875,0.009435,0.447021,0.368408,0.204392,0.057473,319.140015,3636.000000
2837.000000,-102.933723,0.046387,0.009378,0.447510,0.366455,0.203724,0.055843,236.660004,3629.000000
2838.000000,-89.141792,0.046387,0.010268,0.446289,0.363281,0.202861,0.053532,219.229996,3644.000000
2839.000000,-115.218491,0.045898,0.009968,0.446533,0.364990,0.202452,0.054554,280.720001,3675.000000
2840.000000,-127.061417,0.046387,0.010217,0.446533,0.364746,0.203685,0.054974,318.769989,3670.000000
2841.000000,-124.978027,0.046875,0.010632,0.446777,0.365234,0.203456,0.055490,313.320007,3661.000000
2842.000000,-112.615700,0.046143,0.011084,0.443604,0.363281,0.202019,0.056063,281.920013,3638.000000
2843.000000,-104.817657,0.044189,0.010007,0.442383,0.362793,0.201087,0.055809,252.000000,3640.000000
2844.000000,-114.923210,0.045898,0.010869,0.443115,0.366943,0.200635,0.060492,280.709991,3644.000000
2845.000000,-100.469971,0.045898,0.010862,0.446777,0.366455,0.204017,0.057646,252.399994,3641.000000
2846.000000,-130.747559,0.045410,0.009956,0.444580,0.365967,0.200560,0.055878,326.309998,3650.000000
2847.000000,-115.558823,0.045410,0.010567,0.444580,0.365723,0.201933,0.055017,291.350006,3653.000000
2848.000000,-96.637299,0.045654,0.010261,0.444580,0.364258,0.201280,0.053176,234.160004,3656.000000
2849.000000,-109.767174,0.045410,0.010413,0.444336,0.365723,0.201305,0.056212,271.929993,3671.000000
2850.000000,-120.077301,0.047119,0.011222,0.442871,0.370117,0.201512,0.058858,301.619995,3670.000000
2851.000000,-118.143982,0.045898,0.009970,0.443115,0.369629,0.202249,0.057826,275.299988,3655.000000
2852.000000,-121.003326,0.047363,0.011003,0.442871,0.375488,0.203739,0.060884,297.489990,3638.000000
2853.000000,-93.204102,0.048096,0.010909,0.443359,0.373047,0.203809,0.058406,224.160004,3622.000000
2854.000000,-124.078407,0.048828,0.011065,0.444824,0.369873,0.204275,0.057729,305.609985,3626.000000
2855.000000,-112.667648,0.048340,0.009834,0.445801,0.369873,0.204480,0.056441,275.359985,3637.000000
2856.000000,-109.968460,0.047363,0.008926,0.444580,0.369873,0.203222,0.056078,270.600006,3660.000000
2857.000000,-116.625465,0.045166,0.008675,0.438477,0.369873,0.198306,0.058141,282.619995,3650.000000
2858.000000,-116.726990,0.044922,0.009597,0.439209,0.370117,0.198753,0.057142,276.369995,3632.000000
2859.000000,-107.211540,0.045166,0.010114,0.439209,0.366211,0.198681,0.058017,267.450012,3647.000000
2860.000000,-111.153419,0.045410,0.010588,0.437500,0.368164,0.198159,0.061556,278.299988,3669.000000
2861.000000,-115.942009,0.044678,0.010480,0.438721,0.364990,0.199715,0.059362,276.230011,3671.000000
2862.000000,-113.576454,0.045166,0.010564,0.438232,0.364014,0.199242,0.059498,291.470001,3673.000000
2863.000000,-112.875504,0.045410,0.010308,0.438232,0.366943,0.199296,0.060890,281.779999,3669.000000
2864.000000,-110.719009,0.047363,0.011353,0.441406,0.366455,0.201917,0.059237,285.470001,3640.000000
2865.000000,-89.812057,0.049805,0.011865,0.443604,0.365479,0.203507,0.057257,204.750000,3644.000000
2866.000000,-103.131798,0.047363,0.010860,0.442383,0.363281,0.201225,0.057459,256.399994,3677.000000
2867.000000,-97.842163,0.047119,0.010370,0.437012,0.366211,0.198114,0.058956,239.169998,3688.000000
2868.000000,-95.543892,0.047363,0.010288,0.436279,0.366699,0.199273,0.060070,215.399994,3650.000000
2869.000000,-115.354225,0.049072,0.012022,0.437500,0.363525,0.201240,0.058692,296.429993,3655.000000
2870.000000,-151.191162,0.048340,0.011149,0.438721,0.367432,0.202522,0.060192,389.079987,3632.000000
2871.000000,-118.923080,0.047363,0.010655,0.440186,0.366699,0.202618,0.061439,301.149994,3636.000000
2872.000000,-100.162529,0.049316,0.012237,0.439697,0.368164,0.202016,0.060839,236.029999,3638.000000
2873.000000,-105.579033,0.048828,0.011250,0.442139,0.366455,0.203199,0.060064,242.050003,3640.000000
2874.000000,-117.559181,0.049316,0.011741,0.444580,0.364258,0.205820,0.060422,285.489990,3635.000000
2875.000000,-112.006332,0.052734,0.013142,0.447998,0.367676,0.208204,0.061768,276.769989,3629.000000
2876.000000,-111.725044,0.051270,0.012066,0.446289,0.363770,0.206160,0.059703,266.489990,3644.000000
2877.000000,-99.866707,0.050537,0.011863,0.445068,0.364990,0.203871,0.062080,244.449997,3629.000000
2878.000000,-110.465897,0.051514,0.013262,0.447754,0.368164,0.206633,0.064088,271.649994,3626.000000
2879.000000,-101.267700,0.049072,0.011968,0.444580,0.364990,0.203385,0.060213,246.119995,3675.000000
2880.000000,-96.415733,0.047607,0.011508,0.444092,0.364258,0.202568,0.061406,247.110001,3665.000000
2881.000000,-97.725082,0.044922,0.010692,0.442383,0.360107,0.200805,0.059960,224.089996,3581.000000
2882.000000,-107.529457,0.046875,0.012561,0.446777,0.362305,0.203827,0.062150,269.709991,3652.000000
2883.000000,-133.262177,0.046875,0.012464,0.444336,0.364258,0.202521,0.065381,344.450012,3647.000000
2884.000000,-112.937546,0.046143,0.013044,0.444824,0.367676,0.204207,0.066578,271.980011,3653.000000
2885.000000,-141.955383,0.045654,0.012879,0.444092,0.364014,0.204534,0.063982,350.420013,3661.000000
2886.000000,-79.203735,0.046387,0.012482,0.445068,0.364014,0.205096,0.062851,196.320007,3674.000000
2887.000000,-122.207085,0.045898,0.011481,0.446289,0.363037,0.205970,0.060781,309.779999,3649.000000
2888.000000,-94.047523,0.044922,0.010466,0.445557,0.364746,0.205155,0.063474,209.050003,3625.000000
2889.000000,-101.861229,0.047119,0.012203,0.448730,0.367432,0.208301,0.065363,258.100006,3635.000000
2890.000000,-87.224030,0.047852,0.012052,0.450439,0.365723,0.208500,0.062865,195.509995,3627.000000
2891.000000,-107.239960,0.046631,0.010620,0.450195,0.369141,0.207231,0.061682,257.489990,3661.000000
2892.000000,-109.705788,0.047607,0.011734,0.448486,0.364014,0.206934,0.059782,253.179993,3672.000000
2893.000000,-135.557648,0.046875,0.011457,0.444824,0.361084,0.205435,0.059604,341.899994,3637.000000
2894.000000,-108.658844,0.045654,0.011110,0.444336,0.363525,0.204654,0.060965,258.799988,3637.000000
2895.000000,-115.747955,0.045654,0.010957,0.443848,0.362305,0.203684,0.060886,288.809998,3644.000000
2896.000000,-111.391472,0.046387,0.011151,0.450195,0.367188,0.208582,0.061256,282.640015,3649.000000
2897.000000,-109.497383,0.047119,0.011721,0.448486,0.359375,0.206491,0.057098,278.779999,3634.000000
2898.000000,-114.603889,0.046143,0.011025,0.445068,0.356934,0.205548,0.057930,275.760010,3672.000000
2899.000000,-97.680595,0.046143,0.010788,0.447021,0.364746,0.207358,0.061579,233.210007,3689.000000
2900.000000,-108.194115,0.047363,0.010965,0.448486,0.368408,0.208829,0.064980,256.970001,3687.000000
2901.000000,-130.101700,0.048828,0.012378,0.447754,0.368164,0.208487,0.066142,335.329987,3718.000000
2902.000000,-98.616707,0.048096,0.011288,0.447754,0.361328,0.208828,0.062363,236.539993,3649.000000
2903.000000,-118.835800,0.049561,0.012151,0.447754,0.363037,0.207202,0.062740,276.260010,3627.000000
2904.000000,-105.951881,0.049561,0.012962,0.445312,0.365967,0.205868,0.065571,252.270004,3618.000000
2905.000000,-90.439240,0.047363,0.012225,0.444336,0.364990,0.204800,0.067141,219.809998,3629.000000
2906.000000,-102.984726,0.047607,0.011595,0.442627,0.367920,0.202713,0.067864,230.990005,3680.000000
2907.000000,-111.717941,0.047852,0.011395,0.444336,0.367676,0.204623,0.063261,282.220001,3665.000000
2908.000000,-99.638954,0.047119,0.011345,0.443115,0.362305,0.203744,0.059070,237.100006,3644.000000
2909.000000,-108.379723,0.047852,0.012271,0.442627,0.365234,0.203580,0.061797,267.480011,3638.000000
2910.000000,-125.212715,0.047119,0.011930,0.443359,0.366699,0.204966,0.063253,318.970001,3634.000000
2911.000000,-125.156754,0.045898,0.011138,0.441406,0.364502,0.203137,0.062679,273.549988,3645.000000
2912.000000,-108.026024,0.045410,0.011383,0.442627,0.363525,0.204397,0.061742,248.190002,3638.000000
2913.000000,-117.834618,0.046143,0.012212,0.442627,0.364990,0.204223,0.062255,301.690002,3631.000000
2914.000000,-110.043686,0.045410,0.011284,0.444336,0.365479,0.204678,0.063461,272.510010,3628.000000
2915.000000,-100.747772,0.046143,0.011834,0.442383,0.365234,0.203700,0.063770,249.009995,3627.000000
2916.000000,-131.371613,0.047363,0.012598,0.444824,0.362305,0.207680,0.063332,320.119995,3618.000000
2917.000000,-96.153351,0.047119,0.013037,0.446045,0.365967,0.209350,0.066757,233.610001,3623.000000
2918.000000,-102.788109,0.049316,0.013857,0.452148,0.371094,0.214257,0.067393,234.160004,3609.000000
2919.000000,-114.864037,0.049805,0.013750,0.448975,0.371582,0.211813,0.066678,286.109985,3606.000000
2920.000000,-118.865753,0.051270,0.013810,0.449463,0.372314,0.211714,0.068835,288.089996,3654.000000
2921.000000,-114.282089,0.050293,0.013081,0.449951,0.371826,0.211620,0.065249,291.299988,3625.000000
2922.000000,-94.103249,0.049561,0.013234,0.448730,0.365479,0.211175,0.062610,224.309998,3563.000000
2923.000000,-112.424156,0.050781,0.014028,0.449219,0.365479,0.210800,0.063373,272.390015,3545.000000
2924.000000,-104.910774,0.052734,0.014010,0.452881,0.365967,0.212047,0.062460,257.709991,3534.000000
2925.000000,-101.052620,0.052490,0.014480,0.449707,0.374023,0.210058,0.069325,247.240005,3571.000000
2926.000000,-95.555931,0.052002,0.013493,0.449707,0.372559,0.210574,0.067546,212.889999,3557.000000
2927.000000,-117.538086,0.052002,0.013495,0.448486,0.371582,0.208344,0.066349,269.920013,3542.000000
2928.000000,-117.996796,0.052979,0.013686,0.449463,0.370850,0.209282,0.064618,276.450012,3544.000000
2929.000000,-105.513649,0.052490,0.013615,0.448486,0.365967,0.210033,0.062723,258.250000,3539.000000
2930.000000,-116.966866,0.052734,0.013253,0.449707,0.370605,0.212368,0.064587,283.269989,3517.000000
2931.000000,-108.857483,0.051270,0.012806,0.447754,0.366699,0.211026,0.061186,273.339996,3601.000000
2932.000000,-120.304001,0.049805,0.012254,0.445068,0.364502,0.208775,0.061389,303.700012,3650.000000
2933.000000,-109.597099,0.051514,0.013339,0.447510,0.366699,0.211292,0.063827,276.290009,3674.000000
2934.000000,-136.654190,0.052002,0.013311,0.447998,0.363281,0.211002,0.060408,340.619995,3636.000000
2935.000000,-112.457657,0.050781,0.012404,0.445557,0.366211,0.209089,0.061402,283.329987,3588.000000
2936.000000,-109.455513,0.050537,0.011651,0.447021,0.371826,0.209779,0.063424,257.510010,3618.000000
2937.000000,-122.433220,0.048828,0.011626,0.442871,0.365723,0.207861,0.059980,287.390015,3642.000000
2938.000000,-97.289650,0.049316,0.011279,0.443115,0.364014,0.208259,0.057910,243.669998,3670.000000
2939.000000,-115.343689,0.049316,0.012079,0.446045,0.365234,0.210692,0.060327,297.730011,3632.000000
2940.000000,-112.950172,0.049561,0.011431,0.445557,0.369141,0.209178,0.062798,276.869995,3619.000000
2941.000000,-106.906464,0.050781,0.012618,0.446777,0.367676,0.210830,0.060929,258.130005,3632.000000
2942.000000,-101.476372,0.049316,0.011382,0.446289,0.363525,0.209544,0.059347,246.630005,3627.000000
2943.000000,-107.706055,0.048096,0.010892,0.443359,0.365479,0.207484,0.059743,283.329987,3619.000000
2944.000000,-115.719208,0.046875,0.009290,0.443604,0.362793,0.206118,0.058104,277.480011,3626.000000
2945.000000,-116.623901,0.049316,0.011175,0.447998,0.367188,0.208680,0.061244,275.309998,3549.000000
2946.000000,-118.396309,0.049805,0.011044,0.447998,0.364746,0.207004,0.059646,300.850006,3629.000000
2947.000000,-103.574440,0.051270,0.012712,0.444336,0.363770,0.204424,0.060428,247.589996,3633.000000
2948.000000,-110.255890,0.050537,0.013240,0.445312,0.362061,0.205976,0.059612,271.089996,3646.000000
2949.000000,-104.380981,0.048828,0.011624,0.443359,0.364258,0.204773,0.059790,254.020004,3619.000000
2950.000000,-115.266022,0.046875,0.010653,0.442139,0.363525,0.204323,0.061112,274.390015,3627.000000
2951.000000,-87.187454,0.048340,0.010737,0.444824,0.366455,0.204868,0.060471,202.820007,3634.000000
2952.000000,-106.918938,0.048340,0.011167,0.443604,0.365967,0.203682,0.060720,253.750000,3654.000000
2953.000000,-104.009315,0.049805,0.012286,0.444580,0.368164,0.203732,0.060804,249.539993,3655.000000
2954.000000,-110.066017,0.048828,0.010909,0.445068,0.370117,0.204695,0.061097,275.579987,3632.000000
2955.000000,-104.038338,0.049561,0.011513,0.442383,0.368652,0.202130,0.060571,245.139999,3626.000000
2956.000000,-111.248566,0.051270,0.012284,0.445312,0.371826,0.204511,0.062994,277.489990,3647.000000
2957.000000,-116.808228,0.049805,0.011660,0.444092,0.370361,0.203341,0.060637,291.589996,3657.000000
2958.000000,-122.905418,0.048340,0.011308,0.441895,0.374268,0.200987,0.062610,307.239990,3652.000000
2959.000000,-105.784958,0.050049,0.011815,0.443604,0.375977,0.200878,0.061595,248.809998,3671.000000
2960.000000,-107.114120,0.051514,0.012973,0.448242,0.375977,0.204017,0.060821,242.110001,3620.000000
2961.000000,-132.612854,0.050781,0.012963,0.445801,0.375977,0.203758,0.062216,343.660004,3671.000000
2962.000000,-126.574471,0.051270,0.012981,0.445557,0.379150,0.204200,0.062962,315.309998,3653.000000
2963.000000,-105.201393,0.050293,0.012025,0.446289,0.380859,0.205461,0.063000,267.230011,3664.000000
2964.000000,-105.227043,0.049805,0.012230,0.442871,0.379395,0.202364,0.062543,244.399994,3631.000000
2965.000000,-115.807594,0.049805,0.012204,0.438477,0.378662,0.199569,0.063060,305.019989,3679.000000
2966.000000,-137.001190,0.050537,0.012247,0.439209,0.379150,0.201044,0.061821,355.359985,3667.000000
2967.000000,-119.914886,0.050049,0.012352,0.436035,0.380127,0.200047,0.063532,320.779999,3660.000000
2968.000000,-122.972794,0.050293,0.011512,0.442383,0.381104,0.205675,0.063794,310.660004,3648.000000
2969.000000,-106.910156,0.050049,0.011398,0.444336,0.378418,0.205800,0.061001,240.869995,3670.000000
2970.000000,-102.416245,0.051025,0.012117,0.445312,0.375977,0.206162,0.060568,240.139999,3675.000000
2971.000000,-140.906357,0.051514,0.013125,0.444824,0.376221,0.207345,0.060907,360.399994,3673.000000
2972.000000,-126.454903,0.052490,0.012950,0.443604,0.376221,0.206450,0.060441,325.940002,3614.000000
2973.000000,-106.753471,0.052490,0.013043,0.445312,0.379395,0.207787,0.061161,253.020004,3639.000000
2974.000000,-99.806068,0.052979,0.013014,0.442139,0.377930,0.204980,0.060241,231.490005,3656.000000
2975.000000,-127.504807,0.052002,0.012285,0.442383,0.375244,0.204572,0.059357,312.910004,3639.000000
2976.000000,-118.560753,0.052002,0.012474,0.441650,0.374268,0.203760,0.059117,290.459991,3616.000000
2977.000000,-97.860123,0.051025,0.011475,0.440674,0.369629,0.203494,0.058527,243.970001,3650.000000
2978.000000,-112.614090,0.050049,0.011507,0.439941,0.372559,0.202290,0.060475,280.239990,3638.000000
2979.000000,-113.178017,0.049561,0.012004,0.441895,0.376221,0.203753,0.063034,255.589996,3623.000000
2980.000000,-119.158424,0.047119,0.010664,0.440674,0.371582,0.203437,0.059623,306.950012,3641.000000
2981.000000,-108.547218,0.045410,0.010299,0.436523,0.367920,0.201016,0.059074,277.279999,3644.000000
2982.000000,-112.594536,0.047363,0.011672,0.438965,0.370605,0.203742,0.060473,272.230011,3641.000000
2983.000000,-99.683823,0.046631,0.011558,0.441162,0.371826,0.205280,0.060315,247.970001,3671.000000
2984.000000,-123.072182,0.045898,0.010602,0.440918,0.372803,0.204040,0.061453,317.950012,3648.000000
2985.000000,-106.545715,0.046143,0.011022,0.441895,0.373779,0.204646,0.059382,241.600006,3630.000000
2986.000000,-120.007317,0.046875,0.011887,0.444824,0.374512,0.205178,0.060424,300.510010,3644.000000
2987.000000,-130.604416,0.047607,0.012214,0.447021,0.372803,0.206630,0.058128,309.489990,3650.000000
2988.000000,-127.317924,0.046387,0.011455,0.444336,0.372803,0.203382,0.057767,333.839996,3618.000000
2989.000000,-107.760719,0.045654,0.010945,0.447266,0.374023,0.205289,0.060591,253.669998,3622.000000
2990.000000,-115.253044,0.044678,0.010051,0.445801,0.376465,0.203806,0.061672,275.709991,3628.000000
2991.000000,-124.804298,0.043213,0.010012,0.443604,0.372070,0.202384,0.059169,307.420013,3672.000000
2992.000000,-113.548203,0.043945,0.010415,0.444580,0.371094,0.204004,0.058172,286.230011,3658.000000
2993.000000,-114.561264,0.045654,0.011851,0.445312,0.371094,0.205092,0.059123,261.040009,3655.000000
2994.000000,-129.756775,0.045654,0.011356,0.445557,0.373535,0.206507,0.061549,342.510010,3627.000000
2995.000000,-123.491898,0.044434,0.010058,0.445068,0.372314,0.206632,0.060674,318.040009,3625.000000
2996.000000,-118.112816,0.043945,0.010771,0.443115,0.368896,0.205865,0.062307,288.519989,3633.000000
2997.000000,-131.081696,0.044189,0.010663,0.446289,0.373779,0.208379,0.063152,344.239990,3624.000000
2998.000000,-136.377563,0.044434,0.010337,0.448242,0.373779,0.209530,0.062841,335.970001,3661.000000
2999.000000,-131.709366,0.042725,0.009966,0.443604,0.369141,0.207669,0.063405,340.920013,3631.000000
3000.000000,-113.834251,0.044189,0.010705,0.445312,0.370850,0.209956,0.062834,300.440002,3618.000000
3001.000000,-130.123322,0.045410,0.011170,0.447266,0.371582,0.212008,0.062020,312.130005,3612.000000
3002.000000,-108.627083,0.046143,0.011451,0.447266,0.369873,0.211682,0.062221,246.320007,3670.000000
3003.000000,-116.361603,0.047119,0.012130,0.446533,0.369873,0.211067,0.062041,286.040009,3649.000000
3004.000000,-123.918427,0.045410,0.011452,0.447266,0.369873,0.211768,0.061626,314.239990,3617.000000
3005.000000,-111.613464,0.045898,0.011453,0.449463,0.371582,0.211422,0.063607,267.739990,3631.000000
3006.000000,-110.119545,0.045166,0.011115,0.449707,0.373047,0.210605,0.064169,265.790009,3666.000000
3007.000000,-99.347115,0.045166,0.011106,0.452881,0.374023,0.212829,0.063579,250.850006,3657.000000
3008.000000,-100.587875,0.045410,0.012046,0.451416,0.370850,0.211089,0.063691,258.170013,3621.000000
3009.000000,-125.283638,0.045898,0.011785,0.453369,0.371582,0.212618,0.063131,312.160004,3525.000000
3010.000000,-118.409569,0.046387,0.011604,0.454590,0.375977,0.212764,0.065203,300.989990,3644.000000
3011.000000,-108.753845,0.046143,0.010648,0.453369,0.376709,0.210559,0.064767,266.670013,3614.000000
3012.000000,-113.264923,0.045166,0.010448,0.453125,0.373047,0.209633,0.062056,277.209991,3573.000000
3013.000000,-109.155724,0.044189,0.010773,0.452881,0.369385,0.210596,0.061105,264.470001,3601.000000
3014.000000,-114.848381,0.046143,0.012101,0.454834,0.368164,0.211281,0.061234,288.079987,3565.000000
3015.000000,-112.491493,0.045654,0.011096,0.456299,0.374023,0.211342,0.064265,252.979996,3579.000000
3016.000000,-98.489807,0.046387,0.010917,0.454590,0.375244,0.209225,0.065190,229.250000,3600.000000
3017.000000,-110.091782,0.046387,0.010338,0.456299,0.375244,0.210734,0.063723,286.899994,3612.000000
3018.000000,-88.743103,0.046875,0.010963,0.458008,0.374756,0.211247,0.063961,204.820007,3621.000000
3019.000000,-104.884537,0.047363,0.011260,0.460205,0.374268,0.211932,0.062293,269.399994,3604.000000
3020.000000,-117.216003,0.046387,0.010046,0.459473,0.376465,0.211433,0.063704,300.559998,3620.000000
3021.000000,-94.234009,0.045898,0.009974,0.461670,0.376953,0.212944,0.062556,225.889999,3647.000000
3022.000000,-119.202415,0.046631,0.011092,0.460449,0.378662,0.213077,0.063463,313.630005,3652.000000
3023.000000,-118.657776,0.044678,0.010367,0.457764,0.370361,0.210597,0.060007,300.510010,3602.000000
3024.000000,-90.162758,0.044922,0.010845,0.457031,0.372803,0.209927,0.061037,219.529999,3670.000000
3025.000000,-111.649055,0.044434,0.010577,0.456055,0.368408,0.209754,0.059745,280.190002,3661.000000
3026.000000,-95.193993,0.046875,0.010990,0.458740,0.371582,0.212367,0.060799,230.880005,3660.000000
3027.000000,-116.475235,0.045654,0.011780,0.457520,0.368896,0.210693,0.061205,304.290009,3644.000000
3028.000000,-108.386040,0.046143,0.011414,0.458008,0.367188,0.211486,0.060224,272.660004,3654.000000
3029.000000,-114.029343,0.045166,0.010579,0.455566,0.367676,0.208532,0.060393,269.000000,3610.000000
3030.000000,-106.999458,0.045654,0.011820,0.454102,0.367432,0.207661,0.061014,248.880005,3625.000000
3031.000000,-125.879951,0.043945,0.010205,0.457031,0.367188,0.211320,0.058804,318.070007,3617.000000
3032.000000,-101.779877,0.044189,0.010912,0.455322,0.362549,0.209495,0.058764,241.130005,3615.000000
3033.000000,-121.168411,0.044189,0.011340,0.455811,0.363037,0.210044,0.058179,300.359985,3603.000000
3034.000000,-93.404442,0.042969,0.010198,0.455566,0.363770,0.208155,0.057746,224.369995,3624.000000
3035.000000,-112.745171,0.042969,0.010224,0.456787,0.366455,0.211968,0.058456,285.980011,3682.000000
3036.000000,-100.661217,0.042969,0.011099,0.456787,0.369141,0.211283,0.059489,236.330002,3622.000000
3037.000000,-102.922882,0.043945,0.011522,0.458984,0.371826,0.211538,0.063339,239.020004,3635.000000
3038.000000,-99.370071,0.042969,0.010344,0.459229,0.371826,0.211028,0.061465,236.059998,3627.000000
3039.000000,-115.987556,0.042480,0.011095,0.459717,0.364502,0.211271,0.059334,294.980011,3623.000000
3040.000000,-118.675850,0.040771,0.009625,0.459229,0.361572,0.211833,0.058697,291.410004,3657.000000
3041.000000,-121.337563,0.041504,0.010002,0.460693,0.367188,0.210583,0.060836,302.609985,3607.000000
3042.000000,-99.193756,0.043213,0.010942,0.463379,0.371094,0.211411,0.061743,239.270004,3620.000000
3043.000000,-106.656601,0.043213,0.010376,0.463379,0.374023,0.210146,0.061795,244.440002,3618.000000
3044.000000,-126.346352,0.040283,0.008932,0.461670,0.367188,0.208531,0.057550,311.459991,3617.000000
3045.000000,-116.510506,0.039795,0.009576,0.458252,0.362061,0.206826,0.058025,288.010010,3591.000000
3046.000000,-110.184898,0.040039,0.009711,0.456543,0.364014,0.206153,0.058872,270.269989,3653.000000
3047.000000,-111.129227,0.041748,0.010506,0.458008,0.366455,0.208155,0.060482,258.730011,3651.000000
3048.000000,-117.621101,0.042725,0.010248,0.456543,0.372314,0.206361,0.063158,298.690002,3652.000000
3049.000000,-86.984612,0.041016,0.009787,0.456787,0.370850,0.205964,0.061085,198.070007,3632.000000
3050.000000,-108.872955,0.041016,0.009732,0.455811,0.364258,0.206010,0.058048,285.380005,3665.000000
3051.000000,-124.430878,0.042480,0.010454,0.458496,0.364258,0.208595,0.060189,295.250000,3643.000000
3052.000000,-109.551270,0.043457,0.010401,0.456299,0.368652,0.206447,0.060907,262.109985,3643.000000
3053.000000,-113.388084,0.043213,0.011111,0.458984,0.372559,0.208474,0.064106,277.070007,3622.000000
3054.000000,-114.455193,0.041260,0.009518,0.455322,0.371338,0.207139,0.060936,278.239990,3625.000000
3055.000000,-113.537277,0.041504,0.010081,0.454590,0.374023,0.206268,0.063390,271.170013,3666.000000
3056.000000,-125.759865,0.041504,0.009280,0.454590,0.371338,0.207543,0.060552,304.760010,3627.000000
3057.000000,-123.523979,0.043213,0.011470,0.457031,0.369385,0.210874,0.060330,298.980011,3613.000000
3058.000000,-121.578766,0.043945,0.010882,0.454102,0.369385,0.207584,0.060798,299.450012,3618.000000
3059.000000,-106.452438,0.044434,0.010125,0.457520,0.370361,0.209117,0.060340,254.419998,3635.000000
3060.000000,-104.726295,0.043945,0.009764,0.457275,0.371582,0.208677,0.060279,247.360001,3619.000000
3061.000000,-112.825233,0.045166,0.010894,0.460693,0.375244,0.211092,0.062941,286.920013,3609.000000
3062.000000,-109.871010,0.046875,0.011177,0.462646,0.378418,0.211329,0.062551,274.250000,3627.000000
3063.000000,-105.338379,0.048340,0.011422,0.465332,0.378418,0.212203,0.062298,250.470001,3623.000000
3064.000000,-112.711311,0.045166,0.010053,0.459717,0.371582,0.207742,0.058937,274.359985,3629.000000
3065.000000,-98.037735,0.046875,0.010458,0.459961,0.372070,0.207953,0.059477,222.779999,3667.000000
3066.000000,-128.603546,0.044922,0.009621,0.460205,0.372559,0.210002,0.058976,342.369995,3651.000000
3067.000000,-124.536133,0.046631,0.010994,0.462891,0.374268,0.212385,0.061255,317.619995,3645.000000
3068.000000,-108.169220,0.047119,0.010858,0.460938,0.370850,0.211147,0.057931,258.109985,3679.000000
3069.000000,-125.233444,0.046387,0.009282,0.459717,0.372803,0.210635,0.059233,332.829987,3659.000000
3070.000000,-131.125443,0.046875,0.009360,0.457764,0.370605,0.210135,0.058528,331.760010,3657.000000
3071.000000,-116.475983,0.047852,0.010718,0.454590,0.368164,0.208169,0.059213,285.290009,3663.000000
3072.000000,-116.637695,0.047363,0.009988,0.456299,0.367432,0.209645,0.058998,288.010010,3658.000000
3073.000000,-131.914948,0.047852,0.010604,0.456055,0.366699,0.209554,0.059149,338.540009,3541.000000
3074.000000,-114.352730,0.044922,0.009269,0.456299,0.365723,0.210200,0.058286,277.609985,3610.000000
3075.000000,-105.186546,0.047607,0.011237,0.455566,0.370605,0.210206,0.063540,264.149994,3625.000000
3076.000000,-99.736923,0.049072,0.012065,0.453369,0.370361,0.207405,0.061079,237.190002,3650.000000
3077.000000,-125.810493,0.046875,0.011104,0.450684,0.367188,0.207761,0.061455,302.200012,3642.000000
3078.000000,-120.554581,0.045654,0.010097,0.450195,0.365967,0.209887,0.059388,301.429993,3594.000000
3079.000000,-103.996658,0.046631,0.011073,0.453125,0.370117,0.211581,0.062158,249.789993,3670.000000
3080.000000,-94.980583,0.046143,0.010829,0.454590,0.369873,0.212229,0.060716,203.720001,3665.000000
3081.000000,-121.975632,0.046143,0.010410,0.454102,0.365967,0.211402,0.058453,297.250000,3673.000000
3082.000000,-112.987122,0.046143,0.010237,0.454102,0.367188,0.211969,0.059881,278.549988,3640.000000
3083.000000,-126.960068,0.046631,0.011234,0.453125,0.365723,0.212990,0.060103,334.609985,3674.000000
3084.000000,-115.069839,0.045166,0.010273,0.452881,0.362061,0.212139,0.057017,256.209991,3676.000000
3085.000000,-95.030548,0.046143,0.009713,0.455322,0.364014,0.213343,0.059325,213.080002,3672.000000
3086.000000,-104.112419,0.046631,0.009701,0.458740,0.364502,0.216191,0.058156,252.009995,3647.000000
3087.000000,-117.008850,0.046875,0.010490,0.456055,0.364746,0.213844,0.059218,295.750000,3640.000000
3088.000000,-121.680466,0.046387,0.010474,0.454346,0.364014,0.212789,0.060213,316.489990,3654.000000
3089.000000,-106.803673,0.046631,0.010682,0.452637,0.364502,0.209311,0.058838,255.869995,3679.000000
3090.000000,-124.393616,0.046631,0.010617,0.451416,0.363037,0.209292,0.059514,313.619995,3654.000000
3091.000000,-101.444069,0.045166,0.009754,0.452148,0.363525,0.209457,0.059222,256.339996,3677.000000
3092.000000,-135.221725,0.046387,0.010892,0.451904,0.360352,0.209079,0.057995,328.440002,3675.000000
3093.000000,-101.497520,0.045166,0.009533,0.450684,0.362305,0.207938,0.060909,240.710007,3681.000000
3094.000000,-110.733841,0.043457,0.009710,0.451172,0.366943,0.209106,0.063173,259.040009,3661.000000
3095.000000,-99.448486,0.041748,0.008916,0.452148,0.362549,0.209178,0.062151,252.479996,3669.000000
3096.000000,-111.702888,0.042725,0.010113,0.451172,0.365479,0.208551,0.061738,295.500000,3675.000000
3097.000000,-119.511536,0.040771,0.009218,0.446533,0.359375,0.205077,0.059163,303.690002,3670.000000
3098.000000,-119.314095,0.041504,0.009201,0.447266,0.361572,0.205777,0.060986,304.480011,3660.000000
3099.000000,-136.707047,0.041748,0.009512,0.446045,0.357910,0.206650,0.060883,330.190002,3660.000000
3100.000000,-100.186882,0.041504,0.010259,0.448242,0.357666,0.210191,0.061245,252.770004,3669.000000
3101.000000,-114.289742,0.041504,0.010279,0.447510,0.361572,0.209296,0.063223,271.029999,3675.000000
3102.000000,-115.456055,0.041992,0.010967,0.444824,0.359375,0.208292,0.062962,289.829987,3659.000000
3103.000000,-125.019333,0.042236,0.010721,0.445312,0.360840,0.208255,0.061182,312.720001,3640.000000
3104.000000,-87.419968,0.043701,0.011484,0.448730,0.363281,0.210581,0.063905,201.979996,3627.000000
3105.000000,-122.017738,0.041992,0.010404,0.445557,0.361816,0.206760,0.063058,310.190002,3630.000000
3106.000000,-121.376343,0.042480,0.010858,0.443848,0.361328,0.206293,0.063967,309.970001,3629.000000
3107.000000,-110.966080,0.043457,0.010952,0.442139,0.363770,0.203890,0.064186,266.440002,3606.000000
3108.000000,-113.644928,0.042969,0.011545,0.443848,0.365723,0.205815,0.066905,279.790009,3664.000000
3109.000000,-102.464996,0.040283,0.009989,0.444336,0.365723,0.206223,0.067354,249.330002,3674.000000
3110.000000,-86.619621,0.041504,0.010303,0.448730,0.369629,0.208670,0.067306,197.559998,3660.000000
3111.000000,-130.361832,0.041016,0.009534,0.450684,0.366943,0.209020,0.065073,339.640015,3633.000000
3112.000000,-118.049492,0.042236,0.010517,0.451904,0.371094,0.208808,0.065604,291.570007,3649.000000
3113.000000,-121.015556,0.041016,0.010295,0.449707,0.367676,0.208268,0.063549,302.649994,3634.000000
3114.000000,-98.914543,0.041016,0.010772,0.448242,0.367676,0.205532,0.063830,238.460007,3637.000000
3115.000000,-112.087898,0.041992,0.011589,0.447266,0.370361,0.204333,0.065598,267.029999,3582.000000
3116.000000,-107.780525,0.043213,0.011191,0.446289,0.372803,0.204943,0.063904,267.869995,3629.000000
3117.000000,-107.009674,0.042725,0.011079,0.444092,0.370605,0.203879,0.061760,254.600006,3643.000000
3118.000000,-111.607872,0.042969,0.010829,0.442627,0.371338,0.202648,0.062143,268.980011,3642.000000
3119.000000,-119.693558,0.043213,0.010002,0.443359,0.370605,0.202747,0.059890,294.940002,3597.000000
3120.000000,-103.112770,0.041260,0.009820,0.444336,0.364502,0.202715,0.057831,248.199997,3640.000000
3121.000000,-124.030190,0.042725,0.011367,0.441162,0.366455,0.199881,0.061229,322.279999,3647.000000
3122.000000,-93.669685,0.042969,0.011074,0.441406,0.366943,0.200640,0.060241,227.509995,3674.000000
3123.000000,-117.877388,0.043213,0.011064,0.439941,0.368652,0.199236,0.060401,297.679993,3629.000000
3124.000000,-119.112457,0.043213,0.010931,0.439697,0.366943,0.199763,0.059518,288.670013,3645.000000
3125.000000,-123.539597,0.041992,0.009655,0.435303,0.364502,0.195507,0.056850,322.799988,3671.000000
3126.000000,-89.402481,0.043213,0.010662,0.435059,0.362793,0.196101,0.058235,194.929993,3681.000000
3127.000000,-104.362671,0.042480,0.009953,0.438232,0.364746,0.199008,0.060057,261.269989,3652.000000
3128.000000,-131.417221,0.042236,0.010135,0.435303,0.367676,0.197316,0.061007,323.320007,3642.000000
3129.000000,-108.677704,0.041992,0.009961,0.433350,0.364014,0.195747,0.059812,260.500000,3656.000000
3130.000000,-101.912804,0.042236,0.009350,0.435791,0.366211,0.197556,0.060297,238.770004,3665.000000
3131.000000,-101.788910,0.042480,0.008297,0.436523,0.363770,0.196276,0.057192,240.679993,3648.000000
3132.000000,-84.159248,0.042236,0.009058,0.436523,0.367920,0.196694,0.061371,186.110001,3666.000000
3133.000000,-124.119133,0.042480,0.008981,0.434082,0.364014,0.194611,0.056879,324.779999,3671.000000
3134.000000,-101.457558,0.041504,0.008997,0.434326,0.359619,0.195742,0.054581,245.250000,3641.000000
3135.000000,-111.512978,0.044678,0.010561,0.436768,0.362305,0.198566,0.057695,280.850006,3641.000000
3136.000000,-100.374115,0.045410,0.010351,0.436035,0.359619,0.197799,0.054756,237.419998,3674.000000
3137.000000,-112.492836,0.043701,0.009306,0.433350,0.364258,0.195406,0.059989,277.000000,3563.000000
3138.000000,-121.798149,0.045166,0.010958,0.430176,0.364258,0.195864,0.059320,300.470001,3645.000000
3139.000000,-122.885971,0.044922,0.010024,0.430664,0.357666,0.196182,0.056686,320.929993,3629.000000
3140.000000,-121.774391,0.045410,0.010935,0.429443,0.360107,0.195711,0.060399,298.760010,3652.000000
3141.000000,-86.585808,0.044678,0.009928,0.431152,0.362061,0.197085,0.060462,199.619995,3647.000000
3142.000000,-101.890862,0.044434,0.010148,0.433350,0.362061,0.199520,0.060039,250.139999,3637.000000
3143.000000,-115.830666,0.046387,0.011180,0.435791,0.364014,0.201657,0.059348,286.959991,3625.000000
3144.000000,-88.612785,0.046387,0.010470,0.441650,0.366699,0.204803,0.060043,211.850006,3698.000000
3145.000000,-106.569862,0.045166,0.010325,0.435791,0.364990,0.199198,0.058207,263.890015,3665.000000
3146.000000,-119.594604,0.044434,0.010362,0.435303,0.368652,0.199955,0.061201,293.019989,3676.000000
3147.000000,-103.677071,0.041992,0.009180,0.434082,0.363525,0.198862,0.058494,251.110001,3654.000000
3148.000000,-123.181541,0.042236,0.010041,0.437744,0.363525,0.202926,0.059525,309.100006,3658.000000
3149.000000,-95.026588,0.042236,0.009588,0.438965,0.362793,0.203491,0.058773,221.389999,3621.000000
3150.000000,-120.155556,0.041260,0.009158,0.438721,0.365723,0.204166,0.059566,289.109985,3628.000000
3151.000000,-97.317070,0.042480,0.009976,0.437256,0.370117,0.201241,0.061489,237.720001,3614.000000
3152.000000,-97.915443,0.043945,0.011280,0.441162,0.370361,0.204730,0.063448,236.570007,3630.000000
3153.000000,-111.615120,0.044189,0.010099,0.439209,0.368896,0.203730,0.061759,267.089996,3645.000000
3154.000000,-112.458008,0.043457,0.009291,0.439453,0.366943,0.203720,0.059636,276.059998,3711.000000
3155.000000,-137.593536,0.044434,0.010265,0.437988,0.367920,0.203947,0.059026,345.829987,3687.000000
3156.000000,-114.447662,0.044434,0.010631,0.437988,0.369141,0.203564,0.061480,281.709991,3613.000000
3157.000000,-107.052864,0.043701,0.009996,0.439209,0.367920,0.202641,0.060774,258.559998,3649.000000
3158.000000,-110.254868,0.044678,0.009591,0.440430,0.365234,0.202844,0.059068,281.230011,3629.000000
3159.000000,-111.451317,0.044434,0.010240,0.442383,0.369141,0.204940,0.060162,276.059998,3620.000000
3160.000000,-106.803146,0.044434,0.009780,0.441406,0.368652,0.205901,0.059871,256.720001,3614.000000
3161.000000,-113.310165,0.046875,0.011956,0.444092,0.369873,0.207902,0.059789,263.010010,3632.000000
3162.000000,-99.427193,0.047363,0.011553,0.445801,0.371826,0.210065,0.060459,253.839996,3636.000000
3163.000000,-107.089531,0.045410,0.010537,0.442627,0.370361,0.208075,0.059157,264.459991,3623.000000
3164.000000,-112.601768,0.045166,0.010674,0.447021,0.371338,0.212207,0.061102,273.929993,3626.000000
3165.000000,-120.507545,0.045410,0.010241,0.446533,0.369385,0.211034,0.059266,293.239990,3680.000000
3166.000000,-119.613808,0.045166,0.010536,0.445557,0.367432,0.210556,0.058972,295.709991,3653.000000
3167.000000,-124.812546,0.047607,0.012945,0.445801,0.368896,0.210122,0.060490,319.570007,3652.000000
3168.000000,-119.895363,0.048340,0.011899,0.446533,0.370361,0.210810,0.060765,302.579987,3593.000000
3169.000000,-130.731628,0.048340,0.012223,0.446045,0.371826,0.209722,0.060692,346.940002,3642.000000
3170.000000,-108.988564,0.048340,0.011810,0.443604,0.370850,0.207460,0.061863,274.549988,3645.000000
3171.000000,-103.198097,0.047852,0.010762,0.444824,0.372070,0.207708,0.061571,261.450012,3650.000000
3172.000000,-95.551147,0.045410,0.009864,0.445557,0.370850,0.207311,0.060443,209.529999,3622.000000
3173.000000,-124.358604,0.045898,0.009938,0.445801,0.372803,0.205729,0.061992,330.070007,3671.000000
3174.000000,-117.057755,0.046143,0.011138,0.442871,0.372314,0.204179,0.062317,281.260010,3670.000000
3175.000000,-131.084381,0.046143,0.010923,0.444092,0.369873,0.206641,0.062292,320.929993,3662.000000
3176.000000,-126.000092,0.046387,0.010695,0.445312,0.371582,0.207358,0.062662,299.309998,3560.000000
3177.000000,-120.000870,0.046875,0.011674,0.444092,0.371094,0.205555,0.063852,289.989990,3700.000000
3178.000000,-99.743492,0.045654,0.011581,0.442871,0.371582,0.204685,0.063208,238.529999,3645.000000
3179.000000,-104.173523,0.045898,0.010893,0.445557,0.373535,0.207328,0.063004,254.979996,3625.000000
3180.000000,-97.467026,0.045654,0.011970,0.445312,0.370850,0.206989,0.061556,244.630005,3580.000000
3181.000000,-125.466888,0.045410,0.011044,0.445557,0.373291,0.206945,0.061831,316.579987,3633.000000
3182.000000,-100.823174,0.046631,0.011614,0.444336,0.371826,0.205900,0.061166,234.800003,3637.000000
3183.000000,-116.047409,0.046875,0.011977,0.443848,0.372803,0.205139,0.061011,292.309998,3626.000000
3184.000000,-101.448341,0.048584,0.012595,0.444580,0.375000,0.204452,0.062034,246.169998,3611.000000
3185.000000,-95.237099,0.045410,0.011852,0.441895,0.376465,0.202374,0.064268,243.429993,3650.000000
3186.000000,-114.132088,0.045166,0.012085,0.443848,0.375000,0.205133,0.062803,277.339996,3602.000000
3187.000000,-111.364326,0.045654,0.011646,0.444580,0.375000,0.204640,0.062578,266.540009,3611.000000
3188.000000,-110.359886,0.045898,0.011677,0.443848,0.373535,0.203426,0.062478,267.369995,3650.000000
3189.000000,-118.358910,0.045166,0.011521,0.443359,0.375244,0.203474,0.061978,287.850006,3676.000000
3190.000000,-101.801056,0.045410,0.011770,0.446045,0.373779,0.204964,0.061785,235.399994,3662.000000
3191.000000,-109.825424,0.044922,0.010933,0.447998,0.373291,0.206067,0.062107,276.440002,3675.000000
3192.000000,-106.771011,0.045898,0.011289,0.451416,0.374023,0.208085,0.061160,253.399994,3646.000000
3193.000000,-119.618752,0.045654,0.011297,0.448486,0.376709,0.205298,0.063335,297.859985,3671.000000
3194.000000,-113.121147,0.046631,0.011917,0.451172,0.378174,0.207468,0.063912,299.239990,3679.000000
3195.000000,-123.726059,0.046387,0.011238,0.451172,0.372314,0.205999,0.059167,305.279999,3679.000000
3196.000000,-117.511398,0.044189,0.010148,0.446045,0.368408,0.201820,0.057534,280.269989,3670.000000
3197.000000,-119.105728,0.043945,0.010338,0.444580,0.368408,0.201067,0.058632,298.549988,3685.000000
3198.000000,-114.164795,0.042725,0.009490,0.445312,0.370850,0.201945,0.059567,274.820007,3639.000000
3199.000000,-118.352692,0.041504,0.009162,0.445557,0.370117,0.202588,0.059757,293.850006,3655.000000
3200.000000,-130.246307,0.042969,0.009566,0.446533,0.371582,0.202369,0.060956,311.450012,3634.000000
3201.000000,-125.761696,0.042725,0.009423,0.446533,0.366211,0.202157,0.059024,322.950012,3536.000000
3202.000000,-99.529297,0.043457,0.009676,0.444336,0.368408,0.200120,0.060102,242.259995,3638.000000
3203.000000,-124.399742,0.044434,0.010723,0.444336,0.373779,0.200293,0.064028,315.079987,3660.000000
3204.000000,-136.619873,0.044678,0.010977,0.443604,0.371582,0.199703,0.061827,358.079987,3647.000000
3205.000000,-89.422928,0.046631,0.011851,0.445557,0.374023,0.202258,0.061192,212.750000,3681.000000
3206.000000,-112.745293,0.046387,0.011092,0.442871,0.370605,0.198776,0.060791,280.000000,3618.000000
3207.000000,-120.944191,0.046631,0.011779,0.446777,0.370605,0.201157,0.060454,306.880005,3661.000000
3208.000000,-120.434013,0.049316,0.014190,0.449951,0.371094,0.203362,0.061291,309.640015,3609.000000
3209.000000,-93.591751,0.047363,0.011649,0.445068,0.373047,0.199157,0.060912,218.570007,3670.000000
3210.000000,-124.351692,0.047607,0.012552,0.447021,0.370605,0.201629,0.060619,311.359985,3649.000000
3211.000000,-105.074745,0.046143,0.011859,0.445557,0.370605,0.199624,0.061326,253.710007,3654.000000
3212.000000,-117.292931,0.045166,0.011809,0.445068,0.371338,0.198309,0.063347,281.519989,3667.000000
3213.000000,-120.849144,0.045410,0.011849,0.442139,0.370605,0.196649,0.062851,299.239990,3641.000000
3214.000000,-109.100792,0.045654,0.011082,0.441406,0.370117,0.195621,0.060640,252.580002,3659.000000
3215.000000,-125.617851,0.045654,0.011481,0.440186,0.369385,0.195210,0.061374,321.440002,3630.000000
3216.000000,-129.008453,0.045898,0.011646,0.441406,0.366943,0.195966,0.059350,310.390015,3630.000000
3217.000000,-109.802994,0.043701,0.010551,0.437012,0.367188,0.192548,0.060914,272.029999,3691.000000
3218.000000,-102.932892,0.045166,0.011443,0.437744,0.371338,0.193054,0.065681,245.000000,3623.000000
3219.000000,-111.266556,0.045166,0.011429,0.441406,0.372559,0.196703,0.064560,278.480011,3613.000000
3220.000000,-101.847076,0.046875,0.011775,0.442139,0.368652,0.197513,0.061134,243.070007,3651.000000
3221.000000,-124.692734,0.048828,0.013331,0.445557,0.374268,0.200518,0.064329,319.070007,3618.000000
3222.000000,-134.336166,0.049072,0.013140,0.446533,0.372803,0.201281,0.064186,330.670013,3614.000000
3223.000000,-145.175995,0.049072,0.012756,0.444336,0.372314,0.200624,0.066210,370.790009,3602.000000
3224.000000,-130.748840,0.049561,0.013093,0.441650,0.372070,0.199558,0.063870,320.160004,3608.000000
3225.000000,-100.338318,0.049072,0.012443,0.440674,0.369873,0.198769,0.062607,249.300003,3636.000000
3226.000000,-106.622864,0.048828,0.011791,0.441895,0.368652,0.200435,0.061792,258.559998,3619.000000
3227.000000,-119.038536,0.048584,0.011756,0.440186,0.369629,0.199690,0.062274,303.519989,3650.000000
3228.000000,-102.903137,0.047852,0.011086,0.438965,0.373047,0.198803,0.065614,244.630005,3657.000000
3229.000000,-104.332062,0.047363,0.011284,0.437500,0.370850,0.199809,0.064522,249.399994,3624.000000
3230.000000,-94.338264,0.048828,0.012054,0.437744,0.375000,0.199790,0.067251,205.949997,3624.000000
3231.000000,-146.289352,0.048828,0.011487,0.437256,0.370850,0.199852,0.063972,377.489990,3644.000000
3232.000000,-118.761322,0.048096,0.011734,0.435059,0.367432,0.198330,0.064260,280.540009,3666.000000
3233.000000,-95.332275,0.048340,0.011755,0.439209,0.371094,0.201660,0.066076,228.419998,3637.000000
3234.000000,-96.434288,0.048096,0.012212,0.437744,0.369629,0.199702,0.065059,227.820007,3658.000000
3235.000000,-102.213753,0.048096,0.011640,0.439209,0.371582,0.201235,0.063713,252.440002,3631.000000
3236.000000,-113.087074,0.048096,0.011129,0.440186,0.367920,0.201680,0.060430,273.339996,3671.000000
3237.000000,-99.668556,0.048828,0.011561,0.441650,0.371094,0.202325,0.061527,247.229996,3638.000000
3238.000000,-115.650223,0.047852,0.011355,0.441162,0.369141,0.203506,0.061273,274.880005,3657.000000
3239.000000,-102.070663,0.045410,0.010641,0.437500,0.365967,0.200331,0.059386,244.600006,3628.000000
3240.000000,-99.244118,0.046143,0.010994,0.440674,0.369385,0.201596,0.061235,231.360001,3644.000000
3241.000000,-142.930817,0.046387,0.011085,0.439453,0.370605,0.200897,0.060996,360.269989,3640.000000
3242.000000,-99.488243,0.046387,0.011052,0.439941,0.366455,0.201916,0.059939,241.740005,3633.000000
3243.000000,-110.227165,0.045898,0.011215,0.439453,0.368652,0.200821,0.062097,267.489990,3633.000000
3244.000000,-120.354057,0.043945,0.010701,0.433594,0.366699,0.196540,0.061189,325.829987,3646.000000
3245.000000,-123.201096,0.044922,0.011374,0.435059,0.373779,0.197822,0.064681,314.829987,3650.000000
3246.000000,-115.373405,0.045410,0.011355,0.437500,0.372070,0.199897,0.062035,274.079987,3650.000000
3247.000000,-103.826256,0.044434,0.011024,0.436523,0.370850,0.198456,0.061438,248.929993,3599.000000
3248.000000,-98.495377,0.042969,0.010456,0.433350,0.368164,0.194558,0.061520,232.940002,3626.000000
3249.000000,-132.839493,0.042969,0.010970,0.430908,0.370850,0.193269,0.061552,346.660004,3628.000000
3250.000000,-107.920563,0.043945,0.010940,0.431885,0.374512,0.194260,0.064073,259.640015,3647.000000
3251.000000,-121.028419,0.043945,0.010368,0.433594,0.377686,0.195312,0.063183,290.799988,3656.000000
3252.000000,-100.250542,0.043213,0.009498,0.432617,0.374756,0.195309,0.060718,239.440002,3662.000000
3253.000000,-119.768997,0.043945,0.010222,0.432373,0.370361,0.196249,0.057243,290.649994,3722.000000
3254.000000,-148.104584,0.044189,0.009250,0.429932,0.372070,0.195156,0.059153,394.160004,3729.000000
3255.000000,-88.641693,0.046143,0.009845,0.434082,0.377197,0.197294,0.063247,200.679993,3647.000000
3256.000000,-98.749611,0.045654,0.010000,0.437012,0.378418,0.198589,0.064583,241.399994,3709.000000
3257.000000,-96.444031,0.046387,0.010172,0.439941,0.379883,0.201349,0.063795,225.610001,3702.000000
3258.000000,-96.192749,0.045166,0.009607,0.440918,0.374268,0.201375,0.059339,227.100006,3667.000000
3259.000000,-118.125610,0.044434,0.008844,0.440674,0.375000,0.200914,0.058922,304.359985,3601.000000
3260.000000,-105.561287,0.044189,0.008688,0.441406,0.371094,0.203283,0.055777,250.820007,3670.000000
3261.000000,-121.490608,0.043945,0.008733,0.442139,0.371582,0.203881,0.055505,312.670013,3641.000000
3262.000000,-124.674934,0.043945,0.009190,0.444092,0.376953,0.205530,0.060029,315.049988,3632.000000
3263.000000,-119.734756,0.042969,0.008263,0.439453,0.375977,0.201905,0.057774,319.489990,3617.000000
3264.000000,-132.953781,0.041748,0.007809,0.434326,0.373535,0.197032,0.056939,322.559998,3627.000000
3265.000000,-109.841202,0.040039,0.007624,0.429688,0.371582,0.193641,0.055425,277.529999,3540.000000
3266.000000,-111.733841,0.039795,0.007321,0.430908,0.369385,0.194895,0.053760,264.290009,3639.000000
3267.000000,-108.684357,0.039062,0.007827,0.429199,0.370361,0.195706,0.055802,274.910004,3618.000000
3268.000000,-115.971107,0.040527,0.008787,0.428955,0.375488,0.195938,0.058429,294.369995,3638.000000
3269.000000,-118.961906,0.039551,0.008549,0.428223,0.374756,0.195199,0.058762,285.510010,3631.000000
3270.000000,-111.457008,0.039062,0.008623,0.429443,0.372803,0.197248,0.058006,269.250000,3636.000000
3271.000000,-124.784920,0.039551,0.008825,0.432129,0.368896,0.200122,0.056456,294.640015,3620.000000
3272.000000,-114.700974,0.038818,0.008709,0.431885,0.368164,0.199280,0.056247,272.299988,3619.000000
3273.000000,-114.944939,0.038818,0.009333,0.434082,0.368652,0.202222,0.059029,270.029999,3651.000000
3274.000000,-116.430458,0.040527,0.009924,0.431885,0.369629,0.200295,0.058281,278.140015,3626.000000
3275.000000,-109.388222,0.040771,0.010331,0.428711,0.367432,0.198988,0.059019,271.100006,3608.000000
3276.000000,-121.448479,0.041016,0.010417,0.428223,0.368164,0.199889,0.060354,288.549988,3606.000000
3277.000000,-117.077972,0.039795,0.009389,0.428467,0.364746,0.199920,0.059258,284.350006,3604.000000
3278.000000,-102.214622,0.042480,0.011179,0.429932,0.368164,0.200372,0.061769,253.880005,3612.000000
3279.000000,-131.381897,0.043213,0.010445,0.431641,0.372803,0.201426,0.063260,330.880005,3582.000000
3280.000000,-96.964424,0.045654,0.012228,0.431885,0.375732,0.201096,0.063250,222.820007,3560.000000
3281.000000,-126.937073,0.044189,0.011126,0.432861,0.373779,0.201150,0.062126,333.929993,3532.000000
3282.000000,-116.177490,0.044922,0.011670,0.432129,0.371826,0.200846,0.061579,288.829987,3481.000000
3283.000000,-110.397530,0.044434,0.011253,0.432861,0.370117,0.202489,0.061259,255.899994,3533.000000
3284.000000,-104.306419,0.044189,0.011485,0.433105,0.371094,0.203435,0.061968,243.929993,3543.000000
3285.000000,-115.140984,0.044922,0.011299,0.435547,0.373535,0.204254,0.063560,270.619995,3557.000000
3286.000000,-67.680214,0.045410,0.010615,0.438232,0.369873,0.205282,0.059638,124.279999,3578.000000
3287.000000,-111.378693,0.046631,0.011544,0.439453,0.376465,0.205252,0.063548,264.380005,3624.000000
3288.000000,-120.988708,0.046387,0.010910,0.439453,0.376465,0.205756,0.060971,319.290009,3627.000000
3289.000000,-113.175224,0.046631,0.011065,0.437988,0.372803,0.204084,0.059935,287.359985,3622.000000
3290.000000,-97.430565,0.047363,0.011985,0.439941,0.374023,0.205355,0.061334,216.139999,3604.000000
3291.000000,-98.978638,0.046631,0.011360,0.436279,0.374268,0.201310,0.061580,242.389999,3678.000000
3292.000000,-127.640358,0.046875,0.010953,0.434570,0.375244,0.200176,0.062686,317.820007,3669.000000
3293.000000,-132.224854,0.046631,0.011032,0.436035,0.375977,0.200698,0.062395,340.010010,3644.000000
3294.000000,-127.808296,0.047852,0.012005,0.436523,0.377686,0.200930,0.062298,322.790009,3642.000000
3295.000000,-103.745178,0.046631,0.011111,0.437744,0.374023,0.203355,0.061108,247.149994,3649.000000
3296.000000,-95.255669,0.046875,0.010399,0.437744,0.371094,0.201991,0.059635,226.679993,3657.000000
3297.000000,-116.836494,0.046143,0.009414,0.434570,0.369873,0.201799,0.060007,292.420013,3669.000000
3298.000000,-137.828369,0.046143,0.009034,0.431396,0.367676,0.198407,0.057659,374.149994,3648.000000
3299.000000,-139.828979,0.045410,0.008610,0.431396,0.364746,0.197655,0.058781,347.309998,3650.000000
3300.000000,-126.509636,0.046387,0.009041,0.431641,0.370850,0.196524,0.060872,307.940002,3638.000000
3301.000000,-87.510384,0.045166,0.008487,0.430420,0.373779,0.195652,0.061894,210.369995,3648.000000
3302.000000,-115.948921,0.042969,0.007862,0.427002,0.370361,0.194178,0.062031,292.250000,3658.000000
3303.000000,-109.689674,0.042480,0.008284,0.428223,0.372314,0.195894,0.063323,280.570007,3634.000000
3304.000000,-98.438225,0.043213,0.008915,0.429443,0.374023,0.197490,0.062173,233.229996,3665.000000
3305.000000,-93.429146,0.042480,0.007823,0.430420,0.371094,0.197824,0.059082,220.720001,3633.000000
3306.000000,-103.594154,0.042725,0.008365,0.427734,0.368652,0.195841,0.057861,255.949997,3661.000000
3307.000000,-107.709679,0.042480,0.008520,0.429199,0.366943,0.198247,0.056488,251.460007,3646.000000
3308.000000,-111.005478,0.041748,0.008138,0.426514,0.371094,0.195399,0.059195,275.570007,3655.000000
3309.000000,-100.709831,0.041504,0.008204,0.427490,0.377686,0.196839,0.060220,244.839996,3662.000000
3310.000000,-98.905312,0.039795,0.008767,0.427246,0.373779,0.197580,0.060076,237.690002,3619.000000
3311.000000,-101.791290,0.040771,0.009010,0.426758,0.368408,0.196722,0.057954,246.639999,3646.000000
3312.000000,-98.665680,0.041992,0.009442,0.428955,0.374268,0.197458,0.060657,242.669998,3617.000000
3313.000000,-108.788017,0.041504,0.009452,0.425293,0.375977,0.194878,0.063623,265.600006,3611.000000
3314.000000,-113.164070,0.042480,0.009147,0.427734,0.380127,0.197189,0.064058,275.239990,3628.000000
3315.000000,-112.626694,0.043213,0.008925,0.430176,0.377930,0.197489,0.059599,284.320007,3629.000000
3316.000000,-101.162804,0.042969,0.008445,0.430664,0.376465,0.198184,0.059445,247.070007,3650.000000
3317.000000,-127.292694,0.044678,0.009492,0.434082,0.382080,0.200694,0.063056,329.570007,3660.000000
3318.000000,-131.794342,0.044922,0.009996,0.433105,0.379639,0.199984,0.059364,320.320007,3638.000000
3319.000000,-119.947884,0.045410,0.008988,0.430908,0.379150,0.197138,0.059053,305.380005,3647.000000
3320.000000,-98.947372,0.046387,0.009098,0.432617,0.376221,0.195623,0.057296,228.830002,3671.000000
3321.000000,-125.151283,0.044678,0.008475,0.434082,0.377441,0.196076,0.059129,303.320007,3665.000000
3322.000000,-78.671272,0.044678,0.009130,0.436768,0.378174,0.197908,0.059737,165.630005,3639.000000
3323.000000,-106.084885,0.045654,0.009069,0.440674,0.382324,0.199154,0.061136,255.110001,3611.000000
3324.000000,-123.328011,0.047119,0.009369,0.445068,0.382568,0.201178,0.060015,320.760010,3637.000000
3325.000000,-94.151070,0.047607,0.009596,0.443848,0.379395,0.198958,0.059017,237.869995,3633.000000
3326.000000,-143.587860,0.048096,0.009058,0.443848,0.376221,0.198675,0.056547,347.700012,3633.000000
3327.000000,-100.611679,0.048340,0.009190,0.444824,0.374268,0.198431,0.055668,233.660004,3605.000000
3328.000000,-114.731323,0.049072,0.009678,0.443848,0.376221,0.198057,0.057753,283.690002,3631.000000
3329.000000,-115.389755,0.052002,0.012093,0.447266,0.378906,0.202159,0.058409,281.519989,3545.000000
3330.000000,-96.676399,0.050293,0.010830,0.443604,0.381348,0.199058,0.060031,221.259995,3634.000000
3331.000000,-113.331017,0.049805,0.011079,0.439941,0.374512,0.196994,0.056630,271.329987,3617.000000
3332.000000,-114.268761,0.050293,0.010528,0.442871,0.375977,0.198472,0.056184,286.119995,3680.000000
3333.000000,-105.081604,0.049072,0.010081,0.441650,0.376221,0.198268,0.057541,266.619995,3681.000000
3334.000000,-124.890007,0.047363,0.010230,0.438232,0.378174,0.196873,0.059290,297.959991,3655.000000
3335.000000,-116.448364,0.046875,0.009927,0.441162,0.375000,0.201010,0.059175,288.940002,3666.000000
3336.000000,-100.861885,0.046387,0.010818,0.437744,0.369629,0.198754,0.056447,244.899994,3667.000000
3337.000000,-117.119537,0.047363,0.012222,0.437256,0.367188,0.200408,0.057030,303.660004,3636.000000
3338.000000,-113.845245,0.046631,0.011077,0.435547,0.371582,0.198467,0.058969,277.790009,3613.000000
3339.000000,-102.631905,0.046143,0.011687,0.435303,0.371338,0.199562,0.060097,241.940002,3613.000000
3340.000000,-131.033401,0.047363,0.011609,0.436523,0.373535,0.199151,0.059995,331.760010,3621.000000
3341.000000,-104.183090,0.047119,0.010597,0.438721,0.374512,0.199840,0.058568,248.949997,3666.000000
3342.000000,-117.656006,0.047119,0.010486,0.435791,0.374512,0.196954,0.059169,284.799988,3651.000000
3343.000000,-96.801254,0.045410,0.010524,0.437500,0.373779,0.198968,0.057345,218.669998,3632.000000
3344.000000,-94.076958,0.044189,0.010004,0.436035,0.371338,0.198633,0.057532,220.869995,3666.000000
3345.000000,-111.852180,0.044434,0.010854,0.434814,0.373779,0.196206,0.060102,273.420013,3644.000000
3346.000000,-133.120346,0.043213,0.011161,0.435791,0.371338,0.198937,0.056981,334.510010,3598.000000
3347.000000,-115.776787,0.046143,0.012892,0.438721,0.370117,0.201510,0.058622,294.359985,3610.000000
3348.000000,-110.938416,0.045166,0.012159,0.437988,0.370361,0.200322,0.058404,275.140015,3667.000000
3349.000000,-135.133072,0.046631,0.012656,0.439209,0.368652,0.202993,0.058939,349.630005,3679.000000
3350.000000,-108.450829,0.046875,0.012650,0.439209,0.371094,0.200601,0.060921,263.380005,3642.000000
3351.000000,-113.464867,0.047607,0.012543,0.441406,0.370605,0.202753,0.058426,277.250000,3640.000000
3352.000000,-123.931999,0.046631,0.012193,0.441895,0.375488,0.201885,0.062702,328.390015,3653.000000
3353.000000,-108.589691,0.044922,0.011836,0.440430,0.369141,0.201112,0.059683,252.759995,3636.000000
3354.000000,-110.533730,0.045898,0.012666,0.438721,0.369141,0.199729,0.059305,276.760010,3606.000000
3355.000000,-109.306847,0.045166,0.012186,0.437988,0.365967,0.198920,0.059292,259.420013,3619.000000
3356.000000,-129.024948,0.044678,0.011977,0.436523,0.367676,0.199136,0.061234,308.760010,3611.000000
3357.000000,-135.354141,0.046875,0.013169,0.437500,0.371094,0.200352,0.063989,354.070007,3629.000000
3358.000000,-96.911316,0.048096,0.013246,0.439209,0.368652,0.202136,0.060810,222.039993,3616.000000
3359.000000,-114.343666,0.048340,0.012895,0.438965,0.371582,0.202928,0.061939,277.549988,3605.000000
3360.000000,-117.659004,0.047852,0.012019,0.437256,0.370850,0.202196,0.060676,315.500000,3655.000000
3361.000000,-117.299667,0.048096,0.011786,0.436279,0.373047,0.199760,0.062969,298.619995,3642.000000
3362.000000,-113.096344,0.049072,0.012479,0.439209,0.373779,0.202159,0.061543,272.690002,3636.000000
3363.000000,-101.253395,0.049805,0.012956,0.440674,0.372803,0.202114,0.061817,254.600006,3669.000000
3364.000000,-130.787247,0.049072,0.012212,0.441162,0.372559,0.201685,0.060831,336.540009,3631.000000
3365.000000,-94.101799,0.048096,0.011424,0.443359,0.369385,0.201912,0.057865,213.300003,3674.000000
3366.000000,-120.824478,0.045898,0.010668,0.440918,0.366455,0.199405,0.057812,301.019989,3664.000000
3367.000000,-134.007050,0.045898,0.010261,0.439697,0.367188,0.198275,0.057725,327.220001,3640.000000
3368.000000,-124.974983,0.047363,0.011707,0.439209,0.367188,0.199572,0.060206,317.260010,3594.000000
3369.000000,-118.723396,0.046631,0.011379,0.438477,0.362793,0.198160,0.057721,299.570007,3644.000000
3370.000000,-95.624954,0.047852,0.011568,0.443604,0.366455,0.200819,0.058866,227.809998,3634.000000
3371.000000,-129.446304,0.048096,0.011125,0.442139,0.363770,0.200748,0.058090,311.799988,3656.000000
3372.000000,-140.362793,0.048096,0.011146,0.439697,0.363281,0.199150,0.059159,347.619995,3634.000000
3373.000000,-140.133591,0.046387,0.010341,0.437500,0.363525,0.197776,0.059249,364.079987,3678.000000
3374.000000,-105.681824,0.045654,0.010920,0.436768,0.363281,0.196798,0.059835,264.720001,3666.000000
3375.000000,-110.247307,0.045898,0.010515,0.438232,0.362305,0.197102,0.057492,267.290009,3653.000000
3376.000000,-106.418869,0.046387,0.010930,0.441162,0.367188,0.199504,0.059443,255.490005,3662.000000
3377.000000,-109.912163,0.044678,0.010491,0.438965,0.364746,0.197746,0.057298,272.600006,3665.000000
3378.000000,-132.974228,0.042725,0.009596,0.435547,0.363770,0.196100,0.058819,324.920013,3648.000000
3379.000000,-109.385796,0.044922,0.010938,0.437256,0.364502,0.197304,0.059136,253.960007,3619.000000
3380.000000,-127.176544,0.044922,0.011233,0.438721,0.360840,0.199514,0.056492,299.450012,3614.000000
3381.000000,-95.613457,0.045898,0.011506,0.438965,0.362549,0.199375,0.059013,224.449997,3631.000000
3382.000000,-114.724930,0.046143,0.011768,0.437500,0.364258,0.197349,0.061483,273.519989,3627.000000
3383.000000,-98.894073,0.043945,0.011426,0.438232,0.362061,0.196713,0.060013,231.050003,3647.000000
3384.000000,-114.081818,0.043457,0.010694,0.438477,0.363525,0.195891,0.059944,285.690002,3645.000000
3385.000000,-104.083908,0.046387,0.013517,0.437744,0.363281,0.196029,0.060764,248.169998,3664.000000
3386.000000,-110.837181,0.047852,0.013355,0.441895,0.364746,0.197755,0.061299,250.110001,3639.000000
3387.000000,-93.430679,0.048340,0.012278,0.441895,0.369873,0.197809,0.061734,222.270004,3614.000000
3388.000000,-90.101311,0.048828,0.011738,0.440674,0.368652,0.196292,0.059389,219.770004,3616.000000
3389.000000,-121.954353,0.049072,0.011889,0.441650,0.366699,0.197036,0.059300,313.239990,3648.000000
3390.000000,-117.123795,0.048340,0.012249,0.439453,0.360107,0.196290,0.055881,285.929993,3656.000000
3391.000000,-125.342476,0.050781,0.014294,0.444092,0.364014,0.201108,0.059764,312.910004,3635.000000
3392.000000,-105.948448,0.050049,0.012928,0.443604,0.365723,0.200368,0.059827,255.580002,3647.000000
3393.000000,-99.411362,0.050781,0.013565,0.443604,0.364258,0.200244,0.059134,262.160004,3563.000000
3394.000000,-127.644081,0.050537,0.012397,0.445557,0.363037,0.200944,0.058153,326.260010,3680.000000
3395.000000,-124.577934,0.052002,0.012874,0.443115,0.365723,0.197275,0.058338,308.970001,3668.000000
3396.000000,-125.211220,0.052979,0.012103,0.444336,0.363770,0.197801,0.056833,312.959991,3647.000000
3397.000000,-122.138664,0.052246,0.012256,0.444824,0.365967,0.197965,0.060030,291.369995,3668.000000
3398.000000,-83.542839,0.051514,0.011554,0.445068,0.365479,0.197542,0.058399,188.479996,3672.000000
3399.000000,-119.676361,0.051025,0.012054,0.445801,0.362305,0.198916,0.057063,300.459991,3659.000000
3400.000000,-102.711754,0.051270,0.012194,0.442871,0.362061,0.196747,0.058427,251.300003,3632.000000
3401.000000,-136.953766,0.052002,0.011954,0.441162,0.361572,0.195928,0.058872,335.869995,3623.000000
3402.000000,-114.805862,0.050293,0.011498,0.439697,0.361816,0.195628,0.058167,275.709991,3637.000000
3403.000000,-114.939354,0.050781,0.011500,0.440186,0.361084,0.195630,0.059130,266.540009,3645.000000
3404.000000,-119.474144,0.051270,0.012299,0.439209,0.360352,0.196017,0.057778,296.970001,3623.000000
3405.000000,-113.025330,0.050781,0.011844,0.437500,0.361084,0.194368,0.058411,269.670013,3659.000000
3406.000000,-109.275566,0.050781,0.012786,0.434814,0.358154,0.192702,0.059266,275.799988,3604.000000
3407.000000,-109.770401,0.052002,0.012426,0.435791,0.361572,0.193909,0.059331,257.480011,3634.000000
3408.000000,-98.899918,0.052734,0.012926,0.437744,0.362061,0.196296,0.060258,234.039993,3615.000000
3409.000000,-108.871689,0.051270,0.012411,0.434570,0.357178,0.193916,0.058536,258.420013,3654.000000
3410.000000,-107.126015,0.051758,0.012870,0.434326,0.359863,0.194741,0.061218,246.910004,3619.000000
3411.000000,-89.230766,0.050537,0.012376,0.433594,0.356201,0.195317,0.057073,198.649994,3624.000000
3412.000000,-86.109642,0.050537,0.011553,0.440674,0.361572,0.200052,0.059939,201.339996,3647.000000
3413.000000,-140.184555,0.052490,0.012864,0.439697,0.360352,0.200173,0.060195,340.290009,3639.000000
3414.000000,-129.677536,0.052734,0.013084,0.440674,0.358887,0.200111,0.059214,333.959991,3629.000000
3415.000000,-108.165100,0.054199,0.013654,0.441895,0.362793,0.200545,0.061621,253.500000,3628.000000
3416.000000,-99.171326,0.053955,0.013044,0.439453,0.364014,0.198631,0.060942,244.110001,3628.000000
3417.000000,-123.499237,0.054688,0.013754,0.440674,0.363770,0.200060,0.063416,292.279999,3649.000000
3418.000000,-109.932762,0.056396,0.014144,0.441650,0.365479,0.200877,0.062646,272.839996,3635.000000
3419.000000,-91.061974,0.056152,0.013635,0.439941,0.363525,0.200318,0.060266,215.789993,3603.000000
3420.000000,-109.024269,0.055176,0.012920,0.438965,0.356689,0.200341,0.055896,263.619995,3620.000000
3421.000000,-118.483803,0.055420,0.013355,0.440186,0.360107,0.200740,0.060128,299.480011,3630.000000
3422.000000,-118.807991,0.057129,0.015173,0.439209,0.360107,0.199401,0.061026,299.140015,3630.000000
3423.000000,-121.584938,0.055908,0.014004,0.436523,0.363525,0.198972,0.063124,306.179993,3636.000000
3424.000000,-124.161316,0.056396,0.014012,0.436035,0.364746,0.198473,0.062851,320.920013,3665.000000
3425.000000,-93.764168,0.056885,0.013636,0.438721,0.365723,0.198943,0.062791,214.470001,3630.000000
3426.000000,-115.084763,0.057129,0.013009,0.441650,0.366943,0.200553,0.061561,303.519989,3666.000000
3427.000000,-114.009827,0.055908,0.011275,0.437500,0.368408,0.196779,0.062544,283.470001,3645.000000
3428.000000,-90.188988,0.056152,0.011814,0.438965,0.366455,0.198003,0.060979,212.529999,3657.000000
3429.000000,-113.458504,0.054199,0.011523,0.432861,0.365723,0.192850,0.061066,280.570007,3670.000000
3430.000000,-110.735344,0.054443,0.012158,0.433838,0.366699,0.194725,0.062260,261.809998,3671.000000
3431.000000,-114.586922,0.056152,0.013729,0.437256,0.370117,0.198066,0.063909,301.880005,3613.000000
3432.000000,-86.566010,0.056152,0.013719,0.439209,0.368896,0.199955,0.062971,194.669998,3616.000000
3433.000000,-110.872658,0.056152,0.012906,0.440918,0.372559,0.199587,0.063927,283.750000,3651.000000
3434.000000,-115.413193,0.053223,0.012365,0.436523,0.362549,0.195597,0.056708,267.529999,3662.000000
3435.000000,-118.196869,0.051514,0.011396,0.435547,0.355469,0.194919,0.055694,285.440002,3642.000000
3436.000000,-111.317810,0.052246,0.011922,0.434814,0.356934,0.195078,0.058785,261.660004,3617.000000
3437.000000,-109.208939,0.052734,0.012399,0.438232,0.364258,0.197539,0.064099,276.829987,3626.000000
3438.000000,-96.294998,0.053467,0.013355,0.439941,0.369141,0.199359,0.065926,217.929993,3647.000000
3439.000000,-105.500290,0.053467,0.012728,0.443115,0.366211,0.200044,0.061545,249.550003,3626.000000
3440.000000,-100.378563,0.054199,0.012166,0.442627,0.360596,0.199027,0.057852,241.460007,3610.000000
3441.000000,-108.553154,0.052246,0.011053,0.441895,0.356445,0.197991,0.057670,267.779999,3664.000000
3442.000000,-122.189911,0.053223,0.011866,0.443115,0.363525,0.198807,0.062361,302.010010,3670.000000
3443.000000,-114.837761,0.053223,0.012214,0.445557,0.366211,0.199722,0.061682,278.529999,3645.000000
3444.000000,-114.203201,0.054443,0.012513,0.447510,0.364990,0.201519,0.060331,278.089996,3630.000000
3445.000000,-80.438286,0.054688,0.012567,0.450928,0.364258,0.203704,0.060451,181.940002,3642.000000
3446.000000,-98.729622,0.055664,0.012714,0.454590,0.364502,0.204674,0.058442,233.610001,3634.000000
3447.000000,-100.031349,0.055420,0.012252,0.454834,0.368164,0.202670,0.061291,237.220001,3618.000000
3448.000000,-108.032608,0.056152,0.012615,0.456299,0.373535,0.203170,0.064096,278.609985,3650.000000
3449.000000,-123.934654,0.055420,0.011229,0.457275,0.372803,0.202048,0.062004,307.239990,3649.000000
3450.000000,-122.638039,0.056396,0.011634,0.458496,0.372803,0.203200,0.061079,308.549988,3643.000000
3451.000000,-106.922043,0.055664,0.011272,0.456055,0.371338,0.201769,0.059848,255.160004,3637.000000
3452.000000,-107.607269,0.054688,0.010614,0.454834,0.368164,0.201141,0.057741,270.070007,3642.000000
3453.000000,-113.443794,0.056152,0.011339,0.454590,0.366211,0.199447,0.057212,280.209991,3667.000000
3454.000000,-111.461731,0.054199,0.010201,0.453369,0.367432,0.199417,0.058677,268.429993,3672.000000
3455.000000,-139.527420,0.055176,0.010870,0.456055,0.374512,0.201469,0.061758,362.450012,3629.000000
3456.000000,-117.514084,0.053955,0.010315,0.454346,0.369873,0.201019,0.058936,291.390015,3645.000000
3457.000000,-100.418694,0.055176,0.011414,0.454346,0.368164,0.199310,0.058554,223.839996,3538.000000
3458.000000,-121.968346,0.056152,0.011236,0.456787,0.364990,0.201728,0.055922,294.519989,3653.000000
3459.000000,-119.612663,0.054688,0.010609,0.453369,0.368408,0.198604,0.061683,299.600006,3661.000000
3460.000000,-148.814270,0.055176,0.011811,0.456299,0.367676,0.202397,0.060842,397.540009,3640.000000
3461.000000,-109.488068,0.055176,0.011473,0.454346,0.365479,0.200835,0.059980,265.440002,3662.000000
3462.000000,-99.991646,0.051758,0.010394,0.449707,0.360596,0.198590,0.056418,220.869995,3645.000000
3463.000000,-117.965042,0.050293,0.010124,0.446777,0.356689,0.197177,0.055668,300.739990,3605.000000
3464.000000,-105.689529,0.049805,0.010794,0.448730,0.359619,0.199215,0.058627,251.410004,3648.000000
3465.000000,-120.764008,0.049561,0.010748,0.446533,0.364502,0.197000,0.061564,302.670013,3644.000000
3466.000000,-114.790703,0.048096,0.010597,0.446045,0.366211,0.198128,0.060843,283.019989,3617.000000
3467.000000,-108.795387,0.048096,0.011274,0.445557,0.359131,0.199853,0.057785,262.049988,3601.000000
3468.000000,-104.026329,0.046143,0.010603,0.443848,0.357910,0.196018,0.058060,255.559998,3588.000000
3469.000000,-108.811630,0.045898,0.010133,0.444092,0.357422,0.196051,0.060223,270.179993,3636.000000
3470.000000,-117.000328,0.048340,0.011758,0.447021,0.366943,0.198059,0.063839,296.959991,3652.000000
3471.000000,-112.198044,0.048828,0.011525,0.447754,0.368896,0.198150,0.063262,274.480011,3646.000000
3472.000000,-107.323853,0.050293,0.011309,0.449707,0.369629,0.198515,0.061991,261.959991,3647.000000
3473.000000,-104.188309,0.048828,0.010734,0.450439,0.363037,0.200496,0.056802,232.869995,3658.000000
3474.000000,-120.283974,0.048828,0.010488,0.451416,0.367432,0.200654,0.059787,297.700012,3647.000000
3475.000000,-91.605270,0.048584,0.010885,0.449219,0.367676,0.198077,0.059190,212.339996,3623.000000
3476.000000,-109.970551,0.048584,0.011062,0.450684,0.373535,0.197990,0.062160,256.529999,3635.000000
3477.000000,-123.821243,0.046631,0.010114,0.446533,0.372559,0.194453,0.062217,299.609985,3648.000000
3478.000000,-119.368492,0.045898,0.010067,0.446045,0.365479,0.195739,0.057273,278.429993,3644.000000
3479.000000,-101.159225,0.045166,0.010430,0.442383,0.362061,0.192981,0.055576,248.839996,3625.000000
3480.000000,-146.703506,0.046631,0.012244,0.444092,0.362305,0.195224,0.057408,366.040009,3608.000000
3481.000000,-124.390434,0.046387,0.011272,0.446045,0.362549,0.196853,0.057344,316.899994,3705.000000
3482.000000,-123.019753,0.047607,0.011594,0.446289,0.366211,0.198161,0.059069,297.079987,3664.000000
3483.000000,-128.576569,0.045654,0.010144,0.442383,0.364258,0.196270,0.058718,319.700012,3609.000000
3484.000000,-100.990959,0.046631,0.011428,0.442383,0.370117,0.196317,0.061691,248.630005,3639.000000
3485.000000,-120.142235,0.044922,0.011457,0.442627,0.366211,0.198294,0.059497,292.140015,3642.000000
3486.000000,-93.389534,0.044922,0.011451,0.443115,0.367676,0.198641,0.060557,219.199997,3638.000000
3487.000000,-99.014824,0.044922,0.011466,0.444092,0.367676,0.198418,0.060448,224.500000,3618.000000
3488.000000,-101.572098,0.046143,0.011648,0.444336,0.367432,0.197274,0.060691,244.169998,3630.000000
3489.000000,-121.733521,0.045166,0.010460,0.445312,0.369385,0.198827,0.061999,294.089996,3659.000000
3490.000000,-96.474297,0.043945,0.010262,0.442627,0.370117,0.195911,0.061627,237.699997,3668.000000
3491.000000,-118.072578,0.046387,0.010574,0.443115,0.369873,0.195795,0.061161,299.429993,3634.000000
3492.000000,-106.220001,0.043701,0.008635,0.444092,0.363525,0.197302,0.057613,250.419998,3629.000000
3493.000000,-106.023643,0.045166,0.010638,0.443115,0.365234,0.196081,0.061704,266.600006,3637.000000
3494.000000,-105.394989,0.044678,0.009840,0.443359,0.363770,0.196926,0.060905,263.299988,3641.000000
3495.000000,-98.061111,0.044434,0.010377,0.444580,0.364746,0.196495,0.062187,230.130005,3652.000000
3496.000000,-111.266357,0.044678,0.010533,0.444580,0.367920,0.197296,0.064183,276.959991,3706.000000
3497.000000,-98.954857,0.046387,0.011221,0.446289,0.366943,0.199501,0.063398,239.639999,3641.000000
3498.000000,-99.360565,0.048828,0.012126,0.448242,0.367432,0.200021,0.062119,228.660004,3642.000000
3499.000000,-102.399254,0.048096,0.011664,0.449951,0.366943,0.199908,0.063468,229.960007,3630.000000
3500.000000,-108.761925,0.049561,0.012335,0.449463,0.367676,0.200583,0.064780,263.079987,3630.000000
3501.000000,-94.552605,0.050293,0.012813,0.448730,0.373047,0.199869,0.064571,224.220001,3648.000000
3502.000000,-88.600899,0.051514,0.012761,0.451172,0.375000,0.200214,0.065123,194.500000,3700.000000
3503.000000,-102.844360,0.052734,0.012916,0.454102,0.376953,0.203283,0.064798,242.589996,3657.000000
3504.000000,-109.772377,0.052490,0.012860,0.459229,0.375977,0.207715,0.063223,272.959991,3616.000000
3505.000000,-109.730347,0.051025,0.012041,0.455566,0.374268,0.203780,0.062059,276.570007,3648.000000
3506.000000,-118.817467,0.049072,0.010411,0.453369,0.373779,0.201387,0.060544,291.640015,3642.000000
3507.000000,-104.601326,0.050537,0.010949,0.453613,0.374268,0.201310,0.061455,245.070007,3618.000000
3508.000000,-78.604202,0.050049,0.010421,0.452148,0.370850,0.200678,0.059822,162.610001,3608.000000
3509.000000,-107.905785,0.049805,0.010550,0.454102,0.373779,0.203696,0.062985,264.290009,3617.000000
3510.000000,-106.385933,0.049316,0.011305,0.451660,0.373291,0.202653,0.062462,257.980011,3610.000000
3511.000000,-133.011642,0.050293,0.011404,0.452637,0.372070,0.203281,0.060967,334.290009,3599.000000
3512.000000,-120.039238,0.049561,0.011131,0.451416,0.367920,0.204272,0.059116,300.790009,3615.000000
3513.000000,-98.958427,0.050537,0.011661,0.450439,0.367676,0.202146,0.059281,229.580002,3626.000000
3514.000000,-131.173126,0.049316,0.010902,0.447998,0.369141,0.199031,0.059703,344.489990,3620.000000
3515.000000,-102.268417,0.048584,0.010607,0.447510,0.370117,0.200085,0.059908,246.970001,3610.000000
3516.000000,-121.680885,0.048584,0.011025,0.447510,0.372803,0.199707,0.062020,294.850006,3575.000000
3517.000000,-103.739777,0.047607,0.011373,0.444580,0.376709,0.197733,0.063635,249.100006,3638.000000
3518.000000,-113.267845,0.045166,0.010145,0.444092,0.374512,0.198245,0.061524,284.480011,3635.000000
3519.000000,-106.249641,0.043213,0.009278,0.443604,0.369629,0.197300,0.059532,254.550003,3652.000000
3520.000000,-99.840393,0.044434,0.010326,0.446289,0.373291,0.200506,0.058949,228.300003,3640.000000
3521.000000,-110.824730,0.045410,0.010765,0.447021,0.373047,0.200032,0.059836,275.059998,3570.000000
3522.000000,-116.530670,0.046143,0.011247,0.446045,0.374756,0.200037,0.061915,284.350006,3660.000000
3523.000000,-92.571754,0.047119,0.010674,0.449463,0.381836,0.199939,0.063777,218.800003,3659.000000
3524.000000,-125.260437,0.047607,0.010546,0.448242,0.379639,0.197227,0.062905,333.519989,3656.000000
3525.000000,-97.415848,0.046875,0.010721,0.446289,0.371826,0.196341,0.059223,248.779999,3670.000000
3526.000000,-96.637871,0.046875,0.011239,0.447510,0.374268,0.197973,0.060725,223.990005,3668.000000
3527.000000,-115.250290,0.047119,0.011288,0.453125,0.371338,0.202204,0.059751,277.200012,3639.000000
3528.000000,-116.574265,0.046875,0.011437,0.449707,0.375244,0.200268,0.065948,280.510010,3632.000000
3529.000000,-108.780762,0.046631,0.011671,0.449707,0.379150,0.199458,0.065389,262.619995,3662.000000
3530.000000,-113.189011,0.047119,0.011453,0.449951,0.375244,0.199319,0.062336,275.339996,3666.000000
3531.000000,-116.229462,0.047607,0.011141,0.449463,0.374268,0.198652,0.063019,277.119995,3613.000000
3532.000000,-121.281151,0.047119,0.012130,0.449219,0.374268,0.200296,0.064765,301.609985,3583.000000
3533.000000,-104.450226,0.048584,0.012035,0.453613,0.377441,0.202014,0.066291,249.690002,3609.000000
3534.000000,-115.425781,0.048828,0.012387,0.455322,0.375977,0.205444,0.064503,305.140015,3651.000000
3535.000000,-132.527405,0.049072,0.011775,0.456055,0.377441,0.205128,0.065320,337.600006,3603.000000
3536.000000,-103.916908,0.048828,0.011263,0.458252,0.376709,0.205561,0.065698,251.389999,3596.000000
3537.000000,-119.233345,0.049316,0.010992,0.456543,0.374268,0.204638,0.063892,292.559998,3644.000000
3538.000000,-96.324661,0.048584,0.010517,0.454590,0.371338,0.202365,0.062058,205.059998,3629.000000
3539.000000,-112.920952,0.048340,0.010830,0.454834,0.370117,0.203654,0.063556,282.309998,3628.000000
3540.000000,-103.092705,0.047119,0.010227,0.453857,0.367676,0.203575,0.061472,257.790009,3558.000000
3541.000000,-107.214569,0.047363,0.010591,0.450439,0.365967,0.200362,0.061098,265.929993,3623.000000
3542.000000,-108.193924,0.048584,0.011800,0.451416,0.367676,0.201562,0.063428,275.059998,3645.000000
3543.000000,-113.583694,0.047607,0.010784,0.450439,0.368164,0.201931,0.063035,270.010010,3662.000000
3544.000000,-86.619377,0.047119,0.009873,0.449707,0.364258,0.202540,0.062392,198.740005,3624.000000
3545.000000,-105.549416,0.048340,0.010567,0.451904,0.369873,0.204487,0.064045,257.079987,3644.000000
3546.000000,-122.212128,0.048584,0.010210,0.457275,0.371826,0.207925,0.063691,300.049988,3630.000000
3547.000000,-125.832443,0.048340,0.010412,0.455566,0.373535,0.205372,0.064478,314.179993,3619.000000
3548.000000,-114.030411,0.047119,0.009987,0.455811,0.368896,0.207200,0.062231,300.820007,3618.000000
3549.000000,-93.419029,0.045410,0.009143,0.453613,0.368408,0.204463,0.061795,209.619995,3645.000000
3550.000000,-118.374535,0.045654,0.009095,0.451660,0.372070,0.203603,0.065169,289.730011,3680.000000
3551.000000,-111.006607,0.046875,0.010146,0.452881,0.369873,0.204624,0.061701,272.970001,3657.000000
3552.000000,-101.673027,0.046387,0.010056,0.453369,0.375732,0.204633,0.065362,263.739990,3637.000000
3553.000000,-84.393501,0.048096,0.010962,0.458740,0.377441,0.208602,0.063980,196.839996,3636.000000
3554.000000,-126.543571,0.046631,0.010202,0.453613,0.373779,0.204064,0.062459,313.299988,3650.000000
3555.000000,-93.692848,0.045898,0.009438,0.457275,0.372314,0.205139,0.059777,223.399994,3663.000000
3556.000000,-99.935593,0.044434,0.008730,0.454102,0.368164,0.202674,0.058668,255.779999,3595.000000
3557.000000,-128.669357,0.043457,0.008637,0.451904,0.369385,0.203129,0.059614,332.980011,3642.000000
3558.000000,-115.077072,0.045654,0.010260,0.453369,0.371826,0.204637,0.061714,277.429993,3644.000000
3559.000000,-115.847031,0.047119,0.010639,0.455078,0.373535,0.206889,0.061128,285.329987,3661.000000
3560.000000,-122.643555,0.050293,0.012355,0.454834,0.381104,0.206755,0.066307,309.209991,3607.000000
3561.000000,-104.533501,0.049805,0.012271,0.451660,0.374756,0.203598,0.062041,278.690002,3668.000000
3562.000000,-122.176758,0.049561,0.011464,0.451660,0.372559,0.203852,0.060656,300.600006,3636.000000
3563.000000,-109.740364,0.048340,0.010848,0.451416,0.376709,0.203950,0.061869,285.399994,3634.000000
3564.000000,-122.979240,0.048340,0.010624,0.449463,0.375000,0.202839,0.060854,311.730011,3586.000000
3565.000000,-109.913223,0.048340,0.011112,0.448242,0.373779,0.203751,0.059955,265.619995,3639.000000
3566.000000,-107.062653,0.048584,0.010624,0.447998,0.377197,0.204079,0.061561,279.429993,3676.000000
3567.000000,-89.719238,0.048828,0.010851,0.450684,0.378174,0.206462,0.062097,205.770004,3637.000000
3568.000000,-114.143478,0.048340,0.010019,0.450684,0.376709,0.205613,0.060166,272.500000,3599.000000
3569.000000,-114.702843,0.050293,0.010960,0.455811,0.381592,0.208164,0.062494,273.940002,3615.000000
3570.000000,-107.013290,0.049316,0.011063,0.456787,0.378418,0.206663,0.060116,235.820007,3619.000000
3571.000000,-91.096977,0.050293,0.011803,0.458496,0.378174,0.206168,0.058869,200.830002,3604.000000
3572.000000,-88.545631,0.050537,0.011846,0.460938,0.376465,0.207515,0.058286,216.080002,3625.000000
3573.000000,-102.263191,0.048096,0.010890,0.459229,0.372803,0.205463,0.059089,241.949997,3714.000000
3574.000000,-96.281448,0.047852,0.010375,0.458252,0.373291,0.203731,0.060119,226.610001,3650.000000
3575.000000,-120.148819,0.049316,0.011117,0.456543,0.376465,0.203514,0.062586,297.040009,3622.000000
3576.000000,-109.820518,0.049072,0.011042,0.457031,0.377930,0.204346,0.062575,271.440002,3643.000000
3577.000000,-113.641922,0.050293,0.012694,0.458740,0.377930,0.205078,0.061646,281.049988,3627.000000
3578.000000,-94.223602,0.050781,0.012531,0.458496,0.377930,0.204701,0.062644,220.550003,3619.000000
3579.000000,-110.814857,0.050537,0.012355,0.458252,0.375000,0.205318,0.062390,272.700012,3627.000000
3580.000000,-94.061104,0.049561,0.012177,0.456787,0.375244,0.204433,0.062312,211.160004,3655.000000
3581.000000,-107.512047,0.049805,0.012292,0.456787,0.378906,0.204363,0.064099,273.890015,3626.000000
3582.000000,-108.143372,0.049072,0.012038,0.458008,0.376465,0.205570,0.061353,252.750000,3629.000000
3583.000000,-98.571106,0.049805,0.012868,0.460449,0.378174,0.209011,0.061613,241.559998,3614.000000
3584.000000,-107.799171,0.050049,0.012486,0.456543,0.373291,0.206470,0.059236,270.109985,3636.000000
3585.000000,-109.837326,0.049316,0.012767,0.454834,0.373535,0.206453,0.060930,277.369995,3547.000000
3586.000000,-103.025711,0.052002,0.013953,0.453369,0.374756,0.205336,0.060989,242.350006,3650.000000
3587.000000,-123.720894,0.052246,0.013808,0.451416,0.375488,0.204711,0.061522,306.260010,3624.000000
3588.000000,-119.644188,0.051270,0.012699,0.450195,0.375488,0.203767,0.061268,298.720001,3628.000000
3589.000000,-104.818977,0.051758,0.013261,0.452881,0.373047,0.205814,0.059996,250.970001,3640.000000
3590.000000,-114.499657,0.049805,0.013116,0.450195,0.370117,0.205391,0.060775,283.350006,3637.000000
3591.000000,-120.367676,0.051758,0.014505,0.452393,0.373535,0.208403,0.062909,321.880005,3621.000000
3592.000000,-116.948807,0.050537,0.012785,0.448486,0.368408,0.205570,0.062262,284.549988,3650.000000
3593.000000,-107.508255,0.049316,0.012656,0.448486,0.372803,0.205114,0.064301,234.639999,3648.000000
3594.000000,-116.399010,0.050781,0.012734,0.448975,0.376465,0.204979,0.063444,287.369995,3625.000000
3595.000000,-97.545509,0.048096,0.010769,0.447998,0.371094,0.203883,0.059377,239.750000,3598.000000
3596.000000,-105.979294,0.047363,0.011897,0.445557,0.370117,0.204385,0.060870,258.119995,3625.000000
3597.000000,-107.208542,0.046631,0.012559,0.440918,0.365967,0.201770,0.060034,268.260010,3598.000000
3598.000000,-112.729591,0.047363,0.012613,0.440918,0.369629,0.202927,0.063653,278.329987,3665.000000
3599.000000,-117.562347,0.048096,0.013038,0.442383,0.369873,0.203661,0.061160,295.869995,3612.000000
3600.000000,-87.479202,0.049072,0.013287,0.444336,0.372070,0.206398,0.063158,204.449997,3613.000000
3601.000000,-97.917892,0.050781,0.013500,0.447021,0.377686,0.207884,0.063626,233.300003,3657.000000
3602.000000,-118.656311,0.049316,0.013055,0.443848,0.377686,0.205379,0.063989,307.709991,3631.000000
3603.000000,-99.127228,0.049072,0.013415,0.441895,0.376465,0.204223,0.062147,242.949997,3643.000000
3604.000000,-84.359665,0.048828,0.014021,0.441895,0.373779,0.203794,0.062235,185.839996,3647.000000
3605.000000,-112.392929,0.048584,0.013147,0.440918,0.373535,0.201867,0.063087,267.899994,3665.000000
3606.000000,-122.484642,0.048096,0.012745,0.442871,0.373047,0.202431,0.062231,295.920013,3664.000000
3607.000000,-92.959129,0.047119,0.012332,0.443115,0.370850,0.202988,0.062081,212.759995,3635.000000
3608.000000,-108.006142,0.048096,0.012816,0.445557,0.374512,0.203387,0.062831,257.269989,3606.000000
3609.000000,-113.554306,0.046631,0.012328,0.443604,0.372314,0.201214,0.062235,287.399994,3669.000000
3610.000000,-104.734947,0.047607,0.012710,0.445068,0.372559,0.203056,0.061378,259.239990,3656.000000
3611.000000,-120.217178,0.048584,0.012724,0.445801,0.373291,0.205007,0.061899,301.000000,3647.000000
3612.000000,-91.366005,0.048584,0.012172,0.445801,0.374268,0.204069,0.061276,216.009995,3665.000000
3613.000000,-121.341698,0.050781,0.013082,0.445801,0.372070,0.203992,0.060665,298.040009,3663.000000
3614.000000,-100.594620,0.049072,0.010963,0.446289,0.374756,0.204281,0.060372,236.339996,3664.000000
3615.000000,-117.148026,0.048096,0.009901,0.444824,0.374756,0.203224,0.060386,277.429993,3665.000000
3616.000000,-111.896866,0.048828,0.010805,0.442139,0.374512,0.201101,0.060558,285.359985,3635.000000
3617.000000,-122.658920,0.048828,0.011348,0.443115,0.373779,0.203096,0.060863,296.570007,3647.000000
3618.000000,-106.785332,0.048096,0.010592,0.444824,0.372314,0.206117,0.059226,255.460007,3644.000000
3619.000000,-118.308823,0.047852,0.010547,0.443115,0.372070,0.205363,0.058060,300.779999,3648.000000
3620.000000,-125.543488,0.046143,0.010237,0.437256,0.366455,0.200003,0.055527,304.739990,3639.000000
3621.000000,-113.957260,0.045898,0.010921,0.435547,0.366455,0.197570,0.058601,273.029999,3664.000000
3622.000000,-107.836105,0.048340,0.012305,0.435791,0.370117,0.197923,0.059229,265.250000,3643.000000
3623.000000,-108.216812,0.046631,0.010347,0.434326,0.370850,0.196618,0.059300,269.119995,3627.000000
3624.000000,-120.215767,0.048096,0.010979,0.434082,0.372559,0.196512,0.059065,319.420013,3653.000000
3625.000000,-90.033737,0.049072,0.011232,0.437012,0.375244,0.197283,0.060552,215.740005,3653.000000
3626.000000,-104.825989,0.048584,0.010913,0.437012,0.374023,0.196968,0.060149,237.729996,3624.000000
3627.000000,-100.684532,0.050049,0.011746,0.441162,0.375488,0.201004,0.060317,257.429993,3609.000000
3628.000000,-100.643684,0.049561,0.012318,0.440430,0.376709,0.199171,0.061550,247.669998,3623.000000
3629.000000,-72.078133,0.047852,0.010536,0.441895,0.378418,0.198432,0.059850,153.880005,3631.000000
3630.000000,-108.972816,0.047607,0.010495,0.442383,0.377930,0.197772,0.060061,267.299988,3661.000000
3631.000000,-102.111122,0.048584,0.011131,0.443359,0.375977,0.196725,0.058194,260.089996,3634.000000
3632.000000,-135.440781,0.047119,0.010233,0.442627,0.374512,0.195773,0.058363,354.489990,3630.000000
3633.000000,-114.229111,0.047119,0.010761,0.441650,0.377441,0.194133,0.061184,292.549988,3637.000000
3634.000000,-105.106667,0.046387,0.010804,0.441650,0.374512,0.193480,0.059348,253.460007,3639.000000
3635.000000,-135.070847,0.045898,0.010929,0.438232,0.374023,0.191559,0.060583,330.470001,3620.000000
3636.000000,-130.294174,0.045898,0.011886,0.437012,0.377197,0.191356,0.063103,325.540009,3636.000000
3637.000000,-119.914459,0.045166,0.010686,0.436768,0.376709,0.190752,0.060134,301.190002,3650.000000
3638.000000,-131.966660,0.046143,0.011626,0.438721,0.374756,0.194012,0.059132,326.890015,3637.000000
3639.000000,-110.032074,0.045898,0.011583,0.435303,0.373779,0.191529,0.057891,277.799988,3627.000000
3640.000000,-125.376610,0.045654,0.011635,0.435547,0.372803,0.192971,0.056793,303.130005,3629.000000
3641.000000,-116.457077,0.045410,0.010399,0.434082,0.372070,0.192783,0.057546,270.059998,3646.000000
3642.000000,-126.694321,0.044189,0.010350,0.431885,0.372559,0.192537,0.058623,319.380005,3654.000000
3643.000000,-114.944489,0.044434,0.010710,0.430176,0.372314,0.191151,0.058391,286.769989,3634.000000
3644.000000,-144.158081,0.044922,0.011460,0.433105,0.367432,0.195860,0.058168,346.209991,3630.000000
3645.000000,-98.446533,0.047607,0.012536,0.435059,0.372070,0.196931,0.059902,232.839996,3653.000000
3646.000000,-94.799194,0.049072,0.012108,0.435059,0.372803,0.195829,0.059003,227.919998,3662.000000
3647.000000,-105.891159,0.047607,0.010875,0.432373,0.373047,0.193515,0.060479,253.729996,3629.000000
3648.000000,-121.488075,0.048340,0.011299,0.432861,0.375244,0.193554,0.060991,292.200012,3662.000000
3649.000000,-130.319138,0.048584,0.011262,0.435547,0.373047,0.195916,0.061715,331.079987,3536.000000
3650.000000,-123.742432,0.046387,0.010394,0.433105,0.370850,0.194145,0.061470,301.230011,3641.000000
3651.000000,-123.996002,0.047363,0.010698,0.433838,0.370117,0.194590,0.059892,319.410004,3661.000000
3652.000000,-105.666100,0.045166,0.009876,0.432861,0.371826,0.194181,0.060911,260.630005,3680.000000
3653.000000,-100.499466,0.045898,0.010588,0.431885,0.372803,0.191561,0.061526,238.270004,3676.000000
3654.000000,-128.860703,0.046387,0.011376,0.430664,0.375488,0.192167,0.060005,342.959991,3677.000000
3655.000000,-96.425400,0.046631,0.011444,0.432617,0.374023,0.193607,0.060279,239.119995,3615.000000
3656.000000,-106.563293,0.045898,0.011778,0.432373,0.371582,0.193213,0.060690,238.300003,3639.000000
3657.000000,-108.859428,0.046387,0.011691,0.431396,0.372070,0.192266,0.059558,283.549988,3637.000000
3658.000000,-98.185158,0.046387,0.012673,0.435547,0.371338,0.196368,0.059773,222.639999,3627.000000
3659.000000,-131.718216,0.045654,0.011678,0.432129,0.372070,0.193702,0.059665,338.140015,3622.000000
3660.000000,-95.163765,0.045898,0.011627,0.431641,0.372070,0.192921,0.058119,221.889999,3639.000000
3661.000000,-118.464890,0.047607,0.012248,0.433105,0.372559,0.193010,0.061199,285.500000,3634.000000
3662.000000,-120.982147,0.047363,0.012334,0.437256,0.372803,0.195540,0.061545,309.309998,3635.000000
3663.000000,-115.322556,0.047119,0.011946,0.438477,0.373047,0.195697,0.061503,279.559998,3605.000000
3664.000000,-128.321243,0.045166,0.011088,0.437012,0.370850,0.195447,0.059831,326.929993,3645.000000
3665.000000,-112.032707,0.045654,0.011539,0.438721,0.370117,0.193391,0.060140,291.850006,3657.000000
3666.000000,-128.824677,0.045654,0.010981,0.436523,0.371094,0.192540,0.061973,328.959991,3641.000000
3667.000000,-109.042961,0.045898,0.011372,0.437988,0.373047,0.193105,0.061893,268.029999,3618.000000
3668.000000,-119.876823,0.046387,0.011491,0.437256,0.373047,0.192169,0.063488,298.309998,3649.000000
3669.000000,-97.486511,0.047852,0.011583,0.437988,0.370850,0.192532,0.059100,228.580002,3643.000000
3670.000000,-110.725899,0.047363,0.010941,0.436035,0.373779,0.191216,0.062040,264.489990,3642.000000
3671.000000,-125.936142,0.046875,0.011749,0.436279,0.373535,0.191731,0.063869,323.390015,3616.000000
3672.000000,-111.914864,0.047363,0.012071,0.436035,0.373047,0.190143,0.064152,294.109985,3665.000000
3673.000000,-106.059219,0.048340,0.012498,0.438477,0.373047,0.190976,0.064139,260.380005,3648.000000
3674.000000,-121.609184,0.049072,0.012319,0.441162,0.373291,0.192752,0.063981,290.769989,3647.000000
3675.000000,-110.505959,0.049805,0.013075,0.438965,0.373535,0.192118,0.063434,273.700012,3619.000000
3676.000000,-126.240837,0.048584,0.012624,0.437744,0.375488,0.192492,0.062793,303.399994,3639.000000
3677.000000,-108.417191,0.049072,0.012752,0.438232,0.377686,0.192519,0.062649,266.649994,3649.000000
3678.000000,-106.034958,0.049072,0.013206,0.440674,0.380859,0.195039,0.063865,258.519989,3640.000000
3679.000000,-103.844643,0.048828,0.012303,0.437744,0.377930,0.192445,0.062047,250.039993,3618.000000
3680.000000,-123.326736,0.048828,0.012639,0.437988,0.375977,0.192313,0.061344,309.079987,3632.000000
3681.000000,-132.832397,0.049561,0.012676,0.437256,0.374268,0.192904,0.060999,330.649994,3639.000000
3682.000000,-125.084564,0.051514,0.013038,0.438721,0.375732,0.194370,0.062262,321.230011,3609.000000
3683.000000,-95.656441,0.050537,0.011827,0.439453,0.375732,0.195537,0.063434,237.750000,3588.000000
3684.000000,-140.312790,0.049316,0.011159,0.434814,0.378174,0.191372,0.064307,356.260010,3631.000000
3685.000000,-106.200226,0.048096,0.010740,0.435059,0.376221,0.192464,0.062133,249.630005,3634.000000
3686.000000,-137.978058,0.047119,0.010980,0.432129,0.375732,0.191175,0.063293,356.000000,3660.000000
3687.000000,-111.908745,0.046631,0.011689,0.431885,0.375977,0.191411,0.063999,288.589996,3634.000000
3688.000000,-102.011726,0.046143,0.011164,0.430420,0.371582,0.191268,0.059314,242.520004,3649.000000
3689.000000,-104.804123,0.046143,0.012068,0.433838,0.372314,0.194227,0.061765,253.539993,3625.000000
3690.000000,-105.548279,0.044434,0.011074,0.431396,0.370361,0.192437,0.059402,250.089996,3610.000000
3691.000000,-109.517181,0.044678,0.011273,0.431152,0.370605,0.192010,0.060438,272.170013,3604.000000
3692.000000,-111.402168,0.045654,0.011008,0.435791,0.372803,0.195183,0.060884,263.200012,3695.000000
3693.000000,-92.661804,0.049316,0.013012,0.438232,0.374756,0.195381,0.059570,217.490005,3640.000000
3694.000000,-104.040527,0.046143,0.010611,0.432617,0.372070,0.191838,0.056906,257.000000,3663.000000
3695.000000,-101.595512,0.046875,0.011725,0.431396,0.372070,0.190561,0.058255,246.380005,3622.000000
3696.000000,-123.646523,0.048828,0.012217,0.430420,0.375000,0.190782,0.061127,296.619995,3661.000000
3697.000000,-96.148849,0.050537,0.011912,0.432617,0.375977,0.192063,0.061438,220.729996,3659.000000
3698.000000,-111.722366,0.050049,0.012122,0.435303,0.377686,0.194621,0.063263,269.190002,3610.000000
3699.000000,-111.404060,0.049072,0.011527,0.432373,0.377441,0.192041,0.062419,281.500000,3598.000000
3700.000000,-126.452728,0.050049,0.011986,0.432129,0.378418,0.191951,0.063003,318.739990,3661.000000
3701.000000,-115.237473,0.050537,0.012008,0.430176,0.379150,0.189583,0.064685,292.299988,3645.000000
3702.000000,-113.468147,0.050293,0.011900,0.432617,0.379639,0.192759,0.062229,289.549988,3653.000000
3703.000000,-99.530914,0.050293,0.011621,0.434814,0.378662,0.193510,0.062025,241.429993,3639.000000
3704.000000,-114.186607,0.050537,0.010776,0.434082,0.378418,0.192331,0.060993,277.799988,3648.000000
3705.000000,-98.747154,0.052002,0.010736,0.434570,0.381592,0.192261,0.061107,240.759995,3632.000000
3706.000000,-138.711121,0.050049,0.010403,0.431641,0.378906,0.189887,0.059444,374.739990,3640.000000
3707.000000,-117.717102,0.051270,0.010120,0.432373,0.380615,0.189940,0.061428,299.529999,3625.000000
3708.000000,-102.153702,0.050049,0.010502,0.429932,0.378174,0.189729,0.060419,245.869995,3639.000000
3709.000000,-107.249725,0.049561,0.010132,0.430420,0.377930,0.189544,0.058878,273.440002,3646.000000
3710.000000,-107.507416,0.049561,0.009832,0.430420,0.380615,0.190575,0.061931,260.260010,3638.000000
3711.000000,-128.442062,0.047852,0.009191,0.427734,0.378662,0.189029,0.060603,328.709991,3617.000000
3712.000000,-116.151245,0.048096,0.009699,0.427734,0.379639,0.189345,0.062595,275.760010,3619.000000
3713.000000,-125.617737,0.048340,0.009610,0.429443,0.377686,0.190438,0.060699,313.709991,3533.000000
3714.000000,-106.744156,0.048828,0.010714,0.431885,0.376465,0.192386,0.060378,242.339996,3609.000000
3715.000000,-110.734520,0.047607,0.010320,0.432373,0.374512,0.192928,0.060605,272.029999,3593.000000
3716.000000,-120.296822,0.047363,0.010888,0.434814,0.375732,0.196099,0.062531,298.160004,3626.000000
3717.000000,-139.069153,0.045654,0.009155,0.428955,0.372314,0.192488,0.060297,332.619995,3604.000000
3718.000000,-88.828430,0.045166,0.009059,0.430664,0.373535,0.193229,0.059089,194.190002,3674.000000
3719.000000,-108.898415,0.046143,0.010678,0.432861,0.373535,0.195223,0.060257,260.420013,3640.000000
3720.000000,-129.873657,0.047119,0.010716,0.432373,0.374756,0.196585,0.061855,345.429993,3630.000000
3721.000000,-114.187859,0.045654,0.009838,0.430176,0.374756,0.195522,0.062671,304.269989,3620.000000
3722.000000,-114.844009,0.046631,0.010629,0.429688,0.376465,0.195897,0.064224,277.450012,3618.000000
3723.000000,-81.154854,0.045654,0.009362,0.428223,0.378418,0.194764,0.063841,173.110001,3559.000000
3724.000000,-117.192604,0.048584,0.010518,0.430908,0.374512,0.196178,0.060736,295.369995,3606.000000
3725.000000,-130.290359,0.049805,0.011010,0.430420,0.370850,0.196673,0.058049,325.929993,3620.000000
3726.000000,-112.278938,0.050781,0.011356,0.429199,0.374268,0.195834,0.060967,283.579987,3602.000000
3727.000000,-118.836464,0.050049,0.010719,0.429443,0.373535,0.197688,0.059521,296.839996,3622.000000
3728.000000,-115.876152,0.051270,0.011204,0.427979,0.372314,0.197057,0.059655,290.079987,3640.000000
3729.000000,-108.658127,0.052490,0.010835,0.429443,0.376709,0.197973,0.059424,290.679993,3621.000000
3730.000000,-87.515724,0.051025,0.010472,0.427002,0.372070,0.197864,0.057673,208.539993,3627.000000
3731.000000,-121.577919,0.050781,0.011256,0.425537,0.374023,0.197899,0.061180,303.450012,3557.000000
3732.000000,-112.789543,0.049561,0.010543,0.425293,0.373535,0.197908,0.058991,269.209991,3634.000000
3733.000000,-109.287514,0.046875,0.009795,0.422852,0.371826,0.197319,0.060473,263.690002,3631.000000
3734.000000,-124.155083,0.047607,0.010104,0.425781,0.371826,0.198779,0.059402,294.000000,3613.000000
3735.000000,-104.519150,0.048340,0.010205,0.427246,0.373779,0.198454,0.058888,266.179993,3587.000000
3736.000000,-85.759567,0.048584,0.009797,0.427979,0.377686,0.198286,0.061140,198.580002,3624.000000
3737.000000,-113.011620,0.050293,0.010934,0.429443,0.378906,0.200090,0.059877,284.890015,3611.000000
3738.000000,-84.226250,0.047852,0.009563,0.429688,0.376465,0.199275,0.058861,195.580002,3653.000000
3739.000000,-99.381828,0.046143,0.008991,0.430420,0.374756,0.199676,0.058260,253.059998,3614.000000
3740.000000,-104.824081,0.045410,0.008990,0.432373,0.372070,0.199899,0.056805,268.869995,3602.000000
3741.000000,-120.787933,0.045898,0.009763,0.433105,0.375977,0.198331,0.060953,297.059998,3633.000000
3742.000000,-117.283676,0.044922,0.009473,0.431885,0.373047,0.196697,0.059579,278.269989,3661.000000
3743.000000,-133.328659,0.045410,0.009188,0.434814,0.375977,0.198524,0.060119,300.709991,3656.000000
3744.000000,-117.478996,0.045898,0.009742,0.436523,0.379639,0.198806,0.061486,313.910004,3570.000000
3745.000000,-129.053024,0.044434,0.008629,0.432617,0.375244,0.195246,0.059118,336.239990,3623.000000
3746.000000,-125.924088,0.045898,0.009706,0.434326,0.369385,0.196273,0.057323,323.019989,3660.000000
3747.000000,-115.443436,0.045654,0.009831,0.435059,0.371582,0.195752,0.059059,281.679993,3629.000000
3748.000000,-126.938408,0.044189,0.009245,0.434082,0.369385,0.196158,0.058680,318.899994,3713.000000
3749.000000,-135.701492,0.042725,0.008703,0.434570,0.372070,0.195439,0.058578,334.339996,3673.000000
3750.000000,-111.277328,0.043213,0.008433,0.438232,0.375244,0.197680,0.058928,256.920013,3655.000000
3751.000000,-94.703445,0.043945,0.008802,0.442383,0.373779,0.199465,0.056069,220.490005,3670.000000
3752.000000,-99.593178,0.045410,0.010029,0.441162,0.369629,0.199036,0.053208,220.300003,3665.000000
3753.000000,-119.634712,0.043945,0.009567,0.439453,0.370361,0.198784,0.056486,288.679993,3637.000000
3754.000000,-109.560104,0.043945,0.008806,0.440674,0.378418,0.199125,0.060959,267.470001,3635.000000
3755.000000,-100.686951,0.043945,0.009156,0.441162,0.378418,0.200486,0.059875,237.979996,3641.000000
3756.000000,-103.358917,0.044189,0.008454,0.442627,0.377686,0.201740,0.055899,235.910004,3656.000000
3757.000000,-95.928864,0.044189,0.009582,0.439697,0.375244,0.200516,0.054285,235.320007,3668.000000
3758.000000,-98.175453,0.043213,0.009495,0.439697,0.371338,0.201721,0.055411,242.580002,3666.000000
3759.000000,-111.519600,0.043945,0.009579,0.439453,0.376465,0.201066,0.058032,277.959991,3681.000000
3760.000000,-130.420074,0.043945,0.009333,0.441650,0.375244,0.203216,0.055679,304.079987,3648.000000
3761.000000,-109.716217,0.045166,0.009818,0.442871,0.376709,0.203107,0.056944,259.850006,3625.000000
3762.000000,-92.812508,0.045410,0.010089,0.444092,0.376953,0.203772,0.054474,215.619995,3632.000000
3763.000000,-126.836571,0.044434,0.010606,0.442871,0.373535,0.202723,0.054960,301.190002,3674.000000
3764.000000,-131.981781,0.045898,0.011634,0.444580,0.376709,0.203362,0.058000,341.209991,3663.000000
3765.000000,-109.700089,0.046631,0.012065,0.444336,0.376953,0.203884,0.057225,257.309998,3636.000000
3766.000000,-114.672966,0.045410,0.010550,0.445312,0.378418,0.204042,0.057542,277.690002,3638.000000
3767.000000,-100.876862,0.044434,0.009864,0.448486,0.372803,0.205418,0.053226,236.509995,3659.000000
3768.000000,-103.895363,0.044922,0.010155,0.447266,0.373291,0.203168,0.055642,242.309998,3666.000000
3769.000000,-122.215744,0.045654,0.010621,0.449707,0.377197,0.205010,0.059034,283.779999,3671.000000
3770.000000,-96.798485,0.044434,0.010450,0.450684,0.378662,0.205177,0.059696,229.289993,3659.000000
3771.000000,-115.744263,0.046143,0.011427,0.448486,0.380127,0.202766,0.060039,279.000000,3633.000000
3772.000000,-123.540718,0.047363,0.011812,0.446289,0.378906,0.201019,0.059100,296.609985,3635.000000
3773.000000,-127.089279,0.045166,0.010119,0.443359,0.376221,0.199404,0.058544,327.600006,3615.000000
3774.000000,-142.739365,0.047119,0.011412,0.444336,0.373535,0.200989,0.059782,369.910004,3637.000000
3775.000000,-99.664490,0.046143,0.011137,0.442139,0.377686,0.201044,0.062956,241.669998,3656.000000
3776.000000,-106.969604,0.047119,0.012079,0.444336,0.381592,0.202948,0.062149,256.809998,3671.000000
3777.000000,-94.291916,0.047607,0.012219,0.445068,0.378662,0.203376,0.060299,235.669998,3568.000000
3778.000000,-95.895462,0.046387,0.012131,0.442383,0.375977,0.199999,0.059193,225.440002,3646.000000
3779.000000,-104.509201,0.045166,0.011521,0.442871,0.375000,0.200713,0.058916,265.529999,3640.000000
3780.000000,-117.592781,0.042969,0.010698,0.438232,0.372314,0.197752,0.059402,293.440002,3648.000000
3781.000000,-101.805161,0.042969,0.011810,0.440674,0.372070,0.199326,0.059428,239.240005,3647.000000
3782.000000,-109.946335,0.045166,0.012809,0.441406,0.375488,0.200363,0.061890,265.549988,3649.000000
3783.000000,-123.779053,0.043701,0.011090,0.440918,0.373779,0.199195,0.061446,304.329987,3673.000000
3784.000000,-132.932449,0.043457,0.011378,0.439941,0.374756,0.199400,0.061822,335.510010,3644.000000
3785.000000,-99.496628,0.046387,0.012337,0.442627,0.376709,0.201908,0.061624,242.139999,3677.000000
3786.000000,-97.034729,0.046875,0.012001,0.444824,0.377441,0.201923,0.061667,224.789993,3637.000000
3787.000000,-98.596657,0.046143,0.010815,0.445557,0.376465,0.200952,0.059447,242.229996,3605.000000
3788.000000,-125.000114,0.049072,0.012169,0.448242,0.379150,0.202277,0.060885,305.059998,3625.000000
3789.000000,-95.687302,0.049072,0.011460,0.451660,0.378662,0.204739,0.059502,228.300003,3611.000000
3790.000000,-131.055710,0.048584,0.010896,0.447754,0.379395,0.200199,0.062230,329.100006,3647.000000
3791.000000,-107.642143,0.049316,0.011254,0.446289,0.380127,0.198975,0.061797,250.649994,3659.000000
3792.000000,-93.394890,0.050293,0.011642,0.448486,0.380127,0.200798,0.060771,226.580002,3638.000000
3793.000000,-105.960869,0.051025,0.011565,0.452881,0.383301,0.206024,0.062119,260.290009,3669.000000
3794.000000,-128.696411,0.050537,0.011756,0.449951,0.379395,0.202526,0.059439,343.390015,3628.000000
3795.000000,-131.403259,0.049072,0.010361,0.450439,0.376709,0.203394,0.059876,334.579987,3591.000000
3796.000000,-121.252182,0.050293,0.012269,0.447998,0.376709,0.201163,0.058884,310.950012,3592.000000
3797.000000,-103.546005,0.050049,0.011392,0.447754,0.378418,0.201696,0.059800,253.679993,3606.000000
3798.000000,-125.448318,0.050293,0.011886,0.445801,0.380127,0.201149,0.062555,321.600006,3607.000000
3799.000000,-125.745010,0.048340,0.010729,0.447021,0.381592,0.201257,0.064377,310.790009,3603.000000
3800.000000,-103.739853,0.050049,0.011473,0.449463,0.382568,0.203228,0.062608,258.609985,3638.000000
3801.000000,-101.296402,0.048584,0.011080,0.443848,0.380615,0.199774,0.063318,259.489990,3633.000000
3802.000000,-96.999161,0.048340,0.011218,0.445801,0.379150,0.202384,0.061830,234.100006,3636.000000
3803.000000,-98.424149,0.049072,0.012332,0.447510,0.380371,0.204173,0.063702,225.190002,3652.000000
3804.000000,-113.827805,0.047607,0.010683,0.445068,0.382324,0.202054,0.063765,295.769989,3628.000000
3805.000000,-99.822357,0.046875,0.011036,0.448975,0.380371,0.204701,0.061561,226.509995,3641.000000
3806.000000,-108.581749,0.045654,0.011028,0.444824,0.379150,0.202319,0.062120,259.140015,3653.000000
3807.000000,-103.006760,0.044678,0.010246,0.443848,0.379150,0.200640,0.061917,237.330002,3625.000000
3808.000000,-101.921288,0.044434,0.011893,0.443604,0.376221,0.201227,0.060980,258.690002,3635.000000
3809.000000,-112.252655,0.045166,0.011434,0.445801,0.380615,0.203638,0.063105,292.140015,3646.000000
3810.000000,-106.559776,0.043457,0.010014,0.443359,0.378662,0.200407,0.061804,248.830002,3632.000000
3811.000000,-118.350204,0.044678,0.011744,0.445312,0.378906,0.201601,0.063904,299.709991,3633.000000
3812.000000,-118.958656,0.045410,0.011120,0.446289,0.375000,0.203779,0.062369,291.899994,3637.000000
3813.000000,-100.019684,0.045654,0.011220,0.444580,0.374756,0.202982,0.062954,235.729996,3638.000000
3814.000000,-109.980774,0.045654,0.011572,0.448975,0.376221,0.205902,0.064043,246.119995,3642.000000
3815.000000,-92.935814,0.045898,0.010871,0.447998,0.377197,0.204141,0.063980,209.470001,3626.000000
3816.000000,-85.331947,0.045654,0.010812,0.451416,0.379150,0.206973,0.061796,202.589996,3645.000000
3817.000000,-113.853905,0.046875,0.011301,0.454346,0.379150,0.207780,0.062107,286.859985,3640.000000
3818.000000,-117.302429,0.047607,0.011867,0.455078,0.382812,0.209681,0.063148,278.269989,3651.000000
3819.000000,-132.586807,0.048828,0.012779,0.455811,0.379150,0.209748,0.059447,336.640015,3686.000000
3820.000000,-129.586029,0.050049,0.014119,0.455078,0.375244,0.210093,0.061349,320.750000,3685.000000
3821.000000,-115.806786,0.050293,0.014048,0.455322,0.378662,0.210208,0.061756,288.559998,3612.000000
3822.000000,-97.984283,0.050293,0.013251,0.454102,0.379150,0.208321,0.062866,244.220001,3609.000000
3823.000000,-121.929321,0.048340,0.011874,0.451660,0.378662,0.205789,0.063439,301.440002,3616.000000
3824.000000,-100.361069,0.048096,0.011746,0.452637,0.378662,0.205317,0.060299,249.470001,3649.000000
3825.000000,-108.659752,0.047607,0.011569,0.453125,0.378906,0.204688,0.058820,247.869995,3646.000000
3826.000000,-100.691429,0.048096,0.011845,0.453369,0.375000,0.204829,0.060230,243.979996,3638.000000
3827.000000,-122.370697,0.047119,0.010951,0.451904,0.372559,0.204184,0.059696,315.190002,3643.000000
3828.000000,-116.685440,0.046875,0.010939,0.449951,0.373535,0.204732,0.063021,283.309998,3673.000000
3829.000000,-129.145752,0.045166,0.010162,0.448730,0.375977,0.203780,0.062096,328.869995,3644.000000
3830.000000,-102.873756,0.045654,0.011383,0.452148,0.374512,0.207224,0.060371,258.450012,3652.000000
3831.000000,-105.253357,0.046387,0.012412,0.449951,0.375000,0.206707,0.063014,264.510010,3643.000000
3832.000000,-105.526321,0.047363,0.012651,0.450195,0.374756,0.207241,0.062949,250.839996,3658.000000
3833.000000,-102.779861,0.047607,0.011741,0.448242,0.375000,0.204034,0.061559,254.389999,3644.000000
3834.000000,-114.982964,0.046875,0.010509,0.449951,0.374268,0.204871,0.062571,282.329987,3641.000000
3835.000000,-85.391258,0.046875,0.010524,0.453369,0.375000,0.205342,0.062488,199.320007,3619.000000
3836.000000,-117.242622,0.048096,0.011730,0.454346,0.376221,0.204894,0.062961,274.390015,3631.000000
3837.000000,-107.403038,0.048096,0.011542,0.454102,0.376709,0.204460,0.063318,249.660004,3626.000000
3838.000000,-107.004211,0.047119,0.010960,0.451904,0.376221,0.202464,0.063291,265.410004,3648.000000
3839.000000,-114.381607,0.048340,0.012188,0.453125,0.373047,0.203910,0.062145,272.739990,3681.000000
3840.000000,-130.736588,0.048340,0.011862,0.454102,0.369141,0.204704,0.059968,313.670013,3680.000000
3841.000000,-128.481216,0.047607,0.011052,0.453125,0.371582,0.202746,0.060899,305.160004,3576.000000
3842.000000,-115.255119,0.048828,0.012414,0.452393,0.374023,0.202717,0.061543,284.440002,3678.000000
3843.000000,-91.790573,0.048340,0.011693,0.449463,0.375732,0.201061,0.063683,200.110001,3650.000000
3844.000000,-94.257034,0.050781,0.013337,0.449707,0.376465,0.202708,0.064216,223.740005,3649.000000
3845.000000,-118.162735,0.047852,0.011854,0.447510,0.372803,0.201513,0.063499,274.549988,3725.000000
3846.000000,-107.207863,0.049072,0.012833,0.447754,0.374756,0.202327,0.063202,267.510010,3676.000000
3847.000000,-95.896820,0.049805,0.012995,0.449707,0.374756,0.203528,0.063664,224.740005,3651.000000
3848.000000,-118.433876,0.049072,0.011845,0.447266,0.381592,0.201762,0.067471,283.209991,3650.000000
3849.000000,-135.125275,0.048828,0.011152,0.446777,0.381348,0.202440,0.065989,367.380005,3626.000000
3850.000000,-106.415474,0.048584,0.010772,0.446289,0.373291,0.202067,0.059362,254.699997,3652.000000
3851.000000,-109.736916,0.046143,0.010612,0.444580,0.370605,0.202170,0.060329,255.699997,3631.000000
3852.000000,-115.619492,0.047607,0.011771,0.445312,0.374268,0.203304,0.061511,307.880005,3655.000000
3853.000000,-112.520477,0.048828,0.011907,0.446045,0.377686,0.204712,0.064368,269.420013,3628.000000
3854.000000,-117.544167,0.049805,0.012581,0.444580,0.381592,0.203310,0.066349,304.459991,3649.000000
3855.000000,-100.874451,0.049561,0.011960,0.442139,0.373047,0.201858,0.060454,269.140015,3632.000000
3856.000000,-119.336800,0.048584,0.011047,0.439209,0.373291,0.198946,0.060450,309.820007,3655.000000
3857.000000,-116.355255,0.049316,0.012052,0.440430,0.375977,0.200646,0.062195,272.980011,3643.000000
3858.000000,-100.162064,0.048828,0.011161,0.439209,0.374512,0.199566,0.061573,247.080002,3669.000000
3859.000000,-141.440231,0.048096,0.010342,0.438965,0.375488,0.198302,0.062443,370.149994,3654.000000
3860.000000,-112.596405,0.046875,0.010533,0.439453,0.374756,0.199979,0.063438,280.149994,3659.000000
3861.000000,-104.796196,0.046875,0.011515,0.441650,0.373291,0.203784,0.061257,256.000000,3616.000000
3862.000000,-118.937561,0.046387,0.011438,0.440186,0.371826,0.201823,0.061870,287.600006,3668.000000
3863.000000,-133.501068,0.043945,0.009564,0.436035,0.373047,0.199168,0.063002,320.980011,3681.000000
3864.000000,-106.103539,0.044678,0.009476,0.435059,0.374268,0.198389,0.063061,264.390015,3661.000000
3865.000000,-93.543961,0.043701,0.009224,0.434814,0.370605,0.199049,0.059885,204.839996,3649.000000
3866.000000,-122.262161,0.043457,0.009374,0.437256,0.368408,0.200972,0.057373,272.609985,3667.000000
3867.000000,-130.096222,0.044922,0.010155,0.437256,0.370850,0.201409,0.060990,311.950012,3645.000000
3868.000000,-131.227921,0.044434,0.009405,0.436768,0.371094,0.201928,0.060225,326.290009,3641.000000
3869.000000,-116.723579,0.042725,0.009105,0.433105,0.374756,0.200500,0.063066,280.570007,3633.000000
3870.000000,-133.936859,0.042969,0.009195,0.432129,0.372070,0.198920,0.061465,338.100006,3654.000000
3871.000000,-89.241013,0.044434,0.009444,0.436523,0.371826,0.202753,0.060137,197.020004,3648.000000
3872.000000,-122.011864,0.044678,0.009658,0.435303,0.371094,0.202129,0.061247,308.950012,3636.000000
3873.000000,-102.713570,0.043701,0.009566,0.436035,0.369385,0.202057,0.061512,260.570007,3627.000000
3874.000000,-104.171501,0.042969,0.010333,0.437256,0.371826,0.203707,0.062606,256.070007,3637.000000
3875.000000,-138.451218,0.042480,0.009555,0.434082,0.368652,0.202573,0.060067,337.989990,3654.000000
3876.000000,-102.997734,0.041504,0.008597,0.431396,0.368408,0.198184,0.059535,242.720001,3645.000000
3877.000000,-97.032730,0.041504,0.008677,0.433838,0.373047,0.200543,0.061845,207.270004,3653.000000
3878.000000,-117.994461,0.043701,0.009809,0.435059,0.374268,0.201505,0.062471,273.350006,3645.000000
3879.000000,-102.013466,0.045410,0.010587,0.436768,0.374268,0.202437,0.062170,251.880005,3657.000000
3880.000000,-85.768486,0.043213,0.008691,0.435547,0.368164,0.200272,0.059168,188.360001,3664.000000
3881.000000,-111.405098,0.043945,0.008596,0.437012,0.371582,0.200561,0.059686,260.130005,3646.000000
3882.000000,-107.468544,0.044678,0.008715,0.440674,0.374512,0.202817,0.062502,268.709991,3618.000000
3883.000000,-114.650536,0.045654,0.008759,0.439453,0.372070,0.201654,0.062534,287.619995,3630.000000
3884.000000,-112.524460,0.045898,0.008530,0.436523,0.369629,0.197962,0.061463,263.790009,3631.000000
3885.000000,-110.045212,0.045654,0.009367,0.434326,0.366943,0.198262,0.060785,257.220001,3637.000000
3886.000000,-109.140472,0.044922,0.009115,0.433838,0.366455,0.197716,0.060827,268.470001,3626.000000
3887.000000,-91.664131,0.043945,0.008406,0.433594,0.371094,0.197884,0.064002,222.250000,3610.000000
3888.000000,-112.144409,0.044922,0.009163,0.435059,0.371094,0.200461,0.063645,266.010010,3612.000000
3889.000000,-88.143791,0.045654,0.009603,0.436279,0.371338,0.198756,0.061886,206.240005,3621.000000
3890.000000,-92.320244,0.046631,0.008661,0.437500,0.369385,0.199725,0.059633,199.770004,3644.000000
3891.000000,-118.929367,0.047119,0.010133,0.436279,0.365723,0.199772,0.060113,289.299988,3647.000000
3892.000000,-96.106064,0.048340,0.010123,0.436523,0.368408,0.200577,0.060713,216.789993,3633.000000
3893.000000,-114.583130,0.048096,0.010341,0.436279,0.367432,0.200775,0.062723,283.790009,3636.000000
3894.000000,-127.874710,0.047119,0.009893,0.433350,0.367676,0.199780,0.063199,320.989990,3681.000000
3895.000000,-112.200493,0.047852,0.010256,0.433105,0.366455,0.200306,0.062518,259.709991,3624.000000
3896.000000,-106.319641,0.047852,0.009938,0.437744,0.364746,0.205222,0.061210,250.970001,3639.000000
3897.000000,-103.925652,0.047852,0.011051,0.435303,0.368164,0.203781,0.064419,267.730011,3652.000000
3898.000000,-107.809235,0.048096,0.010502,0.433350,0.369141,0.203567,0.063144,255.199997,3631.000000
3899.000000,-118.943329,0.047607,0.010092,0.434326,0.364746,0.204490,0.060053,297.959991,3626.000000
3900.000000,-114.273438,0.047607,0.009857,0.431885,0.364258,0.203663,0.060821,276.440002,3604.000000
3901.000000,-78.955780,0.047363,0.010219,0.432617,0.365479,0.203891,0.061042,164.289993,3649.000000
3902.000000,-103.426018,0.047119,0.009725,0.433105,0.365234,0.204616,0.061873,259.059998,3652.000000
3903.000000,-113.332527,0.045898,0.009708,0.434326,0.365723,0.204960,0.062428,288.170013,3670.000000
3904.000000,-133.509781,0.047119,0.010252,0.431641,0.367432,0.202927,0.063778,340.290009,3668.000000
3905.000000,-126.521713,0.046387,0.010237,0.429688,0.365967,0.201324,0.061693,330.359985,3524.000000
3906.000000,-92.327026,0.046387,0.009896,0.431396,0.365967,0.203097,0.061509,222.919998,3635.000000
3907.000000,-105.267502,0.044189,0.008381,0.431885,0.363770,0.202469,0.058878,243.070007,3641.000000
3908.000000,-108.060059,0.045898,0.010086,0.436523,0.363037,0.205940,0.058719,269.049988,3655.000000
3909.000000,-99.366081,0.045654,0.009844,0.434326,0.362549,0.204470,0.060683,242.240005,3651.000000
3910.000000,-95.607094,0.046387,0.009649,0.434326,0.363525,0.203803,0.060724,225.320007,3669.000000
3911.000000,-93.193581,0.046387,0.010322,0.433838,0.364502,0.203594,0.061021,223.690002,3636.000000
3912.000000,-114.000313,0.045898,0.009637,0.436279,0.365479,0.205768,0.060595,270.500000,3640.000000
3913.000000,-103.532784,0.046631,0.010074,0.436768,0.368164,0.205588,0.061536,244.860001,3649.000000
3914.000000,-126.365799,0.047119,0.009825,0.439209,0.370117,0.208258,0.063769,320.619995,3656.000000
3915.000000,-116.572540,0.048096,0.010319,0.437500,0.367188,0.205814,0.060757,305.820007,3625.000000
3916.000000,-113.192337,0.047852,0.009960,0.435303,0.364990,0.205432,0.059590,275.540009,3602.000000
3917.000000,-103.087273,0.046143,0.009722,0.436523,0.364014,0.207648,0.059464,253.679993,3619.000000
3918.000000,-116.836617,0.047607,0.010191,0.438965,0.366943,0.209633,0.062183,290.690002,3627.000000
3919.000000,-122.580841,0.047607,0.009604,0.437500,0.365234,0.208620,0.061895,313.390015,3631.000000
3920.000000,-87.097694,0.046387,0.010288,0.435547,0.361084,0.207103,0.061422,196.500000,3630.000000
3921.000000,-119.909897,0.045654,0.009455,0.434570,0.360107,0.204266,0.061286,287.329987,3624.000000
3922.000000,-127.325920,0.044922,0.009699,0.434082,0.362549,0.203537,0.062144,319.559998,3610.000000
3923.000000,-123.563293,0.045166,0.010772,0.434082,0.364990,0.204353,0.064281,321.739990,3631.000000
3924.000000,-109.463745,0.045166,0.010521,0.434814,0.365479,0.204012,0.065500,277.790009,3653.000000
3925.000000,-106.447197,0.044922,0.010731,0.432373,0.363037,0.200760,0.062236,248.830002,3640.000000
3926.000000,-107.520042,0.045166,0.011147,0.431885,0.359863,0.201082,0.060876,266.220001,3640.000000
3927.000000,-113.748962,0.043945,0.010063,0.433838,0.361328,0.202415,0.062592,292.450012,3627.000000
3928.000000,-119.083611,0.044922,0.011182,0.434082,0.361816,0.202309,0.062619,291.420013,3620.000000
3929.000000,-100.223930,0.046387,0.011880,0.436279,0.367188,0.203748,0.065834,249.770004,3624.000000
3930.000000,-110.812752,0.044678,0.010283,0.435791,0.362305,0.201505,0.060035,253.380005,3611.000000
3931.000000,-106.448715,0.043457,0.009988,0.437500,0.356201,0.202594,0.059889,265.220001,3624.000000
3932.000000,-130.285645,0.043701,0.009963,0.438965,0.363037,0.203399,0.063293,332.940002,3647.000000
3933.000000,-115.444633,0.042969,0.009885,0.441895,0.362549,0.204899,0.061695,281.380005,3648.000000
3934.000000,-107.688560,0.043945,0.010631,0.440186,0.367188,0.203362,0.065684,272.109985,3678.000000
3935.000000,-101.053345,0.043701,0.011135,0.438721,0.364502,0.202121,0.063855,259.179993,3673.000000
3936.000000,-120.645638,0.044922,0.012080,0.438721,0.361084,0.201315,0.061709,308.200012,3634.000000
3937.000000,-111.021347,0.045166,0.013059,0.438232,0.360840,0.201018,0.061715,262.850006,3672.000000
3938.000000,-115.996178,0.046143,0.013342,0.438232,0.362061,0.200976,0.060618,285.149994,3618.000000
3939.000000,-132.411118,0.045410,0.013563,0.436523,0.365234,0.199508,0.063153,337.799988,3658.000000
3940.000000,-117.436752,0.045410,0.012684,0.433350,0.367432,0.197050,0.065098,287.609985,3667.000000
3941.000000,-122.367912,0.046875,0.013758,0.435547,0.367676,0.198864,0.065363,295.440002,3653.000000
3942.000000,-127.091255,0.048096,0.014484,0.434326,0.364502,0.198348,0.062460,330.049988,3671.000000
3943.000000,-97.705666,0.048584,0.014124,0.437500,0.368408,0.199854,0.062517,234.669998,3667.000000
3944.000000,-114.997040,0.047852,0.013243,0.437744,0.366699,0.199193,0.061618,276.890015,3678.000000
3945.000000,-106.786461,0.047607,0.013284,0.438477,0.365234,0.199874,0.062099,265.829987,3662.000000
3946.000000,-98.856583,0.047607,0.013334,0.439209,0.368652,0.199038,0.063766,248.789993,3663.000000
3947.000000,-108.568619,0.049316,0.013752,0.444092,0.371338,0.201491,0.065420,281.130005,3677.000000
3948.000000,-116.347511,0.050049,0.013085,0.443604,0.369873,0.200422,0.061653,270.100006,3645.000000
3949.000000,-119.557396,0.052490,0.014703,0.445801,0.375488,0.200878,0.066292,286.000000,3608.000000
3950.000000,-103.487633,0.052490,0.014699,0.444092,0.373291,0.200450,0.064781,260.829987,3636.000000
3951.000000,-107.158737,0.052002,0.013707,0.444092,0.372070,0.201429,0.063334,263.010010,3645.000000
3952.000000,-108.293594,0.051514,0.013775,0.441406,0.371826,0.200053,0.062959,261.559998,3610.000000
3953.000000,-114.940117,0.052246,0.014168,0.444336,0.374268,0.201454,0.064768,288.029999,3559.000000
3954.000000,-105.380623,0.052734,0.013601,0.445801,0.375488,0.201635,0.064545,261.190002,3515.000000
3955.000000,-96.601974,0.053223,0.013573,0.446533,0.371338,0.203337,0.061349,238.860001,3563.000000
3956.000000,-135.523636,0.051025,0.012517,0.442383,0.369385,0.201259,0.061326,350.019989,3637.000000
3957.000000,-111.815643,0.049561,0.012044,0.439697,0.368652,0.199146,0.060816,257.250000,3649.000000
3958.000000,-110.899765,0.049805,0.012536,0.442627,0.368164,0.201846,0.062163,276.369995,3642.000000
3959.000000,-114.938866,0.049072,0.011715,0.444580,0.371826,0.202985,0.063912,302.970001,3658.000000
3960.000000,-86.079460,0.048584,0.011554,0.445068,0.373535,0.203681,0.063299,197.520004,3633.000000
3961.000000,-101.209717,0.049316,0.011936,0.447510,0.374268,0.203466,0.061547,241.589996,3629.000000
3962.000000,-106.058914,0.048584,0.010716,0.445801,0.366943,0.201130,0.057619,242.910004,3635.000000
3963.000000,-100.824913,0.050781,0.011710,0.448730,0.371826,0.202470,0.059422,246.809998,3589.000000
3964.000000,-120.300957,0.050049,0.011251,0.452393,0.374023,0.206980,0.060796,304.799988,3645.000000
3965.000000,-118.876373,0.053223,0.012950,0.452148,0.379639,0.205587,0.063903,294.609985,3632.000000
3966.000000,-113.554855,0.052490,0.012594,0.448730,0.374756,0.203295,0.060935,288.730011,3646.000000
3967.000000,-101.430359,0.052490,0.012684,0.449463,0.372803,0.203914,0.060478,244.029999,3640.000000
3968.000000,-112.481964,0.051025,0.012213,0.445557,0.367920,0.200807,0.059331,268.410004,3674.000000
3969.000000,-108.029900,0.050293,0.011120,0.446045,0.370117,0.200512,0.061079,261.329987,3572.000000
3970.000000,-118.707481,0.050537,0.011183,0.447998,0.375000,0.202898,0.065291,294.760010,3651.000000
3971.000000,-122.712708,0.049805,0.011033,0.446045,0.375488,0.200987,0.065268,304.489990,3649.000000
3972.000000,-104.985809,0.049072,0.011201,0.443604,0.372803,0.201070,0.062075,262.269989,3627.000000
3973.000000,-106.480965,0.048340,0.010799,0.442627,0.371582,0.199290,0.061224,267.489990,3618.000000
3974.000000,-127.370926,0.049072,0.010697,0.442139,0.374023,0.199463,0.062776,311.839996,3620.000000
3975.000000,-113.147842,0.048340,0.010328,0.441650,0.372314,0.199330,0.061066,270.000000,3609.000000
3976.000000,-117.272545,0.049072,0.010318,0.442139,0.374023,0.198084,0.063236,286.549988,3635.000000
3977.000000,-102.387024,0.048096,0.010464,0.442383,0.372559,0.198439,0.061900,249.169998,3629.000000
3978.000000,-116.714699,0.047852,0.010286,0.443848,0.370361,0.198991,0.060098,300.269989,3627.000000
3979.000000,-96.444977,0.045898,0.010033,0.441406,0.366455,0.196609,0.059714,234.500000,3618.000000
3980.000000,-130.176956,0.044434,0.008778,0.443115,0.366943,0.196466,0.060867,336.730011,3597.000000
3981.000000,-138.815994,0.043945,0.008882,0.438965,0.368408,0.192306,0.060950,363.000000,3639.000000
3982.000000,-112.096291,0.045166,0.009887,0.442627,0.366943,0.196185,0.058642,274.799988,3623.000000
3983.000000,-126.698189,0.045898,0.010154,0.444824,0.367432,0.199670,0.060688,312.559998,3623.000000
3984.000000,-125.587914,0.046631,0.011450,0.442871,0.367920,0.199650,0.061966,313.500000,3616.000000
3985.000000,-103.673180,0.044922,0.009873,0.441162,0.369385,0.197925,0.061927,263.880005,3632.000000
3986.000000,-111.034119,0.042969,0.008105,0.438477,0.369385,0.194809,0.062418,280.730011,3664.000000
3987.000000,-117.282204,0.045898,0.009613,0.440918,0.367432,0.196828,0.060553,307.609985,3634.000000
3988.000000,-123.906136,0.045898,0.008820,0.439209,0.367676,0.194575,0.060382,301.839996,3634.000000
3989.000000,-121.160347,0.046631,0.009421,0.438721,0.368896,0.195610,0.061470,310.559998,3654.000000
3990.000000,-125.334579,0.047363,0.009655,0.441895,0.369141,0.198870,0.062345,318.790009,3691.000000
3991.000000,-108.213959,0.049072,0.011850,0.445068,0.372559,0.202040,0.063099,249.369995,3630.000000
3992.000000,-118.582588,0.049316,0.010378,0.447266,0.373047,0.202932,0.060973,283.940002,3583.000000
3993.000000,-96.357140,0.049316,0.010922,0.448730,0.371338,0.205055,0.061069,232.360001,3681.000000
3994.000000,-111.897202,0.050293,0.011378,0.449219,0.371338,0.205087,0.061031,277.959991,3638.000000
3995.000000,-105.481453,0.051758,0.011358,0.447998,0.370361,0.203233,0.060767,253.399994,3617.000000
3996.000000,-101.677551,0.050293,0.009874,0.446777,0.370117,0.201696,0.059271,251.800003,3620.000000
3997.000000,-118.186623,0.050049,0.009206,0.443848,0.364746,0.200079,0.056265,294.609985,3627.000000
3998.000000,-122.811653,0.049072,0.008654,0.443848,0.366699,0.201584,0.059512,309.429993,3582.000000
3999.000000,-116.603340,0.051514,0.009737,0.444824,0.370361,0.201897,0.061124,307.079987,3638.000000
4000.000000,-119.815636,0.051758,0.010464,0.445557,0.373535,0.202669,0.062062,321.410004,3662.000000
4001.000000,-106.087700,0.051758,0.010053,0.446289,0.375732,0.203261,0.061674,271.170013,3658.000000
4002.000000,-91.946884,0.051025,0.010215,0.446045,0.372559,0.202217,0.058342,220.029999,3634.000000
4003.000000,-114.096207,0.050293,0.009960,0.447754,0.365723,0.203439,0.055486,286.269989,3653.000000
4004.000000,-126.979912,0.051514,0.010580,0.447998,0.371582,0.203151,0.060914,306.690002,3618.000000
4005.000000,-118.223274,0.053467,0.010340,0.451172,0.374268,0.205968,0.059425,299.029999,3637.000000
4006.000000,-93.846390,0.052002,0.009361,0.450195,0.373047,0.204113,0.057569,219.320007,3649.000000
4007.000000,-97.140686,0.050537,0.008519,0.447266,0.371826,0.201667,0.055262,232.740005,3644.000000
4008.000000,-131.295151,0.051514,0.009846,0.448242,0.374512,0.202921,0.059051,337.529999,3609.000000
4009.000000,-139.210220,0.051758,0.009878,0.445557,0.372070,0.200006,0.058173,352.059998,3641.000000
4010.000000,-104.307823,0.051270,0.010063,0.445557,0.371826,0.200224,0.057591,248.800003,3649.000000
4011.000000,-92.756065,0.050781,0.010373,0.447510,0.375488,0.201206,0.059224,220.850006,3641.000000
4012.000000,-92.143036,0.051025,0.010412,0.448975,0.375488,0.202167,0.059056,211.699997,3639.000000
4013.000000,-107.348961,0.049316,0.009940,0.449219,0.374023,0.202074,0.059211,256.230011,3656.000000
4014.000000,-96.985703,0.049561,0.009479,0.449707,0.372559,0.200461,0.056934,232.369995,3649.000000
4015.000000,-109.859596,0.048828,0.008838,0.447754,0.373779,0.198114,0.058918,262.519989,3634.000000
4016.000000,-123.198227,0.047852,0.009351,0.448242,0.378418,0.200885,0.063411,313.410004,3646.000000
4017.000000,-101.743408,0.045410,0.009286,0.447021,0.374023,0.201934,0.059628,231.809998,3664.000000
4018.000000,-115.176399,0.046631,0.010102,0.446777,0.374512,0.201838,0.059223,270.579987,3653.000000
4019.000000,-90.746742,0.047363,0.011264,0.446533,0.377686,0.203070,0.061209,223.940002,3582.000000
4020.000000,-110.955528,0.045410,0.009837,0.447266,0.377197,0.204345,0.058352,282.970001,3598.000000
4021.000000,-99.249840,0.045898,0.010311,0.447754,0.378418,0.203226,0.060746,222.009995,3612.000000
4022.000000,-127.514870,0.044678,0.009620,0.449219,0.379639,0.204209,0.059623,324.109985,3662.000000
4023.000000,-107.858322,0.044922,0.009874,0.448730,0.378174,0.203883,0.057174,264.579987,3655.000000
4024.000000,-127.211372,0.044434,0.010148,0.450928,0.377930,0.205222,0.060299,340.929993,3624.000000
4025.000000,-124.483269,0.045410,0.010982,0.448730,0.378662,0.204652,0.060941,330.049988,3640.000000
4026.000000,-100.377884,0.045654,0.010881,0.447021,0.379639,0.203951,0.061128,236.190002,3636.000000
4027.000000,-100.083672,0.046387,0.011331,0.445068,0.380615,0.202032,0.063721,265.619995,3657.000000
4028.000000,-123.587814,0.047607,0.011390,0.445312,0.379639,0.203077,0.061037,314.700012,3663.000000
4029.000000,-107.023148,0.045410,0.010014,0.443604,0.378418,0.202080,0.058699,254.820007,3650.000000
4030.000000,-123.898872,0.044678,0.009769,0.442871,0.377686,0.201122,0.058447,304.869995,3665.000000
4031.000000,-117.735023,0.043945,0.009783,0.443115,0.380859,0.200169,0.061150,295.760010,3653.000000
4032.000000,-100.987953,0.044678,0.010193,0.443604,0.380371,0.199717,0.061065,228.020004,3625.000000
4033.000000,-101.051521,0.044678,0.010513,0.442383,0.377441,0.198807,0.058998,253.570007,3526.000000
4034.000000,-136.597153,0.044434,0.009585,0.444092,0.375244,0.200587,0.057831,309.769989,3655.000000
4035.000000,-99.047195,0.046143,0.011322,0.447754,0.378906,0.203505,0.060632,247.149994,3636.000000
4036.000000,-103.160042,0.046143,0.010946,0.442871,0.376221,0.201311,0.061046,258.359985,3626.000000
4037.000000,-100.987808,0.045410,0.010881,0.443848,0.378418,0.201647,0.062083,253.250000,3614.000000
4038.000000,-125.083527,0.043701,0.009865,0.441650,0.374268,0.199881,0.058564,291.079987,3577.000000
4039.000000,-104.442291,0.044678,0.010867,0.441650,0.373047,0.199139,0.058896,251.050003,3628.000000
4040.000000,-95.131981,0.045654,0.011296,0.445068,0.372559,0.201841,0.059599,229.009995,3643.000000
4041.000000,-128.273590,0.046143,0.010963,0.445801,0.380127,0.203160,0.066087,327.130005,3667.000000
4042.000000,-108.466797,0.045410,0.009791,0.443848,0.377441,0.200620,0.062389,275.250000,3666.000000
4043.000000,-123.754547,0.044678,0.009921,0.443848,0.373779,0.201844,0.061297,300.899994,3636.000000
4044.000000,-109.443687,0.042969,0.008973,0.443359,0.373291,0.201288,0.059879,269.190002,3631.000000
4045.000000,-116.770172,0.043945,0.009533,0.446533,0.368408,0.203891,0.057942,280.690002,3670.000000
4046.000000,-109.321404,0.043945,0.009631,0.449219,0.374512,0.205752,0.064703,272.850006,3664.000000
4047.000000,-110.744011,0.044678,0.010516,0.449707,0.378662,0.205096,0.065834,283.760010,3673.000000
4048.000000,-128.791122,0.044678,0.011056,0.447510,0.375244,0.203119,0.064108,326.820007,3647.000000
4049.000000,-113.648834,0.044189,0.010933,0.445557,0.370605,0.201241,0.061473,289.279999,3624.000000
4050.000000,-118.342445,0.044189,0.010916,0.446289,0.370361,0.202725,0.060971,297.920013,3622.000000
4051.000000,-128.062363,0.044922,0.010940,0.446533,0.366455,0.201829,0.060222,326.730011,3629.000000
4052.000000,-94.140457,0.044189,0.010448,0.447998,0.367188,0.203675,0.060392,232.990005,3652.000000
4053.000000,-121.894463,0.042480,0.009368,0.445557,0.364014,0.200464,0.060020,307.929993,3661.000000
4054.000000,-115.879898,0.043213,0.009823,0.447021,0.369141,0.202246,0.062316,294.529999,3659.000000
4055.000000,-119.359947,0.043457,0.010402,0.450439,0.370117,0.205029,0.060689,285.369995,3656.000000
4056.000000,-95.636589,0.043945,0.010735,0.451416,0.368164,0.205251,0.060429,220.259995,3665.000000
4057.000000,-103.550468,0.044678,0.011442,0.453613,0.369141,0.206981,0.060094,242.070007,3676.000000
4058.000000,-109.553993,0.046143,0.011152,0.456055,0.363281,0.207240,0.057737,267.510010,3648.000000
4059.000000,-120.584106,0.045654,0.011202,0.452148,0.364258,0.203904,0.059569,299.869995,3624.000000
4060.000000,-115.799011,0.046875,0.011591,0.453125,0.366455,0.205147,0.059528,265.250000,3626.000000
4061.000000,-112.704147,0.046875,0.011345,0.454346,0.366211,0.204964,0.059410,276.920013,3628.000000
4062.000000,-121.937920,0.047363,0.012148,0.454346,0.364502,0.204438,0.063031,299.420013,3632.000000
4063.000000,-98.722931,0.046875,0.011068,0.451416,0.359863,0.201357,0.060429,222.229996,3656.000000
4064.000000,-115.842873,0.047363,0.010742,0.454346,0.364746,0.203795,0.061639,291.119995,3672.000000
4065.000000,-107.551735,0.046875,0.010359,0.450195,0.368408,0.198912,0.063789,269.859985,3670.000000
4066.000000,-101.868866,0.047363,0.010617,0.452881,0.369629,0.201862,0.062321,246.380005,3673.000000
4067.000000,-105.246925,0.046875,0.010363,0.452393,0.364990,0.202440,0.060632,248.460007,3661.000000
4068.000000,-103.612762,0.046631,0.010294,0.457275,0.365234,0.207286,0.060802,243.509995,3670.000000
4069.000000,-118.862259,0.045166,0.010725,0.451904,0.364258,0.203534,0.062331,295.109985,3671.000000
4070.000000,-103.632782,0.047363,0.011496,0.455322,0.370117,0.205047,0.064350,237.210007,3657.000000
4071.000000,-112.678947,0.046875,0.011863,0.456055,0.368408,0.205513,0.062105,280.739990,3635.000000
4072.000000,-90.435463,0.048340,0.012251,0.458252,0.365967,0.206457,0.061828,218.089996,3663.000000
4073.000000,-126.748787,0.047363,0.011122,0.457031,0.364258,0.205555,0.060622,312.450012,3661.000000
4074.000000,-73.375687,0.048096,0.011494,0.458252,0.366943,0.206535,0.061293,161.789993,3660.000000
4075.000000,-82.931679,0.046143,0.011429,0.454834,0.363525,0.204683,0.061474,196.369995,3637.000000
4076.000000,-134.616608,0.046875,0.011533,0.454346,0.366455,0.204770,0.061482,342.089996,3656.000000
4077.000000,-128.640564,0.046387,0.010723,0.457031,0.365479,0.206832,0.060165,329.070007,3641.000000
4078.000000,-99.966202,0.048096,0.010925,0.458740,0.366211,0.206563,0.060458,234.869995,3631.000000
4079.000000,-105.043198,0.047119,0.010499,0.460205,0.367676,0.207692,0.060231,250.029999,3622.000000
4080.000000,-125.015251,0.047852,0.010213,0.459961,0.365723,0.207844,0.059803,310.320007,3612.000000
4081.000000,-127.130074,0.048584,0.012020,0.456055,0.366943,0.205547,0.062775,320.519989,3625.000000
4082.000000,-123.491379,0.047607,0.011812,0.454590,0.364258,0.204690,0.060160,298.579987,3639.000000
4083.000000,-112.016563,0.049072,0.012559,0.455811,0.368164,0.206144,0.064139,275.609985,3640.000000
4084.000000,-107.642479,0.049561,0.011515,0.457031,0.367676,0.207371,0.062142,271.399994,3652.000000
4085.000000,-122.882866,0.048828,0.012399,0.458496,0.366943,0.209769,0.062556,298.470001,3660.000000
4086.000000,-102.449005,0.050781,0.012063,0.459717,0.370117,0.209112,0.064022,262.739990,3645.000000
4087.000000,-107.609642,0.051025,0.012281,0.460449,0.370850,0.208792,0.061828,247.820007,3681.000000
4088.000000,-116.287552,0.049805,0.011710,0.458252,0.365479,0.207576,0.058039,302.700012,3633.000000
4089.000000,-111.853485,0.050049,0.012165,0.455322,0.362793,0.205771,0.059625,270.790009,3643.000000
4090.000000,-98.159004,0.051025,0.012322,0.458008,0.366699,0.206880,0.062319,232.380005,3628.000000
4091.000000,-103.474205,0.050049,0.011492,0.458740,0.370117,0.206331,0.063706,262.890015,3625.000000
4092.000000,-88.250282,0.052002,0.012093,0.461426,0.369141,0.207866,0.061392,218.240005,3582.000000
4093.000000,-105.407722,0.050537,0.011525,0.459961,0.368164,0.207073,0.060100,265.339996,3619.000000
4094.000000,-116.979752,0.049561,0.011246,0.460938,0.371826,0.207949,0.063034,280.899994,3618.000000
4095.000000,-121.937218,0.049561,0.010792,0.459229,0.372070,0.206675,0.062404,285.000000,3636.000000
4096.000000,-109.725189,0.050537,0.012654,0.456299,0.376465,0.204948,0.065993,285.510010,3621.000000
4097.000000,-117.634689,0.052002,0.013444,0.457275,0.375244,0.207306,0.063532,305.119995,3533.000000
4098.000000,-111.427734,0.053955,0.013730,0.459961,0.376709,0.208874,0.065396,284.700012,3609.000000
4099.000000,-103.821205,0.052979,0.013888,0.459229,0.377441,0.208751,0.064771,252.550003,3584.000000
4100.000000,-103.714165,0.052979,0.014760,0.456055,0.373047,0.205900,0.063180,261.440002,3660.000000
4101.000000,-116.990578,0.052490,0.013675,0.457031,0.376465,0.206265,0.064560,287.500000,3661.000000
4102.000000,-121.950325,0.052246,0.012921,0.455078,0.374756,0.203795,0.061891,314.200012,3662.000000
4103.000000,-103.827507,0.052979,0.013584,0.457764,0.375000,0.206560,0.060905,252.380005,3636.000000
4104.000000,-107.138168,0.052490,0.013238,0.454346,0.374512,0.203597,0.061455,268.440002,3665.000000
4105.000000,-100.959831,0.051270,0.012275,0.453857,0.373291,0.202430,0.060224,245.470001,3664.000000
4106.000000,-103.303505,0.049805,0.011452,0.454346,0.370850,0.203083,0.059485,260.750000,3653.000000
4107.000000,-120.039696,0.049072,0.010851,0.450928,0.372803,0.200428,0.062312,301.179993,3611.000000
4108.000000,-105.193420,0.049805,0.012810,0.450439,0.377930,0.202367,0.066167,254.460007,3628.000000
4109.000000,-114.791161,0.049805,0.011882,0.452637,0.372803,0.205506,0.061515,299.290009,3611.000000
4110.000000,-111.793854,0.049805,0.011782,0.451904,0.369873,0.204833,0.060615,278.720001,3592.000000
4111.000000,-98.352203,0.049316,0.011337,0.449951,0.366211,0.203465,0.060462,228.470001,3615.000000
4112.000000,-111.233597,0.047607,0.010094,0.450439,0.368408,0.203151,0.062794,264.450012,3619.000000
4113.000000,-110.212349,0.048340,0.010726,0.449463,0.371338,0.203024,0.062618,269.250000,3639.000000
4114.000000,-111.263550,0.048584,0.011410,0.448730,0.370605,0.203358,0.060132,292.630005,3649.000000
4115.000000,-107.841652,0.047363,0.010775,0.450439,0.374756,0.205224,0.063032,275.070007,3666.000000
4116.000000,-105.031982,0.047119,0.011026,0.448242,0.372314,0.204163,0.060102,250.509995,3623.000000
4117.000000,-100.346863,0.048096,0.011761,0.447510,0.372070,0.203627,0.059616,235.479996,3622.000000
4118.000000,-109.922874,0.048584,0.011322,0.450684,0.369385,0.204168,0.058389,266.730011,3580.000000
4119.000000,-112.127243,0.047607,0.010421,0.444824,0.369873,0.199373,0.058398,297.399994,3635.000000
4120.000000,-134.181412,0.045898,0.009233,0.444092,0.374512,0.198426,0.060972,338.799988,3657.000000
4121.000000,-116.431618,0.046631,0.009683,0.443115,0.377441,0.197699,0.063865,290.399994,3670.000000
4122.000000,-94.422966,0.046387,0.010055,0.444336,0.376221,0.199152,0.061659,223.300003,3672.000000
4123.000000,-118.289551,0.045654,0.009640,0.450195,0.369629,0.204139,0.055692,286.260010,3669.000000
4124.000000,-122.843277,0.044678,0.009788,0.449219,0.367676,0.203371,0.056426,311.799988,3654.000000
4125.000000,-138.815918,0.043701,0.009065,0.447998,0.368408,0.200430,0.057442,367.720001,3613.000000
4126.000000,-101.168892,0.044678,0.010775,0.448730,0.372803,0.201938,0.061694,245.320007,3627.000000
4127.000000,-110.612389,0.046143,0.011659,0.450684,0.372803,0.203216,0.061924,268.519989,3635.000000
4128.000000,-104.043480,0.045654,0.010676,0.451904,0.369629,0.204663,0.058615,261.739990,3610.000000
4129.000000,-90.057159,0.047119,0.010971,0.451660,0.367920,0.205384,0.057145,214.250000,3601.000000
4130.000000,-125.105522,0.047119,0.011140,0.451904,0.372559,0.203516,0.060491,305.149994,3619.000000
4131.000000,-103.468491,0.046631,0.010623,0.451660,0.375488,0.202589,0.060006,254.740005,3621.000000
4132.000000,-91.578560,0.045654,0.010551,0.450684,0.374023,0.200596,0.059766,213.309998,3638.000000
4133.000000,-114.274925,0.044678,0.010053,0.452393,0.376221,0.201059,0.059669,290.450012,3635.000000
4134.000000,-119.163231,0.045166,0.010572,0.453857,0.373047,0.201914,0.058094,305.920013,3635.000000
4135.000000,-107.138397,0.047363,0.011219,0.456055,0.374756,0.202150,0.057281,256.299988,3643.000000
4136.000000,-95.388977,0.048340,0.011471,0.456543,0.377930,0.202227,0.059447,208.720001,3626.000000
4137.000000,-125.237488,0.048584,0.011100,0.457520,0.375732,0.204792,0.059822,298.369995,3646.000000
4138.000000,-109.947983,0.048828,0.011320,0.458252,0.374512,0.204618,0.057921,268.320007,3623.000000
4139.000000,-109.917915,0.049316,0.010542,0.458740,0.371826,0.205727,0.057301,263.290009,3617.000000
4140.000000,-102.084770,0.047607,0.010926,0.453613,0.373291,0.201631,0.059738,247.559998,3634.000000
4141.000000,-123.539848,0.050049,0.011477,0.458008,0.376465,0.204750,0.060450,333.609985,3645.000000
4142.000000,-127.641525,0.049561,0.010982,0.457764,0.372803,0.204373,0.059179,313.839996,3651.000000
4143.000000,-112.525803,0.049072,0.010709,0.456055,0.375732,0.203740,0.060306,250.410004,3616.000000
4144.000000,-112.348930,0.048828,0.010359,0.456299,0.371826,0.203919,0.058044,255.229996,3611.000000
4145.000000,-106.966675,0.047363,0.009557,0.458496,0.372070,0.205175,0.057582,259.260010,3621.000000
4146.000000,-88.704353,0.046143,0.009406,0.458008,0.372803,0.205234,0.058883,198.320007,3623.000000
4147.000000,-135.086884,0.046143,0.010191,0.455566,0.370117,0.203113,0.057558,342.750000,3638.000000
4148.000000,-146.286179,0.047607,0.012348,0.454590,0.372314,0.203524,0.058658,382.309998,3655.000000
4149.000000,-108.466644,0.047852,0.013271,0.456299,0.373779,0.204432,0.060623,271.170013,3674.000000
4150.000000,-117.609589,0.050781,0.013860,0.457520,0.377930,0.205825,0.062893,285.820007,3677.000000
4151.000000,-89.032463,0.048828,0.011974,0.457275,0.374268,0.204362,0.059333,213.399994,3669.000000
4152.000000,-126.336906,0.048096,0.011666,0.456543,0.376465,0.203166,0.059753,297.140015,3665.000000
4153.000000,-83.983307,0.047363,0.010191,0.455078,0.371582,0.202423,0.055614,193.910004,3674.000000
4154.000000,-125.256813,0.046875,0.009776,0.452637,0.368896,0.201227,0.056204,322.549988,3661.000000
4155.000000,-115.417419,0.046143,0.009858,0.451660,0.369629,0.200065,0.056414,283.269989,3637.000000
4156.000000,-116.711952,0.046387,0.009802,0.450439,0.373291,0.200205,0.057470,282.940002,3673.000000
4157.000000,-112.691345,0.047852,0.010381,0.450195,0.375000,0.201527,0.058470,288.970001,3667.000000
4158.000000,-103.474007,0.048096,0.010517,0.450928,0.371094,0.202761,0.056363,261.200012,3638.000000
4159.000000,-107.691010,0.048340,0.010683,0.454590,0.368652,0.204827,0.055215,251.529999,3630.000000
4160.000000,-116.639137,0.048340,0.010744,0.455811,0.369873,0.206402,0.055022,282.429993,3638.000000
4161.000000,-119.057594,0.049805,0.011142,0.458008,0.374023,0.207735,0.057594,279.380005,3507.000000
4162.000000,-108.657112,0.049561,0.011322,0.455811,0.368896,0.206196,0.055584,269.089996,3633.000000
4163.000000,-121.197037,0.051025,0.011571,0.460693,0.372314,0.208721,0.058602,306.519989,3632.000000
4164.000000,-134.537994,0.051025,0.011875,0.454590,0.374023,0.204054,0.060715,353.359985,3632.000000
4165.000000,-113.137817,0.052246,0.012579,0.454834,0.374268,0.205005,0.059792,290.500000,3629.000000
4166.000000,-102.015747,0.051514,0.011892,0.453857,0.367920,0.204840,0.056095,250.369995,3620.000000
4167.000000,-107.928131,0.051758,0.011696,0.456787,0.368652,0.206884,0.056318,270.329987,3663.000000
4168.000000,-117.080025,0.049561,0.010675,0.455811,0.369629,0.205417,0.057387,304.500000,3639.000000
4169.000000,-115.262001,0.051025,0.011327,0.457520,0.373047,0.207185,0.060016,291.109985,3632.000000
4170.000000,-119.562386,0.050049,0.011082,0.458252,0.373291,0.207175,0.058481,285.179993,3650.000000
4171.000000,-114.945015,0.050537,0.011855,0.459717,0.373291,0.210520,0.059296,283.989990,3615.000000
4172.000000,-115.266052,0.050049,0.011650,0.458740,0.369629,0.210029,0.056797,275.809998,3673.000000
4173.000000,-125.932243,0.049561,0.011509,0.454590,0.370117,0.206550,0.057224,308.440002,3685.000000
4174.000000,-134.077057,0.049561,0.011116,0.455078,0.370117,0.207489,0.057513,339.709991,3635.000000
4175.000000,-118.198547,0.048340,0.010815,0.453857,0.368408,0.206788,0.055767,286.730011,3668.000000
4176.000000,-123.335548,0.048340,0.011672,0.449707,0.366699,0.202797,0.057113,311.500000,3689.000000
4177.000000,-98.873077,0.049561,0.013103,0.450928,0.368408,0.203624,0.059497,245.070007,3644.000000
4178.000000,-104.192268,0.050049,0.012115,0.454102,0.371338,0.205621,0.059442,263.239990,3720.000000
4179.000000,-97.345284,0.050781,0.013067,0.454590,0.370361,0.204426,0.059417,233.220001,3651.000000
4180.000000,-87.747688,0.051025,0.011913,0.452881,0.372070,0.204010,0.061229,197.089996,3669.000000
4181.000000,-93.438065,0.049805,0.011338,0.452148,0.366943,0.203872,0.058817,227.279999,3651.000000
4182.000000,-93.855614,0.047852,0.010784,0.450928,0.367432,0.203196,0.059629,212.820007,3643.000000
4183.000000,-106.958397,0.048340,0.011399,0.450195,0.367920,0.203494,0.059213,266.540009,3636.000000
4184.000000,-129.151199,0.047852,0.010649,0.449707,0.368652,0.203784,0.058981,323.649994,3664.000000
4185.000000,-102.738518,0.047119,0.010224,0.449951,0.369873,0.203550,0.060397,238.800003,3674.000000
4186.000000,-114.208832,0.047363,0.010476,0.449219,0.371094,0.203556,0.060300,286.519989,3680.000000
4187.000000,-128.820297,0.048096,0.010526,0.449463,0.372559,0.204652,0.061351,334.089996,3675.000000
4188.000000,-119.695770,0.049316,0.011050,0.449951,0.374023,0.204405,0.059280,316.429993,3502.000000
4189.000000,-133.693604,0.049316,0.011056,0.448486,0.372314,0.203693,0.058295,343.079987,3598.000000
4190.000000,-132.043732,0.051514,0.012921,0.449707,0.375000,0.203616,0.060775,342.880005,3250.000000
4191.000000,-110.880142,0.052246,0.012207,0.452637,0.377441,0.206090,0.061104,286.980011,3679.000000
4192.000000,-109.684326,0.052490,0.011950,0.451904,0.378174,0.205180,0.061895,277.630005,3666.000000
4193.000000,-111.001007,0.052490,0.012122,0.453857,0.379150,0.206533,0.061356,263.839996,3674.000000
4194.000000,-111.173843,0.053223,0.011841,0.454590,0.377686,0.206874,0.059292,271.890015,3676.000000
4195.000000,-125.615601,0.050781,0.009928,0.450439,0.374268,0.202041,0.056578,319.929993,3681.000000
4196.000000,-96.547905,0.050781,0.011068,0.454346,0.375732,0.204624,0.059557,236.600006,3682.000000
4197.000000,-141.656189,0.051514,0.011732,0.450928,0.372803,0.203562,0.057124,370.239990,3661.000000
4198.000000,-107.676605,0.050781,0.011297,0.450684,0.372314,0.202679,0.057127,257.390015,3660.000000
4199.000000,-104.013374,0.051758,0.010919,0.450684,0.377197,0.202664,0.059596,242.179993,3668.000000
4200.000000,-117.599403,0.050293,0.010515,0.449219,0.375977,0.201992,0.058411,294.040009,3673.000000
4201.000000,-127.265167,0.049805,0.010688,0.450684,0.373779,0.204071,0.057024,317.100006,3682.000000
4202.000000,-110.321342,0.049072,0.010285,0.448730,0.370605,0.201403,0.055195,268.320007,3671.000000
4203.000000,-114.385986,0.051025,0.011680,0.449219,0.373291,0.201156,0.058816,283.910004,3648.000000
4204.000000,-105.941017,0.051514,0.011832,0.450684,0.377197,0.202072,0.059822,252.449997,3679.000000
4205.000000,-131.555069,0.050537,0.011945,0.452881,0.374023,0.204250,0.058764,321.829987,3661.000000
4206.000000,-130.430725,0.052002,0.011803,0.451172,0.378418,0.201897,0.059949,336.290009,3673.000000
4207.000000,-122.959564,0.051758,0.012499,0.451172,0.373779,0.203307,0.058080,299.200012,3673.000000
4208.000000,-93.767403,0.050537,0.011875,0.449707,0.369873,0.202722,0.056957,227.360001,3673.000000
4209.000000,-105.706863,0.048584,0.011374,0.445801,0.372314,0.201619,0.061189,252.179993,3676.000000
4210.000000,-103.353836,0.047852,0.011251,0.447998,0.370850,0.203851,0.061507,243.740005,3678.000000
4211.000000,-122.237236,0.049805,0.012441,0.450439,0.375244,0.205235,0.063767,316.119995,3667.000000
4212.000000,-111.678696,0.050537,0.013469,0.450439,0.374268,0.205990,0.062655,285.019989,3642.000000
4213.000000,-117.756195,0.049072,0.011827,0.447754,0.370605,0.204285,0.059992,283.709991,3645.000000
4214.000000,-112.588631,0.050049,0.011819,0.447021,0.371582,0.204045,0.061715,287.200012,3658.000000
4215.000000,-113.523499,0.049805,0.012381,0.445312,0.373779,0.202531,0.062438,281.309998,3673.000000
4216.000000,-91.451614,0.050781,0.012819,0.447510,0.370850,0.204273,0.059696,213.869995,3657.000000
4217.000000,-110.749893,0.051025,0.014147,0.446533,0.369629,0.203684,0.062536,270.500000,3654.000000
4218.000000,-97.310722,0.050049,0.012290,0.446045,0.367432,0.201535,0.060168,230.470001,3659.000000
4219.000000,-90.726746,0.049561,0.012393,0.446777,0.369141,0.203291,0.061686,200.320007,3662.000000
4220.000000,-107.016426,0.049316,0.012957,0.446777,0.368408,0.203788,0.062534,257.220001,3658.000000
4221.000000,-106.012558,0.050049,0.012795,0.449951,0.371338,0.205278,0.064243,268.619995,3652.000000
4222.000000,-111.252563,0.050049,0.011974,0.448486,0.374268,0.202745,0.065816,263.929993,3666.000000
4223.000000,-111.347290,0.051758,0.012985,0.449707,0.371826,0.203321,0.064121,265.480011,3676.000000
4224.000000,-118.748726,0.052246,0.012754,0.448242,0.374268,0.201798,0.064404,279.829987,3656.000000
4225.000000,-127.134026,0.051514,0.011749,0.447021,0.370361,0.200906,0.061044,307.399994,3561.000000
4226.000000,-104.484016,0.051758,0.011525,0.449463,0.374268,0.203104,0.061359,251.570007,3657.000000
4227.000000,-92.701416,0.053955,0.013206,0.452881,0.374023,0.202703,0.061952,229.559998,3511.000000
4228.000000,-118.426247,0.050781,0.012379,0.447266,0.374756,0.198346,0.062598,303.119995,3724.000000
4229.000000,-95.588242,0.050781,0.013061,0.448975,0.374756,0.200707,0.062913,218.339996,3727.000000
4230.000000,-116.447533,0.051514,0.012788,0.449463,0.373291,0.201811,0.063358,283.459991,3677.000000
4231.000000,-104.736679,0.052490,0.013384,0.451172,0.377197,0.203963,0.065692,244.169998,3644.000000
4232.000000,-117.711586,0.050781,0.011956,0.447510,0.371582,0.200805,0.060081,303.880005,3620.000000
4233.000000,-111.940414,0.051514,0.012318,0.449463,0.370117,0.201614,0.060152,270.119995,3638.000000
4234.000000,-123.013916,0.049805,0.011603,0.446045,0.363281,0.200432,0.058481,301.179993,3619.000000
4235.000000,-125.800026,0.047852,0.011123,0.443359,0.363281,0.200003,0.060350,336.579987,3599.000000
4236.000000,-115.272377,0.050293,0.012223,0.446289,0.368164,0.202766,0.061935,284.989990,3622.000000
4237.000000,-117.392433,0.052002,0.012360,0.447510,0.370850,0.202740,0.063394,304.279999,3638.000000
4238.000000,-119.296539,0.052734,0.012073,0.447021,0.369629,0.203562,0.061836,291.140015,3630.000000
4239.000000,-103.145882,0.052979,0.012072,0.446777,0.370361,0.201555,0.059912,252.220001,3655.000000
4240.000000,-105.282852,0.050537,0.011274,0.445068,0.369385,0.200980,0.059618,256.049988,3659.000000
4241.000000,-95.935127,0.050537,0.012389,0.445068,0.369873,0.200762,0.061357,233.550003,3714.000000
4242.000000,-107.319977,0.050293,0.011826,0.442627,0.369873,0.197612,0.060781,253.809998,3686.000000
4243.000000,-109.056160,0.048584,0.011313,0.441162,0.367432,0.196798,0.059769,260.209991,3644.000000
4244.000000,-104.145119,0.048584,0.011575,0.440674,0.366943,0.197282,0.058982,256.660004,3629.000000
4245.000000,-94.413200,0.046875,0.010011,0.444092,0.364502,0.199958,0.055892,220.270004,3680.000000
4246.000000,-98.681511,0.047119,0.011034,0.444824,0.370605,0.199827,0.061910,237.330002,3620.000000
4247.000000,-99.925018,0.048828,0.011677,0.448486,0.378174,0.202428,0.063550,239.369995,3655.000000
4248.000000,-112.414963,0.048584,0.011248,0.447021,0.370117,0.201476,0.057924,273.589996,3642.000000
4249.000000,-137.163651,0.048584,0.010669,0.444580,0.370117,0.199082,0.058310,348.329987,3670.000000
4250.000000,-112.880951,0.048096,0.010726,0.445312,0.372070,0.200460,0.059391,284.750000,3631.000000
4251.000000,-98.815712,0.046387,0.009417,0.443604,0.368652,0.199525,0.058623,250.679993,3640.000000
4252.000000,-113.026070,0.047119,0.010220,0.445801,0.371338,0.201596,0.059968,291.489990,3674.000000
4253.000000,-115.132248,0.047852,0.010582,0.445068,0.369873,0.203083,0.058625,283.420013,3659.000000
4254.000000,-121.001991,0.046875,0.010810,0.442871,0.369873,0.201536,0.061297,284.130005,3653.000000
4255.000000,-102.924355,0.047852,0.010506,0.445801,0.371582,0.203090,0.058191,259.579987,3665.000000
4256.000000,-97.404594,0.047363,0.010300,0.445312,0.368896,0.202442,0.057326,236.169998,3679.000000
4257.000000,-103.336121,0.046631,0.009934,0.446045,0.369141,0.202827,0.060339,241.460007,3682.000000
4258.000000,-111.019592,0.047119,0.009862,0.447021,0.369873,0.202439,0.057660,272.140015,3662.000000
4259.000000,-95.094757,0.046631,0.010281,0.447266,0.368408,0.203612,0.058021,227.460007,3680.000000
4260.000000,-92.867981,0.046875,0.010336,0.447510,0.367676,0.201882,0.058070,211.190002,3646.000000
4261.000000,-92.958450,0.046631,0.010381,0.449463,0.370850,0.202411,0.058562,209.619995,3663.000000
4262.000000,-100.522636,0.048584,0.010897,0.450195,0.372314,0.202220,0.058514,251.589996,3643.000000
4263.000000,-114.953239,0.048096,0.010414,0.447754,0.368408,0.201217,0.057205,283.459991,3654.000000
4264.000000,-114.116409,0.048096,0.009949,0.447754,0.367676,0.201520,0.057780,290.750000,3652.000000
4265.000000,-95.712257,0.047363,0.009573,0.446777,0.366211,0.200878,0.056269,221.750000,3638.000000
4266.000000,-108.771408,0.045166,0.008986,0.443359,0.364258,0.199361,0.056804,265.299988,3652.000000
4267.000000,-123.609779,0.045654,0.010115,0.443848,0.365479,0.201357,0.058112,298.130005,3667.000000
4268.000000,-108.141006,0.046387,0.010318,0.448486,0.367676,0.204101,0.059424,267.309998,3701.000000
4269.000000,-116.733627,0.046875,0.010127,0.450439,0.371826,0.204120,0.060081,294.480011,3632.000000
4270.000000,-116.162346,0.045898,0.009455,0.447754,0.365967,0.202218,0.057455,269.130005,3661.000000
4271.000000,-104.000862,0.047607,0.009970,0.450195,0.363770,0.203519,0.056431,252.850006,3675.000000
4272.000000,-113.306313,0.048096,0.009141,0.450928,0.367920,0.201925,0.060120,279.739990,3674.000000
4273.000000,-116.404694,0.049072,0.009873,0.454102,0.377197,0.204395,0.064629,281.260010,3662.000000
4274.000000,-107.567070,0.049316,0.009515,0.455322,0.377197,0.205056,0.064786,259.609985,3670.000000
4275.000000,-91.744278,0.047363,0.008361,0.455322,0.374756,0.203890,0.059230,200.570007,3657.000000
4276.000000,-126.395332,0.044678,0.007136,0.448242,0.370605,0.199790,0.057715,330.510010,3683.000000
4277.000000,-126.818886,0.043945,0.006858,0.446533,0.371338,0.198209,0.057275,323.019989,3628.000000
4278.000000,-115.262794,0.043945,0.007271,0.446289,0.372314,0.197600,0.059580,298.299988,3679.000000
4279.000000,-115.875427,0.044922,0.007841,0.446289,0.375000,0.197069,0.060982,297.149994,3674.000000
4280.000000,-117.376602,0.045166,0.007855,0.446533,0.373047,0.196945,0.058815,286.630005,3622.000000
4281.000000,-95.558449,0.043945,0.007654,0.445557,0.372559,0.195971,0.058120,235.050003,3703.000000
4282.000000,-109.952812,0.043457,0.007594,0.444092,0.369141,0.194639,0.056341,285.410004,3702.000000
4283.000000,-105.468140,0.044678,0.008427,0.446289,0.371338,0.195170,0.059990,265.089996,3686.000000
4284.000000,-100.060081,0.045410,0.009336,0.448730,0.376465,0.197244,0.063568,246.380005,3687.000000
4285.000000,-95.269554,0.045166,0.008645,0.449463,0.376221,0.197044,0.062027,223.660004,3660.000000
4286.000000,-111.487427,0.043457,0.008454,0.447021,0.373779,0.194680,0.061164,275.380005,3672.000000
4287.000000,-147.214264,0.044189,0.009437,0.448242,0.367920,0.198168,0.059040,380.609985,3652.000000
4288.000000,-109.102417,0.044434,0.009566,0.450195,0.369141,0.200315,0.060163,250.270004,3622.000000
4289.000000,-137.373627,0.043457,0.009762,0.450684,0.372314,0.202148,0.062442,342.690002,3574.000000
4290.000000,-91.998306,0.043701,0.009157,0.449463,0.373291,0.201217,0.062625,219.789993,3668.000000
4291.000000,-129.277267,0.044434,0.009284,0.453613,0.371826,0.204305,0.059459,336.510010,3656.000000
4292.000000,-104.837486,0.044678,0.009097,0.450928,0.366699,0.201572,0.059004,248.500000,3649.000000
4293.000000,-121.060471,0.044922,0.008873,0.450195,0.371338,0.201404,0.060801,304.019989,3661.000000
4294.000000,-115.572060,0.044189,0.009094,0.448242,0.371582,0.200398,0.061258,296.730011,3719.000000
4295.000000,-93.879585,0.043945,0.008665,0.449219,0.371582,0.200466,0.061052,217.080002,3721.000000
4296.000000,-96.115166,0.043213,0.008539,0.448242,0.371094,0.199554,0.061276,241.479996,3713.000000
4297.000000,-113.384163,0.043701,0.008579,0.446777,0.366699,0.200173,0.058781,284.910004,3709.000000
4298.000000,-113.043365,0.042236,0.008253,0.450684,0.366699,0.203305,0.059104,283.989990,3646.000000
4299.000000,-124.961411,0.043701,0.009692,0.449219,0.373047,0.201726,0.062808,326.260010,3649.000000
4300.000000,-84.482895,0.043945,0.009996,0.451172,0.371826,0.201743,0.062993,199.720001,3644.000000
4301.000000,-97.681206,0.044189,0.009868,0.451172,0.371826,0.201299,0.062794,229.539993,3658.000000
4302.000000,-111.991348,0.044189,0.010668,0.453369,0.367676,0.201001,0.060940,265.350006,3649.000000
4303.000000,-128.428238,0.043213,0.010470,0.449707,0.366211,0.197856,0.061294,325.920013,3636.000000
4304.000000,-126.950935,0.041260,0.009044,0.447266,0.366943,0.196592,0.060383,319.709991,3644.000000
4305.000000,-109.314644,0.041748,0.009459,0.444580,0.367432,0.195771,0.060907,266.899994,3668.000000
4306.000000,-104.492157,0.043457,0.012049,0.441895,0.363525,0.193923,0.059099,257.739990,3677.000000
4307.000000,-109.710434,0.043701,0.011466,0.445312,0.363037,0.197578,0.058299,265.769989,3681.000000
4308.000000,-122.726051,0.045166,0.011115,0.444824,0.367432,0.197028,0.060324,311.880005,3688.000000
4309.000000,-100.663467,0.044189,0.011128,0.441406,0.370850,0.195258,0.064644,238.690002,3702.000000
4310.000000,-101.711098,0.046143,0.012497,0.440918,0.372559,0.194889,0.064275,259.070007,3688.000000
4311.000000,-116.351189,0.045166,0.011173,0.441650,0.369385,0.196054,0.062634,295.329987,3661.000000
4312.000000,-109.619057,0.048096,0.012727,0.444336,0.370117,0.198698,0.063009,276.190002,3672.000000
4313.000000,-119.008995,0.047852,0.012007,0.444092,0.370850,0.197967,0.062238,287.179993,3670.000000
4314.000000,-108.310379,0.048340,0.011743,0.442627,0.370850,0.196248,0.061300,273.989990,3670.000000
4315.000000,-101.979446,0.048584,0.011429,0.443359,0.368896,0.196758,0.060352,255.720001,3660.000000
4316.000000,-82.760124,0.049072,0.011046,0.446045,0.367676,0.198264,0.058863,191.570007,3677.000000
4317.000000,-121.869316,0.050293,0.011940,0.446533,0.370117,0.198902,0.061658,300.829987,3674.000000
4318.000000,-118.201256,0.052246,0.013023,0.450195,0.373779,0.201552,0.062688,277.059998,3666.000000
4319.000000,-103.936600,0.052002,0.012165,0.453125,0.374023,0.202631,0.063896,253.839996,3698.000000
4320.000000,-97.440880,0.052246,0.011877,0.452393,0.371826,0.201912,0.062193,219.339996,3697.000000
4321.000000,-107.954567,0.050537,0.010338,0.452637,0.369629,0.202328,0.059236,255.979996,3684.000000
4322.000000,-102.905304,0.050293,0.010829,0.452393,0.366455,0.201925,0.058521,252.789993,3669.000000
4323.000000,-108.009773,0.051270,0.011048,0.452148,0.370117,0.200892,0.059718,264.510010,3633.000000
4324.000000,-98.553337,0.054688,0.012957,0.452881,0.374756,0.201436,0.063355,228.690002,3654.000000
4325.000000,-102.997330,0.053955,0.013191,0.450684,0.372314,0.200195,0.063261,246.479996,3649.000000
4326.000000,-108.784866,0.054199,0.012951,0.449951,0.371826,0.199004,0.062121,285.779999,3676.000000
4327.000000,-91.980484,0.053223,0.011772,0.451904,0.370361,0.200099,0.060240,208.429993,3684.000000
4328.000000,-101.458611,0.053223,0.011142,0.453857,0.369873,0.200914,0.061853,240.300003,3680.000000
4329.000000,-100.993599,0.052979,0.011447,0.454346,0.374023,0.200755,0.063716,257.170013,3682.000000
4330.000000,-97.941795,0.051758,0.011261,0.458496,0.375244,0.202917,0.063086,239.369995,3668.000000
4331.000000,-120.328590,0.053467,0.012325,0.458740,0.374023,0.203877,0.063726,284.279999,3660.000000
4332.000000,-85.266457,0.052734,0.011675,0.458252,0.375244,0.202923,0.062957,195.649994,3672.000000
4333.000000,-86.150642,0.052002,0.011035,0.457031,0.372559,0.200934,0.059275,207.809998,3669.000000
4334.000000,-109.162567,0.052490,0.011113,0.456787,0.368652,0.200813,0.060548,257.940002,3673.000000
4335.000000,-102.923782,0.051025,0.010494,0.455566,0.368164,0.201184,0.059612,253.979996,3663.000000
4336.000000,-100.696609,0.050049,0.010487,0.455811,0.370850,0.201298,0.062173,246.039993,3679.000000
4337.000000,-109.796982,0.050293,0.010981,0.456055,0.372559,0.199402,0.063258,269.109985,3658.000000
4338.000000,-100.453362,0.050293,0.010400,0.455566,0.369873,0.199375,0.061154,245.350006,3638.000000
4339.000000,-115.590141,0.050049,0.011110,0.454102,0.370361,0.197321,0.060380,283.670013,3663.000000
4340.000000,-144.595856,0.051514,0.011432,0.454590,0.373047,0.197821,0.062329,384.369995,3667.000000
4341.000000,-100.885536,0.050293,0.009879,0.452637,0.372314,0.196971,0.061556,258.470001,3681.000000
4342.000000,-126.489342,0.048828,0.009858,0.453369,0.370850,0.197946,0.062155,314.100006,3661.000000
4343.000000,-109.829102,0.047852,0.009695,0.450439,0.366455,0.195685,0.059275,278.649994,3634.000000
4344.000000,-127.265030,0.045410,0.008886,0.445557,0.362061,0.193582,0.058019,325.529999,3650.000000
4345.000000,-114.704689,0.046387,0.010334,0.444336,0.363525,0.193021,0.059836,272.000000,3645.000000
4346.000000,-115.214355,0.047363,0.010463,0.447998,0.367920,0.196709,0.061254,286.100006,3656.000000
4347.000000,-95.031830,0.045898,0.008742,0.446045,0.370850,0.195874,0.062661,225.860001,3676.000000
4348.000000,-121.889084,0.046387,0.009610,0.444336,0.365479,0.196461,0.060520,295.290009,3666.000000
4349.000000,-94.811638,0.047363,0.009504,0.450928,0.360596,0.203035,0.056188,225.639999,3665.000000
4350.000000,-112.657402,0.048584,0.010256,0.447021,0.366455,0.199960,0.059585,264.179993,3665.000000
4351.000000,-85.944878,0.050537,0.010559,0.449219,0.370361,0.201057,0.059830,196.360001,3663.000000
4352.000000,-115.185425,0.049561,0.009795,0.447510,0.371338,0.199697,0.058799,269.549988,3680.000000
4353.000000,-124.415169,0.046875,0.008663,0.444580,0.364502,0.196569,0.056506,307.239990,3561.000000
4354.000000,-104.553444,0.047119,0.008828,0.445312,0.362305,0.196473,0.055458,259.000000,3675.000000
4355.000000,-113.581207,0.047363,0.008621,0.449463,0.361084,0.198692,0.054798,284.279999,3678.000000
4356.000000,-100.816849,0.049561,0.010019,0.452393,0.367432,0.201497,0.057806,251.639999,3676.000000
4357.000000,-101.429192,0.050293,0.009560,0.452881,0.368164,0.202696,0.058127,256.950012,3665.000000
4358.000000,-108.291039,0.049561,0.009306,0.450928,0.364258,0.200222,0.058157,247.940002,3660.000000
4359.000000,-128.113159,0.048340,0.009203,0.448242,0.362549,0.198684,0.058461,314.529999,3650.000000
4360.000000,-97.420280,0.048096,0.009396,0.447266,0.362793,0.197633,0.057438,238.820007,3656.000000
4361.000000,-122.066299,0.047852,0.008859,0.445068,0.366211,0.196656,0.058676,305.549988,3659.000000
4362.000000,-92.046875,0.047119,0.008900,0.446289,0.362305,0.198774,0.056546,214.210007,3637.000000
4363.000000,-142.039276,0.046875,0.009350,0.448730,0.364746,0.201059,0.058653,366.160004,3661.000000
4364.000000,-109.231529,0.047363,0.009382,0.447266,0.363770,0.199226,0.056759,272.470001,3665.000000
4365.000000,-114.303299,0.046875,0.010083,0.446533,0.362061,0.199793,0.056175,270.970001,3674.000000
4366.000000,-110.985550,0.045654,0.009349,0.442383,0.360840,0.197294,0.055787,262.470001,3658.000000
4367.000000,-96.654358,0.044678,0.008859,0.439697,0.363281,0.195882,0.057941,231.960007,3640.000000
4368.000000,-113.663338,0.043457,0.008781,0.439453,0.359619,0.196725,0.053830,275.459991,3646.000000
4369.000000,-109.434868,0.043213,0.009389,0.439453,0.358154,0.197148,0.054217,273.880005,3677.000000
4370.000000,-104.140228,0.041748,0.009355,0.438232,0.356445,0.195558,0.053898,256.079987,3665.000000
4371.000000,-115.728119,0.043701,0.010953,0.442139,0.360352,0.199242,0.058432,284.690002,3674.000000
4372.000000,-117.475471,0.043701,0.010239,0.442139,0.365234,0.199837,0.061249,285.970001,3651.000000
4373.000000,-135.931992,0.043457,0.010264,0.442383,0.362549,0.201388,0.059678,337.019989,3679.000000
4374.000000,-104.097672,0.043701,0.009353,0.442383,0.361816,0.201075,0.056970,246.470001,3656.000000
4375.000000,-110.831505,0.042725,0.009190,0.441406,0.362061,0.200358,0.057364,274.329987,3658.000000
4376.000000,-113.842155,0.041992,0.009567,0.441406,0.360840,0.200224,0.056944,292.320007,3653.000000
4377.000000,-105.932556,0.041504,0.009352,0.442627,0.362793,0.200140,0.058285,264.660004,3662.000000
4378.000000,-133.580536,0.043945,0.011792,0.440918,0.367920,0.199961,0.063618,326.230011,3657.000000
4379.000000,-113.892166,0.042480,0.010738,0.438232,0.364990,0.198054,0.060013,292.730011,3659.000000
4380.000000,-115.472153,0.041260,0.010348,0.439209,0.362793,0.198884,0.060473,275.130005,3674.000000
4381.000000,-100.262390,0.040283,0.010454,0.436523,0.364258,0.197271,0.061492,235.669998,3680.000000
4382.000000,-111.242081,0.039795,0.010337,0.437256,0.365479,0.196840,0.063052,286.290009,3686.000000
4383.000000,-94.142647,0.039307,0.010086,0.440918,0.368164,0.198481,0.063066,219.250000,3684.000000
4384.000000,-129.511093,0.039307,0.009289,0.438721,0.369141,0.197176,0.062192,318.220001,3679.000000
4385.000000,-112.497330,0.042480,0.011422,0.442383,0.366699,0.200255,0.060687,261.480011,3672.000000
4386.000000,-120.163383,0.042725,0.010931,0.444092,0.364258,0.201002,0.058858,302.880005,3682.000000
4387.000000,-139.578445,0.041992,0.010879,0.442383,0.365967,0.200122,0.061520,347.450012,3684.000000
4388.000000,-96.966408,0.041504,0.009736,0.438965,0.365479,0.196990,0.059992,246.309998,3672.000000
4389.000000,-95.808044,0.043457,0.010872,0.442139,0.365479,0.200292,0.059743,227.850006,3675.000000
4390.000000,-96.545082,0.044189,0.010603,0.444580,0.366211,0.202229,0.060323,214.100006,3675.000000
4391.000000,-120.443718,0.043457,0.010538,0.441650,0.366699,0.200514,0.060106,296.149994,3678.000000
4392.000000,-101.665825,0.042969,0.009885,0.438965,0.363770,0.199399,0.059779,238.649994,3683.000000
4393.000000,-94.802620,0.041016,0.008586,0.439209,0.362549,0.197728,0.058487,241.850006,3679.000000
4394.000000,-110.666252,0.041748,0.009813,0.441406,0.361084,0.200067,0.058793,270.779999,3674.000000
4395.000000,-118.225044,0.041016,0.008712,0.442383,0.361328,0.200165,0.059989,298.220001,3682.000000
4396.000000,-102.126419,0.041016,0.009025,0.445312,0.365234,0.201710,0.061704,257.910004,3644.000000
4397.000000,-107.659714,0.041016,0.009556,0.446533,0.362061,0.201211,0.058126,245.520004,3669.000000
4398.000000,-77.238419,0.040283,0.009769,0.444336,0.362549,0.199783,0.059467,166.750000,3685.000000
4399.000000,-112.618736,0.041260,0.010120,0.446045,0.362305,0.200097,0.060427,271.579987,3685.000000
4400.000000,-105.148506,0.040771,0.009619,0.446045,0.361816,0.198782,0.060493,254.669998,3673.000000
4401.000000,-121.832474,0.041748,0.010158,0.445801,0.365234,0.199674,0.062268,320.119995,3659.000000
4402.000000,-107.311760,0.043457,0.011300,0.446045,0.365967,0.200510,0.060410,259.140015,3676.000000
4403.000000,-103.229401,0.045410,0.011815,0.448486,0.367676,0.203119,0.062070,248.389999,3677.000000
4404.000000,-103.772194,0.043945,0.010599,0.444580,0.363281,0.199757,0.059013,262.640015,3651.000000
4405.000000,-122.584229,0.044189,0.010571,0.441650,0.363770,0.197958,0.060370,310.029999,3669.000000
4406.000000,-114.669777,0.045166,0.010475,0.442627,0.370117,0.198159,0.063645,277.649994,3657.000000
4407.000000,-117.927788,0.045410,0.010908,0.441895,0.373047,0.199183,0.064886,297.010010,3651.000000
4408.000000,-88.614548,0.047363,0.011583,0.441650,0.372803,0.198399,0.063369,211.770004,3644.000000
4409.000000,-108.754143,0.047607,0.011797,0.440918,0.370361,0.195454,0.060807,256.779999,3664.000000
4410.000000,-105.044167,0.049316,0.013345,0.441406,0.368896,0.195748,0.061206,245.619995,3672.000000
4411.000000,-102.417152,0.049316,0.013341,0.442627,0.373047,0.195485,0.064719,240.759995,3671.000000
4412.000000,-108.607491,0.049805,0.014102,0.442627,0.377930,0.197438,0.067410,276.070007,3654.000000
4413.000000,-135.530838,0.050781,0.013841,0.443359,0.376221,0.198644,0.066606,298.000000,3675.000000
4414.000000,-101.487862,0.051758,0.014420,0.442871,0.375488,0.198544,0.066102,250.820007,3678.000000
4415.000000,-120.864914,0.051758,0.014418,0.446045,0.373535,0.202182,0.065787,291.200012,3647.000000
4416.000000,-126.659233,0.051025,0.013149,0.442871,0.376709,0.197773,0.066334,322.579987,3661.000000
4417.000000,-93.496048,0.052002,0.013766,0.444824,0.378174,0.200423,0.065609,224.470001,3565.000000
4418.000000,-105.779556,0.051514,0.012470,0.444336,0.375488,0.197690,0.062532,252.130005,3691.000000
4419.000000,-126.103256,0.051514,0.012788,0.447021,0.373535,0.199407,0.061948,324.640015,3669.000000
4420.000000,-99.275879,0.051514,0.012906,0.448242,0.375488,0.199856,0.063998,238.100006,3653.000000
4421.000000,-114.234062,0.050293,0.012254,0.446289,0.377441,0.199302,0.064178,264.130005,3655.000000
4422.000000,-88.820450,0.050049,0.012531,0.448242,0.376709,0.199997,0.063178,199.910004,3668.000000
4423.000000,-112.993851,0.048828,0.011078,0.447510,0.378906,0.199391,0.065195,276.029999,3678.000000
4424.000000,-119.206581,0.048828,0.012026,0.443604,0.381592,0.196529,0.067299,296.720001,3674.000000
4425.000000,-106.335541,0.049316,0.013138,0.443848,0.377930,0.197551,0.065328,238.369995,3674.000000
4426.000000,-98.283958,0.049316,0.012398,0.445068,0.377197,0.199537,0.063060,240.169998,3674.000000
4427.000000,-107.176559,0.049316,0.011402,0.441895,0.374512,0.195824,0.061707,253.710007,3664.000000
4428.000000,-112.140434,0.050049,0.011600,0.439209,0.373291,0.194198,0.063479,275.899994,3671.000000
4429.000000,-98.979347,0.050537,0.011624,0.442871,0.375244,0.197249,0.064131,242.559998,3667.000000
4430.000000,-96.971565,0.051514,0.012224,0.444824,0.375732,0.198724,0.064489,232.190002,3671.000000
4431.000000,-97.386604,0.052246,0.012092,0.447754,0.379150,0.201838,0.064551,225.470001,3657.000000
4432.000000,-88.915321,0.049316,0.011527,0.443359,0.376953,0.197347,0.063921,191.570007,3669.000000
4433.000000,-126.063614,0.048340,0.011900,0.440186,0.372070,0.196955,0.061020,331.920013,3655.000000
4434.000000,-121.598740,0.048096,0.011054,0.439453,0.373535,0.196838,0.061186,302.989990,3651.000000
4435.000000,-101.100975,0.049316,0.012582,0.442627,0.374023,0.200468,0.062010,251.119995,3654.000000
4436.000000,-133.196106,0.050781,0.012348,0.442627,0.377686,0.200847,0.064439,318.369995,3653.000000
4437.000000,-92.723679,0.049316,0.011753,0.443848,0.373535,0.202837,0.061406,226.220001,3651.000000
4438.000000,-94.471756,0.050293,0.012871,0.445312,0.375488,0.204832,0.062122,229.080002,3662.000000
4439.000000,-110.837952,0.048340,0.011819,0.439209,0.371338,0.200798,0.059439,276.459991,3680.000000
4440.000000,-113.136452,0.048828,0.011817,0.442383,0.376953,0.203388,0.062559,275.339996,3657.000000
4441.000000,-105.692940,0.052490,0.013759,0.444336,0.380127,0.205074,0.062820,257.750000,3655.000000
4442.000000,-120.467690,0.052490,0.013571,0.442871,0.378906,0.203353,0.062815,301.750000,3663.000000
4443.000000,-127.899971,0.054688,0.014376,0.444824,0.379150,0.204902,0.061486,314.209991,3673.000000
4444.000000,-116.604294,0.055664,0.015002,0.445557,0.378662,0.204480,0.061885,278.829987,3671.000000
4445.000000,-111.673836,0.056396,0.013947,0.446777,0.377930,0.206467,0.061213,265.279999,3679.000000
4446.000000,-125.772255,0.054932,0.012583,0.443359,0.377441,0.203551,0.060206,327.869995,3675.000000
4447.000000,-113.377357,0.054688,0.012888,0.445068,0.377930,0.205651,0.058984,279.529999,3677.000000
4448.000000,-109.951477,0.056152,0.013592,0.443848,0.380371,0.204086,0.061384,288.950012,3683.000000
4449.000000,-109.342262,0.054443,0.012203,0.445068,0.377686,0.205948,0.060165,260.670013,3669.000000
4450.000000,-131.090286,0.054443,0.011995,0.445068,0.378662,0.205492,0.059849,333.709991,3707.000000
4451.000000,-120.606148,0.053955,0.011501,0.445068,0.375488,0.204140,0.059478,309.760010,3657.000000
4452.000000,-89.404358,0.052979,0.010747,0.445801,0.375732,0.203582,0.057427,207.529999,3636.000000
4453.000000,-123.939102,0.052246,0.011622,0.446533,0.374756,0.204771,0.058575,313.709991,3653.000000
4454.000000,-115.745987,0.052246,0.011762,0.444336,0.373291,0.204161,0.058334,288.470001,3707.000000
4455.000000,-114.812950,0.052490,0.012716,0.447266,0.374756,0.204789,0.059280,273.380005,3648.000000
4456.000000,-100.090225,0.052246,0.012720,0.447266,0.375244,0.204567,0.059866,232.460007,3655.000000
4457.000000,-109.845390,0.051758,0.012491,0.445557,0.373535,0.203019,0.058840,283.730011,3657.000000
4458.000000,-127.022087,0.054443,0.014568,0.449463,0.375732,0.206886,0.061252,297.450012,3712.000000
4459.000000,-102.397354,0.052734,0.013968,0.447266,0.372070,0.206152,0.059419,246.360001,3720.000000
4460.000000,-96.784012,0.051270,0.013616,0.446777,0.372559,0.206565,0.061962,224.029999,3682.000000
4461.000000,-103.562515,0.049561,0.013150,0.447510,0.374512,0.206626,0.063411,242.479996,3689.000000
4462.000000,-107.078033,0.048828,0.013136,0.448242,0.372559,0.206819,0.060590,253.970001,3651.000000
4463.000000,-90.619720,0.050049,0.013364,0.450684,0.373291,0.208344,0.059925,202.660004,3645.000000
4464.000000,-112.489342,0.051025,0.013265,0.450195,0.375000,0.206062,0.061752,269.880005,3663.000000
4465.000000,-118.489883,0.052002,0.013580,0.451660,0.375732,0.207982,0.059533,322.250000,3664.000000
4466.000000,-121.269531,0.052490,0.013293,0.450684,0.378174,0.205609,0.062627,305.450012,3727.000000
4467.000000,-120.328354,0.051270,0.012722,0.447998,0.376953,0.202884,0.061798,304.760010,3732.000000
4468.000000,-98.800430,0.049805,0.012903,0.449463,0.372559,0.204382,0.058203,219.669998,3728.000000
4469.000000,-100.949196,0.048828,0.012425,0.446533,0.372803,0.203058,0.058912,249.440002,3729.000000
4470.000000,-110.744682,0.047607,0.011738,0.445801,0.371582,0.203289,0.058143,258.660004,3712.000000
4471.000000,-107.322311,0.047363,0.012093,0.446533,0.369629,0.205500,0.057906,267.799988,3719.000000
4472.000000,-102.362350,0.046631,0.011799,0.446289,0.368896,0.204190,0.059006,246.369995,3705.000000
4473.000000,-115.769981,0.045654,0.011265,0.443848,0.371582,0.202953,0.060525,286.420013,3717.000000
4474.000000,-101.007164,0.047852,0.012574,0.445557,0.375244,0.203449,0.061445,248.940002,3723.000000
4475.000000,-112.040253,0.047852,0.012073,0.443604,0.375488,0.200346,0.061622,278.480011,3725.000000
4476.000000,-102.665253,0.049316,0.012394,0.445557,0.375000,0.201955,0.060901,247.750000,3710.000000
4477.000000,-141.733261,0.048096,0.011737,0.438965,0.371582,0.197898,0.059347,366.130005,3715.000000
4478.000000,-111.516289,0.047119,0.011041,0.438965,0.371826,0.197780,0.061101,285.890015,3686.000000
4479.000000,-112.061852,0.048340,0.012524,0.440918,0.372070,0.198753,0.059554,273.089996,3693.000000
4480.000000,-95.580856,0.047607,0.010837,0.442627,0.372803,0.199766,0.060570,219.000000,3638.000000
4481.000000,-132.405182,0.050293,0.012836,0.444336,0.379883,0.199741,0.064639,346.500000,3552.000000
4482.000000,-103.005081,0.048828,0.011388,0.441895,0.373047,0.198101,0.060554,260.929993,3672.000000
4483.000000,-135.945969,0.048828,0.011336,0.438477,0.370361,0.196172,0.059913,343.589996,3727.000000
4484.000000,-110.091133,0.048340,0.011237,0.436523,0.368408,0.195118,0.059109,272.899994,3728.000000
4485.000000,-110.060822,0.048828,0.011289,0.436523,0.370605,0.196915,0.062338,277.790009,3725.000000
4486.000000,-111.252632,0.050781,0.012273,0.437256,0.376221,0.198716,0.064026,288.309998,3713.000000
4487.000000,-109.340889,0.051514,0.013072,0.438965,0.376953,0.200603,0.062738,273.059998,3681.000000
4488.000000,-113.977219,0.050293,0.011514,0.437500,0.375488,0.198880,0.061580,279.799988,3677.000000
4489.000000,-131.202408,0.050781,0.012152,0.435791,0.375000,0.198034,0.060959,324.600006,3676.000000
4490.000000,-116.150764,0.051514,0.011734,0.435059,0.369385,0.198044,0.058214,290.760010,3665.000000
4491.000000,-93.623642,0.050293,0.011346,0.435547,0.371094,0.198168,0.060533,211.399994,3676.000000
4492.000000,-115.070190,0.047852,0.011993,0.432129,0.370361,0.197255,0.060651,298.920013,3674.000000
4493.000000,-121.007988,0.046631,0.011294,0.432617,0.372559,0.198690,0.061424,308.450012,3672.000000
4494.000000,-120.660233,0.045654,0.011562,0.432373,0.370850,0.199384,0.057791,314.790009,3676.000000
4495.000000,-82.314049,0.045410,0.012476,0.432861,0.369629,0.199264,0.059534,180.029999,3667.000000
4496.000000,-134.557816,0.045166,0.012087,0.431885,0.367432,0.198434,0.057848,352.480011,3655.000000
4497.000000,-105.391609,0.047119,0.012934,0.433838,0.371338,0.199824,0.059831,251.080002,3657.000000
4498.000000,-133.672318,0.048828,0.013188,0.435303,0.370361,0.201560,0.059471,347.529999,3673.000000
4499.000000,-124.828552,0.049072,0.013891,0.435547,0.368896,0.201315,0.058951,303.299988,3667.000000
4500.000000,-112.897903,0.049316,0.013779,0.437500,0.368164,0.202930,0.057537,261.690002,3670.000000
