iteration,Train_mean_reward,Episode_stage1_successes,Episode_stage2_successes,Episode_stage1_left_successes,Episode_stage1_right_successes,Episode_stage2_left_successes,Episode_stage2_right_successes,Train_mean_episode_length,Computation_fps
1.000000,-60.313984,0.000000,0.000000,0.000000,0.000000,0.000000,0.000000,39.000000,2263.000000
2.000000,-60.313984,0.000000,0.000000,0.000000,0.000000,0.000000,0.000000,39.000000,3711.000000
3.000000,-60.313984,0.000000,0.000000,0.000000,0.000000,0.000000,0.000000,39.000000,3677.000000
4.000000,-60.313984,0.000000,0.000000,0.000000,0.000244,0.000000,0.000244,39.000000,3605.000000
5.000000,-60.313984,0.000000,0.000000,0.000000,0.000488,0.000000,0.000353,39.000000,3603.000000
6.000000,-64.386292,0.000000,0.000000,0.000000,0.001709,0.000000,0.001307,43.799999,3507.000000
7.000000,-69.637054,0.000000,0.000000,0.000000,0.003662,0.000000,0.001932,48.307693,3465.000000
8.000000,-73.968369,0.000000,0.000000,0.000244,0.029297,0.000081,0.019033,52.448978,3363.000000
9.000000,-84.084358,0.000000,0.000000,0.000244,0.109863,0.000022,0.088208,66.680000,3388.000000
10.000000,-88.911293,0.000000,0.000000,0.000000,0.135742,0.000000,0.075776,79.769997,3458.000000
11.000000,-94.643936,0.000000,0.000000,0.000000,0.149170,0.000000,0.069146,87.050003,3466.000000
12.000000,-97.422363,0.000244,0.000244,0.000244,0.156494,0.000244,0.062731,94.180000,3476.000000
13.000000,-100.340508,0.000244,0.000073,0.000488,0.138184,0.000317,0.047631,102.730003,3526.000000
14.000000,-106.961494,0.000244,0.000095,0.000488,0.152588,0.000192,0.063317,109.260002,3486.000000
15.000000,-113.777565,0.002686,0.002385,0.009521,0.186279,0.009103,0.089062,115.690002,3498.000000
16.000000,-113.215500,0.016357,0.014332,0.085693,0.236572,0.079158,0.130419,118.209999,3482.000000
17.000000,-113.169266,0.052246,0.043575,0.197266,0.294189,0.179879,0.171889,118.199997,3458.000000
18.000000,-112.315475,0.092529,0.073395,0.276123,0.349121,0.252318,0.205495,123.180000,3405.000000
19.000000,-112.682121,0.122559,0.088630,0.347900,0.391602,0.316433,0.225754,128.350006,3433.000000
20.000000,-108.388718,0.157715,0.109043,0.408447,0.431396,0.372706,0.243610,125.790001,3411.000000
21.000000,-97.979095,0.191895,0.128676,0.455322,0.455811,0.416691,0.248658,118.779999,3398.000000
22.000000,-103.016159,0.217529,0.138825,0.478760,0.477783,0.437299,0.255181,124.650002,3396.000000
23.000000,-91.159859,0.239990,0.147278,0.507324,0.494385,0.462822,0.256808,113.790001,3438.000000
24.000000,-84.675995,0.264404,0.158603,0.528076,0.513672,0.482537,0.263588,112.540001,3399.000000
25.000000,-88.776016,0.289795,0.170225,0.550537,0.536621,0.503567,0.273478,120.279999,3414.000000
26.000000,-90.731544,0.315674,0.185649,0.575439,0.557373,0.527108,0.286653,124.989998,3426.000000
27.000000,-93.406151,0.339844,0.199026,0.595947,0.586426,0.543988,0.305787,130.080002,3408.000000
28.000000,-96.689827,0.372070,0.217733,0.623535,0.621826,0.566782,0.328079,137.679993,3403.000000
29.000000,-89.254364,0.397217,0.233007,0.644531,0.643066,0.585573,0.342468,130.850006,3425.000000
30.000000,-89.298508,0.417480,0.242648,0.655273,0.661621,0.593054,0.351873,132.009995,3448.000000
31.000000,-96.318245,0.431641,0.246932,0.660645,0.668457,0.596485,0.353507,145.479996,3428.000000
32.000000,-96.132164,0.446289,0.251543,0.674072,0.678711,0.605366,0.357614,146.160004,3417.000000
33.000000,-95.996552,0.461914,0.255862,0.681885,0.696777,0.608757,0.365978,144.130005,3374.000000
34.000000,-92.093201,0.478027,0.259661,0.692383,0.711426,0.615251,0.370394,149.380005,3397.000000
35.000000,-96.174210,0.491211,0.263595,0.699463,0.720459,0.618707,0.373599,157.130005,3404.000000
36.000000,-94.967819,0.500732,0.265453,0.704346,0.721924,0.620205,0.368389,154.899994,3389.000000
37.000000,-91.838737,0.514160,0.270073,0.715576,0.727295,0.628271,0.367109,151.410004,3375.000000
38.000000,-98.567329,0.521240,0.270667,0.720947,0.735352,0.630213,0.370752,167.570007,3370.000000
39.000000,-96.418571,0.532959,0.275512,0.725098,0.740479,0.634267,0.371801,167.860001,3382.000000
40.000000,-96.487663,0.534912,0.279439,0.717773,0.735840,0.627999,0.370753,182.449997,3381.000000
41.000000,-106.056519,0.529053,0.280402,0.705078,0.728271,0.615138,0.372701,201.550003,3404.000000
42.000000,-104.841667,0.520996,0.279493,0.697754,0.720459,0.608649,0.370679,203.619995,3393.000000
43.000000,-109.513611,0.514893,0.279674,0.688477,0.714355,0.600748,0.372212,210.539993,3374.000000
44.000000,-110.509918,0.510742,0.280121,0.687744,0.711914,0.599044,0.376367,218.059998,3441.000000
45.000000,-123.692154,0.506348,0.283939,0.690186,0.701172,0.601884,0.375792,231.009995,3465.000000
46.000000,-115.512833,0.497803,0.281473,0.684326,0.689941,0.597667,0.371736,220.190002,3402.000000
47.000000,-107.284065,0.489746,0.279838,0.681885,0.684814,0.595698,0.372074,218.389999,3400.000000
48.000000,-116.417877,0.489990,0.286212,0.685547,0.684326,0.602001,0.376980,230.080002,3391.000000
49.000000,-111.483910,0.495117,0.292045,0.691895,0.693359,0.608070,0.386168,225.789993,3398.000000
50.000000,-106.259193,0.493164,0.293597,0.695312,0.690918,0.611376,0.386831,213.949997,3406.000000
51.000000,-108.200790,0.493164,0.296448,0.702881,0.692383,0.619058,0.391110,210.380005,3411.000000
52.000000,-104.253281,0.492188,0.297780,0.699707,0.690186,0.616585,0.391481,207.990005,3424.000000
53.000000,-102.468002,0.488525,0.295917,0.695801,0.687500,0.615263,0.389518,200.690002,3387.000000
54.000000,-111.501183,0.487305,0.297942,0.692627,0.685547,0.612731,0.391460,215.500000,3394.000000
55.000000,-108.645248,0.479980,0.294683,0.689453,0.678955,0.610534,0.388387,215.679993,3409.000000
56.000000,-102.657402,0.485107,0.300069,0.699219,0.680908,0.620177,0.391388,201.380005,3411.000000
57.000000,-113.914574,0.491455,0.303931,0.705566,0.685547,0.625175,0.395145,216.160004,3406.000000
58.000000,-102.980713,0.498291,0.308592,0.711426,0.696533,0.630667,0.404083,199.770004,3415.000000
59.000000,-102.840279,0.503174,0.313914,0.718750,0.700195,0.638561,0.407578,203.610001,3412.000000
60.000000,-108.502075,0.508789,0.315377,0.721924,0.703125,0.640968,0.408633,205.500000,3391.000000
61.000000,-99.260300,0.517090,0.320670,0.727051,0.710693,0.645411,0.413108,195.479996,3334.000000
62.000000,-99.170326,0.517334,0.319845,0.722656,0.716064,0.639101,0.419763,201.460007,3378.000000
63.000000,-101.885452,0.521240,0.321492,0.726074,0.718262,0.641755,0.419148,205.869995,3368.000000
64.000000,-106.743759,0.524414,0.321420,0.727783,0.718750,0.641548,0.418319,206.539993,3372.000000
65.000000,-112.017822,0.527100,0.321597,0.728760,0.719971,0.642125,0.418951,219.000000,3301.000000
66.000000,-104.089317,0.532227,0.325755,0.728516,0.726318,0.641121,0.423629,206.199997,3390.000000
67.000000,-105.725075,0.531250,0.326927,0.730225,0.722412,0.643624,0.422637,216.250000,3434.000000
68.000000,-110.035454,0.526123,0.319577,0.724609,0.716064,0.636859,0.414908,214.360001,3381.000000
69.000000,-104.265610,0.529541,0.319863,0.724854,0.722656,0.637128,0.419071,209.059998,3402.000000
70.000000,-111.127846,0.530029,0.319161,0.733398,0.726318,0.644529,0.420198,220.089996,3369.000000
71.000000,-111.312798,0.538086,0.324164,0.739990,0.734619,0.649963,0.426878,226.300003,3388.000000
72.000000,-102.459023,0.529053,0.320524,0.726318,0.727051,0.638103,0.423513,210.770004,3345.000000
73.000000,-106.847588,0.524658,0.318727,0.721924,0.721924,0.633794,0.419645,215.690002,3431.000000
74.000000,-103.354340,0.526611,0.322693,0.721680,0.723633,0.633806,0.423004,209.389999,3388.000000
75.000000,-106.372452,0.529541,0.326086,0.725586,0.721680,0.637144,0.423633,212.800003,3409.000000
76.000000,-107.395233,0.532715,0.326772,0.730469,0.728760,0.641975,0.426664,221.110001,3383.000000
77.000000,-107.330414,0.532227,0.328417,0.729736,0.731934,0.642207,0.431590,218.740005,3373.000000
78.000000,-105.613571,0.529541,0.326099,0.733154,0.726318,0.644012,0.427004,210.279999,3385.000000
79.000000,-108.546288,0.533203,0.331582,0.735596,0.727295,0.645809,0.430004,217.309998,3387.000000
80.000000,-112.336472,0.529785,0.330565,0.733398,0.720703,0.645793,0.424536,220.809998,3391.000000
81.000000,-103.427231,0.533203,0.332643,0.736572,0.723145,0.649703,0.426231,208.949997,3387.000000
82.000000,-109.704361,0.537842,0.335053,0.740967,0.725586,0.652600,0.426530,225.160004,3412.000000
83.000000,-114.937263,0.532471,0.332877,0.740234,0.722168,0.652181,0.427066,223.339996,3376.000000
84.000000,-110.219658,0.536133,0.338376,0.739990,0.721924,0.654380,0.429453,223.509995,3387.000000
85.000000,-116.390610,0.532959,0.338352,0.735107,0.716064,0.650681,0.429002,237.190002,3386.000000
86.000000,-107.278549,0.533936,0.340969,0.737061,0.718262,0.652786,0.433636,220.750000,3389.000000
87.000000,-100.733612,0.538330,0.342460,0.743652,0.722412,0.659491,0.433504,209.690002,3399.000000
88.000000,-115.344505,0.538086,0.342999,0.746094,0.719482,0.662212,0.432550,229.509995,3388.000000
89.000000,-114.872948,0.535400,0.342787,0.745605,0.715332,0.662481,0.429906,228.149994,3387.000000
90.000000,-109.582085,0.529785,0.337385,0.742188,0.711670,0.660435,0.425523,225.320007,3389.000000
91.000000,-103.254158,0.530518,0.338518,0.747803,0.713623,0.665696,0.426048,211.250000,3392.000000
92.000000,-115.808990,0.532959,0.339394,0.748047,0.716797,0.664982,0.428185,236.690002,3397.000000
93.000000,-104.245811,0.540527,0.344973,0.755859,0.722168,0.671672,0.432162,214.039993,3389.000000
94.000000,-105.445595,0.542480,0.347508,0.749756,0.726074,0.666579,0.435662,216.889999,3386.000000
95.000000,-101.753746,0.534424,0.341886,0.744141,0.717285,0.662703,0.427482,210.330002,3395.000000
96.000000,-102.764320,0.535645,0.342134,0.740723,0.716553,0.658578,0.425850,204.759995,3400.000000
97.000000,-107.627174,0.539795,0.346328,0.747314,0.719727,0.665641,0.427447,224.039993,3356.000000
98.000000,-105.896706,0.540039,0.347465,0.744141,0.721191,0.664005,0.428778,221.740005,3380.000000
99.000000,-113.439484,0.537354,0.343415,0.741455,0.718994,0.660349,0.426829,239.600006,3362.000000
100.000000,-119.424393,0.540771,0.347387,0.742188,0.725098,0.661695,0.434154,241.020004,3382.000000
101.000000,-105.916275,0.544922,0.350983,0.743896,0.724365,0.663198,0.433980,220.880005,3372.000000
102.000000,-106.109337,0.545410,0.350323,0.746338,0.722168,0.665098,0.431160,221.570007,3407.000000
103.000000,-111.506218,0.542480,0.348129,0.741943,0.721924,0.661252,0.432115,235.009995,3407.000000
104.000000,-101.722618,0.544678,0.349032,0.742676,0.722412,0.662035,0.431026,213.699997,3423.000000
105.000000,-117.332642,0.539551,0.344197,0.736328,0.719971,0.655573,0.427910,245.240005,3387.000000
106.000000,-110.843307,0.544189,0.348557,0.743164,0.729736,0.661338,0.436053,230.050003,3418.000000
107.000000,-112.549728,0.549805,0.353954,0.750244,0.734131,0.667733,0.440360,234.869995,3400.000000
108.000000,-108.921844,0.548828,0.353708,0.744629,0.730225,0.661254,0.438877,226.919998,3371.000000
109.000000,-111.525391,0.549805,0.354120,0.744629,0.729736,0.661447,0.437310,224.490005,3375.000000
110.000000,-106.349815,0.551025,0.354229,0.747070,0.735107,0.663950,0.442175,224.100006,3373.000000
111.000000,-109.389740,0.555176,0.359154,0.751709,0.740723,0.667917,0.447677,228.740005,3369.000000
112.000000,-117.487083,0.556152,0.359783,0.749756,0.737305,0.667117,0.445404,244.589996,3362.000000
113.000000,-110.579391,0.552002,0.355543,0.749268,0.732178,0.665683,0.439890,235.750000,3360.000000
114.000000,-102.055000,0.553955,0.358022,0.746582,0.740723,0.660947,0.448742,209.160004,3376.000000
115.000000,-102.056267,0.553955,0.359036,0.744385,0.739990,0.658956,0.447906,219.110001,3373.000000
116.000000,-105.060509,0.553955,0.358523,0.746338,0.743164,0.659880,0.450323,219.619995,3378.000000
117.000000,-115.036118,0.559082,0.364285,0.752197,0.747314,0.665498,0.454283,231.690002,3380.000000
118.000000,-106.507446,0.560059,0.368529,0.745850,0.748047,0.659721,0.457828,222.360001,3385.000000
119.000000,-113.304855,0.559570,0.369425,0.746582,0.741699,0.660261,0.454005,229.270004,3378.000000
120.000000,-110.951096,0.556885,0.364899,0.744873,0.741211,0.657720,0.452629,235.059998,3393.000000
121.000000,-110.897881,0.557129,0.366283,0.744385,0.739990,0.658079,0.451613,225.669998,3369.000000
122.000000,-107.694786,0.561035,0.369399,0.751465,0.744385,0.663864,0.456626,215.250000,3370.000000
123.000000,-117.906197,0.566895,0.373235,0.756348,0.748779,0.667974,0.459226,233.690002,3384.000000
124.000000,-128.819305,0.560547,0.369752,0.745361,0.746094,0.659279,0.459856,250.919998,3388.000000
125.000000,-749.313477,0.557129,0.367849,0.740479,0.742676,0.655431,0.457536,977.280029,3364.000000
126.000000,-103.803726,0.551025,0.364841,0.736816,0.712402,0.653687,0.451586,213.979996,3329.000000
127.000000,-103.407707,0.552002,0.367142,0.742432,0.715576,0.658159,0.456502,221.580002,3362.000000
128.000000,-109.107407,0.552734,0.366108,0.754883,0.721680,0.669540,0.459391,232.139999,3358.000000
129.000000,-110.367645,0.566406,0.382369,0.768311,0.748291,0.683213,0.486479,236.110001,3287.000000
130.000000,-99.094421,0.574463,0.387124,0.776367,0.753906,0.690464,0.486670,206.419998,3379.000000
131.000000,-111.675095,0.585205,0.394660,0.786865,0.759766,0.700415,0.490485,235.830002,3375.000000
132.000000,-109.359238,0.586914,0.395281,0.792969,0.758057,0.706228,0.487674,223.759995,3361.000000
133.000000,-102.931725,0.588623,0.397106,0.792969,0.758057,0.705586,0.489245,219.039993,3375.000000
134.000000,-121.827148,0.586914,0.394712,0.787109,0.757324,0.702298,0.487449,244.029999,3366.000000
135.000000,-218.679688,0.590576,0.396469,0.783691,0.750000,0.702334,0.482301,395.450012,3376.000000
136.000000,-151.309158,0.594482,0.399480,0.777832,0.751221,0.697957,0.486469,282.459991,3354.000000
137.000000,-103.486122,0.591553,0.395850,0.783447,0.752197,0.702964,0.487174,216.139999,3375.000000
138.000000,-199.217804,0.597900,0.399190,0.782471,0.761230,0.703774,0.494020,368.959991,3370.000000
139.000000,-150.470078,0.601807,0.402047,0.787109,0.763916,0.709854,0.496115,292.420013,3348.000000
140.000000,-132.717606,0.602783,0.400526,0.786865,0.759033,0.710292,0.490066,268.010010,3356.000000
141.000000,-152.394226,0.596436,0.392345,0.785400,0.757568,0.709468,0.487449,277.380005,3342.000000
142.000000,-112.116692,0.596436,0.393851,0.784180,0.762451,0.709874,0.491898,231.990005,3367.000000
143.000000,-128.699539,0.600586,0.394070,0.788086,0.761475,0.714323,0.487610,252.710007,3353.000000
144.000000,-126.680847,0.604248,0.394073,0.791260,0.763428,0.716929,0.488881,247.360001,3353.000000
145.000000,-121.307686,0.607666,0.396437,0.792969,0.765625,0.719502,0.490224,240.279999,3337.000000
146.000000,-127.552536,0.614746,0.398933,0.795654,0.769775,0.720477,0.490215,262.649994,3340.000000
147.000000,-123.706390,0.614990,0.399408,0.794678,0.769287,0.719937,0.488669,252.199997,3340.000000
148.000000,-130.117142,0.617432,0.400140,0.797363,0.773682,0.720676,0.491604,256.190002,3362.000000
149.000000,-117.175522,0.622070,0.403428,0.797119,0.774902,0.721650,0.493149,238.820007,3350.000000
150.000000,-114.939117,0.616211,0.397078,0.789795,0.768555,0.714380,0.488131,236.039993,3357.000000
151.000000,-129.625809,0.618164,0.397982,0.797119,0.762939,0.721765,0.481171,265.260010,3366.000000
152.000000,-111.785500,0.615967,0.395911,0.796631,0.762451,0.722305,0.479729,225.550003,3353.000000
153.000000,-111.286659,0.615479,0.398482,0.792725,0.760742,0.719092,0.481881,235.679993,3353.000000
154.000000,-113.239510,0.613037,0.397914,0.790527,0.760986,0.718287,0.483622,231.059998,3361.000000
155.000000,-114.638313,0.602539,0.392190,0.780762,0.750488,0.709487,0.477583,241.289993,3346.000000
156.000000,-100.329651,0.600342,0.393330,0.778809,0.749268,0.707395,0.481247,210.300003,3370.000000
157.000000,-105.253525,0.603027,0.394879,0.779297,0.750977,0.708225,0.480958,219.720001,3357.000000
158.000000,-108.413658,0.606201,0.399328,0.783447,0.754395,0.712630,0.486936,221.259995,3354.000000
159.000000,-104.542633,0.607666,0.404052,0.782715,0.755371,0.712416,0.491392,215.679993,3376.000000
160.000000,-101.385765,0.605713,0.404752,0.784912,0.753662,0.715208,0.493939,211.570007,3358.000000
161.000000,-110.458496,0.604492,0.402949,0.787109,0.751465,0.716615,0.489674,236.580002,3363.000000
162.000000,-113.270630,0.610596,0.407247,0.796631,0.758545,0.725008,0.495014,230.899994,3338.000000
163.000000,-102.732292,0.608643,0.403900,0.795410,0.755371,0.724610,0.490695,217.300003,3369.000000
164.000000,-123.701653,0.608643,0.402664,0.795410,0.755615,0.723601,0.490688,256.649994,3347.000000
165.000000,-95.685326,0.613525,0.407520,0.798828,0.759766,0.725895,0.494967,202.470001,3354.000000
166.000000,-121.824463,0.618408,0.409830,0.805420,0.761475,0.732881,0.494416,255.880005,3337.000000
167.000000,-119.917000,0.618652,0.408217,0.806885,0.758545,0.734895,0.489287,251.639999,3326.000000
168.000000,-105.405098,0.614014,0.402864,0.800781,0.759766,0.727073,0.489619,223.380005,3345.000000
169.000000,-122.563751,0.617676,0.405670,0.799561,0.761230,0.726149,0.490969,240.660004,3343.000000
170.000000,-100.769440,0.619629,0.406213,0.803223,0.760742,0.728146,0.487457,212.240005,3330.000000
171.000000,-120.074532,0.613037,0.399346,0.795410,0.762451,0.719785,0.489713,249.029999,3341.000000
172.000000,-105.378960,0.609619,0.398819,0.791992,0.764893,0.718243,0.492073,219.649994,3332.000000
173.000000,-120.102493,0.613525,0.399707,0.794434,0.764160,0.718831,0.487859,247.619995,3326.000000
174.000000,-118.401642,0.616699,0.402375,0.801025,0.762451,0.726146,0.485674,249.679993,3348.000000
175.000000,-125.375458,0.611084,0.398990,0.800293,0.758545,0.725499,0.484446,254.949997,3352.000000
176.000000,-125.879921,0.609619,0.400473,0.795166,0.757568,0.723088,0.486130,242.160004,3357.000000
177.000000,-113.418228,0.604736,0.399013,0.789551,0.753662,0.717841,0.484524,232.889999,3377.000000
178.000000,-124.137764,0.605469,0.399128,0.797119,0.755127,0.726662,0.484539,252.289993,3364.000000
179.000000,-118.733490,0.605225,0.399226,0.797607,0.753662,0.727269,0.484225,231.320007,3349.000000
180.000000,-121.693245,0.604248,0.398246,0.795654,0.750000,0.726617,0.479369,238.360001,3356.000000
181.000000,-107.302589,0.611328,0.402774,0.801025,0.758545,0.731824,0.485228,219.779999,3366.000000
182.000000,-111.973137,0.612061,0.402952,0.800537,0.754639,0.733657,0.480801,230.449997,3369.000000
183.000000,-114.065025,0.611084,0.404454,0.797607,0.753418,0.732327,0.483006,233.559998,3329.000000
184.000000,-106.103706,0.608398,0.403147,0.795654,0.752686,0.730232,0.484018,218.860001,3349.000000
185.000000,-105.083824,0.616211,0.406898,0.799561,0.762451,0.734269,0.490260,218.000000,3325.000000
186.000000,-113.330246,0.625244,0.415552,0.808594,0.766846,0.743167,0.495212,226.220001,3341.000000
187.000000,-105.721306,0.626709,0.416832,0.805420,0.768311,0.739135,0.495222,218.490005,3351.000000
188.000000,-107.950783,0.620605,0.410811,0.801025,0.763184,0.734290,0.491720,228.500000,3356.000000
189.000000,-117.953186,0.630615,0.418195,0.802734,0.771484,0.735079,0.497355,241.270004,3344.000000
190.000000,-111.907570,0.627686,0.416876,0.800781,0.764648,0.735166,0.494550,229.580002,3330.000000
191.000000,-109.692535,0.632324,0.421885,0.803711,0.764893,0.737651,0.497767,226.240005,3303.000000
192.000000,-113.934113,0.632324,0.421500,0.803223,0.763916,0.736462,0.498900,233.279999,3323.000000
193.000000,-114.479507,0.631592,0.419887,0.805908,0.765137,0.738214,0.500392,240.789993,3247.000000
194.000000,-111.919685,0.633789,0.422356,0.808838,0.763184,0.741149,0.499646,241.979996,3311.000000
195.000000,-120.356461,0.629639,0.417394,0.807373,0.760010,0.738542,0.496450,249.389999,3344.000000
196.000000,-101.180969,0.632324,0.419504,0.811035,0.761963,0.741209,0.499404,210.199997,3303.000000
197.000000,-123.961174,0.628662,0.417235,0.808105,0.761963,0.738533,0.501208,250.429993,3333.000000
198.000000,-114.184700,0.631836,0.419346,0.806885,0.764404,0.737311,0.502617,236.669998,3334.000000
199.000000,-105.918182,0.636230,0.422437,0.811523,0.764648,0.741112,0.503319,219.979996,3361.000000
200.000000,-114.001907,0.634277,0.420101,0.812500,0.766113,0.742867,0.502564,240.320007,3347.000000
201.000000,-102.556709,0.636230,0.419482,0.816895,0.765869,0.747054,0.499331,216.050003,3326.000000
202.000000,-130.256729,0.633789,0.417564,0.809082,0.769043,0.740319,0.501701,270.019989,3360.000000
203.000000,-106.362129,0.636230,0.419314,0.805176,0.770508,0.736794,0.502780,221.600006,3330.000000
204.000000,-130.022675,0.631104,0.416281,0.802002,0.767334,0.734720,0.500198,256.549988,3370.000000
205.000000,-127.074936,0.630859,0.417663,0.802002,0.766602,0.734731,0.501142,253.179993,3327.000000
206.000000,-109.296165,0.630859,0.417812,0.800781,0.766357,0.732924,0.500743,235.570007,3351.000000
207.000000,-118.689827,0.626953,0.413890,0.798096,0.768066,0.728620,0.501290,236.139999,3324.000000
208.000000,-105.917915,0.634277,0.420464,0.804688,0.775879,0.736389,0.506730,223.350006,3348.000000
209.000000,-115.105850,0.633301,0.421424,0.806396,0.768066,0.738411,0.501454,229.279999,3346.000000
210.000000,-119.451431,0.632324,0.420639,0.799072,0.766113,0.731449,0.500965,242.369995,3377.000000
211.000000,-116.537735,0.631104,0.418642,0.800537,0.764404,0.733258,0.498117,243.399994,3403.000000
212.000000,-107.460495,0.627441,0.416648,0.796631,0.760254,0.728429,0.495940,228.289993,3347.000000
213.000000,-108.157784,0.629639,0.418271,0.800049,0.767334,0.730623,0.501933,225.809998,3386.000000
214.000000,-104.063324,0.625732,0.415806,0.791260,0.769287,0.721985,0.503184,220.750000,3372.000000
215.000000,-115.669655,0.623047,0.414003,0.788086,0.770752,0.719478,0.505920,241.970001,3347.000000
216.000000,-111.940308,0.628418,0.420881,0.791992,0.767090,0.724564,0.504561,233.880005,3366.000000
217.000000,-129.870041,0.631104,0.423097,0.792236,0.768311,0.725869,0.505351,256.619995,3354.000000
218.000000,-107.996704,0.634521,0.423368,0.797607,0.769775,0.731085,0.504673,228.270004,3352.000000
219.000000,-103.907143,0.636230,0.425601,0.799072,0.775879,0.733097,0.509296,223.750000,3345.000000
220.000000,-109.557327,0.638916,0.429883,0.801514,0.780273,0.735052,0.513826,233.479996,3343.000000
221.000000,-120.235115,0.635254,0.428722,0.797607,0.773926,0.731815,0.508675,252.080002,3346.000000
222.000000,-104.873993,0.636230,0.429289,0.797852,0.774170,0.732028,0.509282,221.149994,3401.000000
223.000000,-117.181358,0.643799,0.436816,0.802979,0.777588,0.738047,0.513737,242.169998,3382.000000
224.000000,-122.662262,0.640137,0.433664,0.797607,0.774658,0.734454,0.510866,251.380005,3387.000000
225.000000,-106.003868,0.638428,0.431224,0.796875,0.777832,0.733723,0.512033,220.660004,3343.000000
226.000000,-104.615883,0.639160,0.433090,0.801270,0.780029,0.736781,0.514553,222.899994,3392.000000
227.000000,-118.092644,0.644287,0.440755,0.810303,0.781250,0.745045,0.516845,238.779999,3337.000000
228.000000,-111.782928,0.640869,0.439182,0.804443,0.778076,0.739279,0.516307,229.600006,3356.000000
229.000000,-102.486282,0.637695,0.437521,0.807617,0.772705,0.742600,0.511611,217.279999,3397.000000
230.000000,-104.900620,0.637451,0.435459,0.803955,0.772949,0.739871,0.510973,219.350006,3375.000000
231.000000,-108.440132,0.634766,0.436812,0.802979,0.767822,0.740191,0.509699,229.149994,3340.000000
232.000000,-106.426468,0.626465,0.430993,0.794434,0.765137,0.732604,0.508357,222.160004,3374.000000
233.000000,-113.972931,0.624512,0.428724,0.793945,0.767578,0.732563,0.510041,240.740005,3406.000000
234.000000,-105.912315,0.635986,0.437777,0.804932,0.768066,0.742329,0.508841,220.990005,3366.000000
235.000000,-126.621666,0.635986,0.436022,0.806885,0.771484,0.743473,0.513015,259.390015,3377.000000
236.000000,-103.563782,0.637207,0.434916,0.810791,0.771973,0.747015,0.512770,216.929993,3382.000000
237.000000,-130.296936,0.637207,0.431875,0.809570,0.771240,0.745779,0.509605,253.750000,3364.000000
238.000000,-111.869385,0.637939,0.429760,0.806641,0.775879,0.742421,0.511483,237.830002,3358.000000
239.000000,-117.615395,0.638916,0.429147,0.807129,0.774658,0.743587,0.507833,247.130005,3355.000000
240.000000,-107.300072,0.635010,0.426055,0.801758,0.772217,0.738072,0.505763,229.740005,3361.000000
241.000000,-113.999054,0.636963,0.425200,0.806152,0.776367,0.742425,0.507032,239.309998,3376.000000
242.000000,-106.084724,0.637451,0.425485,0.804688,0.777832,0.741436,0.505704,228.339996,3362.000000
243.000000,-111.451263,0.632568,0.420038,0.802734,0.771973,0.738675,0.500010,229.429993,3369.000000
244.000000,-113.033478,0.638672,0.425162,0.805420,0.773682,0.740677,0.503616,238.850006,3365.000000
245.000000,-114.422272,0.630859,0.419929,0.796143,0.762451,0.732896,0.496646,237.210007,3365.000000
246.000000,-107.960167,0.630127,0.419096,0.797363,0.762451,0.732913,0.496442,232.190002,3394.000000
247.000000,-121.901070,0.621826,0.416143,0.790771,0.755859,0.727622,0.494126,241.110001,3401.000000
248.000000,-98.276390,0.623047,0.414064,0.797363,0.759521,0.732576,0.494918,210.750000,3358.000000
249.000000,-106.806602,0.627197,0.418288,0.803711,0.757568,0.739126,0.494534,226.149994,3400.000000
250.000000,-117.433731,0.631104,0.422379,0.807617,0.763184,0.742695,0.499667,241.789993,3374.000000
251.000000,-108.515747,0.629639,0.422868,0.798584,0.766113,0.733034,0.505806,230.240005,3380.000000
252.000000,-112.993950,0.630127,0.421927,0.801025,0.767334,0.735018,0.505697,233.729996,3383.000000
253.000000,-107.282463,0.628662,0.419713,0.800293,0.766846,0.733784,0.504385,223.910004,3395.000000
254.000000,-111.290344,0.631836,0.419531,0.807129,0.773438,0.739197,0.506875,229.339996,3340.000000
255.000000,-118.094444,0.633301,0.420612,0.808594,0.773926,0.741706,0.507259,244.220001,3381.000000
256.000000,-105.293442,0.634766,0.418534,0.811768,0.772461,0.743498,0.502766,221.570007,3383.000000
257.000000,-112.376259,0.629639,0.414809,0.808594,0.766357,0.740692,0.497208,228.360001,3282.000000
258.000000,-118.477364,0.630859,0.415513,0.803467,0.770996,0.734342,0.502140,245.100006,3364.000000
259.000000,-104.108429,0.625732,0.412743,0.794434,0.764648,0.726445,0.497626,214.259995,3350.000000
260.000000,-113.984238,0.613770,0.403920,0.789795,0.758545,0.723177,0.491991,236.360001,3339.000000
261.000000,-100.254837,0.621094,0.411974,0.796387,0.763428,0.730160,0.497357,215.080002,3360.000000
262.000000,-106.869453,0.619873,0.410521,0.795410,0.766113,0.729154,0.496900,218.809998,3385.000000
263.000000,-113.764748,0.617676,0.410481,0.800049,0.762207,0.734744,0.494289,236.720001,3386.000000
264.000000,-110.468765,0.622803,0.415234,0.803223,0.765381,0.738954,0.497567,230.240005,3380.000000
265.000000,-99.682442,0.616211,0.411059,0.799316,0.757324,0.735025,0.490346,212.899994,3397.000000
266.000000,-106.590317,0.618896,0.415526,0.800293,0.757812,0.735934,0.490961,228.529999,3411.000000
267.000000,-117.969170,0.617432,0.416449,0.799561,0.759277,0.736238,0.493893,231.960007,3401.000000
268.000000,-119.683907,0.621094,0.419409,0.798340,0.763672,0.734758,0.499178,246.460007,3379.000000
269.000000,-124.021515,0.616211,0.413456,0.795410,0.756104,0.732165,0.493675,255.669998,3408.000000
270.000000,-102.111305,0.616455,0.415528,0.801758,0.755127,0.738196,0.493569,209.800003,3365.000000
271.000000,-95.593956,0.627930,0.425047,0.810303,0.763184,0.745473,0.498403,197.910004,3348.000000
272.000000,-97.587776,0.627686,0.426782,0.805176,0.766357,0.740202,0.503436,208.550003,3330.000000
273.000000,-110.563339,0.627197,0.427861,0.803223,0.764893,0.739816,0.503536,231.979996,3353.000000
274.000000,-124.700768,0.625244,0.427716,0.800781,0.762695,0.737286,0.504723,257.600006,3352.000000
275.000000,-106.964264,0.625732,0.429415,0.798340,0.762939,0.734842,0.507774,224.600006,3327.000000
276.000000,-101.735207,0.628174,0.431390,0.805420,0.761230,0.742194,0.505753,211.559998,3346.000000
277.000000,-125.917900,0.627930,0.430685,0.801514,0.764893,0.738327,0.510218,240.449997,3372.000000
278.000000,-117.340424,0.622559,0.426782,0.801025,0.762451,0.738173,0.508263,238.539993,3364.000000
279.000000,-108.952148,0.629639,0.431507,0.806885,0.770508,0.743889,0.512642,226.000000,3378.000000
280.000000,-137.253769,0.631104,0.429443,0.810791,0.769775,0.747721,0.510287,269.399994,3392.000000
281.000000,-102.663414,0.631348,0.428073,0.810547,0.770752,0.746827,0.510403,217.600006,3398.000000
282.000000,-115.889114,0.635742,0.428185,0.814453,0.772217,0.749228,0.508369,246.020004,3386.000000
283.000000,-113.625893,0.640381,0.431524,0.815430,0.775879,0.749996,0.511563,236.059998,3356.000000
284.000000,-122.204056,0.635010,0.428080,0.812744,0.768066,0.748370,0.507215,252.160004,3353.000000
285.000000,-102.238106,0.626953,0.421057,0.804199,0.763428,0.739537,0.503271,216.649994,3406.000000
286.000000,-107.919823,0.631104,0.424689,0.802246,0.763428,0.739394,0.503840,224.240005,3419.000000
287.000000,-109.854561,0.627441,0.421738,0.801514,0.758057,0.739140,0.498067,234.100006,3365.000000
288.000000,-120.464005,0.625488,0.419037,0.798340,0.759766,0.736838,0.498800,226.809998,3394.000000
289.000000,-107.210258,0.624512,0.416911,0.798096,0.764160,0.736316,0.502596,227.809998,3374.000000
290.000000,-109.398125,0.622559,0.413308,0.797363,0.766357,0.733449,0.501479,234.860001,3354.000000
291.000000,-122.608742,0.633057,0.422520,0.806152,0.777344,0.741445,0.510104,244.160004,3358.000000
292.000000,-128.814331,0.635010,0.424142,0.805420,0.774902,0.739964,0.509006,264.989990,3362.000000
293.000000,-115.427879,0.638428,0.424125,0.810791,0.777344,0.744341,0.509974,250.710007,3357.000000
294.000000,-116.973618,0.636230,0.423428,0.806641,0.773682,0.740681,0.506795,238.589996,3354.000000
295.000000,-111.713173,0.629883,0.420452,0.799805,0.767334,0.733910,0.505279,235.309998,3338.000000
296.000000,-114.182625,0.625000,0.417464,0.795166,0.759277,0.730376,0.500017,241.770004,3398.000000
297.000000,-113.961159,0.622559,0.415956,0.796631,0.758545,0.732505,0.499902,242.490005,3374.000000
298.000000,-129.304947,0.633057,0.422844,0.804443,0.770020,0.738934,0.509238,251.820007,3403.000000
299.000000,-104.430115,0.633545,0.424696,0.802979,0.770752,0.738754,0.510363,224.289993,3390.000000
300.000000,-106.177528,0.630615,0.424807,0.796387,0.770264,0.730905,0.511697,228.820007,3372.000000
301.000000,-104.750069,0.626953,0.421547,0.796143,0.762695,0.730265,0.504342,221.369995,3372.000000
302.000000,-116.242325,0.625977,0.419528,0.797607,0.764160,0.730298,0.505124,236.550003,3359.000000
303.000000,-106.960480,0.633057,0.424450,0.802734,0.770020,0.734542,0.509376,227.679993,3351.000000
304.000000,-107.204201,0.628418,0.423703,0.798584,0.768311,0.730893,0.511080,230.399994,3357.000000
305.000000,-103.197792,0.633789,0.427761,0.804932,0.772949,0.735694,0.514683,224.279999,3376.000000
306.000000,-115.024292,0.638184,0.430577,0.810303,0.775391,0.740950,0.516045,238.259995,3398.000000
307.000000,-104.403069,0.635254,0.426197,0.809082,0.774170,0.739310,0.512020,221.339996,3365.000000
308.000000,-123.270897,0.645508,0.435231,0.813477,0.778809,0.742794,0.516495,249.250000,3363.000000
309.000000,-112.778877,0.643799,0.436318,0.807129,0.774414,0.737117,0.513366,233.649994,3361.000000
310.000000,-124.339691,0.639160,0.431843,0.807617,0.771240,0.739264,0.510747,254.619995,3369.000000
311.000000,-110.139572,0.635986,0.431524,0.800049,0.768066,0.732055,0.511331,230.860001,3363.000000
312.000000,-106.740494,0.631104,0.428554,0.795898,0.763916,0.728441,0.509948,213.830002,3340.000000
313.000000,-107.377266,0.632324,0.429310,0.795410,0.764893,0.728415,0.511137,221.979996,3370.000000
314.000000,-115.646484,0.633057,0.431550,0.797363,0.764404,0.730121,0.513684,246.320007,3389.000000
315.000000,-110.741035,0.629639,0.430650,0.793701,0.764160,0.726129,0.514486,234.160004,3363.000000
316.000000,-119.995766,0.630371,0.432861,0.795166,0.765137,0.729041,0.516310,235.270004,3372.000000
317.000000,-109.169456,0.632080,0.435454,0.801025,0.769287,0.734625,0.519907,233.160004,3364.000000
318.000000,-115.890221,0.637451,0.440838,0.804688,0.769287,0.739167,0.521247,243.940002,3353.000000
319.000000,-112.580208,0.645264,0.449504,0.809326,0.774658,0.744010,0.527208,236.520004,3370.000000
320.000000,-132.082291,0.654541,0.457421,0.810059,0.780273,0.745422,0.531597,261.519989,3374.000000
321.000000,-125.464554,0.645752,0.449097,0.803711,0.774414,0.739232,0.526917,264.390015,3290.000000
322.000000,-133.949158,0.643799,0.446391,0.801025,0.771973,0.736327,0.527313,284.149994,3344.000000
323.000000,-114.275719,0.641113,0.442905,0.796875,0.770508,0.733201,0.524336,237.539993,3357.000000
324.000000,-119.188004,0.640625,0.442396,0.805176,0.768311,0.741179,0.521781,240.979996,3361.000000
325.000000,-112.536446,0.643555,0.443466,0.810547,0.771484,0.746976,0.521329,237.490005,3367.000000
326.000000,-113.943298,0.641357,0.442699,0.809814,0.768066,0.746888,0.518632,227.839996,3344.000000
327.000000,-122.046425,0.637207,0.439623,0.802979,0.764893,0.739625,0.515597,257.559998,3370.000000
328.000000,-108.390373,0.634277,0.436574,0.797607,0.761719,0.735161,0.513106,224.949997,3374.000000
329.000000,-115.188164,0.630127,0.434680,0.797119,0.760986,0.735704,0.514802,240.990005,3361.000000
330.000000,-122.282608,0.631104,0.432573,0.798584,0.762451,0.736627,0.513964,250.899994,3340.000000
331.000000,-122.744049,0.631592,0.431413,0.801758,0.763916,0.740115,0.513092,253.729996,3348.000000
332.000000,-117.915291,0.631592,0.431807,0.801514,0.765869,0.740816,0.514132,241.350006,3360.000000
333.000000,-108.198860,0.636475,0.436408,0.807373,0.770264,0.747176,0.517376,221.300003,3382.000000
334.000000,-123.470573,0.633789,0.434295,0.804688,0.758545,0.744633,0.506702,234.399994,3397.000000
335.000000,-117.959785,0.635986,0.436108,0.803955,0.765137,0.744993,0.511860,248.570007,3368.000000
336.000000,-119.774963,0.634033,0.431813,0.799805,0.762451,0.739976,0.507623,246.559998,3364.000000
337.000000,-113.075279,0.632812,0.430201,0.799316,0.763428,0.738774,0.509202,220.570007,3359.000000
338.000000,-111.021729,0.628418,0.427014,0.796875,0.759521,0.736960,0.506355,230.919998,3350.000000
339.000000,-127.782005,0.629395,0.429128,0.802002,0.755371,0.743672,0.503635,261.589996,3382.000000
340.000000,-114.394135,0.633057,0.430147,0.803467,0.759033,0.744739,0.503497,237.940002,3377.000000
341.000000,-114.755920,0.639893,0.432588,0.810059,0.770264,0.750828,0.509033,238.660004,3362.000000
342.000000,-110.876450,0.641602,0.432840,0.812744,0.772705,0.752518,0.511333,233.539993,3376.000000
343.000000,-104.704659,0.641357,0.432680,0.811035,0.771973,0.748468,0.511845,224.899994,3377.000000
344.000000,-115.064911,0.637207,0.429829,0.807373,0.764893,0.744375,0.506850,242.410004,3374.000000
345.000000,-108.129135,0.641357,0.431032,0.810303,0.763428,0.747226,0.503666,220.179993,3376.000000
346.000000,-121.889923,0.634521,0.427181,0.803223,0.756592,0.741028,0.500593,249.889999,3376.000000
347.000000,-105.085022,0.636475,0.428770,0.802979,0.761963,0.740270,0.505270,218.470001,3354.000000
348.000000,-111.086220,0.636719,0.425884,0.800293,0.765381,0.737635,0.506414,235.509995,3355.000000
349.000000,-103.277420,0.633057,0.423589,0.802979,0.762695,0.739887,0.504698,220.070007,3342.000000
350.000000,-110.161942,0.632080,0.421510,0.800537,0.767334,0.737128,0.505952,229.889999,3407.000000
351.000000,-115.709267,0.638916,0.428472,0.802490,0.768555,0.740684,0.507243,238.630005,3353.000000
352.000000,-102.479767,0.635986,0.424397,0.796387,0.768066,0.735232,0.505946,216.259995,3375.000000
353.000000,-117.812172,0.639160,0.425830,0.803955,0.772949,0.743386,0.509044,238.240005,3365.000000
354.000000,-119.766655,0.641602,0.427746,0.803467,0.771973,0.742663,0.508390,239.649994,3365.000000
355.000000,-111.325172,0.641113,0.427986,0.803467,0.770264,0.743184,0.506988,229.050003,3364.000000
356.000000,-110.435654,0.635498,0.422711,0.798828,0.769043,0.738259,0.506061,225.740005,3321.000000
357.000000,-120.728752,0.637695,0.424920,0.798340,0.768799,0.737232,0.506844,253.570007,3357.000000
358.000000,-103.123695,0.634521,0.425025,0.802979,0.765137,0.742319,0.505011,217.750000,3352.000000
359.000000,-110.339577,0.638672,0.427975,0.808105,0.770020,0.746003,0.508629,230.889999,3382.000000
360.000000,-118.733406,0.642334,0.431752,0.810059,0.771240,0.748920,0.509471,241.960007,3377.000000
361.000000,-108.414635,0.644043,0.429780,0.809326,0.774414,0.747012,0.508537,226.229996,3334.000000
362.000000,-104.610756,0.648926,0.434327,0.813477,0.778076,0.751514,0.511356,225.179993,3356.000000
363.000000,-132.265411,0.641602,0.430771,0.809326,0.773926,0.746959,0.511140,266.579987,3327.000000
364.000000,-107.032143,0.645020,0.434112,0.807129,0.778076,0.744347,0.515393,224.699997,3361.000000
365.000000,-121.551071,0.646240,0.433330,0.812012,0.779053,0.747624,0.513117,233.589996,3374.000000
366.000000,-122.967888,0.638184,0.426036,0.807617,0.775146,0.743409,0.508799,251.130005,3381.000000
367.000000,-126.657242,0.636719,0.424544,0.805664,0.775146,0.740356,0.508434,258.989990,3344.000000
368.000000,-110.080284,0.635010,0.423968,0.804443,0.767822,0.739750,0.503197,231.830002,3393.000000
369.000000,-96.869713,0.635742,0.423736,0.798828,0.769287,0.734113,0.504597,201.949997,3354.000000
370.000000,-111.768753,0.635010,0.421278,0.801758,0.773193,0.737628,0.506034,235.699997,3369.000000
371.000000,-117.432304,0.635254,0.423143,0.802734,0.773682,0.739898,0.506776,246.580002,3359.000000
372.000000,-110.236603,0.639160,0.423634,0.806152,0.777588,0.742266,0.506502,229.270004,3381.000000
373.000000,-106.674248,0.633057,0.420742,0.800293,0.777100,0.737590,0.507026,226.350006,3373.000000
374.000000,-119.456070,0.634766,0.422135,0.803467,0.778076,0.740990,0.507372,259.250000,3353.000000
375.000000,-101.846222,0.631348,0.420704,0.801025,0.774902,0.738706,0.505841,210.000000,3357.000000
376.000000,-112.656967,0.628662,0.418345,0.796631,0.774902,0.733843,0.507252,235.669998,3375.000000
377.000000,-117.496613,0.626953,0.416956,0.796875,0.770508,0.732142,0.504070,240.520004,3366.000000
378.000000,-114.349495,0.627197,0.414970,0.795898,0.768799,0.730219,0.501239,240.839996,3370.000000
379.000000,-131.374176,0.629395,0.418535,0.798584,0.771973,0.731984,0.506292,249.210007,3395.000000
380.000000,-115.945999,0.629883,0.420050,0.800293,0.770752,0.734040,0.506867,238.509995,3396.000000
381.000000,-113.134911,0.627197,0.418408,0.802490,0.765625,0.733873,0.503077,231.559998,3384.000000
382.000000,-104.977699,0.627197,0.418680,0.802246,0.770508,0.733827,0.508859,212.369995,3347.000000
383.000000,-109.082527,0.625977,0.417957,0.798828,0.769531,0.729383,0.508122,229.899994,3363.000000
384.000000,-124.027390,0.619629,0.411065,0.796143,0.764160,0.726719,0.500614,247.630005,3361.000000
385.000000,-117.581413,0.619873,0.410715,0.797119,0.763184,0.727693,0.498297,244.660004,3307.000000
386.000000,-115.510010,0.622314,0.413852,0.800537,0.768799,0.730454,0.503095,225.759995,3372.000000
387.000000,-101.652756,0.621582,0.412250,0.799805,0.770508,0.729877,0.502000,214.850006,3345.000000
388.000000,-112.726845,0.624512,0.415163,0.805420,0.771973,0.735209,0.503065,235.979996,3320.000000
389.000000,-104.752914,0.625977,0.418367,0.806396,0.768555,0.736512,0.502148,217.720001,3401.000000
390.000000,-111.081055,0.619873,0.413868,0.798096,0.764404,0.729720,0.498862,226.619995,3349.000000
391.000000,-108.660828,0.611328,0.409249,0.791748,0.759766,0.723278,0.497738,226.929993,3369.000000
392.000000,-123.329773,0.614258,0.411719,0.791260,0.762451,0.722270,0.500130,251.580002,3384.000000
393.000000,-102.509590,0.612305,0.410832,0.791748,0.757080,0.723062,0.496989,211.380005,3371.000000
394.000000,-118.597305,0.615234,0.410991,0.796875,0.760010,0.729714,0.498145,245.220001,3349.000000
395.000000,-115.486404,0.619385,0.414141,0.804688,0.758301,0.737326,0.496346,239.139999,3385.000000
396.000000,-118.570351,0.621094,0.415879,0.800049,0.764160,0.733201,0.501659,235.320007,3377.000000
397.000000,-118.005486,0.624512,0.417491,0.804932,0.767822,0.736375,0.502920,231.419998,3370.000000
398.000000,-121.924461,0.630127,0.421826,0.809326,0.770020,0.741920,0.504314,242.259995,3365.000000
399.000000,-105.939774,0.631836,0.423947,0.807373,0.775146,0.740086,0.509120,227.009995,3344.000000
400.000000,-114.637947,0.627197,0.423510,0.803711,0.766357,0.737664,0.503470,236.919998,3390.000000
401.000000,-116.389282,0.626709,0.425568,0.800049,0.764160,0.735160,0.502781,241.139999,3375.000000
402.000000,-107.169418,0.622559,0.421629,0.791992,0.760010,0.729010,0.497652,226.500000,3356.000000
403.000000,-112.870552,0.617920,0.418572,0.791504,0.758545,0.730915,0.496408,235.929993,3391.000000
404.000000,-107.824638,0.632080,0.431299,0.801758,0.770020,0.739922,0.506311,224.169998,3392.000000
405.000000,-107.716713,0.630127,0.430875,0.803955,0.767578,0.742438,0.505009,232.729996,3402.000000
406.000000,-122.054924,0.635010,0.434052,0.811279,0.769287,0.749685,0.506178,253.839996,3348.000000
407.000000,-118.206245,0.637939,0.438076,0.810791,0.773193,0.748362,0.510484,245.419998,3357.000000
408.000000,-114.138260,0.635742,0.434431,0.809082,0.770264,0.746498,0.506529,225.580002,3372.000000
409.000000,-119.938507,0.641846,0.439850,0.812012,0.774902,0.749128,0.511070,248.279999,3389.000000
410.000000,-110.151070,0.640625,0.438691,0.805908,0.774658,0.744844,0.510708,227.130005,3340.000000
411.000000,-124.539497,0.637695,0.437100,0.798340,0.774414,0.738211,0.511118,262.820007,3374.000000
412.000000,-120.697731,0.638916,0.434680,0.801270,0.770996,0.741413,0.505097,252.860001,3356.000000
413.000000,-125.739838,0.634521,0.430359,0.797852,0.773193,0.738409,0.509039,256.040009,3380.000000
414.000000,-111.593040,0.640625,0.433907,0.806396,0.781250,0.745192,0.514638,237.190002,3384.000000
415.000000,-116.662842,0.640137,0.434542,0.808350,0.777344,0.746471,0.512758,246.350006,3352.000000
416.000000,-134.446228,0.645752,0.442739,0.811523,0.778809,0.749008,0.518079,259.859985,3369.000000
417.000000,-103.566719,0.645752,0.441518,0.811035,0.777100,0.747835,0.515953,217.330002,3406.000000
418.000000,-102.690384,0.643555,0.438087,0.808105,0.777344,0.746044,0.515639,210.240005,3405.000000
419.000000,-109.848587,0.645752,0.437437,0.804199,0.780273,0.741314,0.517059,222.820007,3405.000000
420.000000,-115.038406,0.647461,0.437669,0.809570,0.778564,0.745832,0.515183,249.880005,3358.000000
421.000000,-102.294991,0.644043,0.434260,0.807373,0.776367,0.742913,0.512638,211.070007,3387.000000
422.000000,-108.995613,0.644775,0.433545,0.812500,0.776855,0.748102,0.512024,231.320007,3406.000000
423.000000,-109.639648,0.643311,0.431605,0.813477,0.778564,0.748435,0.512007,227.490005,3379.000000
424.000000,-109.611702,0.646484,0.436073,0.814209,0.783936,0.750398,0.517225,221.270004,3335.000000
425.000000,-112.193146,0.651367,0.437768,0.817627,0.786133,0.753423,0.516565,240.270004,3330.000000
426.000000,-112.793549,0.651855,0.438385,0.816895,0.782471,0.752048,0.513735,241.149994,3392.000000
427.000000,-101.702141,0.646973,0.433510,0.808838,0.779541,0.743647,0.512759,216.649994,3409.000000
428.000000,-102.733589,0.638672,0.428886,0.802490,0.769775,0.736118,0.506656,220.929993,3389.000000
429.000000,-128.031631,0.638672,0.430276,0.806152,0.770264,0.740219,0.510048,258.000000,3385.000000
430.000000,-105.991524,0.632080,0.424672,0.803223,0.764648,0.735823,0.505823,234.399994,3344.000000
431.000000,-106.516876,0.635254,0.427098,0.804688,0.768555,0.735332,0.508784,226.880005,3369.000000
432.000000,-111.774010,0.631836,0.424757,0.801758,0.768311,0.732945,0.508585,239.000000,3346.000000
433.000000,-113.867081,0.639648,0.435400,0.803955,0.776367,0.736297,0.518112,237.860001,3355.000000
434.000000,-112.352081,0.639893,0.433768,0.805664,0.774414,0.736094,0.516425,232.589996,3364.000000
435.000000,-103.594543,0.640869,0.434520,0.810303,0.774658,0.741132,0.516335,224.570007,3381.000000
436.000000,-103.132645,0.645020,0.439222,0.812988,0.781250,0.745215,0.521106,218.100006,3398.000000
437.000000,-116.984619,0.640137,0.436027,0.808350,0.771484,0.742060,0.512261,242.080002,3361.000000
438.000000,-135.983963,0.633789,0.432302,0.803955,0.767822,0.738608,0.510652,257.149994,3358.000000
439.000000,-113.149155,0.632812,0.430471,0.801514,0.769287,0.736646,0.510330,237.020004,3342.000000
440.000000,-107.483643,0.630615,0.431836,0.798584,0.769531,0.733635,0.513185,224.789993,3338.000000
441.000000,-126.646584,0.634033,0.434426,0.797852,0.771729,0.732751,0.516971,256.079987,3380.000000
442.000000,-100.157372,0.635986,0.435469,0.800781,0.774170,0.735363,0.518418,211.729996,3363.000000
443.000000,-106.039742,0.631592,0.432730,0.796143,0.770264,0.730862,0.517088,227.929993,3378.000000
444.000000,-118.647621,0.628906,0.427497,0.795654,0.768799,0.730115,0.514143,242.190002,3376.000000
445.000000,-103.526596,0.628418,0.424434,0.801270,0.770020,0.734699,0.512887,225.559998,3375.000000
446.000000,-134.080872,0.627197,0.424598,0.794434,0.773438,0.728663,0.516546,262.000000,3384.000000
447.000000,-107.343666,0.632324,0.429102,0.798096,0.778564,0.732272,0.520073,220.009995,3386.000000
448.000000,-110.633453,0.635254,0.432139,0.798584,0.780029,0.732558,0.520040,223.600006,3383.000000
449.000000,-123.953041,0.635010,0.433231,0.798584,0.781250,0.732809,0.523217,254.289993,3274.000000
450.000000,-120.722694,0.634277,0.433353,0.796631,0.780762,0.730456,0.524764,251.350006,3362.000000
451.000000,-106.659294,0.637207,0.438451,0.794922,0.782471,0.730457,0.527508,225.990005,3329.000000
452.000000,-108.940498,0.638428,0.437265,0.799316,0.782959,0.733988,0.525685,227.529999,3364.000000
453.000000,-118.236053,0.641846,0.440135,0.799316,0.786133,0.733342,0.528614,240.880005,3360.000000
454.000000,-115.105530,0.638916,0.437544,0.801025,0.783203,0.734666,0.526611,238.279999,3358.000000
455.000000,-106.060562,0.635986,0.434660,0.795898,0.781738,0.729436,0.526859,223.649994,3335.000000
456.000000,-112.055199,0.636719,0.434832,0.792725,0.778564,0.725509,0.523147,240.270004,3332.000000
457.000000,-113.610252,0.631592,0.430153,0.792480,0.776123,0.725790,0.520917,244.710007,3400.000000
458.000000,-117.554512,0.630859,0.428706,0.791260,0.772461,0.724178,0.516486,246.389999,3368.000000
459.000000,-109.293358,0.627197,0.428233,0.788818,0.768066,0.723105,0.514474,229.729996,3394.000000
460.000000,-108.098335,0.629639,0.429767,0.789062,0.770752,0.723247,0.515967,224.429993,3351.000000
461.000000,-126.288635,0.628418,0.429452,0.788818,0.773682,0.723150,0.519439,241.529999,3342.000000
462.000000,-121.557007,0.628906,0.431098,0.791260,0.776367,0.725820,0.524138,253.169998,3372.000000
463.000000,-115.691940,0.633545,0.437493,0.791992,0.772461,0.728148,0.522703,247.080002,3382.000000
464.000000,-112.374756,0.636719,0.440193,0.799072,0.776367,0.734587,0.527129,234.889999,3371.000000
465.000000,-126.560593,0.643066,0.444393,0.799805,0.777832,0.735319,0.528471,254.289993,3345.000000
466.000000,-116.502914,0.641113,0.444072,0.793701,0.775635,0.730288,0.528804,245.910004,3376.000000
467.000000,-112.214340,0.642578,0.442597,0.801270,0.777588,0.737413,0.528539,227.479996,3394.000000
468.000000,-115.738708,0.647949,0.443615,0.806885,0.781006,0.743362,0.526977,237.110001,3338.000000
469.000000,-99.485703,0.653076,0.447117,0.814941,0.787354,0.751504,0.530018,212.880005,3322.000000
470.000000,-133.004654,0.651855,0.445498,0.811035,0.782959,0.747938,0.526706,275.529999,3330.000000
471.000000,-115.162125,0.651123,0.443501,0.807617,0.781250,0.744741,0.525527,238.710007,3385.000000
472.000000,-102.456421,0.645752,0.441366,0.801025,0.776855,0.738292,0.522979,214.820007,3351.000000
473.000000,-114.163445,0.650879,0.444377,0.805908,0.784912,0.743313,0.527978,231.460007,3372.000000
474.000000,-111.333733,0.648926,0.440462,0.804199,0.782471,0.741791,0.522821,225.220001,3366.000000
475.000000,-111.684395,0.645508,0.439288,0.797363,0.782471,0.734320,0.524846,233.669998,3386.000000
476.000000,-104.816360,0.643066,0.437000,0.796143,0.782471,0.732013,0.525346,221.330002,3383.000000
477.000000,-100.946411,0.644287,0.440308,0.798828,0.783936,0.735000,0.527331,214.669998,3367.000000
478.000000,-109.038696,0.643066,0.440211,0.801025,0.779297,0.736544,0.522899,228.660004,3344.000000
479.000000,-110.450241,0.642822,0.439152,0.802246,0.781982,0.737843,0.523561,241.300003,3340.000000
480.000000,-117.852898,0.643311,0.437914,0.798828,0.781982,0.734235,0.522269,244.910004,3343.000000
481.000000,-114.885971,0.644531,0.437654,0.804199,0.780762,0.739755,0.520224,238.320007,3354.000000
482.000000,-110.058807,0.646484,0.437875,0.804443,0.781006,0.740573,0.518350,235.630005,3350.000000
483.000000,-106.930016,0.643066,0.432694,0.806641,0.775635,0.742499,0.510965,226.800003,3326.000000
484.000000,-104.819763,0.644531,0.432978,0.805420,0.781738,0.741348,0.515362,226.860001,3337.000000
485.000000,-102.662514,0.639893,0.430408,0.797607,0.774414,0.733619,0.510497,218.190002,3369.000000
486.000000,-123.910927,0.635254,0.427136,0.796143,0.767578,0.732028,0.505036,260.709991,3338.000000
487.000000,-104.467934,0.642090,0.431854,0.800537,0.778076,0.736573,0.513731,221.559998,3327.000000
488.000000,-107.727142,0.642578,0.432565,0.804932,0.779297,0.740344,0.517076,227.880005,3348.000000
489.000000,-116.304993,0.647705,0.437511,0.807129,0.781006,0.742281,0.518410,249.830002,3334.000000
490.000000,-108.807762,0.645996,0.438659,0.802002,0.778076,0.738179,0.519177,230.279999,3369.000000
491.000000,-126.112625,0.643066,0.433710,0.798584,0.775391,0.733499,0.514914,253.009995,3349.000000
492.000000,-110.401390,0.635986,0.430177,0.791260,0.772949,0.728391,0.514416,230.169998,3354.000000
493.000000,-109.772713,0.634277,0.429013,0.794189,0.771240,0.731332,0.511820,229.470001,3380.000000
494.000000,-120.697166,0.641846,0.434280,0.800781,0.778076,0.737546,0.516774,237.600006,3332.000000
495.000000,-112.270584,0.645508,0.437152,0.801514,0.781738,0.738590,0.520582,228.119995,3340.000000
496.000000,-111.864082,0.642334,0.435051,0.797607,0.778564,0.734493,0.518696,229.380005,3363.000000
497.000000,-117.035812,0.643799,0.437659,0.793701,0.780029,0.730327,0.521308,231.710007,3374.000000
498.000000,-103.445534,0.644287,0.438568,0.791748,0.777344,0.728838,0.520313,225.460007,3359.000000
499.000000,-100.866547,0.649902,0.444292,0.800293,0.782471,0.736909,0.526608,213.029999,3353.000000
500.000000,-99.125870,0.654297,0.445673,0.806152,0.788086,0.741028,0.529511,213.119995,3354.000000
501.000000,-113.746689,0.653809,0.444228,0.802734,0.789551,0.738776,0.529016,235.470001,3355.000000
502.000000,-106.441254,0.660156,0.445321,0.811768,0.794922,0.746839,0.528983,226.729996,3341.000000
503.000000,-105.006607,0.649414,0.438096,0.800293,0.785156,0.734723,0.522465,224.779999,3355.000000
504.000000,-105.930237,0.648682,0.435273,0.798340,0.789795,0.732719,0.523284,219.899994,3385.000000
505.000000,-108.988663,0.638916,0.429970,0.788574,0.783203,0.723604,0.520181,223.820007,3379.000000
506.000000,-115.926720,0.646973,0.436396,0.802490,0.787109,0.736411,0.521524,235.880005,3402.000000
507.000000,-105.427505,0.643799,0.431462,0.795654,0.784424,0.729769,0.515939,220.100006,3376.000000
508.000000,-101.551880,0.645752,0.435589,0.800293,0.783203,0.734897,0.515707,213.320007,3382.000000
509.000000,-99.658722,0.640625,0.432590,0.798096,0.779785,0.732590,0.514575,209.009995,3352.000000
510.000000,-110.858421,0.638916,0.431608,0.794189,0.778076,0.727466,0.515678,230.360001,3356.000000
511.000000,-107.590935,0.635254,0.427992,0.792969,0.778809,0.726305,0.516574,226.839996,3377.000000
512.000000,-112.738159,0.633545,0.428745,0.788086,0.773193,0.722495,0.513894,234.050003,3387.000000
513.000000,-108.700897,0.629883,0.424893,0.786621,0.772705,0.720927,0.513377,234.990005,3305.000000
514.000000,-109.354439,0.637451,0.430333,0.790771,0.775391,0.724889,0.515896,232.270004,3383.000000
515.000000,-110.121452,0.639893,0.431952,0.792725,0.782227,0.726430,0.522225,236.130005,3397.000000
516.000000,-106.578751,0.643799,0.435502,0.792725,0.791260,0.725351,0.531299,224.110001,3402.000000
517.000000,-103.054016,0.647461,0.442331,0.797607,0.787598,0.730692,0.530095,224.479996,3369.000000
518.000000,-114.715820,0.646973,0.442866,0.798340,0.792480,0.730789,0.536724,226.750000,3367.000000
519.000000,-108.260422,0.645508,0.442215,0.796387,0.787109,0.730366,0.530597,227.250000,3350.000000
520.000000,-111.228592,0.646729,0.439797,0.794189,0.790039,0.727681,0.531199,233.059998,3349.000000
521.000000,-102.718666,0.645508,0.437301,0.796875,0.785400,0.730107,0.525803,217.729996,3373.000000
522.000000,-109.101929,0.645020,0.437039,0.799316,0.785156,0.732046,0.524870,230.029999,3404.000000
523.000000,-126.440399,0.641357,0.438201,0.795410,0.782471,0.728470,0.526347,262.859985,3404.000000
524.000000,-118.564270,0.630859,0.431477,0.779541,0.773438,0.714362,0.520634,231.860001,3390.000000
525.000000,-105.218796,0.625732,0.427754,0.777588,0.770752,0.712585,0.517370,219.190002,3403.000000
526.000000,-121.109230,0.629150,0.430830,0.787842,0.774414,0.723387,0.519312,255.119995,3400.000000
527.000000,-116.897095,0.640137,0.441223,0.796143,0.784912,0.731665,0.529738,244.970001,3405.000000
528.000000,-122.057663,0.642822,0.439837,0.804443,0.786865,0.739349,0.526738,249.149994,3392.000000
529.000000,-113.847580,0.644043,0.437316,0.804443,0.788818,0.739372,0.524878,233.570007,3372.000000
530.000000,-114.805511,0.638428,0.432140,0.797363,0.783691,0.733636,0.520968,245.250000,3352.000000
531.000000,-99.278091,0.640625,0.432451,0.795898,0.782471,0.731416,0.517426,207.279999,3350.000000
532.000000,-118.934113,0.636719,0.430801,0.791016,0.782227,0.726739,0.518304,255.300003,3342.000000
533.000000,-123.031876,0.640625,0.434395,0.795166,0.785889,0.731113,0.521506,252.059998,3375.000000
534.000000,-112.248398,0.640137,0.434262,0.791260,0.784912,0.727112,0.521738,236.850006,3353.000000
535.000000,-112.025581,0.645020,0.437702,0.793945,0.788574,0.728746,0.523535,237.389999,3355.000000
536.000000,-108.327431,0.642090,0.435408,0.794922,0.787842,0.730326,0.522209,229.240005,3365.000000
537.000000,-100.553864,0.642822,0.435525,0.796143,0.787598,0.732747,0.521152,213.380005,3367.000000
538.000000,-105.021767,0.646973,0.440468,0.800049,0.789795,0.736390,0.523122,222.009995,3366.000000
539.000000,-124.779556,0.643311,0.437493,0.800049,0.784424,0.736714,0.518220,253.360001,3364.000000
540.000000,-118.543716,0.636963,0.428670,0.797607,0.779297,0.734056,0.508775,236.899994,3369.000000
541.000000,-115.331268,0.633057,0.423948,0.793945,0.776123,0.730768,0.505617,241.149994,3344.000000
542.000000,-117.965179,0.625732,0.420088,0.788574,0.771729,0.726708,0.503803,249.580002,3355.000000
543.000000,-119.127647,0.630371,0.424897,0.791504,0.771973,0.728853,0.503666,241.270004,3345.000000
544.000000,-99.715332,0.627930,0.423389,0.790527,0.770752,0.727718,0.502693,210.509995,3359.000000
545.000000,-115.928535,0.626465,0.423342,0.789307,0.772217,0.727508,0.505455,239.089996,3377.000000
546.000000,-117.342323,0.635986,0.433001,0.792725,0.776855,0.731503,0.510021,226.119995,3348.000000
547.000000,-132.816803,0.639893,0.434054,0.802246,0.779785,0.740066,0.511051,252.789993,3401.000000
548.000000,-109.708656,0.637695,0.433596,0.800537,0.777344,0.738469,0.509312,227.360001,3402.000000
549.000000,-108.160210,0.637451,0.436737,0.798828,0.775879,0.737763,0.510728,228.940002,3380.000000
550.000000,-147.152679,0.630127,0.429697,0.793701,0.770020,0.732061,0.506750,289.309998,3395.000000
551.000000,-109.665352,0.632812,0.431353,0.793457,0.773438,0.732006,0.507686,226.960007,3404.000000
552.000000,-111.756134,0.634521,0.434420,0.795654,0.770508,0.734771,0.506622,229.070007,3375.000000
553.000000,-126.812973,0.635742,0.435781,0.795166,0.773926,0.735000,0.512420,245.160004,3391.000000
554.000000,-106.207237,0.635986,0.436621,0.793945,0.773926,0.735091,0.514211,221.720001,3395.000000
555.000000,-130.123535,0.625732,0.430045,0.785889,0.766602,0.729240,0.508683,252.669998,3355.000000
556.000000,-115.020035,0.629883,0.432457,0.789795,0.768555,0.733993,0.510263,231.720001,3359.000000
557.000000,-126.341095,0.627197,0.430419,0.785400,0.768555,0.729768,0.512890,249.149994,3381.000000
558.000000,-106.354271,0.629395,0.431164,0.789307,0.770752,0.733683,0.513304,227.740005,3368.000000
559.000000,-130.636887,0.635010,0.434779,0.799805,0.771973,0.743770,0.511964,267.339996,3370.000000
560.000000,-111.615257,0.637451,0.436042,0.806152,0.773926,0.748572,0.512743,230.800003,3372.000000
561.000000,-103.819183,0.639404,0.437460,0.807129,0.775879,0.748739,0.513914,225.389999,3402.000000
562.000000,-118.234505,0.645996,0.442011,0.810547,0.777832,0.751895,0.514547,241.919998,3405.000000
563.000000,-114.497314,0.648438,0.440650,0.811035,0.775146,0.751891,0.511496,236.139999,3400.000000
564.000000,-117.764771,0.645264,0.439147,0.808838,0.774658,0.750457,0.512688,240.869995,3346.000000
565.000000,-107.692535,0.645264,0.437151,0.807373,0.773926,0.749257,0.510333,233.300003,3341.000000
566.000000,-114.090881,0.638428,0.429959,0.804932,0.768555,0.747193,0.504150,235.789993,3341.000000
567.000000,-106.271118,0.635254,0.427210,0.800049,0.772705,0.742804,0.507268,225.729996,3346.000000
568.000000,-105.580978,0.632080,0.423718,0.794922,0.769287,0.738605,0.502807,220.869995,3346.000000
569.000000,-104.473404,0.627686,0.420214,0.791016,0.764404,0.734589,0.498846,221.699997,3363.000000
570.000000,-130.651672,0.627441,0.421488,0.790771,0.765137,0.735581,0.499900,256.709991,3383.000000
571.000000,-113.355019,0.625244,0.418898,0.792969,0.761719,0.737563,0.495563,237.210007,3378.000000
572.000000,-112.937790,0.621826,0.417738,0.789551,0.761475,0.735269,0.497651,237.729996,3378.000000
573.000000,-114.727516,0.625244,0.418864,0.792969,0.766846,0.738728,0.501059,242.690002,3383.000000
574.000000,-96.483078,0.624756,0.419692,0.793213,0.764648,0.739376,0.499436,201.279999,3392.000000
575.000000,-110.230354,0.624512,0.418520,0.794189,0.764160,0.741229,0.497812,222.270004,3405.000000
576.000000,-128.165955,0.625977,0.421828,0.788818,0.762939,0.735957,0.498738,266.209991,3346.000000
577.000000,-113.588501,0.624512,0.419538,0.790527,0.758301,0.737536,0.495659,239.289993,3263.000000
578.000000,-113.287056,0.624512,0.419955,0.794678,0.758301,0.741378,0.494435,233.220001,3339.000000
579.000000,-127.649734,0.621582,0.418498,0.793701,0.762939,0.740761,0.501019,255.940002,3338.000000
580.000000,-120.001144,0.633545,0.428992,0.800293,0.774170,0.747168,0.510878,239.350006,3350.000000
581.000000,-111.209290,0.637939,0.432142,0.805176,0.775635,0.750198,0.511111,237.309998,3354.000000
582.000000,-110.190971,0.640625,0.435775,0.810791,0.778076,0.755610,0.513653,230.289993,3341.000000
583.000000,-98.720261,0.644043,0.437078,0.813721,0.780273,0.756486,0.514871,207.750000,3341.000000
584.000000,-124.103592,0.644287,0.436110,0.808105,0.779785,0.752779,0.512642,261.910004,3330.000000
585.000000,-106.567055,0.640625,0.434648,0.801758,0.773682,0.745687,0.509228,230.100006,3337.000000
586.000000,-105.328842,0.631348,0.428098,0.794189,0.762939,0.737644,0.502107,219.759995,3359.000000
587.000000,-103.547310,0.625244,0.422391,0.788330,0.760010,0.732417,0.499371,209.130005,3368.000000
588.000000,-111.801155,0.628906,0.426239,0.793213,0.762939,0.737483,0.503018,235.050003,3359.000000
589.000000,-115.387405,0.630127,0.428194,0.796631,0.764404,0.739909,0.505740,230.210007,3346.000000
590.000000,-118.908035,0.635742,0.433464,0.803955,0.770508,0.746243,0.510437,238.910004,3346.000000
591.000000,-103.191727,0.633057,0.430740,0.800293,0.772217,0.742428,0.511235,217.070007,3360.000000
592.000000,-106.508018,0.631348,0.429829,0.796875,0.771240,0.739309,0.509912,219.639999,3371.000000
593.000000,-119.065559,0.634033,0.432146,0.794434,0.774902,0.736777,0.513622,237.210007,3339.000000
594.000000,-105.812622,0.638672,0.433375,0.802979,0.777100,0.744647,0.512844,223.410004,3329.000000
595.000000,-111.683693,0.645020,0.436774,0.807617,0.781738,0.748141,0.514573,229.169998,3347.000000
596.000000,-134.372406,0.642578,0.437040,0.803223,0.779297,0.742971,0.515048,252.130005,3337.000000
597.000000,-111.460396,0.644043,0.439902,0.802246,0.779541,0.743037,0.516437,230.649994,3368.000000
598.000000,-113.463470,0.636719,0.433396,0.800781,0.773926,0.740515,0.511645,228.729996,3338.000000
599.000000,-103.151611,0.638916,0.438711,0.804688,0.771484,0.745443,0.513044,223.009995,3346.000000
600.000000,-105.556824,0.636963,0.436517,0.802002,0.770752,0.741559,0.512005,222.529999,3358.000000
601.000000,-109.832214,0.639893,0.439419,0.805908,0.775146,0.747028,0.516677,232.130005,3378.000000
602.000000,-105.912468,0.639648,0.440034,0.809570,0.777588,0.750583,0.518126,226.779999,3401.000000
603.000000,-111.929947,0.636719,0.438849,0.802734,0.776367,0.743067,0.518585,237.020004,3328.000000
604.000000,-111.133965,0.635498,0.438330,0.800781,0.775146,0.740400,0.518022,227.830002,3332.000000
605.000000,-123.972992,0.638184,0.438930,0.802979,0.774658,0.741450,0.516137,257.010010,3362.000000
606.000000,-104.514534,0.634766,0.437286,0.802734,0.771729,0.741104,0.515826,220.059998,3387.000000
607.000000,-105.206696,0.634521,0.437272,0.801514,0.767578,0.739737,0.513585,218.649994,3335.000000
608.000000,-130.645508,0.632324,0.433617,0.800293,0.768799,0.738131,0.515017,253.869995,3334.000000
609.000000,-106.844368,0.631348,0.433344,0.800781,0.770508,0.737964,0.516612,229.600006,3334.000000
610.000000,-101.703957,0.634033,0.433770,0.801758,0.773438,0.737799,0.517776,218.059998,3339.000000
611.000000,-135.852661,0.636230,0.433278,0.802002,0.778320,0.738272,0.518726,271.720001,3323.000000
612.000000,-113.328102,0.636963,0.432518,0.803467,0.775391,0.739738,0.515374,237.589996,3296.000000
613.000000,-108.971008,0.629150,0.426726,0.791992,0.765381,0.728616,0.508989,228.720001,3306.000000
614.000000,-110.907532,0.632568,0.428714,0.796631,0.768311,0.734779,0.510424,228.949997,3346.000000
615.000000,-112.935219,0.635986,0.431767,0.802490,0.773193,0.741568,0.514057,235.630005,3349.000000
616.000000,-112.394951,0.640137,0.436794,0.808350,0.775635,0.747856,0.515698,221.839996,3383.000000
617.000000,-109.972092,0.641357,0.437444,0.803955,0.774902,0.743149,0.515822,227.320007,3378.000000
618.000000,-116.707069,0.633789,0.432288,0.795166,0.765869,0.735273,0.509753,243.710007,3386.000000
619.000000,-110.881866,0.633301,0.433338,0.790039,0.766846,0.731173,0.511414,218.830002,3351.000000
620.000000,-115.583275,0.637451,0.436107,0.795898,0.773682,0.736942,0.515665,246.960007,3363.000000
621.000000,-116.568344,0.636230,0.434836,0.797607,0.775391,0.738320,0.518398,237.130005,3326.000000
622.000000,-118.701103,0.642090,0.441717,0.804199,0.778320,0.744837,0.522860,250.779999,3345.000000
623.000000,-115.699028,0.644775,0.444593,0.803467,0.779297,0.743953,0.525521,226.440002,3344.000000
624.000000,-121.911964,0.646729,0.446498,0.804199,0.779297,0.744191,0.526316,245.470001,3361.000000
625.000000,-126.904358,0.640137,0.440501,0.798340,0.771973,0.738163,0.520988,252.100006,3363.000000
626.000000,-114.719696,0.638184,0.439517,0.793457,0.770020,0.733112,0.520541,228.380005,3348.000000
627.000000,-109.927773,0.638672,0.439412,0.792725,0.769531,0.733341,0.519307,226.190002,3343.000000
628.000000,-119.113167,0.643066,0.441619,0.802002,0.777344,0.742582,0.524618,246.889999,3380.000000
629.000000,-109.631706,0.654297,0.450027,0.812988,0.783447,0.754004,0.529378,229.000000,3360.000000
630.000000,-128.959946,0.652100,0.445245,0.810791,0.782715,0.750943,0.526739,246.860001,3347.000000
631.000000,-104.488441,0.651855,0.442187,0.808105,0.781738,0.748043,0.523689,218.600006,3379.000000
632.000000,-115.957085,0.651367,0.441990,0.806885,0.780762,0.746796,0.523622,239.910004,3369.000000
633.000000,-98.145966,0.649902,0.441990,0.808350,0.778564,0.747170,0.522941,210.610001,3341.000000
634.000000,-115.739799,0.650635,0.442039,0.812012,0.778564,0.750638,0.520550,247.559998,3360.000000
635.000000,-110.098778,0.652344,0.444785,0.814697,0.778320,0.751948,0.521989,229.080002,3347.000000
636.000000,-114.807068,0.654541,0.443466,0.818604,0.784668,0.755477,0.526249,236.050003,3379.000000
637.000000,-105.087891,0.657227,0.442171,0.822510,0.786865,0.759194,0.524930,221.250000,3373.000000
638.000000,-106.881653,0.656006,0.439875,0.822510,0.785889,0.758519,0.523778,229.850006,3381.000000
639.000000,-101.844017,0.650391,0.433811,0.813477,0.779541,0.748672,0.518285,217.050003,3411.000000
640.000000,-108.074341,0.647461,0.430286,0.813721,0.779541,0.747713,0.516299,227.539993,3357.000000
641.000000,-105.175423,0.642578,0.429883,0.811279,0.770508,0.746026,0.512638,221.649994,3235.000000
642.000000,-112.204788,0.642578,0.432803,0.809082,0.773193,0.744622,0.517216,230.509995,3385.000000
643.000000,-104.736183,0.637939,0.429209,0.805176,0.770752,0.739952,0.516028,217.050003,3353.000000
644.000000,-113.066772,0.642822,0.433569,0.809082,0.770264,0.743818,0.515889,237.899994,3365.000000
645.000000,-115.820847,0.635498,0.426716,0.803467,0.765137,0.739451,0.509759,245.350006,3368.000000
646.000000,-112.622055,0.639160,0.430389,0.803467,0.769531,0.739912,0.514305,240.289993,3360.000000
647.000000,-106.038628,0.637939,0.429608,0.802734,0.773193,0.739124,0.517118,228.220001,3341.000000
648.000000,-115.486481,0.638672,0.431928,0.805420,0.772461,0.742585,0.517333,237.580002,3395.000000
649.000000,-106.843895,0.638184,0.432980,0.806396,0.769043,0.742979,0.515491,223.800003,3354.000000
650.000000,-112.123772,0.639648,0.436485,0.806152,0.771240,0.744186,0.519873,230.259995,3353.000000
651.000000,-104.393250,0.641113,0.441025,0.809326,0.770508,0.747704,0.521582,224.589996,3320.000000
652.000000,-116.777222,0.641357,0.443105,0.806641,0.770020,0.744709,0.522761,236.490005,3333.000000
653.000000,-130.562866,0.637207,0.439650,0.799316,0.770264,0.739168,0.523760,260.779999,3384.000000
654.000000,-111.293633,0.630615,0.434599,0.799316,0.763184,0.741392,0.516394,222.839996,3411.000000
655.000000,-114.539948,0.631836,0.435308,0.797852,0.766113,0.739874,0.519125,242.949997,3353.000000
656.000000,-105.214706,0.634033,0.435397,0.798584,0.769775,0.740527,0.519471,219.660004,3354.000000
657.000000,-107.212585,0.638428,0.438061,0.803711,0.773193,0.745593,0.520537,221.139999,3325.000000
658.000000,-105.787247,0.645264,0.443708,0.806885,0.780518,0.749945,0.526251,224.119995,3330.000000
659.000000,-105.403839,0.641113,0.439661,0.805908,0.775146,0.748468,0.521182,220.259995,3376.000000
660.000000,-98.977798,0.639160,0.440919,0.807617,0.771484,0.751123,0.520466,214.169998,3362.000000
661.000000,-116.887482,0.640137,0.440509,0.805664,0.771973,0.748063,0.521221,235.949997,3365.000000
662.000000,-119.566292,0.638428,0.440279,0.802734,0.770264,0.745820,0.520250,244.850006,3360.000000
663.000000,-104.346939,0.641602,0.440956,0.806885,0.774902,0.748608,0.522843,217.899994,3390.000000
664.000000,-96.042542,0.645508,0.443056,0.807129,0.780273,0.749302,0.526697,199.789993,3341.000000
665.000000,-101.252495,0.647949,0.443526,0.809082,0.787354,0.750147,0.531637,216.889999,3373.000000
666.000000,-103.955727,0.650391,0.448878,0.812500,0.783203,0.753269,0.530475,225.199997,3370.000000
667.000000,-97.557396,0.646729,0.446114,0.804199,0.776123,0.744985,0.524971,203.940002,3323.000000
668.000000,-105.263771,0.641357,0.440776,0.803223,0.769531,0.743782,0.518793,221.649994,3345.000000
669.000000,-109.078354,0.641357,0.439506,0.807373,0.772705,0.746432,0.521797,234.789993,3394.000000
670.000000,-115.789207,0.640625,0.437279,0.802979,0.769775,0.742617,0.516389,233.779999,3343.000000
671.000000,-108.028130,0.640625,0.436222,0.804199,0.769043,0.742394,0.512836,230.509995,3365.000000
672.000000,-105.738579,0.642578,0.435239,0.804443,0.773193,0.742346,0.513165,221.520004,3367.000000
673.000000,-107.817192,0.635742,0.432729,0.795166,0.768311,0.734119,0.511940,229.500000,3381.000000
674.000000,-138.516830,0.638184,0.436305,0.799316,0.768311,0.740166,0.514192,256.660004,3335.000000
675.000000,-113.002296,0.634033,0.431995,0.794678,0.768555,0.736338,0.513558,234.770004,3353.000000
676.000000,-119.751389,0.638184,0.435787,0.800537,0.768066,0.741324,0.512514,252.820007,3364.000000
677.000000,-108.408333,0.640625,0.438789,0.801025,0.768555,0.741561,0.514268,225.960007,3391.000000
678.000000,-129.619736,0.641113,0.439557,0.804688,0.768311,0.744494,0.515848,258.309998,3368.000000
679.000000,-96.810089,0.636719,0.437012,0.797363,0.768799,0.737768,0.518409,209.250000,3358.000000
680.000000,-118.749908,0.639404,0.440902,0.802002,0.772217,0.742649,0.522543,245.949997,3376.000000
681.000000,-103.294579,0.638184,0.440075,0.800049,0.771729,0.740843,0.522069,216.179993,3377.000000
682.000000,-124.872963,0.642334,0.444410,0.801025,0.775635,0.742556,0.526295,259.589996,3369.000000
683.000000,-108.418633,0.638916,0.440941,0.798340,0.770020,0.740328,0.520426,223.229996,3369.000000
684.000000,-102.421341,0.642822,0.445803,0.806641,0.771484,0.747265,0.523238,220.820007,3391.000000
685.000000,-105.710167,0.643555,0.445499,0.809814,0.773193,0.749611,0.524220,224.839996,3399.000000
686.000000,-113.932304,0.643799,0.446496,0.804199,0.773438,0.746171,0.525585,239.949997,3350.000000
687.000000,-119.727600,0.643311,0.445029,0.804688,0.773438,0.746838,0.523924,235.869995,3371.000000
688.000000,-116.002907,0.633057,0.435717,0.799072,0.767334,0.741615,0.517780,244.690002,3355.000000
689.000000,-116.476280,0.638916,0.440099,0.803711,0.771484,0.745036,0.521041,237.369995,3344.000000
690.000000,-110.729164,0.642578,0.443196,0.806885,0.773438,0.747032,0.523336,225.229996,3351.000000
691.000000,-114.385689,0.647217,0.444996,0.810547,0.776123,0.750506,0.522676,241.669998,3394.000000
692.000000,-130.474365,0.642578,0.439769,0.802979,0.770264,0.743946,0.516227,243.179993,3369.000000
693.000000,-118.059204,0.646729,0.440302,0.805176,0.774170,0.745751,0.516841,246.550003,3348.000000
694.000000,-115.351822,0.650391,0.439985,0.810547,0.775146,0.750652,0.514735,241.830002,3374.000000
695.000000,-101.420746,0.650879,0.440685,0.808350,0.778564,0.747191,0.517776,223.509995,3352.000000
696.000000,-103.018257,0.652100,0.442029,0.806152,0.775146,0.744761,0.515714,216.899994,3405.000000
697.000000,-120.846184,0.648438,0.438522,0.799561,0.772217,0.740490,0.511746,238.190002,3362.000000
698.000000,-121.399025,0.643799,0.434649,0.798340,0.771484,0.739739,0.512194,243.190002,3371.000000
699.000000,-103.080208,0.638672,0.430543,0.802002,0.767334,0.743077,0.508231,223.960007,3382.000000
700.000000,-105.068787,0.644775,0.434245,0.805176,0.774170,0.745301,0.512415,220.050003,3346.000000
701.000000,-114.061417,0.646240,0.434074,0.809082,0.777100,0.749390,0.513812,242.960007,3391.000000
702.000000,-105.170425,0.641357,0.431843,0.802002,0.771729,0.743136,0.510475,222.309998,3395.000000
703.000000,-105.954094,0.639160,0.430110,0.798584,0.769287,0.738842,0.509857,223.360001,3371.000000
704.000000,-102.664543,0.639648,0.430765,0.801758,0.763916,0.741829,0.505367,217.940002,3362.000000
705.000000,-104.918526,0.640137,0.432515,0.801270,0.763916,0.741303,0.506826,228.720001,3298.000000
706.000000,-105.555145,0.644531,0.434685,0.808594,0.770752,0.747635,0.511651,228.089996,3327.000000
707.000000,-115.291977,0.644043,0.433663,0.808350,0.769531,0.746445,0.509047,244.350006,3356.000000
708.000000,-112.536240,0.638428,0.430738,0.801514,0.765869,0.741536,0.507917,223.589996,3353.000000
709.000000,-113.021118,0.638184,0.428910,0.806641,0.761475,0.746362,0.502802,247.389999,3359.000000
710.000000,-118.946442,0.633545,0.426934,0.797119,0.756592,0.736005,0.501860,239.380005,3344.000000
711.000000,-103.147202,0.635986,0.428471,0.799316,0.764404,0.737823,0.507572,213.210007,3317.000000
712.000000,-132.262009,0.636230,0.429791,0.801758,0.767822,0.740896,0.511476,260.309998,3374.000000
713.000000,-127.000298,0.635254,0.431050,0.799316,0.767822,0.738382,0.513873,248.619995,3377.000000
714.000000,-107.038788,0.638428,0.433809,0.800049,0.767334,0.738982,0.513839,224.940002,3407.000000
715.000000,-108.484268,0.637939,0.430999,0.802246,0.764893,0.741646,0.508646,225.929993,3356.000000
716.000000,-122.821823,0.644043,0.432976,0.808838,0.776611,0.746354,0.516534,243.679993,3359.000000
717.000000,-106.663322,0.644775,0.435602,0.808350,0.778320,0.746171,0.519404,223.089996,3384.000000
718.000000,-126.286057,0.649414,0.439249,0.810791,0.776855,0.749354,0.518468,259.660004,3361.000000
719.000000,-112.164932,0.644775,0.435790,0.802979,0.770020,0.743144,0.512468,233.429993,3348.000000
720.000000,-117.353432,0.640381,0.431919,0.800293,0.771973,0.740039,0.514666,236.729996,3379.000000
721.000000,-110.200508,0.646240,0.435424,0.806641,0.775879,0.747062,0.516455,227.740005,3345.000000
722.000000,-124.220116,0.645264,0.434516,0.804932,0.779785,0.744022,0.520357,248.100006,3385.000000
723.000000,-108.811203,0.649414,0.438325,0.808594,0.776611,0.747903,0.517487,229.229996,3379.000000
724.000000,-110.647705,0.648926,0.438419,0.809570,0.772705,0.749687,0.514487,230.949997,3384.000000
725.000000,-107.499146,0.639160,0.433633,0.800049,0.763184,0.742104,0.509359,223.869995,3400.000000
726.000000,-121.215446,0.644043,0.439069,0.800293,0.767822,0.741786,0.513869,256.010010,3358.000000
727.000000,-118.886475,0.643555,0.435955,0.803955,0.771484,0.745018,0.513465,242.179993,3409.000000
728.000000,-122.954689,0.639160,0.435093,0.798584,0.769775,0.741172,0.514374,252.809998,3354.000000
729.000000,-111.416382,0.647217,0.441267,0.807129,0.774170,0.749356,0.518031,236.309998,3366.000000
730.000000,-127.484726,0.647217,0.446607,0.808105,0.772949,0.751459,0.520265,244.199997,3354.000000
731.000000,-104.245697,0.648438,0.448664,0.810303,0.777832,0.754548,0.524712,221.910004,3351.000000
732.000000,-120.500587,0.647949,0.448361,0.810303,0.776123,0.753924,0.523862,252.509995,3358.000000
733.000000,-117.172066,0.648682,0.451770,0.809082,0.775146,0.752838,0.526169,240.039993,3356.000000
734.000000,-112.936714,0.648682,0.452008,0.808105,0.776367,0.751024,0.528035,221.800003,3357.000000
735.000000,-109.063362,0.649902,0.454251,0.807617,0.772217,0.751251,0.526410,220.389999,3383.000000
736.000000,-113.057831,0.651367,0.455034,0.812988,0.774902,0.754866,0.528928,231.389999,3343.000000
737.000000,-111.872826,0.650146,0.454804,0.808838,0.776123,0.751033,0.530886,218.990005,3392.000000
738.000000,-114.702583,0.652100,0.454980,0.815186,0.776611,0.757060,0.529955,242.179993,3388.000000
739.000000,-131.299179,0.650879,0.452966,0.810791,0.776855,0.752347,0.530304,256.799988,3383.000000
740.000000,-117.710159,0.650635,0.451148,0.811523,0.776855,0.752575,0.528074,245.050003,3391.000000
741.000000,-117.438484,0.650635,0.448768,0.811035,0.776367,0.751852,0.525653,234.300003,3386.000000
742.000000,-100.727974,0.648926,0.448209,0.808594,0.770020,0.749172,0.521149,209.000000,3371.000000
743.000000,-110.343201,0.641602,0.442342,0.802979,0.768311,0.743742,0.520913,216.119995,3404.000000
744.000000,-120.206749,0.643066,0.443390,0.800537,0.768066,0.741662,0.521241,253.639999,3407.000000
745.000000,-101.260551,0.641846,0.443227,0.802002,0.768311,0.741643,0.523147,214.130005,3416.000000
746.000000,-112.638947,0.647217,0.448155,0.799316,0.773193,0.740668,0.527672,216.539993,3401.000000
747.000000,-103.801682,0.648193,0.445748,0.801514,0.779541,0.742074,0.530113,220.720001,3402.000000
748.000000,-105.603447,0.645020,0.445068,0.799316,0.772949,0.740139,0.524625,219.800003,3395.000000
749.000000,-118.162270,0.641846,0.443622,0.797119,0.771240,0.738602,0.524516,244.990005,3346.000000
750.000000,-109.789841,0.641602,0.444856,0.796387,0.770752,0.738289,0.524520,225.020004,3369.000000
751.000000,-113.156418,0.648438,0.449887,0.802490,0.776611,0.742625,0.530507,235.690002,3358.000000
752.000000,-106.636444,0.642578,0.443055,0.801514,0.771729,0.741065,0.524465,227.149994,3368.000000
753.000000,-108.658066,0.645020,0.442296,0.800049,0.772949,0.738411,0.521917,230.729996,3349.000000
754.000000,-126.040283,0.645752,0.441376,0.800537,0.773926,0.738159,0.520826,246.179993,3368.000000
755.000000,-112.030296,0.644775,0.439226,0.800781,0.773682,0.737254,0.519010,235.720001,3353.000000
756.000000,-121.957153,0.652588,0.447909,0.808838,0.783203,0.745733,0.530873,250.210007,3356.000000
757.000000,-104.313210,0.653320,0.447770,0.809326,0.783691,0.745569,0.530581,219.740005,3351.000000
758.000000,-121.920395,0.652100,0.445482,0.807617,0.780029,0.743895,0.525339,238.610001,3355.000000
759.000000,-110.971031,0.646973,0.438758,0.800537,0.778076,0.737092,0.521979,227.660004,3369.000000
760.000000,-114.389832,0.649658,0.441027,0.802734,0.781982,0.740687,0.526555,234.830002,3353.000000
761.000000,-123.362312,0.645996,0.439636,0.798828,0.778320,0.735948,0.525354,260.209991,3392.000000
762.000000,-113.136292,0.645020,0.439761,0.799805,0.773438,0.736898,0.521041,237.789993,3404.000000
763.000000,-103.366104,0.638184,0.434451,0.791260,0.768066,0.728666,0.517253,218.009995,3385.000000
764.000000,-107.948837,0.641113,0.435145,0.802734,0.774170,0.738958,0.519020,222.000000,3390.000000
765.000000,-108.344482,0.643555,0.438200,0.802490,0.772217,0.739247,0.518691,233.869995,3390.000000
766.000000,-102.291756,0.647217,0.441059,0.806641,0.780273,0.743639,0.524804,217.169998,3345.000000
767.000000,-122.106133,0.647949,0.442753,0.804443,0.778564,0.741713,0.522526,253.330002,3371.000000
768.000000,-120.499229,0.646729,0.440857,0.803467,0.775146,0.741280,0.518589,252.220001,3354.000000
769.000000,-115.768768,0.642090,0.438373,0.803711,0.770752,0.741027,0.516084,231.080002,3283.000000
770.000000,-105.015503,0.643311,0.437299,0.807129,0.771729,0.744482,0.515335,219.070007,3371.000000
771.000000,-117.487251,0.635986,0.430698,0.803223,0.766357,0.741583,0.509830,233.139999,3367.000000
772.000000,-116.943810,0.635498,0.433188,0.800293,0.766846,0.739830,0.513749,244.759995,3346.000000
773.000000,-110.483673,0.638672,0.434662,0.800781,0.769043,0.738526,0.515637,231.009995,3355.000000
774.000000,-103.640083,0.633545,0.431412,0.799072,0.766602,0.737327,0.513878,218.990005,3386.000000
775.000000,-105.432587,0.631348,0.431878,0.796143,0.763916,0.734183,0.513230,225.850006,3374.000000
776.000000,-105.051994,0.631104,0.431704,0.793701,0.768311,0.732149,0.516164,218.910004,3393.000000
777.000000,-120.670097,0.629395,0.429928,0.796143,0.765381,0.733604,0.512785,242.889999,3355.000000
778.000000,-103.714699,0.629395,0.430188,0.792236,0.767090,0.728634,0.515329,215.660004,3353.000000
779.000000,-107.002144,0.623047,0.427198,0.786621,0.761475,0.724111,0.511643,223.899994,3345.000000
780.000000,-101.229279,0.623047,0.426988,0.783691,0.762939,0.720722,0.513262,216.729996,3373.000000
781.000000,-112.800903,0.623291,0.426034,0.788330,0.764648,0.725504,0.511633,239.009995,3339.000000
782.000000,-125.084084,0.629150,0.431534,0.795166,0.772949,0.731720,0.520472,237.000000,3345.000000
783.000000,-108.317406,0.630859,0.433992,0.797363,0.773438,0.733690,0.521395,223.940002,3354.000000
784.000000,-115.202011,0.633057,0.438310,0.797119,0.771484,0.735141,0.521306,242.070007,3336.000000
785.000000,-118.032990,0.636963,0.442275,0.796875,0.777100,0.734179,0.526087,228.000000,3355.000000
786.000000,-109.956116,0.635010,0.442553,0.789307,0.774658,0.726926,0.526299,229.740005,3327.000000
787.000000,-105.193497,0.638916,0.447890,0.794678,0.776367,0.732513,0.529357,225.279999,3358.000000
788.000000,-110.708229,0.645020,0.454912,0.807861,0.776367,0.746203,0.529249,229.190002,3341.000000
789.000000,-103.157303,0.651855,0.461251,0.814697,0.782715,0.753544,0.534599,216.889999,3388.000000
790.000000,-107.862007,0.648438,0.459868,0.810547,0.776855,0.749500,0.531085,225.199997,3357.000000
791.000000,-109.829697,0.652832,0.461286,0.811768,0.778809,0.749696,0.532894,229.509995,3355.000000
792.000000,-120.329002,0.651123,0.459899,0.806641,0.779297,0.744294,0.535816,259.549988,3382.000000
793.000000,-125.371193,0.654053,0.458529,0.809814,0.784180,0.747110,0.536769,256.540009,3396.000000
794.000000,-110.865990,0.653320,0.457597,0.811768,0.784424,0.748715,0.536735,235.600006,3386.000000
795.000000,-111.988434,0.658203,0.462240,0.819336,0.788818,0.755991,0.540114,234.479996,3378.000000
796.000000,-115.881966,0.660889,0.462589,0.819580,0.789795,0.755636,0.540959,237.149994,3415.000000
797.000000,-106.013840,0.662598,0.464001,0.819580,0.789795,0.755146,0.541941,224.679993,3394.000000
798.000000,-114.024010,0.661377,0.460644,0.819580,0.787354,0.754270,0.537564,236.949997,3380.000000
799.000000,-111.665375,0.658936,0.455732,0.817871,0.783691,0.752107,0.532100,239.080002,3381.000000
800.000000,-108.611252,0.653320,0.450284,0.808105,0.779785,0.741632,0.528411,228.529999,3396.000000
801.000000,-110.570068,0.648926,0.447372,0.803955,0.773193,0.740128,0.524774,229.220001,3384.000000
802.000000,-125.428215,0.642578,0.440424,0.801270,0.765625,0.736560,0.518377,252.729996,3410.000000
803.000000,-114.762276,0.638672,0.437571,0.800537,0.761719,0.734917,0.516679,242.429993,3401.000000
804.000000,-137.375900,0.637451,0.436927,0.801758,0.760010,0.736513,0.516693,270.700012,3362.000000
805.000000,-107.573738,0.635498,0.434070,0.803223,0.761963,0.737051,0.515646,226.610001,3349.000000
806.000000,-108.488190,0.645508,0.441182,0.813477,0.773438,0.746836,0.524333,230.210007,3333.000000
807.000000,-110.260551,0.639404,0.436256,0.807373,0.769531,0.739639,0.520745,230.500000,3352.000000
808.000000,-113.683128,0.638428,0.436234,0.804688,0.766846,0.738480,0.518232,219.360001,3388.000000
809.000000,-112.546661,0.635254,0.432899,0.802734,0.764404,0.736283,0.515577,234.630005,3335.000000
810.000000,-110.569695,0.639404,0.434691,0.807373,0.771484,0.739672,0.520930,237.729996,3399.000000
811.000000,-120.584908,0.640869,0.434275,0.809814,0.770996,0.743702,0.517144,234.860001,3391.000000
812.000000,-115.855957,0.637451,0.434056,0.800781,0.767822,0.736343,0.516158,241.300003,3386.000000
813.000000,-98.573776,0.628906,0.428792,0.791504,0.763184,0.727069,0.513972,212.020004,3374.000000
814.000000,-102.863953,0.627686,0.427624,0.792480,0.761719,0.729588,0.510996,214.990005,3372.000000
815.000000,-119.258102,0.632568,0.433016,0.792725,0.762939,0.730542,0.514485,236.520004,3402.000000
816.000000,-132.705658,0.639648,0.438234,0.798096,0.770752,0.736076,0.521964,274.329987,3401.000000
817.000000,-117.696571,0.645752,0.442709,0.800537,0.776611,0.737946,0.525758,245.500000,3409.000000
818.000000,-128.432892,0.643311,0.439087,0.801270,0.772461,0.739938,0.520353,248.130005,3373.000000
819.000000,-121.391998,0.646484,0.440654,0.809814,0.772705,0.746961,0.519418,258.170013,3370.000000
820.000000,-117.625099,0.647949,0.439318,0.809814,0.770996,0.745963,0.516960,244.899994,3407.000000
821.000000,-130.546188,0.647461,0.438279,0.808838,0.774658,0.745202,0.519143,244.149994,3359.000000
822.000000,-116.908592,0.645752,0.436150,0.810791,0.772949,0.747971,0.516976,249.860001,3323.000000
823.000000,-108.253853,0.648193,0.436935,0.811035,0.770020,0.748694,0.514971,221.770004,3331.000000
824.000000,-105.485321,0.651855,0.440555,0.812500,0.778564,0.749393,0.523460,220.149994,3333.000000
825.000000,-116.772095,0.653320,0.439756,0.815186,0.780029,0.752012,0.521796,229.770004,3345.000000
826.000000,-110.384560,0.651367,0.436508,0.812256,0.781250,0.747587,0.521521,234.899994,3344.000000
827.000000,-111.280136,0.652100,0.438396,0.806152,0.779297,0.741154,0.521746,230.350006,3347.000000
828.000000,-125.086937,0.658447,0.440774,0.812012,0.786133,0.747197,0.524863,253.949997,3337.000000
829.000000,-113.473053,0.653320,0.436871,0.808594,0.782959,0.743510,0.521724,242.660004,3334.000000
830.000000,-121.394867,0.653564,0.441043,0.810303,0.780029,0.745839,0.522023,255.820007,3341.000000
831.000000,-112.180244,0.652344,0.443851,0.812500,0.774170,0.749507,0.519059,234.289993,3338.000000
832.000000,-98.706680,0.649902,0.443686,0.807129,0.774170,0.744090,0.520794,204.759995,3347.000000
833.000000,-98.635124,0.650391,0.444444,0.811768,0.778320,0.748474,0.524070,203.770004,3259.000000
834.000000,-110.560837,0.653809,0.447396,0.815186,0.780762,0.751570,0.524659,237.449997,3282.000000
835.000000,-104.079552,0.653076,0.447662,0.815918,0.782471,0.752788,0.526709,220.160004,3360.000000
836.000000,-140.326141,0.650879,0.446535,0.806152,0.774902,0.742448,0.522548,265.299988,3376.000000
837.000000,-106.747284,0.645752,0.442778,0.802734,0.773926,0.738883,0.522274,224.179993,3352.000000
838.000000,-113.566200,0.644531,0.444967,0.797852,0.772705,0.735388,0.525294,241.869995,3354.000000
839.000000,-106.579033,0.644531,0.445362,0.801270,0.778809,0.737870,0.530623,229.210007,3315.000000
840.000000,-105.593460,0.642090,0.446861,0.798828,0.772949,0.735849,0.527579,220.740005,3347.000000
841.000000,-113.217392,0.630615,0.442335,0.790039,0.764893,0.728564,0.525765,237.889999,3349.000000
842.000000,-112.264702,0.632812,0.447652,0.793457,0.765625,0.733182,0.529313,224.610001,3364.000000
843.000000,-117.029137,0.626465,0.443071,0.785156,0.760254,0.726348,0.526420,228.919998,3346.000000
844.000000,-118.335037,0.627441,0.442500,0.784668,0.766357,0.725698,0.529828,246.199997,3362.000000
845.000000,-112.933746,0.630615,0.444773,0.791992,0.768555,0.733208,0.531117,241.279999,3352.000000
846.000000,-109.052963,0.635498,0.445848,0.797852,0.775635,0.737669,0.536298,231.949997,3351.000000
847.000000,-103.463699,0.638916,0.448230,0.795898,0.781982,0.735453,0.541916,217.350006,3347.000000
848.000000,-107.420860,0.643311,0.450980,0.801025,0.782715,0.739875,0.540267,224.179993,3351.000000
849.000000,-112.755386,0.643066,0.449753,0.799316,0.781494,0.738630,0.537845,232.539993,3355.000000
850.000000,-115.663628,0.641602,0.446731,0.801514,0.779541,0.739552,0.535217,247.500000,3347.000000
851.000000,-100.805450,0.641602,0.449881,0.800293,0.773438,0.739811,0.532365,208.000000,3365.000000
852.000000,-102.843315,0.633789,0.442480,0.790039,0.769531,0.728904,0.528598,214.339996,3312.000000
853.000000,-106.071480,0.639648,0.446010,0.794678,0.777832,0.731474,0.534954,220.399994,3349.000000
854.000000,-110.080917,0.640137,0.444769,0.798584,0.782471,0.734539,0.537099,225.850006,3350.000000
855.000000,-108.203300,0.641846,0.446443,0.799561,0.778320,0.734465,0.532610,226.309998,3355.000000
856.000000,-101.469322,0.647461,0.449476,0.807129,0.785400,0.739879,0.537916,218.419998,3356.000000
857.000000,-115.040710,0.644531,0.445137,0.799561,0.781006,0.732866,0.532615,242.460007,3364.000000
858.000000,-114.949715,0.639893,0.439959,0.799316,0.777344,0.733284,0.528108,223.949997,3363.000000
859.000000,-117.372459,0.636719,0.439105,0.795898,0.774902,0.731151,0.527766,245.910004,3334.000000
860.000000,-117.142502,0.636963,0.439209,0.794922,0.775146,0.730955,0.527165,236.970001,3380.000000
861.000000,-103.143822,0.640137,0.439313,0.799805,0.778320,0.734948,0.525612,213.589996,3365.000000
862.000000,-119.272102,0.643555,0.444170,0.799805,0.784668,0.736862,0.531994,244.710007,3366.000000
863.000000,-109.039719,0.640869,0.441680,0.798340,0.782227,0.737095,0.526717,227.899994,3363.000000
864.000000,-101.313385,0.640625,0.442614,0.792969,0.779053,0.732469,0.524634,210.330002,3358.000000
865.000000,-98.043510,0.644287,0.445863,0.796387,0.784424,0.735467,0.530641,205.029999,3354.000000
866.000000,-111.150833,0.652100,0.453920,0.805908,0.791016,0.744541,0.537642,225.169998,3357.000000
867.000000,-116.109055,0.658203,0.457239,0.810547,0.795410,0.749915,0.538628,235.619995,3394.000000
868.000000,-119.491219,0.654541,0.454752,0.809082,0.791016,0.748757,0.535271,248.929993,3352.000000
869.000000,-115.722603,0.650391,0.451641,0.807861,0.791504,0.747293,0.536227,240.039993,3360.000000
870.000000,-106.789619,0.650391,0.454522,0.808838,0.789307,0.748283,0.534817,229.520004,3355.000000
871.000000,-114.997940,0.651123,0.456644,0.804932,0.791748,0.745486,0.539751,241.869995,3356.000000
872.000000,-104.157082,0.651123,0.453724,0.803955,0.788574,0.744558,0.534808,215.699997,3347.000000
873.000000,-126.983276,0.649170,0.453945,0.801025,0.786377,0.742670,0.533604,250.559998,3344.000000
874.000000,-109.885773,0.645996,0.452593,0.795898,0.781982,0.739313,0.530621,232.449997,3350.000000
875.000000,-127.861923,0.647461,0.452692,0.796143,0.782959,0.740066,0.530407,255.149994,3353.000000
876.000000,-109.965576,0.652832,0.457713,0.804932,0.786621,0.750395,0.532843,235.539993,3349.000000
877.000000,-130.498352,0.658203,0.459829,0.811279,0.793457,0.755828,0.537685,272.459991,3353.000000
878.000000,-115.442665,0.658447,0.460401,0.811279,0.796143,0.755509,0.539637,244.130005,3351.000000
879.000000,-107.122185,0.663086,0.463408,0.813232,0.799072,0.756770,0.542257,225.419998,3319.000000
880.000000,-124.895416,0.661621,0.461679,0.811768,0.791992,0.755216,0.536093,258.260010,3336.000000
881.000000,-117.676125,0.661621,0.461136,0.807373,0.794189,0.750491,0.537922,245.440002,3328.000000
882.000000,-109.019417,0.656982,0.456692,0.802002,0.790771,0.745308,0.535196,229.710007,3325.000000
883.000000,-111.904236,0.656006,0.456846,0.801025,0.792236,0.743661,0.537758,241.580002,3368.000000
884.000000,-107.573799,0.656738,0.457009,0.798584,0.791016,0.740638,0.537379,229.169998,3323.000000
885.000000,-109.910057,0.658691,0.457239,0.802246,0.792480,0.744054,0.535750,230.190002,3357.000000
886.000000,-108.772110,0.655518,0.454569,0.799316,0.788330,0.741594,0.532595,231.839996,3345.000000
887.000000,-117.884018,0.655762,0.452177,0.802734,0.793945,0.744764,0.534409,238.979996,3363.000000
888.000000,-100.062592,0.649170,0.449642,0.794678,0.782715,0.735802,0.527947,214.860001,3361.000000
889.000000,-109.672394,0.646729,0.445317,0.792969,0.779541,0.733834,0.524276,228.229996,3358.000000
890.000000,-110.069077,0.640137,0.439759,0.790527,0.773682,0.731722,0.518494,236.259995,3341.000000
891.000000,-124.224297,0.639404,0.439707,0.791504,0.775391,0.733543,0.520545,245.660004,3312.000000
892.000000,-102.697861,0.643066,0.440095,0.794922,0.781250,0.736249,0.523421,221.199997,3398.000000
893.000000,-120.971581,0.644775,0.439785,0.798340,0.781982,0.739524,0.523210,242.570007,3398.000000
894.000000,-112.938057,0.649170,0.443198,0.804932,0.789062,0.745779,0.529432,243.339996,3346.000000
895.000000,-114.785522,0.647461,0.442171,0.803711,0.785400,0.744132,0.526449,241.809998,3363.000000
896.000000,-108.407188,0.640869,0.437872,0.799072,0.778564,0.739745,0.521280,231.830002,3347.000000
897.000000,-105.350395,0.643799,0.440022,0.797119,0.779541,0.736906,0.520706,217.050003,3306.000000
898.000000,-126.172119,0.639404,0.437696,0.795166,0.776855,0.735074,0.519457,251.589996,3406.000000
899.000000,-105.417465,0.641357,0.438955,0.797363,0.781494,0.736794,0.524187,226.210007,3338.000000
900.000000,-103.817764,0.640869,0.439806,0.799072,0.780518,0.738368,0.522557,219.080002,3342.000000
901.000000,-123.649239,0.637939,0.439237,0.799805,0.777588,0.739663,0.522144,253.610001,3352.000000
902.000000,-107.916992,0.638916,0.437745,0.800781,0.773193,0.739884,0.516035,226.789993,3350.000000
903.000000,-112.286522,0.642090,0.439428,0.801514,0.775391,0.738821,0.517926,236.539993,3350.000000
904.000000,-108.295525,0.645508,0.442111,0.802734,0.778564,0.740476,0.520840,228.070007,3361.000000
905.000000,-114.895325,0.648193,0.443373,0.802734,0.781982,0.741946,0.524193,250.059998,3337.000000
906.000000,-107.243210,0.650146,0.443189,0.803711,0.780518,0.742661,0.522474,223.910004,3370.000000
907.000000,-110.620590,0.656006,0.447922,0.809082,0.785645,0.746888,0.528306,232.139999,3384.000000
908.000000,-106.193100,0.651123,0.444324,0.801514,0.782471,0.740945,0.524420,221.389999,3358.000000
909.000000,-101.268379,0.651855,0.442959,0.800537,0.781250,0.741000,0.522788,214.100006,3344.000000
910.000000,-126.200035,0.651855,0.444266,0.802246,0.781006,0.742944,0.522771,236.850006,3355.000000
911.000000,-110.756401,0.655029,0.447903,0.805420,0.786621,0.745685,0.529013,230.580002,3390.000000
912.000000,-110.739250,0.656006,0.449222,0.804932,0.784912,0.744568,0.527798,230.339996,3377.000000
913.000000,-132.501740,0.657227,0.451438,0.805420,0.786865,0.745961,0.530394,261.859985,3395.000000
914.000000,-123.523537,0.663818,0.455967,0.810791,0.795654,0.751236,0.535927,229.369995,3376.000000
915.000000,-114.840843,0.657227,0.453305,0.803711,0.786865,0.745008,0.530893,237.229996,3343.000000
916.000000,-105.287621,0.653564,0.453106,0.801514,0.779053,0.744244,0.525988,219.089996,3381.000000
917.000000,-117.071632,0.646240,0.446610,0.791504,0.776367,0.733649,0.524672,242.919998,3402.000000
918.000000,-112.542534,0.646729,0.446014,0.798340,0.781738,0.740354,0.528644,235.919998,3389.000000
919.000000,-110.827164,0.659912,0.456241,0.811279,0.792969,0.751303,0.535389,233.830002,3387.000000
920.000000,-124.681190,0.661621,0.457006,0.816162,0.790527,0.755423,0.532484,260.739990,3351.000000
921.000000,-118.266342,0.660889,0.457523,0.813721,0.791504,0.751394,0.536414,237.889999,3365.000000
922.000000,-102.907005,0.662354,0.460459,0.814209,0.792480,0.752069,0.539412,216.330002,3380.000000
923.000000,-115.983162,0.657715,0.456748,0.806641,0.786377,0.744185,0.532824,239.850006,3349.000000
924.000000,-104.919189,0.654053,0.454263,0.804199,0.783203,0.741642,0.529861,219.279999,3352.000000
925.000000,-106.292267,0.653809,0.454562,0.802734,0.783691,0.740825,0.530391,229.460007,3353.000000
926.000000,-123.696297,0.649658,0.450183,0.799561,0.783936,0.738006,0.527812,253.240005,3351.000000
927.000000,-105.591934,0.655518,0.452880,0.805420,0.789795,0.744011,0.531610,224.660004,3371.000000
928.000000,-117.634872,0.655273,0.449346,0.802490,0.791260,0.739683,0.531455,237.589996,3342.000000
929.000000,-112.110413,0.651367,0.447561,0.800049,0.785156,0.737756,0.527742,225.940002,3345.000000
930.000000,-117.339439,0.649414,0.444929,0.802490,0.779053,0.740481,0.521689,234.539993,3332.000000
931.000000,-113.072350,0.647705,0.443205,0.798584,0.780029,0.736940,0.521709,239.789993,3349.000000
932.000000,-115.983841,0.646484,0.441395,0.798340,0.781006,0.736371,0.522467,229.330002,3352.000000
933.000000,-116.855171,0.645752,0.440057,0.798828,0.777344,0.738604,0.517995,236.889999,3350.000000
934.000000,-106.102699,0.643311,0.437493,0.796875,0.778809,0.735871,0.519254,230.550003,3356.000000
935.000000,-105.833290,0.651855,0.443940,0.806152,0.782471,0.744022,0.522291,221.660004,3342.000000
936.000000,-110.652626,0.648926,0.445337,0.806152,0.778076,0.744395,0.521884,236.800003,3350.000000
937.000000,-117.709366,0.648926,0.447145,0.807617,0.774170,0.746063,0.520500,224.970001,3343.000000
938.000000,-113.034767,0.643311,0.446598,0.798340,0.770020,0.737118,0.522171,234.899994,3359.000000
939.000000,-127.028458,0.641846,0.445746,0.798828,0.769287,0.736766,0.522427,255.309998,3342.000000
940.000000,-114.327896,0.644287,0.446775,0.804199,0.773926,0.742344,0.524774,233.669998,3348.000000
941.000000,-99.593407,0.653076,0.450416,0.812256,0.784180,0.749111,0.530186,209.360001,3353.000000
942.000000,-105.887779,0.652588,0.447646,0.809082,0.782227,0.744560,0.528080,229.710007,3355.000000
943.000000,-105.379059,0.649658,0.443474,0.804199,0.781006,0.741035,0.524979,218.320007,3349.000000
944.000000,-111.456818,0.649414,0.442176,0.802979,0.781250,0.739634,0.524354,234.570007,3349.000000
945.000000,-117.987129,0.643799,0.440136,0.797363,0.776123,0.734795,0.523114,229.539993,3324.000000
946.000000,-103.309181,0.645752,0.444193,0.799805,0.773438,0.738002,0.522168,217.139999,3373.000000
947.000000,-121.391945,0.646973,0.443607,0.802734,0.777832,0.741282,0.523956,251.880005,3355.000000
948.000000,-106.563530,0.649170,0.444965,0.800537,0.782227,0.739520,0.526002,220.309998,3326.000000
949.000000,-117.548164,0.651611,0.448272,0.803955,0.787842,0.741603,0.532742,240.789993,3359.000000
950.000000,-127.007927,0.651611,0.449071,0.806396,0.788818,0.744536,0.534952,251.279999,3284.000000
951.000000,-104.060371,0.650635,0.448279,0.806396,0.785889,0.744525,0.532634,225.300003,3339.000000
952.000000,-117.529549,0.657959,0.453809,0.811768,0.792480,0.749964,0.537644,236.770004,3332.000000
953.000000,-109.031937,0.654541,0.450815,0.806641,0.788330,0.744084,0.534362,227.279999,3356.000000
954.000000,-102.183258,0.652832,0.445258,0.806152,0.784912,0.744046,0.528213,211.279999,3344.000000
955.000000,-116.599083,0.657227,0.448210,0.811523,0.785156,0.747879,0.527511,249.960007,3104.000000
956.000000,-109.088638,0.651367,0.443048,0.806152,0.784424,0.742845,0.527445,226.750000,3341.000000
957.000000,-101.870079,0.659912,0.450907,0.813965,0.793213,0.750595,0.533417,216.520004,3360.000000
958.000000,-111.369545,0.655273,0.447668,0.811279,0.786621,0.749035,0.529535,231.809998,3345.000000
959.000000,-100.184044,0.649902,0.442609,0.807129,0.784912,0.745121,0.526556,213.050003,3322.000000
960.000000,-118.198235,0.645508,0.438703,0.801025,0.783203,0.738153,0.524342,253.410004,3359.000000
961.000000,-113.554550,0.641602,0.432842,0.797363,0.784180,0.734237,0.524092,244.520004,3266.000000
962.000000,-114.067619,0.641113,0.433534,0.800537,0.783691,0.736686,0.523297,238.020004,3329.000000
963.000000,-108.747131,0.642334,0.433424,0.800781,0.787354,0.736663,0.522827,229.850006,3330.000000
964.000000,-130.518570,0.638184,0.431756,0.797607,0.779297,0.734508,0.516444,240.360001,3351.000000
965.000000,-104.265144,0.631592,0.428385,0.792236,0.776611,0.728908,0.516173,222.470001,3338.000000
966.000000,-110.894264,0.632080,0.427862,0.796387,0.774902,0.732862,0.515100,228.160004,3343.000000
967.000000,-103.915100,0.630615,0.426567,0.795654,0.778076,0.732659,0.517487,220.789993,3339.000000
968.000000,-120.069771,0.635010,0.429646,0.802246,0.779297,0.739681,0.516836,249.369995,3326.000000
969.000000,-100.649338,0.633301,0.428835,0.800293,0.775879,0.736567,0.514255,216.850006,3344.000000
970.000000,-120.552231,0.628662,0.425325,0.793701,0.769287,0.731443,0.510123,234.229996,3336.000000
971.000000,-99.928795,0.624268,0.420292,0.791260,0.764893,0.729259,0.504611,212.190002,3342.000000
972.000000,-112.871628,0.614990,0.411408,0.782715,0.760986,0.718874,0.501691,234.889999,3322.000000
973.000000,-116.825401,0.619385,0.415261,0.789551,0.766846,0.726897,0.504926,238.589996,3346.000000
974.000000,-109.517387,0.626221,0.419057,0.792969,0.770752,0.730933,0.506513,229.270004,3346.000000
975.000000,-117.698586,0.630371,0.422016,0.794434,0.774170,0.732792,0.507947,247.479996,3346.000000
976.000000,-111.488358,0.639160,0.428756,0.802734,0.779541,0.739424,0.512162,228.509995,3338.000000
977.000000,-121.435272,0.637207,0.427381,0.802734,0.776367,0.738966,0.510565,240.779999,3354.000000
978.000000,-109.261772,0.636475,0.428414,0.798584,0.776855,0.736264,0.512621,228.059998,3318.000000
979.000000,-99.047066,0.634521,0.427623,0.794922,0.771973,0.732641,0.509264,207.570007,3336.000000
980.000000,-121.737709,0.633057,0.426082,0.794189,0.768799,0.732071,0.507478,256.190002,3333.000000
981.000000,-120.469612,0.634277,0.424290,0.796387,0.775635,0.733296,0.511511,243.279999,3337.000000
982.000000,-116.864006,0.636719,0.424349,0.803955,0.777344,0.740194,0.510726,243.929993,3317.000000
983.000000,-113.231956,0.642090,0.430687,0.803467,0.780762,0.740534,0.517142,233.259995,3332.000000
984.000000,-112.569595,0.648438,0.433886,0.806885,0.782227,0.744375,0.515614,233.830002,3321.000000
985.000000,-108.900658,0.648926,0.435085,0.806396,0.782715,0.743907,0.518373,228.800003,3315.000000
986.000000,-105.611191,0.646484,0.433162,0.803955,0.780518,0.741862,0.516031,223.139999,3332.000000
987.000000,-107.818306,0.648193,0.435534,0.809082,0.778320,0.746865,0.514281,228.279999,3330.000000
988.000000,-103.694397,0.649658,0.434308,0.810547,0.782959,0.748744,0.514804,214.940002,3336.000000
989.000000,-125.615570,0.655029,0.438102,0.809814,0.789062,0.748164,0.519890,260.140015,3339.000000
990.000000,-109.301872,0.652588,0.436666,0.808350,0.786133,0.746713,0.516913,233.110001,3325.000000
991.000000,-109.853264,0.655273,0.439253,0.806885,0.789551,0.745181,0.519881,231.929993,3363.000000
992.000000,-107.135178,0.649170,0.435484,0.803955,0.780762,0.742684,0.511954,229.470001,3317.000000
993.000000,-117.671852,0.645996,0.432746,0.804199,0.774170,0.743710,0.507067,237.729996,3331.000000
994.000000,-115.490540,0.644531,0.432648,0.803223,0.773193,0.742788,0.508078,237.649994,3313.000000
995.000000,-113.230713,0.640869,0.430087,0.800049,0.772949,0.739260,0.508974,237.389999,3342.000000
996.000000,-105.506996,0.634766,0.428704,0.797119,0.769043,0.738215,0.509184,229.600006,3324.000000
997.000000,-126.102539,0.639893,0.433416,0.801270,0.768311,0.742881,0.508211,264.279999,3329.000000
998.000000,-113.854874,0.640625,0.436921,0.802246,0.768311,0.745089,0.510590,235.990005,3324.000000
999.000000,-113.628700,0.637207,0.436210,0.795654,0.769775,0.738964,0.515913,240.610001,3330.000000
1000.000000,-110.653786,0.638184,0.437727,0.798340,0.772461,0.741052,0.519150,232.250000,3324.000000
1001.000000,-112.718658,0.646484,0.447029,0.804443,0.778320,0.745813,0.526142,238.690002,3332.000000
1002.000000,-116.857056,0.643555,0.445024,0.802246,0.773682,0.743946,0.522502,238.820007,3353.000000
1003.000000,-110.391190,0.643311,0.446028,0.800537,0.777344,0.742799,0.527947,233.100006,3303.000000
1004.000000,-114.771042,0.640869,0.445332,0.798096,0.772949,0.740978,0.526727,236.429993,3326.000000
1005.000000,-108.242157,0.642822,0.447946,0.801270,0.776611,0.744352,0.531010,221.940002,3335.000000
1006.000000,-115.706856,0.644287,0.450512,0.800293,0.775146,0.743094,0.531504,233.289993,3332.000000
1007.000000,-119.714767,0.638916,0.446589,0.797363,0.768555,0.741412,0.526240,242.350006,3341.000000
1008.000000,-114.571617,0.637451,0.443405,0.796875,0.764893,0.741464,0.520554,243.600006,3347.000000
1009.000000,-107.530319,0.642090,0.445463,0.801758,0.770020,0.745193,0.523338,224.350006,3377.000000
1010.000000,-108.331429,0.638672,0.441267,0.799561,0.773682,0.744175,0.526370,227.039993,3345.000000
1011.000000,-114.475594,0.641113,0.444196,0.800537,0.770996,0.746330,0.525290,242.919998,3334.000000
1012.000000,-122.126801,0.642822,0.445522,0.800293,0.768799,0.745409,0.524324,237.699997,3329.000000
1013.000000,-116.421593,0.642578,0.442578,0.800781,0.769775,0.748255,0.521566,239.800003,3347.000000
1014.000000,-106.080978,0.645020,0.445377,0.800537,0.771973,0.749015,0.524296,228.229996,3322.000000
1015.000000,-110.691727,0.648193,0.448050,0.801758,0.777100,0.749363,0.528004,233.660004,3334.000000
1016.000000,-104.402451,0.648438,0.447257,0.802490,0.776611,0.749840,0.526349,225.419998,3330.000000
1017.000000,-113.195663,0.647461,0.447441,0.801025,0.778320,0.748022,0.528260,236.429993,3352.000000
1018.000000,-107.599686,0.648438,0.446805,0.802490,0.780518,0.748300,0.528751,223.630005,3360.000000
1019.000000,-101.920692,0.655518,0.451888,0.807373,0.786865,0.753160,0.531810,218.559998,3369.000000
1020.000000,-111.260025,0.657959,0.452963,0.807373,0.785156,0.753405,0.527405,233.710007,3363.000000
1021.000000,-128.211243,0.660645,0.452918,0.813477,0.786621,0.758489,0.527673,252.720001,3371.000000
1022.000000,-128.106506,0.668701,0.454426,0.817871,0.793945,0.761161,0.528886,261.459991,3341.000000
1023.000000,-110.120567,0.661865,0.446846,0.811768,0.791260,0.754493,0.524559,229.279999,3335.000000
1024.000000,-116.476540,0.656250,0.440968,0.808105,0.784180,0.751708,0.517001,241.110001,3367.000000
1025.000000,-117.956100,0.651611,0.435856,0.798096,0.778076,0.743127,0.511933,238.779999,3185.000000
1026.000000,-118.465263,0.643799,0.428582,0.792236,0.771973,0.737672,0.506477,244.000000,3350.000000
1027.000000,-105.637314,0.642334,0.428326,0.794189,0.768066,0.739189,0.504818,218.809998,3354.000000
1028.000000,-104.681557,0.644531,0.432758,0.795898,0.771484,0.741179,0.508935,220.220001,3364.000000
1029.000000,-109.996780,0.643311,0.433671,0.797363,0.772461,0.742685,0.510795,233.600006,3349.000000
1030.000000,-114.059006,0.638672,0.428619,0.795410,0.769043,0.739454,0.507227,238.779999,3360.000000
1031.000000,-117.294960,0.636963,0.427372,0.796143,0.770508,0.740704,0.508448,242.820007,3363.000000
1032.000000,-125.330086,0.635986,0.427045,0.790527,0.770996,0.735179,0.508811,245.149994,3378.000000
1033.000000,-141.616776,0.644043,0.434093,0.801758,0.778564,0.745731,0.515351,281.019989,3363.000000
1034.000000,-108.682930,0.646484,0.435790,0.802979,0.778320,0.744894,0.516214,230.429993,3360.000000
1035.000000,-110.906891,0.646973,0.435096,0.802246,0.774902,0.744459,0.512337,234.339996,3347.000000
1036.000000,-108.941292,0.642334,0.430189,0.802246,0.774658,0.743156,0.512706,228.100006,3342.000000
1037.000000,-117.377357,0.640869,0.429235,0.802490,0.770508,0.743226,0.509623,237.259995,3343.000000
1038.000000,-113.425095,0.641846,0.432371,0.802979,0.771484,0.743732,0.512078,232.369995,3338.000000
1039.000000,-100.784241,0.639160,0.430439,0.800049,0.769043,0.741336,0.511525,211.100006,3327.000000
1040.000000,-97.496277,0.644287,0.435752,0.802979,0.772461,0.743645,0.515507,207.940002,3360.000000
1041.000000,-103.388603,0.644287,0.434790,0.807129,0.770996,0.746710,0.513572,219.479996,3343.000000
1042.000000,-104.191620,0.649658,0.440258,0.806641,0.774658,0.746117,0.515905,225.949997,3346.000000
1043.000000,-103.176285,0.643555,0.435222,0.801514,0.770996,0.741695,0.513594,219.539993,3336.000000
1044.000000,-102.012245,0.641113,0.435252,0.799805,0.766357,0.740788,0.512014,215.220001,3351.000000
1045.000000,-115.855110,0.640869,0.435934,0.798096,0.769531,0.739659,0.514598,245.389999,3355.000000
1046.000000,-102.775452,0.637939,0.433757,0.797119,0.769531,0.738235,0.515252,217.250000,3344.000000
1047.000000,-114.030060,0.644287,0.437508,0.804199,0.779541,0.743990,0.523361,243.380005,3354.000000
1048.000000,-107.678909,0.648438,0.442402,0.805420,0.776367,0.744814,0.523486,223.910004,3341.000000
1049.000000,-124.583969,0.651367,0.443954,0.807861,0.780518,0.747302,0.526382,260.510010,3350.000000
1050.000000,-118.468742,0.645508,0.440133,0.804443,0.775146,0.744801,0.520595,252.259995,3331.000000
1051.000000,-113.761528,0.641357,0.439392,0.799561,0.774414,0.741015,0.521800,228.800003,3360.000000
1052.000000,-127.760345,0.649414,0.444869,0.804932,0.777832,0.745420,0.523004,253.070007,3352.000000
1053.000000,-102.237495,0.648193,0.442522,0.807129,0.777344,0.746039,0.520276,220.860001,3333.000000
1054.000000,-108.325180,0.646240,0.440023,0.803223,0.777100,0.741977,0.517886,226.309998,3346.000000
1055.000000,-114.308578,0.643555,0.434718,0.801758,0.774902,0.740639,0.514251,234.529999,3352.000000
1056.000000,-125.386200,0.643799,0.434076,0.804199,0.773193,0.741483,0.512527,245.779999,3358.000000
1057.000000,-110.930786,0.641357,0.433283,0.803467,0.769287,0.742939,0.508743,232.309998,3360.000000
1058.000000,-116.251595,0.639160,0.432722,0.803711,0.767578,0.744158,0.508487,246.570007,3363.000000
1059.000000,-106.558838,0.644775,0.440015,0.803955,0.774658,0.743157,0.517898,224.149994,3357.000000
1060.000000,-115.535263,0.647705,0.441861,0.807861,0.777588,0.746270,0.519536,240.809998,3365.000000
1061.000000,-118.340378,0.647705,0.442947,0.804199,0.779053,0.742020,0.522485,240.630005,3368.000000
1062.000000,-117.585678,0.648438,0.442237,0.800293,0.779053,0.738727,0.521695,241.979996,3369.000000
1063.000000,-127.094460,0.640381,0.434775,0.796875,0.770264,0.735334,0.513725,261.429993,3343.000000
1064.000000,-103.269150,0.635498,0.428307,0.795898,0.769531,0.733965,0.512169,214.179993,3350.000000
1065.000000,-109.202393,0.639404,0.433306,0.799561,0.771240,0.737645,0.513893,227.649994,3345.000000
1066.000000,-100.100761,0.633545,0.431205,0.794434,0.765625,0.733931,0.512158,216.190002,3350.000000
1067.000000,-111.423912,0.635254,0.432626,0.795654,0.767334,0.735015,0.514920,234.539993,3359.000000
1068.000000,-107.024406,0.645508,0.438256,0.800537,0.777832,0.739451,0.522014,225.080002,3348.000000
1069.000000,-104.052872,0.643066,0.435833,0.798096,0.774902,0.737358,0.517232,216.190002,3352.000000
1070.000000,-114.114426,0.640625,0.433447,0.793213,0.771240,0.732726,0.513093,240.750000,3363.000000
1071.000000,-115.352913,0.643799,0.435142,0.799316,0.774170,0.738083,0.514578,240.759995,3361.000000
1072.000000,-122.706360,0.648438,0.441340,0.799072,0.776367,0.738418,0.518446,252.720001,3356.000000
1073.000000,-104.469513,0.652832,0.445196,0.806396,0.785156,0.745646,0.528060,221.970001,3335.000000
1074.000000,-106.373344,0.652344,0.444892,0.808105,0.785645,0.747145,0.526489,225.580002,3354.000000
1075.000000,-107.834312,0.654297,0.446278,0.814453,0.784912,0.753521,0.525834,227.550003,3353.000000
1076.000000,-110.445290,0.649414,0.444761,0.813232,0.781250,0.752673,0.525900,227.389999,3359.000000
1077.000000,-106.454407,0.649170,0.444313,0.809326,0.777344,0.749031,0.522550,218.639999,3360.000000
1078.000000,-115.897957,0.651123,0.447112,0.809570,0.773682,0.748564,0.520336,237.210007,3345.000000
1079.000000,-104.656433,0.640625,0.439207,0.803711,0.768066,0.743498,0.516989,221.649994,3373.000000
1080.000000,-107.052666,0.635498,0.436441,0.799561,0.766113,0.739953,0.517208,227.089996,3349.000000
1081.000000,-103.033882,0.639648,0.439270,0.805176,0.770508,0.745160,0.518746,219.960007,3352.000000
1082.000000,-103.150360,0.641846,0.440969,0.809082,0.772705,0.749768,0.520042,205.619995,3350.000000
1083.000000,-121.134407,0.639648,0.439435,0.804688,0.770996,0.745936,0.519115,239.589996,3349.000000
1084.000000,-108.533424,0.639404,0.439492,0.804688,0.766846,0.745733,0.515410,231.759995,3360.000000
1085.000000,-102.933701,0.641113,0.440946,0.803955,0.767090,0.743975,0.515227,222.259995,3359.000000
1086.000000,-111.816307,0.647461,0.443907,0.811279,0.775146,0.749593,0.520702,235.429993,3363.000000
1087.000000,-116.511696,0.650391,0.445988,0.815918,0.779785,0.753531,0.523990,235.070007,3393.000000
1088.000000,-114.089142,0.654541,0.449007,0.822266,0.782471,0.760344,0.525254,238.100006,3391.000000
1089.000000,-112.160332,0.656006,0.448339,0.822021,0.786865,0.759885,0.528404,238.600006,3304.000000
1090.000000,-105.567299,0.650635,0.442331,0.814941,0.778564,0.752234,0.521138,220.869995,3351.000000
1091.000000,-117.520584,0.649170,0.439594,0.812500,0.779541,0.749829,0.521821,241.910004,3382.000000
1092.000000,-112.013145,0.644043,0.437596,0.803223,0.773438,0.741670,0.517339,241.220001,3366.000000
1093.000000,-119.672905,0.645020,0.437360,0.804688,0.775391,0.743533,0.518528,245.679993,3361.000000
1094.000000,-124.815369,0.641846,0.436575,0.800049,0.772217,0.738789,0.517583,259.380005,3380.000000
1095.000000,-111.416718,0.642334,0.435583,0.798584,0.775879,0.737673,0.517370,236.479996,3372.000000
1096.000000,-118.450195,0.637939,0.432693,0.799072,0.774170,0.738625,0.517379,241.779999,3366.000000
1097.000000,-110.027519,0.630859,0.429246,0.791260,0.768066,0.732251,0.513295,232.669998,3397.000000
1098.000000,-133.108551,0.637939,0.436549,0.794922,0.771484,0.736000,0.518954,262.130005,3407.000000
1099.000000,-111.543373,0.631348,0.431320,0.795654,0.770020,0.737600,0.516928,229.979996,3380.000000
1100.000000,-114.332512,0.638672,0.436526,0.801270,0.777100,0.741120,0.523405,236.589996,3365.000000
1101.000000,-119.291084,0.639893,0.437755,0.802734,0.778076,0.743254,0.523345,249.570007,3371.000000
1102.000000,-116.391579,0.644043,0.439445,0.807617,0.781250,0.746572,0.525227,247.880005,3412.000000
1103.000000,-126.765915,0.643555,0.437530,0.809326,0.779297,0.748651,0.522554,260.839996,3402.000000
1104.000000,-107.758064,0.640381,0.438965,0.807373,0.772705,0.747219,0.520071,229.179993,3398.000000
1105.000000,-110.876015,0.642090,0.438950,0.808594,0.774414,0.747770,0.520210,232.529999,3414.000000
1106.000000,-118.073296,0.640869,0.440175,0.807617,0.776611,0.746874,0.525667,242.589996,3355.000000
1107.000000,-106.311333,0.644287,0.442377,0.805420,0.779297,0.744381,0.528548,222.960007,3333.000000
1108.000000,-118.903694,0.644775,0.444366,0.805664,0.777588,0.744963,0.527139,248.690002,3350.000000
1109.000000,-113.205330,0.642090,0.443947,0.801270,0.774902,0.740389,0.526729,234.009995,3372.000000
1110.000000,-120.045654,0.645020,0.447386,0.799805,0.775879,0.738391,0.527988,251.850006,3366.000000
1111.000000,-98.708374,0.642090,0.445051,0.796875,0.773926,0.735099,0.525727,213.949997,3382.000000
1112.000000,-104.181572,0.644531,0.447035,0.798584,0.778320,0.736528,0.528875,222.139999,3371.000000
1113.000000,-104.308571,0.646240,0.448318,0.801514,0.776123,0.738385,0.525803,218.419998,3364.000000
1114.000000,-115.732925,0.645264,0.445550,0.798096,0.780273,0.735645,0.528417,245.410004,3368.000000
1115.000000,-115.219276,0.645264,0.444448,0.802002,0.779541,0.739641,0.525575,230.339996,3391.000000
1116.000000,-111.803894,0.650391,0.449423,0.808350,0.781250,0.746162,0.526963,232.179993,3391.000000
1117.000000,-122.276863,0.651123,0.449558,0.802246,0.782227,0.741827,0.527353,240.320007,3385.000000
1118.000000,-101.816963,0.652588,0.450583,0.802490,0.783936,0.741837,0.526932,216.149994,3362.000000
1119.000000,-112.148643,0.647949,0.445089,0.803467,0.782227,0.743587,0.524478,233.309998,3410.000000
1120.000000,-128.648407,0.653564,0.449901,0.808105,0.787842,0.749363,0.530583,261.119995,3377.000000
1121.000000,-100.663620,0.651367,0.446148,0.810303,0.784180,0.750929,0.524837,214.029999,3334.000000
1122.000000,-108.498268,0.658936,0.450449,0.818359,0.789795,0.757871,0.526862,228.699997,3349.000000
1123.000000,-117.487801,0.656494,0.447269,0.814453,0.788818,0.754004,0.524344,245.199997,3360.000000
1124.000000,-104.446999,0.649658,0.440795,0.808594,0.783203,0.749463,0.518616,220.479996,3396.000000
1125.000000,-110.341492,0.645508,0.436022,0.803955,0.778320,0.745668,0.513788,229.940002,3350.000000
1126.000000,-107.722336,0.643311,0.436902,0.810059,0.772705,0.752581,0.511546,228.300003,3311.000000
1127.000000,-110.139610,0.651611,0.445525,0.811279,0.777832,0.754531,0.517234,234.259995,3324.000000
1128.000000,-122.111366,0.649414,0.442686,0.808594,0.777344,0.752350,0.518698,249.449997,3372.000000
1129.000000,-105.263374,0.654297,0.445985,0.814209,0.779541,0.757759,0.518952,219.429993,3361.000000
1130.000000,-100.980873,0.654785,0.450281,0.809814,0.780029,0.754468,0.523402,215.539993,3370.000000
1131.000000,-113.573059,0.651367,0.445741,0.811768,0.781006,0.755122,0.523934,239.369995,3374.000000
1132.000000,-111.901649,0.652832,0.448094,0.810547,0.779785,0.753323,0.523780,215.179993,3360.000000
1133.000000,-122.421112,0.652344,0.447512,0.809326,0.781982,0.751787,0.527697,253.759995,3381.000000
1134.000000,-103.471619,0.652344,0.448199,0.806396,0.780273,0.747887,0.527333,219.740005,3369.000000
1135.000000,-108.276146,0.652588,0.448910,0.808838,0.780273,0.749037,0.528119,227.979996,3367.000000
1136.000000,-114.063095,0.651367,0.447943,0.806885,0.779053,0.747549,0.527333,239.949997,3358.000000
1137.000000,-112.817505,0.649658,0.445238,0.812500,0.777100,0.751513,0.524348,238.490005,3365.000000
1138.000000,-103.705902,0.647217,0.444893,0.802246,0.771973,0.741328,0.520866,218.630005,3371.000000
1139.000000,-108.143211,0.645508,0.444737,0.800537,0.771484,0.738436,0.523444,220.270004,3343.000000
1140.000000,-101.067383,0.640137,0.441497,0.796143,0.768311,0.732549,0.522297,216.649994,3336.000000
1141.000000,-118.200981,0.641846,0.441989,0.802979,0.772949,0.739363,0.525049,242.660004,3353.000000
1142.000000,-119.422661,0.649170,0.447310,0.805420,0.781006,0.742508,0.531324,234.050003,3355.000000
1143.000000,-101.851364,0.653076,0.451386,0.809082,0.778320,0.746763,0.529992,217.979996,3419.000000
1144.000000,-109.489723,0.658936,0.453940,0.815918,0.781494,0.753787,0.530357,229.500000,3376.000000
1145.000000,-117.971199,0.658447,0.451723,0.811523,0.779785,0.750449,0.527674,243.490005,3328.000000
1146.000000,-125.864067,0.659424,0.452194,0.812988,0.783936,0.753572,0.529604,252.899994,3360.000000
1147.000000,-123.510788,0.661377,0.453856,0.813232,0.785156,0.752680,0.530888,240.350006,3384.000000
1148.000000,-121.223396,0.663574,0.451319,0.815918,0.789551,0.752923,0.530544,243.000000,3368.000000
1149.000000,-109.197983,0.658447,0.446260,0.815918,0.784180,0.753361,0.526257,225.919998,3362.000000
1150.000000,-122.437927,0.655518,0.445040,0.810547,0.780518,0.748183,0.523764,265.890015,3350.000000
1151.000000,-109.860321,0.654541,0.447140,0.812012,0.777344,0.750517,0.522830,229.860001,3367.000000
1152.000000,-104.555428,0.649902,0.442763,0.807617,0.779297,0.746527,0.523124,221.889999,3397.000000
1153.000000,-113.257431,0.656006,0.448247,0.809814,0.781250,0.749169,0.525947,234.380005,3290.000000
1154.000000,-108.856323,0.653320,0.444675,0.811035,0.779297,0.750518,0.525090,226.949997,3384.000000
1155.000000,-127.082214,0.654297,0.445934,0.812256,0.781738,0.751877,0.528804,252.220001,3377.000000
1156.000000,-125.880013,0.650391,0.443262,0.809570,0.775879,0.749636,0.524356,259.709991,3380.000000
1157.000000,-109.767693,0.648926,0.442701,0.806885,0.775879,0.747238,0.524130,228.619995,3349.000000
1158.000000,-113.627998,0.647949,0.442680,0.807617,0.774414,0.748291,0.522347,240.419998,3352.000000
1159.000000,-120.089828,0.651123,0.443016,0.812988,0.777100,0.753422,0.521953,229.869995,3361.000000
1160.000000,-108.404556,0.654785,0.445655,0.817871,0.780273,0.758546,0.522830,231.570007,3330.000000
1161.000000,-102.077652,0.657715,0.449464,0.819580,0.783203,0.759569,0.526205,209.149994,3346.000000
1162.000000,-120.195770,0.657471,0.448926,0.816162,0.781738,0.755351,0.525035,252.820007,3344.000000
1163.000000,-140.538574,0.646484,0.440034,0.803223,0.776123,0.744110,0.521331,264.200012,3355.000000
1164.000000,-110.810295,0.644287,0.437767,0.802002,0.771973,0.743884,0.518301,232.550003,3363.000000
1165.000000,-103.536270,0.640137,0.435370,0.801025,0.771729,0.743455,0.516617,218.759995,3349.000000
1166.000000,-110.279686,0.640137,0.436431,0.802490,0.775146,0.743659,0.520513,227.389999,3370.000000
1167.000000,-109.409592,0.641602,0.439391,0.802490,0.771973,0.744637,0.518796,228.720001,3302.000000
1168.000000,-106.538445,0.633057,0.433419,0.791748,0.765625,0.734216,0.514848,228.360001,3355.000000
1169.000000,-107.649055,0.631104,0.430326,0.791504,0.762939,0.733073,0.511154,228.490005,3392.000000
1170.000000,-115.346970,0.630127,0.429286,0.792480,0.766357,0.734210,0.514228,233.710007,3395.000000
1171.000000,-114.685455,0.630859,0.428625,0.799561,0.768799,0.738272,0.515514,230.789993,3364.000000
1172.000000,-109.922569,0.632324,0.431665,0.796875,0.771729,0.735529,0.519225,209.750000,3368.000000
1173.000000,-117.431190,0.636230,0.435845,0.798828,0.768311,0.736333,0.518233,242.949997,3364.000000
1174.000000,-108.371017,0.633057,0.432328,0.793457,0.767334,0.731176,0.514792,224.380005,3367.000000
1175.000000,-101.401894,0.638916,0.438893,0.803223,0.775879,0.739623,0.523870,213.949997,3388.000000
1176.000000,-101.657898,0.640869,0.440328,0.804688,0.777100,0.740486,0.525054,211.949997,3393.000000
1177.000000,-110.244865,0.647217,0.444069,0.811035,0.784424,0.746986,0.529645,231.960007,3393.000000
1178.000000,-115.247124,0.641113,0.439336,0.804443,0.780273,0.740501,0.525757,240.279999,3401.000000
1179.000000,-107.401772,0.646729,0.444486,0.808838,0.781982,0.744408,0.524777,220.199997,3404.000000
1180.000000,-127.923576,0.646729,0.445190,0.806396,0.782715,0.743983,0.526593,261.130005,3403.000000
1181.000000,-109.326996,0.649414,0.444214,0.809082,0.782959,0.745911,0.524306,225.449997,3399.000000
1182.000000,-108.296684,0.642822,0.438849,0.799316,0.778809,0.735426,0.523232,228.429993,3393.000000
1183.000000,-115.741203,0.644775,0.442767,0.801025,0.781006,0.737977,0.526951,237.759995,3371.000000
1184.000000,-119.729538,0.646973,0.445160,0.804199,0.784912,0.742017,0.531111,240.880005,3360.000000
1185.000000,-114.889763,0.650879,0.449554,0.809082,0.789795,0.746914,0.536292,220.460007,3362.000000
1186.000000,-115.630814,0.650879,0.452103,0.807373,0.787109,0.746671,0.535011,237.550003,3366.000000
1187.000000,-112.024971,0.651367,0.449860,0.807617,0.786865,0.746404,0.533009,232.029999,3401.000000
1188.000000,-109.701530,0.654785,0.449709,0.810059,0.788818,0.746572,0.532537,226.110001,3389.000000
1189.000000,-108.014786,0.654541,0.447896,0.812256,0.791992,0.748084,0.533727,226.330002,3342.000000
1190.000000,-105.303612,0.647949,0.443664,0.806885,0.783447,0.743775,0.526042,222.070007,3351.000000
1191.000000,-114.849800,0.646484,0.443170,0.800537,0.781006,0.738634,0.524923,230.259995,3351.000000
1192.000000,-108.137421,0.643799,0.439525,0.797119,0.778809,0.734853,0.522339,228.660004,3418.000000
1193.000000,-108.218475,0.645020,0.440878,0.802734,0.782959,0.740676,0.527109,228.869995,3368.000000
1194.000000,-116.645950,0.646973,0.444357,0.802002,0.783936,0.740443,0.531476,239.479996,3346.000000
1195.000000,-107.640572,0.649658,0.445915,0.806641,0.784668,0.745537,0.531304,232.690002,3362.000000
1196.000000,-106.322464,0.645264,0.443693,0.804199,0.779785,0.743445,0.527881,231.070007,3355.000000
1197.000000,-107.389740,0.647217,0.445160,0.806641,0.783447,0.747456,0.529884,226.899994,3371.000000
1198.000000,-107.242905,0.647217,0.446576,0.804688,0.779053,0.746698,0.527884,230.179993,3358.000000
1199.000000,-109.364853,0.645996,0.445992,0.797852,0.778564,0.740960,0.528583,228.100006,3350.000000
1200.000000,-109.593216,0.635010,0.438690,0.790283,0.768799,0.734401,0.520457,227.339996,3339.000000
1201.000000,-117.698730,0.637207,0.440230,0.791260,0.768311,0.735396,0.521966,244.250000,3339.000000
1202.000000,-105.646004,0.636475,0.441486,0.791260,0.770264,0.737140,0.525172,225.110001,3359.000000
1203.000000,-108.269379,0.632812,0.438019,0.791504,0.771973,0.736539,0.526450,231.479996,3349.000000
1204.000000,-107.963226,0.633545,0.439710,0.793213,0.771240,0.738946,0.525342,226.600006,3335.000000
1205.000000,-110.686470,0.637451,0.442115,0.797363,0.770508,0.742734,0.524164,235.550003,3296.000000
1206.000000,-109.473534,0.633057,0.437728,0.796143,0.765625,0.742422,0.518389,222.380005,3339.000000
1207.000000,-118.518593,0.639893,0.442928,0.804199,0.771240,0.749839,0.522444,246.169998,3340.000000
1208.000000,-108.307076,0.643311,0.444128,0.803467,0.776123,0.748654,0.523914,223.229996,3334.000000
1209.000000,-101.673019,0.643555,0.443411,0.802490,0.778076,0.747302,0.524547,215.250000,3323.000000
1210.000000,-107.824234,0.644287,0.442772,0.800537,0.779053,0.745592,0.523569,227.339996,3357.000000
1211.000000,-108.843422,0.641602,0.440172,0.799805,0.779053,0.743394,0.524831,231.669998,3368.000000
1212.000000,-110.434410,0.638672,0.437340,0.799805,0.774658,0.743817,0.520227,231.500000,3378.000000
1213.000000,-119.422386,0.642090,0.438637,0.804688,0.777588,0.748857,0.520718,248.130005,3350.000000
1214.000000,-105.778282,0.639648,0.437118,0.799805,0.775879,0.744002,0.520735,223.240005,3360.000000
1215.000000,-121.835052,0.640381,0.439398,0.800049,0.774902,0.743876,0.523010,250.470001,3362.000000
1216.000000,-118.029968,0.646729,0.444971,0.805664,0.776611,0.748401,0.524002,244.559998,3354.000000
1217.000000,-113.680061,0.646973,0.444148,0.806641,0.779297,0.748081,0.526742,241.589996,3290.000000
1218.000000,-120.510056,0.651123,0.446851,0.807129,0.784424,0.748522,0.529115,243.089996,3361.000000
1219.000000,-125.618301,0.645264,0.443182,0.802246,0.778809,0.744401,0.525073,257.660004,3345.000000
1220.000000,-102.959648,0.648682,0.445306,0.802002,0.778809,0.745350,0.523618,222.179993,3351.000000
1221.000000,-110.578407,0.644775,0.442843,0.797119,0.776367,0.740096,0.521006,240.199997,3368.000000
1222.000000,-115.104759,0.641602,0.441964,0.797363,0.772217,0.741710,0.518630,242.399994,3352.000000
1223.000000,-119.265755,0.639404,0.439081,0.797119,0.772705,0.740940,0.518868,251.929993,3360.000000
1224.000000,-110.824738,0.645264,0.440799,0.803711,0.777100,0.746390,0.520032,238.279999,3353.000000
1225.000000,-108.534737,0.648438,0.443358,0.810791,0.781250,0.753610,0.522377,228.139999,3350.000000
1226.000000,-128.721054,0.646240,0.442159,0.809082,0.780762,0.752716,0.522013,252.460007,3382.000000
1227.000000,-113.826691,0.645752,0.441732,0.806396,0.772705,0.749721,0.514650,245.869995,3363.000000
1228.000000,-103.503082,0.636963,0.432410,0.800781,0.765869,0.744435,0.506675,221.779999,3359.000000
1229.000000,-108.722084,0.641357,0.435939,0.807129,0.774414,0.751124,0.513542,224.820007,3381.000000
1230.000000,-103.015526,0.642090,0.438501,0.808105,0.770508,0.751370,0.513306,220.300003,3319.000000
1231.000000,-98.365166,0.646729,0.440378,0.809570,0.780273,0.751680,0.519773,211.880005,3350.000000
1232.000000,-112.390594,0.649170,0.442858,0.808594,0.781982,0.751784,0.522017,232.500000,3350.000000
1233.000000,-109.688477,0.651123,0.443266,0.812744,0.783203,0.754271,0.521611,233.449997,3373.000000
1234.000000,-106.149132,0.650146,0.442728,0.811279,0.782227,0.752011,0.521616,217.250000,3356.000000
1235.000000,-104.142700,0.648193,0.441759,0.806396,0.784424,0.747491,0.523406,223.979996,3337.000000
1236.000000,-106.398865,0.642090,0.437004,0.799805,0.777832,0.740785,0.517665,222.919998,3323.000000
1237.000000,-103.851234,0.643799,0.440344,0.795654,0.780273,0.736374,0.522775,222.899994,3305.000000
1238.000000,-108.053169,0.638428,0.435219,0.794434,0.775391,0.734787,0.519057,226.850006,3319.000000
1239.000000,-121.279884,0.633545,0.432187,0.792725,0.770020,0.734209,0.515954,248.520004,3331.000000
1240.000000,-109.571793,0.637939,0.434215,0.793701,0.773926,0.734762,0.517762,228.990005,3323.000000
1241.000000,-105.095619,0.637451,0.432285,0.800293,0.776855,0.740503,0.518278,223.960007,3326.000000
1242.000000,-107.703148,0.640381,0.435009,0.803711,0.781006,0.744388,0.520620,221.789993,3313.000000
1243.000000,-104.270699,0.640381,0.434988,0.802246,0.780762,0.743006,0.520674,224.339996,3309.000000
1244.000000,-120.198105,0.635498,0.432644,0.799561,0.776611,0.741588,0.518413,243.669998,3363.000000
1245.000000,-101.286835,0.637451,0.436463,0.798828,0.778076,0.740271,0.521264,213.949997,3356.000000
1246.000000,-120.664619,0.639160,0.434862,0.800293,0.777100,0.742306,0.518431,255.100006,3371.000000
1247.000000,-109.774857,0.639160,0.434278,0.805176,0.778809,0.746983,0.518352,229.589996,3338.000000
1248.000000,-106.790321,0.646729,0.439826,0.809082,0.782959,0.750866,0.520356,227.580002,3347.000000
1249.000000,-115.541656,0.644287,0.436147,0.809570,0.780029,0.751875,0.516623,244.070007,3332.000000
1250.000000,-106.619850,0.644043,0.437653,0.805176,0.778076,0.747640,0.517701,228.729996,3362.000000
1251.000000,-106.144165,0.639160,0.436469,0.795654,0.773682,0.738292,0.517587,220.660004,3373.000000
1252.000000,-120.406754,0.635254,0.435743,0.793701,0.769043,0.736266,0.515846,233.929993,3379.000000
1253.000000,-114.593193,0.634766,0.435375,0.797852,0.770752,0.739988,0.516486,244.089996,3353.000000
1254.000000,-117.467300,0.633301,0.437849,0.797363,0.768555,0.739045,0.517450,253.350006,3339.000000
1255.000000,-111.601685,0.636475,0.440263,0.798828,0.775146,0.740432,0.522947,233.100006,3332.000000
1256.000000,-116.728539,0.644043,0.444460,0.803711,0.783447,0.745113,0.527684,225.860001,3352.000000
1257.000000,-125.604645,0.653564,0.453361,0.812744,0.790039,0.754057,0.534019,255.500000,3352.000000
1258.000000,-117.034775,0.649414,0.448982,0.811768,0.784668,0.754200,0.528121,242.009995,3348.000000
1259.000000,-122.444550,0.645752,0.448488,0.810547,0.774170,0.754604,0.519668,255.889999,3352.000000
1260.000000,-108.546364,0.641846,0.443988,0.804443,0.773193,0.749038,0.519511,220.429993,3353.000000
1261.000000,-111.891464,0.637451,0.444509,0.798096,0.767090,0.743061,0.518357,236.699997,3331.000000
1262.000000,-109.035637,0.638916,0.443264,0.802246,0.769043,0.747460,0.516517,231.520004,3364.000000
1263.000000,-113.491875,0.639648,0.444209,0.804443,0.768799,0.749853,0.516725,234.970001,3357.000000
1264.000000,-113.457687,0.645020,0.447211,0.808105,0.780762,0.752023,0.526991,237.460007,3352.000000
1265.000000,-116.569443,0.645996,0.446205,0.806641,0.780273,0.749838,0.526148,243.899994,3381.000000
1266.000000,-108.916901,0.649902,0.448757,0.810059,0.786865,0.753882,0.530971,225.529999,3352.000000
1267.000000,-111.136169,0.653076,0.450550,0.812500,0.784180,0.757090,0.525974,229.850006,3325.000000
1268.000000,-117.017044,0.650391,0.446824,0.807617,0.783203,0.751587,0.524479,239.940002,3370.000000
1269.000000,-113.253967,0.653809,0.448064,0.810303,0.787598,0.753391,0.526278,239.470001,3377.000000
1270.000000,-125.990089,0.647949,0.443912,0.802979,0.781006,0.746017,0.523617,259.250000,3360.000000
1271.000000,-110.373917,0.645508,0.443671,0.801514,0.776855,0.744935,0.521091,232.679993,3376.000000
1272.000000,-122.298279,0.646484,0.445083,0.800781,0.775879,0.744122,0.519831,253.190002,3352.000000
1273.000000,-111.430214,0.645020,0.442814,0.800781,0.779541,0.745035,0.521634,232.839996,3341.000000
1274.000000,-109.270912,0.647705,0.446090,0.807373,0.779297,0.751428,0.522741,231.139999,3331.000000
1275.000000,-117.666008,0.649170,0.447291,0.806152,0.777588,0.750326,0.521045,248.440002,3350.000000
1276.000000,-116.142891,0.651855,0.450862,0.804932,0.782959,0.748767,0.527155,241.330002,3372.000000
1277.000000,-126.400543,0.649170,0.448978,0.803467,0.779541,0.748648,0.524245,249.789993,3363.000000
1278.000000,-100.812782,0.645752,0.450659,0.800293,0.771729,0.746455,0.521511,215.539993,3348.000000
1279.000000,-110.887054,0.641602,0.447359,0.796143,0.767090,0.742287,0.518923,234.880005,3348.000000
1280.000000,-122.258179,0.644043,0.450778,0.795898,0.773193,0.742932,0.527489,255.970001,3365.000000
1281.000000,-128.681351,0.645020,0.451145,0.798096,0.778564,0.743883,0.532982,249.910004,3267.000000
1282.000000,-122.054581,0.651855,0.457641,0.801514,0.781738,0.747103,0.535036,250.169998,3341.000000
1283.000000,-114.282272,0.653564,0.457403,0.801514,0.783203,0.746729,0.535183,237.830002,3364.000000
1284.000000,-125.558617,0.657715,0.458198,0.806396,0.789795,0.751532,0.539152,251.250000,3345.000000
1285.000000,-107.202217,0.654297,0.455465,0.802979,0.786621,0.747622,0.535280,225.990005,3325.000000
1286.000000,-110.770157,0.658691,0.455322,0.808350,0.793945,0.751810,0.537230,231.610001,3333.000000
1287.000000,-114.967758,0.666504,0.462711,0.813477,0.795410,0.756018,0.539329,235.220001,3291.000000
1288.000000,-110.598022,0.663086,0.458787,0.811035,0.794189,0.753262,0.538342,239.320007,3330.000000
1289.000000,-100.955681,0.659668,0.456657,0.803467,0.786377,0.745412,0.531583,215.199997,3343.000000
1290.000000,-111.948540,0.656494,0.453322,0.799316,0.782471,0.741790,0.528705,235.949997,3376.000000
1291.000000,-104.273735,0.654785,0.450702,0.801270,0.784912,0.742389,0.528857,222.130005,3368.000000
1292.000000,-132.239746,0.656006,0.449714,0.806641,0.791504,0.747018,0.532597,265.269989,3329.000000
1293.000000,-112.686737,0.650635,0.446650,0.799072,0.784180,0.739826,0.528078,242.619995,3372.000000
1294.000000,-117.830124,0.649902,0.446481,0.796387,0.786865,0.736795,0.531836,232.139999,3374.000000
1295.000000,-124.539780,0.645020,0.442686,0.790527,0.779297,0.732600,0.526790,259.750000,3364.000000
1296.000000,-98.132385,0.643311,0.438837,0.791748,0.777832,0.733109,0.523745,209.800003,3389.000000
1297.000000,-116.119179,0.646484,0.442285,0.797363,0.778564,0.738868,0.525910,240.800003,3318.000000
1298.000000,-118.441612,0.652832,0.446893,0.804932,0.782715,0.747555,0.529360,240.449997,3401.000000
1299.000000,-110.599686,0.651123,0.445662,0.804688,0.780029,0.746799,0.527911,230.880005,3409.000000
1300.000000,-125.817398,0.653076,0.446506,0.802246,0.778564,0.744742,0.526484,260.250000,3355.000000
1301.000000,-113.295372,0.650146,0.443289,0.802002,0.777100,0.743943,0.524186,234.110001,3405.000000
1302.000000,-116.116516,0.648193,0.442186,0.802979,0.773193,0.745234,0.522277,250.779999,3381.000000
1303.000000,-102.628845,0.649902,0.442665,0.803955,0.776367,0.746263,0.522761,217.940002,3388.000000
1304.000000,-118.962799,0.650146,0.441669,0.804443,0.777832,0.745993,0.524105,252.339996,3295.000000
1305.000000,-112.132469,0.645020,0.435794,0.797852,0.773438,0.740312,0.518314,227.699997,3337.000000
1306.000000,-112.265640,0.638916,0.429982,0.797363,0.768311,0.739739,0.513395,236.210007,3341.000000
1307.000000,-97.350540,0.632080,0.426250,0.791992,0.758545,0.735403,0.505476,203.389999,3380.000000
1308.000000,-100.158195,0.633301,0.427267,0.792236,0.762451,0.735644,0.509876,217.059998,3369.000000
1309.000000,-103.912987,0.641113,0.432653,0.795898,0.767822,0.738641,0.512339,214.949997,3346.000000
1310.000000,-110.872093,0.641357,0.430740,0.799072,0.770264,0.741514,0.512868,226.389999,3370.000000
1311.000000,-109.314491,0.641846,0.429681,0.802002,0.772949,0.743269,0.513140,231.460007,3353.000000
1312.000000,-104.054436,0.643799,0.433121,0.807617,0.773682,0.749079,0.514749,217.240005,3382.000000
1313.000000,-118.800797,0.641113,0.429405,0.800781,0.773193,0.742985,0.514066,243.570007,3399.000000
1314.000000,-113.983566,0.647949,0.434726,0.801025,0.778809,0.743112,0.517560,230.330002,3391.000000
1315.000000,-109.752708,0.648438,0.436645,0.804199,0.779297,0.746716,0.520298,229.820007,3389.000000
1316.000000,-114.088554,0.644287,0.435924,0.801514,0.775146,0.744928,0.519434,235.039993,3376.000000
1317.000000,-132.392441,0.641113,0.434729,0.798096,0.776855,0.741824,0.522667,244.009995,3375.000000
1318.000000,-107.808418,0.639648,0.437083,0.795898,0.778564,0.740147,0.525731,230.770004,3363.000000
1319.000000,-105.600983,0.638184,0.436622,0.796387,0.777100,0.741653,0.523741,226.539993,3353.000000
1320.000000,-113.132027,0.641846,0.440236,0.796875,0.777832,0.742693,0.523222,238.419998,3351.000000
1321.000000,-108.986694,0.641602,0.438476,0.800293,0.777588,0.746393,0.519978,232.580002,3372.000000
1322.000000,-110.386650,0.646240,0.443252,0.806396,0.778320,0.752259,0.521698,230.320007,3364.000000
1323.000000,-109.777443,0.645752,0.444830,0.802734,0.780029,0.748215,0.524693,235.520004,3355.000000
1324.000000,-113.088051,0.641357,0.443189,0.794189,0.772949,0.739648,0.520747,237.410004,3348.000000
1325.000000,-114.388855,0.641113,0.441645,0.801025,0.776611,0.745942,0.522618,247.110001,3367.000000
1326.000000,-110.543755,0.643066,0.442575,0.806396,0.777344,0.750652,0.522357,230.020004,3361.000000
1327.000000,-132.158157,0.643799,0.444376,0.805176,0.782715,0.748905,0.528030,247.399994,3344.000000
1328.000000,-119.169052,0.645020,0.444551,0.808105,0.778564,0.750474,0.524863,250.619995,3373.000000
1329.000000,-115.028831,0.639893,0.440221,0.799316,0.774170,0.739581,0.522356,244.899994,3351.000000
1330.000000,-108.720329,0.645752,0.444630,0.803711,0.780273,0.743379,0.527346,221.169998,3352.000000
1331.000000,-121.796669,0.643799,0.443017,0.802490,0.778564,0.741893,0.525767,246.039993,3362.000000
1332.000000,-99.412491,0.640137,0.440377,0.798340,0.776855,0.738257,0.524378,206.330002,3356.000000
1333.000000,-129.385651,0.644043,0.442626,0.803955,0.778320,0.742934,0.524410,251.940002,3349.000000
1334.000000,-102.116768,0.639160,0.438594,0.801025,0.769531,0.739380,0.517484,215.490005,3361.000000
1335.000000,-125.148766,0.642578,0.441982,0.801025,0.778076,0.739272,0.524368,257.029999,3344.000000
1336.000000,-106.311813,0.646240,0.446037,0.809814,0.772705,0.747681,0.520682,225.889999,3341.000000
1337.000000,-105.280510,0.649902,0.447977,0.812012,0.779785,0.750398,0.525544,220.880005,3364.000000
1338.000000,-103.495216,0.646973,0.444247,0.809326,0.780518,0.746999,0.525620,218.740005,3362.000000
1339.000000,-122.259285,0.646484,0.444809,0.809082,0.779785,0.746706,0.526147,237.589996,3361.000000
1340.000000,-123.378166,0.641602,0.442104,0.806885,0.775635,0.744730,0.523488,248.229996,3367.000000
1341.000000,-107.170906,0.644775,0.445378,0.807861,0.776611,0.745885,0.523709,227.940002,3329.000000
1342.000000,-112.077049,0.645508,0.445275,0.810303,0.781006,0.748643,0.527732,231.429993,3355.000000
1343.000000,-108.711136,0.647705,0.445701,0.811035,0.784912,0.748488,0.531190,234.559998,3354.000000
1344.000000,-102.566185,0.645508,0.445158,0.812500,0.782227,0.749893,0.529092,217.449997,3377.000000
1345.000000,-105.822769,0.647461,0.447431,0.810059,0.776855,0.747941,0.525312,222.929993,3293.000000
1346.000000,-107.524712,0.642090,0.442410,0.800537,0.772949,0.738597,0.521759,219.089996,3361.000000
1347.000000,-115.502777,0.637451,0.434138,0.795898,0.773682,0.733455,0.517116,244.550003,3360.000000
1348.000000,-111.358147,0.642334,0.436650,0.801025,0.777832,0.737538,0.519785,237.240005,3346.000000
1349.000000,-105.750259,0.643555,0.439561,0.805908,0.780273,0.742900,0.522652,220.729996,3368.000000
1350.000000,-106.659119,0.639648,0.436068,0.799561,0.778076,0.736430,0.520075,223.649994,3355.000000
1351.000000,-117.483498,0.641357,0.440038,0.801514,0.775879,0.738440,0.520446,242.520004,3357.000000
1352.000000,-116.749359,0.639404,0.438095,0.803223,0.771484,0.740361,0.518521,243.720001,3399.000000
1353.000000,-109.530594,0.647217,0.443868,0.804688,0.778564,0.740643,0.525233,234.990005,3398.000000
1354.000000,-105.037331,0.647461,0.444774,0.803711,0.779785,0.741140,0.526095,220.809998,3353.000000
1355.000000,-107.590996,0.648682,0.444841,0.805176,0.783447,0.741864,0.530240,223.710007,3331.000000
1356.000000,-114.041466,0.644531,0.441161,0.803223,0.779053,0.739533,0.526048,236.199997,3359.000000
1357.000000,-112.538841,0.646973,0.441473,0.804199,0.776367,0.741232,0.521972,236.770004,3360.000000
1358.000000,-111.657166,0.643555,0.439438,0.805420,0.770508,0.742440,0.518404,228.399994,3353.000000
1359.000000,-110.983261,0.642822,0.439114,0.805176,0.768555,0.741804,0.516019,236.779999,3342.000000
1360.000000,-114.242676,0.650879,0.446220,0.807129,0.777344,0.743391,0.523261,235.169998,3352.000000
1361.000000,-124.466919,0.648438,0.447347,0.803223,0.773926,0.741987,0.523966,252.220001,3375.000000
1362.000000,-119.872192,0.645752,0.445160,0.796387,0.776611,0.735529,0.526645,236.639999,3339.000000
1363.000000,-116.000450,0.641602,0.443015,0.797852,0.770996,0.736575,0.521510,239.839996,3335.000000
1364.000000,-114.075356,0.640869,0.445300,0.797119,0.770752,0.735176,0.523787,224.289993,3362.000000
1365.000000,-123.455963,0.645752,0.451052,0.801025,0.771729,0.740147,0.526868,257.480011,3354.000000
1366.000000,-115.218094,0.645020,0.451740,0.797852,0.769043,0.736995,0.527844,237.429993,3385.000000
1367.000000,-103.550377,0.644531,0.448841,0.803223,0.774414,0.741717,0.531856,218.520004,3396.000000
1368.000000,-104.904961,0.649902,0.455471,0.808105,0.776855,0.746684,0.534757,222.600006,3398.000000
1369.000000,-105.406998,0.650146,0.457952,0.808838,0.775146,0.747882,0.535544,218.440002,3391.000000
1370.000000,-118.797516,0.647949,0.454038,0.807617,0.777832,0.746651,0.537354,238.949997,3394.000000
1371.000000,-107.416100,0.647461,0.453216,0.805908,0.781982,0.744294,0.540002,224.539993,3382.000000
1372.000000,-120.811653,0.651611,0.457449,0.809082,0.783447,0.748608,0.540522,245.500000,3376.000000
1373.000000,-98.166580,0.648438,0.455477,0.805420,0.783447,0.744773,0.539958,206.779999,3363.000000
1374.000000,-115.457275,0.639648,0.449576,0.800537,0.770264,0.741870,0.530331,248.860001,3343.000000
1375.000000,-112.092415,0.643066,0.451849,0.802002,0.774414,0.743699,0.533934,226.720001,3365.000000
1376.000000,-101.956741,0.636719,0.445389,0.796631,0.770264,0.739569,0.527536,219.470001,3359.000000
1377.000000,-112.309471,0.648193,0.452429,0.806152,0.781250,0.748726,0.534694,220.149994,3343.000000
1378.000000,-99.681145,0.653564,0.453709,0.809082,0.784424,0.751604,0.534456,209.610001,3332.000000
1379.000000,-107.173096,0.651855,0.452357,0.808105,0.780029,0.750088,0.529648,227.020004,3317.000000
1380.000000,-120.929108,0.650879,0.452061,0.808350,0.775635,0.750550,0.527375,254.080002,3356.000000
1381.000000,-114.123734,0.649902,0.448839,0.803711,0.776367,0.746769,0.526178,237.029999,3375.000000
1382.000000,-105.342232,0.640381,0.437478,0.796143,0.771240,0.739682,0.519434,228.009995,3411.000000
1383.000000,-109.050171,0.637695,0.437570,0.796631,0.769043,0.741019,0.519171,230.220001,3413.000000
1384.000000,-115.008667,0.635742,0.436753,0.798340,0.767578,0.742526,0.517741,240.199997,3375.000000
1385.000000,-120.848808,0.637939,0.439008,0.800537,0.772217,0.744568,0.523206,243.070007,3359.000000
1386.000000,-115.294632,0.644531,0.442024,0.802734,0.773682,0.745903,0.522913,241.089996,3353.000000
1387.000000,-106.760902,0.646729,0.439476,0.805420,0.777344,0.748344,0.521853,227.830002,3387.000000
1388.000000,-105.083359,0.635498,0.431019,0.797607,0.768799,0.741118,0.516117,224.660004,3357.000000
1389.000000,-99.330490,0.638672,0.433908,0.802002,0.766602,0.744616,0.514796,212.539993,3371.000000
1390.000000,-126.351128,0.646484,0.436070,0.808838,0.773193,0.749786,0.518497,252.660004,3391.000000
1391.000000,-120.207657,0.647705,0.438889,0.807861,0.775635,0.747398,0.522848,254.080002,3360.000000
1392.000000,-106.195267,0.648438,0.438881,0.813232,0.778564,0.752299,0.524255,223.649994,3368.000000
1393.000000,-115.478188,0.645996,0.438552,0.804688,0.773682,0.743807,0.521254,238.699997,3367.000000
1394.000000,-109.963196,0.649414,0.441385,0.810547,0.774902,0.749838,0.521147,230.679993,3421.000000
1395.000000,-113.521896,0.646484,0.437018,0.810303,0.777344,0.750504,0.520257,241.690002,3372.000000
1396.000000,-109.270210,0.643799,0.438094,0.808350,0.776367,0.748415,0.522795,233.100006,3349.000000
1397.000000,-106.310120,0.653076,0.447477,0.815186,0.784912,0.754991,0.530379,221.679993,3335.000000
1398.000000,-113.592278,0.650635,0.444744,0.813232,0.778809,0.752982,0.523702,238.619995,3343.000000
1399.000000,-118.887100,0.645508,0.440830,0.802734,0.776367,0.742007,0.523459,245.720001,3364.000000
1400.000000,-96.411217,0.647705,0.442115,0.804688,0.777344,0.743940,0.522412,207.119995,3367.000000
1401.000000,-119.078827,0.639404,0.434780,0.794922,0.766357,0.735179,0.512871,253.380005,3351.000000
1402.000000,-113.137154,0.645020,0.437792,0.796387,0.773193,0.738065,0.517959,235.520004,3367.000000
1403.000000,-108.259956,0.644775,0.436258,0.800781,0.773926,0.742045,0.516451,233.250000,3353.000000
1404.000000,-105.396484,0.648926,0.440350,0.804932,0.780518,0.745995,0.521668,213.960007,3368.000000
1405.000000,-111.672867,0.647949,0.438684,0.804199,0.777588,0.745884,0.517860,239.860001,3358.000000
1406.000000,-113.365639,0.649414,0.437645,0.808105,0.782959,0.749533,0.519760,234.889999,3352.000000
1407.000000,-104.167633,0.638184,0.430006,0.800537,0.769775,0.742376,0.510273,217.600006,3352.000000
1408.000000,-115.733315,0.643066,0.434175,0.803467,0.772949,0.747446,0.511643,243.029999,3349.000000
1409.000000,-107.609772,0.642090,0.432848,0.802002,0.768799,0.747158,0.507779,232.699997,3264.000000
1410.000000,-117.428986,0.643311,0.434918,0.797119,0.768066,0.742741,0.509499,246.619995,3347.000000
1411.000000,-127.696846,0.643311,0.434811,0.798340,0.771973,0.743076,0.513508,254.210007,3346.000000
1412.000000,-121.913223,0.649170,0.438067,0.804199,0.777832,0.749284,0.516179,240.169998,3361.000000
1413.000000,-99.218925,0.645264,0.434192,0.802002,0.778809,0.746465,0.517975,215.380005,3362.000000
1414.000000,-107.113426,0.652100,0.440425,0.803711,0.781738,0.748326,0.519746,225.020004,3365.000000
1415.000000,-118.801285,0.648193,0.439113,0.798340,0.776123,0.742633,0.518542,251.350006,3340.000000
1416.000000,-115.001648,0.647949,0.437818,0.796143,0.776611,0.739353,0.518139,228.770004,3322.000000
1417.000000,-101.176613,0.641113,0.434603,0.793213,0.768066,0.738504,0.511763,213.910004,3325.000000
1418.000000,-107.292229,0.636963,0.433459,0.792480,0.765625,0.737333,0.513417,227.809998,3378.000000
1419.000000,-103.933281,0.638916,0.435297,0.796143,0.770020,0.740101,0.516377,220.029999,3343.000000
1420.000000,-112.430084,0.642334,0.439488,0.801758,0.773193,0.746339,0.518968,237.080002,3346.000000
1421.000000,-120.600815,0.645996,0.443336,0.803467,0.776855,0.748335,0.522609,255.240005,3371.000000
1422.000000,-119.114578,0.643799,0.442332,0.794922,0.776855,0.740049,0.524452,252.940002,3371.000000
1423.000000,-118.188538,0.643799,0.443549,0.798096,0.774414,0.743192,0.523574,248.789993,3329.000000
1424.000000,-109.638908,0.652832,0.451309,0.806396,0.785889,0.750698,0.532792,230.220001,3354.000000
1425.000000,-113.322960,0.652832,0.449895,0.804199,0.789307,0.747176,0.536423,236.809998,3362.000000
1426.000000,-109.829605,0.652588,0.447274,0.805664,0.784668,0.747652,0.529590,236.300003,3355.000000
1427.000000,-114.332047,0.653320,0.446696,0.804199,0.784668,0.746275,0.527953,235.210007,3371.000000
1428.000000,-124.292747,0.651611,0.444341,0.803955,0.780273,0.745056,0.523709,261.070007,3331.000000
1429.000000,-106.951134,0.647949,0.439261,0.802002,0.778320,0.742640,0.520861,226.309998,3338.000000
1430.000000,-124.162811,0.646973,0.437220,0.804688,0.778809,0.744217,0.520965,240.779999,3355.000000
1431.000000,-120.496231,0.649414,0.439219,0.802979,0.779053,0.741543,0.519989,240.949997,3337.000000
1432.000000,-114.724236,0.647217,0.437024,0.798828,0.777832,0.737135,0.518890,244.369995,3357.000000
1433.000000,-117.260559,0.643066,0.434728,0.798584,0.771240,0.738001,0.514809,232.509995,3341.000000
1434.000000,-102.697830,0.640381,0.433938,0.793213,0.768799,0.733375,0.513280,220.160004,3367.000000
1435.000000,-104.870949,0.630371,0.426713,0.786377,0.762939,0.726657,0.510970,218.600006,3351.000000
1436.000000,-120.581085,0.626465,0.424709,0.784180,0.760254,0.725951,0.509033,254.690002,3378.000000
1437.000000,-110.493088,0.624756,0.425959,0.783203,0.756592,0.725671,0.509308,231.449997,3359.000000
1438.000000,-126.665634,0.629639,0.430272,0.789062,0.763184,0.732215,0.515303,257.589996,3365.000000
1439.000000,-111.100449,0.633057,0.436320,0.794922,0.767822,0.738912,0.520964,228.970001,3361.000000
1440.000000,-113.635086,0.641113,0.440069,0.803711,0.771729,0.746626,0.521942,246.919998,3331.000000
1441.000000,-112.426437,0.642822,0.441649,0.803711,0.770996,0.746574,0.521332,232.179993,3345.000000
1442.000000,-105.518608,0.643555,0.441914,0.802490,0.772705,0.746069,0.521960,219.770004,3354.000000
1443.000000,-99.705589,0.640137,0.440868,0.797852,0.770020,0.740942,0.522182,213.839996,3343.000000
1444.000000,-119.415359,0.644531,0.446118,0.801514,0.775146,0.744516,0.528044,251.490005,3363.000000
1445.000000,-109.101181,0.640625,0.443505,0.794922,0.773438,0.737807,0.527049,222.270004,3364.000000
1446.000000,-102.894836,0.639648,0.443595,0.801025,0.773438,0.744842,0.526726,215.470001,3333.000000
1447.000000,-106.209694,0.646484,0.449270,0.802246,0.774902,0.747420,0.528640,221.610001,3332.000000
1448.000000,-126.197693,0.650635,0.453882,0.807861,0.777832,0.752104,0.531456,243.130005,3371.000000
1449.000000,-113.093559,0.646240,0.448985,0.802979,0.778076,0.746237,0.530982,238.479996,3342.000000
1450.000000,-102.275108,0.644775,0.449824,0.798828,0.776123,0.743541,0.528576,220.470001,3331.000000
1451.000000,-117.715004,0.645996,0.448210,0.803955,0.778076,0.747923,0.529109,247.830002,3351.000000
1452.000000,-110.133522,0.645752,0.447235,0.801514,0.775879,0.745183,0.527571,227.139999,3369.000000
1453.000000,-123.875633,0.647949,0.447928,0.802490,0.781250,0.746535,0.530341,255.830002,3344.000000
1454.000000,-101.133171,0.651855,0.449615,0.809082,0.785400,0.752799,0.530014,213.460007,3350.000000
1455.000000,-118.028595,0.653076,0.447824,0.807861,0.786133,0.751042,0.527554,252.050003,3359.000000
1456.000000,-118.785667,0.651367,0.444880,0.806396,0.781250,0.748670,0.521462,249.669998,3357.000000
1457.000000,-114.597046,0.650391,0.440178,0.812012,0.782471,0.753966,0.519422,233.440002,3365.000000
1458.000000,-122.073975,0.652100,0.440279,0.807129,0.785889,0.748522,0.522063,248.570007,3353.000000
1459.000000,-106.201859,0.647949,0.439771,0.801270,0.785400,0.742699,0.523876,224.699997,3355.000000
1460.000000,-124.788597,0.645996,0.438280,0.801025,0.779053,0.742031,0.519030,251.919998,3362.000000
1461.000000,-120.445786,0.645752,0.436163,0.801758,0.780273,0.742673,0.518259,234.580002,3354.000000
1462.000000,-115.867241,0.646240,0.433759,0.802002,0.781494,0.741680,0.518621,243.889999,3360.000000
1463.000000,-102.159607,0.648193,0.435000,0.802246,0.782959,0.740821,0.520456,211.860001,3369.000000
1464.000000,-117.472084,0.641357,0.431105,0.797363,0.775391,0.735241,0.514292,235.970001,3353.000000
1465.000000,-102.024597,0.635742,0.429122,0.793213,0.764893,0.731048,0.508269,215.610001,3353.000000
1466.000000,-100.674339,0.630615,0.425965,0.788574,0.762695,0.726139,0.508288,217.589996,3351.000000
1467.000000,-104.468430,0.632568,0.429989,0.792236,0.768799,0.728700,0.515169,224.309998,3369.000000
1468.000000,-105.924408,0.639404,0.434313,0.802490,0.775391,0.738645,0.519775,224.679993,3395.000000
1469.000000,-102.315628,0.639404,0.435377,0.805908,0.778809,0.741948,0.523154,216.440002,3406.000000
1470.000000,-103.803574,0.639404,0.434931,0.803955,0.775879,0.738948,0.520049,224.410004,3411.000000
1471.000000,-104.296150,0.639648,0.436210,0.802979,0.773193,0.737544,0.519807,216.410004,3385.000000
1472.000000,-110.865700,0.640137,0.435471,0.795898,0.776611,0.730423,0.522563,236.779999,3363.000000
1473.000000,-114.089638,0.642334,0.439711,0.802490,0.778076,0.738647,0.524820,235.210007,3270.000000
1474.000000,-105.993904,0.641113,0.438699,0.806885,0.778809,0.741251,0.524947,230.860001,3379.000000
1475.000000,-125.127510,0.638184,0.434629,0.805176,0.775635,0.741263,0.519949,254.639999,3340.000000
1476.000000,-112.453445,0.639160,0.437502,0.802246,0.776123,0.739168,0.522393,232.220001,3362.000000
1477.000000,-111.507004,0.639160,0.438519,0.803467,0.774414,0.740830,0.520188,230.479996,3368.000000
1478.000000,-110.781662,0.643066,0.441892,0.808105,0.777588,0.746128,0.522743,231.429993,3348.000000
1479.000000,-115.215698,0.640869,0.442405,0.808838,0.775391,0.747808,0.522102,241.949997,3353.000000
1480.000000,-103.148369,0.643066,0.442593,0.812012,0.776855,0.750479,0.521261,220.350006,3355.000000
1481.000000,-111.975525,0.643555,0.442344,0.812012,0.774170,0.751406,0.518366,237.899994,3389.000000
1482.000000,-106.629662,0.641846,0.438910,0.808350,0.775635,0.748425,0.517841,227.490005,3399.000000
1483.000000,-118.231773,0.647217,0.438366,0.810547,0.781250,0.749791,0.518643,233.619995,3385.000000
1484.000000,-101.677437,0.647461,0.438216,0.814209,0.781006,0.753503,0.516052,218.339996,3368.000000
1485.000000,-110.276634,0.652344,0.440609,0.816895,0.782959,0.755913,0.516729,238.229996,3363.000000
1486.000000,-106.338654,0.648438,0.441016,0.812744,0.777344,0.753490,0.514976,227.279999,3386.000000
1487.000000,-112.212128,0.649902,0.439619,0.815674,0.777344,0.756177,0.512082,239.330002,3405.000000
1488.000000,-115.355644,0.646240,0.436634,0.810303,0.775391,0.751518,0.511114,247.889999,3378.000000
1489.000000,-116.155472,0.643066,0.435443,0.807861,0.773682,0.750178,0.510990,245.610001,3321.000000
1490.000000,-121.633919,0.641357,0.435656,0.799805,0.768799,0.742695,0.509346,234.669998,3335.000000
1491.000000,-102.584152,0.636475,0.430795,0.796387,0.764404,0.739530,0.504290,217.130005,3407.000000
1492.000000,-120.382278,0.635010,0.430782,0.797607,0.762939,0.741961,0.506675,253.320007,3412.000000
1493.000000,-128.818390,0.638184,0.433578,0.801270,0.768311,0.744289,0.511631,268.970001,3395.000000
1494.000000,-104.518723,0.631836,0.429843,0.796387,0.767578,0.740337,0.510775,225.570007,3357.000000
1495.000000,-117.777878,0.629639,0.430667,0.793945,0.762207,0.736662,0.510589,248.880005,3344.000000
1496.000000,-112.331772,0.630859,0.433471,0.795654,0.763184,0.736956,0.512915,238.559998,3361.000000
1497.000000,-118.977875,0.632080,0.434843,0.802246,0.762939,0.742438,0.513505,244.500000,3403.000000
1498.000000,-121.096542,0.635986,0.440058,0.806641,0.765381,0.747642,0.516430,239.679993,3356.000000
1499.000000,-126.690048,0.636963,0.442090,0.802734,0.770020,0.743796,0.522195,261.970001,3351.000000
1500.000000,-126.202347,0.642090,0.446784,0.806152,0.772705,0.745718,0.524694,261.089996,3355.000000
1501.000000,-110.951744,0.646973,0.451273,0.813232,0.774902,0.752382,0.525685,213.899994,3373.000000
1502.000000,-120.095642,0.647705,0.450250,0.812500,0.777832,0.750791,0.528196,251.220001,3359.000000
1503.000000,-122.323257,0.640381,0.442874,0.805176,0.773926,0.744495,0.526133,252.919998,3358.000000
1504.000000,-104.529213,0.633789,0.439105,0.800049,0.766113,0.741460,0.520371,219.360001,3354.000000
1505.000000,-132.239578,0.636963,0.441242,0.801025,0.767090,0.741815,0.520038,275.589996,3362.000000
1506.000000,-106.360451,0.640625,0.443692,0.802246,0.766846,0.743013,0.518634,223.800003,3348.000000
1507.000000,-116.228783,0.645996,0.446787,0.810059,0.772949,0.750985,0.524307,245.600006,3340.000000
1508.000000,-115.694221,0.645264,0.446258,0.808838,0.771484,0.749880,0.523898,231.960007,3333.000000
1509.000000,-120.057030,0.643066,0.444936,0.808594,0.770264,0.751345,0.522529,253.050003,3346.000000
1510.000000,-101.704498,0.642334,0.444097,0.809326,0.771973,0.752060,0.522129,216.699997,3353.000000
1511.000000,-111.478493,0.648193,0.450309,0.813721,0.777100,0.755680,0.527905,234.789993,3357.000000
1512.000000,-106.293892,0.644287,0.446208,0.810059,0.776855,0.752627,0.526786,225.649994,3361.000000
1513.000000,-123.361259,0.647217,0.448681,0.812256,0.777344,0.754180,0.529419,249.559998,3363.000000
1514.000000,-113.861595,0.640625,0.443027,0.806152,0.770508,0.748704,0.521466,245.419998,3366.000000
1515.000000,-110.498421,0.645020,0.447287,0.807617,0.775879,0.747322,0.528528,228.339996,3384.000000
1516.000000,-112.465195,0.646484,0.449352,0.811523,0.775879,0.752144,0.529198,234.029999,3367.000000
1517.000000,-106.693710,0.649902,0.450799,0.809814,0.779541,0.750680,0.531067,224.259995,3384.000000
1518.000000,-104.902069,0.647217,0.449117,0.810547,0.775146,0.751140,0.526277,221.479996,3349.000000
1519.000000,-102.763779,0.644287,0.446942,0.804932,0.774170,0.744224,0.524883,220.550003,3369.000000
1520.000000,-110.084251,0.645996,0.448514,0.807373,0.775146,0.746765,0.525223,219.300003,3369.000000
1521.000000,-114.208145,0.644287,0.446134,0.803955,0.774658,0.743578,0.524056,243.850006,3370.000000
1522.000000,-118.605400,0.643555,0.443695,0.803467,0.776611,0.742885,0.525587,251.080002,3367.000000
1523.000000,-125.530861,0.641846,0.442455,0.803711,0.775879,0.743330,0.523898,259.769989,3357.000000
1524.000000,-120.737488,0.645508,0.447070,0.803711,0.778076,0.744937,0.526943,251.339996,3389.000000
1525.000000,-118.809845,0.646240,0.447930,0.802002,0.777344,0.743327,0.526530,234.729996,3399.000000
1526.000000,-120.200897,0.647461,0.448945,0.804688,0.782471,0.745093,0.530065,247.940002,3380.000000
1527.000000,-111.532555,0.647461,0.446296,0.807861,0.785156,0.747529,0.530309,238.729996,3325.000000
1528.000000,-117.273399,0.648926,0.448300,0.808838,0.782471,0.748381,0.528526,237.490005,3365.000000
1529.000000,-111.227722,0.641357,0.443048,0.802002,0.778076,0.741541,0.526158,230.570007,3368.000000
1530.000000,-104.870468,0.634766,0.437033,0.798828,0.772217,0.738616,0.519649,227.789993,3412.000000
1531.000000,-105.626762,0.631836,0.433864,0.796387,0.773193,0.735893,0.519295,232.210007,3367.000000
1532.000000,-120.634865,0.633057,0.434445,0.796875,0.774414,0.737068,0.521365,246.550003,3361.000000
1533.000000,-132.584930,0.631348,0.431511,0.796143,0.776855,0.735623,0.520392,265.269989,3380.000000
1534.000000,-128.895798,0.630127,0.430412,0.796631,0.776123,0.737061,0.519017,250.759995,3376.000000
1535.000000,-122.948387,0.639648,0.438008,0.802246,0.781738,0.742286,0.523001,243.600006,3402.000000
1536.000000,-135.185349,0.642334,0.436884,0.807373,0.784668,0.746209,0.522811,260.920013,3349.000000
1537.000000,-102.724182,0.636963,0.435407,0.799805,0.781006,0.739647,0.523658,215.509995,3285.000000
1538.000000,-120.594467,0.635986,0.435124,0.799072,0.778809,0.739134,0.521785,250.899994,3398.000000
1539.000000,-117.603775,0.637451,0.434532,0.799316,0.782227,0.739424,0.522924,237.169998,3343.000000
1540.000000,-110.356766,0.634033,0.432808,0.800293,0.775146,0.740578,0.518018,234.850006,3367.000000
1541.000000,-110.943146,0.633545,0.430994,0.799316,0.775391,0.738615,0.516754,238.080002,3402.000000
1542.000000,-117.829277,0.633301,0.428694,0.802002,0.778076,0.740253,0.518259,240.500000,3391.000000
1543.000000,-118.437881,0.629395,0.428437,0.792480,0.774170,0.731091,0.517895,250.669998,3367.000000
1544.000000,-105.755783,0.627686,0.427355,0.790283,0.772217,0.728947,0.517542,223.919998,3354.000000
1545.000000,-113.436653,0.632080,0.431040,0.795410,0.776611,0.734307,0.519553,238.830002,3421.000000
1546.000000,-115.125786,0.631592,0.430756,0.791504,0.774658,0.731140,0.518064,237.399994,3373.000000
1547.000000,-107.533577,0.637939,0.434931,0.800781,0.781494,0.739874,0.521293,229.869995,3393.000000
1548.000000,-108.288124,0.632812,0.434943,0.792236,0.774902,0.731899,0.521463,224.889999,3371.000000
1549.000000,-112.043686,0.635742,0.437040,0.796631,0.774170,0.736484,0.521155,223.259995,3374.000000
1550.000000,-133.850677,0.637207,0.440248,0.803223,0.774658,0.743259,0.523147,264.730011,3383.000000
1551.000000,-119.116692,0.637207,0.443556,0.802734,0.773438,0.742677,0.524292,245.809998,3378.000000
1552.000000,-123.016678,0.642578,0.448578,0.805176,0.776611,0.744831,0.527052,251.460007,3347.000000
1553.000000,-109.591148,0.647217,0.450046,0.810547,0.780029,0.750000,0.527666,221.309998,3372.000000
1554.000000,-109.083572,0.650635,0.451376,0.810791,0.781006,0.750232,0.525884,228.000000,3371.000000
1555.000000,-113.716682,0.652588,0.453125,0.813232,0.783447,0.752978,0.529720,235.690002,3354.000000
1556.000000,-122.952995,0.651367,0.454389,0.808838,0.779297,0.749595,0.528095,252.600006,3362.000000
1557.000000,-113.221519,0.642822,0.445444,0.801514,0.773193,0.742707,0.522213,236.720001,3367.000000
1558.000000,-132.287033,0.640137,0.440764,0.801514,0.768066,0.742717,0.516702,262.959991,3316.000000
1559.000000,-104.164223,0.641113,0.441542,0.801025,0.765625,0.742550,0.514918,223.139999,3355.000000
1560.000000,-111.421326,0.644531,0.443089,0.803467,0.772217,0.745668,0.519783,239.460007,3367.000000
1561.000000,-108.519730,0.639404,0.440114,0.798584,0.771240,0.740375,0.520202,225.710007,3366.000000
1562.000000,-108.352638,0.648193,0.446465,0.806885,0.780762,0.748221,0.526615,226.720001,3382.000000
1563.000000,-114.535889,0.639893,0.441394,0.801025,0.771484,0.742850,0.519849,238.830002,3367.000000
1564.000000,-106.081108,0.640137,0.441899,0.801514,0.774658,0.744340,0.523174,220.179993,3382.000000
1565.000000,-107.216698,0.650146,0.449073,0.808350,0.781494,0.750532,0.526391,225.300003,3396.000000
1566.000000,-116.150475,0.652100,0.449815,0.809326,0.786133,0.750742,0.529922,235.309998,3380.000000
1567.000000,-112.783760,0.647217,0.447373,0.806885,0.779053,0.748444,0.525415,236.410004,3367.000000
1568.000000,-103.819756,0.645020,0.445811,0.803955,0.776123,0.745884,0.522315,220.190002,3383.000000
1569.000000,-120.170547,0.647705,0.446550,0.807617,0.777100,0.749201,0.519811,236.339996,3379.000000
1570.000000,-105.723015,0.646973,0.447110,0.810791,0.778809,0.752294,0.523142,225.470001,3343.000000
1571.000000,-117.614876,0.649658,0.446753,0.810303,0.781494,0.751768,0.522353,251.889999,3349.000000
1572.000000,-114.807312,0.643799,0.441064,0.809326,0.771484,0.750667,0.514708,233.289993,3366.000000
1573.000000,-103.676224,0.649414,0.443207,0.813477,0.775635,0.753150,0.516104,218.669998,3360.000000
1574.000000,-130.951996,0.649414,0.440828,0.813232,0.775391,0.752376,0.514644,264.049988,3410.000000
1575.000000,-127.949348,0.648926,0.439137,0.810059,0.772217,0.749470,0.511549,269.179993,3372.000000
1576.000000,-120.743721,0.652100,0.441573,0.807617,0.777588,0.746859,0.516928,255.699997,3357.000000
1577.000000,-101.729797,0.649170,0.439252,0.805176,0.768555,0.745346,0.508500,210.000000,3417.000000
1578.000000,-107.944252,0.648926,0.439661,0.802734,0.767578,0.744166,0.508545,231.479996,3403.000000
1579.000000,-102.867676,0.649902,0.439861,0.801270,0.770264,0.742266,0.512314,216.630005,3369.000000
1580.000000,-107.050873,0.654053,0.443636,0.803467,0.774902,0.745493,0.515411,227.220001,3399.000000
1581.000000,-109.659325,0.652100,0.443818,0.803223,0.773926,0.746190,0.515827,231.940002,3400.000000
1582.000000,-109.903542,0.655518,0.448045,0.806885,0.778809,0.749622,0.521029,229.869995,3359.000000
1583.000000,-110.079346,0.659912,0.448573,0.812012,0.785645,0.753666,0.526661,226.690002,3327.000000
1584.000000,-111.737411,0.656250,0.448467,0.806641,0.782227,0.749765,0.526254,237.559998,3334.000000
1585.000000,-124.721115,0.657227,0.450695,0.806396,0.785400,0.748555,0.531026,266.350006,3333.000000
1586.000000,-122.882973,0.656738,0.449478,0.805664,0.782959,0.747110,0.527867,244.339996,3372.000000
1587.000000,-111.028015,0.654053,0.447020,0.805420,0.784180,0.747337,0.529179,232.059998,3358.000000
1588.000000,-122.529396,0.656494,0.448994,0.806885,0.782227,0.748513,0.528000,244.330002,3406.000000
1589.000000,-115.896378,0.661133,0.454265,0.811279,0.782959,0.754004,0.529714,243.990005,3381.000000
1590.000000,-114.189751,0.666748,0.457897,0.813477,0.785400,0.755208,0.530892,238.800003,3388.000000
1591.000000,-114.558548,0.665039,0.455820,0.810547,0.785156,0.751706,0.531344,230.729996,3387.000000
1592.000000,-101.535767,0.662354,0.453648,0.809570,0.787598,0.750264,0.534471,219.729996,3369.000000
1593.000000,-104.197067,0.660156,0.454480,0.812744,0.781494,0.755022,0.531250,227.289993,3344.000000
1594.000000,-121.382019,0.659668,0.453579,0.813232,0.781982,0.754395,0.532130,241.460007,3346.000000
1595.000000,-108.730995,0.667236,0.456775,0.818604,0.784912,0.758992,0.531445,228.929993,3317.000000
1596.000000,-108.376297,0.665039,0.454293,0.818115,0.783691,0.759034,0.530386,232.630005,3364.000000
1597.000000,-118.361618,0.663330,0.450525,0.812744,0.785645,0.753631,0.529393,251.330002,3386.000000
1598.000000,-98.003952,0.660889,0.448529,0.810059,0.782715,0.751485,0.525789,209.619995,3350.000000
1599.000000,-121.565292,0.663086,0.449936,0.811279,0.783691,0.753528,0.526591,249.229996,3365.000000
1600.000000,-102.492584,0.663818,0.453015,0.812988,0.785645,0.754361,0.529711,212.869995,3360.000000
1601.000000,-115.280220,0.664062,0.454087,0.816895,0.784180,0.757316,0.529328,239.320007,3268.000000
1602.000000,-112.792702,0.660400,0.450202,0.809570,0.782959,0.750661,0.528833,233.490005,3343.000000
1603.000000,-119.776054,0.655762,0.447892,0.804199,0.781738,0.745792,0.529767,252.729996,3340.000000
1604.000000,-112.586601,0.653076,0.447232,0.801514,0.780029,0.742728,0.528858,229.089996,3354.000000
1605.000000,-118.326736,0.649902,0.443191,0.802490,0.779297,0.743518,0.528203,249.429993,3363.000000
1606.000000,-112.662392,0.651611,0.447165,0.802979,0.780273,0.744629,0.530657,234.279999,3367.000000
1607.000000,-115.657150,0.647949,0.443779,0.801514,0.775146,0.743769,0.526251,239.360001,3333.000000
1608.000000,-103.869957,0.651855,0.446981,0.805420,0.779053,0.748031,0.528738,223.300003,3396.000000
1609.000000,-118.634155,0.648193,0.444513,0.804932,0.776855,0.748014,0.525771,243.210007,3383.000000
1610.000000,-105.491135,0.650879,0.449005,0.808350,0.780029,0.751467,0.528011,223.139999,3403.000000
1611.000000,-109.575760,0.649414,0.448713,0.801025,0.778564,0.743866,0.528773,229.500000,3380.000000
1612.000000,-115.188820,0.646240,0.446697,0.802246,0.776367,0.745527,0.527934,247.720001,3394.000000
1613.000000,-103.857269,0.643311,0.443954,0.802490,0.770020,0.746652,0.521145,220.300003,3400.000000
1614.000000,-114.258774,0.639893,0.441923,0.795166,0.774170,0.741313,0.525103,234.419998,3400.000000
1615.000000,-122.545425,0.640869,0.442425,0.796143,0.776123,0.742726,0.524705,257.929993,3386.000000
1616.000000,-118.421562,0.646240,0.448245,0.801514,0.774658,0.748543,0.524404,245.259995,3397.000000
1617.000000,-126.864883,0.648682,0.447713,0.804443,0.774658,0.751457,0.522236,260.739990,3366.000000
1618.000000,-121.480537,0.646973,0.449101,0.802979,0.772705,0.750056,0.524332,254.520004,3364.000000
1619.000000,-109.701996,0.652832,0.453325,0.804443,0.777832,0.751705,0.527701,228.009995,3351.000000
1620.000000,-108.375595,0.653320,0.452449,0.806885,0.781006,0.753532,0.528603,229.729996,3297.000000
1621.000000,-106.438072,0.656738,0.454148,0.807373,0.782471,0.754671,0.528632,221.080002,3349.000000
1622.000000,-109.093193,0.657227,0.453351,0.807129,0.780273,0.753716,0.526574,233.949997,3363.000000
1623.000000,-105.546188,0.657471,0.452781,0.803711,0.778809,0.749046,0.524196,221.539993,3357.000000
1624.000000,-128.584961,0.658203,0.452214,0.810547,0.778320,0.755674,0.522091,255.880005,3355.000000
1625.000000,-121.020691,0.660645,0.452640,0.815674,0.777344,0.761758,0.519848,253.169998,3375.000000
1626.000000,-109.384544,0.661865,0.450177,0.810059,0.782715,0.755651,0.522336,223.559998,3361.000000
1627.000000,-107.445068,0.666016,0.453025,0.810303,0.785889,0.755357,0.524481,230.240005,3363.000000
1628.000000,-119.755867,0.663574,0.449777,0.807373,0.783691,0.751342,0.522444,247.399994,3332.000000
1629.000000,-110.263794,0.662598,0.450576,0.808594,0.784180,0.753502,0.524792,232.160004,3332.000000
1630.000000,-103.399361,0.658936,0.447686,0.807373,0.781982,0.751549,0.522508,217.850006,3362.000000
1631.000000,-116.724312,0.659668,0.445242,0.809814,0.782959,0.753168,0.520997,228.429993,3365.000000
1632.000000,-109.756950,0.652344,0.438164,0.800781,0.779053,0.744609,0.516898,227.350006,3350.000000
1633.000000,-105.707687,0.654541,0.438610,0.803467,0.782715,0.745110,0.518942,227.830002,3368.000000
1634.000000,-110.193390,0.647217,0.434804,0.792969,0.775635,0.735936,0.515302,234.009995,3338.000000
1635.000000,-103.801689,0.656982,0.443540,0.804932,0.784180,0.747473,0.522919,211.330002,3355.000000
1636.000000,-114.833939,0.656494,0.444196,0.808594,0.783447,0.751661,0.523295,235.679993,3388.000000
1637.000000,-112.939407,0.663330,0.453059,0.812988,0.788330,0.756143,0.530728,238.690002,3375.000000
1638.000000,-120.316040,0.668213,0.457372,0.814697,0.792480,0.757215,0.536178,252.649994,3404.000000
1639.000000,-114.917511,0.664307,0.452076,0.809082,0.787842,0.750809,0.532143,249.699997,3395.000000
1640.000000,-101.011765,0.655273,0.445827,0.802490,0.780518,0.744306,0.527586,212.979996,3378.000000
1641.000000,-107.203133,0.650879,0.443625,0.799316,0.773926,0.740809,0.523203,232.809998,3403.000000
1642.000000,-113.705421,0.646240,0.438797,0.800781,0.769043,0.742121,0.518121,226.270004,3391.000000
1643.000000,-130.769943,0.649658,0.439265,0.802979,0.766113,0.746410,0.513184,273.209991,3393.000000
1644.000000,-104.937080,0.648193,0.439317,0.803467,0.767578,0.747860,0.515172,223.500000,3387.000000
1645.000000,-112.977837,0.649170,0.439019,0.803223,0.766602,0.747679,0.512858,237.710007,3332.000000
1646.000000,-107.791458,0.664307,0.448599,0.815674,0.779785,0.758859,0.521905,220.570007,3375.000000
1647.000000,-115.471481,0.662109,0.445324,0.814209,0.780273,0.756406,0.522165,230.009995,3375.000000
1648.000000,-120.792374,0.663574,0.444863,0.815918,0.784912,0.757008,0.524720,254.089996,3362.000000
1649.000000,-104.837898,0.658203,0.440043,0.805420,0.780273,0.744514,0.520123,220.149994,3357.000000
1650.000000,-118.172485,0.655029,0.439086,0.802979,0.774902,0.742294,0.516602,240.610001,3401.000000
1651.000000,-117.498749,0.660156,0.442854,0.806152,0.781006,0.744532,0.523577,239.759995,3165.000000
1652.000000,-109.147087,0.662842,0.445736,0.811279,0.783447,0.749767,0.526727,225.869995,3340.000000
1653.000000,-98.993645,0.670654,0.453723,0.812256,0.787354,0.750882,0.530634,208.240005,3337.000000
1654.000000,-108.542351,0.672119,0.452886,0.816895,0.788818,0.754410,0.529611,226.580002,3351.000000
1655.000000,-114.896164,0.673096,0.454593,0.820312,0.788574,0.758363,0.528627,237.410004,3332.000000
1656.000000,-122.968796,0.672852,0.456699,0.817871,0.789062,0.756504,0.532180,250.639999,3346.000000
1657.000000,-111.058792,0.677246,0.457304,0.822998,0.793701,0.760178,0.533819,230.669998,3369.000000
1658.000000,-109.596588,0.679688,0.456521,0.823242,0.795654,0.760251,0.533186,224.820007,3360.000000
1659.000000,-107.403282,0.669678,0.450595,0.815918,0.785645,0.754121,0.527632,222.110001,3343.000000
1660.000000,-102.949661,0.662354,0.446111,0.805420,0.782471,0.743975,0.527024,221.850006,3363.000000
1661.000000,-106.648735,0.656494,0.442966,0.802002,0.775879,0.741417,0.522135,226.889999,3361.000000
1662.000000,-120.255211,0.647949,0.440264,0.801025,0.770020,0.742030,0.520580,249.869995,3396.000000
1663.000000,-101.629204,0.650635,0.442892,0.799316,0.777344,0.740286,0.527297,212.910004,3353.000000
1664.000000,-114.564880,0.646484,0.439754,0.803467,0.771484,0.743654,0.522398,245.330002,3376.000000
1665.000000,-113.430115,0.652832,0.445782,0.807129,0.780273,0.747950,0.528969,239.100006,3271.000000
1666.000000,-103.542816,0.649414,0.445909,0.806641,0.775391,0.748542,0.525921,220.470001,3349.000000
1667.000000,-109.006851,0.643799,0.444921,0.800049,0.770996,0.743232,0.526291,234.880005,3381.000000
1668.000000,-108.665298,0.643066,0.444006,0.794678,0.771240,0.738062,0.525936,225.350006,3367.000000
1669.000000,-111.440460,0.641113,0.440536,0.792969,0.772705,0.735009,0.526098,232.460007,3345.000000
1670.000000,-106.360672,0.641113,0.442131,0.796143,0.771973,0.738804,0.526425,222.080002,3360.000000
1671.000000,-112.767120,0.643311,0.446183,0.799805,0.773193,0.742021,0.529283,237.389999,3365.000000
1672.000000,-110.189659,0.643555,0.447558,0.798584,0.775146,0.742251,0.531968,228.839996,3347.000000
1673.000000,-103.909378,0.647217,0.450612,0.803711,0.774658,0.747123,0.531357,222.990005,3352.000000
1674.000000,-111.776794,0.640381,0.444692,0.801514,0.770020,0.745251,0.527675,238.190002,3340.000000
1675.000000,-97.545723,0.639404,0.442513,0.799316,0.771484,0.742673,0.527677,203.330002,3362.000000
1676.000000,-102.079117,0.634033,0.436552,0.804688,0.767090,0.747207,0.521821,214.860001,3363.000000
1677.000000,-108.100494,0.630127,0.435188,0.799561,0.761963,0.744299,0.518986,221.699997,3376.000000
1678.000000,-102.761993,0.635010,0.438685,0.801514,0.761719,0.745200,0.516473,217.800003,3404.000000
1679.000000,-108.802490,0.634033,0.439264,0.797607,0.767090,0.742110,0.521594,231.929993,3398.000000
1680.000000,-110.933174,0.641602,0.441238,0.803711,0.774170,0.748647,0.524187,223.589996,3385.000000
1681.000000,-110.914963,0.641357,0.440406,0.801270,0.777344,0.745130,0.527084,237.610001,3406.000000
1682.000000,-129.390747,0.648682,0.444560,0.803955,0.778564,0.748427,0.526357,244.619995,3368.000000
1683.000000,-103.244164,0.649902,0.445744,0.805908,0.778564,0.750559,0.526406,210.130005,3394.000000
1684.000000,-121.374130,0.658691,0.451228,0.817871,0.784180,0.762670,0.529674,248.210007,3365.000000
1685.000000,-111.106514,0.655273,0.446878,0.818115,0.785400,0.762182,0.529331,231.139999,3366.000000
1686.000000,-108.172897,0.648926,0.439950,0.809326,0.775391,0.752479,0.520681,230.020004,3355.000000
1687.000000,-106.222847,0.645020,0.434395,0.807373,0.771240,0.749435,0.515575,224.320007,3340.000000
1688.000000,-110.689743,0.637695,0.428246,0.799561,0.765625,0.741940,0.510150,230.729996,3361.000000
1689.000000,-119.898399,0.635986,0.427609,0.797119,0.764160,0.740588,0.509366,247.869995,3365.000000
1690.000000,-106.652252,0.633545,0.428118,0.791504,0.759033,0.734718,0.506741,218.729996,3364.000000
1691.000000,-114.757141,0.634277,0.426800,0.793945,0.763672,0.737118,0.510739,230.179993,3378.000000
1692.000000,-119.498932,0.636475,0.426662,0.798340,0.762451,0.740222,0.507426,226.320007,3363.000000
1693.000000,-109.014488,0.641357,0.433120,0.799561,0.769287,0.742220,0.514319,224.970001,3367.000000
1694.000000,-107.683922,0.641113,0.433840,0.799072,0.767822,0.741011,0.514178,225.850006,3399.000000
1695.000000,-134.476456,0.638916,0.433356,0.797607,0.763672,0.739069,0.513131,269.950012,3407.000000
1696.000000,-116.639008,0.635498,0.433134,0.795898,0.761475,0.738203,0.513369,233.169998,3376.000000
1697.000000,-126.733086,0.640137,0.438770,0.802979,0.767090,0.745989,0.518919,255.669998,3360.000000
1698.000000,-106.314178,0.645752,0.440102,0.803711,0.771484,0.746601,0.518881,224.860001,3370.000000
1699.000000,-103.215637,0.651123,0.446249,0.802490,0.781982,0.746937,0.528378,217.179993,3395.000000
1700.000000,-116.798325,0.656250,0.450804,0.809814,0.788086,0.755101,0.534751,241.899994,3377.000000
1701.000000,-106.349899,0.662109,0.452963,0.810547,0.792480,0.755178,0.536980,222.580002,3363.000000
1702.000000,-104.682518,0.660400,0.451625,0.813477,0.786865,0.757868,0.530310,218.679993,3320.000000
1703.000000,-103.628555,0.656006,0.448668,0.804688,0.782715,0.750250,0.527071,221.740005,3344.000000
1704.000000,-96.612656,0.651123,0.443905,0.803467,0.778076,0.748359,0.522499,201.660004,3365.000000
1705.000000,-106.367142,0.647461,0.442579,0.798584,0.773682,0.743448,0.520687,222.119995,3368.000000
1706.000000,-114.316025,0.645508,0.440437,0.802490,0.774902,0.749531,0.521142,240.000000,3357.000000
1707.000000,-110.767197,0.648438,0.443125,0.802246,0.775146,0.750086,0.519438,235.240005,3405.000000
1708.000000,-106.897736,0.653809,0.446407,0.807129,0.781982,0.754552,0.523859,231.529999,3378.000000
1709.000000,-105.112099,0.665039,0.455845,0.812744,0.789551,0.759446,0.530876,219.000000,3393.000000
1710.000000,-114.800995,0.660889,0.449724,0.813721,0.787354,0.758930,0.527027,242.830002,3345.000000
1711.000000,-110.803673,0.664551,0.452304,0.814941,0.793457,0.758889,0.532623,233.160004,3324.000000
1712.000000,-102.967834,0.665771,0.452289,0.813721,0.794434,0.757670,0.532359,210.979996,3338.000000
1713.000000,-92.926796,0.666992,0.451441,0.812988,0.796631,0.755611,0.531857,196.360001,3366.000000
1714.000000,-107.090614,0.666016,0.448202,0.815430,0.794678,0.755475,0.528220,226.660004,3372.000000
1715.000000,-103.211113,0.665771,0.448392,0.811523,0.796875,0.751931,0.530100,218.929993,3365.000000
1716.000000,-101.621033,0.661133,0.444518,0.807129,0.793945,0.747520,0.527273,214.419998,3363.000000
1717.000000,-100.173065,0.657227,0.442162,0.804199,0.787842,0.745227,0.521706,214.889999,3377.000000
1718.000000,-111.528877,0.651611,0.435656,0.800781,0.784180,0.741119,0.518389,231.910004,3368.000000
1719.000000,-117.592461,0.650391,0.436892,0.798096,0.779297,0.737822,0.516323,244.449997,3351.000000
1720.000000,-107.315536,0.641602,0.430767,0.791992,0.773438,0.733851,0.512158,219.979996,3360.000000
1721.000000,-117.504128,0.637695,0.430823,0.788818,0.768555,0.730006,0.510325,247.009995,3364.000000
1722.000000,-107.743484,0.629395,0.427404,0.786621,0.758057,0.729898,0.505036,228.639999,3370.000000
1723.000000,-109.119034,0.631592,0.431047,0.783691,0.764893,0.727288,0.511390,228.250000,3379.000000
1724.000000,-105.114960,0.629395,0.428262,0.788086,0.768311,0.731279,0.513432,225.979996,3372.000000
1725.000000,-108.682640,0.630615,0.432645,0.787354,0.776855,0.731167,0.521689,229.669998,3353.000000
1726.000000,-129.997894,0.637695,0.440383,0.791992,0.781250,0.737115,0.527703,263.260010,3363.000000
1727.000000,-105.973274,0.639404,0.441725,0.792236,0.781982,0.737271,0.527111,217.940002,3400.000000
1728.000000,-114.006546,0.649658,0.448928,0.803955,0.786621,0.748155,0.529735,243.610001,3388.000000
1729.000000,-113.533386,0.657227,0.454548,0.807861,0.792969,0.752021,0.535747,234.550003,3277.000000
1730.000000,-104.026878,0.657471,0.451845,0.809082,0.789062,0.751982,0.530190,218.559998,3399.000000
1731.000000,-103.411591,0.655762,0.448753,0.805664,0.791748,0.747739,0.532998,223.070007,3389.000000
1732.000000,-117.169159,0.652832,0.447161,0.805420,0.787842,0.747863,0.530198,242.490005,3398.000000
1733.000000,-135.075897,0.657715,0.449888,0.806152,0.793213,0.746903,0.534971,272.369995,3357.000000
1734.000000,-106.583641,0.660400,0.450630,0.810547,0.791748,0.749169,0.531286,224.669998,3341.000000
1735.000000,-106.583321,0.660400,0.449301,0.808838,0.794189,0.746655,0.533644,219.350006,3346.000000
1736.000000,-103.352615,0.663818,0.453089,0.810303,0.792969,0.748313,0.533625,216.529999,3355.000000
1737.000000,-112.968941,0.663818,0.453596,0.809814,0.791748,0.748336,0.533348,231.110001,3386.000000
1738.000000,-112.104942,0.657227,0.448348,0.803711,0.787109,0.744471,0.530635,235.330002,3368.000000
1739.000000,-106.495659,0.656006,0.447173,0.801270,0.785645,0.741771,0.529167,225.960007,3390.000000
1740.000000,-116.314018,0.657471,0.449539,0.799561,0.788086,0.740623,0.533064,235.240005,3398.000000
1741.000000,-110.237526,0.661133,0.453030,0.805176,0.789062,0.745989,0.534177,232.529999,3369.000000
1742.000000,-106.576805,0.662842,0.454226,0.809326,0.788818,0.749605,0.533694,226.279999,3317.000000
1743.000000,-119.308151,0.657227,0.449359,0.802490,0.788330,0.742664,0.535213,249.429993,3341.000000
1744.000000,-119.019600,0.652832,0.448732,0.796875,0.784424,0.738353,0.532897,250.160004,3321.000000
1745.000000,-108.781281,0.657471,0.450967,0.800049,0.784180,0.740624,0.531555,222.860001,3348.000000
1746.000000,-110.614250,0.657227,0.450902,0.804443,0.790771,0.744027,0.538573,234.149994,3353.000000
1747.000000,-126.217285,0.665283,0.457793,0.813965,0.796387,0.753360,0.544311,247.910004,3347.000000
1748.000000,-111.554749,0.671631,0.462458,0.817139,0.798828,0.754801,0.546459,240.470001,3346.000000
1749.000000,-103.085388,0.668945,0.458837,0.807861,0.801758,0.746086,0.547553,220.929993,3343.000000
1750.000000,-101.671577,0.665039,0.455838,0.805420,0.798828,0.743698,0.543440,215.320007,3362.000000
1751.000000,-117.974709,0.661133,0.453983,0.802246,0.792236,0.742208,0.537449,244.889999,3386.000000
1752.000000,-113.265694,0.652588,0.450221,0.795654,0.783447,0.736585,0.532320,236.100006,3360.000000
1753.000000,-103.722679,0.644775,0.445728,0.790283,0.779785,0.730583,0.530958,220.009995,3363.000000
1754.000000,-116.748634,0.645996,0.445848,0.793701,0.778564,0.735533,0.527181,235.259995,3369.000000
1755.000000,-106.066582,0.647461,0.446860,0.798096,0.783203,0.740003,0.531219,219.360001,3369.000000
1756.000000,-125.076477,0.652588,0.451756,0.800049,0.785645,0.743015,0.533894,252.729996,3374.000000
1757.000000,-115.271126,0.647461,0.449557,0.796875,0.777588,0.742036,0.527098,232.619995,3357.000000
1758.000000,-114.712814,0.650391,0.450601,0.797363,0.779785,0.743102,0.527547,228.559998,3350.000000
1759.000000,-118.051804,0.653320,0.451143,0.796387,0.784668,0.741210,0.530506,245.539993,3355.000000
1760.000000,-103.583511,0.656006,0.452993,0.803955,0.787598,0.748552,0.532755,218.880005,3402.000000
1761.000000,-113.219223,0.657227,0.452770,0.807373,0.793701,0.751070,0.536135,238.630005,3350.000000
1762.000000,-103.077621,0.657227,0.448900,0.808350,0.791748,0.750691,0.530213,218.850006,3379.000000
1763.000000,-110.973633,0.656494,0.447219,0.811523,0.790283,0.752509,0.526390,228.320007,3394.000000
1764.000000,-113.044533,0.651855,0.444022,0.804199,0.783447,0.745714,0.522175,241.910004,3374.000000
1765.000000,-110.017159,0.650635,0.444427,0.799072,0.780273,0.740846,0.520949,227.850006,3350.000000
1766.000000,-120.342293,0.651367,0.445930,0.802734,0.778809,0.744961,0.520500,248.399994,3370.000000
1767.000000,-111.285316,0.651855,0.444282,0.801270,0.783447,0.743373,0.522501,228.970001,3365.000000
1768.000000,-106.704803,0.654785,0.448261,0.806152,0.786621,0.749595,0.526616,227.240005,3359.000000
1769.000000,-113.657616,0.655518,0.449605,0.810059,0.784668,0.752507,0.525191,241.350006,3365.000000
1770.000000,-123.296043,0.648682,0.445109,0.802490,0.781250,0.745353,0.524129,250.789993,3363.000000
1771.000000,-107.490448,0.645996,0.443180,0.800537,0.777588,0.742794,0.521085,222.580002,3365.000000
1772.000000,-117.806015,0.646973,0.445316,0.806152,0.775391,0.747199,0.520146,249.029999,3345.000000
1773.000000,-104.196609,0.640625,0.439550,0.801025,0.772217,0.741801,0.516066,218.639999,3348.000000
1774.000000,-116.237610,0.639404,0.439676,0.800537,0.772949,0.742063,0.518414,236.830002,3389.000000
1775.000000,-111.659775,0.644043,0.443075,0.806396,0.783203,0.747300,0.526579,231.229996,3346.000000
1776.000000,-113.266525,0.648438,0.447351,0.807129,0.784912,0.747468,0.528481,236.009995,3350.000000
1777.000000,-118.351440,0.650879,0.451122,0.808594,0.787842,0.748162,0.532666,245.880005,3395.000000
1778.000000,-100.945061,0.646240,0.448281,0.804443,0.782471,0.743597,0.530637,221.580002,3340.000000
1779.000000,-106.759018,0.641846,0.445738,0.797852,0.778564,0.737642,0.526526,226.039993,3343.000000
1780.000000,-102.810051,0.633545,0.440530,0.791748,0.769287,0.732321,0.519386,214.479996,3327.000000
1781.000000,-110.798599,0.639893,0.446191,0.798340,0.775635,0.738132,0.523989,232.279999,3355.000000
1782.000000,-119.727562,0.637451,0.445031,0.799561,0.773438,0.740290,0.522418,245.389999,3356.000000
1783.000000,-104.649971,0.642822,0.449868,0.800781,0.781250,0.741335,0.528771,217.020004,3370.000000
1784.000000,-110.868065,0.644287,0.449964,0.800293,0.781494,0.740673,0.527706,234.529999,3409.000000
1785.000000,-120.953369,0.641602,0.448177,0.800293,0.779541,0.742275,0.526847,236.639999,3389.000000
1786.000000,-104.971657,0.643066,0.449268,0.804443,0.781494,0.745362,0.529493,221.130005,3408.000000
1787.000000,-116.361214,0.640381,0.444879,0.799072,0.780273,0.739942,0.527617,250.800003,3371.000000
1788.000000,-107.794777,0.643066,0.445139,0.802246,0.779785,0.742229,0.526218,228.509995,3372.000000
1789.000000,-100.470818,0.646973,0.449200,0.802490,0.781494,0.743305,0.526385,208.100006,3365.000000
1790.000000,-115.841660,0.650391,0.450441,0.811523,0.786377,0.751211,0.528886,239.509995,3358.000000
1791.000000,-113.956398,0.650635,0.447786,0.807617,0.787354,0.748492,0.528251,237.380005,3348.000000
1792.000000,-110.853813,0.650635,0.447997,0.807129,0.789307,0.747477,0.529097,233.490005,3332.000000
1793.000000,-104.123665,0.647705,0.447148,0.802002,0.788574,0.742143,0.530683,220.270004,3276.000000
1794.000000,-99.656548,0.648193,0.445868,0.804199,0.785889,0.744250,0.528612,214.820007,3365.000000
1795.000000,-110.088791,0.649170,0.444752,0.804932,0.787354,0.745021,0.528563,228.710007,3396.000000
1796.000000,-111.969276,0.645752,0.440916,0.801514,0.786621,0.741552,0.527087,241.690002,3355.000000
1797.000000,-107.422424,0.644287,0.437071,0.798340,0.783691,0.737615,0.520996,227.389999,3357.000000
1798.000000,-109.175056,0.638672,0.430851,0.795410,0.783203,0.733488,0.519499,235.520004,3353.000000
1799.000000,-120.854439,0.640625,0.432876,0.792236,0.785400,0.730936,0.519576,239.750000,3350.000000
1800.000000,-105.027817,0.635986,0.428529,0.790771,0.778320,0.731207,0.511742,223.009995,3379.000000
1801.000000,-114.563026,0.640625,0.432838,0.794922,0.784668,0.733924,0.518511,236.119995,3328.000000
1802.000000,-122.167618,0.643066,0.433995,0.798096,0.787842,0.737069,0.521244,250.160004,3342.000000
1803.000000,-125.413139,0.643799,0.435975,0.797363,0.783936,0.736030,0.518926,253.820007,3365.000000
1804.000000,-97.517822,0.644775,0.438048,0.802002,0.783447,0.741018,0.517472,206.360001,3352.000000
1805.000000,-120.735832,0.640625,0.434604,0.797852,0.778320,0.736001,0.514502,239.070007,3357.000000
1806.000000,-123.325470,0.638428,0.432814,0.795654,0.778809,0.734176,0.516087,255.820007,3360.000000
1807.000000,-108.054680,0.639648,0.436655,0.795898,0.780273,0.733999,0.519595,226.979996,3396.000000
1808.000000,-133.098053,0.640381,0.436453,0.798096,0.783203,0.736120,0.521686,251.179993,3395.000000
1809.000000,-112.645866,0.643066,0.441305,0.795898,0.785400,0.733841,0.525653,233.850006,3382.000000
1810.000000,-108.331978,0.642822,0.441448,0.798340,0.782471,0.735221,0.522960,229.309998,3355.000000
1811.000000,-103.845642,0.644043,0.443365,0.796875,0.786865,0.734405,0.529306,218.470001,3357.000000
1812.000000,-103.000198,0.637451,0.438441,0.791992,0.781982,0.730443,0.526267,214.360001,3353.000000
1813.000000,-115.206253,0.636719,0.438177,0.790039,0.778809,0.727558,0.525152,237.830002,3359.000000
1814.000000,-120.405968,0.635254,0.439601,0.790771,0.777588,0.728196,0.526569,245.190002,3343.000000
1815.000000,-101.489166,0.633057,0.437336,0.789795,0.781006,0.727151,0.527769,213.649994,3367.000000
1816.000000,-116.764351,0.632812,0.437940,0.794189,0.780762,0.732965,0.527995,243.720001,3343.000000
1817.000000,-104.800560,0.636230,0.442275,0.797852,0.782471,0.736402,0.531935,217.470001,3384.000000
1818.000000,-105.062035,0.641113,0.447572,0.801514,0.782227,0.740699,0.533333,224.149994,3357.000000
1819.000000,-120.726723,0.644043,0.449531,0.801758,0.782959,0.740002,0.533854,235.660004,3411.000000
1820.000000,-110.706284,0.648682,0.451913,0.808838,0.789062,0.745124,0.537825,227.610001,3383.000000
1821.000000,-107.313942,0.647949,0.448924,0.811035,0.791016,0.745689,0.537033,226.000000,3374.000000
1822.000000,-114.637718,0.650635,0.451296,0.809814,0.783936,0.745057,0.531286,240.440002,3377.000000
1823.000000,-115.398216,0.644531,0.447087,0.804932,0.777588,0.741249,0.527058,237.130005,3362.000000
1824.000000,-111.572220,0.643555,0.445329,0.802979,0.776367,0.739429,0.526723,234.259995,3360.000000
1825.000000,-107.397392,0.641846,0.444444,0.800781,0.774170,0.738345,0.525396,229.080002,3374.000000
1826.000000,-109.063889,0.640625,0.441057,0.800049,0.780029,0.737107,0.527773,231.419998,3362.000000
1827.000000,-111.572289,0.639648,0.440618,0.797852,0.778564,0.734726,0.527478,237.589996,3369.000000
1828.000000,-112.788483,0.638672,0.440961,0.797119,0.776855,0.735560,0.526438,238.610001,3356.000000
1829.000000,-112.431915,0.635498,0.440586,0.795898,0.773926,0.735708,0.524786,236.669998,3361.000000
1830.000000,-128.171799,0.637695,0.441296,0.801758,0.774170,0.741366,0.523087,272.369995,3395.000000
1831.000000,-106.096992,0.633301,0.438167,0.796143,0.770996,0.735944,0.522060,224.759995,3384.000000
1832.000000,-128.887833,0.633301,0.438890,0.795654,0.772705,0.737175,0.522307,254.679993,3385.000000
1833.000000,-132.649399,0.637939,0.441200,0.800537,0.774658,0.741612,0.523524,260.570007,3352.000000
1834.000000,-124.335243,0.636719,0.441180,0.800293,0.774170,0.741603,0.523875,254.179993,3350.000000
1835.000000,-100.416283,0.634033,0.438532,0.798340,0.776367,0.740640,0.524075,214.380005,3369.000000
1836.000000,-110.088768,0.637695,0.439981,0.800293,0.782471,0.742106,0.528338,235.970001,3368.000000
1837.000000,-105.741264,0.637451,0.442283,0.798096,0.776611,0.740507,0.523945,225.460007,3361.000000
1838.000000,-111.326942,0.637695,0.440058,0.799805,0.776611,0.741877,0.521810,232.639999,3373.000000
1839.000000,-100.123901,0.634766,0.435304,0.803955,0.769043,0.745908,0.514214,207.770004,3376.000000
1840.000000,-125.374687,0.636719,0.437167,0.800781,0.775146,0.743631,0.518312,246.919998,3354.000000
1841.000000,-114.537743,0.644043,0.444110,0.804199,0.777344,0.746848,0.521870,237.380005,3377.000000
1842.000000,-97.711990,0.639893,0.441814,0.802734,0.773926,0.745611,0.520172,204.080002,3387.000000
1843.000000,-114.275627,0.643311,0.444807,0.805176,0.772949,0.748611,0.517904,234.789993,3370.000000
1844.000000,-129.288223,0.645752,0.446715,0.803711,0.772705,0.747370,0.518486,255.779999,3373.000000
1845.000000,-118.056396,0.637207,0.440572,0.795898,0.766846,0.739269,0.516668,234.880005,3363.000000
1846.000000,-114.291832,0.640137,0.443943,0.798340,0.771240,0.740931,0.521958,232.429993,3377.000000
1847.000000,-123.384094,0.644287,0.448682,0.800537,0.774658,0.743464,0.526999,253.809998,3374.000000
1848.000000,-106.699455,0.646484,0.449991,0.804932,0.780029,0.746285,0.531231,230.130005,3397.000000
1849.000000,-113.667862,0.654785,0.455001,0.810547,0.785889,0.750875,0.535309,239.130005,3366.000000
1850.000000,-114.189789,0.656982,0.456178,0.808594,0.792725,0.749301,0.539897,240.220001,3346.000000
1851.000000,-108.123566,0.651855,0.453325,0.804932,0.784912,0.746355,0.534968,232.020004,3352.000000
1852.000000,-113.846649,0.654053,0.454893,0.807617,0.785400,0.749179,0.534306,235.350006,3341.000000
1853.000000,-110.348473,0.657471,0.455236,0.809570,0.784424,0.750258,0.529828,231.389999,3358.000000
1854.000000,-117.818459,0.649414,0.449158,0.802979,0.778809,0.743935,0.526949,254.630005,3362.000000
1855.000000,-111.810547,0.652832,0.452792,0.800293,0.783203,0.740921,0.531891,239.619995,3335.000000
1856.000000,-116.449120,0.647217,0.451070,0.795410,0.775879,0.736562,0.529943,242.380005,3337.000000
1857.000000,-95.319672,0.647461,0.449523,0.799072,0.774902,0.738784,0.526737,203.949997,3268.000000
1858.000000,-109.860825,0.657959,0.456338,0.809814,0.781738,0.747856,0.532185,228.149994,3352.000000
1859.000000,-115.672020,0.665527,0.463839,0.812256,0.789062,0.752277,0.540155,234.550003,3378.000000
1860.000000,-121.468819,0.666504,0.462667,0.812988,0.790527,0.752007,0.539828,255.029999,3414.000000
1861.000000,-113.017105,0.664551,0.461571,0.808594,0.786621,0.747066,0.536391,236.559998,3391.000000
1862.000000,-118.856735,0.660156,0.458175,0.806885,0.782959,0.744219,0.534599,242.460007,3399.000000
1863.000000,-116.737656,0.660156,0.459538,0.807129,0.784180,0.743410,0.536612,241.679993,3401.000000
1864.000000,-114.947983,0.656738,0.457161,0.802246,0.784424,0.739091,0.538161,235.580002,3395.000000
1865.000000,-101.802612,0.653809,0.456371,0.798340,0.783447,0.734744,0.537953,212.979996,3343.000000
1866.000000,-108.442917,0.654297,0.459097,0.802490,0.785889,0.739711,0.540380,230.580002,3318.000000
1867.000000,-112.876381,0.650635,0.458061,0.795166,0.781006,0.734930,0.537499,235.559998,3356.000000
1868.000000,-114.920097,0.653320,0.458317,0.794434,0.784424,0.734785,0.539762,241.520004,3366.000000
1869.000000,-107.359924,0.649658,0.455740,0.791504,0.782959,0.732919,0.538385,228.020004,3365.000000
1870.000000,-102.868980,0.652100,0.461373,0.795654,0.784424,0.738399,0.541479,210.369995,3377.000000
1871.000000,-114.745255,0.658936,0.465394,0.802002,0.787354,0.745300,0.541173,233.029999,3399.000000
1872.000000,-106.737938,0.652100,0.461654,0.799316,0.787842,0.744695,0.542109,231.779999,3389.000000
1873.000000,-124.776535,0.655518,0.465916,0.800781,0.789062,0.746962,0.544546,247.509995,3383.000000
1874.000000,-118.584091,0.663818,0.470685,0.809326,0.793457,0.754734,0.546091,244.820007,3353.000000
1875.000000,-127.049286,0.661865,0.464597,0.809082,0.794922,0.753728,0.544594,259.480011,3359.000000
1876.000000,-102.801903,0.664307,0.463224,0.809814,0.795166,0.753224,0.541453,223.089996,3333.000000
1877.000000,-117.060112,0.666992,0.461798,0.812988,0.794922,0.755208,0.537846,248.250000,3350.000000
1878.000000,-118.031906,0.661621,0.453873,0.810059,0.795410,0.751745,0.535601,247.059998,3342.000000
1879.000000,-109.190880,0.655518,0.447702,0.802002,0.791016,0.745787,0.528558,224.089996,3401.000000
1880.000000,-123.657310,0.658691,0.447655,0.805176,0.792969,0.748682,0.528663,253.380005,3401.000000
1881.000000,-117.271027,0.654297,0.445447,0.798828,0.784424,0.743484,0.521533,237.479996,3362.000000
1882.000000,-109.991722,0.656494,0.447460,0.801270,0.782227,0.744681,0.520528,228.419998,3339.000000
1883.000000,-113.368622,0.652588,0.444604,0.796875,0.779785,0.739693,0.520672,235.990005,3344.000000
1884.000000,-108.307503,0.654297,0.448261,0.800049,0.778320,0.742499,0.520627,234.949997,3362.000000
1885.000000,-106.630608,0.659180,0.451769,0.804932,0.781738,0.746970,0.522304,220.740005,3371.000000
1886.000000,-109.241646,0.651611,0.445719,0.802490,0.780029,0.743590,0.521158,233.130005,3383.000000
1887.000000,-119.169502,0.654297,0.449638,0.807617,0.783447,0.748249,0.526604,248.220001,3360.000000
1888.000000,-109.809624,0.652832,0.447188,0.807373,0.780762,0.748228,0.523266,229.240005,3360.000000
1889.000000,-106.105011,0.653564,0.449007,0.803711,0.781250,0.745135,0.523884,223.589996,3370.000000
1890.000000,-106.533546,0.655273,0.449204,0.800781,0.784424,0.742495,0.524780,224.360001,3357.000000
1891.000000,-124.679535,0.655273,0.447688,0.802002,0.783691,0.743330,0.523056,248.679993,3351.000000
1892.000000,-106.312523,0.653564,0.447538,0.798828,0.785156,0.741076,0.525859,225.630005,3396.000000
1893.000000,-116.582405,0.648438,0.445348,0.790771,0.782715,0.733366,0.526080,243.339996,3392.000000
1894.000000,-109.326912,0.649414,0.446276,0.791016,0.779541,0.733177,0.523302,229.389999,3373.000000
1895.000000,-118.232025,0.645996,0.445569,0.795166,0.775146,0.737439,0.522420,240.039993,3351.000000
1896.000000,-101.413857,0.646240,0.444681,0.795654,0.778320,0.736544,0.524007,217.039993,3404.000000
1897.000000,-125.163666,0.646240,0.443903,0.798340,0.777100,0.740771,0.523258,252.149994,3406.000000
1898.000000,-111.541550,0.648926,0.448111,0.799316,0.783203,0.740767,0.530727,232.710007,3355.000000
1899.000000,-100.577843,0.648438,0.447150,0.799072,0.779297,0.741761,0.526664,212.149994,3370.000000
1900.000000,-113.988762,0.650879,0.449224,0.797607,0.783203,0.740610,0.530999,238.759995,3350.000000
1901.000000,-113.844376,0.657227,0.452926,0.805176,0.791992,0.747922,0.535671,241.539993,3347.000000
1902.000000,-113.788490,0.665283,0.459198,0.813965,0.797119,0.755396,0.541025,239.839996,3350.000000
1903.000000,-104.223099,0.662109,0.456479,0.808594,0.793213,0.749405,0.538273,221.839996,3357.000000
1904.000000,-109.058807,0.662598,0.455676,0.811768,0.792725,0.751076,0.535484,226.869995,3327.000000
1905.000000,-113.281715,0.659180,0.450012,0.813477,0.787109,0.751712,0.527979,232.490005,3368.000000
1906.000000,-117.118263,0.655518,0.444663,0.811768,0.785156,0.750273,0.523732,242.660004,3375.000000
1907.000000,-118.634956,0.650391,0.440509,0.809082,0.781250,0.746751,0.521250,251.789993,3370.000000
1908.000000,-109.763588,0.646484,0.439755,0.804443,0.774170,0.741092,0.517841,237.729996,3391.000000
1909.000000,-119.005211,0.643799,0.438244,0.802979,0.770752,0.739140,0.517216,244.639999,3346.000000
1910.000000,-105.017235,0.645508,0.440622,0.802002,0.774414,0.737964,0.520446,221.979996,3362.000000
1911.000000,-131.002884,0.649414,0.444546,0.807129,0.780273,0.744585,0.525382,256.160004,3368.000000
1912.000000,-119.836693,0.653320,0.449026,0.810059,0.784180,0.747674,0.529263,249.960007,3352.000000
1913.000000,-105.112068,0.648438,0.446105,0.807617,0.778076,0.744894,0.526734,223.289993,3362.000000
1914.000000,-106.018013,0.650635,0.448626,0.805420,0.780273,0.743494,0.529464,221.919998,3364.000000
1915.000000,-116.021919,0.647949,0.448378,0.802979,0.775879,0.741291,0.527723,241.070007,3365.000000
1916.000000,-123.007851,0.647705,0.447026,0.805664,0.779785,0.744025,0.530577,258.410004,3370.000000
1917.000000,-112.155212,0.649658,0.447680,0.806885,0.779053,0.745498,0.529713,238.309998,3360.000000
1918.000000,-106.217224,0.663086,0.457023,0.815430,0.786133,0.753514,0.533154,210.059998,3341.000000
1919.000000,-137.641495,0.662354,0.455443,0.814697,0.785889,0.753297,0.531474,267.100006,3355.000000
1920.000000,-102.216888,0.654541,0.448738,0.807861,0.785156,0.746412,0.531204,216.729996,3358.000000
1921.000000,-104.118439,0.650391,0.446406,0.800781,0.777588,0.740897,0.525610,223.149994,3330.000000
1922.000000,-107.336403,0.651855,0.447033,0.802734,0.780029,0.743038,0.527722,233.089996,3404.000000
1923.000000,-125.930702,0.650391,0.447987,0.802979,0.778564,0.742934,0.528749,254.520004,3377.000000
1924.000000,-123.684425,0.649170,0.447450,0.799805,0.779053,0.739895,0.529076,260.989990,3392.000000
1925.000000,-127.991356,0.643799,0.444545,0.797363,0.773926,0.737372,0.524885,259.570007,3369.000000
1926.000000,-110.469803,0.645264,0.444300,0.798828,0.776855,0.739993,0.525374,228.660004,3381.000000
1927.000000,-108.741219,0.644043,0.442667,0.800049,0.773926,0.741564,0.522335,222.300003,3409.000000
1928.000000,-100.405296,0.648193,0.444116,0.805176,0.779541,0.745763,0.524281,210.729996,3395.000000
1929.000000,-112.377106,0.653076,0.447751,0.808350,0.785889,0.750143,0.528877,235.000000,3341.000000
1930.000000,-117.260521,0.663574,0.453396,0.817383,0.795410,0.758388,0.533854,244.520004,3358.000000
1931.000000,-106.445068,0.661621,0.451644,0.814453,0.790527,0.755149,0.531105,225.339996,3358.000000
1932.000000,-122.041412,0.663330,0.454193,0.814453,0.792480,0.754508,0.533928,246.190002,3368.000000
1933.000000,-122.769066,0.657959,0.449336,0.806152,0.785889,0.746727,0.528593,241.720001,3354.000000
1934.000000,-111.026314,0.649170,0.443701,0.800781,0.776611,0.740769,0.521569,221.470001,3372.000000
1935.000000,-106.446640,0.645752,0.442931,0.793945,0.772217,0.733687,0.520982,230.490005,3349.000000
1936.000000,-118.057304,0.647705,0.444445,0.795654,0.771484,0.734471,0.521359,233.990005,3379.000000
1937.000000,-118.416458,0.647461,0.444777,0.794678,0.774170,0.734244,0.524158,239.889999,3375.000000
1938.000000,-117.282425,0.649170,0.446395,0.801025,0.775879,0.740752,0.527266,237.160004,3305.000000
1939.000000,-117.592201,0.649902,0.447147,0.800781,0.779541,0.740123,0.529950,246.889999,3327.000000
1940.000000,-111.804306,0.653320,0.448838,0.803955,0.782959,0.744346,0.529617,234.429993,3352.000000
1941.000000,-109.528069,0.654541,0.451083,0.804688,0.783447,0.745077,0.531693,233.660004,3413.000000
1942.000000,-117.914734,0.654785,0.452166,0.807617,0.784668,0.747873,0.532876,246.800003,3391.000000
1943.000000,-117.917267,0.657959,0.454808,0.806641,0.784180,0.747974,0.532339,243.869995,3380.000000
1944.000000,-109.998787,0.655762,0.449874,0.803223,0.783203,0.743946,0.529477,231.000000,3372.000000
1945.000000,-123.696228,0.659180,0.451819,0.802734,0.784912,0.742929,0.530369,249.240005,3374.000000
1946.000000,-115.247498,0.653320,0.445821,0.800537,0.782959,0.739803,0.527499,239.940002,3397.000000
1947.000000,-110.476700,0.653809,0.446471,0.800537,0.785889,0.739337,0.530855,234.809998,3395.000000
1948.000000,-118.758018,0.658447,0.451097,0.808105,0.790039,0.746561,0.534464,247.429993,3381.000000
1949.000000,-100.855080,0.654053,0.446593,0.804932,0.787842,0.742338,0.531879,214.050003,3399.000000
1950.000000,-105.402687,0.655273,0.449240,0.805664,0.785156,0.743279,0.529573,213.899994,3378.000000
1951.000000,-107.786736,0.652344,0.448221,0.806641,0.780029,0.744958,0.527555,216.839996,3338.000000
1952.000000,-109.777527,0.653320,0.451300,0.807617,0.778809,0.746171,0.529308,236.460007,3338.000000
1953.000000,-107.576134,0.650635,0.448345,0.802979,0.778076,0.742045,0.528712,232.639999,3337.000000
1954.000000,-116.469696,0.654785,0.450877,0.804199,0.781494,0.743859,0.529608,238.759995,3372.000000
1955.000000,-110.484085,0.653809,0.449064,0.802002,0.785645,0.741993,0.532008,235.589996,3405.000000
1956.000000,-104.124374,0.655273,0.449260,0.804688,0.788330,0.744846,0.532065,218.559998,3362.000000
1957.000000,-117.859314,0.656738,0.449320,0.806396,0.788574,0.745624,0.532992,242.110001,3355.000000
1958.000000,-103.628258,0.657715,0.450600,0.808838,0.786865,0.747136,0.532158,225.690002,3371.000000
1959.000000,-106.502174,0.656982,0.447578,0.808350,0.790039,0.747433,0.532813,226.389999,3404.000000
1960.000000,-102.238480,0.656494,0.447996,0.805664,0.789795,0.744706,0.532158,220.419998,3406.000000
1961.000000,-100.106651,0.647217,0.442895,0.796631,0.781738,0.736490,0.527017,219.020004,3399.000000
1962.000000,-118.449303,0.652588,0.447147,0.802979,0.785645,0.742299,0.530707,245.270004,3386.000000
1963.000000,-112.134140,0.653320,0.450415,0.802490,0.788574,0.742004,0.534538,234.570007,3391.000000
1964.000000,-117.522934,0.649902,0.451382,0.802734,0.786865,0.742729,0.537335,246.559998,3414.000000
1965.000000,-101.818932,0.653564,0.453182,0.803711,0.786133,0.743877,0.534270,217.419998,3369.000000
1966.000000,-102.889420,0.645996,0.446687,0.801025,0.778076,0.742177,0.526169,215.190002,3352.000000
1967.000000,-99.724998,0.646729,0.446765,0.804443,0.781738,0.744790,0.528636,213.279999,3359.000000
1968.000000,-125.636787,0.648438,0.446472,0.806396,0.781006,0.747544,0.527175,241.970001,3357.000000
1969.000000,-125.305565,0.647217,0.445074,0.801025,0.778320,0.742329,0.525505,247.860001,3389.000000
1970.000000,-107.173767,0.647461,0.445784,0.800293,0.779053,0.742869,0.527195,229.960007,3372.000000
1971.000000,-105.963341,0.654297,0.449649,0.807861,0.787842,0.749662,0.533702,224.720001,3373.000000
1972.000000,-105.528297,0.654541,0.449035,0.808594,0.787354,0.749537,0.532215,224.809998,3360.000000
1973.000000,-104.523796,0.657715,0.451070,0.811768,0.790527,0.753368,0.533771,216.839996,3373.000000
1974.000000,-106.524307,0.652832,0.447753,0.804932,0.787354,0.746318,0.530843,228.449997,3360.000000
1975.000000,-101.960106,0.652832,0.447388,0.802490,0.789307,0.744068,0.531901,217.990005,3379.000000
1976.000000,-96.790047,0.651855,0.444402,0.802246,0.786621,0.742651,0.527819,205.210007,3377.000000
1977.000000,-117.932457,0.651123,0.441551,0.804688,0.785889,0.744202,0.526450,241.059998,3391.000000
1978.000000,-111.743767,0.651123,0.444529,0.803223,0.784180,0.744391,0.527523,232.520004,3404.000000
1979.000000,-102.022125,0.654541,0.448940,0.803223,0.783447,0.743512,0.529667,214.449997,3381.000000
1980.000000,-105.249283,0.646729,0.443977,0.799072,0.782227,0.740396,0.530114,221.919998,3368.000000
1981.000000,-110.499023,0.645996,0.442339,0.800293,0.783447,0.739724,0.531050,230.300003,3362.000000
1982.000000,-111.553688,0.645752,0.445133,0.800293,0.783447,0.739807,0.533888,229.649994,3357.000000
1983.000000,-107.304459,0.642334,0.442352,0.797607,0.779297,0.738209,0.530194,226.089996,3363.000000
1984.000000,-116.981262,0.645508,0.443151,0.802734,0.783691,0.742319,0.532483,244.449997,3382.000000
1985.000000,-115.348495,0.648438,0.443998,0.808350,0.787354,0.748194,0.533202,239.490005,3277.000000
1986.000000,-117.341232,0.654541,0.451087,0.811279,0.790283,0.751673,0.537092,245.380005,3356.000000
1987.000000,-100.782433,0.648682,0.444901,0.805176,0.783691,0.745136,0.530010,215.460007,3395.000000
1988.000000,-112.203033,0.643555,0.442551,0.798828,0.781494,0.739561,0.530736,234.320007,3405.000000
1989.000000,-119.511780,0.638916,0.439406,0.790283,0.775635,0.731317,0.525639,243.929993,3396.000000
1990.000000,-107.833191,0.636719,0.437594,0.791504,0.774170,0.732423,0.522972,225.479996,3365.000000
1991.000000,-117.005142,0.635742,0.440549,0.790039,0.770996,0.731706,0.522606,246.899994,3355.000000
1992.000000,-122.728523,0.634277,0.439332,0.791504,0.765625,0.732789,0.518521,252.839996,3409.000000
1993.000000,-128.234665,0.639404,0.440611,0.799805,0.774658,0.739806,0.523930,233.750000,3378.000000
1994.000000,-103.386765,0.642578,0.445009,0.798096,0.777100,0.738270,0.529744,216.250000,3384.000000
1995.000000,-116.662178,0.644775,0.446960,0.797607,0.778076,0.738564,0.531517,236.839996,3367.000000
1996.000000,-105.780380,0.646729,0.449355,0.799805,0.779785,0.741357,0.533479,222.600006,3364.000000
1997.000000,-130.527283,0.643311,0.447470,0.799072,0.774170,0.741257,0.529086,264.660004,3372.000000
1998.000000,-104.457664,0.646484,0.450763,0.803955,0.778809,0.745493,0.532570,225.289993,3349.000000
1999.000000,-106.184708,0.645752,0.448286,0.802734,0.780762,0.743707,0.531772,223.529999,3368.000000
2000.000000,-110.468407,0.649170,0.449004,0.809814,0.787354,0.749873,0.535656,228.589996,3364.000000
2001.000000,-105.718483,0.648682,0.445646,0.812012,0.785400,0.751223,0.531088,224.470001,3366.000000
2002.000000,-122.327538,0.645264,0.441195,0.808350,0.784180,0.746961,0.527231,243.130005,3353.000000
2003.000000,-107.384010,0.636719,0.436496,0.798340,0.774902,0.738216,0.519459,222.899994,3372.000000
2004.000000,-112.179214,0.636230,0.434034,0.796631,0.773193,0.735844,0.517194,229.139999,3397.000000
2005.000000,-103.263863,0.638672,0.436331,0.796143,0.773193,0.735320,0.517290,219.779999,3345.000000
2006.000000,-120.616852,0.639404,0.437103,0.800293,0.781738,0.739290,0.525235,235.300003,3375.000000
2007.000000,-116.593964,0.649902,0.445250,0.806641,0.789551,0.745106,0.529974,246.199997,3362.000000
2008.000000,-111.028847,0.652344,0.447183,0.809570,0.787598,0.748053,0.527262,233.919998,3356.000000
2009.000000,-99.881790,0.646484,0.442787,0.798828,0.785889,0.737443,0.525616,211.179993,3353.000000
2010.000000,-94.366623,0.641602,0.438012,0.795898,0.777832,0.735058,0.517902,198.570007,3365.000000
2011.000000,-124.583862,0.642334,0.439394,0.796631,0.780273,0.736001,0.521248,243.509995,3360.000000
2012.000000,-105.731895,0.644287,0.440777,0.799561,0.784180,0.737942,0.523163,213.149994,3382.000000
2013.000000,-113.147881,0.647949,0.441928,0.804932,0.784180,0.743445,0.523155,233.190002,3348.000000
2014.000000,-113.139503,0.650391,0.442629,0.804443,0.785645,0.743137,0.523484,242.399994,3364.000000
2015.000000,-104.789764,0.648438,0.440192,0.804443,0.783691,0.741884,0.519582,220.889999,3396.000000
2016.000000,-118.896088,0.646240,0.436741,0.800537,0.777100,0.738310,0.514086,236.479996,3384.000000
2017.000000,-107.584854,0.642334,0.435237,0.797119,0.776367,0.735572,0.516598,226.169998,3345.000000
2018.000000,-104.051025,0.640381,0.436400,0.795410,0.774170,0.735197,0.517752,217.850006,3322.000000
2019.000000,-111.625168,0.644043,0.440407,0.795166,0.774902,0.735069,0.520567,240.690002,3227.000000
2020.000000,-105.657433,0.639160,0.437557,0.792236,0.771973,0.732444,0.518621,223.199997,3331.000000
2021.000000,-113.137604,0.642090,0.439591,0.799805,0.773926,0.739498,0.521136,242.460007,3328.000000
2022.000000,-114.096146,0.651123,0.444726,0.806152,0.779053,0.744300,0.524793,241.270004,3368.000000
2023.000000,-114.752556,0.650635,0.444694,0.811279,0.780273,0.748708,0.525136,239.800003,3352.000000
2024.000000,-112.170273,0.653320,0.447121,0.810059,0.780518,0.749279,0.524902,238.360001,3358.000000
2025.000000,-130.667557,0.650391,0.445374,0.806641,0.779053,0.746588,0.526584,272.269989,3367.000000
2026.000000,-106.305550,0.652832,0.445631,0.805176,0.780518,0.743715,0.527730,219.740005,3361.000000
2027.000000,-124.455025,0.656494,0.447187,0.812256,0.783936,0.751764,0.530833,261.220001,3364.000000
2028.000000,-109.552971,0.666016,0.454540,0.817139,0.791504,0.755983,0.535290,226.830002,3383.000000
2029.000000,-112.765465,0.665283,0.456320,0.814941,0.789795,0.755275,0.534738,238.460007,3365.000000
2030.000000,-102.940132,0.665283,0.455560,0.814697,0.789307,0.755628,0.533583,217.630005,3415.000000
2031.000000,-138.847870,0.653076,0.446257,0.800537,0.776611,0.743284,0.523897,249.490005,3342.000000
2032.000000,-112.677986,0.652344,0.444156,0.795410,0.781738,0.739166,0.528893,228.139999,3365.000000
2033.000000,-105.457230,0.656494,0.448633,0.802490,0.783691,0.746809,0.531139,218.789993,3404.000000
2034.000000,-105.704330,0.654785,0.449237,0.803467,0.780762,0.747773,0.529195,228.080002,3378.000000
2035.000000,-112.887009,0.651855,0.447978,0.802490,0.777832,0.746772,0.527329,231.000000,3358.000000
2036.000000,-115.321503,0.653564,0.448598,0.804199,0.776855,0.748683,0.525876,241.070007,3365.000000
2037.000000,-100.119064,0.656738,0.453140,0.803955,0.777344,0.749229,0.528286,211.399994,3374.000000
2038.000000,-100.793198,0.658691,0.454733,0.808838,0.780029,0.753430,0.530917,213.660004,3374.000000
2039.000000,-109.041672,0.659424,0.453461,0.814453,0.780273,0.758781,0.529503,229.580002,3387.000000
2040.000000,-110.085648,0.663086,0.453112,0.819824,0.786133,0.761723,0.530792,232.800003,3360.000000
2041.000000,-110.111282,0.660889,0.449837,0.815186,0.789551,0.756838,0.531899,230.820007,3397.000000
2042.000000,-111.253319,0.652832,0.444734,0.808594,0.780762,0.751983,0.524104,220.110001,3411.000000
2043.000000,-104.462219,0.650879,0.442226,0.802246,0.776855,0.745095,0.521249,222.899994,3410.000000
2044.000000,-113.627991,0.649902,0.442541,0.802246,0.775635,0.744785,0.520466,241.149994,3357.000000
2045.000000,-112.355865,0.647705,0.441186,0.801758,0.775879,0.743726,0.520800,222.800003,3412.000000
2046.000000,-106.652931,0.645752,0.440592,0.797119,0.773438,0.738884,0.520429,228.369995,3407.000000
2047.000000,-102.761002,0.647217,0.443453,0.800293,0.773926,0.742222,0.521563,218.199997,3425.000000
2048.000000,-110.537666,0.653320,0.451929,0.800537,0.778320,0.743834,0.528229,218.860001,3398.000000
2049.000000,-109.391991,0.652832,0.451428,0.803467,0.779053,0.746302,0.528473,229.729996,3318.000000
2050.000000,-120.971710,0.653320,0.452478,0.798828,0.780029,0.740742,0.529777,254.779999,3407.000000
2051.000000,-102.010284,0.650879,0.451371,0.799072,0.780518,0.740932,0.529210,220.529999,3414.000000
2052.000000,-122.172943,0.649170,0.452431,0.801025,0.779541,0.744164,0.530273,258.250000,3396.000000
2053.000000,-106.777351,0.646484,0.450894,0.794678,0.780273,0.738390,0.532008,227.139999,3361.000000
2054.000000,-118.709465,0.649170,0.453753,0.797119,0.783203,0.741197,0.535830,248.419998,3424.000000
2055.000000,-107.939865,0.650391,0.455417,0.798828,0.782959,0.744378,0.535011,220.410004,3393.000000
2056.000000,-108.260780,0.656006,0.458073,0.804688,0.786621,0.750648,0.537362,226.309998,3412.000000
2057.000000,-111.676659,0.654541,0.454440,0.802490,0.787109,0.747328,0.536193,233.570007,3404.000000
2058.000000,-117.444366,0.659424,0.456941,0.807373,0.791260,0.751039,0.537722,241.309998,3353.000000
2059.000000,-115.602264,0.658203,0.454068,0.802979,0.787598,0.746047,0.531989,238.389999,3407.000000
2060.000000,-107.481041,0.652588,0.448561,0.801758,0.789551,0.745279,0.534024,221.779999,3368.000000
2061.000000,-132.198578,0.653076,0.446863,0.804688,0.789795,0.748059,0.530977,258.910004,3349.000000
2062.000000,-111.171593,0.656494,0.449910,0.811035,0.790039,0.753487,0.530078,227.779999,3371.000000
2063.000000,-111.502129,0.648438,0.444192,0.797607,0.783936,0.741723,0.526459,238.940002,3367.000000
2064.000000,-112.060448,0.643066,0.440843,0.792725,0.782959,0.737588,0.526071,227.119995,3413.000000
2065.000000,-100.799278,0.649170,0.442981,0.796143,0.785156,0.740772,0.524917,207.410004,3388.000000
2066.000000,-108.615173,0.649170,0.444848,0.795898,0.783447,0.741346,0.525604,231.050003,3343.000000
2067.000000,-104.947128,0.648926,0.444982,0.797852,0.782959,0.743061,0.525515,224.690002,3345.000000
2068.000000,-102.890427,0.647461,0.444729,0.795898,0.780762,0.740100,0.523885,215.360001,3367.000000
2069.000000,-102.913048,0.648682,0.446173,0.799805,0.783447,0.743845,0.527029,217.259995,3343.000000
2070.000000,-117.352371,0.649902,0.449051,0.798828,0.787598,0.742219,0.532256,234.559998,3390.000000
2071.000000,-112.832275,0.646484,0.446589,0.793945,0.781250,0.738575,0.527325,241.110001,3371.000000
2072.000000,-112.685371,0.644531,0.446622,0.790039,0.779785,0.735063,0.527620,234.710007,3353.000000
2073.000000,-104.790115,0.644531,0.446707,0.791504,0.779297,0.736008,0.527443,223.669998,3388.000000
2074.000000,-103.148354,0.639893,0.445177,0.783936,0.778076,0.728443,0.530088,218.259995,3362.000000
2075.000000,-114.483910,0.645752,0.449645,0.786621,0.786621,0.730025,0.537836,241.130005,3358.000000
2076.000000,-102.041649,0.641113,0.445570,0.784424,0.780518,0.728104,0.531089,214.830002,3364.000000
2077.000000,-104.110214,0.646484,0.448567,0.791504,0.786133,0.733892,0.534238,219.339996,3367.000000
2078.000000,-105.345497,0.647705,0.449891,0.795898,0.787109,0.738264,0.535180,222.380005,3357.000000
2079.000000,-108.292152,0.648926,0.452372,0.799805,0.785400,0.741735,0.534352,218.910004,3385.000000
2080.000000,-106.775040,0.643311,0.447847,0.795166,0.782959,0.736849,0.532001,217.300003,3387.000000
2081.000000,-128.943604,0.648193,0.453308,0.801025,0.782959,0.742222,0.533454,250.220001,3331.000000
2082.000000,-109.350304,0.645752,0.452732,0.798584,0.783936,0.739693,0.535308,230.639999,3349.000000
2083.000000,-117.156006,0.649414,0.455027,0.800049,0.791748,0.741686,0.539850,241.179993,3368.000000
2084.000000,-100.263947,0.651855,0.456704,0.805176,0.788086,0.745857,0.535355,215.970001,3361.000000
2085.000000,-112.487366,0.648926,0.454277,0.801025,0.781006,0.742777,0.531481,241.309998,3344.000000
2086.000000,-106.818939,0.645508,0.450771,0.797363,0.775635,0.739051,0.528066,228.089996,3368.000000
2087.000000,-113.332306,0.646973,0.449670,0.797852,0.776611,0.739067,0.526339,230.479996,3395.000000
2088.000000,-108.056137,0.645996,0.447110,0.800537,0.778564,0.742186,0.526530,229.190002,3388.000000
2089.000000,-115.630440,0.647949,0.448866,0.802246,0.783691,0.743921,0.530388,237.850006,3387.000000
2090.000000,-116.969513,0.652588,0.449873,0.804932,0.785645,0.745399,0.529702,244.050003,3378.000000
2091.000000,-108.547760,0.654785,0.449981,0.806885,0.789795,0.747521,0.531393,227.309998,3358.000000
2092.000000,-122.241302,0.654053,0.449582,0.807617,0.790283,0.748631,0.531123,250.580002,3351.000000
2093.000000,-109.456741,0.656494,0.452836,0.805664,0.791016,0.747787,0.532390,233.600006,3363.000000
2094.000000,-106.332542,0.652588,0.448069,0.799316,0.782959,0.742137,0.523020,217.610001,3362.000000
2095.000000,-100.442413,0.645508,0.442544,0.795898,0.777344,0.739525,0.517945,215.199997,3358.000000
2096.000000,-111.762390,0.646484,0.444867,0.795898,0.780518,0.738892,0.522222,232.289993,3375.000000
2097.000000,-118.110435,0.640381,0.439009,0.791260,0.776855,0.734507,0.521501,251.789993,3360.000000
2098.000000,-114.317680,0.639648,0.440707,0.789307,0.771729,0.733858,0.519559,242.850006,3353.000000
2099.000000,-108.424217,0.639404,0.441989,0.791260,0.770752,0.735914,0.519269,235.039993,3359.000000
2100.000000,-105.763527,0.642090,0.443638,0.794434,0.775146,0.738188,0.522243,224.059998,3383.000000
2101.000000,-119.161560,0.645752,0.446849,0.794922,0.780029,0.738590,0.527805,236.330002,3399.000000
2102.000000,-112.787025,0.646973,0.449057,0.796387,0.783691,0.740152,0.531166,239.270004,3392.000000
2103.000000,-113.106537,0.650391,0.450583,0.801270,0.786377,0.744245,0.532081,237.080002,3358.000000
2104.000000,-108.469368,0.648438,0.447852,0.802734,0.785156,0.744658,0.529741,226.600006,3351.000000
2105.000000,-101.474907,0.643311,0.442898,0.802002,0.780518,0.743132,0.524162,218.270004,3367.000000
2106.000000,-124.953384,0.638184,0.439726,0.795410,0.775146,0.736589,0.521833,252.800003,3395.000000
2107.000000,-109.667610,0.637207,0.438423,0.792236,0.770264,0.732841,0.516024,230.240005,3416.000000
2108.000000,-115.081619,0.634033,0.437716,0.790283,0.767090,0.730591,0.515655,237.699997,3413.000000
2109.000000,-120.564720,0.634033,0.437568,0.789307,0.770264,0.729249,0.520039,243.929993,3369.000000
2110.000000,-120.192978,0.637695,0.440803,0.794922,0.774170,0.734322,0.525439,244.429993,3344.000000
2111.000000,-106.830048,0.641113,0.444342,0.796631,0.777588,0.735915,0.530243,228.570007,3373.000000
2112.000000,-113.011574,0.638672,0.443767,0.795166,0.778320,0.734792,0.530764,236.509995,3355.000000
2113.000000,-123.016960,0.638184,0.442659,0.800293,0.772705,0.739086,0.527209,254.839996,3295.000000
2114.000000,-103.528709,0.638184,0.444230,0.797119,0.773438,0.736377,0.528591,220.419998,3351.000000
2115.000000,-117.906845,0.635254,0.442989,0.797852,0.766113,0.737981,0.522478,245.259995,3357.000000
2116.000000,-112.534851,0.638916,0.444178,0.802246,0.776123,0.742624,0.530786,235.490005,3388.000000
2117.000000,-104.322563,0.643555,0.444799,0.807861,0.780762,0.748192,0.531144,220.199997,3359.000000
2118.000000,-119.185127,0.645508,0.445315,0.809082,0.782959,0.749754,0.530788,241.050003,3381.000000
2119.000000,-124.637794,0.640869,0.441984,0.804443,0.778320,0.746481,0.526695,251.309998,3394.000000
2120.000000,-106.348824,0.639160,0.440760,0.806396,0.773193,0.748084,0.522203,222.369995,3352.000000
2121.000000,-116.848808,0.639648,0.437966,0.801514,0.773193,0.743658,0.520180,245.339996,3368.000000
2122.000000,-107.690094,0.634521,0.435161,0.799316,0.769775,0.741574,0.517936,230.440002,3356.000000
2123.000000,-109.131615,0.635254,0.436473,0.802490,0.772461,0.744568,0.521314,233.059998,3352.000000
2124.000000,-126.676468,0.631592,0.434967,0.798828,0.767090,0.740455,0.517439,251.509995,3398.000000
2125.000000,-103.563011,0.638916,0.439054,0.801270,0.775391,0.742604,0.522124,222.350006,3394.000000
2126.000000,-100.144241,0.633057,0.434337,0.799316,0.767578,0.739872,0.516426,216.970001,3385.000000
2127.000000,-118.794785,0.628418,0.432485,0.793701,0.767090,0.736662,0.517385,232.669998,3365.000000
2128.000000,-114.767746,0.632080,0.436436,0.796143,0.769043,0.739258,0.519199,230.339996,3370.000000
2129.000000,-110.225159,0.629639,0.435502,0.793701,0.769043,0.739402,0.516714,232.910004,3376.000000
2130.000000,-103.605820,0.627930,0.433530,0.795166,0.769043,0.740437,0.514985,213.279999,3381.000000
2131.000000,-114.308800,0.631836,0.436200,0.797852,0.775146,0.741034,0.520509,232.860001,3382.000000
2132.000000,-113.511688,0.634521,0.436513,0.796875,0.776855,0.739064,0.520446,231.410004,3372.000000
2133.000000,-109.340813,0.636963,0.440491,0.796875,0.777588,0.738903,0.522964,232.580002,3390.000000
2134.000000,-105.386009,0.638184,0.442791,0.797852,0.780762,0.739835,0.527025,228.600006,3392.000000
2135.000000,-124.420448,0.638916,0.441899,0.798340,0.777588,0.740358,0.523584,254.110001,3354.000000
2136.000000,-112.165085,0.638184,0.441231,0.796631,0.780762,0.738491,0.527319,234.360001,3355.000000
2137.000000,-105.708244,0.637939,0.441759,0.798584,0.781738,0.738936,0.529052,225.360001,3368.000000
2138.000000,-120.697533,0.640137,0.445476,0.798828,0.779785,0.737934,0.530055,241.059998,3358.000000
2139.000000,-109.351494,0.638916,0.446810,0.798096,0.773438,0.737248,0.526257,229.889999,3384.000000
2140.000000,-103.066772,0.641357,0.447979,0.803223,0.778076,0.741900,0.529919,214.070007,3385.000000
2141.000000,-104.126488,0.632568,0.440717,0.795410,0.769287,0.734681,0.522289,218.919998,3360.000000
2142.000000,-111.980232,0.638184,0.444304,0.798584,0.775146,0.736677,0.525645,238.759995,3353.000000
2143.000000,-111.542274,0.640137,0.447194,0.798340,0.776855,0.736317,0.527295,235.720001,3399.000000
2144.000000,-108.138840,0.644287,0.449832,0.803711,0.782715,0.741872,0.532828,231.660004,3380.000000
2145.000000,-101.951088,0.645508,0.452901,0.802002,0.781250,0.741264,0.534639,214.429993,3407.000000
2146.000000,-112.061157,0.646240,0.451206,0.806885,0.782715,0.746442,0.533416,239.270004,3359.000000
2147.000000,-123.948936,0.647217,0.450487,0.807129,0.784912,0.746384,0.535129,256.839996,3363.000000
2148.000000,-112.572372,0.654541,0.454756,0.818604,0.789307,0.756553,0.536156,225.350006,3379.000000
2149.000000,-114.103523,0.654297,0.450782,0.816650,0.787598,0.752988,0.531043,243.449997,3365.000000
2150.000000,-133.496643,0.659424,0.452261,0.821289,0.792480,0.756452,0.532894,260.320007,3354.000000
2151.000000,-110.890213,0.652344,0.448329,0.811523,0.786377,0.746609,0.528799,239.960007,3351.000000
2152.000000,-130.875061,0.652344,0.446196,0.809814,0.785889,0.745759,0.525439,271.619995,3356.000000
2153.000000,-134.882401,0.651611,0.443751,0.811035,0.782227,0.746214,0.520837,272.720001,3363.000000
2154.000000,-112.134056,0.640381,0.436101,0.800537,0.774414,0.735670,0.517625,237.649994,3380.000000
2155.000000,-114.214890,0.639893,0.434795,0.801025,0.776855,0.735433,0.519155,237.809998,3374.000000
2156.000000,-105.030983,0.641113,0.435503,0.800781,0.779053,0.735013,0.520367,227.539993,3357.000000
2157.000000,-112.288132,0.640137,0.435555,0.801025,0.780518,0.735603,0.521890,240.910004,3359.000000
2158.000000,-110.602699,0.640381,0.437887,0.804199,0.779541,0.739552,0.521777,235.050003,3384.000000
2159.000000,-125.587791,0.638184,0.438858,0.800293,0.772217,0.736480,0.518825,270.540009,3356.000000
2160.000000,-123.472160,0.636963,0.437253,0.798584,0.769531,0.734254,0.516063,246.440002,3361.000000
2161.000000,-108.315758,0.639160,0.439262,0.800293,0.771729,0.735365,0.518886,220.059998,3373.000000
2162.000000,-119.708466,0.642578,0.439561,0.804932,0.778076,0.738346,0.524276,241.429993,3373.000000
2163.000000,-111.894753,0.642578,0.438999,0.806641,0.774902,0.740034,0.519822,238.339996,3364.000000
2164.000000,-114.021957,0.644287,0.441052,0.807861,0.777588,0.740743,0.522909,241.389999,3380.000000
2165.000000,-120.279930,0.648682,0.441898,0.810791,0.781006,0.743144,0.524409,247.449997,3382.000000
2166.000000,-107.445320,0.644287,0.439453,0.808350,0.774658,0.742466,0.519927,225.559998,3374.000000
2167.000000,-123.991043,0.639160,0.435703,0.806152,0.772949,0.740628,0.518524,250.179993,3376.000000
2168.000000,-109.750359,0.633057,0.432042,0.803711,0.768555,0.738763,0.514361,231.320007,3365.000000
2169.000000,-121.920219,0.635986,0.437034,0.803955,0.769775,0.738113,0.519013,243.690002,3405.000000
2170.000000,-120.122131,0.640625,0.441392,0.804443,0.773193,0.739440,0.522027,244.330002,3372.000000
2171.000000,-110.865410,0.637695,0.438848,0.802979,0.770996,0.737597,0.520561,232.179993,3376.000000
2172.000000,-122.384399,0.640137,0.443765,0.804932,0.772705,0.739816,0.524118,242.850006,3376.000000
2173.000000,-109.773872,0.637451,0.440662,0.799561,0.773682,0.734575,0.523516,228.910004,3352.000000
2174.000000,-120.547096,0.632812,0.438652,0.796875,0.770264,0.732275,0.523590,250.740005,3372.000000
2175.000000,-115.760658,0.635010,0.440575,0.798584,0.774170,0.734805,0.525781,239.559998,3364.000000
2176.000000,-121.633644,0.634766,0.439453,0.801270,0.772949,0.737663,0.524311,244.910004,3354.000000
2177.000000,-128.091629,0.642090,0.443355,0.808594,0.777832,0.744350,0.525974,250.570007,3289.000000
2178.000000,-114.404541,0.645508,0.446544,0.805664,0.781982,0.742854,0.529786,237.710007,3376.000000
2179.000000,-114.509064,0.655518,0.451834,0.814941,0.788330,0.750979,0.531939,239.130005,3370.000000
2180.000000,-125.917618,0.657715,0.450902,0.817871,0.791016,0.752017,0.532586,254.050003,3359.000000
2181.000000,-124.742615,0.655273,0.446081,0.814697,0.790039,0.748627,0.530023,246.979996,3369.000000
2182.000000,-104.072151,0.649414,0.440943,0.809814,0.785156,0.744394,0.524451,222.789993,3390.000000
2183.000000,-111.626091,0.645020,0.436843,0.806641,0.781006,0.741350,0.521287,233.330002,3381.000000
2184.000000,-96.320343,0.636230,0.432842,0.800049,0.771973,0.735096,0.515177,206.210007,3414.000000
2185.000000,-97.890152,0.635986,0.433437,0.796875,0.773438,0.731954,0.516758,205.699997,3400.000000
2186.000000,-103.325546,0.639404,0.434932,0.798340,0.779541,0.732891,0.520046,218.149994,3434.000000
2187.000000,-130.900009,0.635498,0.432473,0.795166,0.777832,0.729270,0.518652,263.820007,3371.000000
2188.000000,-105.533920,0.641357,0.440131,0.801025,0.780762,0.736778,0.522674,227.679993,3346.000000
2189.000000,-106.648048,0.636719,0.438137,0.792969,0.774902,0.728092,0.520497,228.279999,3365.000000
2190.000000,-101.865623,0.637451,0.436602,0.794922,0.777588,0.728692,0.520750,212.160004,3364.000000
2191.000000,-121.470566,0.645752,0.445183,0.802734,0.784668,0.736976,0.527094,252.130005,3351.000000
2192.000000,-110.268433,0.649170,0.447699,0.813965,0.785400,0.749288,0.526343,232.330002,3383.000000
2193.000000,-110.710510,0.650879,0.451293,0.807373,0.783691,0.742205,0.527256,238.429993,3374.000000
2194.000000,-121.313942,0.650391,0.449190,0.809814,0.782715,0.743633,0.524125,255.399994,3367.000000
2195.000000,-98.121437,0.646240,0.444551,0.809326,0.781006,0.743435,0.521268,207.169998,3362.000000
2196.000000,-109.432007,0.640625,0.439936,0.801270,0.782715,0.735803,0.522721,233.720001,3355.000000
2197.000000,-126.206459,0.644531,0.444724,0.803467,0.783936,0.739326,0.524453,251.199997,3363.000000
2198.000000,-115.720131,0.645508,0.447118,0.807617,0.784180,0.744096,0.525654,250.149994,3383.000000
2199.000000,-118.803596,0.640381,0.442567,0.806396,0.779785,0.744416,0.521330,246.770004,3378.000000
2200.000000,-114.131393,0.644043,0.447137,0.808594,0.782959,0.747017,0.525214,243.449997,3338.000000
2201.000000,-113.026436,0.643799,0.448408,0.802979,0.778809,0.741421,0.525380,243.009995,3406.000000
2202.000000,-110.037491,0.638916,0.443926,0.803467,0.773926,0.741696,0.519554,224.910004,3377.000000
2203.000000,-115.835724,0.639893,0.447099,0.803467,0.776123,0.742586,0.524391,240.770004,3386.000000
2204.000000,-107.000717,0.639160,0.448705,0.804199,0.774414,0.743849,0.524567,227.059998,3379.000000
2205.000000,-112.544006,0.637695,0.449130,0.805176,0.775146,0.743813,0.526403,238.360001,3362.000000
2206.000000,-119.293694,0.638672,0.450437,0.803955,0.779785,0.742039,0.529535,245.100006,3403.000000
2207.000000,-105.744545,0.640381,0.449468,0.806641,0.781250,0.744657,0.529317,224.839996,3379.000000
2208.000000,-114.674263,0.639648,0.448392,0.804688,0.780518,0.741894,0.529966,240.380005,3367.000000
2209.000000,-109.066727,0.638916,0.448325,0.803223,0.779297,0.740273,0.529088,227.059998,3393.000000
2210.000000,-119.690857,0.642334,0.451733,0.801025,0.783936,0.737567,0.534069,251.039993,3397.000000
2211.000000,-122.568710,0.643555,0.452793,0.803711,0.786865,0.739948,0.538100,263.850006,3356.000000
2212.000000,-107.293938,0.645996,0.451482,0.809082,0.783691,0.744480,0.532777,219.330002,3338.000000
2213.000000,-109.822571,0.644043,0.447543,0.809326,0.780273,0.744929,0.527791,219.720001,3375.000000
2214.000000,-106.234016,0.639893,0.442706,0.802490,0.773682,0.738529,0.521671,224.339996,3366.000000
2215.000000,-111.883659,0.636475,0.439301,0.801758,0.765625,0.737943,0.514875,234.259995,3343.000000
2216.000000,-110.537964,0.638672,0.442240,0.801270,0.770508,0.737505,0.519037,238.270004,3416.000000
2217.000000,-120.328362,0.636719,0.439034,0.800537,0.773926,0.736348,0.522343,237.899994,3412.000000
2218.000000,-116.236084,0.641113,0.442566,0.800049,0.780762,0.736207,0.527942,239.300003,3406.000000
2219.000000,-119.201324,0.644043,0.448604,0.797607,0.780273,0.733426,0.530650,247.429993,3386.000000
2220.000000,-114.963287,0.645508,0.447619,0.800537,0.781982,0.735500,0.532238,238.020004,3411.000000
2221.000000,-117.993492,0.649414,0.451219,0.804932,0.783691,0.739404,0.535595,245.149994,3414.000000
2222.000000,-114.463226,0.651367,0.454233,0.803955,0.786133,0.739008,0.540643,239.800003,3407.000000
2223.000000,-119.017174,0.649658,0.452921,0.796387,0.785400,0.732152,0.540072,245.809998,3374.000000
2224.000000,-114.412743,0.650635,0.454620,0.802734,0.782959,0.739825,0.536923,234.979996,3382.000000
2225.000000,-107.844124,0.648438,0.451517,0.804932,0.783447,0.741576,0.535620,227.729996,3400.000000
2226.000000,-122.757782,0.647217,0.450502,0.804932,0.783447,0.740797,0.535640,255.529999,3398.000000
2227.000000,-116.911491,0.650635,0.452499,0.809082,0.787842,0.745486,0.538887,244.479996,3366.000000
2228.000000,-112.569809,0.651611,0.455468,0.814941,0.784668,0.750553,0.536175,238.589996,3366.000000
2229.000000,-129.031906,0.645264,0.451078,0.805908,0.779785,0.742698,0.533047,268.630005,3355.000000
2230.000000,-105.036392,0.646729,0.451179,0.805664,0.784424,0.742481,0.536018,224.839996,3397.000000
2231.000000,-124.554543,0.646729,0.453057,0.808838,0.784912,0.746824,0.537458,259.920013,3401.000000
2232.000000,-113.352821,0.650879,0.456382,0.812012,0.790283,0.750558,0.539959,239.130005,3356.000000
2233.000000,-109.469109,0.652344,0.457015,0.808594,0.786133,0.748544,0.535965,229.309998,3369.000000
2234.000000,-128.092941,0.654053,0.456286,0.807617,0.787842,0.748368,0.536384,270.119995,3382.000000
2235.000000,-112.712662,0.651855,0.452001,0.807617,0.787109,0.748786,0.534277,232.990005,3345.000000
2236.000000,-107.296738,0.651855,0.452661,0.809814,0.787109,0.751699,0.533886,227.190002,3342.000000
2237.000000,-125.898094,0.654785,0.453894,0.808594,0.789551,0.751436,0.535926,245.000000,3346.000000
2238.000000,-118.024101,0.655029,0.450211,0.809082,0.790527,0.750943,0.533880,247.419998,3382.000000
2239.000000,-105.448944,0.649414,0.445747,0.802734,0.784668,0.744528,0.529270,224.350006,3387.000000
2240.000000,-116.320763,0.647217,0.444848,0.801270,0.782471,0.743113,0.527863,237.899994,3389.000000
2241.000000,-113.885445,0.643799,0.442302,0.799561,0.782959,0.742561,0.528626,231.539993,3283.000000
2242.000000,-103.975777,0.645264,0.442973,0.801514,0.782715,0.744133,0.528153,222.500000,3395.000000
2243.000000,-110.067909,0.643555,0.440939,0.796143,0.781250,0.739332,0.527061,228.839996,3413.000000
2244.000000,-109.946968,0.641602,0.442390,0.795410,0.780029,0.739366,0.527182,233.300003,3418.000000
2245.000000,-115.305939,0.638428,0.442684,0.793457,0.777100,0.738046,0.526841,238.220001,3353.000000
2246.000000,-107.660645,0.642334,0.444573,0.796875,0.778320,0.741468,0.525543,224.300003,3411.000000
2247.000000,-112.892220,0.643066,0.444294,0.799316,0.777588,0.743109,0.524874,238.369995,3350.000000
2248.000000,-114.531189,0.638184,0.439915,0.794189,0.774170,0.737692,0.521570,243.490005,3361.000000
2249.000000,-122.877380,0.636963,0.441917,0.788818,0.773438,0.732516,0.524943,256.239990,3386.000000
2250.000000,-106.286606,0.640137,0.442164,0.792725,0.780273,0.735755,0.529499,226.740005,3401.000000
2251.000000,-120.274986,0.641846,0.443822,0.797852,0.782227,0.740817,0.531761,244.490005,3393.000000
2252.000000,-109.853691,0.645752,0.450452,0.799805,0.783447,0.742324,0.535599,228.929993,3382.000000
2253.000000,-98.778313,0.647217,0.450876,0.799561,0.779541,0.741984,0.530616,203.940002,3371.000000
2254.000000,-112.972267,0.647217,0.449285,0.804688,0.779541,0.745906,0.529120,239.929993,3369.000000
2255.000000,-133.735306,0.653076,0.455427,0.808350,0.786621,0.749546,0.537111,258.399994,3362.000000
2256.000000,-113.546066,0.652832,0.455731,0.805176,0.783203,0.746646,0.536011,242.649994,3350.000000
2257.000000,-99.908470,0.649170,0.454330,0.799805,0.777832,0.741967,0.533174,211.860001,3368.000000
2258.000000,-116.811600,0.649170,0.453690,0.802002,0.778076,0.743748,0.532251,242.729996,3353.000000
2259.000000,-105.573036,0.654541,0.455460,0.807861,0.788574,0.748239,0.539352,226.330002,3352.000000
2260.000000,-119.889450,0.658691,0.459388,0.808105,0.788818,0.748776,0.538582,254.520004,3356.000000
2261.000000,-97.405869,0.658203,0.459231,0.808350,0.789062,0.747998,0.539037,210.119995,3355.000000
2262.000000,-107.521652,0.659424,0.458670,0.806641,0.786377,0.746270,0.533962,223.750000,3363.000000
2263.000000,-103.661247,0.656250,0.454180,0.803955,0.788330,0.744405,0.533142,217.979996,3358.000000
2264.000000,-120.686157,0.656250,0.453463,0.803467,0.791748,0.743843,0.536784,234.270004,3349.000000
2265.000000,-125.193840,0.650391,0.448223,0.794189,0.791992,0.736275,0.537241,255.740005,3365.000000
2266.000000,-111.065323,0.651367,0.450382,0.794922,0.791504,0.736644,0.535875,246.690002,3349.000000
2267.000000,-109.735504,0.654297,0.454027,0.802490,0.788086,0.743552,0.534154,228.919998,3387.000000
2268.000000,-112.016113,0.653320,0.452314,0.795410,0.790283,0.736423,0.535884,233.910004,3383.000000
2269.000000,-120.196457,0.652344,0.448585,0.792725,0.788086,0.733186,0.532304,255.100006,3387.000000
2270.000000,-119.128357,0.654053,0.449879,0.793945,0.788330,0.733055,0.532252,249.990005,3395.000000
2271.000000,-119.480309,0.652832,0.450068,0.792725,0.788818,0.733382,0.534049,244.470001,3390.000000
2272.000000,-101.373840,0.649658,0.447912,0.791260,0.786865,0.732230,0.533690,213.279999,3341.000000
2273.000000,-97.853058,0.651123,0.447694,0.789795,0.787842,0.730756,0.533345,204.339996,3354.000000
2274.000000,-111.989273,0.649414,0.448714,0.792480,0.784912,0.733077,0.533748,232.639999,3340.000000
2275.000000,-104.675446,0.648438,0.448345,0.791260,0.781982,0.732026,0.530149,221.660004,3366.000000
2276.000000,-116.622406,0.645996,0.446452,0.791260,0.781250,0.732258,0.529656,243.639999,3369.000000
2277.000000,-116.418182,0.646240,0.448833,0.791748,0.784912,0.732855,0.535557,243.440002,3349.000000
2278.000000,-122.198830,0.648926,0.450907,0.794922,0.788574,0.735177,0.538177,251.889999,3338.000000
2279.000000,-120.614494,0.646484,0.450682,0.793213,0.782471,0.734063,0.535660,254.149994,3325.000000
2280.000000,-121.161896,0.645020,0.449723,0.795166,0.782227,0.736019,0.535239,244.410004,3368.000000
2281.000000,-110.749809,0.649902,0.457032,0.800049,0.783447,0.741481,0.539744,234.350006,3367.000000
2282.000000,-105.197403,0.651611,0.457990,0.804688,0.786133,0.745544,0.541596,224.399994,3375.000000
2283.000000,-114.003273,0.650146,0.455509,0.805420,0.786621,0.746456,0.540177,237.309998,3359.000000
2284.000000,-136.370422,0.650146,0.457550,0.800537,0.787109,0.743574,0.540634,275.809998,3365.000000
2285.000000,-131.824799,0.650391,0.457608,0.799561,0.786865,0.743563,0.540642,258.000000,3372.000000
2286.000000,-129.833374,0.647217,0.455418,0.793945,0.781738,0.738252,0.537153,258.420013,3365.000000
2287.000000,-119.450905,0.649170,0.455412,0.798828,0.783447,0.741541,0.537606,224.350006,3375.000000
2288.000000,-102.783401,0.652100,0.455795,0.806152,0.785645,0.748669,0.536479,219.080002,3351.000000
2289.000000,-114.094131,0.656738,0.458543,0.812500,0.790039,0.755674,0.537443,224.589996,3352.000000
2290.000000,-108.764122,0.663086,0.463935,0.810547,0.798828,0.755320,0.543262,224.539993,3354.000000
2291.000000,-126.616859,0.667725,0.467182,0.813965,0.803223,0.759278,0.546950,243.770004,3377.000000
2292.000000,-108.130096,0.668457,0.464867,0.812012,0.799561,0.756204,0.541967,231.020004,3369.000000
2293.000000,-116.334923,0.667480,0.460966,0.810547,0.800293,0.753359,0.540792,239.639999,3375.000000
2294.000000,-124.192841,0.664062,0.458013,0.806396,0.799561,0.749180,0.540662,238.850006,3359.000000
2295.000000,-108.190147,0.661621,0.456102,0.805176,0.793457,0.748229,0.535220,231.110001,3369.000000
2296.000000,-107.879265,0.661377,0.455238,0.806152,0.792236,0.748635,0.533107,228.229996,3373.000000
2297.000000,-109.084694,0.662598,0.458587,0.805908,0.794434,0.748126,0.537122,236.199997,3356.000000
2298.000000,-113.030281,0.664795,0.461295,0.809570,0.798828,0.751177,0.542330,237.940002,3389.000000
2299.000000,-113.399940,0.665283,0.460864,0.809326,0.799072,0.749879,0.542533,232.679993,3374.000000
2300.000000,-116.864296,0.666016,0.459728,0.806641,0.799561,0.747121,0.541261,245.880005,3364.000000
2301.000000,-149.989517,0.667480,0.458857,0.811768,0.799561,0.751472,0.541053,282.220001,3377.000000
2302.000000,-131.749481,0.665039,0.454418,0.809814,0.792236,0.748736,0.534186,246.630005,3358.000000
2303.000000,-106.262131,0.669678,0.457201,0.809082,0.798340,0.747213,0.538588,215.600006,3372.000000
2304.000000,-100.532410,0.657471,0.448398,0.802490,0.788330,0.742094,0.530644,213.240005,3359.000000
2305.000000,-106.044998,0.647705,0.442798,0.789551,0.785156,0.730754,0.528790,226.960007,3272.000000
2306.000000,-109.329208,0.653320,0.448532,0.794189,0.785645,0.736309,0.530540,232.380005,3365.000000
2307.000000,-108.832397,0.651367,0.446508,0.795654,0.780029,0.737863,0.524229,231.440002,3402.000000
2308.000000,-105.990814,0.651611,0.447572,0.801514,0.781982,0.743752,0.527776,224.070007,3325.000000
2309.000000,-110.421837,0.654297,0.450423,0.805176,0.786133,0.747202,0.530394,220.940002,3351.000000
2310.000000,-105.852028,0.650391,0.449480,0.801270,0.781494,0.742195,0.527530,230.850006,3371.000000
2311.000000,-125.257210,0.647949,0.448337,0.798584,0.778076,0.740314,0.525650,236.669998,3373.000000
2312.000000,-114.845474,0.644531,0.447460,0.798096,0.774658,0.739950,0.524791,231.369995,3356.000000
2313.000000,-108.619415,0.644287,0.449105,0.802002,0.774414,0.743776,0.524833,230.110001,3363.000000
2314.000000,-104.500221,0.644287,0.449117,0.801025,0.777588,0.742926,0.527528,221.399994,3345.000000
2315.000000,-111.680733,0.648438,0.451826,0.805176,0.785400,0.746548,0.532655,241.000000,3345.000000
2316.000000,-115.064964,0.653076,0.457234,0.812256,0.785400,0.754780,0.533664,235.559998,3355.000000
2317.000000,-125.418877,0.654785,0.456597,0.812500,0.785400,0.754791,0.533220,259.640015,3363.000000
2318.000000,-107.359695,0.648682,0.454751,0.806152,0.778564,0.748856,0.530795,227.979996,3354.000000
2319.000000,-106.711182,0.648926,0.455092,0.802002,0.779785,0.745382,0.530493,219.440002,3366.000000
2320.000000,-118.248337,0.653076,0.459499,0.805420,0.782715,0.749271,0.533463,244.449997,3369.000000
2321.000000,-115.095062,0.656006,0.459550,0.807373,0.784424,0.750622,0.533005,241.130005,3378.000000
2322.000000,-103.846825,0.656494,0.458991,0.809326,0.787598,0.753041,0.535173,221.289993,3348.000000
2323.000000,-111.926750,0.657715,0.459425,0.807617,0.787354,0.750250,0.534644,240.740005,3385.000000
2324.000000,-107.438629,0.662109,0.460943,0.812988,0.793213,0.754927,0.539215,232.779999,3378.000000
2325.000000,-110.879356,0.661621,0.458571,0.813232,0.788818,0.754390,0.533782,228.559998,3367.000000
2326.000000,-112.288353,0.662354,0.457843,0.813477,0.792236,0.754114,0.534917,236.050003,3358.000000
2327.000000,-114.306847,0.665039,0.457950,0.813477,0.794922,0.754833,0.535747,235.750000,3358.000000
2328.000000,-106.431946,0.668457,0.458933,0.814697,0.798340,0.756691,0.536784,222.339996,3362.000000
2329.000000,-112.324089,0.662842,0.455976,0.807373,0.790527,0.750800,0.531644,226.570007,3405.000000
2330.000000,-123.732674,0.657227,0.452946,0.800293,0.782959,0.743493,0.527756,257.440002,3408.000000
2331.000000,-109.911797,0.663086,0.456126,0.805664,0.788086,0.749383,0.530754,232.869995,3417.000000
2332.000000,-117.767937,0.663086,0.454190,0.805420,0.787842,0.748724,0.529725,245.160004,3362.000000
2333.000000,-110.638115,0.666260,0.455552,0.810547,0.789551,0.753975,0.530118,228.679993,3342.000000
2334.000000,-117.848267,0.666992,0.453567,0.810791,0.793213,0.754563,0.530315,250.660004,3340.000000
2335.000000,-112.129570,0.660400,0.451611,0.809082,0.783447,0.752990,0.525517,238.149994,3404.000000
2336.000000,-107.940590,0.665283,0.456711,0.811523,0.791992,0.755118,0.534009,223.339996,3397.000000
2337.000000,-108.967064,0.670410,0.463697,0.813965,0.794189,0.757611,0.537900,231.580002,3414.000000
2338.000000,-109.162102,0.666748,0.460803,0.811523,0.790771,0.754723,0.535520,232.770004,3382.000000
2339.000000,-110.015579,0.666504,0.462267,0.807373,0.787598,0.750685,0.535491,226.169998,3387.000000
2340.000000,-114.530281,0.657715,0.456919,0.802979,0.778076,0.746755,0.529685,240.309998,3377.000000
2341.000000,-110.700317,0.658447,0.457388,0.802490,0.781738,0.746132,0.533861,239.259995,3346.000000
2342.000000,-104.655670,0.659180,0.459981,0.809082,0.780518,0.752949,0.533071,220.899994,3399.000000
2343.000000,-119.259583,0.662109,0.462266,0.805664,0.782227,0.748977,0.534948,249.830002,3351.000000
2344.000000,-107.938553,0.654297,0.455913,0.801270,0.780518,0.744892,0.532892,232.020004,3366.000000
2345.000000,-114.556152,0.655273,0.457068,0.800049,0.781982,0.744674,0.533810,236.889999,3366.000000
2346.000000,-107.407898,0.662842,0.465702,0.803711,0.784424,0.749882,0.536100,222.100006,3374.000000
2347.000000,-113.585060,0.662598,0.462479,0.809326,0.791016,0.754540,0.539500,234.600006,3379.000000
2348.000000,-110.207443,0.661865,0.463373,0.801270,0.790527,0.747141,0.541081,234.240005,3335.000000
2349.000000,-102.223389,0.656738,0.457794,0.797119,0.785889,0.742790,0.535330,221.610001,3388.000000
2350.000000,-121.695000,0.653809,0.460011,0.790771,0.781982,0.736907,0.535971,261.079987,3402.000000
2351.000000,-102.599976,0.650879,0.457738,0.789551,0.779541,0.735178,0.535001,217.600006,3351.000000
2352.000000,-109.193855,0.648926,0.455778,0.792969,0.775391,0.737425,0.532627,228.880005,3356.000000
2353.000000,-115.269150,0.650879,0.455298,0.798828,0.779297,0.741382,0.536551,242.970001,3373.000000
2354.000000,-122.915062,0.658936,0.460858,0.802246,0.784668,0.744229,0.539191,253.139999,3359.000000
2355.000000,-111.204330,0.657227,0.459546,0.802490,0.781250,0.744762,0.536399,218.160004,3345.000000
2356.000000,-132.371536,0.658203,0.460051,0.803955,0.781250,0.745515,0.536332,254.080002,3375.000000
2357.000000,-117.656425,0.660889,0.462176,0.803223,0.786865,0.744652,0.541299,237.309998,3358.000000
2358.000000,-110.975342,0.662354,0.463685,0.805664,0.790771,0.746967,0.545023,230.160004,3359.000000
2359.000000,-110.760010,0.663086,0.464611,0.807373,0.790039,0.748435,0.544582,222.149994,3359.000000
2360.000000,-102.749733,0.664551,0.464210,0.808838,0.785156,0.749604,0.540015,215.289993,3358.000000
2361.000000,-117.142349,0.672363,0.470269,0.813965,0.791748,0.754912,0.545134,242.490005,3342.000000
2362.000000,-98.788872,0.662109,0.462625,0.805420,0.787109,0.747711,0.542311,214.550003,3363.000000
2363.000000,-109.452698,0.664307,0.462626,0.805908,0.788574,0.747750,0.541172,226.520004,3355.000000
2364.000000,-101.624214,0.670898,0.467213,0.813721,0.795654,0.755134,0.547308,213.759995,3346.000000
2365.000000,-98.710938,0.668701,0.467534,0.812744,0.792969,0.754446,0.545965,215.449997,3373.000000
2366.000000,-110.989502,0.667480,0.465101,0.809570,0.792480,0.752095,0.543218,231.970001,3347.000000
2367.000000,-128.262009,0.670898,0.465024,0.810547,0.796387,0.752867,0.543873,253.860001,3362.000000
2368.000000,-106.742142,0.664551,0.458467,0.803955,0.795898,0.745200,0.542421,226.410004,3339.000000
2369.000000,-121.284927,0.661621,0.459293,0.798340,0.787842,0.740612,0.539274,242.630005,3288.000000
2370.000000,-106.041954,0.660400,0.459605,0.799316,0.788086,0.742342,0.539412,221.860001,3371.000000
2371.000000,-112.774773,0.656250,0.456721,0.795166,0.785645,0.738135,0.537865,233.410004,3360.000000
2372.000000,-109.767303,0.657471,0.458988,0.798828,0.787842,0.742027,0.542326,233.229996,3378.000000
2373.000000,-102.373833,0.658936,0.461131,0.801025,0.785645,0.743482,0.538978,218.850006,3361.000000
2374.000000,-127.692627,0.657959,0.458809,0.801270,0.787354,0.744287,0.539381,251.929993,3350.000000
2375.000000,-98.873680,0.659424,0.458634,0.805664,0.789307,0.748768,0.537310,211.860001,3346.000000
2376.000000,-106.624924,0.658936,0.457870,0.804688,0.787598,0.748607,0.536228,217.440002,3341.000000
2377.000000,-115.433250,0.658936,0.458297,0.802490,0.784668,0.747716,0.535376,241.160004,3344.000000
2378.000000,-105.960587,0.657471,0.460173,0.803711,0.780273,0.749030,0.534241,222.559998,3359.000000
2379.000000,-111.399467,0.657959,0.460493,0.805908,0.779297,0.750231,0.531903,229.960007,3363.000000
2380.000000,-107.892998,0.661621,0.463457,0.809570,0.785400,0.753536,0.538436,228.050003,3355.000000
2381.000000,-101.487549,0.666748,0.465475,0.813477,0.791992,0.757281,0.543253,217.699997,3316.000000
2382.000000,-108.987411,0.663086,0.462113,0.808594,0.790283,0.752349,0.541040,231.770004,3318.000000
2383.000000,-101.180382,0.663818,0.461754,0.808594,0.792725,0.751471,0.541648,220.250000,3308.000000
2384.000000,-108.715065,0.661133,0.460844,0.805420,0.787842,0.747495,0.539209,227.850006,3209.000000
2385.000000,-119.582359,0.658447,0.456726,0.798828,0.784912,0.740353,0.538370,250.279999,3278.000000
2386.000000,-123.088036,0.663574,0.460110,0.803955,0.789795,0.744334,0.543037,249.339996,3350.000000
2387.000000,-97.624870,0.663086,0.460676,0.806641,0.791748,0.746917,0.545285,204.490005,3330.000000
2388.000000,-110.797394,0.664062,0.463321,0.806885,0.791992,0.746706,0.545869,229.589996,3334.000000
2389.000000,-113.930450,0.661133,0.459173,0.802002,0.787598,0.741811,0.539339,239.289993,3339.000000
2390.000000,-112.595177,0.659180,0.458190,0.802490,0.784180,0.742226,0.536062,236.210007,3340.000000
2391.000000,-118.703705,0.664551,0.458366,0.807861,0.792969,0.746796,0.540088,253.270004,3349.000000
2392.000000,-116.138397,0.662109,0.457695,0.806152,0.790039,0.744499,0.539899,231.119995,3345.000000
2393.000000,-118.114258,0.660645,0.457648,0.806641,0.787598,0.744452,0.539497,238.979996,3346.000000
2394.000000,-122.326279,0.656006,0.453524,0.805908,0.784668,0.744287,0.535745,242.589996,3342.000000
2395.000000,-120.370209,0.657471,0.454991,0.808350,0.779785,0.747519,0.531546,249.179993,3355.000000
2396.000000,-115.347923,0.656250,0.452828,0.807617,0.780029,0.746967,0.530443,236.729996,3336.000000
2397.000000,-109.259819,0.650391,0.450015,0.800293,0.775146,0.740526,0.529161,228.179993,3347.000000
2398.000000,-119.973625,0.652832,0.451095,0.808594,0.779785,0.749216,0.532026,247.210007,3375.000000
2399.000000,-108.719414,0.656250,0.451364,0.810547,0.780762,0.750337,0.531098,230.320007,3350.000000
2400.000000,-127.203896,0.652588,0.449246,0.808105,0.783691,0.747624,0.534982,248.119995,3412.000000
2401.000000,-111.845909,0.654297,0.451798,0.806885,0.783691,0.745771,0.535088,234.190002,3392.000000
2402.000000,-107.208221,0.655029,0.452723,0.804688,0.783447,0.744453,0.535263,227.300003,3353.000000
2403.000000,-105.347137,0.646973,0.446900,0.798096,0.776611,0.738267,0.529036,221.770004,3347.000000
2404.000000,-106.555779,0.642578,0.444001,0.797363,0.773193,0.738208,0.525529,225.440002,3354.000000
2405.000000,-111.519325,0.633301,0.437469,0.790771,0.766357,0.731812,0.520337,231.389999,3361.000000
2406.000000,-107.513466,0.636719,0.440567,0.789551,0.767578,0.730483,0.521540,230.679993,3362.000000
2407.000000,-117.395012,0.635498,0.439856,0.790771,0.769043,0.731960,0.524645,244.830002,3348.000000
2408.000000,-119.467346,0.643799,0.448030,0.793701,0.775879,0.734869,0.531552,252.119995,3403.000000
2409.000000,-105.766281,0.644287,0.448675,0.799561,0.770508,0.741865,0.526362,222.029999,3370.000000
2410.000000,-113.469307,0.647217,0.450096,0.803223,0.778564,0.746237,0.532187,236.809998,3388.000000
2411.000000,-108.439674,0.650879,0.454985,0.806396,0.781006,0.749651,0.534386,229.669998,3378.000000
2412.000000,-104.200699,0.652588,0.454718,0.807373,0.781250,0.749086,0.532513,216.410004,3367.000000
2413.000000,-112.107895,0.654297,0.454885,0.806885,0.785645,0.749080,0.535949,233.240005,3364.000000
2414.000000,-122.983078,0.652100,0.453074,0.803711,0.784912,0.747179,0.534669,249.630005,3371.000000
2415.000000,-108.027184,0.653809,0.454275,0.805908,0.786865,0.748784,0.537413,231.759995,3350.000000
2416.000000,-105.956833,0.650635,0.452709,0.802490,0.779297,0.745232,0.533177,220.190002,3351.000000
2417.000000,-112.894814,0.656006,0.455368,0.805908,0.782715,0.748559,0.533999,235.000000,3354.000000
2418.000000,-108.604790,0.656982,0.455628,0.808838,0.781006,0.753284,0.530457,229.240005,3190.000000
2419.000000,-115.683929,0.659912,0.458506,0.807129,0.784668,0.751640,0.533615,239.610001,3348.000000
2420.000000,-109.385536,0.655762,0.455061,0.801270,0.783691,0.745729,0.533440,233.440002,3342.000000
2421.000000,-98.808716,0.650391,0.449035,0.800049,0.778809,0.743483,0.528182,209.240005,3342.000000
2422.000000,-105.250031,0.653320,0.450391,0.801758,0.781006,0.744540,0.529966,221.529999,3370.000000
2423.000000,-113.197441,0.656006,0.451597,0.801758,0.784180,0.744062,0.531236,241.669998,3359.000000
2424.000000,-115.184563,0.652832,0.449359,0.799805,0.781982,0.741261,0.530614,247.820007,3335.000000
2425.000000,-107.967339,0.651367,0.450417,0.798340,0.784180,0.741910,0.532854,227.880005,3346.000000
2426.000000,-100.711853,0.656738,0.453585,0.799072,0.788086,0.741491,0.535469,208.139999,3337.000000
2427.000000,-111.805214,0.657471,0.451693,0.802246,0.788574,0.743503,0.535526,241.210007,3333.000000
2428.000000,-117.431419,0.664795,0.456708,0.805908,0.795166,0.746476,0.540693,237.149994,3334.000000
2429.000000,-115.473549,0.668945,0.457042,0.810791,0.796143,0.750144,0.538256,244.679993,3326.000000
2430.000000,-119.433449,0.663574,0.450761,0.810303,0.791260,0.748926,0.534576,236.119995,3346.000000
2431.000000,-107.848297,0.658203,0.448377,0.802002,0.787842,0.741107,0.533225,224.600006,3346.000000
2432.000000,-106.034065,0.661621,0.450458,0.800781,0.787109,0.738874,0.531373,224.960007,3336.000000
2433.000000,-121.174835,0.658691,0.448178,0.802002,0.783203,0.740687,0.529279,254.100006,3259.000000
2434.000000,-112.404922,0.650391,0.445907,0.795410,0.776855,0.735577,0.527135,243.360001,3357.000000
2435.000000,-106.275597,0.646484,0.444811,0.791016,0.775146,0.732072,0.527760,225.020004,3357.000000
2436.000000,-112.045906,0.646240,0.447513,0.790771,0.776123,0.733023,0.530578,231.919998,3351.000000
2437.000000,-111.741127,0.649414,0.448688,0.796631,0.784180,0.739727,0.535948,232.800003,3358.000000
2438.000000,-104.134361,0.651855,0.451367,0.800049,0.786377,0.742658,0.538286,216.380005,3359.000000
2439.000000,-107.242004,0.651367,0.454567,0.803711,0.781006,0.747037,0.535262,232.309998,3360.000000
2440.000000,-118.948822,0.653809,0.454941,0.801758,0.783447,0.743765,0.536077,233.990005,3357.000000
2441.000000,-99.563850,0.653076,0.452808,0.800781,0.785156,0.741894,0.536844,216.529999,3349.000000
2442.000000,-100.925201,0.652344,0.450633,0.800049,0.786621,0.742562,0.535237,215.330002,3355.000000
2443.000000,-98.247475,0.650391,0.447638,0.798096,0.784180,0.739662,0.532537,213.839996,3353.000000
2444.000000,-120.464050,0.650879,0.446559,0.798584,0.782471,0.739372,0.529810,252.350006,3385.000000
2445.000000,-97.580894,0.646729,0.446106,0.794434,0.776855,0.735452,0.527371,210.229996,3355.000000
2446.000000,-99.232979,0.645752,0.444720,0.798828,0.776611,0.739039,0.526483,210.789993,3368.000000
2447.000000,-110.137733,0.651123,0.450547,0.799805,0.778076,0.741056,0.528719,231.270004,3359.000000
2448.000000,-108.427094,0.650146,0.449615,0.796875,0.779053,0.738171,0.530520,226.020004,3353.000000
2449.000000,-105.073067,0.651123,0.450357,0.797852,0.781006,0.739797,0.531456,222.919998,3356.000000
2450.000000,-103.126221,0.649170,0.451590,0.796143,0.781006,0.740093,0.534371,218.429993,3352.000000
2451.000000,-132.592117,0.651123,0.453773,0.800781,0.784180,0.745590,0.536815,256.619995,3375.000000
2452.000000,-126.071571,0.655762,0.457410,0.809570,0.784424,0.753769,0.536999,257.519989,3368.000000
2453.000000,-107.301498,0.653320,0.455897,0.808350,0.783203,0.752015,0.538564,225.490005,3367.000000
2454.000000,-108.175423,0.662598,0.461924,0.817871,0.790283,0.763219,0.541539,228.889999,3364.000000
2455.000000,-111.071907,0.661133,0.461631,0.814209,0.787354,0.761145,0.537905,235.169998,3338.000000
2456.000000,-116.017891,0.656006,0.461689,0.805176,0.781738,0.752807,0.537066,241.389999,3341.000000
2457.000000,-114.205139,0.650879,0.455534,0.801514,0.775391,0.747809,0.529895,237.330002,3351.000000
2458.000000,-113.179527,0.644287,0.450169,0.798584,0.768799,0.743841,0.524897,234.270004,3371.000000
2459.000000,-106.302643,0.642822,0.447079,0.794189,0.770020,0.738739,0.524807,223.229996,3343.000000
2460.000000,-130.030350,0.637451,0.442570,0.791748,0.766602,0.735963,0.520571,258.399994,3329.000000
2461.000000,-120.881363,0.639160,0.442657,0.794678,0.770508,0.738342,0.524485,255.029999,3343.000000
2462.000000,-101.170486,0.636963,0.439995,0.793457,0.770996,0.735510,0.525659,214.250000,3327.000000
2463.000000,-113.616356,0.639893,0.445714,0.793457,0.772217,0.736551,0.529171,237.690002,3351.000000
2464.000000,-114.448212,0.635986,0.443425,0.793213,0.768311,0.736465,0.525934,231.690002,3354.000000
2465.000000,-109.308952,0.634033,0.442100,0.790283,0.768311,0.732968,0.527382,231.710007,3356.000000
2466.000000,-101.396095,0.645264,0.450886,0.801758,0.775635,0.743543,0.533540,215.639999,3357.000000
2467.000000,-98.089928,0.649414,0.454261,0.803223,0.778809,0.743195,0.536799,208.809998,3395.000000
2468.000000,-123.725548,0.652100,0.454622,0.809570,0.779053,0.749515,0.536777,252.110001,3344.000000
2469.000000,-113.445114,0.647217,0.449873,0.800049,0.777344,0.739815,0.535136,234.949997,3341.000000
2470.000000,-115.239891,0.637451,0.442864,0.795898,0.768799,0.736474,0.526771,240.539993,3403.000000
2471.000000,-123.711990,0.638672,0.443925,0.794922,0.767334,0.735289,0.525600,248.139999,3398.000000
2472.000000,-109.091843,0.641113,0.443550,0.798096,0.772217,0.737339,0.527520,225.830002,3367.000000
2473.000000,-105.897186,0.642578,0.443765,0.801758,0.775391,0.740685,0.527624,221.259995,3372.000000
2474.000000,-139.974121,0.647705,0.447687,0.807617,0.778809,0.745666,0.529560,279.329987,3409.000000
2475.000000,-112.642471,0.642822,0.442022,0.804932,0.779297,0.742285,0.528456,224.020004,3344.000000
2476.000000,-114.288582,0.643066,0.441159,0.805420,0.777832,0.742653,0.525259,233.970001,3350.000000
2477.000000,-105.252792,0.644043,0.443206,0.801758,0.781982,0.739446,0.529717,227.199997,3346.000000
2478.000000,-112.772362,0.646729,0.447160,0.803955,0.788086,0.742339,0.535845,243.610001,3375.000000
2479.000000,-121.789833,0.650391,0.450712,0.805664,0.786377,0.744660,0.535704,244.729996,3354.000000
2480.000000,-114.195999,0.647705,0.449813,0.805908,0.781250,0.745009,0.534260,232.839996,3384.000000
2481.000000,-117.568329,0.655273,0.457664,0.808350,0.789062,0.748013,0.541778,226.960007,3349.000000
2482.000000,-102.653038,0.655029,0.456283,0.808594,0.788086,0.748411,0.538367,215.589996,3367.000000
2483.000000,-105.025810,0.657715,0.459601,0.808350,0.793945,0.748350,0.543272,219.860001,3362.000000
2484.000000,-102.476097,0.662109,0.461902,0.812500,0.794922,0.751316,0.543370,218.259995,3372.000000
2485.000000,-117.663666,0.660645,0.461187,0.811523,0.791992,0.750988,0.542944,245.869995,3354.000000
2486.000000,-105.875244,0.658691,0.459416,0.808350,0.790527,0.748394,0.540547,221.869995,3353.000000
2487.000000,-129.289459,0.655273,0.453480,0.809814,0.790527,0.749494,0.537598,253.919998,3360.000000
2488.000000,-111.466049,0.652100,0.451225,0.813965,0.784912,0.753643,0.535055,235.759995,3363.000000
2489.000000,-105.975388,0.651367,0.452222,0.812256,0.781006,0.751962,0.532399,230.949997,3361.000000
2490.000000,-104.815849,0.652100,0.452344,0.805908,0.779297,0.744452,0.530305,216.130005,3358.000000
2491.000000,-122.190041,0.650391,0.449406,0.804199,0.779053,0.742816,0.529190,260.920013,3399.000000
2492.000000,-104.401924,0.653564,0.451601,0.810059,0.784180,0.749322,0.532024,221.229996,3381.000000
2493.000000,-104.271149,0.650391,0.449769,0.806396,0.781494,0.747826,0.530657,219.020004,3350.000000
2494.000000,-107.793198,0.655762,0.454211,0.808838,0.782715,0.749714,0.530633,234.270004,3372.000000
2495.000000,-118.370079,0.658936,0.457226,0.811035,0.786133,0.754414,0.534846,247.910004,3372.000000
2496.000000,-114.773521,0.657227,0.457443,0.809570,0.786133,0.753520,0.536414,235.479996,3373.000000
2497.000000,-112.039452,0.654297,0.457499,0.805664,0.781250,0.749981,0.534333,235.350006,3289.000000
2498.000000,-105.605591,0.656006,0.458990,0.806152,0.779541,0.750224,0.533252,226.050003,3404.000000
2499.000000,-110.152016,0.652100,0.457021,0.808350,0.774902,0.753809,0.530703,233.800003,3418.000000
2500.000000,-104.449684,0.649170,0.455943,0.804932,0.778564,0.749801,0.535678,224.350006,3395.000000
2501.000000,-107.434059,0.657227,0.461252,0.808105,0.783691,0.751496,0.538164,226.380005,3394.000000
2502.000000,-117.664291,0.664551,0.464949,0.817383,0.785156,0.759656,0.536354,250.660004,3358.000000
2503.000000,-108.057915,0.670166,0.467092,0.818848,0.791504,0.759509,0.540158,228.750000,3367.000000
2504.000000,-112.493347,0.669678,0.464920,0.818604,0.793945,0.759918,0.540714,233.020004,3400.000000
2505.000000,-113.484695,0.661865,0.461345,0.809082,0.784912,0.750810,0.535761,235.440002,3372.000000
2506.000000,-115.119102,0.659424,0.458794,0.806885,0.784668,0.749394,0.534715,237.020004,3348.000000
2507.000000,-101.982529,0.661377,0.460331,0.807373,0.786133,0.750069,0.534834,215.610001,3363.000000
2508.000000,-113.055069,0.658936,0.458195,0.806885,0.782227,0.749828,0.530954,224.860001,3338.000000
2509.000000,-107.315643,0.660400,0.457737,0.806641,0.788086,0.749206,0.535083,223.460007,3361.000000
2510.000000,-102.599991,0.665039,0.461335,0.812012,0.790771,0.754205,0.536675,223.149994,3360.000000
2511.000000,-110.437431,0.670654,0.463200,0.814941,0.798096,0.757215,0.538716,221.759995,3378.000000
2512.000000,-128.353394,0.672852,0.463261,0.813721,0.798584,0.756801,0.537359,261.140015,3376.000000
2513.000000,-105.911850,0.671143,0.461655,0.811768,0.797119,0.755126,0.536701,215.529999,3400.000000
2514.000000,-106.976654,0.671387,0.460304,0.810303,0.793945,0.753740,0.532685,231.399994,3383.000000
2515.000000,-102.523247,0.668701,0.458374,0.806885,0.794678,0.750127,0.532225,218.660004,3411.000000
2516.000000,-108.506218,0.664795,0.456004,0.808594,0.796875,0.752219,0.534008,218.619995,3350.000000
2517.000000,-108.159615,0.659668,0.453000,0.805176,0.791992,0.748804,0.530613,224.600006,3349.000000
2518.000000,-114.379387,0.652832,0.449180,0.798584,0.786377,0.741609,0.528554,242.949997,3397.000000
2519.000000,-101.129578,0.656006,0.453148,0.804443,0.790283,0.746223,0.531478,215.820007,3392.000000
2520.000000,-106.759377,0.653809,0.449678,0.803467,0.788574,0.745483,0.528497,229.410004,3382.000000
2521.000000,-110.079185,0.654541,0.449933,0.805664,0.788330,0.746117,0.529671,236.679993,3357.000000
2522.000000,-105.136597,0.653320,0.451264,0.807617,0.785156,0.748148,0.529827,219.539993,3365.000000
2523.000000,-123.482559,0.650391,0.447381,0.811035,0.781250,0.751335,0.525295,257.899994,3420.000000
2524.000000,-100.996590,0.649902,0.447122,0.807373,0.780029,0.747856,0.523225,214.830002,3381.000000
2525.000000,-110.759491,0.649658,0.444680,0.808350,0.782471,0.748019,0.522340,231.419998,3387.000000
2526.000000,-107.794479,0.646729,0.444257,0.804932,0.781738,0.744314,0.523824,224.220001,3358.000000
2527.000000,-114.267326,0.644043,0.443737,0.802002,0.776123,0.741923,0.521079,240.169998,3355.000000
2528.000000,-126.273773,0.640869,0.442240,0.798340,0.770264,0.737840,0.518834,260.230011,3360.000000
2529.000000,-106.304367,0.635254,0.436570,0.793945,0.768066,0.732906,0.517298,223.850006,3352.000000
2530.000000,-115.212090,0.637451,0.438221,0.796875,0.773193,0.734900,0.523214,241.149994,3358.000000
2531.000000,-136.900085,0.631348,0.435900,0.793945,0.764893,0.734164,0.520053,270.429993,3357.000000
2532.000000,-102.784569,0.636230,0.440119,0.801025,0.771240,0.740739,0.525688,216.679993,3382.000000
2533.000000,-103.278564,0.640869,0.443455,0.801758,0.770752,0.741649,0.523580,219.580002,3406.000000
2534.000000,-107.034332,0.632080,0.438707,0.796875,0.765625,0.737385,0.521208,225.860001,3361.000000
2535.000000,-103.972557,0.636230,0.444283,0.794678,0.771240,0.735407,0.526645,219.000000,3354.000000
2536.000000,-115.594627,0.633545,0.440749,0.795166,0.768799,0.734969,0.523128,239.449997,3348.000000
2537.000000,-113.478996,0.639404,0.444794,0.803955,0.777588,0.744339,0.528882,240.039993,3341.000000
2538.000000,-111.204384,0.644531,0.448289,0.808105,0.782959,0.748587,0.531351,228.610001,3363.000000
2539.000000,-105.406204,0.650391,0.451906,0.806641,0.790039,0.747385,0.536383,223.630005,3363.000000
2540.000000,-101.139442,0.651611,0.449675,0.805420,0.788574,0.746113,0.531756,214.419998,3346.000000
2541.000000,-106.192726,0.651611,0.447225,0.807129,0.789551,0.748027,0.529795,225.529999,3355.000000
2542.000000,-103.259445,0.647705,0.443581,0.802979,0.784424,0.743618,0.525193,214.679993,3339.000000
2543.000000,-100.942291,0.648926,0.443738,0.805664,0.785156,0.745334,0.523814,218.750000,3356.000000
2544.000000,-110.862534,0.648193,0.443173,0.807129,0.785645,0.747433,0.525071,230.960007,3375.000000
2545.000000,-105.544380,0.656738,0.448974,0.810547,0.793701,0.750574,0.529914,220.259995,3360.000000
2546.000000,-124.066002,0.656982,0.444202,0.809814,0.789307,0.748272,0.522108,248.509995,3363.000000
2547.000000,-119.226494,0.656982,0.446396,0.807861,0.788818,0.746100,0.524072,242.300003,3345.000000
2548.000000,-105.743446,0.650391,0.442158,0.804932,0.779541,0.743446,0.516679,217.360001,3387.000000
2549.000000,-119.977592,0.648193,0.441441,0.801758,0.777832,0.740697,0.517594,252.919998,3397.000000
2550.000000,-134.121490,0.642578,0.436345,0.796875,0.781250,0.736906,0.519650,270.660004,3384.000000
2551.000000,-106.611916,0.647461,0.439177,0.802002,0.783691,0.740035,0.519815,225.309998,3419.000000
2552.000000,-101.300827,0.649414,0.441407,0.804443,0.784180,0.740759,0.520091,216.320007,3411.000000
2553.000000,-103.485329,0.649902,0.440591,0.807861,0.784180,0.743502,0.518903,216.440002,3383.000000
2554.000000,-103.220970,0.645996,0.438007,0.805908,0.782715,0.741880,0.518923,225.399994,3379.000000
2555.000000,-119.453674,0.647705,0.440926,0.804443,0.780273,0.740976,0.516511,246.250000,3368.000000
2556.000000,-110.699417,0.645020,0.437607,0.802490,0.780273,0.738914,0.517041,238.630005,3390.000000
2557.000000,-113.308266,0.645996,0.442834,0.801514,0.776123,0.739289,0.517178,238.279999,3403.000000
2558.000000,-114.069962,0.643066,0.441758,0.801270,0.774658,0.739655,0.517206,236.500000,3392.000000
2559.000000,-134.237549,0.643311,0.443214,0.799805,0.775391,0.738650,0.518450,261.769989,3413.000000
2560.000000,-116.290001,0.654541,0.450970,0.810059,0.784668,0.748739,0.523785,238.580002,3405.000000
2561.000000,-111.106262,0.653320,0.450190,0.807861,0.781738,0.746060,0.523354,236.710007,3283.000000
2562.000000,-118.233337,0.651367,0.447974,0.805176,0.779053,0.745416,0.522594,237.199997,3358.000000
2563.000000,-106.306694,0.649414,0.447283,0.802979,0.779053,0.742673,0.523731,234.899994,3397.000000
2564.000000,-107.458122,0.652100,0.449138,0.804443,0.783691,0.742900,0.528934,219.820007,3405.000000
2565.000000,-123.611412,0.656494,0.453745,0.806885,0.786865,0.745443,0.532716,254.160004,3383.000000
2566.000000,-113.752373,0.657715,0.454306,0.812744,0.786865,0.749962,0.532545,235.880005,3392.000000
2567.000000,-109.846916,0.659180,0.456074,0.814209,0.784912,0.750634,0.533809,230.259995,3375.000000
2568.000000,-126.201454,0.660400,0.456041,0.811768,0.783691,0.747490,0.532568,256.209991,3379.000000
2569.000000,-120.550415,0.657959,0.450219,0.808594,0.781250,0.743564,0.528727,256.250000,3389.000000
2570.000000,-108.103477,0.656982,0.450833,0.808350,0.784180,0.745964,0.530982,227.660004,3384.000000
2571.000000,-111.266388,0.654053,0.448443,0.803467,0.788086,0.740615,0.535470,228.210007,3375.000000
2572.000000,-125.012238,0.650879,0.446924,0.802246,0.782471,0.739166,0.530962,248.809998,3354.000000
2573.000000,-111.073761,0.657715,0.451718,0.804443,0.787598,0.740697,0.534599,235.259995,3379.000000
2574.000000,-120.568245,0.656006,0.449510,0.802002,0.787598,0.738002,0.533931,242.389999,3401.000000
2575.000000,-111.856369,0.653564,0.447390,0.801514,0.785889,0.738416,0.532688,238.300003,3354.000000
2576.000000,-103.919044,0.657715,0.451437,0.805420,0.787354,0.743217,0.534283,216.940002,3358.000000
2577.000000,-118.447113,0.656250,0.449681,0.812012,0.783691,0.749294,0.530790,238.229996,3366.000000
2578.000000,-106.279816,0.659424,0.451251,0.817871,0.785400,0.754643,0.529642,223.350006,3353.000000
2579.000000,-110.849632,0.657227,0.449503,0.813965,0.786377,0.750634,0.529393,235.820007,3347.000000
2580.000000,-111.011200,0.658203,0.451957,0.814697,0.789062,0.752773,0.532825,231.910004,3379.000000
2581.000000,-128.689987,0.660156,0.450936,0.815674,0.789795,0.752604,0.530905,256.869995,3366.000000
2582.000000,-107.943665,0.655762,0.447985,0.808594,0.783691,0.746446,0.526978,232.830002,3366.000000
2583.000000,-112.942940,0.649658,0.441809,0.800049,0.780273,0.738075,0.523396,227.399994,3360.000000
2584.000000,-115.756409,0.646484,0.439786,0.796387,0.776123,0.735598,0.520008,242.839996,3369.000000
2585.000000,-100.020660,0.645508,0.440211,0.798096,0.777588,0.737991,0.521479,212.970001,3361.000000
2586.000000,-116.312843,0.640869,0.438307,0.796875,0.773193,0.736971,0.519310,242.660004,3360.000000
2587.000000,-111.666893,0.648682,0.443839,0.798828,0.779297,0.740020,0.524497,233.699997,3407.000000
2588.000000,-121.364548,0.651611,0.443288,0.800781,0.783691,0.742312,0.524256,251.649994,3415.000000
2589.000000,-118.599205,0.650635,0.440849,0.802246,0.785156,0.743766,0.524002,239.429993,3404.000000
2590.000000,-107.975746,0.649902,0.442061,0.797852,0.783936,0.741091,0.524556,223.750000,3361.000000
2591.000000,-109.353844,0.647217,0.441310,0.798340,0.779541,0.741949,0.520979,227.820007,3371.000000
2592.000000,-119.500381,0.648193,0.441942,0.803467,0.781738,0.747476,0.523534,237.050003,3371.000000
2593.000000,-115.025024,0.649902,0.444552,0.805908,0.780273,0.748657,0.523263,228.410004,3371.000000
2594.000000,-110.536369,0.654297,0.445013,0.813477,0.786133,0.755598,0.524075,236.259995,3415.000000
2595.000000,-120.615883,0.648682,0.440950,0.809082,0.779541,0.751216,0.519475,248.699997,3406.000000
2596.000000,-116.229156,0.647461,0.440082,0.807129,0.776611,0.749823,0.518278,242.059998,3405.000000
2597.000000,-101.417999,0.641357,0.433807,0.802246,0.769531,0.744454,0.512230,216.630005,3428.000000
2598.000000,-99.834213,0.641357,0.433561,0.804932,0.771729,0.746937,0.512537,208.369995,3357.000000
2599.000000,-118.277382,0.648193,0.439595,0.805420,0.774658,0.747594,0.514616,246.449997,3366.000000
2600.000000,-114.098007,0.651123,0.440291,0.811035,0.778809,0.752541,0.518363,245.589996,3401.000000
2601.000000,-102.960358,0.649658,0.439780,0.808594,0.776123,0.750889,0.517034,214.350006,3373.000000
2602.000000,-116.246857,0.646484,0.438185,0.807861,0.774902,0.750746,0.515221,242.600006,3372.000000
2603.000000,-104.298813,0.643799,0.434530,0.802490,0.773682,0.744976,0.513881,213.710007,3350.000000
2604.000000,-100.462631,0.636719,0.432203,0.791260,0.770020,0.734823,0.514666,214.309998,3378.000000
2605.000000,-120.000534,0.635010,0.429545,0.791748,0.769775,0.735877,0.513914,253.169998,3392.000000
2606.000000,-98.828743,0.637939,0.431968,0.793945,0.771973,0.737940,0.513977,214.149994,3405.000000
2607.000000,-108.937935,0.645264,0.437957,0.805420,0.781006,0.748626,0.521554,234.479996,3419.000000
2608.000000,-121.372932,0.649414,0.441797,0.810303,0.780762,0.753725,0.520750,239.270004,3396.000000
2609.000000,-105.602081,0.655029,0.445576,0.811768,0.785889,0.754488,0.523243,227.399994,3370.000000
2610.000000,-106.349304,0.649902,0.440797,0.809082,0.782471,0.752069,0.519584,220.250000,3393.000000
2611.000000,-104.975906,0.652588,0.444768,0.811035,0.782959,0.754430,0.521813,228.529999,3357.000000
2612.000000,-107.668213,0.646729,0.443161,0.803223,0.777832,0.747842,0.519736,230.660004,3354.000000
2613.000000,-109.183838,0.640137,0.438520,0.791992,0.773682,0.736033,0.517268,227.960007,3388.000000
2614.000000,-125.867340,0.642822,0.439501,0.796387,0.780273,0.740980,0.522214,257.980011,3364.000000
2615.000000,-130.235870,0.646973,0.445386,0.801758,0.780762,0.745998,0.525737,256.190002,3356.000000
2616.000000,-116.705589,0.650879,0.447398,0.802734,0.782715,0.747258,0.527380,246.309998,3370.000000
2617.000000,-101.804771,0.647217,0.445612,0.803467,0.778320,0.747907,0.524667,217.600006,3379.000000
2618.000000,-114.397896,0.646484,0.445552,0.803711,0.778564,0.747537,0.525891,227.589996,3373.000000
2619.000000,-112.615776,0.650146,0.447141,0.807129,0.786133,0.751006,0.530803,233.330002,3405.000000
2620.000000,-114.114380,0.656738,0.451738,0.812744,0.794434,0.755392,0.535536,238.779999,3382.000000
2621.000000,-117.555283,0.661133,0.454803,0.816895,0.797363,0.758398,0.536561,241.619995,3402.000000
2622.000000,-119.772568,0.663818,0.458755,0.814209,0.795410,0.756314,0.535255,244.119995,3334.000000
2623.000000,-111.677780,0.657471,0.453959,0.808350,0.786621,0.751404,0.527688,222.690002,3356.000000
2624.000000,-116.955826,0.652588,0.449989,0.801270,0.780273,0.744344,0.524059,241.339996,3375.000000
2625.000000,-112.793137,0.654053,0.451798,0.801025,0.781494,0.745014,0.526611,240.809998,3271.000000
2626.000000,-118.164040,0.657227,0.456673,0.803955,0.784668,0.748886,0.530209,255.210007,3329.000000
2627.000000,-113.178314,0.656250,0.455943,0.802490,0.787598,0.747601,0.532885,241.949997,3378.000000
2628.000000,-115.160980,0.665527,0.464581,0.812012,0.792480,0.757585,0.536870,239.639999,3395.000000
2629.000000,-111.174904,0.666748,0.466208,0.812988,0.796387,0.759442,0.539751,233.669998,3389.000000
2630.000000,-107.064377,0.668701,0.468346,0.811523,0.798096,0.759184,0.540403,223.869995,3381.000000
2631.000000,-107.667641,0.668457,0.467715,0.809570,0.797363,0.757212,0.540672,232.210007,3367.000000
2632.000000,-103.955849,0.656982,0.458964,0.798584,0.783936,0.747378,0.530646,219.369995,3341.000000
2633.000000,-129.074066,0.649414,0.454000,0.790771,0.780762,0.739306,0.530849,253.720001,3366.000000
2634.000000,-119.276253,0.646973,0.449866,0.788086,0.776123,0.736483,0.525929,252.339996,3365.000000
2635.000000,-118.652222,0.643799,0.445471,0.789062,0.776367,0.737010,0.526643,245.050003,3355.000000
2636.000000,-118.874588,0.653076,0.454413,0.797607,0.784424,0.744838,0.534796,245.509995,3368.000000
2637.000000,-115.359619,0.654785,0.454563,0.800049,0.788330,0.745839,0.536842,246.619995,3362.000000
2638.000000,-101.116127,0.655029,0.455253,0.800293,0.788086,0.747065,0.536008,217.429993,3377.000000
2639.000000,-112.058861,0.654541,0.457456,0.800293,0.782715,0.747658,0.534130,232.740005,3337.000000
2640.000000,-104.652122,0.655762,0.457977,0.796631,0.782471,0.743617,0.534139,220.000000,3356.000000
2641.000000,-112.116562,0.654053,0.457121,0.796875,0.783203,0.743085,0.536180,237.130005,3335.000000
2642.000000,-107.882133,0.652832,0.452321,0.799072,0.781006,0.744375,0.531473,228.020004,3356.000000
2643.000000,-117.670853,0.654297,0.452751,0.803711,0.785400,0.748778,0.535970,241.759995,3367.000000
2644.000000,-112.273209,0.656982,0.454820,0.804932,0.781738,0.749507,0.532688,225.479996,3350.000000
2645.000000,-115.377373,0.657227,0.455216,0.801270,0.781738,0.746468,0.532702,251.860001,3371.000000
2646.000000,-111.499397,0.650146,0.450338,0.795898,0.776855,0.741300,0.530433,238.300003,3355.000000
2647.000000,-106.046890,0.651123,0.447369,0.800293,0.781250,0.745058,0.529825,222.800003,3368.000000
2648.000000,-124.486557,0.656250,0.450073,0.805420,0.785400,0.749150,0.531280,256.459991,3353.000000
2649.000000,-108.909103,0.663086,0.456460,0.812012,0.787109,0.754848,0.532784,227.229996,3344.000000
2650.000000,-109.685402,0.656738,0.450281,0.807373,0.782959,0.749265,0.528382,233.830002,3364.000000
2651.000000,-105.497658,0.659180,0.450625,0.805908,0.786621,0.747473,0.530326,223.250000,3351.000000
2652.000000,-101.491310,0.657227,0.450206,0.802734,0.785889,0.744739,0.530287,214.479996,3361.000000
2653.000000,-114.326935,0.654297,0.448697,0.797119,0.782227,0.740120,0.527111,230.919998,3359.000000
2654.000000,-111.066818,0.652832,0.447480,0.795166,0.779541,0.737903,0.525714,218.119995,3368.000000
2655.000000,-117.184349,0.655029,0.448330,0.795654,0.784180,0.737321,0.529302,234.059998,3368.000000
2656.000000,-113.272423,0.653320,0.447068,0.797119,0.783447,0.738959,0.529119,243.630005,3353.000000
2657.000000,-109.709312,0.656006,0.447496,0.802490,0.788818,0.744064,0.532441,233.199997,3351.000000
2658.000000,-122.232178,0.660156,0.450484,0.804688,0.794189,0.746795,0.536828,248.429993,3353.000000
2659.000000,-108.557106,0.653809,0.445632,0.801025,0.785400,0.742134,0.529380,232.520004,3333.000000
2660.000000,-126.313042,0.658691,0.447865,0.804688,0.788330,0.746185,0.529992,248.250000,3350.000000
2661.000000,-114.700607,0.661621,0.449212,0.806641,0.790283,0.747316,0.530695,236.029999,3354.000000
2662.000000,-113.150856,0.659180,0.447076,0.803223,0.785889,0.743630,0.526563,239.100006,3366.000000
2663.000000,-132.834976,0.658447,0.449672,0.805664,0.782471,0.745689,0.526530,267.309998,3382.000000
2664.000000,-105.175369,0.660156,0.449881,0.803467,0.782715,0.742479,0.527630,225.320007,3349.000000
2665.000000,-122.948288,0.659912,0.449410,0.802246,0.784180,0.742144,0.529477,247.690002,3355.000000
2666.000000,-122.808670,0.660889,0.449236,0.804932,0.783447,0.745333,0.527480,244.610001,3336.000000
2667.000000,-110.245430,0.655518,0.443754,0.800537,0.779297,0.740357,0.525000,236.800003,3338.000000
2668.000000,-114.380768,0.657959,0.447315,0.799805,0.781494,0.740098,0.528684,242.500000,3334.000000
2669.000000,-106.065491,0.663818,0.451142,0.805420,0.783691,0.744330,0.530875,223.550003,3318.000000
2670.000000,-118.545052,0.664062,0.451985,0.808105,0.786133,0.746646,0.533523,232.220001,3360.000000
2671.000000,-119.721519,0.663086,0.453312,0.805664,0.790771,0.744686,0.536857,229.139999,3352.000000
2672.000000,-110.808975,0.658203,0.450941,0.802979,0.786621,0.742790,0.534007,236.729996,3333.000000
2673.000000,-123.094269,0.650391,0.449160,0.794678,0.779053,0.736114,0.530874,236.729996,3330.000000
2674.000000,-107.867882,0.654785,0.454099,0.798584,0.784424,0.740403,0.535631,234.699997,3342.000000
2675.000000,-114.753075,0.663086,0.458227,0.806641,0.792725,0.747919,0.540347,239.949997,3346.000000
2676.000000,-99.653259,0.663086,0.460385,0.809814,0.794922,0.752123,0.544680,214.210007,3347.000000
2677.000000,-106.399002,0.663086,0.462022,0.804199,0.795898,0.746325,0.547252,226.529999,3348.000000
2678.000000,-117.262962,0.657959,0.458176,0.802246,0.786621,0.744528,0.540144,245.580002,3331.000000
2679.000000,-128.225479,0.662109,0.459270,0.809814,0.791016,0.752670,0.540896,250.309998,3352.000000
2680.000000,-115.932076,0.660156,0.459233,0.806641,0.790771,0.750025,0.542612,242.179993,3350.000000
2681.000000,-110.201447,0.656494,0.458652,0.804688,0.788574,0.748269,0.541614,231.669998,3335.000000
2682.000000,-115.864731,0.657715,0.459435,0.806641,0.786133,0.750792,0.539024,246.389999,3332.000000
2683.000000,-99.867874,0.655273,0.458439,0.804688,0.784180,0.749119,0.538055,210.720001,3315.000000
2684.000000,-108.062920,0.650146,0.455250,0.798096,0.776123,0.742021,0.533514,230.889999,3331.000000
2685.000000,-120.172554,0.654785,0.457811,0.806885,0.783936,0.749816,0.538411,255.860001,3330.000000
2686.000000,-119.636459,0.660645,0.462372,0.810547,0.787598,0.753219,0.541365,256.730011,3348.000000
2687.000000,-116.295692,0.663818,0.464886,0.812256,0.793701,0.754761,0.546101,243.029999,3345.000000
2688.000000,-110.678391,0.670166,0.465649,0.816895,0.796631,0.758083,0.544246,231.419998,3352.000000
2689.000000,-106.979500,0.666016,0.459749,0.811279,0.796387,0.752862,0.541384,224.320007,3261.000000
2690.000000,-121.035637,0.664062,0.458271,0.807861,0.792969,0.750578,0.538220,247.660004,3348.000000
2691.000000,-112.430046,0.661621,0.453885,0.803711,0.792480,0.745103,0.536642,236.759995,3364.000000
2692.000000,-106.926567,0.660645,0.450467,0.799561,0.790527,0.738972,0.533987,226.740005,3358.000000
2693.000000,-115.611473,0.654053,0.447578,0.793945,0.786133,0.733161,0.531440,243.589996,3337.000000
2694.000000,-104.045143,0.655029,0.447826,0.798340,0.782715,0.737380,0.528057,216.369995,3343.000000
2695.000000,-109.724060,0.651855,0.445632,0.795654,0.784912,0.734154,0.531272,229.789993,3360.000000
2696.000000,-107.919968,0.657715,0.447386,0.807861,0.795166,0.746015,0.533603,233.729996,3354.000000
2697.000000,-110.764732,0.656982,0.447396,0.803223,0.794678,0.740394,0.535168,235.350006,3355.000000
2698.000000,-110.605469,0.661377,0.455254,0.803467,0.793701,0.741819,0.537777,229.839996,3356.000000
2699.000000,-103.388763,0.657959,0.451156,0.802734,0.786377,0.741926,0.528796,220.080002,3363.000000
2700.000000,-106.250244,0.648438,0.444634,0.793701,0.780273,0.732565,0.526407,228.500000,3356.000000
2701.000000,-105.659081,0.647461,0.444838,0.791748,0.781006,0.730914,0.527749,223.270004,3363.000000
2702.000000,-106.450722,0.649658,0.446531,0.798340,0.786865,0.736359,0.532858,225.970001,3354.000000
2703.000000,-107.224586,0.655762,0.453074,0.807373,0.792969,0.745732,0.537167,230.139999,3341.000000
2704.000000,-97.319298,0.658936,0.459447,0.805664,0.798828,0.745183,0.545134,205.020004,3350.000000
2705.000000,-108.658226,0.657471,0.460250,0.803223,0.794434,0.742602,0.543483,227.679993,3351.000000
2706.000000,-116.903282,0.658447,0.458936,0.800293,0.796143,0.739513,0.543197,252.639999,3363.000000
2707.000000,-107.685936,0.657959,0.457680,0.803711,0.795898,0.742850,0.541903,229.639999,3328.000000
2708.000000,-113.619232,0.650635,0.453014,0.802734,0.793213,0.742613,0.541491,225.080002,3331.000000
2709.000000,-117.297699,0.652588,0.455428,0.802734,0.787354,0.742235,0.536501,243.820007,3337.000000
2710.000000,-118.170525,0.649414,0.455146,0.802002,0.782959,0.742083,0.534564,242.979996,3331.000000
2711.000000,-106.977684,0.644775,0.449411,0.799805,0.785400,0.740434,0.533705,231.580002,3338.000000
2712.000000,-115.038643,0.646729,0.451167,0.799805,0.782959,0.740555,0.533007,231.460007,3345.000000
2713.000000,-110.472382,0.652100,0.454731,0.807129,0.790283,0.748441,0.538283,229.110001,3360.000000
2714.000000,-108.803307,0.652344,0.453613,0.807861,0.791260,0.749893,0.537439,227.600006,3340.000000
2715.000000,-113.788307,0.657227,0.456395,0.812500,0.796631,0.753559,0.538941,240.110001,3355.000000
2716.000000,-116.179382,0.655029,0.454105,0.809814,0.794922,0.750633,0.536976,245.350006,3355.000000
2717.000000,-101.932213,0.656494,0.455386,0.810547,0.792236,0.750516,0.534130,215.369995,3323.000000
2718.000000,-112.186295,0.651367,0.452655,0.802734,0.787598,0.743738,0.532196,239.039993,3364.000000
2719.000000,-108.708458,0.645996,0.446363,0.795654,0.783203,0.736607,0.527018,229.330002,3363.000000
2720.000000,-110.554436,0.645996,0.445724,0.798584,0.785156,0.740628,0.528402,231.190002,3359.000000
2721.000000,-116.031891,0.647949,0.446907,0.802490,0.786133,0.744030,0.530206,233.320007,3344.000000
2722.000000,-99.384445,0.645996,0.445065,0.801514,0.782227,0.742602,0.526680,216.630005,3172.000000
2723.000000,-109.779922,0.646729,0.447050,0.805420,0.783691,0.746298,0.528379,231.440002,3339.000000
2724.000000,-103.528015,0.645996,0.449304,0.802490,0.782227,0.743356,0.529162,219.190002,3339.000000
2725.000000,-102.177589,0.646240,0.447118,0.804199,0.780029,0.744753,0.525024,218.889999,3347.000000
2726.000000,-104.715828,0.648682,0.451624,0.805664,0.783691,0.746822,0.529436,220.990005,3354.000000
2727.000000,-118.378845,0.652588,0.457219,0.807861,0.785400,0.748699,0.531338,248.360001,3355.000000
2728.000000,-119.124367,0.651611,0.456215,0.810547,0.784424,0.750482,0.531296,251.479996,3355.000000
2729.000000,-117.045494,0.646240,0.452737,0.806396,0.782471,0.747957,0.531590,240.820007,3345.000000
2730.000000,-113.724892,0.643799,0.450864,0.803955,0.781738,0.745578,0.530991,240.179993,3338.000000
2731.000000,-108.436699,0.639160,0.447810,0.799805,0.775146,0.741268,0.527535,227.300003,3349.000000
2732.000000,-102.156937,0.642578,0.453403,0.804443,0.776855,0.744679,0.531004,219.080002,3356.000000
2733.000000,-106.362068,0.639404,0.452475,0.801758,0.775879,0.742145,0.530703,219.750000,3355.000000
2734.000000,-102.292618,0.641113,0.455163,0.804688,0.781006,0.743901,0.536072,217.479996,3354.000000
2735.000000,-117.350281,0.644531,0.455979,0.809326,0.786377,0.747697,0.539289,236.339996,3359.000000
2736.000000,-101.887260,0.651123,0.461278,0.811035,0.791992,0.750165,0.545024,213.770004,3342.000000
2737.000000,-109.592369,0.655029,0.462487,0.813965,0.792480,0.753486,0.543890,228.740005,3302.000000
2738.000000,-115.993279,0.654785,0.463587,0.812744,0.787842,0.751942,0.541356,245.889999,3269.000000
2739.000000,-117.413460,0.653076,0.458164,0.812256,0.784912,0.751567,0.534797,244.289993,3251.000000
2740.000000,-124.023720,0.658691,0.458600,0.817139,0.790039,0.755553,0.534965,242.979996,3086.000000
2741.000000,-117.661797,0.656494,0.455550,0.814941,0.789062,0.754429,0.533896,257.089996,3355.000000
2742.000000,-110.277657,0.658203,0.457564,0.814697,0.789551,0.753854,0.534261,220.270004,3377.000000
2743.000000,-108.086937,0.659180,0.454883,0.813965,0.790527,0.752387,0.532683,226.009995,3357.000000
2744.000000,-99.706436,0.656738,0.450288,0.813232,0.785645,0.751596,0.526108,215.389999,3356.000000
2745.000000,-113.797112,0.653809,0.445551,0.806396,0.784668,0.744729,0.523193,245.800003,3373.000000
2746.000000,-108.243477,0.654053,0.443612,0.810059,0.786621,0.747903,0.524263,225.559998,3353.000000
2747.000000,-115.116173,0.652588,0.442244,0.811035,0.782227,0.748823,0.521142,239.860001,3368.000000
2748.000000,-120.780540,0.649414,0.438431,0.806152,0.779541,0.745133,0.517273,235.660004,3357.000000
2749.000000,-118.596863,0.651611,0.440527,0.810303,0.779541,0.749557,0.518310,240.720001,3357.000000
2750.000000,-119.370621,0.648682,0.440226,0.807861,0.779541,0.749265,0.519830,248.160004,3358.000000
2751.000000,-101.295197,0.649170,0.440048,0.804688,0.778809,0.745371,0.517594,217.070007,3364.000000
2752.000000,-111.793892,0.643311,0.436117,0.802246,0.777588,0.742762,0.517230,236.949997,3351.000000
2753.000000,-117.398895,0.651611,0.442580,0.811768,0.786133,0.751671,0.523756,243.600006,3283.000000
2754.000000,-121.308403,0.653320,0.445301,0.812988,0.784668,0.753743,0.524028,245.820007,3350.000000
2755.000000,-117.937096,0.652588,0.445780,0.808350,0.781982,0.750388,0.523099,247.139999,3343.000000
2756.000000,-111.808701,0.644043,0.439094,0.798340,0.776123,0.740783,0.518832,237.259995,3357.000000
2757.000000,-122.746399,0.642822,0.440812,0.801758,0.777100,0.744680,0.523341,247.029999,3352.000000
2758.000000,-106.037933,0.641113,0.440519,0.802734,0.777100,0.746809,0.523759,225.029999,3355.000000
2759.000000,-115.526260,0.651123,0.451201,0.809082,0.780762,0.753017,0.528846,234.970001,3353.000000
2760.000000,-114.142944,0.646973,0.449347,0.801025,0.777100,0.744661,0.528407,243.449997,3361.000000
2761.000000,-104.499222,0.646973,0.451945,0.804688,0.770996,0.748299,0.525332,221.119995,3333.000000
2762.000000,-106.631088,0.645020,0.450749,0.799805,0.770508,0.743211,0.527073,225.529999,3341.000000
2763.000000,-124.067978,0.648193,0.454358,0.806152,0.777588,0.748633,0.535131,255.000000,3344.000000
2764.000000,-111.942772,0.651855,0.458174,0.804688,0.777588,0.746573,0.536208,239.759995,3348.000000
2765.000000,-125.239090,0.648926,0.455885,0.805176,0.770508,0.746855,0.531147,241.970001,3336.000000
2766.000000,-107.241638,0.643066,0.453879,0.797607,0.768555,0.739196,0.533679,226.080002,3340.000000
2767.000000,-107.839462,0.641357,0.450381,0.799561,0.773438,0.739425,0.535559,232.190002,3356.000000
2768.000000,-110.281906,0.646240,0.456491,0.804932,0.774414,0.744913,0.537068,229.619995,3357.000000
2769.000000,-104.354370,0.643799,0.451806,0.808350,0.773682,0.747428,0.534360,217.339996,3354.000000
2770.000000,-118.688347,0.649170,0.458190,0.806396,0.778564,0.746955,0.540108,230.710007,3345.000000
2771.000000,-112.659592,0.656006,0.461098,0.809082,0.782715,0.749629,0.541811,234.899994,3367.000000
2772.000000,-107.355431,0.651855,0.455707,0.807373,0.782471,0.748433,0.539742,228.419998,3361.000000
2773.000000,-111.527534,0.655273,0.455729,0.812988,0.785156,0.753536,0.540419,232.679993,3365.000000
2774.000000,-113.700691,0.649658,0.450436,0.803223,0.784912,0.744383,0.539908,242.699997,3354.000000
2775.000000,-121.568321,0.649902,0.450238,0.799316,0.785400,0.740659,0.539893,245.820007,3356.000000
2776.000000,-115.339165,0.648926,0.447643,0.797363,0.778809,0.738724,0.533555,231.929993,3335.000000
2777.000000,-114.589897,0.649170,0.445715,0.795166,0.780273,0.735425,0.533307,238.440002,3352.000000
2778.000000,-132.398712,0.639160,0.436823,0.789307,0.771729,0.730409,0.526236,258.959991,3368.000000
2779.000000,-115.087448,0.638184,0.435601,0.789795,0.769775,0.730817,0.522834,235.179993,3389.000000
2780.000000,-104.540756,0.639404,0.438713,0.793457,0.772461,0.735218,0.526333,219.020004,3353.000000
2781.000000,-135.027130,0.646973,0.442761,0.803223,0.776611,0.744152,0.528005,272.309998,3406.000000
2782.000000,-112.581688,0.649170,0.441711,0.805664,0.780762,0.745989,0.528481,236.179993,3400.000000
2783.000000,-101.133545,0.644531,0.439270,0.799805,0.775146,0.739944,0.525009,218.410004,3406.000000
2784.000000,-100.791061,0.645264,0.439607,0.799072,0.773438,0.738682,0.522567,214.179993,3415.000000
2785.000000,-102.824638,0.638184,0.435770,0.797363,0.770020,0.738083,0.519968,220.300003,3396.000000
2786.000000,-105.642220,0.645752,0.442073,0.801514,0.775146,0.741834,0.523813,221.029999,3375.000000
2787.000000,-112.240700,0.646729,0.444649,0.802002,0.778809,0.741392,0.528428,237.330002,3343.000000
2788.000000,-101.236786,0.639893,0.441270,0.801025,0.775391,0.742041,0.525490,214.149994,3342.000000
2789.000000,-106.711411,0.642090,0.442802,0.803955,0.776611,0.744656,0.524697,224.339996,3371.000000
2790.000000,-114.486870,0.644775,0.446561,0.805176,0.776855,0.745283,0.527769,243.270004,3385.000000
2791.000000,-114.937622,0.643066,0.446301,0.806885,0.775879,0.746704,0.528075,238.820007,3392.000000
2792.000000,-128.430511,0.650146,0.452829,0.808838,0.776611,0.748601,0.528562,238.839996,3408.000000
2793.000000,-131.875824,0.651123,0.453345,0.806152,0.779541,0.747288,0.530758,265.529999,3373.000000
2794.000000,-118.991913,0.647949,0.450933,0.801270,0.780273,0.742843,0.532107,236.869995,3354.000000
2795.000000,-111.743286,0.651123,0.449454,0.808350,0.781006,0.749182,0.528109,233.860001,3361.000000
2796.000000,-109.561142,0.654785,0.454010,0.806641,0.786865,0.747195,0.534101,233.789993,3386.000000
2797.000000,-117.207817,0.655762,0.453053,0.807617,0.790283,0.748394,0.535541,244.020004,3349.000000
2798.000000,-109.084694,0.654053,0.451539,0.804199,0.785889,0.747200,0.530504,225.250000,3378.000000
2799.000000,-122.179916,0.655518,0.453439,0.804932,0.785400,0.749431,0.529621,252.089996,3380.000000
2800.000000,-105.665222,0.651611,0.451449,0.802490,0.781006,0.747969,0.528240,220.350006,3373.000000
2801.000000,-129.856293,0.651611,0.451615,0.803955,0.781006,0.750044,0.527652,273.100006,3368.000000
2802.000000,-109.870216,0.657227,0.453428,0.807373,0.792480,0.751026,0.536218,233.270004,3361.000000
2803.000000,-109.204697,0.654297,0.449548,0.805908,0.795410,0.748229,0.538398,229.899994,3376.000000
2804.000000,-111.792038,0.655762,0.448880,0.806396,0.794434,0.748018,0.535990,236.080002,3358.000000
2805.000000,-107.500458,0.649170,0.442463,0.797852,0.782959,0.737621,0.525495,227.320007,3375.000000
2806.000000,-108.905914,0.643555,0.437369,0.791504,0.776123,0.731081,0.520630,226.229996,3393.000000
2807.000000,-109.373428,0.637207,0.431777,0.787842,0.776123,0.727927,0.522193,233.559998,3390.000000
2808.000000,-99.988960,0.640625,0.434775,0.791260,0.778564,0.731440,0.522367,207.740005,3392.000000
2809.000000,-105.015915,0.642822,0.436300,0.796143,0.782227,0.735244,0.524289,221.119995,3383.000000
2810.000000,-111.152641,0.642822,0.437632,0.795898,0.782715,0.735025,0.526377,233.160004,3385.000000
2811.000000,-116.325035,0.652832,0.443487,0.804688,0.787354,0.742799,0.528026,238.460007,3366.000000
2812.000000,-112.734138,0.650879,0.440498,0.805420,0.784424,0.743528,0.524767,229.059998,3329.000000
2813.000000,-103.976799,0.654785,0.447597,0.803955,0.785889,0.743121,0.528697,218.139999,3354.000000
2814.000000,-105.475800,0.657471,0.449535,0.810791,0.785889,0.749527,0.527995,227.279999,3367.000000
2815.000000,-117.066963,0.656250,0.449744,0.811035,0.785400,0.750762,0.528281,246.880005,3406.000000
2816.000000,-130.923645,0.652588,0.449226,0.806641,0.782959,0.748171,0.528407,273.239990,3351.000000
2817.000000,-99.624565,0.650146,0.450157,0.799561,0.780273,0.742092,0.528444,209.839996,3276.000000
2818.000000,-109.418762,0.644287,0.445192,0.791992,0.781494,0.735534,0.528563,229.630005,3377.000000
2819.000000,-114.513351,0.643066,0.445564,0.797119,0.779541,0.741358,0.526610,237.250000,3371.000000
2820.000000,-107.358101,0.645020,0.449580,0.796631,0.783203,0.740112,0.532496,229.389999,3359.000000
2821.000000,-113.091995,0.642578,0.447545,0.795166,0.780029,0.739216,0.529521,235.820007,3332.000000
2822.000000,-114.180908,0.645752,0.451112,0.796631,0.780273,0.740894,0.529029,233.639999,3415.000000
2823.000000,-113.325943,0.645996,0.453525,0.793701,0.780273,0.739476,0.530352,233.770004,3406.000000
2824.000000,-118.034470,0.644531,0.450402,0.794189,0.780273,0.739844,0.527267,245.410004,3399.000000
2825.000000,-106.333519,0.648682,0.453215,0.800781,0.784424,0.747005,0.529640,221.539993,3399.000000
2826.000000,-110.687508,0.658936,0.459248,0.812012,0.797119,0.758344,0.538023,231.179993,3350.000000
2827.000000,-122.799637,0.662598,0.462014,0.815430,0.795654,0.762592,0.535755,260.540009,3350.000000
2828.000000,-117.386833,0.660400,0.461915,0.812256,0.793213,0.759878,0.535865,250.929993,3382.000000
2829.000000,-116.648537,0.662842,0.462481,0.815918,0.790771,0.762420,0.533022,245.250000,3398.000000
2830.000000,-127.331787,0.659424,0.457812,0.813721,0.787354,0.760395,0.529127,248.070007,3375.000000
2831.000000,-121.515587,0.657227,0.455461,0.812744,0.787842,0.759189,0.530154,250.320007,3387.000000
2832.000000,-115.064507,0.655273,0.449402,0.808350,0.785645,0.754104,0.525606,244.419998,3367.000000
2833.000000,-117.885323,0.650146,0.442149,0.805176,0.782715,0.749485,0.521690,247.250000,3361.000000
2834.000000,-123.560104,0.646240,0.439619,0.802246,0.781982,0.746446,0.521383,256.619995,3360.000000
2835.000000,-104.526245,0.649414,0.444930,0.802490,0.781738,0.747398,0.522955,219.580002,3384.000000
2836.000000,-108.397186,0.650391,0.445224,0.798828,0.781250,0.744720,0.520940,227.899994,3382.000000
2837.000000,-111.851517,0.645264,0.444112,0.799805,0.781494,0.745888,0.525466,235.559998,3362.000000
2838.000000,-126.162727,0.650635,0.447723,0.807129,0.783691,0.751567,0.526867,256.809998,3407.000000
2839.000000,-109.396706,0.653320,0.450862,0.804199,0.788818,0.748489,0.532798,226.600006,3398.000000
2840.000000,-109.285011,0.653320,0.452701,0.805908,0.790771,0.749647,0.537041,231.199997,3409.000000
2841.000000,-109.050133,0.655518,0.454514,0.805908,0.790771,0.748315,0.537932,238.449997,3404.000000
2842.000000,-117.826469,0.660156,0.455151,0.814941,0.792480,0.757457,0.536667,246.720001,3408.000000
2843.000000,-107.384613,0.656738,0.451420,0.806396,0.788086,0.748319,0.532336,225.220001,3372.000000
2844.000000,-103.821609,0.655029,0.449841,0.806396,0.786865,0.747789,0.532039,219.199997,3381.000000
2845.000000,-106.082275,0.656982,0.450143,0.809082,0.783936,0.750428,0.528134,225.929993,3367.000000
2846.000000,-115.000870,0.656982,0.448864,0.810791,0.789551,0.750845,0.533084,243.279999,3332.000000
2847.000000,-107.627525,0.658203,0.450939,0.811035,0.789551,0.751409,0.534792,228.270004,3372.000000
2848.000000,-113.384605,0.660889,0.453868,0.809326,0.789307,0.752424,0.533634,234.919998,3370.000000
2849.000000,-111.863770,0.655762,0.450197,0.801758,0.785400,0.744325,0.529813,244.190002,3363.000000
2850.000000,-121.458466,0.652344,0.447801,0.793701,0.787354,0.736552,0.533863,251.720001,3361.000000
2851.000000,-112.550148,0.650146,0.444792,0.796631,0.787354,0.738494,0.532097,232.080002,3359.000000
2852.000000,-108.692192,0.649414,0.444888,0.799805,0.784424,0.741965,0.529754,230.550003,3355.000000
2853.000000,-111.823219,0.653320,0.447704,0.803467,0.791016,0.745173,0.536171,231.380005,3339.000000
2854.000000,-110.278069,0.665527,0.458935,0.816406,0.794922,0.756619,0.539705,226.820007,3366.000000
2855.000000,-114.637276,0.665283,0.458069,0.816162,0.798096,0.756761,0.540681,243.000000,3353.000000
2856.000000,-121.398712,0.668457,0.460021,0.814453,0.796631,0.753904,0.539685,249.210007,3364.000000
2857.000000,-101.215790,0.666504,0.458617,0.813477,0.796387,0.753352,0.540332,214.220001,3346.000000
2858.000000,-111.744865,0.659912,0.454355,0.809326,0.790283,0.749376,0.534487,235.580002,3371.000000
2859.000000,-110.106186,0.653320,0.449523,0.803223,0.787109,0.744426,0.530883,233.009995,3378.000000
2860.000000,-107.423058,0.645020,0.443160,0.793701,0.776123,0.736235,0.520935,219.800003,3392.000000
2861.000000,-99.492836,0.643311,0.444346,0.792480,0.773682,0.735658,0.521451,209.520004,3390.000000
2862.000000,-112.673111,0.644531,0.445304,0.795654,0.776611,0.737713,0.524913,237.710007,3362.000000
2863.000000,-108.222839,0.648682,0.449905,0.801758,0.781982,0.743988,0.529318,234.139999,3375.000000
2864.000000,-108.288376,0.645996,0.449841,0.804199,0.778076,0.746320,0.527059,231.630005,3359.000000
2865.000000,-106.451385,0.649658,0.453282,0.802246,0.783203,0.744612,0.530579,210.740005,3373.000000
2866.000000,-120.259315,0.644043,0.448649,0.798584,0.781738,0.741802,0.530424,252.679993,3372.000000
2867.000000,-107.778847,0.641602,0.445943,0.797852,0.781494,0.741131,0.528948,230.649994,3380.000000
2868.000000,-106.086189,0.643799,0.446764,0.799316,0.784912,0.741060,0.529800,229.429993,3367.000000
2869.000000,-138.377487,0.646973,0.449210,0.799316,0.789795,0.741150,0.532289,268.690002,3369.000000
2870.000000,-105.396660,0.645508,0.450473,0.797119,0.786621,0.741553,0.532787,223.710007,3404.000000
2871.000000,-101.606178,0.646973,0.451113,0.797119,0.788330,0.742819,0.532384,211.740005,3410.000000
2872.000000,-121.046646,0.645020,0.448906,0.794922,0.789062,0.740344,0.532880,243.199997,3394.000000
2873.000000,-112.469368,0.648682,0.451458,0.799316,0.794434,0.745922,0.536592,234.550003,3368.000000
2874.000000,-117.503319,0.651855,0.452866,0.800781,0.794189,0.747379,0.535539,230.410004,3366.000000
2875.000000,-99.955933,0.648682,0.447731,0.802002,0.788574,0.747532,0.528343,211.259995,3398.000000
2876.000000,-97.919479,0.644043,0.444390,0.798096,0.782471,0.743322,0.524465,207.449997,3363.000000
2877.000000,-107.821335,0.641357,0.442807,0.794189,0.782471,0.738268,0.526574,230.389999,3360.000000
2878.000000,-102.644501,0.641113,0.446087,0.791260,0.780762,0.736314,0.529997,218.080002,3365.000000
2879.000000,-113.037628,0.640869,0.445652,0.792480,0.777588,0.737684,0.528094,231.580002,3380.000000
2880.000000,-107.358734,0.636475,0.441934,0.789062,0.774658,0.733907,0.526888,226.080002,3377.000000
2881.000000,-106.519241,0.642578,0.447345,0.797607,0.781738,0.742066,0.533213,229.029999,3286.000000
2882.000000,-138.480698,0.650146,0.453663,0.805908,0.787109,0.751376,0.537957,262.500000,3350.000000
2883.000000,-115.425446,0.656494,0.456354,0.812500,0.791260,0.756562,0.539072,239.350006,3352.000000
2884.000000,-109.265724,0.655029,0.454407,0.811279,0.790039,0.755120,0.537371,233.830002,3356.000000
2885.000000,-119.523033,0.656982,0.455758,0.808105,0.789307,0.751708,0.536243,233.240005,3368.000000
2886.000000,-114.258270,0.653320,0.454066,0.804443,0.787354,0.748561,0.534791,229.199997,3357.000000
2887.000000,-135.143692,0.652588,0.452955,0.801270,0.786133,0.745314,0.533913,263.940002,3348.000000
2888.000000,-119.880638,0.647705,0.448866,0.797852,0.780273,0.741029,0.530154,241.460007,3362.000000
2889.000000,-109.250908,0.646729,0.448787,0.797363,0.782715,0.740013,0.534648,230.720001,3417.000000
2890.000000,-106.599953,0.647705,0.449720,0.798584,0.784424,0.740670,0.535939,227.389999,3409.000000
2891.000000,-105.115402,0.648438,0.452866,0.798096,0.786377,0.740357,0.540337,219.679993,3356.000000
2892.000000,-103.905449,0.654541,0.460705,0.803955,0.786133,0.745641,0.541971,220.259995,3365.000000
2893.000000,-118.268089,0.654541,0.459460,0.799805,0.791260,0.740952,0.546001,239.350006,3365.000000
2894.000000,-117.960342,0.653320,0.459489,0.799805,0.785156,0.742442,0.540484,241.089996,3347.000000
2895.000000,-136.419281,0.651367,0.457642,0.799561,0.784668,0.741831,0.540463,256.989990,3365.000000
2896.000000,-129.902451,0.654297,0.457060,0.804443,0.788574,0.745925,0.541186,262.739990,3362.000000
2897.000000,-108.445122,0.655518,0.459139,0.806641,0.791260,0.747452,0.545675,224.669998,3359.000000
2898.000000,-113.848953,0.655518,0.460099,0.806152,0.791504,0.746967,0.545696,233.050003,3364.000000
2899.000000,-113.261635,0.652100,0.457259,0.804688,0.789795,0.746109,0.545532,238.550003,3363.000000
2900.000000,-103.801025,0.655029,0.458604,0.808838,0.792236,0.749767,0.544192,221.369995,3370.000000
2901.000000,-111.887245,0.649170,0.453748,0.801758,0.786865,0.742872,0.540050,241.539993,3358.000000
2902.000000,-135.484360,0.648438,0.454484,0.803711,0.785645,0.745644,0.540128,263.380005,3355.000000
2903.000000,-123.023705,0.647705,0.453794,0.800537,0.782227,0.742580,0.537168,257.570007,3351.000000
2904.000000,-116.764656,0.646484,0.450930,0.795166,0.787109,0.737523,0.540277,242.279999,3351.000000
2905.000000,-112.686981,0.643555,0.447163,0.793213,0.786621,0.735452,0.537070,226.419998,3367.000000
2906.000000,-107.033112,0.643555,0.448645,0.796143,0.783936,0.738517,0.535607,227.940002,3367.000000
2907.000000,-117.659119,0.641357,0.448070,0.794189,0.782959,0.736776,0.534738,253.020004,3409.000000
2908.000000,-109.748718,0.640381,0.446779,0.792725,0.782227,0.735238,0.532773,218.080002,3378.000000
2909.000000,-107.886230,0.639893,0.447644,0.790283,0.784180,0.733016,0.534607,236.139999,3367.000000
2910.000000,-113.271027,0.642334,0.448213,0.791992,0.784912,0.734371,0.534526,237.789993,3368.000000
2911.000000,-118.630257,0.647949,0.452370,0.796387,0.787109,0.738886,0.536976,242.339996,3381.000000
2912.000000,-110.951736,0.646973,0.450241,0.801758,0.786621,0.744494,0.535103,233.529999,3370.000000
2913.000000,-103.957024,0.645508,0.448975,0.798340,0.787842,0.742464,0.535465,220.360001,3378.000000
2914.000000,-123.582161,0.641357,0.443228,0.800293,0.786865,0.743989,0.531023,244.509995,3365.000000
2915.000000,-118.009705,0.639404,0.443973,0.793945,0.782715,0.738237,0.529120,249.309998,3368.000000
2916.000000,-117.789589,0.641357,0.447174,0.793213,0.784180,0.737599,0.531097,243.330002,3379.000000
2917.000000,-110.614723,0.632568,0.438540,0.786377,0.780518,0.732622,0.526666,238.729996,3370.000000
2918.000000,-103.856033,0.639404,0.442995,0.794922,0.788086,0.740351,0.530831,213.419998,3369.000000
2919.000000,-105.090088,0.637695,0.440222,0.797607,0.785889,0.740567,0.528071,221.630005,3380.000000
2920.000000,-119.773949,0.636475,0.439130,0.798096,0.786377,0.739516,0.527881,229.050003,3376.000000
2921.000000,-115.256889,0.639160,0.440285,0.797607,0.786621,0.739791,0.527581,235.080002,3384.000000
2922.000000,-118.174286,0.637939,0.439329,0.797363,0.786621,0.738659,0.527310,238.770004,3370.000000
2923.000000,-111.217171,0.640625,0.443269,0.800049,0.784180,0.741160,0.525009,231.570007,3353.000000
2924.000000,-104.741310,0.637939,0.442898,0.797852,0.781494,0.738541,0.524322,227.940002,3372.000000
2925.000000,-103.302559,0.636963,0.442196,0.792480,0.781006,0.732713,0.525530,218.850006,3361.000000
2926.000000,-125.317879,0.636475,0.443195,0.791748,0.780518,0.730991,0.526637,269.100006,3361.000000
2927.000000,-118.510635,0.639160,0.444703,0.794922,0.784424,0.734137,0.527698,226.070007,3357.000000
2928.000000,-112.459976,0.643799,0.446481,0.801758,0.787354,0.742025,0.527708,224.460007,3368.000000
2929.000000,-126.504738,0.650391,0.449965,0.803955,0.793701,0.744211,0.531898,258.890015,3366.000000
2930.000000,-122.633171,0.646973,0.445189,0.801025,0.788818,0.741010,0.527177,248.139999,3363.000000
2931.000000,-99.514679,0.637939,0.437083,0.792725,0.781250,0.733322,0.522154,212.660004,3386.000000
2932.000000,-121.425468,0.643311,0.441829,0.801270,0.777100,0.741656,0.517473,237.500000,3367.000000
2933.000000,-113.530182,0.643311,0.441748,0.800537,0.775635,0.741564,0.515947,232.389999,3364.000000
2934.000000,-108.992561,0.637939,0.437608,0.794922,0.774414,0.735871,0.516148,234.360001,3371.000000
2935.000000,-104.910439,0.641357,0.440046,0.798828,0.779785,0.738926,0.519999,225.830002,3404.000000
2936.000000,-111.331619,0.644043,0.442761,0.800293,0.784424,0.740096,0.522686,235.889999,3363.000000
2937.000000,-105.272652,0.647217,0.444129,0.808594,0.786865,0.747356,0.523701,222.889999,3397.000000
2938.000000,-111.176727,0.647461,0.448233,0.807129,0.782959,0.747264,0.524591,236.479996,3397.000000
2939.000000,-114.569107,0.649414,0.452142,0.804688,0.781494,0.743843,0.527699,246.009995,3401.000000
2940.000000,-102.746223,0.645752,0.448501,0.803711,0.780273,0.741629,0.528060,219.190002,3382.000000
2941.000000,-105.497475,0.643799,0.446446,0.800049,0.778320,0.737496,0.527602,224.020004,3364.000000
2942.000000,-129.304199,0.642822,0.446845,0.803955,0.779785,0.741854,0.529349,263.459991,3390.000000
2943.000000,-119.924126,0.638916,0.448141,0.797363,0.770996,0.738634,0.526170,253.440002,3406.000000
2944.000000,-108.833817,0.640625,0.451778,0.796631,0.771973,0.738247,0.528950,229.470001,3382.000000
2945.000000,-98.323296,0.641113,0.450370,0.795898,0.771973,0.737278,0.529066,208.490005,3277.000000
2946.000000,-115.454514,0.643311,0.450593,0.799072,0.777100,0.740433,0.531947,240.330002,3401.000000
2947.000000,-105.162689,0.642334,0.448812,0.797607,0.773682,0.739624,0.526690,223.399994,3392.000000
2948.000000,-129.441452,0.643799,0.449124,0.796387,0.779053,0.738874,0.530566,254.669998,3396.000000
2949.000000,-102.271721,0.642578,0.447944,0.798096,0.779541,0.740551,0.530708,219.089996,3370.000000
2950.000000,-113.827965,0.651123,0.453876,0.805420,0.788574,0.746898,0.536713,238.399994,3388.000000
2951.000000,-107.823593,0.652344,0.455761,0.811279,0.786377,0.752161,0.534773,229.479996,3354.000000
2952.000000,-130.812637,0.652588,0.456149,0.806641,0.782227,0.748695,0.532017,248.039993,3379.000000
2953.000000,-108.066986,0.650391,0.453916,0.805176,0.779297,0.746344,0.531210,229.100006,3367.000000
2954.000000,-136.524582,0.651123,0.451678,0.806396,0.778809,0.747375,0.528157,241.460007,3366.000000
2955.000000,-116.204506,0.647705,0.446669,0.805176,0.777344,0.747128,0.524433,238.000000,3351.000000
2956.000000,-120.004784,0.652344,0.449358,0.804199,0.781494,0.746309,0.527385,247.610001,3370.000000
2957.000000,-102.411552,0.653809,0.449357,0.803467,0.780762,0.745843,0.525506,213.419998,3391.000000
2958.000000,-106.311562,0.655273,0.451400,0.807617,0.783691,0.749361,0.530444,223.649994,3355.000000
2959.000000,-104.797447,0.657227,0.455026,0.808105,0.784912,0.750184,0.532529,225.000000,3355.000000
2960.000000,-128.945511,0.653564,0.453316,0.805176,0.782959,0.747944,0.532630,257.109985,3357.000000
2961.000000,-111.228851,0.648438,0.451899,0.802979,0.775146,0.745858,0.528816,234.440002,3361.000000
2962.000000,-109.921165,0.648193,0.450479,0.802246,0.775146,0.746420,0.525337,239.929993,3346.000000
2963.000000,-104.065445,0.647461,0.451174,0.800049,0.778076,0.743678,0.530064,220.919998,3358.000000
2964.000000,-115.844872,0.660400,0.458782,0.811035,0.786133,0.753699,0.535846,242.809998,3371.000000
2965.000000,-118.725403,0.656982,0.457384,0.808838,0.786133,0.752722,0.536887,236.449997,3362.000000
2966.000000,-124.525497,0.660889,0.457336,0.810059,0.788330,0.753424,0.535112,249.080002,3357.000000
2967.000000,-107.124947,0.657227,0.455960,0.808350,0.785156,0.751599,0.534216,227.770004,3345.000000
2968.000000,-126.033470,0.655762,0.456292,0.807373,0.780518,0.750122,0.531845,259.149994,3345.000000
2969.000000,-109.882439,0.652832,0.454113,0.798340,0.776123,0.741741,0.528637,237.660004,3351.000000
2970.000000,-124.697456,0.644531,0.450222,0.792480,0.773682,0.736700,0.529553,261.649994,3387.000000
2971.000000,-108.596146,0.644531,0.448710,0.797607,0.775146,0.742070,0.528560,227.750000,3401.000000
2972.000000,-116.641876,0.647705,0.447160,0.799805,0.780518,0.744526,0.528572,248.979996,3395.000000
2973.000000,-123.431885,0.647217,0.447713,0.803467,0.777344,0.748557,0.527500,253.479996,3392.000000
2974.000000,-100.127235,0.646484,0.448931,0.795898,0.771973,0.742035,0.524255,212.660004,3372.000000
2975.000000,-110.935234,0.646484,0.447716,0.799316,0.772949,0.746096,0.523754,233.179993,3344.000000
2976.000000,-108.112991,0.645752,0.446539,0.796387,0.773926,0.743935,0.524834,223.210007,3360.000000
2977.000000,-113.184296,0.647705,0.447739,0.796387,0.775391,0.743512,0.526694,225.179993,3352.000000
2978.000000,-123.452003,0.649902,0.449524,0.803467,0.773193,0.749940,0.525620,248.029999,3355.000000
2979.000000,-109.846786,0.652344,0.450857,0.803467,0.782227,0.749394,0.533646,236.839996,3353.000000
2980.000000,-117.797180,0.657227,0.453811,0.811768,0.785156,0.757461,0.534407,249.029999,3334.000000
2981.000000,-107.239906,0.661133,0.455023,0.809570,0.789307,0.754068,0.535852,223.789993,3349.000000
2982.000000,-95.226585,0.657227,0.450402,0.806885,0.785889,0.750579,0.531570,203.619995,3368.000000
2983.000000,-124.297958,0.659912,0.451992,0.806885,0.786621,0.751068,0.530055,249.339996,3348.000000
2984.000000,-105.437401,0.659912,0.452578,0.808838,0.783447,0.752619,0.526827,222.369995,3368.000000
2985.000000,-110.395500,0.647461,0.445670,0.797119,0.771973,0.741338,0.520672,235.660004,3359.000000
2986.000000,-116.981781,0.649170,0.446952,0.797607,0.772461,0.741599,0.522009,247.660004,3356.000000
2987.000000,-110.563103,0.645264,0.444443,0.797119,0.770508,0.741124,0.521490,234.100006,3343.000000
2988.000000,-136.709641,0.645020,0.446813,0.800049,0.771484,0.744091,0.523656,253.100006,3366.000000
2989.000000,-109.505714,0.649902,0.450520,0.804688,0.779053,0.747313,0.529909,234.520004,3358.000000
2990.000000,-102.884239,0.654297,0.453457,0.808594,0.782715,0.749703,0.533484,218.279999,3391.000000
2991.000000,-119.221764,0.660645,0.457924,0.816650,0.789551,0.757438,0.538802,245.029999,3348.000000
2992.000000,-108.250374,0.663818,0.461779,0.815430,0.785645,0.754588,0.537954,226.850006,3344.000000
2993.000000,-122.949707,0.667969,0.465915,0.813721,0.787598,0.752089,0.541050,241.009995,3373.000000
2994.000000,-111.989212,0.666748,0.462373,0.813721,0.785645,0.750833,0.537259,242.729996,3397.000000
2995.000000,-109.853050,0.661621,0.456326,0.807861,0.784668,0.745313,0.535961,231.309998,3381.000000
2996.000000,-100.186249,0.662842,0.455939,0.810791,0.788330,0.748121,0.537839,212.699997,3399.000000
2997.000000,-125.715363,0.660889,0.454282,0.808350,0.789551,0.747574,0.539125,258.959991,3348.000000
2998.000000,-99.206123,0.659668,0.453837,0.810303,0.790527,0.749210,0.538628,209.029999,3368.000000
2999.000000,-111.812523,0.661865,0.453981,0.811523,0.793457,0.749045,0.538829,230.949997,3392.000000
3000.000000,-101.755630,0.655029,0.450244,0.802979,0.788086,0.740680,0.535354,218.399994,3390.000000
3001.000000,-114.195213,0.653564,0.448632,0.798340,0.782227,0.737318,0.528838,227.759995,3372.000000
3002.000000,-126.590927,0.654785,0.451349,0.797852,0.782471,0.736750,0.529932,265.519989,3351.000000
3003.000000,-105.049797,0.651611,0.449559,0.794922,0.786133,0.735348,0.532897,220.330002,3381.000000
3004.000000,-107.560425,0.648438,0.447958,0.794678,0.783936,0.735409,0.530189,228.809998,3371.000000
3005.000000,-110.957222,0.641113,0.443660,0.793213,0.777100,0.734646,0.525983,234.009995,3365.000000
3006.000000,-107.621750,0.646729,0.448527,0.795898,0.785400,0.737699,0.532383,224.320007,3372.000000
3007.000000,-103.327805,0.642334,0.445929,0.789795,0.781250,0.731447,0.528097,219.789993,3358.000000
3008.000000,-119.920952,0.643311,0.446726,0.796387,0.782715,0.737831,0.529607,255.000000,3359.000000
3009.000000,-117.990265,0.649170,0.452259,0.803467,0.785156,0.743864,0.531465,249.679993,3281.000000
3010.000000,-116.330879,0.648193,0.451320,0.802490,0.787354,0.742516,0.533492,246.729996,3358.000000
3011.000000,-110.528328,0.646240,0.448887,0.803955,0.781738,0.745371,0.529206,231.660004,3406.000000
3012.000000,-118.190910,0.649658,0.453059,0.800537,0.785400,0.742117,0.534296,248.089996,3396.000000
3013.000000,-110.029854,0.644775,0.450460,0.795410,0.784180,0.737862,0.535893,229.440002,3378.000000
3014.000000,-108.717400,0.645752,0.450467,0.801758,0.781250,0.744272,0.530816,227.139999,3376.000000
3015.000000,-107.978188,0.644287,0.448862,0.799072,0.777344,0.742218,0.526814,227.979996,3326.000000
3016.000000,-113.215866,0.640869,0.445087,0.796143,0.772705,0.739459,0.522048,240.070007,3363.000000
3017.000000,-124.128410,0.641846,0.442687,0.800781,0.775146,0.744100,0.521026,253.500000,3346.000000
3018.000000,-118.606140,0.645752,0.445418,0.802979,0.776855,0.745520,0.522106,234.130005,3361.000000
3019.000000,-131.343109,0.652344,0.448764,0.806152,0.783203,0.747613,0.526646,253.979996,3384.000000
3020.000000,-120.091454,0.652100,0.448073,0.807129,0.787598,0.749280,0.529688,244.500000,3396.000000
3021.000000,-106.737236,0.651123,0.446572,0.810303,0.784912,0.752207,0.524687,219.320007,3365.000000
3022.000000,-125.529114,0.647949,0.445359,0.805176,0.778809,0.748918,0.522205,262.769989,3394.000000
3023.000000,-104.585106,0.645508,0.444387,0.803955,0.772217,0.748591,0.517648,223.029999,3362.000000
3024.000000,-113.286072,0.646484,0.445415,0.801270,0.774414,0.745738,0.520999,234.300003,3368.000000
3025.000000,-109.078957,0.647217,0.442820,0.807373,0.777588,0.750794,0.521030,228.559998,3395.000000
3026.000000,-126.901199,0.650146,0.445162,0.805664,0.777100,0.749779,0.520963,252.009995,3359.000000
3027.000000,-127.894722,0.650391,0.444556,0.805908,0.780518,0.750161,0.525017,254.220001,3359.000000
3028.000000,-101.113922,0.651123,0.445426,0.804932,0.779785,0.749348,0.524357,214.830002,3359.000000
3029.000000,-101.522400,0.640869,0.436936,0.795410,0.771729,0.740262,0.516927,214.720001,3354.000000
3030.000000,-101.155060,0.638916,0.437360,0.794189,0.769287,0.738866,0.515693,214.279999,3359.000000
3031.000000,-106.973083,0.647705,0.444589,0.805664,0.770752,0.748758,0.517123,219.690002,3361.000000
3032.000000,-101.463837,0.645752,0.443380,0.803711,0.773682,0.745585,0.521799,214.940002,3336.000000
3033.000000,-140.324768,0.642822,0.442719,0.802002,0.774902,0.744913,0.523798,264.070007,3358.000000
3034.000000,-103.265923,0.644775,0.444260,0.805420,0.774170,0.748668,0.522080,211.770004,3339.000000
3035.000000,-106.674889,0.641113,0.442305,0.803223,0.773438,0.745382,0.523241,234.259995,3337.000000
3036.000000,-131.760010,0.644531,0.445350,0.804443,0.773438,0.746908,0.523300,258.670013,3359.000000
3037.000000,-107.774498,0.645996,0.449410,0.807617,0.772705,0.750699,0.525911,225.889999,3368.000000
3038.000000,-115.354942,0.643799,0.448746,0.805176,0.770264,0.747903,0.525635,237.330002,3358.000000
3039.000000,-119.383728,0.641357,0.448150,0.803955,0.769043,0.747661,0.525099,223.270004,3357.000000
3040.000000,-128.686157,0.642334,0.449835,0.805420,0.773193,0.749353,0.529433,263.190002,3337.000000
3041.000000,-104.282547,0.647461,0.452727,0.806641,0.777588,0.750006,0.530879,223.169998,3340.000000
3042.000000,-103.918953,0.646729,0.450880,0.803223,0.776367,0.746264,0.528263,217.750000,3338.000000
3043.000000,-114.380096,0.642578,0.445761,0.800293,0.773438,0.743396,0.524781,243.179993,3348.000000
3044.000000,-111.112061,0.647217,0.448373,0.803955,0.771973,0.746107,0.521954,234.300003,3389.000000
3045.000000,-126.469437,0.645264,0.445347,0.804932,0.775391,0.748217,0.524226,248.210007,3391.000000
3046.000000,-126.095459,0.647461,0.446949,0.804199,0.777344,0.747929,0.526195,251.169998,3389.000000
3047.000000,-113.823700,0.652344,0.450070,0.811523,0.782715,0.754471,0.529636,236.009995,3389.000000
3048.000000,-103.085999,0.654541,0.451596,0.808350,0.784912,0.752151,0.530913,217.440002,3349.000000
3049.000000,-125.440903,0.646484,0.443649,0.801758,0.779541,0.745778,0.524974,244.899994,3365.000000
3050.000000,-108.771690,0.641602,0.439219,0.799561,0.773682,0.744321,0.519104,231.289993,3374.000000
3051.000000,-112.734871,0.643066,0.439211,0.804199,0.773926,0.749864,0.518281,235.779999,3360.000000
3052.000000,-117.420418,0.640137,0.436933,0.803467,0.769043,0.750138,0.515969,238.100006,3370.000000
3053.000000,-124.681511,0.644043,0.438359,0.806885,0.770508,0.752910,0.516809,243.940002,3371.000000
3054.000000,-114.104401,0.639160,0.435909,0.801514,0.764893,0.748350,0.512880,247.570007,3364.000000
3055.000000,-99.854042,0.639648,0.434119,0.805176,0.765625,0.751274,0.510325,210.960007,3368.000000
3056.000000,-116.657333,0.641357,0.436246,0.804443,0.768066,0.751031,0.511694,234.360001,3367.000000
3057.000000,-111.814873,0.645264,0.438257,0.807129,0.772217,0.754200,0.513131,227.320007,3344.000000
3058.000000,-117.875633,0.649658,0.439783,0.805908,0.778320,0.751996,0.518021,243.690002,3363.000000
3059.000000,-103.748558,0.647461,0.437573,0.804199,0.779785,0.749552,0.519457,223.610001,3372.000000
3060.000000,-105.860931,0.646973,0.443417,0.800781,0.772705,0.747144,0.517996,224.740005,3345.000000
3061.000000,-111.919411,0.643066,0.439356,0.798828,0.773438,0.744686,0.519719,233.190002,3335.000000
3062.000000,-115.661179,0.643066,0.441173,0.796387,0.768555,0.743369,0.517259,235.210007,3335.000000
3063.000000,-113.463089,0.642822,0.441321,0.795410,0.774658,0.741570,0.523371,228.580002,3363.000000
3064.000000,-120.373276,0.644043,0.443301,0.796631,0.776367,0.742831,0.525734,228.500000,3349.000000
3065.000000,-108.165573,0.644775,0.446195,0.795654,0.773926,0.743827,0.525756,231.500000,3356.000000
3066.000000,-112.578484,0.647949,0.451945,0.800049,0.774414,0.748639,0.528050,244.380005,3373.000000
3067.000000,-118.528633,0.643799,0.449356,0.798828,0.771729,0.747536,0.527026,249.940002,3371.000000
3068.000000,-125.943825,0.645508,0.451618,0.800049,0.774414,0.748713,0.530418,240.509995,3387.000000
3069.000000,-115.759857,0.643066,0.448221,0.799072,0.773926,0.746128,0.529935,247.669998,3377.000000
3070.000000,-117.152725,0.651123,0.454978,0.802979,0.782959,0.749116,0.536640,237.839996,3344.000000
3071.000000,-100.199028,0.656494,0.457804,0.807861,0.789307,0.752379,0.540098,211.089996,3339.000000
3072.000000,-115.965851,0.658936,0.458259,0.810303,0.791992,0.754531,0.540175,228.690002,3352.000000
3073.000000,-106.816376,0.656006,0.456500,0.805908,0.790039,0.751216,0.539621,227.690002,3248.000000
3074.000000,-128.586884,0.656494,0.456910,0.804443,0.790771,0.749683,0.540453,257.149994,3344.000000
3075.000000,-134.364792,0.654053,0.456453,0.800293,0.785889,0.745004,0.538370,252.889999,3356.000000
3076.000000,-106.181763,0.653564,0.454308,0.804932,0.784424,0.748281,0.535148,223.619995,3359.000000
3077.000000,-102.383896,0.658936,0.456496,0.808838,0.789307,0.751329,0.536588,216.529999,3358.000000
3078.000000,-126.769829,0.656738,0.456619,0.811279,0.787109,0.753642,0.536681,247.369995,3364.000000
3079.000000,-121.753319,0.660645,0.459377,0.815186,0.788574,0.757225,0.538346,252.619995,3342.000000
3080.000000,-107.907578,0.662109,0.460310,0.816406,0.783203,0.757860,0.534833,230.910004,3329.000000
3081.000000,-103.603577,0.656982,0.454292,0.810547,0.778564,0.751967,0.529953,219.210007,3343.000000
3082.000000,-128.029358,0.655518,0.453426,0.813477,0.780029,0.755651,0.530730,240.550003,3349.000000
3083.000000,-104.495834,0.657959,0.454728,0.813965,0.783691,0.757020,0.530497,218.889999,3357.000000
3084.000000,-114.427834,0.657959,0.453482,0.812988,0.779297,0.757546,0.525830,240.720001,3356.000000
3085.000000,-101.822304,0.657471,0.454262,0.812744,0.777344,0.757199,0.524622,221.470001,3372.000000
3086.000000,-120.393105,0.656494,0.454166,0.812500,0.775391,0.755149,0.524341,250.479996,3401.000000
3087.000000,-125.995621,0.656738,0.456182,0.810059,0.775635,0.752245,0.526541,241.850006,3373.000000
3088.000000,-121.100418,0.656250,0.457812,0.807373,0.776855,0.750350,0.529978,248.740005,3347.000000
3089.000000,-105.901558,0.653809,0.455490,0.804443,0.777344,0.746391,0.531324,227.220001,3344.000000
3090.000000,-117.625557,0.650635,0.454817,0.805908,0.773682,0.749497,0.530386,252.009995,3418.000000
3091.000000,-116.449829,0.655762,0.461460,0.805908,0.782227,0.749684,0.539616,245.279999,3363.000000
3092.000000,-114.699516,0.660645,0.464665,0.807373,0.785400,0.750167,0.540928,243.330002,3363.000000
3093.000000,-105.633804,0.662109,0.467039,0.811279,0.788086,0.753485,0.545119,223.529999,3345.000000
3094.000000,-105.225594,0.664307,0.471002,0.816162,0.789062,0.759392,0.547500,219.380005,3348.000000
3095.000000,-114.407585,0.663818,0.470937,0.816162,0.786377,0.759853,0.544945,241.770004,3369.000000
3096.000000,-125.266281,0.662109,0.470462,0.814697,0.788086,0.759220,0.546461,251.740005,3388.000000
3097.000000,-108.197174,0.660400,0.468466,0.815674,0.787109,0.760282,0.544459,226.559998,3376.000000
3098.000000,-122.737915,0.665039,0.470725,0.815674,0.785645,0.760209,0.541635,241.490005,3351.000000
3099.000000,-111.594482,0.659180,0.466689,0.808594,0.782959,0.753721,0.541621,234.089996,3359.000000
3100.000000,-125.323639,0.657227,0.462824,0.806885,0.783691,0.752158,0.540118,254.270004,3380.000000
3101.000000,-102.247993,0.660645,0.461444,0.807373,0.789795,0.751205,0.541400,213.800003,3389.000000
3102.000000,-116.827171,0.663330,0.462940,0.815918,0.789062,0.758825,0.539967,248.949997,3380.000000
3103.000000,-114.852570,0.664795,0.462806,0.816406,0.788330,0.759275,0.538528,231.179993,3349.000000
3104.000000,-124.791565,0.663818,0.462196,0.812744,0.782471,0.756198,0.531715,243.860001,3404.000000
3105.000000,-117.848152,0.661377,0.457922,0.812988,0.782715,0.755925,0.530946,247.839996,3356.000000
3106.000000,-104.824043,0.656494,0.453430,0.809814,0.778076,0.752084,0.527683,223.979996,3386.000000
3107.000000,-123.885208,0.655762,0.453705,0.807861,0.777832,0.749510,0.528720,256.829987,3371.000000
3108.000000,-106.987564,0.661621,0.458760,0.813232,0.782471,0.754689,0.533460,225.389999,3359.000000
3109.000000,-104.969566,0.659424,0.454714,0.814209,0.780029,0.756290,0.529705,215.679993,3365.000000
3110.000000,-113.891464,0.660645,0.455254,0.812744,0.784668,0.755415,0.533541,240.100006,3264.000000
3111.000000,-114.802467,0.653809,0.448095,0.804199,0.779541,0.748778,0.527970,236.669998,3398.000000
3112.000000,-116.979790,0.657227,0.446395,0.808838,0.782227,0.752197,0.526711,248.889999,3406.000000
3113.000000,-120.077339,0.657715,0.445297,0.809570,0.781250,0.753312,0.524348,250.710007,3366.000000
3114.000000,-109.379723,0.657959,0.444180,0.806885,0.781494,0.749194,0.524306,233.520004,3381.000000
3115.000000,-121.615677,0.657959,0.440967,0.805908,0.781982,0.747141,0.522344,248.330002,3395.000000
3116.000000,-121.192535,0.658691,0.440781,0.805176,0.782715,0.745846,0.522460,251.210007,3381.000000
3117.000000,-117.964417,0.650879,0.437251,0.796631,0.777588,0.737529,0.519678,242.300003,3305.000000
3118.000000,-120.174362,0.647705,0.436219,0.797607,0.774414,0.737889,0.519365,244.240005,3273.000000
3119.000000,-110.981567,0.649414,0.442650,0.800537,0.773193,0.741535,0.521908,231.600006,3289.000000
3120.000000,-108.596474,0.649414,0.443677,0.804199,0.774902,0.745288,0.526192,228.990005,3046.000000
3121.000000,-110.730545,0.650879,0.445496,0.804932,0.778809,0.745709,0.530263,232.179993,3340.000000
3122.000000,-108.195869,0.657471,0.452201,0.811279,0.780762,0.752381,0.531040,231.289993,3354.000000
3123.000000,-103.182343,0.658203,0.452313,0.812744,0.781494,0.754283,0.530166,220.070007,3368.000000
3124.000000,-102.368240,0.656006,0.451589,0.808350,0.780029,0.749722,0.529443,218.479996,3385.000000
3125.000000,-111.587730,0.656006,0.452359,0.810791,0.775879,0.751606,0.528145,235.929993,3357.000000
3126.000000,-105.877510,0.650146,0.446048,0.805420,0.769775,0.746092,0.521572,228.639999,3381.000000
3127.000000,-119.291588,0.652344,0.447007,0.803467,0.772705,0.745911,0.523201,244.160004,3390.000000
3128.000000,-104.900002,0.652100,0.446907,0.806152,0.772461,0.748687,0.522950,227.919998,3341.000000
3129.000000,-118.117889,0.650391,0.445137,0.805908,0.774170,0.747988,0.522740,250.070007,3362.000000
3130.000000,-123.343468,0.652344,0.447323,0.808594,0.773438,0.750193,0.524275,260.130005,3197.000000
3131.000000,-105.110191,0.645752,0.443584,0.802490,0.764648,0.745039,0.518148,221.470001,3384.000000
3132.000000,-128.983627,0.646240,0.443761,0.804443,0.767334,0.747703,0.519906,252.550003,3364.000000
3133.000000,-101.209724,0.646973,0.446269,0.802002,0.772949,0.747108,0.525461,211.059998,3354.000000
3134.000000,-122.887131,0.644043,0.446846,0.803223,0.767822,0.749712,0.523269,243.119995,3418.000000
3135.000000,-104.277679,0.650879,0.450278,0.807373,0.775635,0.752794,0.527495,222.389999,3392.000000
3136.000000,-106.156609,0.654297,0.453141,0.809814,0.781250,0.756500,0.532041,222.949997,3386.000000
3137.000000,-112.977203,0.658203,0.459711,0.809814,0.785156,0.757062,0.537834,240.259995,3307.000000
3138.000000,-126.060402,0.654785,0.456053,0.807861,0.779297,0.755351,0.532204,248.839996,3376.000000
3139.000000,-101.154877,0.651611,0.454817,0.800293,0.774414,0.747220,0.528415,215.820007,3355.000000
3140.000000,-116.857574,0.659424,0.461022,0.809814,0.779053,0.755411,0.532813,246.350006,3382.000000
3141.000000,-113.751320,0.660156,0.460480,0.812744,0.779297,0.757859,0.532711,233.669998,3382.000000
3142.000000,-110.358200,0.663086,0.462709,0.814697,0.782471,0.760171,0.534508,235.250000,3363.000000
3143.000000,-107.107880,0.666016,0.461907,0.816895,0.784180,0.762464,0.532665,221.289993,3351.000000
3144.000000,-114.671486,0.671143,0.464213,0.818359,0.792969,0.762952,0.538082,228.179993,3343.000000
3145.000000,-100.478027,0.666260,0.461150,0.817383,0.787109,0.762580,0.533768,216.050003,3354.000000
3146.000000,-109.626480,0.665771,0.463221,0.811768,0.783936,0.755612,0.532581,227.929993,3369.000000
3147.000000,-110.896332,0.659668,0.460610,0.804932,0.774902,0.749021,0.527631,232.410004,3361.000000
3148.000000,-121.727859,0.656250,0.459716,0.800537,0.773193,0.745778,0.527719,256.380005,3349.000000
3149.000000,-114.729340,0.652832,0.456460,0.802734,0.776123,0.746385,0.531202,243.300003,3379.000000
3150.000000,-105.442070,0.651367,0.455677,0.801758,0.775146,0.745326,0.531980,224.369995,3155.000000
3151.000000,-131.792374,0.662109,0.462570,0.807861,0.783691,0.751015,0.536292,256.670013,3379.000000
3152.000000,-111.762833,0.661133,0.463388,0.812256,0.779785,0.755628,0.535766,237.139999,3394.000000
3153.000000,-100.692955,0.659180,0.464305,0.809326,0.777832,0.754272,0.534891,216.210007,3374.000000
3154.000000,-108.622726,0.657227,0.463119,0.807373,0.777344,0.752295,0.533741,228.220001,3397.000000
3155.000000,-108.327034,0.654785,0.461913,0.806152,0.775146,0.751606,0.531983,228.720001,3386.000000
3156.000000,-101.806496,0.657715,0.464949,0.807617,0.780273,0.753447,0.535833,213.889999,3403.000000
3157.000000,-114.615204,0.657959,0.464458,0.807129,0.779785,0.752490,0.535056,234.669998,3353.000000
3158.000000,-116.551590,0.655518,0.461276,0.806885,0.779541,0.750745,0.533945,246.399994,3383.000000
3159.000000,-110.480080,0.653564,0.458378,0.804199,0.778320,0.747654,0.530655,235.119995,3349.000000
3160.000000,-111.248108,0.650635,0.453439,0.800537,0.777588,0.744091,0.528322,232.330002,3351.000000
3161.000000,-126.019386,0.655273,0.453429,0.811523,0.774902,0.753452,0.522657,252.729996,3347.000000
3162.000000,-107.397507,0.655518,0.453073,0.811768,0.776611,0.754725,0.524725,220.270004,3402.000000
3163.000000,-107.572685,0.649658,0.450586,0.806885,0.770508,0.750715,0.521421,228.929993,3397.000000
3164.000000,-115.018349,0.659668,0.456576,0.815918,0.777344,0.759319,0.524687,235.550003,3384.000000
3165.000000,-124.228828,0.652344,0.450305,0.805420,0.774658,0.750223,0.524015,249.990005,3407.000000
3166.000000,-131.586472,0.651123,0.447401,0.803467,0.775635,0.747516,0.523841,256.950012,3378.000000
3167.000000,-105.726273,0.653076,0.446462,0.806152,0.776611,0.747965,0.521956,224.690002,3372.000000
3168.000000,-111.483940,0.649902,0.443538,0.803467,0.772705,0.744909,0.519702,232.559998,3364.000000
3169.000000,-114.677574,0.651367,0.446931,0.804688,0.770996,0.747075,0.519505,236.320007,3378.000000
3170.000000,-103.247246,0.657227,0.450886,0.805908,0.778076,0.748190,0.524582,220.649994,3370.000000
3171.000000,-99.483757,0.656982,0.448868,0.806152,0.780273,0.747791,0.524690,212.869995,3354.000000
3172.000000,-104.859215,0.659668,0.451643,0.813721,0.782959,0.754149,0.527273,224.330002,3354.000000
3173.000000,-102.296005,0.661133,0.455775,0.815674,0.780029,0.756387,0.528648,213.850006,3375.000000
3174.000000,-122.613441,0.657227,0.453287,0.811768,0.775635,0.754369,0.526968,250.220001,3368.000000
3175.000000,-109.078072,0.653809,0.450839,0.805176,0.770752,0.747784,0.523016,225.470001,3352.000000
3176.000000,-109.556564,0.647705,0.446454,0.802002,0.768555,0.743968,0.523428,224.500000,3397.000000
3177.000000,-104.928612,0.646484,0.445382,0.803223,0.769287,0.744668,0.523932,224.990005,3422.000000
3178.000000,-113.179100,0.650879,0.448972,0.811279,0.773438,0.752568,0.526611,233.300003,3403.000000
3179.000000,-100.338318,0.656006,0.455807,0.812988,0.776855,0.752878,0.530780,217.309998,3397.000000
3180.000000,-114.639839,0.657227,0.457357,0.809814,0.778564,0.749750,0.533695,235.779999,3357.000000
3181.000000,-106.716980,0.655762,0.455047,0.809814,0.779785,0.748819,0.533093,219.669998,3363.000000
3182.000000,-104.270950,0.652100,0.453778,0.805908,0.776123,0.744900,0.531663,218.029999,3371.000000
3183.000000,-114.932259,0.656006,0.456685,0.810547,0.780273,0.749088,0.534348,242.240005,3358.000000
3184.000000,-103.904083,0.657471,0.458670,0.812500,0.781006,0.751347,0.534923,213.169998,3332.000000
3185.000000,-118.240837,0.659424,0.458509,0.814453,0.780273,0.752692,0.532841,246.059998,3394.000000
3186.000000,-96.301346,0.657471,0.455868,0.814697,0.775635,0.752790,0.528644,203.070007,3412.000000
3187.000000,-116.774162,0.652100,0.450706,0.809082,0.774902,0.746500,0.527205,243.089996,3405.000000
3188.000000,-101.246025,0.649170,0.449920,0.807129,0.771973,0.745161,0.524919,212.899994,3377.000000
3189.000000,-105.149963,0.644043,0.445445,0.804932,0.766113,0.743405,0.520430,222.610001,3373.000000
3190.000000,-103.115097,0.643066,0.445924,0.802979,0.764648,0.743432,0.520213,214.250000,3341.000000
3191.000000,-118.516060,0.639893,0.441739,0.803955,0.764648,0.744295,0.518475,242.220001,3387.000000
3192.000000,-110.239159,0.642578,0.444324,0.808838,0.767822,0.749537,0.521232,238.690002,3353.000000
3193.000000,-104.893211,0.642090,0.443872,0.803711,0.767090,0.745020,0.521005,225.320007,3388.000000
3194.000000,-113.310463,0.642822,0.444267,0.803711,0.767334,0.746176,0.520491,242.800003,3358.000000
3195.000000,-111.588577,0.640869,0.442241,0.804199,0.765869,0.747573,0.519072,239.399994,3353.000000
3196.000000,-105.883842,0.644775,0.445395,0.805664,0.769287,0.750131,0.522086,222.610001,3366.000000
3197.000000,-109.406853,0.645020,0.447893,0.801758,0.774658,0.745499,0.527496,232.279999,3357.000000
3198.000000,-108.601936,0.645752,0.446898,0.803467,0.777588,0.746616,0.527373,230.110001,3364.000000
3199.000000,-108.459068,0.647461,0.447048,0.806152,0.775391,0.748385,0.524528,229.809998,3367.000000
3200.000000,-126.704201,0.651855,0.450023,0.808594,0.780029,0.749696,0.527666,269.029999,3359.000000
3201.000000,-129.984009,0.646729,0.445393,0.801514,0.777344,0.742702,0.527607,258.790009,3274.000000
3202.000000,-119.175957,0.645996,0.444817,0.798096,0.772949,0.738901,0.525003,244.059998,3341.000000
3203.000000,-113.689606,0.649170,0.447813,0.803467,0.775391,0.743612,0.528034,239.850006,3350.000000
3204.000000,-106.089752,0.647461,0.448354,0.801758,0.777344,0.742772,0.530555,228.070007,3366.000000
3205.000000,-117.852539,0.653564,0.452594,0.809570,0.784424,0.749347,0.534859,236.770004,3337.000000
3206.000000,-105.029213,0.650391,0.450110,0.806152,0.779785,0.746036,0.531568,218.419998,3347.000000
3207.000000,-100.622765,0.651123,0.449595,0.802490,0.781494,0.741235,0.532446,220.020004,3350.000000
3208.000000,-107.674438,0.644287,0.446663,0.794922,0.774658,0.733632,0.529021,228.649994,3367.000000
3209.000000,-120.666809,0.641602,0.445143,0.793701,0.772705,0.732292,0.528554,245.300003,3361.000000
3210.000000,-119.661079,0.646484,0.448200,0.803467,0.772705,0.741024,0.528464,243.479996,3370.000000
3211.000000,-119.584221,0.645508,0.446597,0.802002,0.771729,0.739568,0.526779,243.740005,3365.000000
3212.000000,-116.622169,0.648193,0.448479,0.808105,0.773682,0.746712,0.527964,248.270004,3321.000000
3213.000000,-118.216789,0.646729,0.443762,0.804199,0.775635,0.743255,0.526754,247.339996,3338.000000
3214.000000,-117.062996,0.643799,0.441864,0.799316,0.771973,0.738585,0.523539,242.740005,3347.000000
3215.000000,-127.385139,0.647705,0.443740,0.809326,0.775146,0.748099,0.523884,256.470001,3366.000000
3216.000000,-135.780884,0.648193,0.444166,0.809326,0.775879,0.746400,0.524923,246.550003,3387.000000
3217.000000,-131.338882,0.642822,0.439505,0.807373,0.766846,0.745238,0.518008,272.540009,3368.000000
3218.000000,-108.820877,0.642578,0.439926,0.804688,0.765625,0.741854,0.517801,233.240005,3384.000000
3219.000000,-106.671471,0.633301,0.435437,0.798828,0.757080,0.736008,0.513833,235.910004,3382.000000
3220.000000,-126.009689,0.629883,0.432318,0.789307,0.758789,0.727129,0.515665,256.070007,3380.000000
3221.000000,-120.192070,0.637451,0.437161,0.795166,0.766602,0.733644,0.523197,255.800003,3392.000000
3222.000000,-113.249870,0.637939,0.435366,0.800293,0.770752,0.737837,0.524473,232.910004,3356.000000
3223.000000,-104.354446,0.640137,0.437242,0.799805,0.772461,0.737937,0.524832,219.770004,3354.000000
3224.000000,-111.721069,0.642822,0.440430,0.802002,0.775146,0.740321,0.526724,231.570007,3351.000000
3225.000000,-111.231041,0.648926,0.444913,0.806885,0.777588,0.744521,0.527716,235.100006,3365.000000
3226.000000,-102.389442,0.641846,0.437064,0.804443,0.772461,0.740596,0.522668,218.490005,3400.000000
3227.000000,-108.572548,0.646240,0.439805,0.804932,0.776367,0.742195,0.525111,232.729996,3357.000000
3228.000000,-104.487518,0.637939,0.438841,0.793457,0.768799,0.730452,0.524622,226.089996,3352.000000
3229.000000,-107.091873,0.639160,0.438551,0.795410,0.767334,0.730459,0.522402,231.699997,3391.000000
3230.000000,-104.623444,0.639160,0.440645,0.802490,0.765381,0.737529,0.521749,219.699997,3411.000000
3231.000000,-106.047455,0.646973,0.447115,0.804443,0.774170,0.740253,0.529699,218.210007,3405.000000
3232.000000,-122.506500,0.648193,0.446585,0.804199,0.777588,0.739409,0.531072,259.600006,3406.000000
3233.000000,-113.030518,0.645020,0.442435,0.806641,0.772949,0.742052,0.524949,235.229996,3412.000000
3234.000000,-106.024033,0.641846,0.440659,0.804199,0.770264,0.738621,0.523555,227.410004,3402.000000
3235.000000,-110.056908,0.643066,0.443931,0.804932,0.768311,0.740250,0.524340,228.330002,3345.000000
3236.000000,-104.542854,0.642090,0.445162,0.800049,0.769775,0.735735,0.527142,217.250000,3344.000000
3237.000000,-110.184990,0.642090,0.444719,0.803467,0.772217,0.739211,0.529040,236.279999,3352.000000
3238.000000,-119.712173,0.642578,0.444864,0.804932,0.770508,0.740296,0.528970,244.800003,3355.000000
3239.000000,-150.694992,0.639648,0.442839,0.798340,0.766113,0.734376,0.525649,276.970001,3402.000000
3240.000000,-109.416229,0.635986,0.440964,0.797119,0.762451,0.734571,0.523516,230.220001,3376.000000
3241.000000,-114.703331,0.643066,0.445215,0.805420,0.768799,0.742042,0.527677,241.389999,3370.000000
3242.000000,-111.084015,0.643799,0.444331,0.810547,0.773193,0.746138,0.531027,234.160004,3378.000000
3243.000000,-122.302269,0.642822,0.443279,0.809326,0.768555,0.745758,0.526661,253.100006,3371.000000
3244.000000,-109.861328,0.644775,0.444227,0.804932,0.770508,0.743041,0.527174,228.350006,3416.000000
3245.000000,-105.459152,0.641113,0.441114,0.800049,0.767334,0.739109,0.521946,224.789993,3363.000000
3246.000000,-121.828003,0.634766,0.436558,0.796875,0.763672,0.736335,0.518782,245.160004,3369.000000
3247.000000,-101.772957,0.632812,0.434901,0.793701,0.760742,0.736633,0.514623,212.190002,3355.000000
3248.000000,-119.145805,0.639893,0.437999,0.801758,0.771729,0.744399,0.519659,247.860001,3374.000000
3249.000000,-111.731277,0.636230,0.435920,0.795166,0.769287,0.738281,0.519232,233.199997,3363.000000
3250.000000,-136.732635,0.637207,0.437262,0.793457,0.769287,0.735648,0.519720,273.359985,3355.000000
3251.000000,-117.958145,0.634033,0.434262,0.788818,0.760986,0.732913,0.512913,247.429993,3375.000000
3252.000000,-104.554832,0.635498,0.435717,0.791260,0.766113,0.735256,0.516697,221.559998,3360.000000
3253.000000,-115.518974,0.639648,0.438040,0.799072,0.769043,0.743566,0.517490,228.039993,3401.000000
3254.000000,-114.102112,0.643066,0.438788,0.804443,0.773193,0.749276,0.518684,232.919998,3405.000000
3255.000000,-110.046776,0.647461,0.443129,0.805420,0.774902,0.750291,0.520997,235.789993,3360.000000
3256.000000,-106.226204,0.649902,0.445709,0.805420,0.775391,0.750377,0.522387,217.029999,3367.000000
3257.000000,-112.413254,0.649414,0.446455,0.806152,0.774414,0.750864,0.522682,242.089996,3361.000000
3258.000000,-109.426888,0.646973,0.441432,0.801758,0.777344,0.744413,0.523570,226.690002,3364.000000
3259.000000,-113.210648,0.646973,0.440847,0.805664,0.777832,0.748613,0.523383,238.710007,3369.000000
3260.000000,-98.425957,0.651367,0.445136,0.808350,0.779541,0.750871,0.525796,207.020004,3362.000000
3261.000000,-119.530914,0.654541,0.447101,0.808838,0.780518,0.752148,0.525547,250.630005,3372.000000
3262.000000,-108.209053,0.651123,0.444795,0.804688,0.778564,0.747407,0.524849,224.130005,3357.000000
3263.000000,-101.937256,0.649902,0.447261,0.803711,0.775391,0.746041,0.523899,215.429993,3382.000000
3264.000000,-103.078285,0.643555,0.443056,0.796631,0.770508,0.739462,0.522006,222.860001,3372.000000
3265.000000,-117.108429,0.643066,0.443216,0.795654,0.773926,0.738288,0.525575,246.520004,3284.000000
3266.000000,-113.662384,0.648926,0.449599,0.802490,0.778564,0.746078,0.531364,238.850006,3365.000000
3267.000000,-115.533089,0.648193,0.447848,0.800049,0.776367,0.743031,0.529264,243.279999,3360.000000
3268.000000,-108.266472,0.653076,0.452989,0.804688,0.781982,0.746200,0.534588,228.619995,3353.000000
3269.000000,-122.264671,0.656982,0.456734,0.807373,0.787842,0.748256,0.539158,253.509995,3342.000000
3270.000000,-104.821831,0.657471,0.459497,0.805664,0.786621,0.746128,0.541540,226.080002,3352.000000
3271.000000,-107.007278,0.659668,0.460372,0.809326,0.787109,0.749587,0.541609,226.970001,3365.000000
3272.000000,-116.201683,0.659912,0.462208,0.811279,0.779297,0.750007,0.537492,240.039993,3385.000000
3273.000000,-122.452087,0.659424,0.462077,0.812012,0.779785,0.751559,0.539474,255.029999,3379.000000
3274.000000,-131.007706,0.658691,0.460323,0.808838,0.777100,0.747770,0.537545,260.750000,3384.000000
3275.000000,-112.171211,0.657715,0.456945,0.810059,0.779053,0.748335,0.536758,224.809998,3405.000000
3276.000000,-103.296707,0.661621,0.460280,0.813232,0.784912,0.751195,0.541767,223.149994,3376.000000
3277.000000,-103.118797,0.664551,0.461034,0.817871,0.791748,0.755313,0.544502,216.419998,3368.000000
3278.000000,-109.676826,0.663574,0.458799,0.812988,0.787842,0.750390,0.538397,229.710007,3356.000000
3279.000000,-109.561600,0.661621,0.456914,0.811768,0.785400,0.750372,0.535128,231.720001,3360.000000
3280.000000,-119.132538,0.660156,0.455880,0.807617,0.780029,0.746131,0.531031,234.279999,3367.000000
3281.000000,-106.366577,0.661621,0.458365,0.809082,0.783203,0.747871,0.534105,223.039993,3359.000000
3282.000000,-99.127747,0.656738,0.456591,0.806641,0.781494,0.744555,0.535426,209.490005,3354.000000
3283.000000,-117.677368,0.653564,0.455446,0.802490,0.779541,0.740615,0.535795,240.440002,3367.000000
3284.000000,-112.527939,0.656494,0.456574,0.805908,0.780518,0.743707,0.535483,231.369995,3413.000000
3285.000000,-107.624115,0.653809,0.454982,0.806152,0.777100,0.744484,0.533290,227.440002,3368.000000
3286.000000,-110.127678,0.651611,0.453933,0.807861,0.778564,0.746656,0.534640,232.080002,3369.000000
3287.000000,-102.339699,0.658936,0.460168,0.814209,0.783936,0.752814,0.538505,216.970001,3370.000000
3288.000000,-120.200356,0.664795,0.459867,0.817139,0.790527,0.754669,0.538682,256.700012,3357.000000
3289.000000,-109.746689,0.659180,0.455600,0.817383,0.782471,0.756037,0.531818,238.800003,3366.000000
3290.000000,-115.807854,0.656982,0.455015,0.810303,0.780273,0.751722,0.531700,243.630005,3378.000000
3291.000000,-108.817589,0.656250,0.453459,0.808594,0.778809,0.749112,0.530473,232.130005,3361.000000
3292.000000,-136.029663,0.657471,0.452129,0.806885,0.779053,0.748290,0.528983,257.029999,3415.000000
3293.000000,-112.363632,0.655762,0.449804,0.807617,0.781250,0.748939,0.529749,230.449997,3403.000000
3294.000000,-112.167717,0.658936,0.454316,0.810547,0.781006,0.751980,0.531053,239.589996,3392.000000
3295.000000,-119.105476,0.660400,0.457236,0.813721,0.781006,0.755256,0.532173,246.720001,3373.000000
3296.000000,-113.233177,0.660400,0.456484,0.807617,0.779541,0.750161,0.531097,239.080002,3364.000000
3297.000000,-109.624786,0.663086,0.456860,0.806885,0.783203,0.749387,0.534026,228.399994,3361.000000
3298.000000,-125.832985,0.663574,0.457549,0.808105,0.782471,0.749395,0.533225,245.720001,3371.000000
3299.000000,-121.672638,0.666016,0.459462,0.805176,0.787354,0.746541,0.538606,241.740005,3371.000000
3300.000000,-121.233521,0.665283,0.457947,0.804688,0.786865,0.746905,0.537925,256.390015,3366.000000
3301.000000,-112.842316,0.664551,0.457849,0.804932,0.784912,0.747095,0.537688,241.750000,3364.000000
3302.000000,-105.610802,0.662598,0.456044,0.806396,0.781738,0.747733,0.534963,228.380005,3363.000000
3303.000000,-113.185249,0.665283,0.459720,0.808838,0.786377,0.749460,0.541012,237.580002,3350.000000
3304.000000,-115.336533,0.665283,0.460007,0.809570,0.785645,0.750806,0.540726,238.169998,3362.000000
3305.000000,-108.675453,0.666992,0.459906,0.812500,0.789795,0.753678,0.542313,226.869995,3370.000000
3306.000000,-103.328278,0.667236,0.460993,0.810059,0.786377,0.751612,0.539471,217.419998,3375.000000
3307.000000,-107.890160,0.664795,0.457464,0.813477,0.783447,0.755277,0.534554,228.320007,3356.000000
3308.000000,-124.262146,0.662842,0.454038,0.817139,0.782715,0.758654,0.532655,260.239990,3362.000000
3309.000000,-108.111748,0.659912,0.451782,0.813477,0.779297,0.754337,0.528681,235.100006,3359.000000
3310.000000,-112.425995,0.657959,0.451197,0.815186,0.778564,0.755917,0.529430,236.850006,3347.000000
3311.000000,-114.066917,0.657715,0.453432,0.814697,0.778564,0.755270,0.530935,235.500000,3364.000000
3312.000000,-106.841675,0.662842,0.455457,0.818359,0.784424,0.757977,0.534221,219.979996,3375.000000
3313.000000,-109.234726,0.657715,0.451572,0.816162,0.781006,0.755512,0.533374,236.229996,3395.000000
3314.000000,-113.774979,0.658691,0.453917,0.813477,0.781006,0.752601,0.534993,240.039993,3357.000000
3315.000000,-126.881584,0.656738,0.452668,0.807129,0.779541,0.747750,0.532977,244.149994,3379.000000
3316.000000,-104.143959,0.659424,0.455040,0.810791,0.782959,0.750100,0.537360,222.630005,3376.000000
3317.000000,-106.935783,0.653320,0.450359,0.802979,0.777588,0.743602,0.532565,224.710007,3357.000000
3318.000000,-108.700119,0.650879,0.446880,0.805420,0.774902,0.745545,0.527823,228.300003,3373.000000
3319.000000,-124.592560,0.654541,0.448340,0.811768,0.777832,0.751683,0.527059,242.720001,3353.000000
3320.000000,-110.337425,0.653809,0.447089,0.814697,0.780762,0.754260,0.529075,232.339996,3358.000000
3321.000000,-110.157372,0.653809,0.446812,0.812500,0.779053,0.752495,0.527478,235.759995,3355.000000
3322.000000,-105.094055,0.651123,0.444133,0.805176,0.774658,0.743996,0.522857,226.690002,3359.000000
3323.000000,-102.317924,0.646240,0.436644,0.800293,0.773682,0.737727,0.519404,218.979996,3405.000000
3324.000000,-112.246254,0.646240,0.436457,0.803955,0.777100,0.741474,0.522637,237.110001,3363.000000
3325.000000,-102.065544,0.648926,0.442461,0.804199,0.773193,0.744139,0.522986,215.149994,3362.000000
3326.000000,-123.338661,0.654053,0.445006,0.805664,0.781982,0.745504,0.529751,254.240005,3366.000000
3327.000000,-112.259026,0.657715,0.446281,0.803955,0.780273,0.742951,0.527114,231.630005,3351.000000
3328.000000,-121.228149,0.659424,0.450803,0.806152,0.781250,0.745843,0.531887,244.139999,3365.000000
3329.000000,-106.049614,0.655518,0.450744,0.800049,0.779785,0.740330,0.534159,222.339996,3272.000000
3330.000000,-117.885933,0.658203,0.454281,0.800049,0.781494,0.742239,0.536120,249.009995,3365.000000
3331.000000,-115.725517,0.661865,0.459325,0.806885,0.782227,0.749129,0.536978,229.630005,3355.000000
3332.000000,-118.732277,0.660400,0.458949,0.807617,0.782227,0.748994,0.536607,252.410004,3353.000000
3333.000000,-115.709709,0.665771,0.463028,0.816895,0.787354,0.756531,0.540435,225.169998,3343.000000
3334.000000,-121.224281,0.669434,0.465615,0.818848,0.789307,0.758244,0.541555,248.830002,3347.000000
3335.000000,-115.706535,0.662354,0.461235,0.812500,0.784180,0.752995,0.538855,241.100006,3383.000000
3336.000000,-121.103798,0.662109,0.459898,0.807129,0.783203,0.747527,0.537641,246.610001,3410.000000
3337.000000,-105.452202,0.657227,0.454501,0.800293,0.781738,0.741213,0.533440,227.139999,3415.000000
3338.000000,-99.215706,0.656494,0.456203,0.798828,0.785156,0.738726,0.539457,209.320007,3409.000000
3339.000000,-109.808479,0.659180,0.459285,0.803711,0.790039,0.743605,0.544142,233.330002,3412.000000
3340.000000,-106.937553,0.662109,0.460368,0.808350,0.792480,0.748515,0.544222,220.600006,3401.000000
3341.000000,-108.674316,0.663574,0.462767,0.804199,0.795410,0.745340,0.547737,225.179993,3403.000000
3342.000000,-118.766998,0.663574,0.464959,0.806641,0.793457,0.748906,0.548589,242.220001,3419.000000
3343.000000,-98.850761,0.668945,0.468479,0.810547,0.794434,0.752364,0.547251,212.720001,3398.000000
3344.000000,-103.408508,0.666992,0.466341,0.808350,0.795654,0.750056,0.545944,217.800003,3353.000000
3345.000000,-114.703300,0.663330,0.461643,0.807129,0.788330,0.749738,0.538202,237.000000,3352.000000
3346.000000,-112.341507,0.657959,0.457831,0.802734,0.785889,0.744942,0.536815,227.259995,3409.000000
3347.000000,-106.593216,0.656982,0.460661,0.804932,0.781738,0.747194,0.536076,229.250000,3364.000000
3348.000000,-101.700012,0.658936,0.461333,0.807373,0.783691,0.749592,0.536274,214.070007,3366.000000
3349.000000,-116.428276,0.652588,0.460085,0.803223,0.781006,0.747744,0.536825,242.619995,3354.000000
3350.000000,-123.205048,0.652832,0.458938,0.807129,0.780762,0.750361,0.535390,237.139999,3371.000000
3351.000000,-107.265884,0.654297,0.461390,0.807373,0.782471,0.751010,0.538380,226.160004,3363.000000
3352.000000,-100.440964,0.650146,0.457325,0.808838,0.782227,0.751342,0.536958,219.399994,3360.000000
3353.000000,-113.226219,0.645020,0.453883,0.797119,0.779785,0.740012,0.534710,234.490005,3372.000000
3354.000000,-114.746544,0.651367,0.456357,0.799561,0.779297,0.742558,0.531579,236.399994,3364.000000
3355.000000,-114.312897,0.645508,0.450439,0.796631,0.776367,0.738476,0.529917,235.520004,3370.000000
3356.000000,-115.607162,0.650391,0.457027,0.802002,0.776855,0.744774,0.532395,242.669998,3364.000000
3357.000000,-99.134102,0.643066,0.451740,0.802002,0.772461,0.744776,0.529357,217.220001,3379.000000
3358.000000,-95.969223,0.646729,0.452576,0.801514,0.777588,0.743732,0.531851,203.979996,3364.000000
3359.000000,-118.240128,0.656006,0.460142,0.807373,0.789307,0.748541,0.541743,252.360001,3377.000000
3360.000000,-123.170097,0.661133,0.465604,0.811035,0.794434,0.752235,0.548106,253.580002,3347.000000
3361.000000,-113.724312,0.661865,0.464739,0.812500,0.793457,0.753595,0.545145,242.669998,3344.000000
3362.000000,-110.238533,0.654297,0.457592,0.806885,0.784668,0.747108,0.536930,240.339996,3362.000000
3363.000000,-105.871582,0.655029,0.455638,0.810791,0.786377,0.750505,0.536427,215.240005,3366.000000
3364.000000,-130.688904,0.653564,0.456322,0.807861,0.781982,0.747637,0.534989,262.299988,3364.000000
3365.000000,-133.997330,0.654053,0.455797,0.810059,0.784424,0.749247,0.536469,261.149994,3368.000000
3366.000000,-112.226585,0.654053,0.454607,0.808350,0.784180,0.747880,0.535074,231.710007,3357.000000
3367.000000,-103.504234,0.647461,0.449487,0.800049,0.778320,0.739795,0.529461,218.169998,3368.000000
3368.000000,-103.964600,0.643311,0.444014,0.795654,0.780518,0.735308,0.531321,217.639999,3350.000000
3369.000000,-104.631729,0.647705,0.447426,0.801025,0.778320,0.739372,0.529020,220.500000,3348.000000
3370.000000,-128.129807,0.647949,0.448177,0.802734,0.778320,0.741181,0.530815,248.630005,3343.000000
3371.000000,-121.790474,0.656006,0.452694,0.810059,0.784912,0.746996,0.534912,249.660004,3359.000000
3372.000000,-104.713196,0.657959,0.452402,0.812988,0.789795,0.748854,0.537165,221.649994,3363.000000
3373.000000,-127.210098,0.667236,0.458314,0.814453,0.798584,0.749836,0.543710,260.540009,3393.000000
3374.000000,-116.970299,0.666748,0.457192,0.810547,0.791748,0.747111,0.536103,229.029999,3382.000000
3375.000000,-113.360420,0.661621,0.453072,0.809814,0.788574,0.746740,0.532576,237.710007,3352.000000
3376.000000,-113.236832,0.656250,0.448748,0.803955,0.781738,0.741889,0.526898,241.919998,3358.000000
3377.000000,-105.100945,0.648438,0.442360,0.795410,0.781006,0.733687,0.526345,225.699997,3360.000000
3378.000000,-116.602737,0.653320,0.446479,0.802246,0.789795,0.740336,0.532919,246.570007,3380.000000
3379.000000,-112.621597,0.654053,0.449542,0.804199,0.782959,0.742214,0.529433,228.279999,3372.000000
3380.000000,-128.664948,0.651367,0.446995,0.803467,0.784912,0.744204,0.531209,249.940002,3374.000000
3381.000000,-112.731865,0.654053,0.448688,0.800781,0.787109,0.742240,0.530802,232.259995,3363.000000
3382.000000,-110.036163,0.651855,0.447955,0.798096,0.782471,0.739895,0.528025,231.820007,3378.000000
3383.000000,-110.179863,0.644775,0.443536,0.790527,0.778076,0.731955,0.525872,234.990005,3363.000000
3384.000000,-108.634712,0.635986,0.439093,0.786865,0.771729,0.728272,0.524327,234.199997,3401.000000
3385.000000,-103.008720,0.637451,0.438203,0.789307,0.773438,0.730693,0.523313,216.869995,3415.000000
3386.000000,-119.380730,0.645508,0.441812,0.798340,0.781250,0.738867,0.527573,247.139999,3413.000000
3387.000000,-118.134445,0.648438,0.443519,0.803955,0.784668,0.745307,0.528779,242.570007,3344.000000
3388.000000,-104.548920,0.648926,0.442851,0.803467,0.787109,0.743811,0.529389,224.270004,3395.000000
3389.000000,-114.933960,0.656250,0.449783,0.805664,0.788818,0.746412,0.529400,226.520004,3388.000000
3390.000000,-111.665543,0.657471,0.449979,0.803711,0.792969,0.744146,0.533739,234.779999,3391.000000
3391.000000,-105.286690,0.657471,0.450681,0.807373,0.791016,0.746563,0.532663,224.919998,3401.000000
3392.000000,-114.358414,0.654541,0.452249,0.800537,0.791016,0.740180,0.536745,238.800003,3400.000000
3393.000000,-127.495041,0.651123,0.448118,0.799072,0.786621,0.737869,0.532383,259.179993,3315.000000
3394.000000,-122.375954,0.654297,0.451524,0.796143,0.785645,0.735795,0.532102,241.000000,3361.000000
3395.000000,-106.610275,0.652100,0.449970,0.798828,0.784912,0.738361,0.530399,224.720001,3359.000000
3396.000000,-115.236214,0.653320,0.451472,0.801025,0.786377,0.739742,0.532410,237.070007,3369.000000
3397.000000,-122.671646,0.649170,0.447232,0.798584,0.787354,0.736387,0.533787,253.809998,3360.000000
3398.000000,-105.593071,0.655029,0.451845,0.804932,0.792725,0.743400,0.537986,220.210007,3377.000000
3399.000000,-118.135910,0.655029,0.451117,0.802979,0.790283,0.742101,0.535332,238.539993,3371.000000
3400.000000,-109.974876,0.651123,0.447904,0.806885,0.784668,0.745350,0.529351,235.990005,3398.000000
3401.000000,-101.348701,0.657471,0.453690,0.808594,0.787109,0.746879,0.530278,216.300003,3397.000000
3402.000000,-97.748962,0.655762,0.451863,0.807617,0.789551,0.745967,0.531471,205.300003,3412.000000
3403.000000,-118.192177,0.654297,0.454473,0.804688,0.791504,0.743534,0.536905,245.419998,3399.000000
3404.000000,-118.460106,0.652832,0.452231,0.802979,0.789551,0.742435,0.533392,248.970001,3406.000000
3405.000000,-113.023949,0.655029,0.453306,0.804443,0.791748,0.744204,0.532640,238.369995,3414.000000
3406.000000,-103.246460,0.656494,0.453594,0.805420,0.795410,0.745604,0.534963,218.850006,3367.000000
3407.000000,-104.475929,0.655273,0.450323,0.809570,0.796875,0.748500,0.533984,215.309998,3374.000000
3408.000000,-108.733398,0.657715,0.453803,0.807373,0.792969,0.746533,0.531444,223.309998,3361.000000
3409.000000,-102.075912,0.659912,0.454849,0.804443,0.794922,0.743611,0.531766,212.470001,3374.000000
3410.000000,-112.825447,0.650879,0.447715,0.795410,0.786133,0.735966,0.525995,226.630005,3351.000000
3411.000000,-103.378128,0.652588,0.447686,0.800537,0.785889,0.740680,0.524063,218.789993,3380.000000
3412.000000,-119.116905,0.644775,0.441488,0.794678,0.778076,0.736090,0.517286,238.570007,3365.000000
3413.000000,-113.959808,0.644043,0.441409,0.792236,0.779053,0.732804,0.520758,243.149994,3372.000000
3414.000000,-113.391998,0.645752,0.441947,0.793945,0.782471,0.734071,0.522740,240.460007,3364.000000
3415.000000,-105.447304,0.645752,0.442286,0.794434,0.784668,0.735124,0.524114,223.910004,3372.000000
3416.000000,-112.874870,0.653564,0.447733,0.804443,0.789307,0.744076,0.526856,230.399994,3397.000000
3417.000000,-116.930595,0.658447,0.452544,0.807373,0.789307,0.747385,0.527641,241.899994,3402.000000
3418.000000,-126.719276,0.658936,0.454390,0.803467,0.788818,0.744805,0.528634,261.910004,3403.000000
3419.000000,-129.944626,0.658936,0.453826,0.808105,0.791748,0.749026,0.531364,241.410004,3377.000000
3420.000000,-114.892868,0.659912,0.454594,0.809082,0.795654,0.750030,0.535541,241.949997,3365.000000
3421.000000,-112.294815,0.657715,0.451621,0.808594,0.794189,0.750190,0.532746,243.309998,3354.000000
3422.000000,-106.834076,0.657227,0.453261,0.807129,0.791260,0.749438,0.530555,223.089996,3361.000000
3423.000000,-109.867577,0.657471,0.454428,0.806396,0.790771,0.749721,0.531463,230.309998,3401.000000
3424.000000,-113.676140,0.661621,0.458330,0.807617,0.788818,0.750810,0.530664,240.539993,3394.000000
3425.000000,-117.400978,0.661377,0.458860,0.807861,0.791016,0.750997,0.535150,248.600006,3385.000000
3426.000000,-107.862701,0.659912,0.457839,0.807373,0.791504,0.750009,0.536939,225.479996,3418.000000
3427.000000,-118.409821,0.656982,0.453591,0.808838,0.788574,0.751034,0.532899,247.210007,3399.000000
3428.000000,-102.854790,0.662842,0.455628,0.816162,0.792725,0.756955,0.533578,217.509995,3364.000000
3429.000000,-119.732956,0.663574,0.455999,0.817871,0.790771,0.758446,0.532176,231.050003,3372.000000
3430.000000,-110.659737,0.661621,0.456578,0.814697,0.792480,0.755883,0.535896,227.839996,3372.000000
3431.000000,-121.620987,0.666504,0.460567,0.817627,0.791016,0.759754,0.532864,241.250000,3349.000000
3432.000000,-118.304832,0.662598,0.457620,0.815918,0.791992,0.757881,0.536455,247.720001,3364.000000
3433.000000,-114.954323,0.668945,0.461937,0.819336,0.795410,0.761480,0.538300,238.619995,3352.000000
3434.000000,-105.084167,0.664551,0.455841,0.812988,0.793945,0.756664,0.535218,222.320007,3354.000000
3435.000000,-111.948982,0.663818,0.456498,0.814941,0.789795,0.758640,0.532857,233.190002,3363.000000
3436.000000,-121.876350,0.666504,0.458110,0.813477,0.792480,0.757270,0.534015,245.330002,3400.000000
3437.000000,-108.517296,0.662109,0.453561,0.811768,0.785400,0.755729,0.529007,230.009995,3368.000000
3438.000000,-100.524895,0.665771,0.455741,0.814697,0.791016,0.757297,0.533103,210.500000,3361.000000
3439.000000,-115.347389,0.662842,0.454897,0.813721,0.789551,0.757731,0.533922,246.380005,3363.000000
3440.000000,-103.829819,0.667969,0.459106,0.816162,0.791748,0.759864,0.535088,215.300003,3370.000000
3441.000000,-101.905396,0.661865,0.455091,0.814453,0.781494,0.758371,0.527189,219.970001,3372.000000
3442.000000,-112.653107,0.658936,0.452842,0.808594,0.783936,0.752572,0.529732,239.770004,3349.000000
3443.000000,-114.098488,0.658203,0.452718,0.809082,0.786377,0.751989,0.531679,241.270004,3358.000000
3444.000000,-100.672020,0.662354,0.455577,0.811035,0.793945,0.753116,0.537602,215.740005,3356.000000
3445.000000,-103.715096,0.666504,0.460391,0.816162,0.792236,0.757081,0.537788,224.130005,3361.000000
3446.000000,-129.311905,0.662354,0.457409,0.812988,0.786621,0.754292,0.533769,253.360001,3380.000000
3447.000000,-120.344460,0.662842,0.458078,0.811035,0.787842,0.753185,0.535417,246.050003,3370.000000
3448.000000,-115.852180,0.664062,0.459919,0.816162,0.783691,0.757654,0.532788,229.750000,3360.000000
3449.000000,-108.537292,0.661865,0.460292,0.812500,0.783447,0.754020,0.535735,214.070007,3373.000000
3450.000000,-105.779305,0.658447,0.456396,0.810547,0.781982,0.750562,0.534523,227.320007,3359.000000
3451.000000,-107.738556,0.652344,0.451762,0.807129,0.778076,0.747354,0.531496,230.360001,3368.000000
3452.000000,-116.406128,0.652588,0.451085,0.812012,0.781982,0.751437,0.532505,243.250000,3416.000000
3453.000000,-102.002007,0.649170,0.450195,0.811768,0.774902,0.752607,0.526096,216.270004,3397.000000
3454.000000,-109.406036,0.653076,0.453660,0.812988,0.779541,0.754650,0.530399,229.139999,3413.000000
3455.000000,-106.018578,0.650635,0.455160,0.813232,0.777344,0.755806,0.531211,224.820007,3375.000000
3456.000000,-103.370956,0.648438,0.455810,0.805664,0.778076,0.748915,0.533897,220.399994,3357.000000
3457.000000,-106.509293,0.650879,0.458201,0.803467,0.777344,0.746037,0.534279,223.380005,3286.000000
3458.000000,-107.541580,0.650879,0.457794,0.805420,0.779541,0.747929,0.536532,225.800003,3384.000000
3459.000000,-116.988930,0.650635,0.457799,0.804199,0.775146,0.746770,0.533955,235.800003,3350.000000
3460.000000,-107.485222,0.655518,0.459436,0.807617,0.782471,0.749997,0.539327,224.639999,3384.000000
3461.000000,-107.245903,0.656982,0.458353,0.811035,0.790039,0.752070,0.543046,226.779999,3336.000000
3462.000000,-110.691467,0.656982,0.457980,0.809082,0.790527,0.750260,0.542521,239.490005,3364.000000
3463.000000,-99.332726,0.661621,0.462003,0.810547,0.791992,0.750882,0.542539,213.369995,3378.000000
3464.000000,-107.857422,0.661865,0.460868,0.813721,0.789307,0.752084,0.538788,231.330002,3395.000000
3465.000000,-106.798080,0.663330,0.458533,0.820068,0.792725,0.755996,0.539365,226.169998,3390.000000
3466.000000,-104.258972,0.659424,0.459101,0.812012,0.787842,0.747794,0.539042,216.750000,3381.000000
3467.000000,-113.319626,0.661621,0.458668,0.813232,0.791260,0.748349,0.541307,238.279999,3360.000000
3468.000000,-117.966675,0.656006,0.454229,0.806641,0.782959,0.742122,0.534506,249.369995,3359.000000
3469.000000,-109.919411,0.651123,0.450681,0.803223,0.782715,0.738242,0.533717,240.059998,3371.000000
3470.000000,-123.235535,0.655273,0.454972,0.803467,0.786133,0.739473,0.537218,244.330002,3375.000000
3471.000000,-103.599030,0.653564,0.454471,0.801514,0.787354,0.738747,0.539025,218.649994,3350.000000
3472.000000,-117.329048,0.652344,0.454902,0.802979,0.784668,0.741955,0.537714,237.809998,3386.000000
3473.000000,-109.024849,0.652100,0.452563,0.802490,0.783203,0.742118,0.535558,226.820007,3394.000000
3474.000000,-100.766586,0.651611,0.452995,0.795654,0.784180,0.735714,0.537891,209.850006,3422.000000
3475.000000,-119.191956,0.659424,0.457809,0.800537,0.792236,0.740342,0.544638,239.649994,3359.000000
3476.000000,-134.172089,0.658936,0.456605,0.807129,0.791504,0.746381,0.543416,258.170013,3366.000000
3477.000000,-118.734985,0.656982,0.452957,0.802490,0.791748,0.741107,0.543379,247.820007,3346.000000
3478.000000,-135.996017,0.664062,0.456148,0.807373,0.793701,0.744788,0.543184,265.040009,3348.000000
3479.000000,-111.574837,0.662598,0.454210,0.808350,0.791016,0.744909,0.539352,232.009995,3320.000000
3480.000000,-102.813690,0.663574,0.455437,0.812744,0.796387,0.749358,0.542913,217.000000,3326.000000
3481.000000,-103.669853,0.656494,0.451682,0.805420,0.785400,0.743120,0.535555,216.979996,3254.000000
3482.000000,-107.642914,0.648193,0.446282,0.790039,0.778564,0.729555,0.530759,226.800003,3251.000000
3483.000000,-112.750221,0.645752,0.445279,0.793945,0.779053,0.733932,0.532038,235.779999,3198.000000
3484.000000,-96.701706,0.645264,0.446830,0.797852,0.778076,0.738021,0.531746,206.009995,3353.000000
3485.000000,-102.940804,0.651367,0.451856,0.804932,0.784424,0.744886,0.536724,221.729996,3350.000000
3486.000000,-116.694221,0.652100,0.451871,0.805176,0.787109,0.744350,0.537452,231.919998,3350.000000
3487.000000,-116.294128,0.649902,0.450158,0.802246,0.785400,0.741378,0.537179,244.770004,3359.000000
3488.000000,-98.942009,0.648438,0.450066,0.800537,0.781494,0.738272,0.535303,210.729996,3363.000000
3489.000000,-116.038132,0.646973,0.449668,0.802979,0.782959,0.741026,0.537397,245.100006,3385.000000
3490.000000,-108.583305,0.645264,0.448068,0.804443,0.785156,0.741717,0.538615,232.770004,3355.000000
3491.000000,-119.474075,0.647461,0.449342,0.798096,0.790527,0.735083,0.542441,239.830002,3377.000000
3492.000000,-111.552521,0.650635,0.452146,0.802979,0.790527,0.738722,0.543376,231.169998,3350.000000
3493.000000,-103.327843,0.654053,0.455263,0.800781,0.791992,0.737304,0.545695,215.949997,3376.000000
3494.000000,-107.016533,0.650635,0.452541,0.803711,0.792725,0.739191,0.546772,230.419998,3350.000000
3495.000000,-122.824554,0.649902,0.450926,0.798584,0.789062,0.733947,0.541808,258.040009,3357.000000
3496.000000,-100.420967,0.643066,0.444124,0.793701,0.784424,0.729185,0.536427,211.169998,3364.000000
3497.000000,-110.712463,0.644043,0.444229,0.799561,0.785400,0.734801,0.535748,231.830002,3386.000000
3498.000000,-109.543549,0.648926,0.448002,0.797852,0.785400,0.733211,0.535213,222.149994,3413.000000
3499.000000,-117.339195,0.648682,0.446225,0.802246,0.786133,0.737228,0.535623,239.419998,3367.000000
3500.000000,-117.898781,0.653809,0.448401,0.806152,0.794434,0.741108,0.538670,245.360001,3377.000000
3501.000000,-116.371643,0.652832,0.448549,0.805420,0.792480,0.741046,0.536201,228.770004,3350.000000
3502.000000,-108.169250,0.648438,0.449027,0.802246,0.789551,0.738030,0.538453,228.250000,3373.000000
3503.000000,-94.971466,0.644287,0.444901,0.800049,0.782959,0.736514,0.532091,205.300003,3384.000000
3504.000000,-121.076164,0.642822,0.443065,0.799805,0.781738,0.734239,0.532322,253.770004,3369.000000
3505.000000,-118.950150,0.646240,0.445705,0.801514,0.784912,0.736879,0.534743,238.809998,3350.000000
3506.000000,-118.598824,0.640869,0.441080,0.799072,0.782715,0.735583,0.532730,254.100006,3329.000000
3507.000000,-106.972229,0.646973,0.444332,0.804688,0.784180,0.741767,0.531352,219.300003,3378.000000
3508.000000,-131.217331,0.646484,0.443755,0.802490,0.781982,0.740809,0.529237,277.019989,3369.000000
3509.000000,-105.019188,0.645996,0.443410,0.802246,0.786377,0.740232,0.532114,225.759995,3360.000000
3510.000000,-116.621765,0.645020,0.447780,0.802734,0.781494,0.741696,0.530480,245.020004,3358.000000
3511.000000,-113.147141,0.642090,0.445392,0.799561,0.781494,0.738934,0.530298,232.660004,3363.000000
3512.000000,-105.539993,0.651367,0.452146,0.807617,0.793457,0.746788,0.539702,226.020004,3371.000000
3513.000000,-124.107544,0.649902,0.451445,0.804932,0.792480,0.743909,0.539656,254.240005,3360.000000
3514.000000,-97.212730,0.649170,0.453396,0.804443,0.791016,0.742591,0.540744,204.759995,3374.000000
3515.000000,-100.906990,0.646240,0.452062,0.801025,0.785400,0.740191,0.535898,210.070007,3361.000000
3516.000000,-118.710747,0.642578,0.447504,0.799805,0.782959,0.738673,0.533625,245.580002,3368.000000
3517.000000,-126.904625,0.639404,0.445562,0.792480,0.786865,0.731068,0.538194,254.380005,3397.000000
3518.000000,-112.132812,0.641846,0.447532,0.799805,0.783447,0.737902,0.535814,234.759995,3359.000000
3519.000000,-107.420525,0.642822,0.445969,0.797119,0.782715,0.735900,0.533074,229.479996,3370.000000
3520.000000,-107.900101,0.643066,0.443854,0.801025,0.783203,0.740152,0.531497,227.619995,3378.000000
3521.000000,-123.224113,0.640625,0.441913,0.797119,0.779297,0.738232,0.528394,256.540009,3278.000000
3522.000000,-120.856941,0.642090,0.441027,0.802979,0.783447,0.744108,0.530208,249.139999,3384.000000
3523.000000,-109.068336,0.642334,0.442015,0.804443,0.778564,0.745939,0.525971,229.720001,3370.000000
3524.000000,-101.212746,0.646729,0.443966,0.806885,0.784424,0.747864,0.530109,212.869995,3369.000000
3525.000000,-113.907722,0.649170,0.443509,0.809326,0.787109,0.751126,0.528753,237.690002,3368.000000
3526.000000,-118.400352,0.650635,0.445017,0.807129,0.790039,0.749965,0.530480,246.029999,3369.000000
3527.000000,-113.896973,0.648438,0.445633,0.804932,0.784424,0.748741,0.527262,238.070007,3368.000000
3528.000000,-109.033791,0.643555,0.441219,0.804688,0.779297,0.746737,0.522887,234.679993,3345.000000
3529.000000,-104.909592,0.634277,0.434777,0.794434,0.770996,0.737126,0.517147,220.529999,3364.000000
3530.000000,-104.334824,0.636230,0.437130,0.795166,0.773438,0.736770,0.519738,219.369995,3385.000000
3531.000000,-118.508446,0.632568,0.434952,0.799072,0.767578,0.741058,0.514795,253.600006,3361.000000
3532.000000,-107.075455,0.632080,0.435907,0.796631,0.768799,0.738220,0.517930,227.199997,3359.000000
3533.000000,-116.188690,0.630859,0.434406,0.794434,0.770508,0.735135,0.518531,242.539993,3362.000000
3534.000000,-111.712402,0.635254,0.436963,0.795898,0.775391,0.736737,0.520691,232.470001,3362.000000
3535.000000,-113.792358,0.638428,0.441277,0.795898,0.776367,0.737207,0.524051,236.669998,3362.000000
3536.000000,-124.164558,0.634033,0.437368,0.789062,0.774414,0.730735,0.522775,260.019989,3370.000000
3537.000000,-118.237549,0.633789,0.438350,0.792725,0.770996,0.733552,0.521140,246.880005,3378.000000
3538.000000,-116.919388,0.639404,0.443567,0.795898,0.779297,0.737774,0.528594,246.860001,3399.000000
3539.000000,-122.606361,0.643555,0.446888,0.800537,0.784424,0.743238,0.532569,249.529999,3373.000000
3540.000000,-125.213432,0.654297,0.455932,0.808350,0.790283,0.750847,0.537299,248.479996,3352.000000
3541.000000,-112.325867,0.650391,0.451033,0.804932,0.786377,0.747301,0.534354,235.220001,3335.000000
3542.000000,-116.223747,0.647705,0.447523,0.798096,0.787354,0.740404,0.534608,246.279999,3405.000000
3543.000000,-119.171066,0.647949,0.446894,0.797119,0.780762,0.740569,0.529356,244.779999,3372.000000
3544.000000,-108.526520,0.646729,0.443281,0.795166,0.782715,0.738290,0.529825,230.559998,3373.000000
3545.000000,-103.250153,0.648193,0.443098,0.800293,0.786865,0.743074,0.532676,215.110001,3373.000000
3546.000000,-108.492393,0.653320,0.447271,0.803955,0.785645,0.747400,0.530433,225.669998,3342.000000
3547.000000,-122.531281,0.651611,0.445716,0.801758,0.784180,0.745422,0.528958,260.559998,3408.000000
3548.000000,-107.015976,0.653076,0.448259,0.799072,0.785645,0.744733,0.530958,227.190002,3394.000000
3549.000000,-105.089325,0.646729,0.442327,0.795166,0.777588,0.740149,0.523824,223.250000,3412.000000
3550.000000,-110.489243,0.648438,0.444397,0.800049,0.782959,0.745407,0.528757,237.550003,3406.000000
3551.000000,-128.872375,0.651611,0.447210,0.798340,0.785156,0.743530,0.529853,265.190002,3372.000000
3552.000000,-114.138985,0.651367,0.445394,0.798584,0.787354,0.743162,0.530918,241.940002,3395.000000
3553.000000,-106.162903,0.653076,0.445210,0.803955,0.786377,0.747960,0.528461,225.039993,3371.000000
3554.000000,-116.243721,0.659912,0.449546,0.807861,0.790039,0.751271,0.530314,242.669998,3368.000000
3555.000000,-101.031357,0.664062,0.453456,0.810059,0.790039,0.753941,0.531265,217.559998,3361.000000
3556.000000,-101.319252,0.656738,0.447951,0.802979,0.786621,0.746408,0.528289,219.669998,3423.000000
3557.000000,-111.493752,0.653076,0.446298,0.798340,0.782227,0.741259,0.525678,231.880005,3392.000000
3558.000000,-109.615540,0.649414,0.443033,0.798096,0.779297,0.739628,0.524857,233.440002,3403.000000
3559.000000,-108.921974,0.656250,0.448579,0.807373,0.780273,0.748015,0.525226,231.440002,3365.000000
3560.000000,-104.557365,0.654297,0.447494,0.807373,0.780029,0.747670,0.525411,218.509995,3364.000000
3561.000000,-109.113579,0.645508,0.443548,0.798340,0.774414,0.739618,0.524260,224.619995,3396.000000
3562.000000,-116.026047,0.637939,0.437625,0.792480,0.764893,0.734597,0.516633,235.679993,3374.000000
3563.000000,-115.328186,0.633789,0.437940,0.786621,0.762451,0.730621,0.518921,245.139999,3365.000000
3564.000000,-102.971626,0.635498,0.441499,0.789307,0.765137,0.733412,0.521205,216.830002,3367.000000
3565.000000,-115.273102,0.636475,0.444355,0.793213,0.769531,0.737450,0.525583,242.720001,3374.000000
3566.000000,-113.168007,0.636230,0.443430,0.793945,0.774902,0.738105,0.530259,229.270004,3369.000000
3567.000000,-116.083214,0.640869,0.447908,0.798340,0.776367,0.742469,0.533152,231.740005,3362.000000
3568.000000,-114.753067,0.645020,0.449684,0.798584,0.779785,0.742664,0.534165,228.470001,3363.000000
3569.000000,-117.863525,0.642334,0.448425,0.795898,0.777588,0.741532,0.533346,241.179993,3369.000000
3570.000000,-109.405647,0.641846,0.449514,0.792969,0.775146,0.740180,0.530527,228.539993,3425.000000
3571.000000,-108.935974,0.636963,0.446140,0.790527,0.770996,0.737713,0.528589,233.139999,3350.000000
3572.000000,-111.008026,0.636963,0.446141,0.793701,0.771484,0.740457,0.529458,236.070007,3364.000000
3573.000000,-108.303314,0.637939,0.446163,0.792236,0.770508,0.739551,0.527276,224.169998,3411.000000
3574.000000,-104.302879,0.638428,0.444219,0.796387,0.772217,0.741317,0.526774,219.550003,3408.000000
3575.000000,-110.301163,0.630127,0.439355,0.789795,0.768799,0.735181,0.525481,218.960007,3411.000000
3576.000000,-106.921730,0.627930,0.437573,0.788818,0.769043,0.735326,0.523594,228.559998,3401.000000
3577.000000,-98.314240,0.632080,0.439590,0.791016,0.775635,0.736351,0.526810,209.720001,3410.000000
3578.000000,-107.635773,0.636230,0.443921,0.794434,0.778076,0.740020,0.528432,223.429993,3404.000000
3579.000000,-102.564262,0.639404,0.445205,0.798584,0.780762,0.743984,0.528182,216.899994,3391.000000
3580.000000,-109.081268,0.639893,0.444930,0.799316,0.780029,0.744680,0.526237,229.779999,3375.000000
3581.000000,-105.694580,0.642090,0.445295,0.803955,0.781982,0.749418,0.525254,225.000000,3335.000000
3582.000000,-113.151016,0.645264,0.448161,0.805420,0.781250,0.749870,0.526639,235.649994,3335.000000
3583.000000,-106.463585,0.643799,0.445802,0.800781,0.782227,0.744785,0.528026,225.110001,3363.000000
3584.000000,-102.634178,0.643555,0.444419,0.803467,0.781006,0.745694,0.526082,220.220001,3411.000000
3585.000000,-125.110336,0.642090,0.444469,0.800537,0.780762,0.743466,0.527702,245.529999,3323.000000
3586.000000,-107.172661,0.644531,0.444328,0.805176,0.781494,0.747343,0.527752,227.070007,3367.000000
3587.000000,-125.026627,0.642578,0.442400,0.800049,0.778320,0.741720,0.524764,245.740005,3366.000000
3588.000000,-116.281700,0.644043,0.443099,0.801025,0.781006,0.743067,0.525575,235.630005,3369.000000
3589.000000,-117.393341,0.643799,0.442989,0.799805,0.775879,0.741582,0.521958,242.119995,3358.000000
3590.000000,-116.733070,0.642090,0.441598,0.799561,0.777100,0.740872,0.523343,245.119995,3359.000000
3591.000000,-130.340973,0.644531,0.444410,0.801758,0.778320,0.742316,0.523716,275.250000,3375.000000
3592.000000,-103.911255,0.635742,0.436294,0.794922,0.772705,0.735089,0.517372,222.039993,3361.000000
3593.000000,-109.040321,0.636963,0.438178,0.796143,0.775146,0.735566,0.520603,229.589996,3386.000000
3594.000000,-106.452682,0.636230,0.436450,0.798340,0.771973,0.737536,0.517529,219.080002,3368.000000
3595.000000,-106.242706,0.638184,0.436511,0.802002,0.773682,0.741197,0.517306,230.119995,3341.000000
3596.000000,-118.516418,0.639160,0.437531,0.802734,0.778076,0.740671,0.521427,242.149994,3358.000000
3597.000000,-108.267433,0.640137,0.438823,0.803955,0.774902,0.742017,0.519631,228.139999,3356.000000
3598.000000,-114.795929,0.639160,0.440261,0.802734,0.772217,0.741412,0.519614,237.330002,3360.000000
3599.000000,-117.460503,0.640137,0.441012,0.805664,0.772949,0.744620,0.521237,238.830002,3351.000000
3600.000000,-104.588341,0.641602,0.442421,0.806152,0.775635,0.746363,0.522799,210.720001,3378.000000
3601.000000,-125.581169,0.641602,0.443710,0.808838,0.770996,0.749615,0.518434,239.610001,3364.000000
3602.000000,-102.160194,0.636230,0.440352,0.801270,0.768555,0.742946,0.516776,216.339996,3384.000000
3603.000000,-116.756187,0.635498,0.439320,0.796143,0.767334,0.737314,0.516111,246.539993,3376.000000
3604.000000,-112.444336,0.633057,0.436449,0.797607,0.767334,0.738839,0.514709,226.190002,3363.000000
3605.000000,-108.920738,0.633789,0.438999,0.798828,0.773682,0.740388,0.522695,227.820007,3368.000000
3606.000000,-103.736969,0.635498,0.442554,0.799805,0.769775,0.742308,0.520682,217.160004,3373.000000
3607.000000,-108.840645,0.638428,0.444885,0.800049,0.772461,0.743093,0.522323,225.759995,3379.000000
3608.000000,-119.050621,0.634766,0.443306,0.797363,0.773682,0.740911,0.525378,248.580002,3375.000000
3609.000000,-113.376991,0.632812,0.443251,0.797607,0.773438,0.742042,0.526099,241.240005,3420.000000
3610.000000,-125.209404,0.638916,0.448071,0.797119,0.774170,0.740615,0.526579,238.160004,3404.000000
3611.000000,-128.696136,0.631104,0.441101,0.790771,0.765137,0.735720,0.519855,268.799988,3383.000000
3612.000000,-114.922241,0.637939,0.446610,0.804443,0.777100,0.748839,0.528727,236.080002,3367.000000
3613.000000,-129.384766,0.643555,0.449065,0.808350,0.781494,0.751886,0.529630,258.079987,3378.000000
3614.000000,-112.143417,0.650391,0.454810,0.812256,0.785889,0.756747,0.532912,239.910004,3368.000000
3615.000000,-122.045929,0.645996,0.451458,0.810059,0.779541,0.753612,0.528209,240.320007,3368.000000
3616.000000,-97.565086,0.647217,0.449985,0.808350,0.779297,0.750314,0.525728,210.789993,3379.000000
3617.000000,-108.895958,0.637207,0.440902,0.802734,0.772705,0.744570,0.519607,233.380005,3370.000000
3618.000000,-109.390686,0.643066,0.445347,0.805420,0.775146,0.746373,0.521505,232.460007,3375.000000
3619.000000,-114.454163,0.641846,0.442348,0.803711,0.777588,0.744773,0.522329,239.570007,3385.000000
3620.000000,-117.118256,0.638184,0.436976,0.802002,0.777832,0.742724,0.518971,238.360001,3375.000000
3621.000000,-109.599335,0.643555,0.443492,0.808350,0.780518,0.749552,0.523013,228.570007,3363.000000
3622.000000,-99.954132,0.640625,0.440614,0.806885,0.775391,0.748044,0.517523,213.630005,3375.000000
3623.000000,-98.443947,0.641357,0.439397,0.810547,0.777832,0.751105,0.517799,207.110001,3365.000000
3624.000000,-122.407417,0.645752,0.441423,0.812500,0.781982,0.752136,0.520278,254.880005,3398.000000
3625.000000,-120.454208,0.641113,0.436908,0.806152,0.776611,0.747120,0.515198,248.759995,3353.000000
3626.000000,-108.335434,0.638672,0.436603,0.801514,0.774902,0.742666,0.514836,230.889999,3366.000000
3627.000000,-111.966812,0.646240,0.442771,0.803467,0.780273,0.744404,0.519641,237.289993,3370.000000
3628.000000,-101.473602,0.647217,0.443912,0.807617,0.783203,0.748985,0.521630,213.899994,3368.000000
3629.000000,-179.574310,0.643555,0.441473,0.803223,0.781250,0.745184,0.521517,295.970001,3368.000000
3630.000000,-117.312614,0.645020,0.442546,0.803711,0.778076,0.746148,0.517695,241.889999,3426.000000
3631.000000,-118.442184,0.649902,0.447368,0.810791,0.777588,0.752854,0.518924,242.179993,3387.000000
3632.000000,-124.933372,0.645508,0.446326,0.801270,0.775391,0.744489,0.520135,259.399994,3368.000000
3633.000000,-113.561554,0.639404,0.442447,0.796631,0.770996,0.739801,0.519910,239.690002,3358.000000
3634.000000,-108.328606,0.640381,0.442060,0.796631,0.776611,0.739697,0.523051,225.479996,3355.000000
3635.000000,-123.677750,0.647705,0.446676,0.802490,0.783936,0.744359,0.528051,260.260010,3358.000000
3636.000000,-133.989120,0.647949,0.445897,0.804932,0.787109,0.746489,0.528813,281.980011,3365.000000
3637.000000,-109.358490,0.650146,0.448504,0.806396,0.787842,0.749262,0.529841,233.179993,3382.000000
3638.000000,-115.252609,0.649902,0.447927,0.805908,0.780273,0.747725,0.523673,237.309998,3362.000000
3639.000000,-113.935257,0.648438,0.445914,0.806641,0.780518,0.749364,0.523085,238.429993,3359.000000
3640.000000,-108.234337,0.644531,0.443741,0.801514,0.780518,0.744907,0.524387,228.089996,3392.000000
3641.000000,-117.545685,0.648682,0.444798,0.804199,0.782715,0.746897,0.524575,245.520004,3373.000000
3642.000000,-112.667290,0.651611,0.446183,0.809326,0.784180,0.750678,0.524942,238.330002,3366.000000
3643.000000,-117.828911,0.650879,0.446077,0.809326,0.781250,0.750656,0.523198,242.080002,3346.000000
3644.000000,-133.231445,0.651855,0.446418,0.806641,0.780518,0.748102,0.522833,268.690002,3373.000000
3645.000000,-121.190086,0.648438,0.442068,0.804199,0.779785,0.746489,0.520583,246.559998,3360.000000
3646.000000,-103.787727,0.645508,0.437289,0.800049,0.779541,0.743081,0.517601,223.139999,3385.000000
3647.000000,-122.619080,0.647705,0.440958,0.801025,0.780029,0.744591,0.519956,256.540009,3372.000000
3648.000000,-123.939926,0.650391,0.442344,0.803223,0.783691,0.745181,0.523135,243.970001,3372.000000
3649.000000,-116.952377,0.644531,0.437909,0.799561,0.781982,0.740230,0.521417,248.559998,3276.000000
3650.000000,-132.113022,0.647705,0.441742,0.805420,0.782959,0.745935,0.523062,260.200012,3353.000000
3651.000000,-110.951141,0.649414,0.444861,0.806641,0.781738,0.747499,0.522636,237.199997,3368.000000
3652.000000,-101.000587,0.649902,0.445833,0.803223,0.784668,0.744937,0.525698,215.119995,3365.000000
3653.000000,-127.068840,0.647705,0.446676,0.798828,0.779297,0.741828,0.523919,256.950012,3382.000000
3654.000000,-131.787476,0.649658,0.448727,0.801758,0.780029,0.745192,0.525920,257.600006,3372.000000
3655.000000,-113.735443,0.647949,0.448900,0.803467,0.775635,0.747497,0.524465,242.380005,3357.000000
3656.000000,-126.179504,0.649414,0.450838,0.800049,0.777344,0.744171,0.527286,259.970001,3357.000000
3657.000000,-117.604317,0.650635,0.450064,0.802734,0.780273,0.746898,0.527824,250.130005,3354.000000
3658.000000,-100.059753,0.643311,0.445239,0.795410,0.776367,0.741004,0.525022,210.550003,3350.000000
3659.000000,-115.970078,0.644043,0.446519,0.792969,0.780029,0.738769,0.528051,231.610001,3353.000000
3660.000000,-102.945625,0.641113,0.445665,0.790039,0.776855,0.735719,0.526536,216.039993,3373.000000
3661.000000,-110.675041,0.647217,0.451317,0.796631,0.781738,0.743499,0.528830,234.699997,3364.000000
3662.000000,-117.842888,0.647461,0.450374,0.799072,0.785156,0.745318,0.529908,238.250000,3368.000000
3663.000000,-106.387741,0.648438,0.449514,0.806396,0.782959,0.751464,0.526382,223.080002,3364.000000
3664.000000,-109.963448,0.647949,0.452125,0.802002,0.781250,0.747515,0.528165,228.869995,3362.000000
3665.000000,-109.356224,0.644775,0.447512,0.802002,0.777832,0.747493,0.524260,233.509995,3364.000000
3666.000000,-99.784195,0.643555,0.448192,0.805420,0.778320,0.750210,0.525259,214.889999,3374.000000
3667.000000,-124.774063,0.643311,0.450010,0.802734,0.780029,0.748007,0.529407,246.199997,3363.000000
3668.000000,-114.079750,0.641602,0.449491,0.802002,0.777100,0.745886,0.528002,237.190002,3371.000000
3669.000000,-123.338623,0.643311,0.448402,0.803223,0.779053,0.747063,0.526874,239.009995,3391.000000
3670.000000,-98.613853,0.643799,0.447111,0.806396,0.777344,0.749214,0.523643,212.029999,3376.000000
3671.000000,-106.502396,0.648682,0.450702,0.805176,0.781250,0.747419,0.525992,224.729996,3367.000000
3672.000000,-118.144920,0.651367,0.449403,0.806885,0.783203,0.748244,0.524665,245.369995,3381.000000
3673.000000,-123.646988,0.652832,0.450834,0.805664,0.781494,0.748253,0.523301,241.490005,3377.000000
3674.000000,-97.639778,0.652588,0.451393,0.805664,0.782227,0.748300,0.525440,206.470001,3365.000000
3675.000000,-121.283325,0.647217,0.449051,0.801025,0.774902,0.745798,0.520439,251.059998,3368.000000
3676.000000,-110.883301,0.645752,0.445521,0.797607,0.774658,0.742203,0.518612,231.869995,3377.000000
3677.000000,-126.972946,0.650146,0.446356,0.803467,0.781250,0.747800,0.521031,251.029999,3360.000000
3678.000000,-111.605507,0.660889,0.453613,0.809082,0.788330,0.753029,0.525436,229.279999,3373.000000
3679.000000,-103.148056,0.657959,0.452617,0.806885,0.784180,0.751978,0.523336,220.320007,3377.000000
3680.000000,-130.432526,0.660889,0.455599,0.806885,0.785645,0.752936,0.524855,250.630005,3375.000000
3681.000000,-103.195045,0.658203,0.453147,0.804199,0.783936,0.748717,0.524528,223.520004,3373.000000
3682.000000,-103.876236,0.650635,0.445947,0.800537,0.783203,0.745046,0.523083,217.750000,3369.000000
3683.000000,-115.071541,0.656006,0.447785,0.806885,0.787842,0.750743,0.523734,240.389999,3349.000000
3684.000000,-110.521439,0.658447,0.448806,0.806152,0.790039,0.749568,0.526621,231.460007,3372.000000
3685.000000,-113.732956,0.655029,0.446364,0.802979,0.783691,0.746129,0.521932,236.960007,3357.000000
3686.000000,-113.257950,0.662598,0.451463,0.807617,0.788574,0.749706,0.526439,235.139999,3353.000000
3687.000000,-138.327972,0.657715,0.448228,0.803711,0.783447,0.746375,0.523598,284.010010,3369.000000
3688.000000,-117.640106,0.660889,0.451265,0.803711,0.789551,0.746503,0.529800,237.160004,3394.000000
3689.000000,-124.981361,0.664062,0.452943,0.811523,0.787354,0.754581,0.527606,263.600006,3414.000000
3690.000000,-109.966553,0.660400,0.449069,0.811768,0.785889,0.753915,0.526562,231.669998,3365.000000
3691.000000,-121.276787,0.664307,0.451806,0.815430,0.793945,0.756693,0.532374,255.639999,3348.000000
3692.000000,-120.860214,0.665527,0.454838,0.812500,0.792969,0.753938,0.532242,238.970001,3360.000000
3693.000000,-110.811584,0.659912,0.451138,0.803223,0.787109,0.744468,0.527228,233.910004,3374.000000
3694.000000,-124.828812,0.658203,0.449930,0.803467,0.787109,0.745307,0.528353,258.720001,3385.000000
3695.000000,-124.226540,0.662109,0.454782,0.808105,0.789307,0.750045,0.532589,253.550003,3374.000000
3696.000000,-117.936829,0.657227,0.452196,0.806396,0.783203,0.748605,0.528573,245.800003,3374.000000
3697.000000,-107.965042,0.660156,0.454798,0.803467,0.785889,0.745725,0.532860,234.440002,3373.000000
3698.000000,-123.873825,0.659180,0.452071,0.805908,0.781494,0.747522,0.527590,258.579987,3366.000000
3699.000000,-116.173668,0.656494,0.449824,0.799805,0.785645,0.741964,0.532416,239.750000,3361.000000
3700.000000,-118.027596,0.658936,0.453752,0.799561,0.784424,0.742780,0.535023,240.139999,3370.000000
3701.000000,-113.951843,0.653809,0.451885,0.795898,0.779297,0.739184,0.531982,237.520004,3372.000000
3702.000000,-101.237213,0.653320,0.450650,0.800293,0.781494,0.743047,0.532460,212.029999,3365.000000
3703.000000,-107.587555,0.654541,0.451760,0.802002,0.783936,0.744078,0.533807,226.770004,3372.000000
3704.000000,-105.581978,0.654541,0.449852,0.803711,0.782715,0.744079,0.530172,224.179993,3375.000000
3705.000000,-113.423637,0.656738,0.448872,0.804199,0.784912,0.744905,0.528393,239.199997,3356.000000
3706.000000,-125.853439,0.659424,0.447442,0.806152,0.785645,0.745472,0.525551,262.549988,3414.000000
3707.000000,-115.944580,0.657715,0.447967,0.805664,0.785889,0.745771,0.529248,242.600006,3395.000000
3708.000000,-104.495338,0.659424,0.449414,0.806885,0.783936,0.747040,0.527584,221.350006,3370.000000
3709.000000,-118.536057,0.658203,0.449959,0.801270,0.781250,0.741810,0.527627,251.589996,3369.000000
3710.000000,-127.018127,0.660645,0.450420,0.808594,0.784912,0.749078,0.529097,240.919998,3373.000000
3711.000000,-111.029030,0.660889,0.448940,0.810059,0.788574,0.749865,0.529469,225.039993,3359.000000
3712.000000,-102.242599,0.659424,0.446525,0.812744,0.786621,0.753579,0.527169,219.270004,3346.000000
3713.000000,-100.594955,0.654785,0.441399,0.808838,0.789795,0.748563,0.528444,210.289993,3319.000000
3714.000000,-107.747345,0.655273,0.443089,0.807373,0.786133,0.747324,0.526016,229.759995,3398.000000
3715.000000,-107.112015,0.654053,0.442120,0.807129,0.784912,0.747018,0.524738,225.679993,3369.000000
3716.000000,-110.034851,0.649658,0.440056,0.799316,0.786377,0.738930,0.529032,234.080002,3372.000000
3717.000000,-116.483551,0.650635,0.445049,0.799072,0.779541,0.740533,0.526097,236.759995,3367.000000
3718.000000,-107.540581,0.650635,0.442137,0.805908,0.781494,0.746842,0.525796,221.699997,3375.000000
3719.000000,-118.067635,0.654297,0.445382,0.810547,0.781250,0.750540,0.526655,245.699997,3372.000000
3720.000000,-104.954895,0.654297,0.445423,0.807617,0.787842,0.747239,0.532440,217.919998,3358.000000
3721.000000,-111.831375,0.650146,0.443915,0.802490,0.780762,0.743255,0.527432,230.399994,3374.000000
3722.000000,-116.612846,0.650391,0.443304,0.803223,0.781006,0.744275,0.525127,233.419998,3370.000000
3723.000000,-112.807671,0.642822,0.440731,0.796875,0.775635,0.740541,0.522851,239.210007,3387.000000
3724.000000,-112.324379,0.644531,0.443331,0.800293,0.776123,0.743762,0.523751,239.949997,3370.000000
3725.000000,-105.358421,0.640137,0.439842,0.795654,0.771484,0.741170,0.517909,223.279999,3369.000000
3726.000000,-121.888725,0.638428,0.436740,0.796631,0.773193,0.742409,0.517431,252.279999,3365.000000
3727.000000,-106.554306,0.640381,0.437922,0.796387,0.775635,0.741149,0.518295,228.320007,3358.000000
3728.000000,-114.497650,0.636719,0.436800,0.792725,0.768799,0.736663,0.516082,234.630005,3360.000000
3729.000000,-107.473320,0.637207,0.436966,0.789795,0.772217,0.733575,0.518179,225.070007,3369.000000
3730.000000,-118.115425,0.641602,0.438416,0.798828,0.772461,0.742590,0.514885,239.479996,3375.000000
3731.000000,-116.123581,0.644287,0.439362,0.802002,0.774902,0.744702,0.516402,247.490005,3367.000000
3732.000000,-122.408356,0.641113,0.436517,0.799072,0.772949,0.742983,0.515889,233.839996,3416.000000
3733.000000,-111.805725,0.633545,0.432324,0.792480,0.768066,0.737702,0.512607,238.979996,3406.000000
3734.000000,-108.528412,0.638184,0.433421,0.793701,0.770264,0.738919,0.512053,224.570007,3425.000000
3735.000000,-110.095238,0.640625,0.436098,0.794434,0.774902,0.740193,0.517653,229.410004,3411.000000
3736.000000,-105.276512,0.644287,0.442457,0.797363,0.776855,0.743171,0.522827,222.110001,3421.000000
3737.000000,-111.310310,0.645752,0.442459,0.797363,0.780762,0.743595,0.524835,230.460007,3411.000000
3738.000000,-104.028259,0.646484,0.445488,0.804932,0.777100,0.753369,0.521927,215.990005,3416.000000
3739.000000,-107.725586,0.646240,0.444076,0.803955,0.777832,0.752148,0.522082,226.910004,3394.000000
3740.000000,-115.994720,0.647705,0.442393,0.801270,0.781006,0.749408,0.522615,229.199997,3357.000000
3741.000000,-105.132408,0.644043,0.440126,0.797852,0.778320,0.747731,0.519807,219.000000,3364.000000
3742.000000,-125.978745,0.642578,0.438732,0.793213,0.777832,0.743307,0.519710,256.959991,3375.000000
3743.000000,-112.583923,0.640137,0.437312,0.794678,0.773682,0.744413,0.516695,239.940002,3357.000000
3744.000000,-109.042763,0.643555,0.440883,0.797363,0.778809,0.746118,0.522099,227.910004,3355.000000
3745.000000,-111.612747,0.646484,0.442370,0.798340,0.784180,0.746472,0.526392,237.500000,3373.000000
3746.000000,-107.311653,0.646729,0.440370,0.798584,0.785156,0.747268,0.523905,224.009995,3362.000000
3747.000000,-112.738579,0.648926,0.445020,0.800049,0.783447,0.749173,0.525107,241.570007,3380.000000
3748.000000,-139.092896,0.647217,0.443425,0.799316,0.782471,0.748408,0.525048,256.040009,3391.000000
3749.000000,-106.064056,0.650146,0.446649,0.801514,0.786377,0.750245,0.528299,228.759995,3372.000000
3750.000000,-118.316246,0.646729,0.445132,0.802490,0.781982,0.750704,0.526786,241.080002,3407.000000
3751.000000,-117.644676,0.646484,0.443625,0.802979,0.784424,0.749519,0.529479,223.270004,3372.000000
3752.000000,-119.941429,0.645508,0.443562,0.801025,0.781250,0.747456,0.526954,244.619995,3363.000000
3753.000000,-106.926559,0.635010,0.434786,0.787842,0.771729,0.735970,0.519239,228.050003,3362.000000
3754.000000,-117.011177,0.635986,0.434601,0.786621,0.776855,0.733868,0.522973,240.110001,3370.000000
3755.000000,-110.327324,0.639648,0.438409,0.792725,0.779297,0.739998,0.523926,230.000000,3373.000000
3756.000000,-103.000717,0.640137,0.439124,0.795166,0.776855,0.743047,0.521665,213.619995,3337.000000
3757.000000,-106.906807,0.640625,0.439415,0.795410,0.773926,0.743580,0.521343,226.880005,3358.000000
3758.000000,-106.863647,0.640625,0.439468,0.792236,0.772461,0.739136,0.519617,227.050003,3354.000000
3759.000000,-116.394760,0.637207,0.437120,0.791504,0.773682,0.737947,0.521299,245.619995,3362.000000
3760.000000,-106.221649,0.641846,0.440570,0.797119,0.778076,0.742999,0.525764,227.830002,3405.000000
3761.000000,-108.966148,0.640869,0.437874,0.796631,0.777588,0.742427,0.524320,227.309998,3403.000000
3762.000000,-114.005363,0.642090,0.437160,0.797607,0.782471,0.743305,0.527631,231.520004,3415.000000
3763.000000,-111.615189,0.639160,0.437655,0.796631,0.775635,0.743094,0.523359,234.089996,3345.000000
3764.000000,-114.686516,0.634766,0.437412,0.795410,0.772461,0.742166,0.523256,245.190002,3342.000000
3765.000000,-107.120270,0.635986,0.439703,0.790771,0.777100,0.737665,0.528809,225.619995,3344.000000
3766.000000,-109.458244,0.642578,0.446327,0.797607,0.782959,0.743585,0.534599,225.550003,3346.000000
3767.000000,-102.926529,0.641846,0.446299,0.798584,0.780762,0.743751,0.533318,218.289993,3344.000000
3768.000000,-109.300568,0.641357,0.447533,0.796143,0.781250,0.740552,0.534326,225.869995,3352.000000
3769.000000,-119.581833,0.641113,0.445951,0.796875,0.778076,0.740754,0.530580,248.289993,3349.000000
3770.000000,-110.863739,0.637695,0.443760,0.798096,0.774658,0.743246,0.528482,227.960007,3368.000000
3771.000000,-151.362701,0.639404,0.445083,0.795410,0.772949,0.739820,0.529112,287.369995,3341.000000
3772.000000,-111.068794,0.643066,0.446606,0.797363,0.776123,0.740397,0.531285,240.570007,3344.000000
3773.000000,-120.543732,0.643066,0.447843,0.797119,0.783203,0.739630,0.539780,235.339996,3348.000000
3774.000000,-117.657211,0.647949,0.451573,0.803467,0.785156,0.744377,0.541451,247.240005,3336.000000
3775.000000,-110.414757,0.645752,0.448404,0.796631,0.782959,0.737809,0.538478,230.520004,3342.000000
3776.000000,-102.815887,0.644043,0.445122,0.798096,0.783691,0.739836,0.535935,218.240005,3350.000000
3777.000000,-111.971901,0.637695,0.440391,0.792480,0.780762,0.734529,0.531728,229.660004,3270.000000
3778.000000,-103.321877,0.638428,0.438499,0.795654,0.783447,0.736590,0.531632,219.119995,3350.000000
3779.000000,-105.700218,0.638184,0.436566,0.797852,0.783691,0.738812,0.528437,222.570007,3341.000000
3780.000000,-115.999542,0.636475,0.435243,0.795654,0.778564,0.737074,0.524008,242.529999,3331.000000
3781.000000,-115.940254,0.636230,0.435167,0.790771,0.776855,0.733242,0.523047,248.169998,3346.000000
3782.000000,-99.734665,0.637939,0.434237,0.791504,0.778564,0.732469,0.522181,209.889999,3339.000000
3783.000000,-115.114464,0.631836,0.431431,0.789307,0.775635,0.730822,0.521832,241.300003,3359.000000
3784.000000,-106.538048,0.632568,0.433417,0.792236,0.773926,0.734743,0.520688,218.570007,3354.000000
3785.000000,-121.517647,0.640381,0.437472,0.799316,0.777832,0.742284,0.520961,249.809998,3366.000000
3786.000000,-108.605003,0.638916,0.436209,0.795898,0.780029,0.739404,0.521858,234.089996,3350.000000
3787.000000,-113.108047,0.645020,0.441887,0.796875,0.780518,0.741360,0.523445,214.229996,3357.000000
3788.000000,-114.523605,0.636719,0.437213,0.791016,0.775635,0.734517,0.521937,236.029999,3361.000000
3789.000000,-113.692352,0.635254,0.437054,0.785889,0.776367,0.729230,0.523275,242.529999,3344.000000
3790.000000,-102.931297,0.633545,0.437574,0.789551,0.775879,0.732051,0.524926,216.559998,3348.000000
3791.000000,-113.618591,0.638672,0.440295,0.793701,0.778809,0.735943,0.526267,232.750000,3354.000000
3792.000000,-121.322975,0.639160,0.442665,0.797363,0.779053,0.739044,0.527785,241.550003,3356.000000
3793.000000,-103.349754,0.645752,0.445516,0.804443,0.781250,0.744460,0.526697,215.110001,3352.000000
3794.000000,-111.283882,0.641113,0.442409,0.798340,0.776855,0.739388,0.523208,231.979996,3373.000000
3795.000000,-106.801674,0.638428,0.440207,0.794678,0.773682,0.736735,0.520707,227.130005,3347.000000
3796.000000,-129.185440,0.641113,0.443079,0.799561,0.777588,0.741834,0.524656,261.829987,3366.000000
3797.000000,-109.377449,0.646484,0.448136,0.804932,0.778809,0.749059,0.525094,229.350006,3360.000000
3798.000000,-110.545509,0.645020,0.447521,0.801514,0.779541,0.746542,0.525898,238.559998,3352.000000
3799.000000,-112.699829,0.642334,0.444190,0.798584,0.776367,0.742290,0.523434,236.979996,3359.000000
3800.000000,-100.679016,0.637695,0.443428,0.792725,0.769287,0.736662,0.518963,218.229996,3364.000000
3801.000000,-102.739136,0.638916,0.444916,0.795898,0.774170,0.739997,0.524289,215.050003,3360.000000
3802.000000,-104.146606,0.643799,0.448432,0.797363,0.781006,0.741406,0.528899,224.470001,3357.000000
3803.000000,-117.316925,0.649170,0.452572,0.808350,0.783447,0.751889,0.529045,235.699997,3350.000000
3804.000000,-108.790382,0.650879,0.452293,0.810791,0.787598,0.753407,0.529858,226.830002,3373.000000
3805.000000,-101.183990,0.650391,0.451875,0.807373,0.785400,0.748774,0.529130,212.070007,3365.000000
3806.000000,-131.450577,0.646973,0.449309,0.807129,0.782959,0.747003,0.529055,274.029999,3350.000000
3807.000000,-105.735756,0.647461,0.449256,0.808594,0.781250,0.747589,0.526532,230.740005,3363.000000
3808.000000,-123.764244,0.641602,0.444628,0.800781,0.774414,0.739521,0.521685,242.160004,3360.000000
3809.000000,-107.226822,0.640869,0.441235,0.799561,0.775635,0.737801,0.521136,215.889999,3357.000000
3810.000000,-112.088142,0.639404,0.440670,0.793457,0.775635,0.730399,0.523188,228.240005,3343.000000
3811.000000,-113.923882,0.635498,0.438411,0.790527,0.770996,0.726677,0.520338,236.839996,3350.000000
3812.000000,-118.284584,0.636475,0.439955,0.788574,0.767090,0.725267,0.518794,239.619995,3357.000000
3813.000000,-117.991913,0.639160,0.441581,0.792969,0.770508,0.729413,0.520999,239.070007,3358.000000
3814.000000,-115.165794,0.644043,0.446102,0.797363,0.766357,0.734120,0.520025,230.970001,3370.000000
3815.000000,-125.036911,0.649902,0.450284,0.803467,0.776611,0.739171,0.529860,252.750000,3349.000000
3816.000000,-104.553108,0.647461,0.451103,0.800781,0.770752,0.737108,0.527617,221.369995,3362.000000
3817.000000,-106.656540,0.646240,0.448221,0.802246,0.773438,0.739027,0.528670,231.880005,3372.000000
3818.000000,-102.753601,0.641113,0.444558,0.795166,0.768555,0.732663,0.525555,217.119995,3378.000000
3819.000000,-108.706673,0.642578,0.446018,0.797852,0.774170,0.736431,0.530809,229.460007,3363.000000
3820.000000,-107.908417,0.644287,0.446786,0.796875,0.776123,0.735898,0.532380,223.179993,3364.000000
3821.000000,-113.470978,0.645264,0.446026,0.796875,0.778564,0.736466,0.532405,237.059998,3169.000000
3822.000000,-105.144096,0.649414,0.446580,0.804688,0.784180,0.743470,0.533071,219.429993,3364.000000
3823.000000,-101.860962,0.645752,0.442217,0.802734,0.784424,0.741639,0.531353,217.809998,3364.000000
3824.000000,-112.513756,0.641113,0.440833,0.796631,0.782959,0.735107,0.532578,238.789993,3355.000000
3825.000000,-120.337791,0.641113,0.439995,0.802002,0.777832,0.738995,0.527044,251.360001,3370.000000
3826.000000,-111.132805,0.634033,0.434852,0.792969,0.770996,0.730900,0.522232,234.809998,3379.000000
3827.000000,-99.078514,0.638916,0.437912,0.797119,0.776123,0.734773,0.525086,209.929993,3374.000000
3828.000000,-110.129959,0.644043,0.438457,0.798584,0.779053,0.736690,0.524358,229.589996,3372.000000
3829.000000,-119.651855,0.652100,0.442636,0.813232,0.788818,0.749806,0.529590,250.550003,3360.000000
3830.000000,-113.984833,0.650879,0.441539,0.809326,0.788330,0.744958,0.530079,240.929993,3348.000000
3831.000000,-122.258232,0.646240,0.438837,0.804688,0.780029,0.741921,0.524152,246.850006,3363.000000
3832.000000,-121.426170,0.649170,0.439618,0.807129,0.779785,0.743998,0.520683,249.919998,3367.000000
3833.000000,-120.088837,0.648193,0.439465,0.804932,0.776855,0.742805,0.519373,246.149994,3365.000000
3834.000000,-130.761902,0.645508,0.438315,0.800781,0.779785,0.738372,0.524466,274.799988,3364.000000
3835.000000,-109.923744,0.647949,0.439085,0.804688,0.782227,0.740320,0.524328,233.880005,3350.000000
3836.000000,-97.966789,0.640625,0.432705,0.800293,0.776611,0.735108,0.518803,209.669998,3353.000000
3837.000000,-119.639633,0.646729,0.437718,0.801758,0.781982,0.737392,0.522111,231.820007,3356.000000
3838.000000,-107.810661,0.645752,0.437752,0.799805,0.776611,0.736020,0.518283,222.350006,3345.000000
3839.000000,-127.290039,0.643555,0.435783,0.797852,0.772705,0.734637,0.514137,265.829987,3356.000000
3840.000000,-105.196899,0.642334,0.433812,0.796143,0.771484,0.732103,0.511852,226.089996,3358.000000
3841.000000,-112.523247,0.641602,0.433569,0.795898,0.778320,0.732213,0.518228,234.479996,3267.000000
3842.000000,-110.257317,0.639893,0.433735,0.796143,0.775146,0.732945,0.516509,229.750000,3358.000000
3843.000000,-112.068390,0.644531,0.438855,0.800049,0.780029,0.736841,0.521085,227.880005,3350.000000
3844.000000,-116.167603,0.650391,0.445010,0.803711,0.782227,0.740405,0.524223,243.779999,3360.000000
3845.000000,-118.825676,0.653320,0.446033,0.805664,0.784912,0.742226,0.524408,233.550003,3349.000000
3846.000000,-113.011955,0.655029,0.446503,0.802490,0.789307,0.739564,0.527292,237.009995,3368.000000
3847.000000,-109.525108,0.655029,0.447839,0.805176,0.787598,0.743060,0.527416,236.199997,3355.000000
3848.000000,-99.750824,0.650146,0.446812,0.800293,0.783936,0.739506,0.527248,211.619995,3374.000000
3849.000000,-111.560623,0.654785,0.449528,0.803711,0.785156,0.742990,0.528100,235.669998,3337.000000
3850.000000,-101.441933,0.656250,0.453797,0.807373,0.783936,0.747413,0.528574,219.309998,3360.000000
3851.000000,-120.732185,0.657715,0.453856,0.803223,0.790527,0.743268,0.535359,239.639999,3341.000000
3852.000000,-113.938683,0.656494,0.450864,0.801514,0.790771,0.740256,0.535603,237.479996,3345.000000
3853.000000,-108.313866,0.659668,0.455222,0.806152,0.789062,0.744775,0.533990,233.070007,3341.000000
3854.000000,-117.163078,0.656982,0.453324,0.805908,0.781738,0.746097,0.527962,231.220001,3344.000000
3855.000000,-126.449677,0.658203,0.454205,0.807861,0.781738,0.749155,0.526890,251.960007,3348.000000
3856.000000,-113.136780,0.656494,0.452624,0.809082,0.784912,0.750258,0.531087,238.460007,3368.000000
3857.000000,-116.807907,0.661621,0.459178,0.815674,0.785400,0.756791,0.535448,241.759995,3375.000000
3858.000000,-117.985268,0.663574,0.460725,0.816406,0.787354,0.756954,0.536831,233.729996,3350.000000
3859.000000,-110.452614,0.663574,0.459526,0.818848,0.788330,0.758931,0.537439,238.880005,3383.000000
3860.000000,-109.675774,0.660156,0.456137,0.816162,0.782227,0.756814,0.530740,234.639999,3377.000000
3861.000000,-129.972397,0.655518,0.453743,0.808350,0.778809,0.749096,0.529342,259.980011,3371.000000
3862.000000,-105.667862,0.652588,0.448090,0.804932,0.778076,0.744923,0.526277,221.149994,3369.000000
3863.000000,-112.870018,0.650635,0.448142,0.803711,0.778809,0.744946,0.527345,239.190002,3382.000000
3864.000000,-101.551125,0.650146,0.447961,0.805908,0.781006,0.747589,0.529965,215.979996,3387.000000
3865.000000,-110.838043,0.650146,0.447019,0.804688,0.777100,0.744586,0.527050,232.970001,3367.000000
3866.000000,-125.510811,0.648438,0.445917,0.806152,0.777100,0.746619,0.526278,245.300003,3330.000000
3867.000000,-108.135315,0.643311,0.441629,0.800049,0.771484,0.739361,0.521737,222.960007,3334.000000
3868.000000,-104.278351,0.643311,0.441994,0.801270,0.773682,0.739740,0.522848,211.279999,3387.000000
3869.000000,-109.672424,0.643555,0.442544,0.801758,0.771973,0.742037,0.521725,226.229996,3382.000000
3870.000000,-119.068932,0.639893,0.442680,0.797607,0.770264,0.738317,0.524401,255.509995,3371.000000
3871.000000,-124.296951,0.641113,0.443340,0.799316,0.773682,0.740103,0.526864,238.830002,3404.000000
3872.000000,-110.028816,0.643066,0.447267,0.796143,0.774414,0.737274,0.529454,233.690002,3374.000000
3873.000000,-115.416878,0.645996,0.451476,0.802490,0.775879,0.743061,0.531927,243.059998,3412.000000
3874.000000,-99.838982,0.649902,0.457137,0.800781,0.780029,0.741824,0.539072,210.410004,3391.000000
3875.000000,-98.609261,0.652344,0.457769,0.803955,0.783691,0.743057,0.542410,208.330002,3395.000000
3876.000000,-125.091438,0.653076,0.457797,0.802490,0.781982,0.741733,0.540543,251.130005,3382.000000
3877.000000,-108.439857,0.644775,0.451117,0.796387,0.779541,0.734450,0.538978,226.250000,3387.000000
3878.000000,-103.783226,0.645264,0.453018,0.798828,0.776123,0.738773,0.535933,216.240005,3397.000000
3879.000000,-106.784515,0.641113,0.449459,0.798828,0.773438,0.739608,0.534119,219.679993,3373.000000
3880.000000,-133.285187,0.642090,0.449148,0.794678,0.775146,0.735376,0.535406,260.299988,3400.000000
3881.000000,-110.897346,0.644287,0.451008,0.795654,0.774170,0.736504,0.535097,242.300003,3344.000000
3882.000000,-116.780006,0.644287,0.448753,0.792725,0.775391,0.734204,0.533503,247.020004,3337.000000
3883.000000,-112.815559,0.641602,0.448951,0.793213,0.777344,0.735620,0.535785,236.039993,3374.000000
3884.000000,-102.283447,0.641846,0.449486,0.794434,0.781494,0.736582,0.539684,216.300003,3344.000000
3885.000000,-123.842720,0.650146,0.455310,0.801025,0.788818,0.743154,0.545182,255.740005,3344.000000
3886.000000,-99.840401,0.649414,0.453719,0.801758,0.788574,0.743372,0.543612,211.960007,3353.000000
3887.000000,-120.971901,0.655762,0.457096,0.799316,0.790039,0.740721,0.543174,256.480011,3392.000000
3888.000000,-109.028442,0.651367,0.454469,0.797119,0.787598,0.740197,0.541801,227.759995,3404.000000
3889.000000,-126.990326,0.655273,0.453577,0.801270,0.793457,0.744505,0.543659,268.980011,3405.000000
3890.000000,-115.843338,0.651367,0.448813,0.797852,0.788330,0.741844,0.538178,231.619995,3386.000000
3891.000000,-105.571693,0.655029,0.451859,0.798096,0.788330,0.742153,0.538018,219.789993,3388.000000
3892.000000,-116.971970,0.651123,0.450483,0.794189,0.782471,0.738131,0.533855,244.839996,3406.000000
3893.000000,-113.636551,0.650391,0.450519,0.793213,0.784668,0.737442,0.536657,232.789993,3399.000000
3894.000000,-105.870415,0.652832,0.453929,0.794678,0.781494,0.738853,0.535140,219.710007,3391.000000
3895.000000,-116.240738,0.653320,0.451602,0.792725,0.785156,0.737148,0.536123,242.520004,3363.000000
3896.000000,-110.209129,0.649902,0.447276,0.794922,0.784424,0.739229,0.533730,227.110001,3362.000000
3897.000000,-116.743996,0.642822,0.443875,0.789062,0.776611,0.735075,0.528080,231.860001,3342.000000
3898.000000,-117.068626,0.641113,0.443174,0.789307,0.776367,0.736587,0.527496,246.369995,3397.000000
3899.000000,-116.657959,0.640869,0.443182,0.791016,0.777588,0.737205,0.527537,237.580002,3394.000000
3900.000000,-115.092987,0.646240,0.446315,0.793945,0.786377,0.738912,0.532856,237.419998,3383.000000
3901.000000,-96.345024,0.650879,0.448315,0.797607,0.790039,0.742504,0.532925,204.740005,3407.000000
3902.000000,-108.320679,0.652832,0.450527,0.797363,0.790771,0.741397,0.534492,231.970001,3409.000000
3903.000000,-108.074364,0.651855,0.450949,0.800537,0.788818,0.746410,0.531895,229.429993,3388.000000
3904.000000,-106.589890,0.651367,0.451740,0.801025,0.786621,0.747983,0.530384,224.600006,3376.000000
3905.000000,-118.218826,0.650146,0.451951,0.799561,0.784424,0.745576,0.530151,244.149994,3308.000000
3906.000000,-113.830826,0.652344,0.453559,0.797119,0.785645,0.742740,0.531882,243.080002,3406.000000
3907.000000,-120.333374,0.650391,0.449915,0.799561,0.788086,0.744366,0.533023,248.830002,3390.000000
3908.000000,-135.699966,0.655762,0.453808,0.803711,0.791260,0.748314,0.535186,281.829987,3392.000000
3909.000000,-109.298080,0.646973,0.449965,0.791748,0.783691,0.737015,0.532380,237.729996,3401.000000
3910.000000,-110.275002,0.642090,0.445800,0.788086,0.781982,0.733570,0.531054,217.610001,3362.000000
3911.000000,-113.000809,0.641357,0.446653,0.789551,0.778809,0.735229,0.528838,230.429993,3307.000000
3912.000000,-138.426773,0.645752,0.451043,0.792969,0.782959,0.737868,0.533569,278.739990,3332.000000
3913.000000,-103.392883,0.640137,0.446755,0.791504,0.780518,0.735785,0.533990,223.809998,3340.000000
3914.000000,-111.444695,0.645752,0.452114,0.794922,0.786133,0.738986,0.539533,231.779999,3313.000000
3915.000000,-122.624146,0.641357,0.450679,0.785400,0.784180,0.730471,0.540297,246.389999,3352.000000
3916.000000,-105.570442,0.647705,0.453859,0.790283,0.790527,0.734178,0.543468,223.419998,3370.000000
3917.000000,-112.179321,0.640625,0.450158,0.786865,0.783691,0.731654,0.539432,235.830002,3364.000000
3918.000000,-111.409348,0.641357,0.448872,0.788818,0.785400,0.733971,0.538316,232.880005,3362.000000
3919.000000,-121.100639,0.647461,0.451869,0.794434,0.786621,0.740796,0.537190,237.869995,3362.000000
3920.000000,-104.462631,0.648193,0.452295,0.799805,0.787354,0.746272,0.537726,219.089996,3363.000000
3921.000000,-114.022667,0.648926,0.450862,0.802002,0.791260,0.747240,0.538313,224.210007,3337.000000
3922.000000,-120.863831,0.649414,0.448343,0.804443,0.789795,0.748523,0.533496,247.289993,3367.000000
3923.000000,-102.410515,0.644043,0.445797,0.795898,0.783691,0.741395,0.530118,217.470001,3339.000000
3924.000000,-114.892311,0.639160,0.443424,0.789307,0.774658,0.735206,0.525600,248.139999,3370.000000
3925.000000,-116.346886,0.637451,0.439510,0.789062,0.773193,0.734442,0.524282,239.699997,3370.000000
3926.000000,-111.512642,0.637939,0.440848,0.785400,0.778076,0.731458,0.530016,237.190002,3361.000000
3927.000000,-103.713326,0.642578,0.442051,0.793457,0.781982,0.738244,0.530866,219.710007,3362.000000
3928.000000,-103.233185,0.648926,0.446111,0.795898,0.783203,0.740500,0.530237,218.199997,3346.000000
3929.000000,-105.845131,0.650879,0.447927,0.798584,0.784424,0.742711,0.530982,221.910004,3346.000000
3930.000000,-107.793800,0.649658,0.450088,0.797852,0.784668,0.742342,0.534272,227.720001,3333.000000
3931.000000,-119.078117,0.649414,0.449776,0.795654,0.784912,0.740844,0.535774,252.270004,3357.000000
3932.000000,-114.324486,0.646973,0.450323,0.792969,0.780273,0.740126,0.534008,240.369995,3360.000000
3933.000000,-112.764801,0.652100,0.452396,0.798584,0.780029,0.744477,0.533727,234.429993,3353.000000
3934.000000,-114.050339,0.649414,0.449918,0.799072,0.778809,0.745742,0.532075,235.059998,3363.000000
3935.000000,-97.032509,0.654541,0.452326,0.801514,0.786621,0.746183,0.537481,208.080002,3355.000000
3936.000000,-104.144081,0.660400,0.456143,0.807129,0.788574,0.750329,0.535507,219.199997,3359.000000
3937.000000,-137.512222,0.655029,0.451831,0.805664,0.786865,0.747747,0.534541,261.470001,3381.000000
3938.000000,-130.488373,0.656006,0.453530,0.803711,0.785889,0.747372,0.534584,255.800003,3383.000000
3939.000000,-112.260643,0.650146,0.448232,0.798828,0.780762,0.742731,0.530710,232.389999,3398.000000
3940.000000,-101.928932,0.648926,0.446616,0.799805,0.782715,0.743424,0.531044,213.100006,3388.000000
3941.000000,-111.118317,0.657471,0.452549,0.803711,0.784180,0.747995,0.531878,232.910004,3414.000000
3942.000000,-116.953537,0.647461,0.444754,0.795166,0.771484,0.740076,0.521728,249.910004,3395.000000
3943.000000,-127.994781,0.650635,0.446724,0.796387,0.779053,0.741184,0.527550,263.070007,3386.000000
3944.000000,-112.598633,0.652832,0.446783,0.795898,0.778320,0.740069,0.525627,219.089996,3394.000000
3945.000000,-113.099129,0.652832,0.447493,0.801270,0.781006,0.744705,0.528361,238.110001,3411.000000
3946.000000,-119.533516,0.654297,0.449940,0.802246,0.783691,0.745136,0.532169,243.880005,3397.000000
3947.000000,-114.411133,0.652100,0.447364,0.801025,0.779785,0.743601,0.527629,243.750000,3393.000000
3948.000000,-127.656799,0.653809,0.448618,0.805176,0.781738,0.747777,0.531020,265.119995,3381.000000
3949.000000,-130.319809,0.658936,0.452062,0.808350,0.780518,0.750479,0.529958,262.160004,3399.000000
3950.000000,-118.242989,0.661621,0.453102,0.811035,0.782959,0.752897,0.531667,246.960007,3396.000000
3951.000000,-111.070015,0.658203,0.453070,0.804199,0.779297,0.746776,0.530388,231.410004,3395.000000
3952.000000,-103.411682,0.654785,0.452470,0.797607,0.773438,0.740553,0.526884,223.929993,3408.000000
3953.000000,-112.317818,0.650879,0.449026,0.793457,0.774902,0.735334,0.528917,240.089996,3354.000000
3954.000000,-108.299202,0.648926,0.445342,0.800049,0.772949,0.741754,0.527074,223.259995,3366.000000
3955.000000,-114.966705,0.655029,0.448045,0.808350,0.775146,0.748574,0.526245,239.320007,3412.000000
3956.000000,-119.031937,0.653564,0.447422,0.802246,0.775879,0.743121,0.528756,239.449997,3384.000000
3957.000000,-103.460503,0.655762,0.449139,0.808594,0.778320,0.748498,0.529834,221.809998,3398.000000
3958.000000,-118.053780,0.652832,0.445835,0.808838,0.775146,0.747084,0.526707,247.199997,3401.000000
3959.000000,-125.416573,0.648438,0.443150,0.804688,0.771484,0.743530,0.524943,244.380005,3372.000000
3960.000000,-109.093620,0.650879,0.444380,0.808838,0.776123,0.747116,0.528950,228.520004,3361.000000
3961.000000,-111.115234,0.649170,0.442848,0.803711,0.772705,0.742695,0.526733,229.479996,3343.000000
3962.000000,-108.811081,0.647461,0.439593,0.798096,0.779541,0.735951,0.530312,231.350006,3360.000000
3963.000000,-104.597458,0.652100,0.444898,0.805908,0.781250,0.743412,0.532083,220.160004,3338.000000
3964.000000,-103.362442,0.651367,0.445774,0.806885,0.781982,0.744955,0.532958,220.850006,3358.000000
3965.000000,-114.337845,0.660156,0.451947,0.810547,0.785889,0.748396,0.535345,240.110001,3358.000000
3966.000000,-104.172134,0.657715,0.446194,0.806152,0.788330,0.743316,0.533626,221.050003,3349.000000
3967.000000,-117.891060,0.651855,0.442583,0.805420,0.781738,0.743261,0.527512,238.880005,3367.000000
3968.000000,-119.705521,0.645508,0.438424,0.799072,0.781006,0.737872,0.528451,251.080002,3343.000000
3969.000000,-112.360580,0.642822,0.437957,0.796631,0.774170,0.736331,0.524378,239.250000,3278.000000
3970.000000,-118.727859,0.645752,0.439715,0.795166,0.783203,0.734213,0.533111,250.009995,3360.000000
3971.000000,-118.836517,0.647705,0.442767,0.800049,0.781494,0.738926,0.532894,245.050003,3354.000000
3972.000000,-115.178093,0.644043,0.439938,0.799072,0.780273,0.737731,0.532426,228.600006,3363.000000
3973.000000,-120.511253,0.649414,0.444190,0.798584,0.781250,0.736639,0.531671,246.479996,3355.000000
3974.000000,-104.371948,0.648193,0.443001,0.798828,0.783203,0.737052,0.531822,215.729996,3365.000000
3975.000000,-117.127129,0.648926,0.442370,0.802979,0.781006,0.739861,0.528850,237.539993,3359.000000
3976.000000,-115.691162,0.651367,0.446036,0.798096,0.787598,0.736174,0.535987,243.679993,3359.000000
3977.000000,-117.541107,0.652588,0.446498,0.801758,0.784180,0.738741,0.531581,244.800003,3368.000000
3978.000000,-111.601181,0.649658,0.444429,0.802002,0.780273,0.738051,0.528846,232.580002,3354.000000
3979.000000,-106.713089,0.647217,0.443957,0.801270,0.778076,0.737033,0.529459,225.419998,3351.000000
3980.000000,-135.511520,0.644775,0.441542,0.799561,0.778809,0.735505,0.528885,264.959991,3367.000000
3981.000000,-119.970802,0.645996,0.443705,0.801025,0.774902,0.737913,0.527638,237.809998,3354.000000
3982.000000,-110.209541,0.652588,0.448777,0.804199,0.782715,0.743407,0.534036,231.309998,3353.000000
3983.000000,-105.349869,0.649658,0.446238,0.803467,0.781982,0.741943,0.531892,226.559998,3353.000000
3984.000000,-138.637589,0.647461,0.445143,0.795410,0.779541,0.734363,0.530343,259.829987,3367.000000
3985.000000,-111.308548,0.646240,0.442192,0.799072,0.780273,0.736931,0.528518,228.410004,3368.000000
3986.000000,-106.452728,0.649658,0.447554,0.800293,0.782715,0.739455,0.531494,221.029999,3395.000000
3987.000000,-114.300407,0.648438,0.446171,0.801758,0.781494,0.740815,0.529496,230.649994,3399.000000
3988.000000,-125.348503,0.645508,0.444745,0.800293,0.780029,0.739585,0.528887,258.940002,3385.000000
3989.000000,-106.313782,0.641846,0.443025,0.798828,0.772949,0.737803,0.523372,225.500000,3396.000000
3990.000000,-109.150139,0.651855,0.448207,0.809570,0.783691,0.747780,0.529594,222.850006,3400.000000
3991.000000,-106.450150,0.647949,0.442790,0.806641,0.778809,0.744809,0.523002,223.339996,3398.000000
3992.000000,-114.968628,0.649902,0.443831,0.805908,0.781982,0.744582,0.525248,235.070007,3382.000000
3993.000000,-119.851860,0.650635,0.441588,0.807617,0.784668,0.746956,0.524493,248.600006,3413.000000
3994.000000,-113.950478,0.652832,0.442997,0.812744,0.790527,0.751996,0.529151,229.979996,3387.000000
3995.000000,-104.047729,0.660889,0.450298,0.820312,0.795410,0.759397,0.532401,222.149994,3389.000000
3996.000000,-105.638969,0.657227,0.448411,0.812256,0.793457,0.751706,0.532241,229.059998,3402.000000
3997.000000,-110.562492,0.655273,0.446225,0.809082,0.789307,0.748066,0.528009,234.279999,3411.000000
3998.000000,-119.209435,0.654297,0.445837,0.809326,0.785645,0.747758,0.525740,242.940002,3404.000000
3999.000000,-106.720505,0.651611,0.445598,0.805908,0.781494,0.745037,0.524480,224.600006,3392.000000
4000.000000,-110.709473,0.658447,0.448567,0.814453,0.788330,0.752196,0.528933,232.199997,3390.000000
4001.000000,-104.319160,0.653564,0.445390,0.808105,0.779541,0.746311,0.522282,226.369995,3394.000000
4002.000000,-113.282272,0.652588,0.445388,0.805420,0.775635,0.743185,0.519698,244.119995,3396.000000
4003.000000,-110.245064,0.654541,0.445530,0.809326,0.781250,0.747040,0.522859,237.580002,3346.000000
4004.000000,-121.112068,0.653076,0.442781,0.809814,0.780762,0.748448,0.521476,256.750000,3390.000000
4005.000000,-120.448936,0.658936,0.445915,0.811523,0.783691,0.751659,0.522781,246.850006,3387.000000
4006.000000,-106.203018,0.656006,0.445012,0.803223,0.781738,0.742945,0.523245,223.250000,3393.000000
4007.000000,-131.115173,0.648682,0.439787,0.794922,0.773682,0.735137,0.517976,256.290009,3401.000000
4008.000000,-112.434151,0.652588,0.444584,0.799072,0.777832,0.738802,0.523478,232.610001,3401.000000
4009.000000,-124.861107,0.653564,0.444156,0.802246,0.784424,0.740669,0.527496,250.869995,3402.000000
4010.000000,-115.373230,0.656738,0.448791,0.803955,0.788086,0.743390,0.531104,248.320007,3389.000000
4011.000000,-108.966232,0.660156,0.453408,0.805908,0.788818,0.746816,0.534320,231.839996,3411.000000
4012.000000,-113.471893,0.660645,0.452824,0.806885,0.779053,0.750632,0.525876,231.240005,3340.000000
4013.000000,-101.708458,0.656982,0.450727,0.805176,0.778564,0.749232,0.526044,221.330002,3360.000000
4014.000000,-132.045746,0.650146,0.445870,0.802734,0.776367,0.746755,0.524908,273.269989,3386.000000
4015.000000,-105.876137,0.650146,0.446778,0.805664,0.778076,0.750396,0.528006,230.309998,3324.000000
4016.000000,-121.948936,0.653809,0.449859,0.806152,0.780273,0.750034,0.529762,238.570007,3353.000000
4017.000000,-119.363075,0.659668,0.453097,0.809814,0.784180,0.752775,0.531592,247.940002,3376.000000
4018.000000,-114.224937,0.655029,0.449539,0.809570,0.781982,0.752060,0.530811,241.949997,3375.000000
4019.000000,-105.881042,0.650635,0.446408,0.804199,0.781006,0.746501,0.529819,224.529999,3388.000000
4020.000000,-113.746529,0.650146,0.447267,0.803223,0.780762,0.745048,0.529492,230.630005,3395.000000
4021.000000,-118.129692,0.651367,0.448071,0.804688,0.781006,0.745753,0.530058,235.139999,3402.000000
4022.000000,-113.632362,0.654541,0.451613,0.808594,0.780029,0.749139,0.531076,236.740005,3367.000000
4023.000000,-104.208130,0.659668,0.454713,0.813477,0.789307,0.753014,0.538016,221.770004,3375.000000
4024.000000,-114.135788,0.656982,0.453226,0.810303,0.786865,0.750764,0.536396,235.479996,3355.000000
4025.000000,-102.553749,0.659668,0.454216,0.815430,0.785400,0.754763,0.533452,213.839996,3363.000000
4026.000000,-107.362160,0.655762,0.452053,0.806885,0.783447,0.746498,0.532445,229.259995,3349.000000
4027.000000,-116.291542,0.654297,0.452786,0.806641,0.781982,0.747345,0.532815,246.289993,3392.000000
4028.000000,-106.207062,0.653564,0.452226,0.805420,0.780762,0.746075,0.531939,222.229996,3352.000000
4029.000000,-116.322037,0.648682,0.447698,0.798828,0.775391,0.740530,0.526168,240.679993,3362.000000
4030.000000,-126.951630,0.650146,0.447678,0.804688,0.774902,0.746868,0.524359,267.589996,3365.000000
4031.000000,-124.847885,0.652344,0.450211,0.801514,0.780029,0.744480,0.527855,234.679993,3354.000000
4032.000000,-114.308311,0.651367,0.447921,0.805176,0.783936,0.747515,0.530494,247.520004,3360.000000
4033.000000,-116.509140,0.647461,0.447122,0.805664,0.780273,0.748762,0.529037,244.139999,3267.000000
4034.000000,-109.656662,0.650391,0.452328,0.806396,0.781494,0.750629,0.532029,231.039993,3357.000000
4035.000000,-104.192169,0.648438,0.450633,0.802734,0.776611,0.746331,0.527601,217.449997,3357.000000
4036.000000,-114.617508,0.642090,0.449000,0.794922,0.770020,0.739817,0.526965,241.690002,3353.000000
4037.000000,-116.609596,0.643555,0.451995,0.798828,0.774658,0.743418,0.532821,237.789993,3366.000000
