iteration,Train_mean_reward,Episode_stage1_successes,Episode_stage2_successes,Episode_stage1_left_successes,Episode_stage1_right_successes,Episode_stage2_left_successes,Episode_stage2_right_successes,IPPO_left_mean_reward,IPPO_right_mean_reward,Train_mean_episode_length,Computation_fps
1.000000,-213.117050,0.000000,0.000000,0.000000,0.000000,0.000000,0.000000,-1.112738,-1.109302,119.333336,8159.000000
2.000000,-213.117050,0.000000,0.000000,0.000000,0.000000,0.000000,0.000000,-1.130651,-1.124772,119.333336,19213.000000
3.000000,-213.117050,0.000000,0.000000,0.000000,0.000000,0.000000,0.000000,-1.138832,-1.134689,119.333336,19484.000000
4.000000,-213.117050,0.000000,0.000000,0.000000,0.000000,0.000000,0.000000,-1.138356,-1.138302,119.333336,19708.000000
5.000000,-213.117050,0.000000,0.000000,0.000000,0.000000,0.000000,0.000000,-1.135311,-1.135298,119.333336,19693.000000
6.000000,-213.117050,0.000000,0.000000,0.000000,0.000000,0.000000,0.000000,-1.131241,-1.127617,119.333336,19077.000000
7.000000,-213.117050,0.000000,0.000000,0.000000,0.000000,0.000000,0.000000,-1.118809,-1.107599,119.333336,19492.000000
8.000000,-213.117050,0.000000,0.000000,0.000000,0.000000,0.000000,0.000000,-1.079399,-1.076666,119.333336,19672.000000
9.000000,-213.117050,0.000000,0.000000,0.000000,0.000000,0.000000,0.000000,-0.992910,-1.049136,119.333336,19632.000000
10.000000,-213.117050,0.000000,0.000000,0.000000,0.000000,0.000000,0.000000,-0.867133,-0.960457,119.333336,19214.000000
11.000000,-213.117050,0.000000,0.000000,0.000610,0.000122,0.000014,0.000009,-0.730560,-0.825603,119.333336,18724.000000
12.000000,-213.117050,0.000000,0.000000,0.011963,0.000610,0.000399,0.000016,-0.588482,-0.680187,119.333336,17989.000000
13.000000,-213.117050,0.000122,0.000061,0.038574,0.001709,0.001818,0.000098,-0.436933,-0.536010,119.333336,17360.000000
14.000000,-213.117050,0.000854,0.000019,0.087158,0.005737,0.004114,0.000160,-0.324420,-0.419605,119.333336,16394.000000
15.000000,-213.117050,0.001465,0.000074,0.125000,0.012573,0.006802,0.000435,-0.350648,-0.390058,119.333336,15259.000000
16.000000,-214.112686,0.002197,0.000081,0.139526,0.015991,0.009104,0.000539,-0.499475,-0.454130,124.555557,15135.000000
17.000000,-227.040344,0.002441,0.000046,0.140747,0.017578,0.010691,0.000529,-0.652952,-0.560654,133.660004,15094.000000
18.000000,-238.836807,0.002563,0.000037,0.138062,0.018066,0.011894,0.000525,-0.744805,-0.644806,142.679993,15424.000000
19.000000,-252.934433,0.002441,0.000023,0.135742,0.018311,0.012954,0.000517,-0.767654,-0.674493,150.520004,16348.000000
20.000000,-260.317169,0.002441,0.000021,0.133667,0.017944,0.013899,0.000484,-0.717292,-0.635187,158.160004,16661.000000
21.000000,-267.204742,0.003052,0.000019,0.132446,0.019165,0.014681,0.000483,-0.616639,-0.540741,165.199997,16305.000000
22.000000,-274.558624,0.004272,0.000049,0.136475,0.023438,0.015492,0.000622,-0.493819,-0.434589,171.550003,14923.000000
23.000000,-281.023132,0.008057,0.000360,0.152466,0.033447,0.016682,0.001155,-0.435220,-0.385726,175.539993,14057.000000
24.000000,-281.503174,0.012085,0.000415,0.163330,0.046997,0.017251,0.001786,-0.462653,-0.371638,180.970001,14332.000000
25.000000,-291.591522,0.014282,0.000255,0.170288,0.057861,0.017548,0.001954,-0.491935,-0.367834,191.720001,14260.000000
26.000000,-308.525909,0.017090,0.000462,0.173706,0.067505,0.017772,0.002503,-0.493989,-0.373470,202.080002,14770.000000
27.000000,-313.070435,0.019043,0.000474,0.175537,0.075073,0.017651,0.002765,-0.477010,-0.379697,211.059998,14818.000000
28.000000,-321.610168,0.021362,0.000779,0.182617,0.081909,0.018256,0.003229,-0.459225,-0.375096,219.020004,14613.000000
29.000000,-314.465546,0.022461,0.000612,0.188354,0.086914,0.018317,0.003226,-0.433389,-0.362439,220.309998,14734.000000
30.000000,-314.405243,0.023682,0.000592,0.194458,0.090576,0.018732,0.003278,-0.401995,-0.350539,225.100006,14454.000000
31.000000,-327.663544,0.025146,0.000690,0.202026,0.095337,0.019511,0.003530,-0.378359,-0.335613,233.130005,13823.000000
32.000000,-310.031586,0.026855,0.000818,0.208496,0.099365,0.020259,0.003786,-0.356056,-0.327000,230.729996,14565.000000
33.000000,-329.380951,0.028442,0.000757,0.210938,0.102539,0.020785,0.003753,-0.342595,-0.324810,247.330002,14597.000000
34.000000,-304.023926,0.029419,0.000773,0.214600,0.104614,0.020824,0.003866,-0.336146,-0.325765,237.119995,13922.000000
35.000000,-323.167297,0.030640,0.001085,0.216309,0.105957,0.021344,0.004228,-0.338429,-0.329937,252.820007,14037.000000
36.000000,-321.044067,0.031982,0.000859,0.217285,0.106445,0.021152,0.004050,-0.338406,-0.333023,256.660004,13939.000000
37.000000,-340.550934,0.032715,0.000845,0.218994,0.107544,0.021350,0.003966,-0.337678,-0.334757,272.329987,13902.000000
38.000000,-321.152344,0.033813,0.000984,0.221802,0.108643,0.021939,0.004273,-0.339464,-0.337823,268.399994,14145.000000
39.000000,-329.272186,0.034424,0.001218,0.222656,0.107788,0.022530,0.004538,-0.337622,-0.338473,276.200012,13830.000000
40.000000,-313.579895,0.035400,0.001327,0.224731,0.106934,0.023145,0.004772,-0.338103,-0.338012,267.109985,14027.000000
41.000000,-342.094330,0.036255,0.001495,0.228516,0.107910,0.024410,0.005000,-0.331772,-0.336059,290.570007,13690.000000
42.000000,-300.243408,0.038208,0.001626,0.234741,0.110107,0.026103,0.005514,-0.324682,-0.333155,270.649994,14129.000000
43.000000,-326.106018,0.040649,0.001966,0.240356,0.113403,0.027876,0.006025,-0.318093,-0.328547,289.429993,13622.000000
44.000000,-322.820892,0.042114,0.002188,0.245605,0.114746,0.029705,0.006286,-0.315709,-0.331445,288.480011,14081.000000
45.000000,-318.288147,0.043457,0.002410,0.251953,0.114258,0.031121,0.006814,-0.310717,-0.331757,289.239990,13537.000000
46.000000,-336.276794,0.044556,0.002719,0.256592,0.115234,0.032719,0.007180,-0.307937,-0.332228,304.440002,13631.000000
47.000000,-291.995331,0.047363,0.003551,0.263794,0.118774,0.035721,0.008196,-0.296535,-0.327005,273.989990,13543.000000
48.000000,-312.518463,0.051636,0.004635,0.274048,0.124634,0.039055,0.009859,-0.280957,-0.319416,291.799988,13531.000000
49.000000,-332.888367,0.053955,0.003857,0.284424,0.127563,0.041084,0.009612,-0.273238,-0.317528,314.519989,13346.000000
50.000000,-288.890015,0.056641,0.003892,0.293457,0.132324,0.044280,0.010022,-0.263524,-0.314432,286.109985,13131.000000
51.000000,-298.286072,0.062378,0.005127,0.309814,0.137817,0.048976,0.011570,-0.252842,-0.307955,293.239990,13321.000000
52.000000,-257.931671,0.065918,0.005174,0.324219,0.142944,0.052272,0.012294,-0.243759,-0.298898,271.140015,13222.000000
53.000000,-261.742218,0.073364,0.006951,0.336914,0.150879,0.056999,0.014696,-0.243113,-0.293501,277.190002,13204.000000
54.000000,-271.738983,0.077271,0.006541,0.346069,0.157104,0.059411,0.014635,-0.237173,-0.292944,287.779999,12911.000000
55.000000,-221.950089,0.082642,0.006573,0.359497,0.161743,0.062531,0.014552,-0.229055,-0.294636,243.110001,13261.000000
56.000000,-203.011185,0.086060,0.007179,0.369507,0.165283,0.066566,0.014965,-0.222034,-0.296146,230.800003,12751.000000
57.000000,-235.754959,0.089600,0.008415,0.379395,0.168091,0.071135,0.016255,-0.216884,-0.292462,266.089996,12917.000000
58.000000,-186.180496,0.093262,0.008051,0.393066,0.171143,0.075076,0.015891,-0.203312,-0.287129,220.899994,12736.000000
59.000000,-217.875916,0.098999,0.009249,0.411255,0.177124,0.081125,0.017119,-0.183442,-0.281438,250.520004,12655.000000
60.000000,-205.708649,0.106689,0.011321,0.423950,0.185059,0.087584,0.019798,-0.179286,-0.279110,238.190002,12734.000000
61.000000,-202.158951,0.113770,0.012270,0.440796,0.190186,0.093078,0.020890,-0.170847,-0.273596,245.119995,12516.000000
62.000000,-149.633713,0.121338,0.012509,0.454590,0.196289,0.097435,0.021057,-0.164638,-0.270024,198.789993,12385.000000
63.000000,-217.617737,0.130005,0.014050,0.473877,0.202637,0.102477,0.022733,-0.161110,-0.265827,265.929993,12063.000000
64.000000,-151.714508,0.136353,0.013235,0.484985,0.211060,0.105672,0.022512,-0.152517,-0.261017,207.050003,12171.000000
65.000000,-158.443207,0.142944,0.014253,0.496460,0.217407,0.109375,0.023592,-0.144261,-0.259700,221.160004,11928.000000
66.000000,-183.700195,0.150146,0.013223,0.507202,0.225098,0.111634,0.023319,-0.145063,-0.260068,243.089996,11901.000000
67.000000,-162.418182,0.158447,0.014774,0.519775,0.231323,0.116237,0.024861,-0.140725,-0.259771,231.779999,12035.000000
68.000000,-205.850647,0.166138,0.015285,0.534302,0.239136,0.119999,0.025451,-0.131680,-0.257664,272.019989,11675.000000
69.000000,-132.185226,0.171875,0.015178,0.542725,0.245239,0.122960,0.025162,-0.124887,-0.254816,210.949997,11418.000000
70.000000,-136.893188,0.178223,0.016257,0.552368,0.250610,0.126350,0.025973,-0.121455,-0.254566,218.940002,11881.000000
71.000000,-157.056229,0.183960,0.016563,0.560669,0.255371,0.129604,0.026470,-0.114123,-0.254561,233.949997,12000.000000
72.000000,-138.454041,0.191284,0.016545,0.571045,0.262939,0.133724,0.026704,-0.104933,-0.252569,221.300003,11669.000000
73.000000,-105.107056,0.197021,0.017848,0.581055,0.268677,0.138988,0.028346,-0.097249,-0.249934,196.919998,11540.000000
74.000000,-120.233162,0.205933,0.019942,0.594360,0.274780,0.145528,0.030218,-0.086658,-0.247484,211.119995,11916.000000
75.000000,-126.504456,0.214722,0.021173,0.606445,0.283203,0.151691,0.032261,-0.074390,-0.241362,213.369995,11363.000000
76.000000,-120.376602,0.222290,0.022656,0.618652,0.288330,0.157908,0.033609,-0.063560,-0.238067,214.720001,11886.000000
77.000000,-114.246323,0.233887,0.025487,0.630737,0.301147,0.166259,0.036255,-0.047119,-0.230876,214.759995,11771.000000
78.000000,-121.099792,0.246216,0.028279,0.645386,0.312256,0.175506,0.039312,-0.027866,-0.221315,219.960007,11720.000000
79.000000,-106.006676,0.256104,0.029250,0.659180,0.320801,0.183475,0.040003,-0.012418,-0.218326,212.460007,11694.000000
80.000000,-118.731247,0.264771,0.030382,0.669556,0.327393,0.190014,0.041301,-0.000209,-0.217254,239.839996,11447.000000
81.000000,-93.807365,0.274048,0.032065,0.677368,0.336548,0.196743,0.043113,0.008637,-0.209998,214.119995,11199.000000
82.000000,-127.394264,0.283081,0.033463,0.685059,0.344482,0.203721,0.044193,0.016709,-0.205276,238.630005,11144.000000
83.000000,-125.504440,0.291992,0.034471,0.695312,0.353638,0.211595,0.045001,0.028872,-0.199244,247.309998,11268.000000
84.000000,-120.597031,0.298828,0.033706,0.705688,0.360718,0.217539,0.044468,0.043715,-0.196662,251.880005,11161.000000
85.000000,-110.666504,0.307007,0.034455,0.718140,0.369751,0.223905,0.045551,0.053909,-0.192423,242.369995,11100.000000
86.000000,-90.409119,0.315063,0.035484,0.726318,0.376709,0.230997,0.046484,0.062492,-0.190148,229.039993,11228.000000
87.000000,-98.613297,0.323242,0.035270,0.734009,0.384766,0.236147,0.046143,0.068727,-0.188064,231.779999,10533.000000
88.000000,-101.037712,0.328735,0.034228,0.736084,0.390869,0.239521,0.045035,0.073384,-0.188841,234.649994,10943.000000
89.000000,-59.881912,0.336792,0.034342,0.743652,0.398560,0.244185,0.045386,0.082349,-0.185738,215.889999,10727.000000
90.000000,-100.032036,0.344604,0.035420,0.749512,0.407104,0.249141,0.046127,0.088766,-0.179678,246.000000,10850.000000
91.000000,-65.464516,0.347778,0.035421,0.751221,0.411621,0.251344,0.046601,0.089275,-0.176314,233.240005,10775.000000
92.000000,-70.543610,0.347534,0.032405,0.747803,0.413818,0.250105,0.043747,0.081542,-0.178796,238.779999,10735.000000
93.000000,-90.277603,0.352417,0.031843,0.748169,0.420776,0.250775,0.043548,0.074831,-0.178460,240.639999,10979.000000
94.000000,-51.673206,0.355835,0.032040,0.746948,0.426880,0.250674,0.044310,0.071237,-0.173003,231.800003,11008.000000
95.000000,-64.586075,0.357788,0.031516,0.745728,0.430664,0.250291,0.044108,0.072050,-0.173135,238.550003,11099.000000
96.000000,-60.577652,0.360107,0.031994,0.746948,0.432495,0.252616,0.044520,0.083879,-0.174565,246.149994,10859.000000
97.000000,-58.475616,0.361938,0.033856,0.747681,0.434326,0.255280,0.046291,0.092497,-0.172345,243.470001,10905.000000
98.000000,-63.976280,0.367554,0.035341,0.753662,0.442139,0.260650,0.047536,0.104019,-0.166543,259.750000,11124.000000
99.000000,-41.284973,0.369263,0.035447,0.749634,0.443359,0.263336,0.047681,0.107066,-0.168741,230.169998,11071.000000
100.000000,-50.203327,0.371460,0.034890,0.751709,0.444458,0.265989,0.047199,0.112901,-0.168814,240.039993,10825.000000
101.000000,-12.101623,0.373413,0.035821,0.752319,0.444702,0.271730,0.047841,0.125091,-0.163983,244.979996,10927.000000
102.000000,-26.062365,0.374756,0.036255,0.753784,0.444946,0.275939,0.047912,0.136653,-0.164091,237.020004,10954.000000
103.000000,-21.880423,0.376587,0.036184,0.755493,0.447388,0.281213,0.047710,0.147424,-0.163506,248.139999,10813.000000
104.000000,-30.128183,0.382935,0.039142,0.762939,0.452271,0.290171,0.050368,0.165731,-0.160980,248.399994,11048.000000
105.000000,-10.375873,0.385620,0.041059,0.763916,0.454712,0.296874,0.052226,0.181467,-0.154481,238.860001,10841.000000
106.000000,-12.668339,0.384766,0.041240,0.765259,0.452271,0.302281,0.052263,0.194576,-0.157611,255.479996,11085.000000
107.000000,-12.840091,0.385376,0.040733,0.769897,0.451660,0.308921,0.051548,0.209327,-0.159762,246.440002,11008.000000
108.000000,-11.289262,0.391846,0.043841,0.777588,0.457397,0.318260,0.054264,0.229622,-0.154740,265.329987,11020.000000
109.000000,5.960666,0.393921,0.045476,0.781250,0.456543,0.326751,0.055697,0.247894,-0.148892,246.369995,10956.000000
110.000000,11.570990,0.395386,0.044682,0.782715,0.459106,0.334236,0.055182,0.257801,-0.147632,248.429993,11205.000000
111.000000,-42.445721,0.393799,0.043298,0.780762,0.459229,0.339103,0.054205,0.262876,-0.149071,285.589996,11181.000000
112.000000,-9.428674,0.396606,0.044315,0.783081,0.460815,0.344873,0.055524,0.264375,-0.149006,266.929993,10933.000000
113.000000,11.714305,0.396851,0.043892,0.780518,0.460327,0.347698,0.055587,0.270169,-0.149388,247.830002,11269.000000
114.000000,-18.433922,0.398804,0.045027,0.782593,0.462036,0.351780,0.056726,0.271845,-0.151051,279.980011,11112.000000
115.000000,-6.389786,0.405640,0.046530,0.786865,0.467529,0.357082,0.058369,0.279567,-0.147723,245.699997,11236.000000
116.000000,13.087917,0.408203,0.046300,0.789795,0.470947,0.362570,0.058029,0.301543,-0.147221,255.529999,10954.000000
117.000000,-12.208323,0.416016,0.048388,0.795898,0.476196,0.371535,0.060178,0.328180,-0.139742,289.600006,10972.000000
118.000000,19.382072,0.420044,0.049884,0.803467,0.479492,0.380659,0.061619,0.354637,-0.135279,266.750000,11150.000000
119.000000,-1.372056,0.425049,0.050739,0.806641,0.482178,0.387992,0.061974,0.367834,-0.132888,277.290009,11172.000000
120.000000,-6.253738,0.428223,0.049086,0.807251,0.486694,0.392928,0.060354,0.372108,-0.132143,300.160004,10984.000000
121.000000,-2.189204,0.427490,0.047514,0.804810,0.485352,0.393836,0.058842,0.368143,-0.135817,297.739990,10963.000000
122.000000,20.971376,0.427856,0.046805,0.802490,0.484497,0.396725,0.058174,0.362475,-0.139385,288.980011,10887.000000
123.000000,39.305912,0.429077,0.046592,0.803101,0.486572,0.400244,0.058080,0.370494,-0.134865,276.859985,11169.000000
124.000000,48.643604,0.427856,0.045541,0.803589,0.485352,0.402247,0.057268,0.368373,-0.131622,259.440002,11114.000000
125.000000,-785.161865,0.428589,0.045801,0.804199,0.486816,0.404029,0.057832,0.365555,-0.130437,952.729980,10998.000000
126.000000,71.115982,0.426880,0.046324,0.790771,0.481201,0.405321,0.058242,0.337306,-0.163163,284.899994,11048.000000
127.000000,62.654907,0.425659,0.045475,0.789673,0.481934,0.405993,0.057489,0.361270,-0.138846,272.980011,11190.000000
128.000000,69.649643,0.431030,0.052555,0.808350,0.495728,0.414970,0.065862,0.412602,-0.101403,279.829987,11139.000000
129.000000,51.473396,0.444946,0.064586,0.820679,0.509155,0.434132,0.078549,0.453570,-0.080435,273.869995,10711.000000
130.000000,39.718353,0.449219,0.060760,0.824097,0.513428,0.440857,0.075240,0.476165,-0.086699,277.630005,10986.000000
131.000000,68.662766,0.454590,0.061569,0.828979,0.516235,0.448314,0.075711,0.490999,-0.093507,293.750000,10713.000000
132.000000,50.769821,0.456055,0.058911,0.828003,0.517944,0.453068,0.072560,0.494535,-0.099798,298.940002,10866.000000
133.000000,44.966774,0.459961,0.058808,0.829346,0.521973,0.460365,0.072450,0.501247,-0.103036,297.589996,11145.000000
134.000000,51.173023,0.460571,0.059339,0.829346,0.521851,0.464727,0.072544,0.506093,-0.099757,299.200012,11054.000000
135.000000,72.904594,0.464233,0.059750,0.833862,0.525513,0.472502,0.072515,0.513988,-0.100112,267.250000,10868.000000
136.000000,84.306229,0.465942,0.059309,0.838989,0.526733,0.478298,0.071858,0.522102,-0.097889,291.570007,11003.000000
137.000000,97.226189,0.472778,0.060994,0.843750,0.534424,0.487064,0.073606,0.535895,-0.097328,268.899994,11173.000000
138.000000,86.618736,0.477539,0.061713,0.846313,0.537964,0.492665,0.074262,0.546875,-0.099005,286.420013,10946.000000
139.000000,66.722656,0.479004,0.060703,0.846313,0.537598,0.498248,0.072694,0.558279,-0.104340,302.679993,11024.000000
140.000000,71.785583,0.478760,0.059879,0.843872,0.535522,0.502289,0.071512,0.566564,-0.109693,318.730011,10964.000000
141.000000,116.847565,0.475464,0.057169,0.842773,0.532959,0.504651,0.068651,0.576604,-0.114874,276.269989,11125.000000
142.000000,73.241447,0.474731,0.058862,0.841797,0.528442,0.509203,0.069409,0.582505,-0.120633,288.359985,11034.000000
143.000000,122.389153,0.473511,0.057880,0.841187,0.527100,0.513141,0.068379,0.587252,-0.123161,317.869995,10817.000000
144.000000,103.651390,0.475342,0.057343,0.847778,0.529053,0.518730,0.067677,0.596813,-0.121610,303.480011,11208.000000
145.000000,93.747742,0.477783,0.060582,0.853271,0.530518,0.526322,0.071093,0.614795,-0.116691,309.250000,10886.000000
146.000000,44.450623,0.477539,0.060577,0.851685,0.528198,0.531038,0.070686,0.612213,-0.119262,344.309998,10669.000000
147.000000,100.875465,0.478760,0.058976,0.853882,0.528442,0.536040,0.068675,0.612931,-0.123394,336.970001,11130.000000
148.000000,101.084290,0.480835,0.059635,0.857178,0.528564,0.541761,0.068796,0.637047,-0.118753,299.980011,10852.000000
149.000000,96.191994,0.483887,0.060658,0.864380,0.530762,0.550520,0.069856,0.655728,-0.113888,302.100006,10914.000000
150.000000,53.833130,0.487061,0.059963,0.869141,0.533569,0.558851,0.069020,0.676985,-0.109542,313.070007,10920.000000
151.000000,106.940712,0.488403,0.061786,0.867310,0.532715,0.565603,0.070925,0.692436,-0.108922,289.769989,10804.000000
152.000000,115.604691,0.484619,0.061057,0.862915,0.527588,0.568891,0.069809,0.694147,-0.118437,288.279999,11105.000000
153.000000,109.962646,0.478394,0.057938,0.858154,0.521240,0.567174,0.066905,0.692044,-0.123641,314.859985,11306.000000
154.000000,118.120201,0.475952,0.058991,0.859497,0.520386,0.570064,0.068250,0.701803,-0.119207,305.000000,11455.000000
155.000000,113.943787,0.478638,0.063275,0.861328,0.522827,0.576755,0.073072,0.709218,-0.108551,337.950012,11215.000000
156.000000,129.649567,0.482544,0.066256,0.863525,0.526978,0.582869,0.076006,0.717419,-0.101844,310.320007,10888.000000
157.000000,172.805099,0.481812,0.067532,0.860840,0.525391,0.584599,0.077147,0.715926,-0.102539,280.320007,10896.000000
158.000000,162.551559,0.478516,0.067820,0.858398,0.520752,0.584345,0.076990,0.710407,-0.109218,287.730011,11080.000000
159.000000,157.648117,0.480957,0.070285,0.858765,0.522827,0.588313,0.079191,0.712806,-0.105632,289.720001,11063.000000
160.000000,125.194016,0.484131,0.072592,0.861450,0.525024,0.593651,0.081366,0.723559,-0.096950,309.089996,11045.000000
161.000000,143.185715,0.492065,0.075883,0.867920,0.532593,0.603017,0.084583,0.738311,-0.091737,293.059998,10914.000000
162.000000,115.320847,0.497803,0.076817,0.871704,0.536255,0.610965,0.085050,0.752353,-0.088726,327.700012,10923.000000
163.000000,165.052597,0.499756,0.075636,0.874268,0.536987,0.615659,0.083626,0.761638,-0.094713,320.029999,10971.000000
164.000000,116.855156,0.500366,0.073756,0.869751,0.537231,0.618107,0.081559,0.764112,-0.102184,340.609985,10953.000000
165.000000,116.779068,0.498901,0.071702,0.869629,0.536743,0.619327,0.079727,0.765217,-0.104714,365.739990,10960.000000
166.000000,129.479294,0.501465,0.071818,0.872803,0.539185,0.622775,0.079892,0.771924,-0.104374,323.609985,10988.000000
167.000000,125.508514,0.506470,0.071568,0.879028,0.541992,0.629301,0.079607,0.781372,-0.104995,358.790009,11196.000000
168.000000,143.968491,0.511353,0.073452,0.881104,0.546143,0.635105,0.081427,0.793870,-0.102468,317.779999,10889.000000
169.000000,106.652641,0.512695,0.072450,0.880005,0.547852,0.637540,0.080408,0.797383,-0.102414,384.440002,11327.000000
170.000000,111.958427,0.516602,0.072861,0.883545,0.550903,0.642408,0.080826,0.805173,-0.101899,346.920013,10813.000000
171.000000,131.840454,0.520264,0.070909,0.885376,0.554810,0.646203,0.078930,0.809962,-0.104456,345.570007,10594.000000
172.000000,132.210648,0.520752,0.069806,0.884644,0.553833,0.648365,0.077726,0.815810,-0.107465,349.260010,10806.000000
173.000000,132.192932,0.524048,0.067477,0.888062,0.557251,0.651846,0.075288,0.819813,-0.110984,330.049988,10782.000000
174.000000,137.537949,0.521240,0.066493,0.884888,0.553833,0.650991,0.073996,0.824360,-0.113592,326.600006,10665.000000
175.000000,149.691971,0.526245,0.067939,0.884888,0.558472,0.656297,0.075307,0.829845,-0.111691,364.980011,10819.000000
176.000000,150.470840,0.528809,0.068831,0.886597,0.560791,0.660146,0.076049,0.844383,-0.104462,357.500000,10757.000000
177.000000,130.267746,0.527710,0.068557,0.888062,0.559204,0.663435,0.075474,0.858702,-0.100048,385.929993,10696.000000
178.000000,170.547348,0.526123,0.070117,0.887207,0.558105,0.665045,0.077092,0.864499,-0.096446,321.179993,10713.000000
179.000000,174.376984,0.527710,0.070013,0.890869,0.558350,0.668753,0.076874,0.870375,-0.094558,341.230011,10890.000000
180.000000,144.890427,0.530518,0.072318,0.889526,0.562256,0.672978,0.078989,0.876335,-0.091328,342.070007,10615.000000
181.000000,160.179688,0.529053,0.071720,0.888428,0.559204,0.674701,0.078530,0.872177,-0.098256,333.049988,10793.000000
182.000000,124.265625,0.524658,0.068277,0.882935,0.554443,0.672281,0.074910,0.868644,-0.103265,370.660004,11074.000000
183.000000,160.132385,0.520996,0.067540,0.882812,0.551392,0.673369,0.074049,0.869918,-0.103413,339.589996,10973.000000
184.000000,145.293625,0.520386,0.068951,0.884888,0.549927,0.675271,0.075409,0.877527,-0.098547,346.799988,10797.000000
185.000000,198.365906,0.521973,0.071585,0.886719,0.552002,0.678725,0.078071,0.882974,-0.090933,343.750000,11115.000000
186.000000,183.955917,0.518799,0.069671,0.886230,0.547485,0.678244,0.076132,0.881358,-0.094779,342.869995,10600.000000
187.000000,198.208420,0.517578,0.069200,0.886597,0.545410,0.680760,0.075370,0.881789,-0.098226,343.329987,10908.000000
188.000000,245.345703,0.519287,0.070095,0.887939,0.547729,0.683053,0.076211,0.887703,-0.094573,340.880005,10820.000000
189.000000,223.051849,0.517578,0.071058,0.884277,0.545410,0.682722,0.077066,0.887225,-0.093380,346.329987,10504.000000
190.000000,226.267181,0.520142,0.071441,0.888184,0.547729,0.686601,0.077392,0.888498,-0.087689,308.059998,10906.000000
191.000000,164.995361,0.522583,0.072224,0.889526,0.551147,0.690186,0.078282,0.894436,-0.083471,356.709991,10797.000000
192.000000,240.680023,0.524780,0.073485,0.895020,0.552856,0.694110,0.079165,0.902359,-0.078955,311.359985,10657.000000
193.000000,171.879349,0.527832,0.075211,0.894531,0.556152,0.697021,0.080926,0.899666,-0.078613,326.000000,10632.000000
194.000000,200.499939,0.526855,0.074196,0.891113,0.555664,0.696023,0.080209,0.892528,-0.082974,334.679993,10363.000000
195.000000,213.669083,0.531128,0.076669,0.894165,0.558228,0.700312,0.082632,0.888620,-0.083574,318.010010,10590.000000
196.000000,189.288605,0.529541,0.075420,0.891724,0.556152,0.698949,0.081553,0.875904,-0.081168,309.570007,10682.000000
197.000000,212.318359,0.527710,0.073697,0.894165,0.553955,0.697544,0.079595,0.870187,-0.084638,350.149994,10440.000000
198.000000,212.087570,0.528198,0.073864,0.893311,0.554321,0.698299,0.079742,0.867845,-0.082835,320.260010,10360.000000
199.000000,219.406448,0.529419,0.073635,0.896606,0.554688,0.699431,0.079342,0.876878,-0.082721,302.720001,10336.000000
200.000000,207.452057,0.533447,0.076552,0.895752,0.557861,0.701884,0.082068,0.881301,-0.081309,334.660004,10193.000000
201.000000,205.809830,0.532471,0.073122,0.896240,0.557861,0.701972,0.078642,0.889975,-0.082225,340.899994,10070.000000
202.000000,250.417252,0.532471,0.074164,0.898071,0.558838,0.702969,0.079722,0.900930,-0.081321,338.989990,10291.000000
203.000000,195.022842,0.532715,0.073678,0.895752,0.557129,0.704650,0.078906,0.902217,-0.085990,343.380005,10300.000000
204.000000,244.375992,0.529419,0.071350,0.891479,0.555664,0.702787,0.076803,0.903518,-0.088191,340.619995,10267.000000
205.000000,226.978958,0.531128,0.071755,0.894531,0.555542,0.703790,0.076907,0.905031,-0.089477,305.709991,10303.000000
206.000000,236.826660,0.533569,0.072887,0.896362,0.558105,0.706828,0.078042,0.911525,-0.084964,318.549988,10177.000000
207.000000,189.798416,0.534058,0.072290,0.897949,0.557739,0.708606,0.077206,0.914764,-0.086084,322.869995,10482.000000
208.000000,230.385056,0.533691,0.070806,0.899048,0.556641,0.710245,0.075700,0.923176,-0.088049,330.829987,10256.000000
209.000000,242.701065,0.530029,0.071669,0.898193,0.552490,0.709809,0.076178,0.924331,-0.089508,305.160004,10434.000000
210.000000,253.867859,0.529785,0.073718,0.899292,0.552734,0.711950,0.078459,0.926015,-0.085976,342.690002,10510.000000
211.000000,260.611633,0.528442,0.073870,0.901367,0.552002,0.713050,0.078803,0.929594,-0.083689,309.540009,10602.000000
212.000000,194.999176,0.531616,0.076944,0.901855,0.555298,0.718525,0.081847,0.929510,-0.078563,331.380005,10297.000000
213.000000,204.560883,0.532837,0.078025,0.900757,0.555176,0.720089,0.082719,0.935153,-0.077779,326.709991,10222.000000
214.000000,210.574539,0.532227,0.076957,0.903564,0.553955,0.721417,0.081680,0.939261,-0.078955,349.880005,10479.000000
215.000000,244.533264,0.531616,0.075844,0.901367,0.553467,0.720775,0.080765,0.934860,-0.079947,294.399994,10463.000000
216.000000,236.692734,0.529907,0.076127,0.899902,0.552124,0.721111,0.081297,0.927875,-0.080674,291.399994,10495.000000
217.000000,228.961533,0.529907,0.076567,0.898193,0.553223,0.721552,0.081932,0.926241,-0.079644,331.940002,10513.000000
218.000000,243.019440,0.528931,0.075468,0.897705,0.550903,0.720633,0.080931,0.928087,-0.085274,306.529999,10447.000000
219.000000,220.521408,0.528198,0.076956,0.897827,0.550293,0.720793,0.082416,0.929135,-0.082934,320.750000,10466.000000
220.000000,229.569519,0.531616,0.078326,0.901001,0.554688,0.724648,0.083960,0.941936,-0.079498,282.779999,10540.000000
221.000000,234.721085,0.531616,0.078736,0.900024,0.554199,0.725595,0.084168,0.948833,-0.075772,316.529999,10451.000000
222.000000,228.488937,0.534546,0.079923,0.902100,0.556274,0.728888,0.085295,0.956468,-0.077474,293.779999,10845.000000
223.000000,270.323303,0.534302,0.078413,0.902954,0.554932,0.729751,0.083612,0.966373,-0.078995,347.570007,10794.000000
224.000000,213.448944,0.536865,0.079078,0.905640,0.556763,0.732401,0.084184,0.970217,-0.076542,284.500000,10728.000000
225.000000,271.905243,0.533936,0.078963,0.904663,0.554077,0.731460,0.083994,0.969427,-0.080952,305.200012,10361.000000
226.000000,243.603577,0.533936,0.078885,0.900757,0.554932,0.730162,0.084177,0.962198,-0.084296,351.779999,10536.000000
227.000000,247.186646,0.530273,0.076959,0.900024,0.551392,0.727061,0.082429,0.954916,-0.088177,304.250000,10751.000000
228.000000,261.453583,0.533936,0.079424,0.899902,0.553711,0.729803,0.084684,0.954194,-0.083415,307.570007,10710.000000
229.000000,253.040543,0.536987,0.080912,0.899902,0.557251,0.729549,0.086479,0.950987,-0.082994,321.250000,10638.000000
230.000000,252.201736,0.535400,0.079832,0.901733,0.556152,0.729594,0.085494,0.956352,-0.084303,294.220001,10563.000000
231.000000,262.033112,0.538940,0.082909,0.903076,0.558350,0.732246,0.088327,0.956246,-0.087303,296.390015,10514.000000
232.000000,234.259232,0.534790,0.079014,0.901001,0.554688,0.728488,0.084267,0.957986,-0.089560,289.619995,10471.000000
233.000000,248.567093,0.540039,0.081703,0.905396,0.559448,0.734384,0.086623,0.965277,-0.088624,305.660004,10362.000000
234.000000,267.575287,0.540283,0.081138,0.909058,0.558716,0.736085,0.085818,0.973309,-0.089801,305.049988,10243.000000
235.000000,298.111450,0.540405,0.079641,0.911499,0.557129,0.737719,0.084139,0.982492,-0.096356,340.739990,10760.000000
236.000000,247.971558,0.539795,0.079546,0.908325,0.556641,0.737649,0.084100,0.987747,-0.096036,302.070007,10590.000000
237.000000,275.990021,0.535767,0.078624,0.905029,0.554443,0.735344,0.083466,0.982401,-0.096552,312.369995,10714.000000
238.000000,255.479431,0.538940,0.080434,0.908203,0.556396,0.739215,0.085155,0.990436,-0.089556,309.739990,10812.000000
239.000000,255.853210,0.542114,0.083948,0.912476,0.558594,0.744086,0.088435,1.001058,-0.083134,318.369995,10717.000000
240.000000,245.578552,0.542358,0.083291,0.914429,0.558350,0.747183,0.087742,1.008414,-0.079943,299.920013,10558.000000
241.000000,267.232605,0.539307,0.080677,0.911255,0.557495,0.745245,0.085531,1.011809,-0.080057,287.380005,10526.000000
242.000000,261.439148,0.540283,0.080054,0.913940,0.556396,0.747776,0.084779,1.015843,-0.081327,314.769989,10627.000000
243.000000,268.887207,0.541260,0.078042,0.914795,0.557007,0.749786,0.082609,1.016828,-0.084821,304.029999,10553.000000
244.000000,250.091553,0.539429,0.077348,0.912842,0.554810,0.749202,0.081859,1.014205,-0.085132,292.350006,10727.000000
245.000000,243.497116,0.538696,0.077287,0.910034,0.553467,0.748376,0.081668,1.012303,-0.088421,336.359985,10823.000000
246.000000,283.577087,0.537354,0.075471,0.908936,0.553101,0.746723,0.080186,1.016630,-0.086432,324.739990,10507.000000
247.000000,249.440002,0.539429,0.077602,0.910645,0.554932,0.748133,0.082306,1.013761,-0.083524,305.279999,10709.000000
248.000000,267.836212,0.538818,0.076832,0.911743,0.554199,0.748385,0.081283,1.015496,-0.080047,299.320007,10662.000000
249.000000,322.380585,0.539673,0.076392,0.910400,0.554810,0.749367,0.081051,1.021862,-0.078620,381.559998,10455.000000
250.000000,260.534454,0.540649,0.076648,0.910767,0.555542,0.751037,0.081302,1.021245,-0.074232,357.970001,10450.000000
251.000000,281.791534,0.541260,0.076730,0.907715,0.557129,0.750468,0.081608,1.024273,-0.069451,317.549988,10499.000000
252.000000,294.574432,0.541016,0.076996,0.911255,0.556641,0.751111,0.081823,1.029056,-0.068646,292.750000,10603.000000
253.000000,294.238312,0.539185,0.077306,0.910156,0.554199,0.749703,0.081996,1.028874,-0.065862,310.920013,10678.000000
254.000000,277.138428,0.537598,0.078187,0.907471,0.551758,0.748439,0.082993,1.024527,-0.068505,289.359985,10421.000000
255.000000,265.541626,0.536621,0.077489,0.906738,0.550903,0.746770,0.082208,1.013862,-0.073190,271.329987,10322.000000
256.000000,297.125122,0.537109,0.079475,0.908081,0.551514,0.747445,0.084240,1.011959,-0.068723,313.059998,10465.000000
257.000000,280.331604,0.540161,0.080463,0.910156,0.554443,0.749219,0.085089,1.007209,-0.067463,304.220001,10359.000000
258.000000,266.813568,0.541870,0.080638,0.915161,0.556641,0.752586,0.085262,1.012621,-0.061088,294.149994,10146.000000
259.000000,292.150909,0.546753,0.083560,0.915405,0.560303,0.756632,0.088113,1.018209,-0.054133,340.079987,10124.000000
260.000000,299.383209,0.545898,0.081598,0.915771,0.559082,0.756142,0.086204,1.014199,-0.057152,312.670013,10170.000000
261.000000,268.099823,0.544189,0.080241,0.913452,0.557251,0.754429,0.084800,1.012185,-0.059510,297.519989,10219.000000
262.000000,265.222473,0.546143,0.083427,0.913330,0.560181,0.756670,0.088106,1.008924,-0.054704,306.579987,10266.000000
263.000000,290.049347,0.540527,0.081857,0.906494,0.555664,0.750289,0.086430,0.992419,-0.063029,295.779999,10516.000000
264.000000,338.746765,0.541626,0.080985,0.907715,0.555908,0.749553,0.085642,0.986139,-0.065376,325.820007,10235.000000
265.000000,279.306915,0.542480,0.082617,0.907837,0.557983,0.749544,0.087347,0.985376,-0.061773,326.750000,10333.000000
266.000000,284.879639,0.544556,0.083483,0.912964,0.559448,0.752926,0.087936,0.989855,-0.058747,290.940002,10429.000000
267.000000,319.442871,0.546631,0.082805,0.914062,0.561157,0.754566,0.087149,0.992021,-0.062741,317.119995,10176.000000
268.000000,281.081268,0.547852,0.082003,0.915527,0.562988,0.754408,0.086301,0.995367,-0.062348,313.070007,10265.000000
269.000000,291.472809,0.549438,0.080373,0.912354,0.563599,0.751886,0.084933,0.975955,-0.069939,305.769989,10115.000000
270.000000,277.765442,0.546753,0.077257,0.908813,0.561768,0.745806,0.081824,0.970853,-0.073023,298.239990,10309.000000
271.000000,267.405731,0.546387,0.078770,0.906982,0.560669,0.743857,0.083195,0.963316,-0.075292,307.670013,10211.000000
272.000000,274.000092,0.546631,0.079727,0.909058,0.561035,0.744722,0.084206,0.970241,-0.071526,304.559998,10415.000000
273.000000,266.148132,0.550781,0.080934,0.914307,0.565796,0.748877,0.085268,0.983350,-0.065305,294.359985,10304.000000
274.000000,313.808655,0.552856,0.082363,0.914062,0.568604,0.751325,0.086840,0.994661,-0.063704,316.420013,10159.000000
275.000000,303.653503,0.553345,0.080942,0.912476,0.569580,0.751091,0.085352,0.997268,-0.067438,303.690002,10142.000000
276.000000,266.915070,0.555176,0.081752,0.912964,0.571167,0.752807,0.086113,1.009638,-0.068459,323.440002,10313.000000
277.000000,290.065582,0.555786,0.079573,0.914795,0.572144,0.753996,0.083811,1.012603,-0.067878,288.600006,10432.000000
278.000000,282.507019,0.554932,0.079693,0.912842,0.569092,0.753583,0.083573,1.013233,-0.070705,279.000000,10221.000000
279.000000,256.037354,0.553101,0.076839,0.910889,0.566528,0.751604,0.080460,1.009000,-0.074710,286.369995,10447.000000
280.000000,292.532776,0.550903,0.077466,0.906860,0.564209,0.749216,0.081267,1.008705,-0.072724,309.739990,10369.000000
281.000000,295.404083,0.551270,0.078939,0.909424,0.564575,0.750421,0.082528,1.009549,-0.071244,299.700012,10350.000000
282.000000,263.494568,0.552490,0.079544,0.905762,0.566406,0.750697,0.083099,1.013524,-0.067790,291.890015,10378.000000
283.000000,265.475677,0.555664,0.081642,0.908081,0.569092,0.753656,0.085077,1.015274,-0.066034,311.510010,10326.000000
284.000000,276.851013,0.555420,0.079910,0.910889,0.568726,0.754423,0.083338,1.026169,-0.063875,309.000000,10388.000000
285.000000,272.420807,0.557739,0.083028,0.911865,0.570923,0.757004,0.086286,1.036683,-0.059980,272.760010,10399.000000
286.000000,262.664093,0.559082,0.085413,0.910278,0.572144,0.757805,0.088504,1.034110,-0.064260,312.910004,10300.000000
287.000000,294.804626,0.560547,0.084945,0.907104,0.574585,0.758486,0.088138,1.036483,-0.062490,317.260010,10288.000000
288.000000,288.205170,0.560791,0.085580,0.909058,0.575073,0.759597,0.088976,1.040961,-0.062319,303.130005,10372.000000
289.000000,287.378235,0.564575,0.087021,0.912109,0.578979,0.762812,0.090476,1.042969,-0.064857,311.700012,10165.000000
290.000000,284.414185,0.562622,0.085117,0.910767,0.577026,0.760040,0.088929,1.043197,-0.067647,298.709991,10305.000000
291.000000,277.792969,0.566895,0.086815,0.914185,0.580688,0.763194,0.090720,1.044440,-0.070265,279.529999,10399.000000
292.000000,278.156708,0.567871,0.085765,0.912720,0.582764,0.763086,0.089828,1.049632,-0.073956,289.989990,10315.000000
293.000000,302.101379,0.570801,0.086748,0.916138,0.585327,0.766491,0.091034,1.062693,-0.074172,309.809998,10557.000000
294.000000,274.564240,0.571167,0.085933,0.912231,0.585083,0.766948,0.089802,1.067924,-0.077877,290.100006,10417.000000
295.000000,278.956085,0.570801,0.083484,0.914917,0.584473,0.766548,0.087486,1.066196,-0.083856,297.769989,10524.000000
296.000000,262.293549,0.570801,0.083909,0.912476,0.583984,0.764978,0.087775,1.061622,-0.087611,307.899994,10546.000000
297.000000,294.279999,0.570190,0.083390,0.910889,0.583252,0.764588,0.087235,1.059227,-0.090547,272.790009,10306.000000
298.000000,251.205994,0.567993,0.082673,0.910278,0.581543,0.762309,0.086481,1.055536,-0.096712,293.709991,10495.000000
299.000000,279.394287,0.568237,0.085449,0.912109,0.581665,0.763851,0.089219,1.064977,-0.093060,302.649994,10418.000000
300.000000,311.038788,0.571289,0.086780,0.915527,0.583008,0.765888,0.090567,1.073760,-0.089558,294.010010,10712.000000
301.000000,253.183640,0.569824,0.085620,0.915771,0.581421,0.764877,0.089400,1.075441,-0.091933,293.989990,10450.000000
302.000000,306.967407,0.572754,0.086497,0.915161,0.584106,0.767684,0.090115,1.078995,-0.090926,313.100006,10314.000000
303.000000,297.224213,0.574829,0.087985,0.916992,0.586426,0.769860,0.091855,1.084801,-0.083107,325.170013,10639.000000
304.000000,311.079407,0.574829,0.088032,0.916138,0.587036,0.770359,0.091881,1.085813,-0.080256,300.320007,10264.000000
305.000000,268.824402,0.574341,0.086635,0.915039,0.587891,0.770053,0.090635,1.088500,-0.081156,287.589996,10415.000000
306.000000,321.691498,0.574219,0.089038,0.911743,0.587891,0.768793,0.093134,1.085501,-0.083642,303.359985,10639.000000
307.000000,274.141357,0.577515,0.090190,0.912354,0.590210,0.770117,0.094143,1.088347,-0.080759,293.480011,10582.000000
308.000000,262.121979,0.577393,0.089248,0.913574,0.590576,0.770616,0.093225,1.090297,-0.081518,289.450012,10680.000000
309.000000,310.306000,0.575439,0.090011,0.910645,0.589600,0.769395,0.094083,1.087415,-0.081639,292.480011,10516.000000
310.000000,273.969818,0.571533,0.086874,0.909180,0.586182,0.766261,0.091085,1.076575,-0.089556,278.339996,10346.000000
311.000000,279.874939,0.573975,0.087852,0.910522,0.587891,0.769573,0.091861,1.078581,-0.090048,275.859985,10375.000000
312.000000,310.445404,0.573120,0.088514,0.911377,0.587036,0.768505,0.092541,1.083446,-0.087169,286.200012,10624.000000
313.000000,307.232635,0.572754,0.088549,0.911865,0.587280,0.769301,0.092479,1.084613,-0.090707,309.380005,10545.000000
314.000000,262.105194,0.571045,0.087604,0.911621,0.586182,0.769027,0.091555,1.082766,-0.097148,278.529999,10651.000000
315.000000,290.411713,0.571167,0.088031,0.912598,0.585327,0.768515,0.092044,1.083297,-0.098055,287.880005,10665.000000
316.000000,308.625458,0.571533,0.088445,0.913574,0.585815,0.769039,0.092473,1.083232,-0.099191,299.799988,10613.000000
317.000000,293.898163,0.571655,0.091530,0.912109,0.584473,0.769584,0.095338,1.088027,-0.093849,273.760010,10568.000000
318.000000,327.854340,0.572021,0.091239,0.912476,0.585571,0.770724,0.095085,1.085751,-0.097716,292.730011,10414.000000
319.000000,324.837799,0.573242,0.091390,0.912109,0.587280,0.772047,0.095120,1.088582,-0.094398,312.700012,10612.000000
320.000000,290.683838,0.574951,0.091609,0.916016,0.589111,0.774138,0.095393,1.093062,-0.090285,288.500000,10307.000000
321.000000,282.960968,0.576172,0.091088,0.915039,0.589722,0.774410,0.094848,1.092963,-0.090479,315.829987,10554.000000
322.000000,286.719940,0.580200,0.092579,0.916382,0.593018,0.777666,0.096211,1.093214,-0.089223,308.320007,10560.000000
323.000000,271.028381,0.576294,0.090920,0.912476,0.589722,0.773666,0.094606,1.087214,-0.093126,284.059998,10267.000000
324.000000,279.302429,0.577393,0.090929,0.912842,0.590454,0.775516,0.094538,1.087918,-0.093327,295.869995,10472.000000
325.000000,284.897705,0.578125,0.089493,0.916626,0.591064,0.775818,0.093148,1.094315,-0.087797,280.299988,10547.000000
326.000000,298.290314,0.579224,0.089872,0.916260,0.592285,0.777104,0.093745,1.088770,-0.089230,278.880005,10049.000000
327.000000,283.196564,0.577515,0.086987,0.915405,0.590576,0.775532,0.090780,1.086133,-0.086395,308.459991,10469.000000
328.000000,290.754486,0.573975,0.084790,0.913940,0.587158,0.773822,0.088407,1.084578,-0.088583,299.019989,10317.000000
329.000000,281.797394,0.572998,0.085512,0.911987,0.585693,0.773439,0.088941,1.084572,-0.087310,277.309998,10251.000000
330.000000,289.340607,0.570557,0.085000,0.910278,0.583618,0.771666,0.088423,1.084072,-0.085070,270.119995,10460.000000
331.000000,313.023499,0.571899,0.086482,0.911377,0.584839,0.773070,0.089662,1.084328,-0.082482,281.059998,10561.000000
332.000000,288.002289,0.572144,0.085190,0.911743,0.586182,0.772809,0.088808,1.080484,-0.075898,323.109985,10358.000000
333.000000,274.514069,0.574219,0.085694,0.914062,0.588379,0.775934,0.089294,1.086688,-0.070660,282.549988,10321.000000
334.000000,297.059448,0.578735,0.089378,0.915649,0.591675,0.779379,0.093037,1.093185,-0.064225,275.570007,10041.000000
335.000000,293.020081,0.578125,0.088726,0.911621,0.591919,0.777064,0.092240,1.093310,-0.063560,276.730011,9923.000000
336.000000,282.167664,0.579834,0.088463,0.914795,0.593506,0.778409,0.091997,1.091496,-0.064413,263.200012,10074.000000
337.000000,306.939148,0.578979,0.087141,0.912109,0.591797,0.775735,0.090623,1.089325,-0.065555,270.250000,10227.000000
338.000000,292.674591,0.576660,0.086845,0.908447,0.589478,0.772226,0.090502,1.075102,-0.069270,270.579987,9960.000000
339.000000,293.900848,0.576904,0.087888,0.908691,0.589966,0.771612,0.091750,1.074234,-0.066456,267.040009,10047.000000
340.000000,319.755341,0.578369,0.088644,0.911865,0.591309,0.772857,0.092480,1.076825,-0.063127,303.429993,10016.000000
341.000000,266.181335,0.579956,0.088313,0.912720,0.592651,0.774111,0.092009,1.082399,-0.058097,278.880005,9894.000000
342.000000,295.316620,0.583740,0.089275,0.916016,0.597534,0.777207,0.093027,1.087560,-0.055461,307.660004,10023.000000
343.000000,306.383331,0.584473,0.087758,0.917725,0.597290,0.777353,0.091444,1.087109,-0.056076,332.519989,10104.000000
344.000000,289.346008,0.584106,0.086886,0.916504,0.597046,0.775981,0.090654,1.083114,-0.057640,283.290009,9999.000000
345.000000,297.726776,0.582642,0.086071,0.915161,0.595825,0.773280,0.089971,1.072225,-0.061928,278.859985,10097.000000
346.000000,309.446869,0.579956,0.083705,0.911865,0.592041,0.770274,0.087623,1.062652,-0.067610,300.329987,10052.000000
347.000000,298.660583,0.576904,0.083259,0.911255,0.589355,0.767547,0.087184,1.058766,-0.069954,291.519989,10094.000000
348.000000,273.082611,0.579346,0.084979,0.913940,0.591919,0.768280,0.088921,1.052647,-0.069011,307.049988,10073.000000
349.000000,296.125916,0.580200,0.085631,0.914062,0.591553,0.768870,0.089296,1.055930,-0.069929,329.529999,9959.000000
350.000000,294.802856,0.583374,0.088859,0.917603,0.594116,0.771639,0.092682,1.060374,-0.067350,288.209991,9979.000000
351.000000,328.946045,0.583252,0.087954,0.915649,0.594116,0.770582,0.091735,1.066251,-0.066830,326.339996,10006.000000
352.000000,282.115784,0.581177,0.088133,0.911865,0.592041,0.767857,0.091995,1.066620,-0.069042,278.989990,9998.000000
353.000000,297.676941,0.581787,0.085514,0.915039,0.593872,0.768366,0.089299,1.061961,-0.073284,308.260010,10249.000000
354.000000,287.475311,0.579346,0.085357,0.913086,0.590576,0.766611,0.088978,1.066309,-0.069337,281.230011,10007.000000
355.000000,288.501678,0.582153,0.086367,0.918579,0.592896,0.770233,0.090037,1.074647,-0.066705,289.209991,9846.000000
356.000000,312.229523,0.580933,0.085169,0.917725,0.592285,0.770334,0.089105,1.079021,-0.064593,304.589996,9732.000000
357.000000,279.102417,0.582153,0.086514,0.918335,0.593872,0.771140,0.090116,1.078930,-0.064021,305.970001,10235.000000
358.000000,299.831787,0.579102,0.083075,0.914673,0.590454,0.768003,0.086745,1.076864,-0.069870,332.760010,10049.000000
359.000000,301.778900,0.576416,0.083251,0.913086,0.587036,0.765727,0.086781,1.075060,-0.070615,297.779999,10062.000000
360.000000,287.241608,0.579834,0.085433,0.917480,0.591309,0.769305,0.089111,1.082949,-0.066384,283.790009,10166.000000
361.000000,298.672699,0.582153,0.085626,0.918091,0.593872,0.771311,0.089341,1.091174,-0.062627,307.529999,10169.000000
362.000000,313.030365,0.579834,0.086280,0.913330,0.591187,0.769573,0.089841,1.090490,-0.065208,283.309998,10009.000000
363.000000,281.481537,0.579834,0.087336,0.910400,0.590942,0.768995,0.091025,1.084561,-0.065254,284.609985,9842.000000
364.000000,280.846100,0.576050,0.085861,0.910278,0.587524,0.766346,0.089451,1.089613,-0.066606,277.910004,10112.000000
365.000000,286.639801,0.578369,0.088475,0.909912,0.590820,0.768632,0.092192,1.091379,-0.062883,292.200012,10024.000000
366.000000,282.843079,0.581665,0.091069,0.912964,0.592529,0.772647,0.094577,1.092720,-0.064204,332.579987,10050.000000
367.000000,311.504730,0.580078,0.089982,0.912354,0.593384,0.771871,0.093971,1.101964,-0.062844,296.779999,9978.000000
368.000000,324.427307,0.581665,0.091428,0.911621,0.593750,0.772361,0.095529,1.095725,-0.068446,307.179993,10005.000000
369.000000,306.882568,0.579956,0.088810,0.912964,0.592529,0.771474,0.092955,1.093375,-0.073682,344.940002,10121.000000
370.000000,350.566956,0.578491,0.088193,0.911743,0.591675,0.770486,0.092344,1.094211,-0.073605,320.519989,10078.000000
371.000000,288.198242,0.579102,0.088310,0.913208,0.591187,0.772974,0.092181,1.096254,-0.078384,296.190002,9963.000000
372.000000,286.794495,0.575439,0.086245,0.911133,0.588867,0.771106,0.090280,1.094657,-0.083506,319.709991,10038.000000
373.000000,276.193298,0.574585,0.084392,0.915771,0.588257,0.773067,0.088438,1.104949,-0.085703,268.029999,10077.000000
374.000000,323.792847,0.575073,0.086189,0.916016,0.588745,0.775397,0.090247,1.115018,-0.079995,332.549988,10275.000000
375.000000,265.983032,0.572754,0.086665,0.916870,0.585205,0.776247,0.090439,1.114184,-0.083094,261.730011,10056.000000
376.000000,279.516541,0.572266,0.085493,0.916382,0.585449,0.776376,0.089424,1.117034,-0.082734,346.779999,9968.000000
377.000000,321.032440,0.574463,0.088274,0.917847,0.586670,0.780060,0.092116,1.124641,-0.078395,281.459991,10106.000000
378.000000,286.973236,0.574219,0.088813,0.918457,0.585815,0.781803,0.092657,1.123111,-0.078337,258.549988,10031.000000
379.000000,302.217743,0.572144,0.087443,0.920166,0.584473,0.782056,0.091299,1.123647,-0.080791,271.220001,10015.000000
380.000000,314.363770,0.571655,0.087698,0.916748,0.583984,0.782654,0.091718,1.121714,-0.077857,283.660004,10105.000000
381.000000,286.533234,0.568359,0.088107,0.915649,0.582031,0.781545,0.092228,1.116197,-0.078327,282.190002,10081.000000
382.000000,281.466156,0.567383,0.086584,0.911865,0.581421,0.779804,0.090822,1.117471,-0.079136,303.660004,10069.000000
383.000000,333.027313,0.568848,0.086338,0.914185,0.582275,0.780419,0.090477,1.121535,-0.079197,318.380005,10421.000000
384.000000,304.302673,0.569336,0.088063,0.915161,0.581665,0.781760,0.092088,1.116202,-0.079919,316.950012,9899.000000
385.000000,270.716003,0.570068,0.088133,0.913818,0.583130,0.782793,0.092475,1.114074,-0.078465,288.209991,9970.000000
386.000000,319.159393,0.570068,0.088807,0.913940,0.581909,0.782759,0.092679,1.108682,-0.082063,316.220001,10086.000000
387.000000,311.650879,0.569946,0.086948,0.913940,0.583374,0.783165,0.090760,1.107974,-0.085270,287.950012,10147.000000
388.000000,253.402802,0.568726,0.088175,0.913574,0.581787,0.782268,0.091803,1.107691,-0.082110,263.350006,10005.000000
389.000000,285.724823,0.565308,0.086739,0.913086,0.578003,0.779610,0.090685,1.104061,-0.087691,280.660004,10478.000000
390.000000,277.962921,0.564453,0.088130,0.911011,0.577515,0.779145,0.092017,1.099914,-0.090218,285.980011,10202.000000
391.000000,306.348053,0.560669,0.086451,0.911011,0.572876,0.777246,0.090110,1.100509,-0.095530,312.029999,10015.000000
392.000000,304.459167,0.559082,0.086217,0.911621,0.573242,0.777099,0.090075,1.101140,-0.094724,275.730011,10086.000000
393.000000,282.259644,0.558228,0.085769,0.913940,0.572632,0.778855,0.089915,1.100798,-0.091652,257.500000,9982.000000
394.000000,295.084656,0.561157,0.085982,0.914551,0.576782,0.781580,0.090313,1.101703,-0.089494,285.470001,10082.000000
395.000000,276.461609,0.564209,0.087172,0.917725,0.578857,0.784297,0.091590,1.107812,-0.087985,274.390015,10030.000000
396.000000,318.588287,0.565063,0.086942,0.915649,0.580933,0.784254,0.091207,1.103760,-0.087752,309.399994,9964.000000
397.000000,295.673737,0.563721,0.086102,0.914795,0.578613,0.782022,0.090290,1.100749,-0.093579,290.980011,10119.000000
398.000000,276.434875,0.561523,0.085705,0.913696,0.576416,0.780454,0.089839,1.099598,-0.095997,269.959991,10178.000000
399.000000,276.446442,0.559570,0.085402,0.912842,0.574585,0.778699,0.089423,1.095448,-0.097763,260.769989,9975.000000
400.000000,307.937622,0.559570,0.086285,0.916748,0.573975,0.780126,0.090085,1.102484,-0.097496,312.429993,10271.000000
401.000000,297.761688,0.559448,0.087440,0.914307,0.574341,0.780402,0.091177,1.101809,-0.097941,288.989990,10566.000000
402.000000,271.299408,0.562744,0.089782,0.915527,0.577148,0.782550,0.093516,1.105084,-0.096102,284.989990,10447.000000
403.000000,298.501038,0.563843,0.090154,0.916138,0.578125,0.784507,0.093760,1.107262,-0.095011,285.299988,10412.000000
404.000000,323.853943,0.564453,0.089973,0.916870,0.578613,0.785691,0.093513,1.112836,-0.090487,296.109985,10561.000000
405.000000,310.025391,0.566284,0.091186,0.916382,0.579224,0.786496,0.094746,1.110726,-0.091758,318.480011,10354.000000
406.000000,261.876282,0.563354,0.089324,0.913818,0.576660,0.783800,0.092968,1.103511,-0.092164,291.660004,10482.000000
407.000000,274.766571,0.563232,0.090196,0.914673,0.575562,0.784385,0.093498,1.103839,-0.093908,284.970001,10462.000000
408.000000,302.582642,0.563477,0.089596,0.913818,0.575684,0.785007,0.092951,1.107288,-0.090577,283.269989,10529.000000
409.000000,297.480560,0.559814,0.089795,0.913452,0.571899,0.783698,0.093204,1.111516,-0.089230,281.519989,10382.000000
410.000000,300.525543,0.565308,0.093620,0.916870,0.578125,0.788905,0.097297,1.116369,-0.082409,290.579987,10379.000000
411.000000,309.690918,0.565674,0.092865,0.916260,0.579224,0.788729,0.096687,1.119461,-0.085587,320.299988,10275.000000
412.000000,323.825928,0.566284,0.092648,0.914307,0.579224,0.787704,0.096274,1.117020,-0.086776,306.179993,10184.000000
413.000000,263.771301,0.566162,0.091528,0.912720,0.579102,0.787763,0.095066,1.111683,-0.086886,275.730011,10172.000000
414.000000,318.111053,0.568481,0.093031,0.914917,0.582520,0.790266,0.096577,1.112622,-0.083066,317.750000,10203.000000
415.000000,350.934906,0.569824,0.095948,0.914062,0.583374,0.791199,0.099604,1.118143,-0.077300,311.820007,10328.000000
416.000000,345.791656,0.570801,0.095746,0.914185,0.583618,0.792401,0.099192,1.117559,-0.081544,316.660004,10409.000000
417.000000,307.173492,0.574341,0.095337,0.914551,0.586792,0.793797,0.098721,1.121017,-0.079495,303.510010,10496.000000
418.000000,264.589478,0.577026,0.094869,0.919800,0.589844,0.795335,0.098581,1.127082,-0.080629,301.640015,10444.000000
419.000000,323.228241,0.578613,0.095514,0.917114,0.590698,0.796815,0.098882,1.128815,-0.084141,319.950012,10458.000000
420.000000,328.995789,0.579346,0.091833,0.916626,0.593262,0.796756,0.095327,1.131401,-0.084701,293.829987,10355.000000
421.000000,294.807312,0.583618,0.093918,0.919556,0.596558,0.799293,0.097484,1.139054,-0.082088,283.040009,10197.000000
422.000000,356.609344,0.586304,0.095282,0.918823,0.597778,0.800653,0.098646,1.140567,-0.081614,328.220001,10425.000000
423.000000,315.472839,0.585449,0.093654,0.917480,0.596069,0.799606,0.096827,1.145314,-0.082646,303.380005,10557.000000
424.000000,295.006256,0.586426,0.093579,0.920044,0.598022,0.801456,0.096750,1.152291,-0.075934,290.149994,10248.000000
425.000000,297.051086,0.585449,0.092662,0.919922,0.598145,0.800748,0.095854,1.151372,-0.076747,307.309998,10375.000000
426.000000,288.026764,0.584717,0.093392,0.916382,0.597046,0.799186,0.096537,1.145654,-0.079648,297.559998,10208.000000
427.000000,283.474426,0.578979,0.091313,0.907959,0.592285,0.793111,0.094699,1.133426,-0.086465,257.619995,10326.000000
428.000000,301.245331,0.581421,0.092370,0.911987,0.594238,0.795112,0.095702,1.142726,-0.083049,274.179993,10348.000000
429.000000,319.671326,0.583862,0.094233,0.916504,0.597168,0.797038,0.097563,1.150249,-0.077884,319.459991,10523.000000
430.000000,290.694427,0.584473,0.095418,0.914429,0.596558,0.797537,0.098502,1.154479,-0.076443,284.970001,10472.000000
431.000000,311.574249,0.585815,0.096064,0.917114,0.596436,0.799902,0.098980,1.153257,-0.077454,291.760010,10718.000000
432.000000,313.257233,0.588623,0.096078,0.921997,0.599243,0.802440,0.098988,1.158915,-0.074966,302.160004,10581.000000
433.000000,304.351349,0.586670,0.094886,0.919434,0.597656,0.801383,0.097910,1.166414,-0.073426,286.839996,10249.000000
434.000000,282.515015,0.588501,0.097023,0.916016,0.598877,0.803000,0.100064,1.158148,-0.075124,276.890015,10589.000000
435.000000,295.904480,0.584473,0.093566,0.914917,0.595459,0.799224,0.096745,1.156628,-0.075738,287.529999,10782.000000
436.000000,307.744019,0.586304,0.093003,0.917969,0.598022,0.800581,0.096525,1.161304,-0.072236,288.200012,10471.000000
437.000000,314.230469,0.586548,0.095122,0.918457,0.597900,0.801322,0.098594,1.163037,-0.067455,292.200012,10627.000000
438.000000,314.189728,0.586060,0.092560,0.916626,0.597656,0.801342,0.095792,1.162790,-0.069267,299.279999,10483.000000
439.000000,333.830444,0.582642,0.088812,0.917114,0.593140,0.798521,0.092157,1.160875,-0.075492,286.500000,10735.000000
440.000000,299.601257,0.582642,0.089707,0.918945,0.594116,0.799318,0.093339,1.159768,-0.072247,286.320007,10784.000000
441.000000,300.512634,0.577637,0.089574,0.915039,0.589355,0.794748,0.093256,1.155906,-0.068264,277.260010,10321.000000
442.000000,319.267029,0.578979,0.092200,0.915894,0.589722,0.797190,0.095599,1.149910,-0.069505,284.140015,10573.000000
443.000000,317.594177,0.579346,0.092267,0.917358,0.591675,0.798645,0.095877,1.154532,-0.067275,298.369995,10613.000000
444.000000,304.911346,0.581787,0.095190,0.921143,0.593506,0.801776,0.098644,1.161674,-0.067597,283.010010,10567.000000
445.000000,289.790283,0.579468,0.093441,0.917114,0.592163,0.799989,0.097256,1.158272,-0.070041,305.910004,10627.000000
446.000000,313.786652,0.579468,0.092963,0.918701,0.591309,0.800466,0.096498,1.152263,-0.072402,300.170013,10674.000000
447.000000,359.694061,0.580933,0.093860,0.921143,0.591309,0.801354,0.097143,1.154069,-0.071665,322.600006,10702.000000
448.000000,324.093170,0.584961,0.094993,0.923096,0.596313,0.805147,0.098620,1.157552,-0.067359,311.179993,10635.000000
449.000000,344.044830,0.582886,0.094489,0.922363,0.593750,0.804327,0.097870,1.158058,-0.068486,305.750000,10426.000000
450.000000,326.141968,0.581299,0.093326,0.919556,0.591675,0.802970,0.096546,1.151741,-0.077795,315.769989,10566.000000
451.000000,301.851288,0.577515,0.092338,0.916138,0.588135,0.799573,0.095512,1.151522,-0.080372,289.679993,10745.000000
452.000000,308.813934,0.576538,0.093142,0.919312,0.587769,0.800829,0.096396,1.152096,-0.075323,319.989990,10924.000000
453.000000,326.988342,0.582031,0.094608,0.923462,0.593506,0.805839,0.098123,1.159115,-0.069738,285.579987,10786.000000
454.000000,309.968567,0.580444,0.096093,0.922241,0.591064,0.805825,0.099537,1.164023,-0.064537,299.000000,10477.000000
455.000000,308.180939,0.583618,0.096692,0.922974,0.594604,0.808420,0.100211,1.164221,-0.070084,308.089996,10860.000000
456.000000,334.902374,0.579712,0.095752,0.918823,0.590942,0.804695,0.099482,1.155997,-0.078139,290.369995,11041.000000
457.000000,290.205658,0.581177,0.096425,0.920288,0.591187,0.805658,0.100116,1.154794,-0.077585,283.940002,10529.000000
458.000000,324.826172,0.580933,0.097162,0.923096,0.591553,0.805105,0.101018,1.152094,-0.076437,289.769989,10998.000000
459.000000,306.458679,0.579712,0.094220,0.921753,0.590210,0.804611,0.097908,1.152857,-0.077999,295.739990,10679.000000
460.000000,325.317780,0.583862,0.096956,0.920288,0.596436,0.806732,0.100776,1.150781,-0.075747,280.670013,10529.000000
461.000000,315.123901,0.585327,0.097463,0.921875,0.594727,0.806701,0.100809,1.157188,-0.079499,298.779999,10777.000000
462.000000,314.556213,0.582886,0.096197,0.919678,0.593872,0.803851,0.099755,1.154446,-0.079445,303.359985,10798.000000
463.000000,302.437775,0.582153,0.094559,0.918945,0.593506,0.802534,0.098123,1.152951,-0.078354,281.529999,10778.000000
464.000000,318.040039,0.583008,0.094738,0.922241,0.593018,0.803742,0.098102,1.158391,-0.075471,284.000000,10955.000000
465.000000,287.243805,0.583618,0.095071,0.920654,0.593018,0.804078,0.098290,1.161487,-0.075751,284.429993,10706.000000
466.000000,305.953217,0.585327,0.095138,0.918823,0.596680,0.804379,0.098446,1.162019,-0.074560,286.899994,10726.000000
467.000000,352.762390,0.584106,0.093978,0.917847,0.595093,0.801577,0.097620,1.163000,-0.075434,302.790009,10698.000000
468.000000,292.347748,0.584229,0.093523,0.922363,0.594116,0.802749,0.096828,1.161013,-0.080490,299.540009,10910.000000
469.000000,303.344757,0.584717,0.092157,0.922241,0.594849,0.802697,0.095606,1.166202,-0.080151,276.410004,10893.000000
470.000000,281.388184,0.584595,0.092846,0.924561,0.594727,0.804767,0.096301,1.169189,-0.075594,243.320007,10853.000000
471.000000,281.234741,0.582275,0.093919,0.918335,0.592041,0.802025,0.097145,1.158697,-0.077357,281.600006,10939.000000
472.000000,347.953033,0.580811,0.092821,0.916504,0.592041,0.799890,0.096256,1.151041,-0.081861,283.980011,10792.000000
473.000000,311.444305,0.583496,0.093654,0.919067,0.592773,0.801494,0.096835,1.147227,-0.081065,308.000000,10902.000000
474.000000,331.840790,0.585083,0.093492,0.921265,0.595825,0.801957,0.096748,1.154417,-0.073779,310.429993,10910.000000
475.000000,279.820618,0.589600,0.095716,0.922729,0.599609,0.805847,0.099091,1.165896,-0.066358,289.940002,10831.000000
476.000000,326.213135,0.590454,0.095964,0.922974,0.599731,0.805705,0.099090,1.166968,-0.066362,287.350006,10712.000000
477.000000,334.819580,0.589478,0.094170,0.918213,0.601074,0.804093,0.097431,1.160445,-0.065907,292.410004,10603.000000
478.000000,300.583862,0.589966,0.096351,0.919067,0.600586,0.803626,0.099667,1.154774,-0.064812,307.820007,10557.000000
479.000000,289.192352,0.590088,0.095359,0.917603,0.600708,0.802444,0.098684,1.153653,-0.069845,271.070007,10665.000000
480.000000,286.543274,0.588379,0.095432,0.918701,0.599243,0.802404,0.098781,1.160724,-0.065584,269.390015,10682.000000
481.000000,308.167297,0.589844,0.098301,0.921509,0.600586,0.804509,0.101590,1.161694,-0.063771,279.290009,10639.000000
482.000000,325.935883,0.589966,0.096332,0.921387,0.601318,0.805278,0.099481,1.159453,-0.065240,318.170013,10423.000000
483.000000,316.661957,0.592651,0.096118,0.923218,0.603394,0.807033,0.099407,1.167218,-0.058668,316.589996,10702.000000
484.000000,291.255066,0.593994,0.096280,0.922974,0.605347,0.808243,0.099833,1.169968,-0.058299,254.520004,10491.000000
485.000000,310.500610,0.592407,0.094815,0.923218,0.601440,0.806710,0.097940,1.163382,-0.065830,285.459991,10788.000000
486.000000,326.268311,0.589478,0.092771,0.918579,0.599976,0.803838,0.096053,1.161904,-0.067808,317.070007,10722.000000
487.000000,364.745636,0.591064,0.094076,0.918701,0.602539,0.803884,0.097407,1.159898,-0.061362,320.010010,10559.000000
488.000000,298.620697,0.592773,0.095913,0.921997,0.603394,0.805307,0.099216,1.165400,-0.050022,290.609985,10527.000000
489.000000,309.032074,0.593506,0.096397,0.922363,0.604126,0.805959,0.099520,1.165315,-0.049704,294.630005,10498.000000
490.000000,318.814758,0.592773,0.094548,0.920166,0.603638,0.803972,0.097927,1.161770,-0.050289,307.140015,10557.000000
491.000000,306.504700,0.592163,0.091907,0.921509,0.602783,0.802809,0.095266,1.155407,-0.056766,275.950012,10633.000000
492.000000,384.800964,0.589111,0.091115,0.920166,0.599731,0.800348,0.094343,1.152633,-0.054451,311.049988,10756.000000
493.000000,359.729614,0.590088,0.093003,0.918213,0.600586,0.799791,0.096301,1.142006,-0.053301,310.670013,10566.000000
494.000000,365.018677,0.589233,0.091202,0.920044,0.600342,0.800076,0.094498,1.141151,-0.047245,322.839996,10593.000000
495.000000,315.452942,0.592529,0.094159,0.920654,0.604370,0.802082,0.097623,1.142182,-0.040242,338.269989,10493.000000
496.000000,307.529358,0.593140,0.093561,0.919678,0.604492,0.801998,0.097003,1.137586,-0.038076,285.619995,10521.000000
497.000000,296.040771,0.590332,0.092162,0.916138,0.603149,0.798368,0.095562,1.132962,-0.038485,292.070007,10467.000000
498.000000,307.509766,0.591553,0.093744,0.917114,0.604370,0.799115,0.097313,1.131881,-0.033694,288.579987,10761.000000
499.000000,310.015411,0.588013,0.091900,0.917480,0.601074,0.796002,0.095492,1.127025,-0.037138,271.269989,10558.000000
500.000000,308.852234,0.587158,0.092274,0.917236,0.599976,0.795403,0.095889,1.124010,-0.037215,295.570007,10528.000000
501.000000,347.123688,0.586914,0.092066,0.914062,0.597900,0.791285,0.095616,1.113699,-0.040890,302.019989,10448.000000
502.000000,296.745178,0.585327,0.092792,0.913696,0.597534,0.790974,0.096435,1.116022,-0.036772,260.350006,10365.000000
503.000000,324.976593,0.583618,0.092611,0.913452,0.596069,0.790218,0.096322,1.116666,-0.034458,314.750000,10584.000000
504.000000,341.908569,0.588867,0.095585,0.915527,0.600830,0.793671,0.099188,1.118813,-0.030412,306.440002,10444.000000
505.000000,327.197968,0.589478,0.095808,0.914917,0.601074,0.794028,0.099345,1.118211,-0.028039,293.700012,10280.000000
506.000000,351.041321,0.590820,0.096624,0.914551,0.602783,0.794320,0.100337,1.115899,-0.029961,306.399994,10616.000000
507.000000,325.046722,0.592896,0.096052,0.918335,0.603149,0.796192,0.099536,1.124419,-0.030182,305.320007,10755.000000
508.000000,337.037659,0.593872,0.096947,0.921509,0.604248,0.797857,0.100366,1.129656,-0.028226,293.510010,10484.000000
509.000000,291.669861,0.597534,0.096423,0.923950,0.607422,0.801063,0.099924,1.136173,-0.028845,297.500000,10521.000000
510.000000,312.297150,0.599731,0.094604,0.926025,0.610352,0.803360,0.098195,1.142561,-0.026752,292.140015,10306.000000
511.000000,357.755249,0.603149,0.095116,0.926880,0.613525,0.804729,0.098700,1.146809,-0.030552,311.000000,10482.000000
512.000000,331.584961,0.603638,0.093248,0.923096,0.613647,0.802349,0.097011,1.144206,-0.040674,311.350006,10240.000000
513.000000,324.785583,0.601440,0.090854,0.922119,0.610229,0.801863,0.094161,1.143515,-0.045617,288.209991,10288.000000
514.000000,279.706207,0.601929,0.091584,0.922363,0.612061,0.802700,0.095048,1.145377,-0.043853,269.140015,10416.000000
515.000000,301.617889,0.603027,0.091837,0.925659,0.612305,0.803041,0.095232,1.148302,-0.039263,299.489990,10352.000000
516.000000,353.552948,0.601318,0.091456,0.926147,0.611572,0.801524,0.095058,1.147668,-0.037365,319.820007,10523.000000
517.000000,291.895813,0.603638,0.092212,0.926514,0.613159,0.803635,0.095947,1.146796,-0.039573,322.399994,10233.000000
518.000000,315.798767,0.604370,0.092791,0.925659,0.613647,0.804496,0.096295,1.148637,-0.038458,315.140015,10449.000000
519.000000,350.357544,0.603149,0.091671,0.924316,0.611694,0.803069,0.094940,1.150544,-0.037621,286.250000,10211.000000
520.000000,332.296997,0.603394,0.091314,0.924927,0.613770,0.803333,0.094804,1.145200,-0.038645,300.109985,10282.000000
521.000000,306.107788,0.600586,0.090885,0.921753,0.609009,0.800167,0.094179,1.137572,-0.042109,282.079987,10408.000000
522.000000,312.043610,0.597778,0.090418,0.918945,0.607422,0.797948,0.093846,1.132117,-0.044571,303.809998,10408.000000
523.000000,337.307556,0.600098,0.092764,0.920166,0.609131,0.798595,0.096154,1.137104,-0.036875,313.230011,10074.000000
524.000000,349.278442,0.602173,0.093225,0.923218,0.612915,0.799637,0.096791,1.139989,-0.029681,275.750000,10544.000000
525.000000,350.866119,0.609253,0.095854,0.927734,0.617920,0.805559,0.099220,1.142591,-0.026279,310.200012,10536.000000
526.000000,318.373840,0.607788,0.094281,0.925659,0.616821,0.803231,0.097923,1.142439,-0.029953,271.160004,10389.000000
527.000000,323.098816,0.603638,0.093237,0.920166,0.613281,0.798712,0.096809,1.133577,-0.036491,282.970001,10503.000000
528.000000,296.317627,0.596191,0.091581,0.914551,0.605225,0.792420,0.095048,1.122140,-0.041381,265.880005,10613.000000
529.000000,317.579163,0.595947,0.092533,0.915405,0.605835,0.792013,0.096062,1.117754,-0.038567,302.070007,10499.000000
530.000000,339.322388,0.599976,0.096515,0.919189,0.609985,0.795293,0.100241,1.120723,-0.032988,298.899994,10417.000000
531.000000,308.361206,0.604370,0.098756,0.920410,0.613159,0.798645,0.102395,1.131549,-0.029205,300.390015,10288.000000
532.000000,307.580963,0.603760,0.098113,0.918335,0.612549,0.797959,0.101775,1.131371,-0.036641,296.059998,10504.000000
533.000000,332.084076,0.604980,0.100172,0.916626,0.612793,0.797583,0.103482,1.127175,-0.042620,286.750000,10469.000000
534.000000,341.216431,0.602539,0.097002,0.918579,0.612915,0.796760,0.100437,1.132933,-0.044694,289.510010,10520.000000
535.000000,319.984589,0.604370,0.100580,0.922241,0.612915,0.798823,0.103796,1.139782,-0.042389,275.109985,10357.000000
536.000000,325.177734,0.605103,0.101863,0.920166,0.615112,0.800530,0.105426,1.136780,-0.044417,292.899994,10291.000000
537.000000,294.842377,0.606201,0.100468,0.921143,0.615479,0.801424,0.104052,1.142285,-0.043446,287.839996,10218.000000
538.000000,342.385559,0.608643,0.101671,0.922485,0.618652,0.804163,0.105317,1.145724,-0.046458,295.440002,10219.000000
539.000000,334.325043,0.611816,0.100584,0.923950,0.620605,0.805581,0.104134,1.147397,-0.049066,306.589996,10553.000000
540.000000,340.723663,0.612183,0.100456,0.920410,0.620239,0.805316,0.103900,1.143307,-0.051185,325.450012,10112.000000
541.000000,348.336761,0.612183,0.099247,0.921387,0.620605,0.804188,0.102706,1.138027,-0.052856,297.820007,10320.000000
542.000000,332.794312,0.611694,0.097941,0.921997,0.620117,0.803506,0.101257,1.140809,-0.054495,307.220001,10155.000000
543.000000,348.663025,0.609619,0.095950,0.920776,0.619141,0.800727,0.099176,1.136820,-0.054893,301.230011,10269.000000
544.000000,349.431580,0.610840,0.094725,0.921509,0.620117,0.801736,0.097943,1.139380,-0.051053,315.000000,10295.000000
545.000000,334.225281,0.613159,0.095214,0.922852,0.622925,0.803547,0.098588,1.141233,-0.049055,300.630005,10502.000000
546.000000,370.105438,0.613159,0.095064,0.922363,0.621582,0.802505,0.098275,1.145997,-0.050052,343.779999,10186.000000
547.000000,332.936127,0.610840,0.093180,0.921265,0.619507,0.800473,0.096438,1.138081,-0.056163,308.269989,10031.000000
548.000000,335.915405,0.611084,0.093239,0.918213,0.619873,0.798983,0.096529,1.131471,-0.054525,305.529999,10193.000000
549.000000,299.335358,0.606079,0.090832,0.916382,0.615356,0.794916,0.094225,1.126890,-0.054904,293.489990,10325.000000
550.000000,319.881561,0.607178,0.093550,0.917603,0.615723,0.796671,0.096670,1.128505,-0.050524,282.450012,10204.000000
551.000000,337.035583,0.605225,0.094419,0.917603,0.614502,0.796293,0.097483,1.129490,-0.048175,289.399994,10133.000000
552.000000,333.691742,0.607422,0.096237,0.915405,0.617798,0.797728,0.099462,1.125642,-0.042114,318.779999,10244.000000
553.000000,365.813568,0.605225,0.093811,0.917847,0.613525,0.796594,0.096670,1.133072,-0.042167,315.529999,10432.000000
554.000000,325.836517,0.601440,0.092641,0.916382,0.609497,0.793790,0.095649,1.134791,-0.050982,300.260010,10443.000000
555.000000,289.011322,0.599243,0.090710,0.914429,0.608765,0.792328,0.093736,1.123386,-0.057031,266.290009,10447.000000
556.000000,306.563629,0.601196,0.093289,0.915283,0.608887,0.795057,0.096069,1.128823,-0.054465,292.049988,10316.000000
557.000000,332.798004,0.598999,0.094815,0.915771,0.607788,0.794498,0.097679,1.132813,-0.050476,277.859985,10350.000000
558.000000,352.959015,0.603760,0.097669,0.920532,0.611694,0.799133,0.100322,1.140118,-0.047892,308.970001,10289.000000
559.000000,322.685669,0.604004,0.095757,0.918823,0.612915,0.799018,0.098420,1.139105,-0.049726,279.829987,10572.000000
560.000000,323.367554,0.606445,0.096622,0.922241,0.613770,0.802221,0.099343,1.141474,-0.050383,331.670013,10443.000000
561.000000,345.953613,0.605347,0.094846,0.920044,0.612915,0.801213,0.097754,1.149002,-0.054777,291.760010,10700.000000
562.000000,377.099182,0.605957,0.094811,0.920288,0.613647,0.801475,0.097752,1.153869,-0.056679,335.350006,10572.000000
563.000000,309.207031,0.599487,0.090847,0.915771,0.606934,0.797052,0.093641,1.149621,-0.060518,272.959991,10423.000000
564.000000,298.501892,0.604736,0.093785,0.921631,0.612549,0.803413,0.096463,1.153336,-0.057669,291.359985,10410.000000
565.000000,325.796997,0.604004,0.092318,0.924683,0.611938,0.803255,0.095022,1.163619,-0.056070,282.070007,10486.000000
566.000000,367.712402,0.606323,0.092899,0.927856,0.614136,0.807018,0.095613,1.166019,-0.056039,311.540009,10394.000000
567.000000,330.857971,0.602417,0.089829,0.922729,0.610229,0.803364,0.092683,1.158942,-0.059875,313.459991,10381.000000
568.000000,289.363007,0.602661,0.089762,0.923584,0.610229,0.804411,0.092536,1.160625,-0.060940,274.890015,10690.000000
569.000000,271.676819,0.602295,0.089568,0.921509,0.610474,0.804839,0.092306,1.159953,-0.056807,293.190002,10426.000000
570.000000,347.888397,0.603271,0.091077,0.923584,0.612183,0.806288,0.093831,1.160025,-0.055970,317.720001,10398.000000
571.000000,314.619507,0.606323,0.091581,0.926270,0.614136,0.809437,0.094216,1.166802,-0.052990,270.690002,10529.000000
572.000000,299.257294,0.606323,0.089979,0.926880,0.614502,0.809213,0.092593,1.173101,-0.046856,297.470001,10549.000000
573.000000,310.623596,0.604370,0.089667,0.924072,0.613159,0.807941,0.092429,1.170860,-0.047221,326.059998,10590.000000
574.000000,297.509857,0.599365,0.087495,0.919189,0.607056,0.802629,0.090129,1.161091,-0.052300,287.510010,10573.000000
575.000000,315.202301,0.598633,0.086383,0.918335,0.608032,0.803044,0.089171,1.158219,-0.052869,285.160004,10429.000000
576.000000,329.324615,0.596313,0.086364,0.919922,0.605591,0.802470,0.089154,1.159424,-0.047172,289.640015,10690.000000
577.000000,294.192902,0.598145,0.087864,0.921875,0.607056,0.805079,0.090633,1.162865,-0.042011,266.760010,10760.000000
578.000000,343.251343,0.598633,0.089672,0.921143,0.606812,0.805403,0.092189,1.163028,-0.036727,302.470001,10430.000000
579.000000,307.511902,0.595947,0.089628,0.918457,0.604248,0.803135,0.092127,1.153374,-0.038163,283.649994,10487.000000
580.000000,302.329651,0.592896,0.091471,0.912476,0.601929,0.799753,0.093945,1.149901,-0.034976,274.359985,10701.000000
581.000000,344.132507,0.590088,0.092070,0.912231,0.599243,0.798131,0.094777,1.143508,-0.038859,297.720001,10405.000000
582.000000,338.287781,0.586792,0.091619,0.910522,0.596802,0.795481,0.094361,1.141973,-0.038744,314.929993,10499.000000
583.000000,380.973755,0.590576,0.095508,0.915894,0.599854,0.800482,0.098279,1.146554,-0.034075,318.179993,10661.000000
584.000000,323.468140,0.588623,0.095633,0.911743,0.597168,0.797585,0.098173,1.145474,-0.035497,293.640015,10678.000000
585.000000,329.401245,0.589966,0.094149,0.911621,0.598877,0.798380,0.096753,1.149374,-0.038069,278.109985,10390.000000
586.000000,311.934265,0.594971,0.097271,0.916382,0.604614,0.804232,0.099847,1.155391,-0.033493,294.790009,10553.000000
587.000000,312.130066,0.594727,0.097520,0.918701,0.604614,0.804913,0.100101,1.156628,-0.036317,302.859985,10650.000000
588.000000,309.894348,0.595581,0.095704,0.918213,0.605103,0.804953,0.098373,1.155966,-0.041122,253.679993,10582.000000
589.000000,335.311554,0.597534,0.095870,0.922241,0.605957,0.807070,0.098431,1.156543,-0.043330,286.380005,10667.000000
590.000000,319.534851,0.593628,0.091850,0.922485,0.602417,0.805020,0.094568,1.156636,-0.044766,296.079987,10580.000000
591.000000,324.866089,0.595215,0.093111,0.925293,0.605347,0.808341,0.095879,1.156590,-0.041624,265.929993,10418.000000
592.000000,339.765747,0.593262,0.092463,0.922974,0.603149,0.807536,0.095383,1.154015,-0.040421,276.690002,10592.000000
593.000000,327.807953,0.592651,0.091394,0.925781,0.601685,0.807570,0.094276,1.150021,-0.042479,274.670013,10351.000000
594.000000,314.627838,0.588989,0.089962,0.920410,0.597534,0.804419,0.092610,1.145993,-0.045597,304.649994,10462.000000
595.000000,328.439087,0.590698,0.091875,0.921021,0.598877,0.806005,0.094491,1.141521,-0.048449,305.420013,10569.000000
596.000000,368.025421,0.589355,0.091848,0.920898,0.597900,0.805475,0.094312,1.142598,-0.042890,329.250000,10672.000000
597.000000,316.845367,0.590088,0.091522,0.923218,0.598877,0.805469,0.094152,1.139015,-0.043434,283.670013,10613.000000
598.000000,323.789307,0.588257,0.091883,0.916992,0.597656,0.803668,0.094567,1.127881,-0.048358,286.160004,10464.000000
599.000000,307.725861,0.588257,0.090013,0.918701,0.597778,0.803375,0.092788,1.126496,-0.046382,299.119995,10265.000000
600.000000,306.907379,0.589355,0.091266,0.921265,0.598633,0.804383,0.094137,1.127445,-0.040689,280.549988,10335.000000
601.000000,323.719910,0.590088,0.092522,0.921021,0.599731,0.804656,0.095475,1.132049,-0.033133,263.929993,10732.000000
602.000000,367.388245,0.590454,0.091135,0.923950,0.599854,0.804929,0.094045,1.134713,-0.030193,325.029999,10467.000000
603.000000,336.156158,0.591309,0.091084,0.924438,0.601074,0.805296,0.093908,1.135875,-0.028410,278.420013,10427.000000
604.000000,290.749969,0.588623,0.090781,0.921021,0.598633,0.803540,0.093682,1.128793,-0.031631,255.679993,10531.000000
605.000000,308.536896,0.590088,0.092303,0.920410,0.599976,0.804121,0.095058,1.124536,-0.029413,284.209991,10400.000000
606.000000,316.560150,0.591309,0.093010,0.921265,0.600952,0.803571,0.095771,1.124645,-0.028067,291.410004,10526.000000
607.000000,330.737305,0.587280,0.093329,0.917358,0.596558,0.800272,0.096150,1.120284,-0.028466,282.619995,10426.000000
608.000000,311.171753,0.583618,0.092949,0.914185,0.593750,0.796091,0.095722,1.116493,-0.029938,267.959991,10475.000000
609.000000,312.852722,0.583374,0.095319,0.914551,0.595825,0.795372,0.098286,1.113071,-0.032067,270.420013,10284.000000
610.000000,288.759583,0.582886,0.096126,0.913208,0.593872,0.795368,0.098964,1.115785,-0.032635,252.059998,9892.000000
611.000000,334.710846,0.585205,0.096561,0.915161,0.597290,0.797087,0.099411,1.117527,-0.035274,349.220001,10349.000000
612.000000,321.205688,0.588379,0.099578,0.918579,0.599854,0.800610,0.102305,1.119625,-0.032732,282.739990,10609.000000
613.000000,314.669952,0.589478,0.097954,0.918457,0.601562,0.801959,0.100746,1.123935,-0.035596,269.170013,10436.000000
614.000000,336.779877,0.590820,0.096630,0.924316,0.603394,0.804083,0.099474,1.130944,-0.036054,288.109985,10327.000000
615.000000,319.902527,0.589600,0.096741,0.919312,0.602051,0.801800,0.099819,1.127048,-0.037959,289.390015,10522.000000
616.000000,320.034210,0.590942,0.095680,0.918213,0.603149,0.801414,0.098828,1.123575,-0.041844,295.640015,10599.000000
617.000000,355.823120,0.592285,0.096738,0.919800,0.604126,0.801993,0.099801,1.122911,-0.042113,287.390015,10399.000000
618.000000,294.212067,0.592651,0.098443,0.920410,0.604980,0.801969,0.101561,1.119861,-0.043855,288.220001,10256.000000
619.000000,358.945496,0.591064,0.094625,0.919556,0.603149,0.801009,0.097740,1.122420,-0.042605,330.230011,10586.000000
620.000000,307.264252,0.593628,0.093346,0.923218,0.606323,0.802922,0.096699,1.126078,-0.038662,300.529999,10321.000000
621.000000,318.403839,0.593994,0.093822,0.922119,0.606567,0.802796,0.097011,1.125617,-0.038223,302.779999,10776.000000
622.000000,330.060181,0.592529,0.094685,0.919434,0.604980,0.800635,0.098004,1.118300,-0.041344,284.399994,10605.000000
623.000000,320.055237,0.588501,0.093446,0.915283,0.601074,0.796739,0.096732,1.112493,-0.045320,285.359985,10477.000000
624.000000,304.467010,0.588989,0.092798,0.919312,0.600220,0.796711,0.096054,1.115898,-0.043573,275.760010,10557.000000
625.000000,310.227631,0.588989,0.094035,0.918091,0.600098,0.797519,0.097102,1.115106,-0.038894,293.420013,10719.000000
626.000000,288.800903,0.592285,0.095651,0.920288,0.604248,0.800537,0.098795,1.118724,-0.034289,264.160004,10438.000000
627.000000,297.368042,0.590942,0.092418,0.921021,0.602905,0.798521,0.095608,1.116428,-0.030931,284.730011,10680.000000
628.000000,310.318817,0.593628,0.094596,0.918701,0.605469,0.799262,0.097745,1.111003,-0.031547,301.100006,10699.000000
629.000000,301.764069,0.587158,0.090956,0.915894,0.598145,0.792550,0.093985,1.106341,-0.036853,284.000000,10512.000000
630.000000,353.877319,0.587891,0.090563,0.917847,0.599609,0.793044,0.093612,1.107699,-0.035930,333.920013,10648.000000
631.000000,323.132996,0.589600,0.092753,0.918823,0.601196,0.793332,0.096065,1.104031,-0.031676,273.140015,10567.000000
632.000000,328.836060,0.589844,0.093656,0.916870,0.600098,0.792303,0.096899,1.107264,-0.029185,338.170013,10744.000000
633.000000,336.648407,0.585693,0.092754,0.915161,0.596802,0.789254,0.096073,1.106464,-0.033720,302.809998,10405.000000
634.000000,286.925262,0.586426,0.094538,0.917236,0.597900,0.791927,0.098040,1.111220,-0.029824,259.640015,10704.000000
635.000000,305.852325,0.586182,0.096808,0.915771,0.597290,0.791996,0.100267,1.112137,-0.031764,251.940002,10744.000000
636.000000,324.274780,0.582520,0.094761,0.913940,0.592896,0.789969,0.098046,1.109250,-0.039661,289.959991,10616.000000
637.000000,335.378418,0.582397,0.095721,0.915527,0.594116,0.791402,0.099348,1.105345,-0.040572,301.670013,10742.000000
638.000000,298.633972,0.585449,0.097917,0.918823,0.596313,0.794274,0.101436,1.104061,-0.037565,263.540009,10870.000000
639.000000,297.523651,0.588745,0.097285,0.926270,0.600098,0.798748,0.100947,1.116559,-0.033436,275.179993,10664.000000
640.000000,327.078613,0.591431,0.099082,0.923828,0.602173,0.800082,0.102487,1.121206,-0.031983,309.029999,10571.000000
641.000000,314.941986,0.589233,0.096058,0.921631,0.599609,0.798513,0.099412,1.120020,-0.040898,286.920013,10966.000000
642.000000,295.465332,0.586792,0.095833,0.920654,0.596436,0.798107,0.098931,1.118849,-0.044112,300.549988,10505.000000
643.000000,310.998993,0.587402,0.096204,0.922119,0.597168,0.798991,0.099220,1.119307,-0.042728,291.019989,10533.000000
644.000000,269.939301,0.588013,0.098099,0.923706,0.597290,0.801698,0.100976,1.126059,-0.037700,275.309998,10619.000000
645.000000,365.106049,0.585449,0.096233,0.924683,0.595581,0.800396,0.099378,1.127975,-0.039082,306.600006,10675.000000
646.000000,298.898041,0.586548,0.095583,0.925903,0.595215,0.803295,0.098599,1.129142,-0.041255,274.829987,10695.000000
647.000000,296.323944,0.587524,0.094535,0.928223,0.595703,0.805048,0.097556,1.132864,-0.037660,274.450012,10644.000000
648.000000,303.141602,0.583984,0.095677,0.924072,0.592285,0.802854,0.098608,1.129063,-0.036063,276.079987,10895.000000
649.000000,306.136475,0.582764,0.095619,0.921021,0.591187,0.800609,0.098669,1.122046,-0.035277,288.450012,10823.000000
650.000000,324.407806,0.581665,0.094561,0.923706,0.590576,0.801286,0.097613,1.122007,-0.036579,287.619995,10840.000000
651.000000,350.633606,0.582520,0.095633,0.924316,0.591187,0.802331,0.098713,1.123308,-0.035649,313.570007,10733.000000
652.000000,317.828583,0.580078,0.095334,0.922485,0.588135,0.799521,0.098445,1.123545,-0.039275,298.690002,10451.000000
653.000000,348.388672,0.579590,0.094381,0.922363,0.587891,0.800701,0.097369,1.124339,-0.043143,330.019989,10531.000000
654.000000,326.158264,0.577271,0.093589,0.921143,0.585815,0.798389,0.096578,1.128270,-0.039868,327.609985,10883.000000
655.000000,334.337585,0.576660,0.092760,0.921631,0.584717,0.799338,0.095730,1.126788,-0.041133,327.790009,10631.000000
656.000000,304.482758,0.573975,0.090622,0.923218,0.581665,0.798703,0.093350,1.133198,-0.041533,342.269989,10792.000000
657.000000,315.628113,0.573608,0.090828,0.925659,0.580933,0.799557,0.093408,1.137739,-0.039849,293.059998,10754.000000
658.000000,326.699921,0.568604,0.090610,0.920288,0.577515,0.796138,0.093466,1.135840,-0.040676,276.739990,10917.000000
659.000000,302.856354,0.565796,0.091724,0.918823,0.573730,0.795413,0.094537,1.127384,-0.044689,273.619995,10824.000000
660.000000,327.411682,0.563965,0.092710,0.920288,0.572632,0.795779,0.095564,1.130646,-0.044764,300.000000,10743.000000
661.000000,298.480743,0.562012,0.095742,0.920776,0.570312,0.796453,0.098457,1.135001,-0.040687,282.519989,10723.000000
662.000000,312.756439,0.563599,0.097461,0.920288,0.571533,0.798059,0.100219,1.127069,-0.042277,294.769989,10794.000000
663.000000,331.090240,0.566772,0.099009,0.922485,0.574585,0.801036,0.101690,1.135490,-0.039606,280.450012,10824.000000
664.000000,343.134857,0.568604,0.102298,0.924438,0.577026,0.803636,0.105132,1.134170,-0.035287,290.190002,10867.000000
665.000000,339.882690,0.572388,0.102862,0.924194,0.581055,0.806606,0.105725,1.136635,-0.028729,311.130005,10717.000000
666.000000,322.048676,0.573242,0.100915,0.927734,0.581299,0.807775,0.103889,1.143551,-0.032645,287.279999,10558.000000
667.000000,381.720856,0.573608,0.099887,0.926880,0.580566,0.807045,0.102580,1.141267,-0.040853,305.739990,10829.000000
668.000000,335.669556,0.572510,0.097127,0.925293,0.579712,0.806026,0.099836,1.136816,-0.045191,291.459991,10501.000000
669.000000,313.625000,0.572632,0.096309,0.926758,0.579712,0.804725,0.099168,1.137050,-0.045383,281.149994,10633.000000
670.000000,376.156036,0.573608,0.096244,0.926025,0.581299,0.804981,0.099276,1.132567,-0.047984,318.130005,10554.000000
671.000000,329.741821,0.572754,0.095365,0.925659,0.580688,0.804814,0.098354,1.130448,-0.043677,283.850006,10734.000000
672.000000,343.902222,0.575195,0.095843,0.928101,0.582642,0.806742,0.098769,1.138024,-0.040283,290.920013,10739.000000
673.000000,339.565430,0.577759,0.095311,0.928589,0.584717,0.807495,0.098184,1.139466,-0.041330,270.519989,10569.000000
674.000000,342.562134,0.576782,0.094460,0.926636,0.583008,0.805497,0.097138,1.139523,-0.044189,319.839996,10755.000000
675.000000,351.687988,0.576538,0.093988,0.922363,0.582764,0.803527,0.096621,1.132216,-0.048616,303.720001,10634.000000
676.000000,318.840790,0.573975,0.092102,0.924194,0.581299,0.802159,0.094696,1.132884,-0.049091,287.549988,10663.000000
677.000000,332.398315,0.575684,0.094668,0.927124,0.582642,0.804545,0.097246,1.137608,-0.045850,297.299988,10819.000000
678.000000,345.390625,0.576294,0.094990,0.927612,0.583008,0.804704,0.097745,1.136270,-0.044276,316.489990,10659.000000
679.000000,309.954407,0.573608,0.093920,0.924683,0.580688,0.801884,0.096764,1.128246,-0.047351,311.790009,10684.000000
680.000000,290.553314,0.575073,0.092038,0.923096,0.582397,0.802522,0.094884,1.126227,-0.049298,271.500000,10679.000000
681.000000,326.142975,0.573975,0.090642,0.925659,0.582031,0.801618,0.093690,1.131853,-0.048553,299.519989,10490.000000
682.000000,307.887451,0.576050,0.089417,0.928711,0.583984,0.803267,0.092420,1.135237,-0.047083,270.390015,10629.000000
683.000000,344.432678,0.573608,0.087018,0.927856,0.581299,0.801752,0.089968,1.133319,-0.047264,318.989990,10761.000000
684.000000,344.547943,0.571411,0.086718,0.924805,0.579590,0.799778,0.089370,1.123167,-0.049530,300.549988,10487.000000
685.000000,341.307434,0.567505,0.085990,0.920532,0.575195,0.794303,0.088531,1.115433,-0.049605,352.220001,10572.000000
686.000000,295.283875,0.562256,0.084186,0.916016,0.571289,0.789788,0.086774,1.107460,-0.053829,285.709991,10423.000000
687.000000,294.070129,0.560669,0.085870,0.917236,0.569336,0.789284,0.088542,1.111873,-0.049974,293.980011,10314.000000
688.000000,308.780823,0.559204,0.088797,0.918213,0.569458,0.790208,0.091652,1.116814,-0.044241,275.429993,10661.000000
689.000000,339.926880,0.560913,0.090718,0.917114,0.570557,0.789801,0.093660,1.118706,-0.045761,317.630005,10583.000000
690.000000,373.673889,0.559570,0.090289,0.914551,0.569336,0.787306,0.093252,1.113722,-0.049359,325.059998,10612.000000
691.000000,291.471191,0.555420,0.089287,0.913208,0.564575,0.784286,0.092148,1.107378,-0.051083,305.089996,10376.000000
692.000000,311.347870,0.554688,0.089993,0.913208,0.564453,0.784189,0.092790,1.104965,-0.048474,279.519989,10427.000000
693.000000,304.342865,0.558594,0.093016,0.916992,0.567749,0.788606,0.095694,1.109508,-0.042924,302.899994,10628.000000
694.000000,339.691895,0.562622,0.093839,0.921997,0.572266,0.791708,0.097037,1.115187,-0.036816,328.959991,10447.000000
695.000000,301.681061,0.563965,0.094535,0.921997,0.573242,0.794464,0.097630,1.114986,-0.035000,274.329987,10270.000000
696.000000,301.313629,0.564453,0.092683,0.921753,0.574097,0.794392,0.095910,1.112526,-0.037019,294.320007,10445.000000
697.000000,327.424713,0.566895,0.093375,0.923096,0.576538,0.795698,0.096550,1.114944,-0.037707,284.899994,10642.000000
698.000000,338.108795,0.567627,0.091338,0.922974,0.576904,0.796613,0.094470,1.118395,-0.035032,289.959991,10406.000000
699.000000,327.852875,0.567749,0.092259,0.922852,0.576050,0.795967,0.095251,1.116473,-0.035052,295.320007,10670.000000
700.000000,333.995697,0.567749,0.089740,0.922241,0.575562,0.795631,0.092657,1.121803,-0.040203,319.149994,10524.000000
701.000000,306.665771,0.566650,0.088356,0.923828,0.575439,0.794799,0.091357,1.119342,-0.045668,261.279999,10705.000000
702.000000,330.574402,0.567505,0.088995,0.920044,0.576172,0.793870,0.092038,1.115210,-0.046172,297.380005,10628.000000
703.000000,301.801758,0.566040,0.087741,0.918213,0.575562,0.791405,0.090829,1.111764,-0.046668,267.700012,10743.000000
704.000000,319.727631,0.569580,0.089795,0.923096,0.577881,0.795365,0.092620,1.116550,-0.043034,323.290009,10341.000000
705.000000,331.318085,0.572266,0.090608,0.923950,0.581543,0.796858,0.093696,1.123907,-0.038614,295.429993,10506.000000
706.000000,305.732544,0.571899,0.089862,0.924072,0.580078,0.795457,0.093040,1.124871,-0.043313,305.640015,10541.000000
707.000000,315.635315,0.573608,0.087820,0.925415,0.581421,0.797925,0.090855,1.128058,-0.045078,308.230011,10483.000000
708.000000,325.687134,0.579468,0.089043,0.928101,0.588257,0.803336,0.092088,1.139626,-0.037962,309.130005,10436.000000
709.000000,296.496918,0.579346,0.087747,0.927246,0.588257,0.802700,0.090776,1.143960,-0.038189,264.940002,10658.000000
710.000000,301.322754,0.580811,0.086484,0.927856,0.589844,0.804060,0.089408,1.142075,-0.039764,275.109985,10516.000000
711.000000,323.617004,0.579224,0.085439,0.928589,0.588135,0.803752,0.088446,1.140188,-0.040792,298.200012,10546.000000
712.000000,325.831268,0.576416,0.084723,0.921509,0.584839,0.799364,0.087479,1.135354,-0.040667,282.529999,10348.000000
713.000000,304.458313,0.573730,0.083737,0.917847,0.583252,0.796427,0.086661,1.124077,-0.046413,285.420013,10598.000000
714.000000,333.995758,0.571777,0.083641,0.918457,0.581177,0.793974,0.086483,1.124072,-0.045868,314.649994,10243.000000
715.000000,340.155212,0.575806,0.089206,0.920654,0.586548,0.796763,0.092175,1.131206,-0.032532,301.130005,10655.000000
716.000000,349.059601,0.578735,0.091329,0.922974,0.588013,0.799669,0.094073,1.133193,-0.025209,292.720001,10420.000000
717.000000,310.375061,0.581909,0.091071,0.925049,0.590820,0.802751,0.093698,1.138546,-0.024372,294.600006,10292.000000
718.000000,344.094513,0.582275,0.088305,0.925659,0.590210,0.802174,0.090704,1.141214,-0.025115,309.779999,10148.000000
719.000000,380.339142,0.582397,0.087762,0.926270,0.590332,0.801729,0.090159,1.135918,-0.024855,304.760010,10403.000000
720.000000,329.207520,0.583740,0.090800,0.922485,0.591919,0.802095,0.093096,1.129304,-0.022103,288.859985,10698.000000
721.000000,319.091187,0.580444,0.088065,0.923340,0.588867,0.799363,0.090509,1.129221,-0.024121,314.000000,10521.000000
722.000000,309.338501,0.576172,0.086671,0.919800,0.583374,0.795064,0.088979,1.126292,-0.032198,286.809998,10373.000000
723.000000,286.692535,0.576904,0.086786,0.919922,0.584351,0.796618,0.089007,1.128349,-0.033830,312.380005,10369.000000
724.000000,335.785889,0.578735,0.089312,0.919800,0.586182,0.797715,0.091753,1.134820,-0.027464,318.869995,10543.000000
725.000000,320.371582,0.578369,0.088966,0.919434,0.585571,0.797679,0.091294,1.135405,-0.028713,283.750000,10487.000000
726.000000,323.046021,0.581055,0.090701,0.920044,0.588745,0.799612,0.093141,1.138653,-0.027021,309.950012,10348.000000
727.000000,353.934662,0.584351,0.093064,0.923828,0.592529,0.802872,0.095492,1.147794,-0.020569,304.579987,10402.000000
728.000000,288.325470,0.583618,0.090448,0.928223,0.590454,0.804224,0.092634,1.157806,-0.022519,317.760010,10397.000000
729.000000,357.143158,0.586792,0.091035,0.927368,0.594116,0.806890,0.093272,1.157932,-0.021981,296.040009,10356.000000
730.000000,335.477417,0.584961,0.089630,0.925903,0.592163,0.804829,0.091781,1.153171,-0.023782,293.910004,10411.000000
731.000000,336.949097,0.583496,0.087165,0.923950,0.590820,0.803230,0.089328,1.145224,-0.027641,296.130005,10162.000000
732.000000,324.416351,0.584106,0.087587,0.921875,0.592651,0.803558,0.089897,1.147051,-0.030505,321.709991,10426.000000
733.000000,321.756073,0.582764,0.087149,0.923096,0.591064,0.802342,0.089374,1.149783,-0.031855,299.309998,10332.000000
734.000000,314.166992,0.586304,0.086591,0.924194,0.593506,0.803491,0.088616,1.156413,-0.033926,317.989990,10192.000000
735.000000,335.664886,0.586304,0.084665,0.927124,0.594482,0.804406,0.086770,1.162621,-0.028537,296.320007,10270.000000
736.000000,322.692047,0.587646,0.084100,0.927002,0.595581,0.805095,0.086113,1.171433,-0.023988,301.269989,10388.000000
737.000000,318.356842,0.590332,0.084583,0.926147,0.598511,0.807022,0.086746,1.168979,-0.024939,284.230011,10505.000000
738.000000,341.470490,0.589355,0.084293,0.925171,0.596924,0.806131,0.086454,1.171778,-0.022593,306.059998,10410.000000
739.000000,338.240814,0.584961,0.082976,0.922485,0.593628,0.802282,0.085286,1.172285,-0.026429,285.450012,10271.000000
740.000000,297.441559,0.581421,0.083396,0.918823,0.589355,0.799985,0.085678,1.164839,-0.035525,259.820007,10422.000000
741.000000,307.132355,0.583740,0.084605,0.921387,0.591919,0.802653,0.086772,1.166236,-0.036390,302.489990,10219.000000
742.000000,321.691284,0.584717,0.087452,0.921997,0.592651,0.803595,0.089726,1.170050,-0.033712,328.510010,10553.000000
743.000000,336.004150,0.582520,0.087107,0.916870,0.590210,0.800426,0.089318,1.161744,-0.036720,290.329987,10315.000000
744.000000,340.608704,0.585571,0.088558,0.920410,0.593018,0.802715,0.090705,1.162263,-0.037764,304.970001,10310.000000
745.000000,346.962921,0.591309,0.088313,0.927734,0.599976,0.808409,0.090592,1.176912,-0.028273,278.989990,10247.000000
746.000000,344.410400,0.596069,0.089764,0.926514,0.604370,0.810301,0.091962,1.181438,-0.027226,286.959991,10202.000000
747.000000,336.313782,0.598511,0.089707,0.928223,0.606079,0.811482,0.091958,1.181080,-0.027829,291.130005,10132.000000
748.000000,343.061523,0.595337,0.086144,0.926392,0.603516,0.807815,0.088416,1.179035,-0.030781,285.290009,10224.000000
749.000000,310.721039,0.596313,0.087321,0.925659,0.604858,0.809132,0.089641,1.171599,-0.030512,309.029999,10342.000000
750.000000,344.449249,0.594360,0.086626,0.924194,0.603271,0.807109,0.088998,1.172135,-0.029368,288.010010,10255.000000
751.000000,310.576965,0.594849,0.088861,0.923096,0.602295,0.806696,0.090994,1.172410,-0.030392,255.860001,10340.000000
752.000000,307.038208,0.593506,0.088212,0.922729,0.602051,0.806038,0.090345,1.167141,-0.032391,294.019989,10331.000000
753.000000,323.481628,0.593628,0.088977,0.923828,0.601440,0.806605,0.091058,1.170437,-0.031789,270.109985,10342.000000
754.000000,373.784119,0.592407,0.088247,0.925171,0.600098,0.805096,0.090455,1.170329,-0.032733,315.820007,10249.000000
755.000000,359.831573,0.592529,0.089236,0.921021,0.600342,0.804332,0.091583,1.163482,-0.032225,303.750000,10232.000000
756.000000,328.550598,0.589722,0.088168,0.919189,0.598022,0.801835,0.090470,1.153293,-0.036419,266.420013,10392.000000
757.000000,341.153442,0.592651,0.091761,0.920166,0.601074,0.802613,0.094001,1.156697,-0.033634,333.200012,10278.000000
758.000000,359.104004,0.594238,0.093540,0.919556,0.603760,0.802530,0.096005,1.155341,-0.030564,316.070007,10354.000000
759.000000,370.106689,0.596802,0.095374,0.920410,0.605835,0.803148,0.097837,1.155799,-0.029347,339.410004,10272.000000
760.000000,319.060852,0.597412,0.094091,0.920166,0.607666,0.803304,0.096537,1.160329,-0.030976,291.790009,10341.000000
761.000000,332.593719,0.599121,0.093370,0.921143,0.609253,0.802737,0.095968,1.159398,-0.033507,308.070007,10468.000000
762.000000,362.269470,0.599121,0.091659,0.919922,0.608887,0.801766,0.094085,1.162289,-0.035516,291.489990,10219.000000
763.000000,296.713531,0.597778,0.092056,0.917236,0.608398,0.798800,0.094642,1.155371,-0.037154,280.000000,10264.000000
764.000000,313.261139,0.598389,0.090512,0.916260,0.608887,0.798311,0.093033,1.153306,-0.037396,282.089996,10261.000000
765.000000,323.203461,0.599731,0.092773,0.918335,0.609253,0.797667,0.095241,1.154527,-0.032937,315.970001,10223.000000
766.000000,340.776031,0.601074,0.094521,0.916748,0.612061,0.798346,0.097159,1.154631,-0.027948,306.769989,10280.000000
767.000000,322.457642,0.602173,0.096183,0.917358,0.612549,0.798059,0.098995,1.155064,-0.024284,279.500000,10330.000000
768.000000,312.026581,0.602539,0.096774,0.916748,0.613892,0.798767,0.099779,1.156591,-0.022209,269.899994,10219.000000
769.000000,295.768616,0.599487,0.097314,0.914795,0.610474,0.796250,0.100300,1.153466,-0.026552,288.420013,10350.000000
770.000000,364.261688,0.603882,0.097955,0.918945,0.615112,0.800878,0.100672,1.162809,-0.027016,306.790009,10083.000000
771.000000,340.127686,0.602051,0.097595,0.921509,0.612793,0.800283,0.100384,1.167194,-0.028220,281.290009,10284.000000
772.000000,317.884918,0.605225,0.098143,0.920410,0.615112,0.801894,0.100755,1.164538,-0.030377,298.950012,10103.000000
773.000000,316.534698,0.605347,0.096359,0.918457,0.615112,0.801182,0.098819,1.162114,-0.034889,284.160004,10344.000000
774.000000,320.642426,0.600708,0.093519,0.918579,0.611206,0.797330,0.096076,1.157644,-0.040998,252.169998,10420.000000
775.000000,334.320557,0.597778,0.092909,0.917480,0.607910,0.796268,0.095519,1.156030,-0.043512,289.649994,10465.000000
776.000000,322.324738,0.599609,0.092071,0.919189,0.610840,0.797851,0.094814,1.156509,-0.042019,298.820007,10319.000000
777.000000,308.870636,0.598877,0.092478,0.921875,0.608765,0.798624,0.094836,1.163375,-0.038589,301.940002,10149.000000
778.000000,324.304565,0.601318,0.094023,0.919434,0.610840,0.799510,0.096519,1.159413,-0.039773,290.279999,10516.000000
779.000000,345.898773,0.602661,0.094812,0.919678,0.611816,0.800526,0.097485,1.158180,-0.036713,290.019989,10357.000000
780.000000,298.274292,0.603882,0.094018,0.923828,0.614258,0.802125,0.096660,1.165379,-0.031316,287.799988,10285.000000
781.000000,360.449097,0.604736,0.094214,0.924194,0.614990,0.803536,0.096827,1.171907,-0.030733,297.730011,10534.000000
782.000000,319.775543,0.604858,0.093700,0.923462,0.614258,0.803508,0.096073,1.170568,-0.036971,294.880005,10362.000000
783.000000,321.160431,0.602417,0.091330,0.922729,0.611450,0.801170,0.093755,1.168421,-0.041039,294.640015,10547.000000
784.000000,292.498047,0.599243,0.088317,0.921265,0.609131,0.799172,0.090712,1.165172,-0.043401,259.450012,10233.000000
785.000000,357.425446,0.600220,0.090520,0.920898,0.609741,0.799235,0.093034,1.155730,-0.041243,299.989990,10286.000000
786.000000,296.928589,0.596558,0.092358,0.917603,0.606079,0.797081,0.094763,1.148720,-0.042488,269.279999,10587.000000
787.000000,354.664032,0.595581,0.093773,0.916016,0.605103,0.795337,0.096040,1.143197,-0.043891,292.940002,10266.000000
788.000000,333.501190,0.596680,0.092500,0.915771,0.607666,0.795836,0.095036,1.141705,-0.042207,293.170013,10269.000000
789.000000,339.084595,0.599487,0.095430,0.919556,0.609253,0.798195,0.097737,1.153762,-0.033583,302.440002,10257.000000
790.000000,312.634857,0.599365,0.095949,0.919067,0.610107,0.796558,0.098303,1.154680,-0.031120,299.709991,10228.000000
791.000000,326.432617,0.605957,0.099868,0.918457,0.614990,0.801182,0.102063,1.154197,-0.030036,299.820007,10294.000000
792.000000,293.565613,0.605225,0.096593,0.916870,0.613770,0.799588,0.098746,1.157433,-0.032701,260.450012,10276.000000
793.000000,373.585052,0.605347,0.096440,0.920288,0.614990,0.800423,0.098770,1.158906,-0.035666,312.519989,10308.000000
794.000000,307.373932,0.605103,0.095463,0.921753,0.613892,0.800155,0.098109,1.156489,-0.037680,276.220001,10209.000000
795.000000,308.759277,0.604248,0.095123,0.919556,0.614746,0.799038,0.098011,1.151893,-0.037620,290.049988,10138.000000
796.000000,328.047272,0.603394,0.094561,0.920410,0.614136,0.798542,0.097337,1.150280,-0.039244,298.239990,10346.000000
797.000000,306.817200,0.605591,0.095610,0.919067,0.615845,0.800296,0.098174,1.150735,-0.035468,296.429993,10193.000000
798.000000,337.496796,0.608154,0.095842,0.921631,0.618164,0.801625,0.098487,1.157623,-0.034192,286.230011,10444.000000
799.000000,336.775818,0.606567,0.093714,0.922241,0.616577,0.800547,0.096369,1.159378,-0.034172,278.790009,10344.000000
800.000000,295.940216,0.611450,0.095832,0.922363,0.620972,0.803369,0.098383,1.161644,-0.031310,266.489990,10282.000000
801.000000,309.869446,0.612305,0.096502,0.922729,0.621948,0.804300,0.098919,1.166569,-0.032211,287.239990,10021.000000
802.000000,322.369751,0.612793,0.098405,0.923462,0.621948,0.804338,0.100874,1.162828,-0.035252,275.859985,10307.000000
803.000000,326.780273,0.612549,0.097881,0.920776,0.622192,0.803586,0.100451,1.154981,-0.043501,296.790009,10261.000000
804.000000,323.489624,0.609863,0.097154,0.921997,0.619873,0.802458,0.099764,1.156163,-0.045005,269.869995,10352.000000
805.000000,343.602509,0.608887,0.098681,0.923706,0.618286,0.801633,0.101185,1.160119,-0.041684,283.929993,10178.000000
806.000000,336.566071,0.610474,0.100860,0.922119,0.618774,0.802491,0.103292,1.156652,-0.039889,288.890015,10348.000000
807.000000,304.183990,0.613037,0.099307,0.925659,0.622314,0.804546,0.101783,1.158607,-0.036457,266.980011,10281.000000
808.000000,371.622284,0.615479,0.100332,0.924927,0.624878,0.804800,0.102861,1.159026,-0.035186,356.119995,10026.000000
809.000000,324.833466,0.616333,0.100104,0.925049,0.625122,0.804947,0.102537,1.159476,-0.035598,266.929993,10132.000000
810.000000,285.962372,0.614380,0.097028,0.925415,0.622314,0.802542,0.099471,1.158479,-0.040587,282.119995,10307.000000
811.000000,345.027435,0.615967,0.097195,0.927612,0.623657,0.804229,0.099430,1.157664,-0.039400,277.760010,10507.000000
812.000000,331.262268,0.614746,0.095386,0.924316,0.622437,0.802363,0.097466,1.160998,-0.039946,297.609985,10226.000000
813.000000,314.053741,0.612061,0.095568,0.920044,0.621216,0.799761,0.097863,1.154934,-0.043676,293.000000,10053.000000
814.000000,329.595245,0.609131,0.097443,0.917725,0.617310,0.797502,0.099683,1.153664,-0.044497,278.850006,10267.000000
815.000000,310.263794,0.604004,0.095824,0.915283,0.612061,0.792619,0.097925,1.148234,-0.047403,281.339996,10023.000000
816.000000,310.130676,0.602417,0.099148,0.914917,0.610718,0.791720,0.101177,1.145987,-0.042139,275.119995,10371.000000
817.000000,327.884888,0.602417,0.099082,0.915649,0.610840,0.792214,0.101233,1.144537,-0.040740,277.470001,10247.000000
818.000000,336.624603,0.606934,0.102653,0.919922,0.615479,0.796753,0.104751,1.152951,-0.034038,293.339996,10195.000000
819.000000,353.933044,0.607056,0.102945,0.918945,0.616943,0.797003,0.105019,1.155478,-0.032434,298.130005,10294.000000
820.000000,280.781860,0.611694,0.102811,0.923218,0.619995,0.801538,0.104810,1.159134,-0.034724,270.880005,10119.000000
821.000000,382.763702,0.612793,0.102955,0.922852,0.622559,0.802542,0.105077,1.162634,-0.038202,313.470001,10477.000000
822.000000,293.273163,0.613647,0.103219,0.924805,0.622314,0.803003,0.105387,1.166359,-0.038752,259.059998,10248.000000
823.000000,332.347443,0.611938,0.102139,0.924683,0.619507,0.802953,0.104286,1.168164,-0.041612,270.070007,10427.000000
824.000000,321.960052,0.612305,0.102994,0.923584,0.621216,0.804355,0.105165,1.165533,-0.040841,289.630005,10364.000000
825.000000,326.664612,0.614746,0.103565,0.921875,0.623169,0.804162,0.105874,1.163633,-0.039162,306.179993,10011.000000
826.000000,308.599823,0.610107,0.098879,0.920532,0.618408,0.800296,0.101294,1.156199,-0.050026,263.690002,10185.000000
827.000000,334.104187,0.613770,0.098352,0.925049,0.621704,0.803686,0.100781,1.161956,-0.048370,306.269989,10367.000000
828.000000,334.299469,0.616211,0.101352,0.928711,0.624634,0.807067,0.103910,1.166642,-0.043524,299.769989,10213.000000
829.000000,294.853912,0.616699,0.102008,0.921875,0.624634,0.805554,0.104461,1.160796,-0.043809,309.140015,10469.000000
830.000000,313.763336,0.615845,0.100205,0.922852,0.623901,0.804423,0.102699,1.158420,-0.051851,274.260010,10339.000000
831.000000,367.632965,0.614502,0.099959,0.921997,0.622314,0.802311,0.102384,1.161927,-0.054395,324.540009,10456.000000
832.000000,301.431549,0.611572,0.099493,0.923584,0.618774,0.800468,0.101762,1.163665,-0.055654,250.360001,10327.000000
833.000000,331.113342,0.612427,0.101388,0.922363,0.619507,0.802221,0.103532,1.164932,-0.054957,301.890015,10228.000000
834.000000,303.708191,0.611938,0.102928,0.923462,0.619019,0.802540,0.105126,1.163333,-0.052894,262.970001,10249.000000
835.000000,349.158783,0.616577,0.104045,0.923950,0.622314,0.804588,0.106177,1.167175,-0.045584,301.820007,10370.000000
836.000000,334.133148,0.615845,0.103027,0.923218,0.623779,0.802368,0.105343,1.166993,-0.043892,258.369995,10120.000000
837.000000,329.332947,0.616089,0.101421,0.920776,0.622559,0.802231,0.103418,1.157482,-0.049578,277.100006,10134.000000
838.000000,285.037292,0.609375,0.097850,0.916504,0.616821,0.795529,0.099745,1.150513,-0.058694,267.170013,10104.000000
839.000000,310.597961,0.607544,0.098166,0.917725,0.615234,0.795406,0.100165,1.150814,-0.054584,282.549988,10167.000000
840.000000,346.631439,0.607544,0.099170,0.917358,0.613892,0.795409,0.101040,1.154220,-0.050665,304.350006,10274.000000
841.000000,334.014099,0.615234,0.101394,0.920776,0.623413,0.800685,0.103632,1.157799,-0.042782,295.600006,10051.000000
842.000000,315.843170,0.613037,0.102254,0.921143,0.619751,0.798626,0.104488,1.157214,-0.040252,248.059998,10184.000000
843.000000,336.017883,0.610352,0.099190,0.921753,0.617310,0.797938,0.101484,1.159485,-0.045691,288.190002,10340.000000
844.000000,351.786072,0.611694,0.096970,0.926758,0.618530,0.799508,0.099255,1.165782,-0.048940,299.450012,10181.000000
845.000000,327.701019,0.612427,0.098748,0.924805,0.619019,0.799744,0.100918,1.163256,-0.047252,273.950012,10029.000000
846.000000,295.714905,0.609985,0.096741,0.921997,0.616089,0.797782,0.098873,1.155396,-0.051105,299.029999,10152.000000
847.000000,333.745575,0.610107,0.096521,0.921631,0.616333,0.798145,0.098564,1.150790,-0.053563,318.959991,10121.000000
848.000000,322.095032,0.608154,0.095435,0.921631,0.616455,0.795885,0.097850,1.150652,-0.051300,270.640015,10194.000000
849.000000,336.637482,0.609985,0.097711,0.923828,0.618286,0.797536,0.100294,1.146749,-0.047857,301.829987,10130.000000
850.000000,344.485260,0.608887,0.098213,0.921753,0.618286,0.795453,0.100787,1.144683,-0.043747,297.299988,9985.000000
851.000000,273.705292,0.608643,0.099344,0.920532,0.617676,0.795128,0.101871,1.139333,-0.046266,267.809998,10090.000000
852.000000,325.578217,0.607422,0.098445,0.918213,0.616089,0.791562,0.101065,1.135449,-0.046660,266.940002,10357.000000
853.000000,332.513702,0.608032,0.097736,0.918213,0.617676,0.790863,0.100211,1.131318,-0.048640,280.559998,10116.000000
854.000000,278.787384,0.611694,0.097500,0.921143,0.622192,0.793343,0.099998,1.137681,-0.046259,320.589996,9712.000000
855.000000,334.120605,0.615967,0.096439,0.924438,0.626221,0.796137,0.099166,1.144947,-0.044980,295.049988,10096.000000
856.000000,325.239166,0.617188,0.094988,0.924194,0.626831,0.797764,0.097558,1.147303,-0.043919,299.670013,10073.000000
857.000000,340.481750,0.613281,0.092479,0.921997,0.622925,0.794031,0.095036,1.144564,-0.047810,302.010010,10088.000000
858.000000,343.918243,0.613892,0.093039,0.922974,0.623779,0.794997,0.095634,1.144410,-0.047361,317.790009,10108.000000
859.000000,332.475800,0.612061,0.092353,0.920654,0.622314,0.792194,0.094892,1.140544,-0.050217,292.450012,10176.000000
860.000000,330.968384,0.611816,0.094347,0.919678,0.620850,0.792264,0.096616,1.140605,-0.052207,279.019989,10066.000000
861.000000,308.154510,0.614624,0.096230,0.920776,0.623047,0.793669,0.098616,1.141093,-0.046365,285.670013,10229.000000
862.000000,328.041382,0.612549,0.094916,0.922485,0.621582,0.793453,0.097339,1.151254,-0.042745,302.640015,10206.000000
863.000000,315.532623,0.612183,0.095085,0.920776,0.620361,0.792387,0.097403,1.157481,-0.043392,288.890015,10291.000000
864.000000,285.158905,0.609497,0.093879,0.917847,0.616943,0.789036,0.096043,1.156211,-0.048095,278.670013,10273.000000
865.000000,291.032959,0.609497,0.094889,0.918091,0.617310,0.789889,0.097012,1.150597,-0.052285,275.559998,10202.000000
866.000000,303.742981,0.610107,0.096003,0.917358,0.619629,0.790860,0.098403,1.155854,-0.045535,286.970001,10143.000000
867.000000,332.475311,0.608521,0.097970,0.917480,0.617920,0.791470,0.100368,1.153468,-0.042129,282.450012,10180.000000
868.000000,298.825653,0.606934,0.098170,0.913818,0.617188,0.790643,0.100677,1.152051,-0.043231,297.089996,10029.000000
869.000000,320.600037,0.607910,0.096531,0.913330,0.618530,0.790587,0.099046,1.149581,-0.048859,294.500000,10178.000000
870.000000,310.674286,0.610107,0.096550,0.915649,0.621826,0.793582,0.099097,1.149852,-0.044147,285.920013,10506.000000
871.000000,303.585876,0.612915,0.096947,0.920166,0.625122,0.796796,0.099545,1.159452,-0.036220,268.950012,10186.000000
872.000000,295.980865,0.614990,0.097634,0.918945,0.627563,0.798996,0.100135,1.164259,-0.034453,288.730011,10379.000000
873.000000,348.724945,0.614258,0.097447,0.916870,0.627197,0.798724,0.099990,1.165994,-0.033425,318.730011,10271.000000
874.000000,309.159485,0.617065,0.097037,0.919556,0.629028,0.801019,0.099563,1.162526,-0.035803,305.869995,10078.000000
875.000000,318.291138,0.617920,0.097362,0.920776,0.629272,0.801952,0.099899,1.167458,-0.033338,282.489990,10034.000000
876.000000,295.680176,0.616089,0.098111,0.919189,0.627563,0.800268,0.100775,1.165018,-0.037018,269.100006,10072.000000
877.000000,341.090454,0.610107,0.097073,0.912720,0.622192,0.794936,0.099760,1.155232,-0.041007,301.850006,10112.000000
878.000000,298.362457,0.612061,0.097850,0.917480,0.623413,0.798687,0.100392,1.157383,-0.039887,267.489990,9953.000000
879.000000,327.898041,0.612671,0.101167,0.916626,0.625244,0.799094,0.103891,1.160231,-0.032783,301.350006,10376.000000
880.000000,362.992554,0.613770,0.101064,0.916748,0.626099,0.800114,0.103907,1.152490,-0.031111,303.250000,10058.000000
881.000000,293.177063,0.615234,0.100262,0.916870,0.627319,0.800677,0.103279,1.148371,-0.031372,279.959991,10237.000000
882.000000,364.246246,0.618408,0.101773,0.919922,0.630981,0.802221,0.104849,1.154603,-0.029638,308.720001,10235.000000
883.000000,341.977478,0.623413,0.103356,0.924316,0.635864,0.806225,0.106594,1.164175,-0.019614,308.019989,10062.000000
884.000000,289.878052,0.621948,0.102441,0.921753,0.633179,0.804656,0.105776,1.163532,-0.023681,257.239990,10098.000000
885.000000,349.849915,0.622070,0.102706,0.919922,0.633179,0.803226,0.105823,1.153613,-0.030798,303.209991,10049.000000
886.000000,325.290649,0.620239,0.099985,0.919067,0.631470,0.801510,0.102971,1.147712,-0.034391,309.329987,10215.000000
887.000000,329.215851,0.620117,0.101292,0.918579,0.631348,0.800439,0.104270,1.147200,-0.034368,296.600006,10141.000000
888.000000,333.785126,0.619385,0.101531,0.918457,0.630127,0.799582,0.104334,1.143092,-0.033071,302.730011,10267.000000
889.000000,306.896271,0.622314,0.101449,0.920166,0.633545,0.800555,0.104365,1.145819,-0.032656,271.709991,10279.000000
890.000000,331.710571,0.621460,0.101362,0.920776,0.633179,0.799938,0.104322,1.152127,-0.032019,292.709991,10013.000000
891.000000,329.282440,0.619385,0.102420,0.915161,0.630737,0.797147,0.105348,1.146736,-0.034355,275.950012,10163.000000
892.000000,342.096008,0.620728,0.102769,0.916992,0.632080,0.798319,0.106078,1.147107,-0.033353,302.779999,10166.000000
893.000000,285.867615,0.622681,0.105505,0.918457,0.634888,0.799023,0.108703,1.154617,-0.026240,259.809998,10040.000000
894.000000,286.207855,0.622070,0.106241,0.917358,0.632690,0.797245,0.109280,1.149266,-0.025343,281.290009,10295.000000
895.000000,340.645264,0.619141,0.103772,0.915283,0.630981,0.794863,0.107086,1.138676,-0.037302,299.589996,10320.000000
896.000000,285.332947,0.618652,0.103913,0.916382,0.629639,0.794572,0.107065,1.143710,-0.036711,277.809998,10286.000000
897.000000,301.020447,0.621338,0.106015,0.918335,0.633057,0.797534,0.109369,1.151907,-0.029874,247.770004,10199.000000
898.000000,319.353058,0.624756,0.105476,0.922485,0.635132,0.800893,0.108757,1.159016,-0.027680,274.109985,10085.000000
899.000000,326.592865,0.626343,0.107193,0.921631,0.636719,0.800940,0.110363,1.156850,-0.029563,284.769989,10151.000000
900.000000,329.657715,0.626709,0.106178,0.919067,0.636963,0.800306,0.109272,1.152165,-0.030537,272.940002,10302.000000
901.000000,304.742218,0.625854,0.104482,0.920410,0.636353,0.800043,0.107390,1.151192,-0.033733,290.739990,10188.000000
902.000000,277.992249,0.629639,0.107458,0.918823,0.639893,0.802568,0.110306,1.155152,-0.031098,278.799988,10154.000000
903.000000,323.324158,0.627930,0.107466,0.919556,0.638184,0.801099,0.110258,1.150245,-0.032478,308.339996,10108.000000
904.000000,320.516388,0.625977,0.107296,0.917358,0.636719,0.799125,0.110055,1.145481,-0.035338,291.940002,10220.000000
905.000000,282.254639,0.630371,0.107417,0.921265,0.641113,0.802090,0.110230,1.151481,-0.028778,266.029999,10110.000000
906.000000,297.144928,0.630249,0.108234,0.920654,0.640137,0.802903,0.111147,1.154786,-0.026835,280.880005,10166.000000
907.000000,304.540466,0.630737,0.107696,0.920166,0.640625,0.802589,0.110528,1.153545,-0.029041,263.890015,10124.000000
908.000000,289.533020,0.635132,0.108766,0.922485,0.644409,0.805125,0.111557,1.156872,-0.026956,282.000000,10044.000000
909.000000,313.335419,0.633789,0.107037,0.921387,0.644287,0.803005,0.109902,1.156694,-0.025971,280.540009,10310.000000
910.000000,280.599884,0.635986,0.105049,0.926025,0.645874,0.805842,0.107742,1.159176,-0.026240,260.910004,10279.000000
911.000000,299.275574,0.637207,0.106529,0.925415,0.646484,0.806599,0.109031,1.158330,-0.021200,280.079987,10098.000000
912.000000,332.063416,0.635254,0.107317,0.923340,0.643677,0.804534,0.110006,1.153061,-0.025303,278.929993,10254.000000
913.000000,301.802307,0.633179,0.106776,0.921021,0.642090,0.801795,0.109470,1.147026,-0.027003,279.160004,10050.000000
914.000000,317.450439,0.629028,0.107371,0.918213,0.637573,0.798672,0.109941,1.142524,-0.028685,252.899994,10232.000000
915.000000,282.706879,0.626709,0.107151,0.917969,0.635498,0.796598,0.109615,1.138322,-0.029083,285.109985,10268.000000
916.000000,318.163971,0.627441,0.107663,0.919922,0.636597,0.797888,0.110131,1.141126,-0.028714,306.519989,10118.000000
917.000000,315.803680,0.628296,0.106898,0.921387,0.637817,0.798497,0.109489,1.143801,-0.025871,275.609985,10168.000000
918.000000,330.807983,0.629883,0.108010,0.920532,0.640381,0.798242,0.110984,1.149367,-0.019622,289.940002,10317.000000
919.000000,338.297668,0.628784,0.107866,0.919067,0.638672,0.796983,0.110552,1.143332,-0.020327,318.440002,10532.000000
920.000000,301.609650,0.628784,0.105714,0.918335,0.638062,0.796575,0.108262,1.135825,-0.025483,323.549988,10401.000000
921.000000,352.362854,0.623413,0.102959,0.918213,0.633667,0.792872,0.105566,1.138990,-0.028625,281.619995,10029.000000
922.000000,303.664032,0.626465,0.105705,0.921753,0.636108,0.796741,0.108172,1.143343,-0.022989,301.649994,10155.000000
923.000000,328.194061,0.626831,0.106070,0.921021,0.635986,0.796623,0.108491,1.148565,-0.018095,293.459991,10242.000000
924.000000,319.905365,0.630005,0.106196,0.923218,0.638916,0.798613,0.108741,1.150739,-0.017883,280.739990,10388.000000
925.000000,318.852814,0.628784,0.105726,0.922607,0.638184,0.797635,0.108369,1.157278,-0.017058,262.510010,10084.000000
926.000000,311.488434,0.625488,0.106573,0.917725,0.634033,0.795477,0.108951,1.148864,-0.024211,252.970001,10430.000000
927.000000,334.345856,0.625977,0.104368,0.920532,0.634644,0.795924,0.106683,1.149179,-0.027582,286.399994,10404.000000
928.000000,308.100586,0.624756,0.104566,0.920898,0.634766,0.795524,0.107051,1.151783,-0.024721,307.880005,10551.000000
929.000000,326.436157,0.628418,0.105548,0.923340,0.636475,0.798472,0.107804,1.155614,-0.022943,286.750000,10258.000000
930.000000,334.381317,0.628174,0.105327,0.924194,0.635742,0.798377,0.107584,1.150104,-0.022913,281.559998,10410.000000
931.000000,292.622375,0.627563,0.106128,0.921875,0.634766,0.797228,0.108299,1.142804,-0.018216,285.529999,10358.000000
932.000000,299.497955,0.624634,0.104401,0.921631,0.632324,0.796075,0.106798,1.136155,-0.019036,270.250000,10338.000000
933.000000,281.796295,0.625732,0.104121,0.924438,0.633423,0.797608,0.106438,1.140593,-0.017480,253.570007,10200.000000
934.000000,324.408600,0.622070,0.103512,0.924072,0.629150,0.794831,0.105919,1.143270,-0.018877,311.070007,10049.000000
935.000000,304.947021,0.624268,0.107348,0.922363,0.631348,0.796513,0.109638,1.143164,-0.015908,273.510010,10308.000000
936.000000,311.367065,0.622559,0.103664,0.924683,0.630615,0.796002,0.106018,1.149159,-0.013995,258.089996,10244.000000
937.000000,367.203278,0.623413,0.104574,0.925293,0.630493,0.796380,0.106887,1.146218,-0.009589,285.260010,10232.000000
938.000000,307.519196,0.625488,0.107084,0.925537,0.632202,0.797848,0.109203,1.144249,-0.006883,286.350006,10188.000000
939.000000,335.010681,0.621704,0.105967,0.925049,0.628662,0.795668,0.108079,1.152140,-0.007215,277.450012,10350.000000
940.000000,334.509094,0.617188,0.104553,0.921143,0.625122,0.791586,0.106693,1.146953,-0.012833,291.089996,10218.000000
941.000000,324.686310,0.612305,0.101985,0.916992,0.619873,0.788002,0.104101,1.137636,-0.023431,279.100006,10353.000000
942.000000,298.316681,0.610718,0.103389,0.916016,0.618042,0.786904,0.105493,1.139998,-0.022571,271.529999,10438.000000
943.000000,283.457306,0.611938,0.107272,0.915405,0.620239,0.788473,0.109485,1.135839,-0.021283,269.820007,10306.000000
944.000000,316.241455,0.615601,0.107469,0.921021,0.624268,0.791493,0.109891,1.145976,-0.013783,304.989990,10470.000000
945.000000,280.199799,0.615845,0.108113,0.921875,0.625122,0.792481,0.110550,1.158702,-0.009409,287.619995,10499.000000
946.000000,330.807953,0.618652,0.109300,0.920288,0.627686,0.794343,0.111773,1.153393,-0.011388,314.760010,10266.000000
947.000000,300.317657,0.617676,0.106664,0.918457,0.627075,0.794000,0.109488,1.152609,-0.016021,267.380005,10282.000000
948.000000,308.044159,0.617676,0.107173,0.921021,0.627319,0.794619,0.109958,1.150814,-0.019677,292.040009,10318.000000
949.000000,308.017609,0.616455,0.107219,0.918701,0.625366,0.793423,0.110142,1.150943,-0.016708,292.350006,10280.000000
950.000000,326.176422,0.619141,0.107861,0.922485,0.627319,0.796812,0.110544,1.158219,-0.014256,286.109985,10414.000000
951.000000,306.275970,0.616089,0.105754,0.923340,0.625854,0.795971,0.108412,1.160477,-0.013606,282.130005,10422.000000
952.000000,315.500732,0.617798,0.107404,0.921387,0.627563,0.797315,0.109958,1.155926,-0.012380,295.619995,10487.000000
953.000000,308.595062,0.619141,0.109446,0.921875,0.628296,0.796844,0.111840,1.155055,-0.011399,263.929993,10114.000000
954.000000,318.451233,0.615356,0.107853,0.919312,0.624023,0.794242,0.110271,1.153147,-0.013592,291.929993,10495.000000
955.000000,300.832703,0.614258,0.107784,0.919434,0.623901,0.794387,0.110437,1.146065,-0.015319,262.739990,10260.000000
956.000000,342.206299,0.614868,0.108133,0.918701,0.623657,0.794063,0.110847,1.151585,-0.014839,295.959991,10246.000000
957.000000,297.733978,0.614136,0.108609,0.920044,0.622559,0.795587,0.111254,1.150120,-0.020086,266.760010,10267.000000
958.000000,330.124695,0.613403,0.107574,0.919678,0.623169,0.795498,0.110232,1.148745,-0.020434,320.450012,10505.000000
959.000000,327.922241,0.614014,0.106420,0.921753,0.622314,0.795678,0.109078,1.153005,-0.015829,284.029999,10390.000000
960.000000,345.262085,0.615723,0.106591,0.925049,0.624390,0.799202,0.109138,1.158416,-0.012407,312.570007,10323.000000
961.000000,348.203674,0.616455,0.107427,0.923218,0.626221,0.799612,0.110348,1.160019,-0.008734,283.160004,10142.000000
962.000000,336.063385,0.616333,0.105673,0.924072,0.625366,0.798945,0.108467,1.155817,-0.013989,297.459991,10370.000000
963.000000,329.146210,0.614258,0.104283,0.920776,0.624756,0.797227,0.107116,1.154022,-0.012721,300.730011,10332.000000
964.000000,274.982758,0.614136,0.105306,0.921753,0.623291,0.797800,0.107900,1.156142,-0.011751,298.989990,10415.000000
965.000000,301.414215,0.611450,0.104851,0.920166,0.619873,0.795718,0.107527,1.155318,-0.011971,283.899994,10191.000000
966.000000,290.966919,0.610352,0.104846,0.921631,0.618530,0.796830,0.107402,1.155361,-0.012352,259.750000,10134.000000
967.000000,310.425476,0.607422,0.106702,0.921021,0.616699,0.795781,0.109410,1.146353,-0.014392,263.619995,9936.000000
968.000000,331.978271,0.603271,0.106082,0.913818,0.610596,0.791923,0.108599,1.134451,-0.017784,271.000000,10479.000000
969.000000,310.197693,0.603027,0.106451,0.918823,0.611084,0.793378,0.109067,1.140792,-0.015337,272.119995,10342.000000
970.000000,297.324921,0.607178,0.109464,0.920654,0.616089,0.797131,0.111975,1.148170,-0.012029,260.730011,10259.000000
971.000000,323.294159,0.604492,0.107910,0.919678,0.613281,0.795183,0.110463,1.148202,-0.011776,303.019989,10448.000000
972.000000,322.092773,0.600952,0.107318,0.915283,0.609253,0.792495,0.109661,1.137342,-0.020837,281.959991,10359.000000
973.000000,293.488617,0.597412,0.105716,0.913818,0.606689,0.790178,0.108118,1.131011,-0.024954,272.829987,10549.000000
974.000000,313.883759,0.600708,0.107359,0.917236,0.609253,0.793274,0.109686,1.138467,-0.018080,291.940002,10410.000000
975.000000,314.085144,0.600464,0.108390,0.916382,0.609009,0.792730,0.110685,1.137405,-0.012234,269.709991,10432.000000
976.000000,313.244324,0.602783,0.108866,0.916626,0.613281,0.792743,0.111644,1.140930,-0.011310,272.910004,10243.000000
977.000000,306.796295,0.602417,0.108179,0.918823,0.612549,0.794257,0.110972,1.147423,-0.014535,270.470001,10356.000000
978.000000,341.029083,0.603027,0.107800,0.921509,0.613403,0.795243,0.110598,1.154071,-0.015226,302.690002,10465.000000
979.000000,346.520996,0.606812,0.107899,0.926636,0.617920,0.800320,0.110759,1.159882,-0.012493,291.540009,10255.000000
980.000000,281.796234,0.604492,0.107404,0.921753,0.614624,0.797695,0.110163,1.157620,-0.017965,306.250000,10187.000000
981.000000,289.622864,0.605225,0.107616,0.921509,0.614868,0.798741,0.110396,1.153471,-0.020523,278.760010,10260.000000
982.000000,334.727692,0.604858,0.106081,0.920166,0.614624,0.797108,0.108998,1.152331,-0.026465,279.739990,10055.000000
983.000000,293.066071,0.601562,0.106057,0.916504,0.610474,0.795740,0.108777,1.145865,-0.028398,252.639999,10333.000000
984.000000,289.212891,0.601074,0.103850,0.919312,0.612549,0.796199,0.106857,1.147856,-0.026005,265.459991,10423.000000
985.000000,317.263794,0.601685,0.105184,0.918823,0.611572,0.797567,0.108059,1.161060,-0.021368,271.260010,10280.000000
986.000000,294.589081,0.602539,0.105413,0.921509,0.612549,0.798962,0.108217,1.158396,-0.022621,284.109985,10483.000000
987.000000,352.020508,0.599976,0.104786,0.919922,0.608887,0.796993,0.107363,1.153765,-0.025593,318.529999,10190.000000
988.000000,310.509094,0.604126,0.107281,0.922119,0.613281,0.801375,0.110006,1.157888,-0.020379,281.029999,10187.000000
989.000000,327.414001,0.606689,0.108632,0.925903,0.615356,0.804863,0.111121,1.164355,-0.016399,289.929993,10225.000000
990.000000,284.022003,0.609619,0.108028,0.925659,0.620361,0.807751,0.110744,1.173861,-0.011867,250.470001,10357.000000
991.000000,288.394897,0.611694,0.108073,0.929077,0.620728,0.811272,0.110570,1.177387,-0.007420,257.149994,10483.000000
992.000000,282.194916,0.607056,0.105100,0.925171,0.616943,0.807212,0.107661,1.170132,-0.009612,270.799988,10434.000000
993.000000,290.690399,0.603638,0.106273,0.919067,0.613892,0.803971,0.108728,1.154900,-0.013586,254.750000,10244.000000
994.000000,320.017090,0.596680,0.103300,0.915283,0.606323,0.796291,0.106062,1.143498,-0.019270,289.329987,10340.000000
995.000000,320.751770,0.600830,0.108091,0.915527,0.610596,0.798282,0.110733,1.140548,-0.016554,286.679993,10232.000000
996.000000,276.596436,0.601807,0.109030,0.916504,0.611450,0.798303,0.111607,1.146163,-0.011457,258.100006,10028.000000
997.000000,338.905914,0.602539,0.111155,0.914795,0.613892,0.798287,0.114123,1.148287,-0.004946,293.760010,10284.000000
998.000000,330.023651,0.602661,0.112193,0.914795,0.612549,0.797281,0.114847,1.148108,-0.006471,301.790009,10187.000000
999.000000,329.704254,0.606812,0.114147,0.917480,0.617554,0.801019,0.116756,1.152633,-0.007181,266.390015,10584.000000
1000.000000,305.494568,0.609619,0.113440,0.921753,0.619263,0.802672,0.116060,1.158820,-0.008770,303.950012,10476.000000
1001.000000,314.472565,0.611572,0.113497,0.924805,0.620850,0.806593,0.116386,1.164798,-0.007242,266.079987,10468.000000
1002.000000,321.191345,0.612061,0.112633,0.922485,0.621948,0.805321,0.115497,1.157557,-0.010632,292.799988,10374.000000
1003.000000,282.853851,0.607666,0.108952,0.917603,0.616333,0.800755,0.111837,1.148512,-0.020622,289.970001,10358.000000
1004.000000,318.376190,0.609253,0.108581,0.918091,0.618042,0.801048,0.111452,1.144880,-0.020457,269.820007,10347.000000
1005.000000,318.098450,0.611206,0.111424,0.922241,0.619263,0.802315,0.114159,1.150096,-0.014366,257.390015,10403.000000
1006.000000,331.652557,0.613403,0.109703,0.924194,0.621582,0.804459,0.112356,1.142021,-0.016759,282.510010,10415.000000
1007.000000,302.769714,0.613037,0.108323,0.921875,0.621460,0.802800,0.110902,1.146476,-0.016355,262.769989,10300.000000
1008.000000,269.954193,0.615601,0.109560,0.926636,0.623779,0.805436,0.112208,1.148360,-0.016414,253.179993,10504.000000
1009.000000,319.193115,0.616577,0.109081,0.924072,0.623901,0.805282,0.111750,1.148620,-0.018296,287.839996,10532.000000
1010.000000,331.558899,0.617798,0.107384,0.928467,0.624023,0.806429,0.110002,1.147188,-0.024022,285.910004,10554.000000
1011.000000,322.407959,0.617065,0.106662,0.925537,0.623901,0.804058,0.109294,1.141711,-0.024933,311.559998,10282.000000
1012.000000,325.805695,0.617188,0.106110,0.924561,0.623413,0.802057,0.108889,1.139372,-0.027184,272.450012,10389.000000
1013.000000,322.392639,0.613770,0.104592,0.922241,0.619751,0.797989,0.107295,1.130106,-0.028729,290.649994,10451.000000
1014.000000,288.789642,0.611084,0.102604,0.923584,0.619141,0.796947,0.105458,1.128168,-0.023924,285.739990,10674.000000
1015.000000,313.403351,0.614258,0.103726,0.928833,0.621582,0.800970,0.106445,1.139642,-0.016801,261.950012,10448.000000
1016.000000,342.632477,0.613281,0.104509,0.926880,0.620605,0.800855,0.107096,1.136421,-0.019812,288.779999,10507.000000
1017.000000,324.108063,0.613403,0.103505,0.927612,0.620605,0.799884,0.106030,1.129104,-0.023803,275.260010,10538.000000
1018.000000,329.071686,0.614746,0.105459,0.929199,0.623169,0.802440,0.108206,1.135067,-0.015504,286.420013,10681.000000
1019.000000,313.516479,0.612549,0.106782,0.926270,0.619629,0.798540,0.109304,1.136657,-0.015651,262.730011,10382.000000
1020.000000,369.162476,0.604736,0.103417,0.916870,0.612183,0.791348,0.105961,1.117969,-0.027799,339.109985,10683.000000
1021.000000,312.893982,0.602051,0.101109,0.917236,0.609375,0.789074,0.103606,1.114275,-0.030334,273.429993,10526.000000
1022.000000,337.504944,0.601562,0.104376,0.917725,0.609619,0.789710,0.106851,1.124559,-0.019283,291.109985,10208.000000
1023.000000,332.960144,0.604248,0.107509,0.920898,0.611084,0.792665,0.110067,1.127788,-0.015193,287.420013,10507.000000
1024.000000,308.091522,0.604980,0.108339,0.919922,0.611572,0.793501,0.110767,1.128203,-0.017206,290.799988,10501.000000
1025.000000,334.678833,0.598511,0.107413,0.913574,0.607666,0.787996,0.110006,1.121666,-0.019284,299.220001,10481.000000
1026.000000,288.679718,0.602661,0.109609,0.916138,0.609741,0.791999,0.112309,1.119954,-0.017912,282.089996,10599.000000
1027.000000,310.871399,0.604492,0.109872,0.921265,0.612183,0.795178,0.112463,1.131209,-0.010949,276.709991,10631.000000
1028.000000,320.822083,0.605469,0.110183,0.921509,0.614990,0.796745,0.112891,1.140836,-0.003279,287.679993,10520.000000
1029.000000,330.179169,0.606812,0.110764,0.918701,0.616211,0.796177,0.113750,1.133509,-0.004275,281.700012,10492.000000
1030.000000,304.079315,0.602295,0.106717,0.916748,0.612427,0.792437,0.109667,1.124862,-0.012116,267.609985,10479.000000
1031.000000,310.047241,0.601807,0.105453,0.917725,0.611328,0.793315,0.108424,1.125126,-0.014357,269.480011,10639.000000
1032.000000,319.294983,0.601685,0.106815,0.918335,0.611938,0.792957,0.110130,1.125594,-0.013366,275.170013,10559.000000
1033.000000,289.797485,0.602661,0.109024,0.918457,0.611816,0.795163,0.111964,1.121557,-0.014052,277.230011,10535.000000
1034.000000,320.933258,0.601440,0.107822,0.917114,0.611206,0.793466,0.110764,1.119182,-0.017829,292.230011,10489.000000
1035.000000,292.442230,0.602295,0.107435,0.918823,0.610474,0.794888,0.110227,1.119890,-0.019068,308.390015,10549.000000
1036.000000,326.450256,0.601807,0.110004,0.918579,0.610229,0.795825,0.112735,1.125736,-0.017391,286.600006,10603.000000
1037.000000,356.218353,0.604370,0.108909,0.920898,0.612183,0.797702,0.111603,1.126966,-0.017474,311.220001,10700.000000
1038.000000,290.079163,0.605957,0.108489,0.925171,0.613647,0.800858,0.111246,1.135264,-0.018180,260.440002,10718.000000
1039.000000,308.751038,0.607422,0.111536,0.925293,0.614014,0.802289,0.113980,1.141083,-0.013417,282.290009,10734.000000
1040.000000,336.802307,0.606323,0.110591,0.923950,0.613525,0.802064,0.112978,1.137116,-0.018071,297.489990,10381.000000
1041.000000,320.350281,0.606812,0.107851,0.923706,0.613525,0.801415,0.110101,1.135085,-0.023115,298.010010,10504.000000
1042.000000,304.625366,0.609863,0.107809,0.927490,0.616821,0.803816,0.110225,1.138477,-0.019506,272.859985,10427.000000
1043.000000,332.855682,0.612671,0.107859,0.928711,0.619141,0.806419,0.110267,1.138743,-0.017265,307.989990,10424.000000
1044.000000,371.212158,0.614380,0.108057,0.929688,0.620728,0.808746,0.110329,1.142935,-0.015097,317.339996,10661.000000
1045.000000,328.594086,0.610107,0.107385,0.925781,0.617188,0.806532,0.109664,1.136992,-0.016093,281.670013,10487.000000
1046.000000,357.241547,0.605713,0.106097,0.921875,0.611816,0.801799,0.108421,1.126372,-0.020995,287.959991,10516.000000
1047.000000,303.479065,0.601440,0.103696,0.921753,0.607422,0.798636,0.106070,1.116612,-0.022670,288.809998,10467.000000
1048.000000,360.063293,0.606689,0.104616,0.926270,0.612915,0.802320,0.107197,1.121629,-0.014453,324.019989,10533.000000
1049.000000,339.718903,0.605103,0.107853,0.920532,0.611694,0.799616,0.110539,1.119635,-0.012293,283.290009,10597.000000
1050.000000,307.627441,0.603149,0.105827,0.917969,0.610596,0.797028,0.108503,1.114470,-0.018357,287.410004,10636.000000
1051.000000,324.748138,0.600098,0.106321,0.918091,0.607788,0.794893,0.109188,1.117787,-0.024698,283.350006,10726.000000
1052.000000,367.880280,0.602051,0.108209,0.922729,0.609619,0.798501,0.111038,1.127364,-0.018648,285.679993,10449.000000
1053.000000,330.753845,0.603882,0.108126,0.924194,0.612305,0.800200,0.111127,1.133113,-0.012628,342.290009,10549.000000
1054.000000,333.690948,0.606812,0.109575,0.924072,0.615601,0.804155,0.112551,1.145963,-0.005798,299.380005,10736.000000
1055.000000,319.254242,0.607178,0.110204,0.924561,0.617676,0.805615,0.113387,1.147285,-0.006637,302.750000,10536.000000
1056.000000,313.478729,0.602417,0.108058,0.918579,0.613037,0.801436,0.111036,1.140423,-0.017175,258.380005,10375.000000
1057.000000,305.857269,0.597656,0.106681,0.915527,0.607300,0.796811,0.109494,1.128901,-0.025983,281.980011,10512.000000
1058.000000,304.628632,0.600342,0.106634,0.920166,0.609863,0.800234,0.109554,1.129425,-0.026305,257.410004,10490.000000
1059.000000,298.125671,0.602295,0.108754,0.921021,0.611084,0.802165,0.111459,1.138949,-0.015615,249.309998,10499.000000
1060.000000,354.402588,0.600830,0.110721,0.919067,0.610718,0.800964,0.113712,1.131114,-0.012270,297.910004,10472.000000
1061.000000,338.446075,0.602295,0.109399,0.920898,0.612183,0.802206,0.112248,1.129758,-0.012951,278.399994,10594.000000
1062.000000,305.320007,0.603516,0.110438,0.920776,0.614502,0.802712,0.113379,1.133528,-0.012547,286.089996,10843.000000
1063.000000,345.169495,0.606567,0.111706,0.923340,0.615601,0.804790,0.114438,1.134108,-0.010432,275.359985,10520.000000
1064.000000,323.859100,0.606445,0.109378,0.922729,0.615845,0.804969,0.112108,1.124197,-0.017886,271.970001,10460.000000
1065.000000,353.678894,0.604248,0.107677,0.921021,0.613770,0.801725,0.110469,1.121080,-0.022172,292.980011,10792.000000
1066.000000,299.551849,0.603271,0.108405,0.920410,0.613892,0.800705,0.111217,1.121614,-0.018829,274.589996,10460.000000
1067.000000,337.897003,0.602905,0.110209,0.917114,0.612183,0.798312,0.112920,1.111606,-0.021692,311.470001,10874.000000
1068.000000,300.192505,0.602783,0.109598,0.916626,0.612305,0.798515,0.112327,1.110228,-0.017699,288.940002,10596.000000
1069.000000,357.174316,0.605225,0.111248,0.921997,0.614746,0.801830,0.114102,1.117610,-0.011561,311.220001,10693.000000
1070.000000,306.914185,0.610840,0.113136,0.924683,0.620972,0.805778,0.116029,1.123245,-0.004951,287.489990,10640.000000
1071.000000,317.407867,0.609375,0.111056,0.921143,0.619873,0.803382,0.114068,1.117001,-0.010914,310.910004,10617.000000
1072.000000,348.856567,0.607666,0.108995,0.917847,0.618164,0.801590,0.112089,1.118799,-0.014898,337.410004,10594.000000
1073.000000,374.229126,0.609863,0.109294,0.920166,0.619385,0.802934,0.112152,1.116882,-0.015491,347.000000,10700.000000
1074.000000,338.830139,0.609009,0.108506,0.920288,0.619873,0.801642,0.111468,1.120368,-0.012902,297.450012,10590.000000
1075.000000,295.294037,0.606323,0.108382,0.918091,0.616333,0.798482,0.111449,1.116734,-0.010931,257.010010,10837.000000
1076.000000,343.869904,0.606079,0.109038,0.918335,0.616211,0.797522,0.112016,1.117851,-0.009191,314.869995,10541.000000
1077.000000,331.608643,0.604126,0.107612,0.913574,0.614258,0.795028,0.110837,1.113552,-0.015754,281.059998,10773.000000
1078.000000,321.669647,0.607910,0.107627,0.918823,0.617920,0.798070,0.110911,1.113079,-0.017208,280.760010,10750.000000
1079.000000,298.753632,0.610596,0.109106,0.920166,0.620361,0.798980,0.112659,1.117846,-0.014440,276.420013,10797.000000
1080.000000,301.589386,0.609253,0.108691,0.918945,0.618530,0.797247,0.112069,1.115876,-0.015148,257.950012,10570.000000
1081.000000,353.669708,0.612305,0.109723,0.920898,0.621216,0.798485,0.112837,1.118158,-0.015156,326.720001,10722.000000
1082.000000,368.071899,0.611938,0.108663,0.922729,0.621704,0.797611,0.111831,1.126170,-0.011577,340.799988,10470.000000
1083.000000,328.960785,0.614014,0.110482,0.921875,0.622314,0.799091,0.113389,1.125442,-0.010052,309.149994,10464.000000
1084.000000,370.254272,0.611572,0.107430,0.922607,0.620239,0.796971,0.110466,1.116192,-0.013792,319.399994,10396.000000
1085.000000,307.705200,0.609985,0.107860,0.917603,0.618408,0.794045,0.110987,1.111762,-0.014385,339.980011,10465.000000
1086.000000,322.183411,0.607300,0.105886,0.915771,0.616089,0.791181,0.109201,1.107584,-0.016188,289.600006,10452.000000
1087.000000,287.567322,0.609619,0.108413,0.917236,0.618530,0.792074,0.111733,1.104009,-0.011845,285.000000,10714.000000
1088.000000,338.078949,0.613037,0.109179,0.919556,0.621582,0.793838,0.112269,1.106767,-0.009566,285.239990,10470.000000
1089.000000,289.074127,0.615601,0.110543,0.922607,0.624146,0.797438,0.113677,1.115721,-0.004087,270.230011,10404.000000
1090.000000,318.904816,0.617065,0.111694,0.923218,0.624878,0.798134,0.114473,1.119532,-0.003534,286.519989,10433.000000
1091.000000,359.012878,0.617065,0.108803,0.922363,0.624878,0.798116,0.111667,1.116847,-0.004250,312.660004,10458.000000
1092.000000,313.291077,0.618408,0.107593,0.926270,0.625244,0.799280,0.110523,1.119303,-0.003378,269.880005,10232.000000
1093.000000,302.045868,0.618164,0.107193,0.925659,0.625610,0.800222,0.110180,1.122228,0.001588,262.970001,10348.000000
1094.000000,290.937683,0.613159,0.106760,0.919922,0.620972,0.795310,0.109789,1.104894,-0.002761,257.209991,10539.000000
1095.000000,329.805023,0.614380,0.106947,0.919434,0.622192,0.795182,0.109992,1.100317,-0.005235,292.579987,10312.000000
1096.000000,321.712738,0.615967,0.109374,0.923584,0.622681,0.795877,0.112405,1.105990,-0.002819,290.350006,10559.000000
1097.000000,330.894226,0.618408,0.111506,0.922363,0.625977,0.798607,0.114694,1.108624,0.002491,293.950012,10639.000000
1098.000000,306.345825,0.620239,0.110224,0.924805,0.626831,0.800124,0.113159,1.108757,0.001114,290.600006,10748.000000
1099.000000,278.058136,0.622192,0.110978,0.925171,0.628052,0.802094,0.113647,1.113207,0.004970,269.399994,10354.000000
1100.000000,292.376434,0.618042,0.110875,0.921875,0.623657,0.799027,0.113293,1.109741,0.002877,268.670013,10424.000000
1101.000000,301.365570,0.616943,0.110848,0.919556,0.623657,0.797893,0.113394,1.102773,0.001565,247.820007,10444.000000
1102.000000,292.037781,0.616577,0.110385,0.921265,0.623535,0.799175,0.113045,1.110327,0.002785,307.679993,10686.000000
1103.000000,321.991180,0.619263,0.112363,0.924438,0.625244,0.802794,0.115039,1.112852,0.005517,315.730011,10514.000000
1104.000000,307.310059,0.616821,0.109193,0.922729,0.622559,0.800980,0.111947,1.116132,0.005323,284.029999,10377.000000
1105.000000,307.011780,0.617920,0.110047,0.926147,0.623779,0.802947,0.112720,1.118155,0.003976,284.980011,10610.000000
1106.000000,294.274750,0.618286,0.110228,0.922974,0.625000,0.803184,0.112787,1.115727,-0.001859,283.260010,10540.000000
1107.000000,306.490021,0.619629,0.110602,0.924927,0.624390,0.804173,0.113050,1.121119,-0.004118,278.910004,10507.000000
1108.000000,354.409607,0.620605,0.111591,0.926514,0.625244,0.805735,0.114057,1.119865,-0.003844,303.859985,10483.000000
1109.000000,297.934906,0.623291,0.113663,0.926880,0.627197,0.807809,0.116040,1.123809,0.002259,308.640015,10553.000000
1110.000000,325.125793,0.627075,0.115293,0.930542,0.631348,0.811169,0.117517,1.128230,0.005591,293.480011,10635.000000
1111.000000,344.774628,0.625122,0.115053,0.927490,0.630371,0.808259,0.117402,1.129017,0.006429,297.160004,10485.000000
1112.000000,297.196716,0.626343,0.113294,0.928833,0.630859,0.809617,0.115403,1.125444,-0.000791,281.500000,10686.000000
1113.000000,321.797546,0.625244,0.111487,0.928833,0.630005,0.809103,0.113511,1.129286,-0.001013,282.660004,10551.000000
1114.000000,361.009552,0.624878,0.111133,0.928711,0.630127,0.809254,0.113193,1.128535,-0.004392,297.380005,10576.000000
1115.000000,311.651886,0.622803,0.108813,0.924927,0.628540,0.805950,0.111046,1.121367,-0.009165,272.149994,10583.000000
1116.000000,306.086975,0.622314,0.109637,0.923828,0.628418,0.806042,0.111868,1.122867,-0.008230,273.750000,10491.000000
1117.000000,330.413147,0.623657,0.111157,0.923340,0.630127,0.805401,0.113560,1.122528,-0.004012,288.190002,10614.000000
1118.000000,318.615906,0.621826,0.109025,0.924316,0.627319,0.804228,0.111417,1.128315,-0.003062,276.190002,10732.000000
1119.000000,327.117096,0.624634,0.109217,0.926270,0.630737,0.806157,0.111819,1.128429,-0.001936,281.250000,10756.000000
1120.000000,312.047058,0.626221,0.110133,0.926270,0.632690,0.806633,0.112735,1.132203,0.002131,284.630005,10788.000000
1121.000000,286.725861,0.624390,0.108100,0.927734,0.630493,0.806030,0.110689,1.134325,0.001033,297.119995,10440.000000
1122.000000,306.483643,0.627563,0.110749,0.928589,0.633911,0.809601,0.113100,1.141803,0.004415,287.089996,10545.000000
1123.000000,321.751526,0.627319,0.112630,0.927002,0.632812,0.809491,0.114795,1.140934,0.007378,270.010010,10489.000000
1124.000000,323.298004,0.620117,0.109216,0.921021,0.625610,0.803209,0.111179,1.130011,-0.002624,294.859985,10293.000000
1125.000000,365.335785,0.619507,0.107391,0.919678,0.626465,0.800514,0.109612,1.120922,-0.009329,309.619995,10512.000000
1126.000000,300.970795,0.617432,0.107505,0.923828,0.624390,0.800607,0.109676,1.124476,-0.002426,296.769989,10816.000000
1127.000000,317.846985,0.616333,0.111863,0.918579,0.623535,0.799148,0.114363,1.114152,0.001505,304.660004,10580.000000
1128.000000,275.825623,0.619629,0.111114,0.917480,0.626831,0.800339,0.113546,1.108120,0.000097,282.549988,10516.000000
1129.000000,334.160370,0.618774,0.109529,0.921753,0.627441,0.800200,0.112104,1.113534,0.001972,284.480011,10486.000000
1130.000000,300.308502,0.619141,0.110172,0.920044,0.627808,0.799711,0.112825,1.112698,0.005799,297.989990,10500.000000
1131.000000,308.075073,0.617798,0.108572,0.918457,0.627319,0.798779,0.111322,1.109916,0.008615,279.450012,10357.000000
1132.000000,334.653229,0.617554,0.109480,0.919434,0.627075,0.798774,0.112320,1.108329,0.004880,275.109985,10610.000000
1133.000000,317.711029,0.616211,0.109706,0.919556,0.626343,0.797727,0.112499,1.110861,0.003376,266.200012,10300.000000
1134.000000,356.810120,0.614868,0.109567,0.917847,0.625488,0.796374,0.112366,1.108490,-0.000308,286.029999,10460.000000
1135.000000,307.642944,0.616455,0.111311,0.918457,0.626221,0.797105,0.113973,1.101114,0.000057,287.299988,10405.000000
1136.000000,281.490082,0.618896,0.113194,0.921265,0.629272,0.799342,0.115857,1.103195,0.005002,283.600006,10619.000000
1137.000000,289.132019,0.618042,0.112744,0.919922,0.628052,0.798581,0.115247,1.106234,0.006050,262.670013,10528.000000
1138.000000,321.708374,0.617065,0.111936,0.915771,0.627808,0.795971,0.114551,1.097491,0.000540,289.440002,10580.000000
1139.000000,301.522766,0.616943,0.112197,0.914673,0.627563,0.794373,0.114895,1.089669,-0.001876,262.790009,10509.000000
1140.000000,308.743500,0.616943,0.113508,0.916748,0.626709,0.793444,0.116121,1.093905,-0.001490,249.559998,10387.000000
1141.000000,308.969971,0.619995,0.114443,0.918945,0.630493,0.796298,0.116871,1.093334,-0.001690,256.779999,10374.000000
1142.000000,297.067566,0.618896,0.114898,0.918335,0.628662,0.795296,0.117278,1.087933,-0.001130,248.190002,10414.000000
1143.000000,295.896545,0.619263,0.114221,0.915039,0.628784,0.794787,0.116510,1.078641,-0.004777,290.019989,10676.000000
1144.000000,304.043243,0.622925,0.114759,0.918457,0.630859,0.797293,0.116762,1.079889,-0.001633,269.059998,10612.000000
1145.000000,328.658691,0.626831,0.115692,0.923828,0.634644,0.800532,0.117653,1.084150,-0.000103,324.339996,10369.000000
1146.000000,315.093658,0.625732,0.114415,0.922485,0.634277,0.798979,0.116382,1.088729,0.003278,283.739990,10480.000000
1147.000000,302.740448,0.623169,0.113746,0.915771,0.632080,0.794264,0.115804,1.075961,-0.000980,264.160004,10694.000000
1148.000000,350.634857,0.624390,0.114590,0.917236,0.633423,0.794412,0.116664,1.067751,-0.002780,346.000000,10694.000000
1149.000000,332.345520,0.625000,0.113950,0.919678,0.634766,0.795750,0.116190,1.077565,-0.000818,284.959991,10590.000000
1150.000000,301.363068,0.623779,0.114541,0.917480,0.632690,0.792678,0.116701,1.074623,-0.000306,272.850006,10579.000000
1151.000000,343.833801,0.621216,0.112929,0.912720,0.630615,0.789756,0.115330,1.065901,-0.002852,314.769989,10562.000000
1152.000000,250.997101,0.618896,0.112292,0.912842,0.628662,0.787896,0.114814,1.067044,-0.005308,271.720001,10508.000000
1153.000000,286.914978,0.620117,0.115094,0.916870,0.628662,0.790273,0.117428,1.079076,-0.001649,261.350006,10614.000000
1154.000000,323.998993,0.621826,0.117116,0.918213,0.631348,0.792677,0.119454,1.089007,0.003473,283.269989,10558.000000
1155.000000,320.873505,0.625488,0.120181,0.921021,0.635742,0.797044,0.122560,1.095013,0.007743,296.380005,10566.000000
1156.000000,308.136444,0.625488,0.117863,0.919189,0.635864,0.796671,0.120555,1.094507,0.005674,278.750000,10552.000000
1157.000000,335.861694,0.623901,0.115376,0.915039,0.636230,0.794077,0.118154,1.093894,0.001082,302.750000,10253.000000
1158.000000,287.978027,0.626587,0.115782,0.916016,0.639160,0.795083,0.118778,1.085970,-0.002492,256.230011,10606.000000
1159.000000,283.219574,0.628052,0.114748,0.919189,0.640015,0.796464,0.117752,1.088817,-0.000781,276.380005,10356.000000
1160.000000,298.499023,0.626831,0.115075,0.919189,0.638428,0.794553,0.118150,1.086131,-0.000175,276.809998,10444.000000
1161.000000,289.514008,0.623169,0.114232,0.914429,0.635986,0.790478,0.117455,1.079744,-0.001724,257.880005,10693.000000
1162.000000,340.109192,0.620117,0.111441,0.909302,0.634399,0.785180,0.114904,1.073344,-0.004215,301.839996,10785.000000
1163.000000,302.296265,0.619995,0.111308,0.910767,0.634399,0.784509,0.114884,1.071692,-0.004695,280.959991,10660.000000
1164.000000,308.816711,0.619141,0.112989,0.911377,0.633789,0.783022,0.116486,1.078196,-0.000248,285.950012,10623.000000
1165.000000,286.813293,0.621216,0.114032,0.912231,0.636108,0.783447,0.117591,1.080051,0.003804,276.410004,10546.000000
1166.000000,310.083099,0.621216,0.116180,0.910767,0.635742,0.782777,0.119623,1.076740,0.004087,270.260010,10632.000000
1167.000000,300.824158,0.622803,0.117269,0.912476,0.637451,0.784589,0.120406,1.079804,0.000680,267.339996,10754.000000
1168.000000,313.406067,0.621826,0.115852,0.913574,0.636841,0.783478,0.118992,1.079247,-0.003438,264.500000,10402.000000
1169.000000,349.553711,0.620117,0.115645,0.908569,0.634155,0.779882,0.118715,1.072202,-0.007659,310.390015,10642.000000
1170.000000,283.753326,0.620728,0.115786,0.909058,0.634155,0.779999,0.118821,1.065335,-0.006778,267.230011,10269.000000
1171.000000,333.581085,0.623169,0.117496,0.912476,0.637329,0.781720,0.120518,1.069950,-0.000403,273.220001,10521.000000
1172.000000,332.744324,0.627930,0.120591,0.915527,0.641113,0.783196,0.123795,1.069842,0.007223,283.850006,10394.000000
1173.000000,279.297974,0.629150,0.118315,0.920410,0.642578,0.784466,0.121661,1.067983,0.003493,262.600006,10473.000000
1174.000000,311.434937,0.627686,0.116609,0.917114,0.641602,0.782813,0.120185,1.061381,0.002285,278.440002,10495.000000
1175.000000,281.715210,0.627319,0.114615,0.915771,0.641235,0.781489,0.118327,1.053093,-0.002126,277.920013,10166.000000
1176.000000,326.849304,0.625244,0.113554,0.913330,0.638062,0.777908,0.117111,1.049481,-0.002617,301.480011,10499.000000
1177.000000,336.106934,0.627197,0.112660,0.916016,0.640869,0.779194,0.116374,1.050969,-0.004304,295.390015,10541.000000
1178.000000,299.130371,0.624146,0.113141,0.911499,0.637207,0.776270,0.116813,1.040179,-0.005863,273.450012,10543.000000
1179.000000,288.500031,0.621460,0.111231,0.909912,0.634155,0.772796,0.114894,1.027809,-0.011934,286.559998,10648.000000
1180.000000,277.372437,0.621948,0.113270,0.911133,0.634766,0.772928,0.116766,1.032746,-0.005725,283.940002,10514.000000
1181.000000,333.385986,0.629395,0.116512,0.916260,0.642212,0.779970,0.120081,1.045130,0.000153,272.769989,10731.000000
1182.000000,282.445587,0.628784,0.117186,0.916626,0.640259,0.778980,0.120644,1.049014,-0.002031,281.769989,10456.000000
1183.000000,310.733246,0.630859,0.115456,0.915161,0.641724,0.778853,0.119070,1.045405,-0.008248,280.130005,10243.000000
1184.000000,292.015930,0.627319,0.112460,0.913574,0.638428,0.775645,0.115866,1.042462,-0.013473,279.750000,10678.000000
1185.000000,285.552032,0.631348,0.116084,0.918701,0.642212,0.779270,0.119543,1.047101,-0.004606,272.350006,10602.000000
1186.000000,259.640808,0.633911,0.116135,0.919922,0.645630,0.781674,0.119508,1.053631,0.000015,259.029999,10260.000000
1187.000000,347.205383,0.640381,0.116103,0.926025,0.651123,0.786883,0.119534,1.055201,-0.000521,328.959991,10579.000000
1188.000000,280.184204,0.638184,0.114074,0.921997,0.647461,0.784890,0.117315,1.055034,-0.005067,274.910004,10484.000000
1189.000000,293.965820,0.638794,0.112632,0.922852,0.647705,0.784827,0.115771,1.047664,-0.014343,294.200012,10543.000000
1190.000000,270.812225,0.634277,0.108408,0.920166,0.643799,0.780488,0.111555,1.037417,-0.015800,250.339996,10508.000000
1191.000000,271.546417,0.635620,0.110325,0.919556,0.646973,0.780605,0.113666,1.028721,-0.011869,261.769989,10637.000000
1192.000000,280.710785,0.633667,0.109998,0.918579,0.642944,0.776574,0.113711,1.025159,-0.011536,268.170013,10572.000000
1193.000000,308.555206,0.631714,0.108261,0.919678,0.640503,0.775288,0.111782,1.026207,-0.011269,288.779999,10463.000000
1194.000000,280.455444,0.631104,0.108446,0.918091,0.640381,0.774619,0.111860,1.037041,-0.010475,264.940002,10586.000000
1195.000000,285.801361,0.632202,0.109465,0.917725,0.641846,0.775063,0.112811,1.044046,-0.008380,271.829987,10553.000000
1196.000000,297.742035,0.631958,0.111259,0.916504,0.641602,0.772924,0.114539,1.039830,-0.005407,271.559998,10417.000000
1197.000000,286.649078,0.629517,0.110066,0.913696,0.638672,0.770103,0.113371,1.028994,-0.008075,273.010010,10394.000000
1198.000000,286.987213,0.634644,0.111551,0.921997,0.644043,0.774486,0.114942,1.033372,0.001678,262.140015,10476.000000
1199.000000,273.955963,0.633911,0.113294,0.919189,0.644043,0.774205,0.117066,1.035692,0.005290,276.799988,10510.000000
1200.000000,275.401428,0.631714,0.110502,0.916138,0.640869,0.773089,0.113951,1.031131,-0.001905,269.309998,10451.000000
1201.000000,288.902313,0.630737,0.108633,0.916260,0.641113,0.771244,0.112412,1.029552,-0.005963,281.470001,10484.000000
1202.000000,277.108704,0.627686,0.108274,0.909790,0.639038,0.768413,0.112023,1.024313,-0.005950,285.010010,10166.000000
1203.000000,279.916779,0.630859,0.109282,0.915527,0.641724,0.770604,0.113068,1.031868,0.000171,276.720001,10677.000000
1204.000000,258.078674,0.632690,0.112093,0.917603,0.643311,0.772658,0.115690,1.034074,0.003754,255.429993,10402.000000
1205.000000,286.219025,0.629395,0.111104,0.911621,0.642334,0.769711,0.114877,1.027771,-0.000659,258.600006,10345.000000
1206.000000,310.997925,0.627563,0.110208,0.909058,0.638672,0.766949,0.113829,1.020889,-0.007701,282.649994,10237.000000
1207.000000,278.130310,0.628174,0.110529,0.912476,0.640747,0.768423,0.114259,1.028679,-0.001687,283.940002,10471.000000
1208.000000,259.243042,0.634521,0.114265,0.917847,0.646851,0.774772,0.118075,1.042994,0.008435,252.649994,10204.000000
1209.000000,303.407257,0.637817,0.115945,0.917114,0.648560,0.776848,0.119615,1.050340,0.009135,264.750000,10449.000000
1210.000000,259.728119,0.636353,0.113542,0.916992,0.646729,0.776492,0.116954,1.047137,0.000148,255.770004,10152.000000
1211.000000,314.027802,0.633301,0.112943,0.914795,0.643188,0.774518,0.116386,1.043756,0.001607,289.899994,10515.000000
1212.000000,294.969879,0.630371,0.112525,0.910400,0.640991,0.771174,0.116166,1.044125,-0.000602,303.600006,10248.000000
1213.000000,295.833832,0.634888,0.113951,0.916382,0.644775,0.775590,0.117576,1.049265,-0.000884,270.309998,10350.000000
1214.000000,292.893982,0.638672,0.115794,0.919922,0.647827,0.780357,0.119116,1.063778,0.004899,288.019989,10590.000000
1215.000000,298.484741,0.639893,0.116721,0.920166,0.649292,0.782424,0.119985,1.072316,0.003683,294.660004,10274.000000
1216.000000,317.574280,0.639526,0.114579,0.918335,0.648804,0.781972,0.117717,1.070392,0.001513,302.630005,10248.000000
1217.000000,282.144836,0.636230,0.110917,0.917603,0.645508,0.778944,0.114050,1.061816,-0.003357,250.559998,10102.000000
1218.000000,286.502380,0.640869,0.113178,0.922241,0.651001,0.783804,0.116547,1.068253,0.002607,276.070007,10391.000000
1219.000000,303.412811,0.638916,0.111579,0.922729,0.648071,0.783092,0.114794,1.073903,0.004281,284.359985,10071.000000
1220.000000,297.084625,0.639282,0.112146,0.921875,0.648193,0.785406,0.115108,1.074615,0.001740,281.880005,10465.000000
1221.000000,290.935791,0.640137,0.109278,0.921509,0.649780,0.784762,0.112443,1.077774,0.001970,269.309998,10134.000000
1222.000000,322.890137,0.638184,0.108583,0.918579,0.647095,0.782768,0.111451,1.078315,-0.000598,314.709991,10295.000000
1223.000000,290.126373,0.636475,0.108806,0.916504,0.645630,0.780652,0.111767,1.073309,-0.002587,277.880005,10397.000000
1224.000000,322.824707,0.633057,0.105021,0.915161,0.642090,0.777216,0.107952,1.067530,-0.004962,273.510010,10463.000000
1225.000000,307.509430,0.634644,0.106818,0.921021,0.644043,0.780562,0.109703,1.082665,0.000180,269.269989,10546.000000
1226.000000,279.721313,0.638306,0.109827,0.921875,0.647217,0.783251,0.112757,1.089574,0.006911,267.720001,10393.000000
1227.000000,303.308167,0.635742,0.108257,0.917603,0.644653,0.782281,0.111324,1.085701,0.005715,251.559998,10528.000000
1228.000000,295.378693,0.632690,0.105603,0.917236,0.640259,0.779758,0.108733,1.083263,0.000188,270.700012,10334.000000
1229.000000,317.650818,0.632324,0.106614,0.919189,0.640381,0.780730,0.109667,1.085433,0.002506,291.690002,10244.000000
1230.000000,302.185303,0.632568,0.107212,0.920166,0.640259,0.781669,0.110095,1.087404,0.004890,281.320007,10236.000000
1231.000000,260.864014,0.635986,0.109437,0.921509,0.643677,0.785105,0.112147,1.091134,0.009465,270.859985,10151.000000
1232.000000,303.760284,0.634155,0.111036,0.918945,0.640625,0.785228,0.113719,1.090180,0.008444,282.679993,10534.000000
1233.000000,294.505035,0.633789,0.110706,0.916016,0.641602,0.784104,0.113683,1.079889,0.005351,299.829987,10456.000000
1234.000000,328.751831,0.635864,0.111595,0.919556,0.642822,0.785367,0.114395,1.079734,0.009226,312.309998,10280.000000
1235.000000,287.851379,0.638550,0.111478,0.923584,0.644409,0.788222,0.114529,1.084738,0.010794,259.980011,10269.000000
1236.000000,316.845001,0.639771,0.112313,0.922852,0.646362,0.788822,0.115149,1.084976,0.011988,293.040009,10133.000000
1237.000000,324.421448,0.639526,0.110912,0.923340,0.646362,0.789456,0.113595,1.083731,0.008377,273.859985,10105.000000
1238.000000,299.668518,0.638794,0.109222,0.923340,0.645264,0.788682,0.111896,1.086339,0.007608,276.480011,10290.000000
1239.000000,317.739166,0.640503,0.112181,0.922852,0.646484,0.788819,0.115070,1.081850,0.011132,288.820007,9978.000000
1240.000000,335.409332,0.642944,0.111070,0.925171,0.649414,0.790018,0.114281,1.079678,0.013909,288.269989,9990.000000
1241.000000,344.151794,0.642212,0.110628,0.924805,0.647949,0.789548,0.113621,1.082434,0.013148,291.679993,10103.000000
1242.000000,310.140381,0.640991,0.110177,0.921509,0.646973,0.785658,0.112992,1.073282,0.008230,272.200012,10053.000000
1243.000000,341.936951,0.636963,0.106337,0.916626,0.643066,0.779675,0.109186,1.062393,-0.000568,326.350006,9983.000000
1244.000000,282.493103,0.637817,0.108028,0.919678,0.644409,0.780801,0.110612,1.066931,0.002324,277.989990,9968.000000
1245.000000,304.066742,0.638306,0.111387,0.917969,0.645508,0.781777,0.113945,1.074111,0.008531,265.519989,10156.000000
1246.000000,308.637878,0.639648,0.109609,0.922241,0.646851,0.782714,0.112106,1.081905,0.013390,274.500000,9896.000000
1247.000000,313.343140,0.643799,0.112761,0.927979,0.650879,0.788187,0.115430,1.091628,0.017511,289.540009,9982.000000
1248.000000,301.523346,0.648804,0.115016,0.931274,0.654785,0.792093,0.117671,1.096949,0.020569,266.690002,9940.000000
1249.000000,297.646545,0.645264,0.113059,0.926392,0.651733,0.788871,0.115771,1.094017,0.017846,257.019989,10063.000000
1250.000000,278.086792,0.640137,0.110074,0.920898,0.646851,0.785000,0.112864,1.078643,0.006073,285.299988,10055.000000
1251.000000,304.110016,0.641479,0.109210,0.925171,0.647705,0.787124,0.111911,1.085470,0.003737,277.920013,10091.000000
1252.000000,345.885101,0.640869,0.109308,0.926392,0.648438,0.787593,0.112130,1.095203,0.009746,312.730011,10186.000000
1253.000000,303.334503,0.639038,0.107662,0.926270,0.645996,0.786707,0.110550,1.092633,0.011030,289.450012,9886.000000
1254.000000,320.070496,0.636719,0.105804,0.923462,0.643066,0.784072,0.108789,1.084556,0.006328,270.720001,9858.000000
1255.000000,311.122192,0.637817,0.108669,0.923584,0.644775,0.784636,0.111791,1.078950,0.011278,291.450012,10131.000000
1256.000000,297.720093,0.635742,0.111183,0.919556,0.642334,0.783080,0.114101,1.075133,0.007324,275.779999,9995.000000
1257.000000,276.850250,0.631958,0.112056,0.915161,0.637939,0.780018,0.114770,1.075356,0.004058,263.700012,10115.000000
1258.000000,267.394165,0.630859,0.110507,0.917480,0.638184,0.779480,0.113397,1.078696,-0.002126,244.270004,10071.000000
1259.000000,321.916534,0.628418,0.111158,0.915649,0.636230,0.778329,0.113893,1.083994,0.000521,268.690002,10123.000000
1260.000000,281.373291,0.630859,0.113926,0.917480,0.637817,0.781721,0.116481,1.085275,0.003620,262.910004,10150.000000
1261.000000,303.371948,0.633423,0.115647,0.920898,0.639160,0.785598,0.118226,1.097003,0.006645,288.089996,10129.000000
1262.000000,269.090027,0.637207,0.116952,0.923950,0.643555,0.790745,0.119433,1.111641,0.010822,261.890015,10246.000000
1263.000000,306.936951,0.639404,0.117159,0.925049,0.645752,0.793522,0.119700,1.117316,0.014023,276.339996,10083.000000
1264.000000,320.430267,0.638550,0.114872,0.924438,0.644165,0.793453,0.117330,1.113218,0.008166,282.320007,10274.000000
1265.000000,295.771149,0.639526,0.115147,0.924805,0.645142,0.794416,0.117631,1.113411,0.005086,273.369995,10138.000000
1266.000000,325.445709,0.642212,0.116203,0.927490,0.647949,0.796260,0.118719,1.121184,0.011185,243.639999,9827.000000
1267.000000,315.802338,0.644287,0.114846,0.928467,0.649292,0.799422,0.117240,1.123652,0.004063,261.420013,10010.000000
1268.000000,292.582947,0.645264,0.114024,0.928589,0.650513,0.800106,0.116203,1.124575,0.003730,274.290009,10045.000000
1269.000000,295.666504,0.644287,0.113665,0.926880,0.649170,0.799227,0.115889,1.119317,-0.001982,252.550003,10173.000000
1270.000000,288.831177,0.643677,0.113100,0.926636,0.648438,0.799304,0.115340,1.120789,-0.002411,261.119995,9923.000000
1271.000000,315.143005,0.642822,0.113874,0.925537,0.648193,0.797867,0.116417,1.120201,-0.002866,268.470001,10137.000000
1272.000000,317.595245,0.640503,0.112815,0.921753,0.645752,0.793880,0.115358,1.118616,-0.002074,270.640015,10144.000000
1273.000000,305.863281,0.639893,0.115883,0.922241,0.645386,0.794832,0.118573,1.118322,0.000142,268.619995,10047.000000
1274.000000,309.073578,0.641479,0.117154,0.921875,0.647461,0.796102,0.119915,1.122711,0.001790,266.709991,10067.000000
1275.000000,320.467682,0.644653,0.117875,0.923950,0.650635,0.799275,0.120456,1.131754,0.001562,282.200012,9992.000000
1276.000000,313.616089,0.643921,0.116795,0.922119,0.648926,0.798232,0.119217,1.131813,0.001145,279.410004,10088.000000
1277.000000,281.236511,0.644165,0.116173,0.924316,0.649292,0.799181,0.118545,1.134817,0.000308,272.709991,10136.000000
1278.000000,281.718140,0.647095,0.118504,0.926636,0.653320,0.802242,0.121014,1.143744,0.007059,261.859985,9942.000000
1279.000000,303.030121,0.647583,0.118683,0.926514,0.653198,0.801169,0.121057,1.142344,0.006446,275.109985,10222.000000
1280.000000,305.390533,0.645142,0.116461,0.919434,0.651245,0.797460,0.118882,1.132257,0.002176,263.829987,10157.000000
1281.000000,313.212769,0.644409,0.115487,0.919312,0.650269,0.795140,0.117808,1.128421,0.000347,265.399994,10174.000000
1282.000000,281.808136,0.645386,0.117487,0.921631,0.651733,0.795620,0.119974,1.129726,0.003243,279.299988,10195.000000
1283.000000,305.521729,0.644165,0.118597,0.920288,0.650146,0.795256,0.120972,1.128976,0.005839,274.399994,10111.000000
1284.000000,336.068237,0.642212,0.116929,0.916870,0.649170,0.793112,0.119509,1.125165,0.003974,279.549988,10123.000000
1285.000000,321.433380,0.645752,0.117971,0.920532,0.652832,0.795820,0.120475,1.127429,0.005328,269.690002,10225.000000
1286.000000,316.432098,0.643677,0.116621,0.918213,0.651123,0.793247,0.119222,1.122567,0.001874,273.839996,10106.000000
1287.000000,309.491821,0.642456,0.115005,0.917358,0.649780,0.791403,0.117551,1.113412,-0.001481,263.250000,10130.000000
1288.000000,337.186066,0.641113,0.115099,0.915771,0.648926,0.789155,0.117641,1.105138,-0.002996,290.250000,10233.000000
1289.000000,293.282379,0.642456,0.116214,0.917603,0.650879,0.791176,0.118834,1.114254,0.001131,250.820007,10051.000000
1290.000000,301.009705,0.646118,0.117805,0.921997,0.654053,0.794387,0.120470,1.128268,0.008853,284.679993,10172.000000
1291.000000,327.600159,0.651367,0.120306,0.923950,0.658447,0.798201,0.122972,1.137636,0.007979,299.799988,10306.000000
1292.000000,329.759003,0.648926,0.118717,0.919678,0.655884,0.795452,0.121230,1.130887,-0.001049,280.809998,10266.000000
1293.000000,298.417847,0.646118,0.115484,0.918091,0.653198,0.793396,0.118048,1.128637,-0.008050,258.429993,10305.000000
1294.000000,311.109558,0.643555,0.114146,0.920532,0.649780,0.792363,0.116544,1.125470,-0.011122,297.109985,10383.000000
1295.000000,286.705322,0.646729,0.116389,0.919678,0.653198,0.795936,0.118924,1.130769,-0.005390,257.799988,10290.000000
1296.000000,283.458130,0.648193,0.116103,0.925659,0.655518,0.798348,0.118848,1.138333,-0.002375,268.200012,10478.000000
1297.000000,285.624542,0.645508,0.114566,0.922485,0.652832,0.796330,0.117271,1.141483,-0.005261,263.079987,10423.000000
1298.000000,292.440460,0.645020,0.112487,0.922363,0.652100,0.797088,0.115167,1.136146,-0.012741,247.169998,10270.000000
1299.000000,329.325073,0.640625,0.110928,0.919434,0.647339,0.793275,0.113593,1.132454,-0.008678,268.890015,10320.000000
1300.000000,329.771881,0.640137,0.112681,0.918213,0.647949,0.792716,0.115580,1.128755,-0.006753,277.799988,10070.000000
1301.000000,297.576324,0.642334,0.113717,0.920898,0.649902,0.795648,0.116816,1.129809,-0.003710,266.420013,10469.000000
1302.000000,293.351837,0.641602,0.113811,0.921631,0.650635,0.796283,0.116889,1.134297,0.002253,269.470001,10306.000000
1303.000000,340.589294,0.642944,0.114159,0.917603,0.651367,0.795843,0.117061,1.129467,-0.002292,314.679993,10230.000000
1304.000000,320.049683,0.639526,0.112315,0.916626,0.647339,0.792954,0.115227,1.128012,-0.006689,280.799988,10446.000000
1305.000000,295.665619,0.636475,0.112160,0.914673,0.644409,0.791287,0.115161,1.125083,-0.006640,272.760010,10402.000000
1306.000000,301.169861,0.637085,0.113040,0.914062,0.645508,0.790965,0.116118,1.119376,-0.007323,264.320007,10376.000000
1307.000000,340.116486,0.634521,0.113312,0.913696,0.643433,0.789212,0.116204,1.127117,-0.006715,270.160004,10437.000000
1308.000000,286.168610,0.637817,0.114689,0.917480,0.645508,0.793187,0.117418,1.129605,-0.001892,273.239990,10482.000000
1309.000000,338.529816,0.636230,0.114059,0.917847,0.644409,0.793517,0.116904,1.135282,0.000442,286.809998,10364.000000
1310.000000,317.580109,0.640869,0.116027,0.921387,0.648560,0.796741,0.118970,1.142742,0.006834,312.679993,10453.000000
1311.000000,317.325806,0.643188,0.117500,0.922241,0.650635,0.799142,0.120357,1.143275,0.010922,258.200012,10397.000000
1312.000000,293.531189,0.645752,0.119641,0.919678,0.653931,0.799830,0.122579,1.136809,0.008994,259.880005,10282.000000
1313.000000,298.858795,0.641846,0.116470,0.920166,0.649902,0.798033,0.119277,1.142831,0.004883,270.399994,10418.000000
1314.000000,305.935059,0.641113,0.115878,0.919922,0.648804,0.796156,0.118547,1.137196,0.003162,274.660004,9987.000000
1315.000000,316.862854,0.640503,0.114584,0.919312,0.648804,0.795856,0.117572,1.136434,0.006965,296.980011,10287.000000
1316.000000,314.645142,0.642578,0.114544,0.922485,0.651245,0.798386,0.117573,1.143783,0.008791,273.980011,10192.000000
1317.000000,283.945312,0.641968,0.113776,0.922119,0.651123,0.799484,0.116657,1.142410,0.006718,262.779999,10166.000000
1318.000000,311.074280,0.643921,0.114403,0.920898,0.651978,0.799947,0.117330,1.141233,0.006247,253.029999,10043.000000
1319.000000,327.589630,0.641357,0.110418,0.920776,0.648071,0.796359,0.113070,1.138540,-0.001285,273.929993,10306.000000
1320.000000,321.521484,0.646484,0.110320,0.924561,0.653809,0.802011,0.113084,1.145977,0.003648,266.459991,10125.000000
1321.000000,301.026062,0.643799,0.112203,0.924194,0.651489,0.800403,0.115220,1.148429,0.010561,267.549988,10290.000000
1322.000000,296.233734,0.645630,0.112468,0.923340,0.651123,0.803330,0.115299,1.147554,0.005767,263.000000,10320.000000
1323.000000,330.963013,0.641235,0.109552,0.921021,0.647705,0.799830,0.112379,1.138603,-0.003608,289.709991,10147.000000
1324.000000,346.022644,0.642090,0.112197,0.922363,0.647217,0.801463,0.114728,1.139347,0.002043,274.929993,10083.000000
1325.000000,308.023376,0.644653,0.115565,0.923584,0.650879,0.803988,0.118087,1.141234,0.007690,256.170013,10328.000000
1326.000000,279.079407,0.645996,0.116098,0.924438,0.652100,0.805393,0.118701,1.146026,0.012709,264.279999,10465.000000
1327.000000,306.422211,0.645996,0.113679,0.926025,0.651489,0.806231,0.116233,1.145922,0.008268,269.019989,10315.000000
1328.000000,304.857025,0.648438,0.113698,0.927979,0.653198,0.807667,0.116179,1.151708,0.010935,280.809998,10249.000000
1329.000000,311.372803,0.647217,0.112392,0.927124,0.652710,0.807688,0.115183,1.150361,0.014199,274.700012,10076.000000
1330.000000,330.658661,0.645630,0.112156,0.922485,0.651001,0.805740,0.114861,1.140348,0.011792,288.500000,9983.000000
1331.000000,335.760742,0.641846,0.110564,0.918945,0.647217,0.801444,0.113098,1.135396,0.005092,300.089996,10171.000000
1332.000000,293.806427,0.641357,0.113743,0.916992,0.647827,0.801183,0.116405,1.130051,0.008718,260.709991,10169.000000
1333.000000,318.172516,0.642212,0.113576,0.920898,0.648315,0.803205,0.116415,1.136418,0.015632,260.700012,10331.000000
1334.000000,341.017548,0.641357,0.116305,0.922363,0.647827,0.804221,0.119153,1.142587,0.021225,259.450012,10132.000000
1335.000000,301.646484,0.639771,0.114871,0.920410,0.645264,0.803117,0.117782,1.133167,0.011357,287.339996,10211.000000
1336.000000,322.711945,0.636108,0.114003,0.916138,0.641724,0.799205,0.116824,1.130744,0.008117,272.820007,10229.000000
1337.000000,321.428162,0.635986,0.114393,0.918701,0.642456,0.799934,0.117291,1.135762,0.013566,269.670013,10173.000000
1338.000000,336.044373,0.640747,0.118601,0.922607,0.647217,0.804671,0.121399,1.152500,0.025235,275.399994,10270.000000
1339.000000,305.479187,0.643677,0.119319,0.924194,0.649902,0.807560,0.122333,1.160448,0.026981,286.890015,10268.000000
1340.000000,305.783142,0.641724,0.117640,0.919434,0.648560,0.804889,0.120752,1.156758,0.020180,281.559998,10209.000000
1341.000000,291.726837,0.641113,0.116994,0.920410,0.646851,0.805401,0.119828,1.156967,0.017807,244.639999,9739.000000
1342.000000,333.449829,0.642944,0.117354,0.923462,0.649292,0.807494,0.120265,1.162337,0.018019,271.279999,10152.000000
1343.000000,298.995819,0.642700,0.116615,0.925171,0.649780,0.808833,0.119466,1.169404,0.017778,256.589996,10080.000000
1344.000000,299.438293,0.640869,0.116067,0.922852,0.648193,0.807633,0.118858,1.166978,0.017120,254.009995,9926.000000
1345.000000,324.175323,0.639404,0.115257,0.923706,0.645752,0.808296,0.117839,1.161788,0.014044,284.630005,10126.000000
1346.000000,336.532593,0.639160,0.114430,0.921387,0.646118,0.808120,0.117139,1.165178,0.014070,269.459991,10224.000000
1347.000000,306.589233,0.640747,0.116278,0.923706,0.647095,0.808935,0.118902,1.167561,0.018317,266.589996,10284.000000
1348.000000,330.140503,0.640015,0.115914,0.923706,0.646729,0.808465,0.118655,1.172036,0.021487,292.320007,10137.000000
1349.000000,301.067749,0.642700,0.117861,0.923462,0.649658,0.810099,0.120503,1.170726,0.019481,258.049988,10091.000000
1350.000000,337.183716,0.640869,0.114742,0.923950,0.647339,0.809254,0.117390,1.170696,0.016081,284.910004,10243.000000
1351.000000,289.361603,0.639282,0.113335,0.920288,0.646362,0.806603,0.116237,1.164368,0.016471,278.609985,10131.000000
1352.000000,310.487915,0.638916,0.113938,0.918823,0.645752,0.805618,0.116949,1.160461,0.013781,272.910004,10385.000000
1353.000000,330.418549,0.634399,0.110847,0.915894,0.642334,0.801549,0.114138,1.161272,0.012218,288.109985,10100.000000
1354.000000,358.744568,0.635620,0.112046,0.921143,0.643677,0.803008,0.115243,1.162653,0.013958,286.029999,10293.000000
1355.000000,327.374908,0.637451,0.111216,0.924805,0.644287,0.806376,0.114198,1.166713,0.019254,269.470001,10009.000000
1356.000000,305.514130,0.638062,0.111543,0.926025,0.646484,0.807733,0.114780,1.172704,0.023481,268.079987,10207.000000
1357.000000,331.582977,0.636963,0.110773,0.923828,0.644409,0.807068,0.113812,1.168940,0.021147,283.820007,10156.000000
1358.000000,306.048218,0.631958,0.109447,0.920532,0.638794,0.802127,0.112495,1.159369,0.015791,258.000000,10137.000000
1359.000000,333.562469,0.634155,0.112280,0.922119,0.641113,0.804765,0.115246,1.154492,0.022002,282.089996,10147.000000
1360.000000,334.134033,0.632446,0.114321,0.921875,0.639648,0.803288,0.117229,1.152228,0.026040,271.149994,10136.000000
1361.000000,320.502991,0.632080,0.114376,0.919922,0.638672,0.802156,0.117567,1.146035,0.026325,283.959991,10024.000000
1362.000000,326.238770,0.631104,0.112015,0.922363,0.638306,0.802221,0.115195,1.149318,0.026668,261.760010,10273.000000
1363.000000,360.177582,0.633179,0.114796,0.921997,0.639893,0.803677,0.117886,1.154912,0.029544,293.239990,10030.000000
1364.000000,296.634277,0.630859,0.114084,0.924072,0.637451,0.801682,0.117115,1.151362,0.027057,253.279999,10304.000000
1365.000000,340.140198,0.630737,0.113610,0.919800,0.636719,0.800579,0.116622,1.153256,0.025966,291.040009,10180.000000
1366.000000,354.268433,0.629639,0.113953,0.920532,0.636475,0.800159,0.116885,1.148462,0.021099,317.700012,10212.000000
1367.000000,327.277039,0.630859,0.113445,0.921143,0.637451,0.800657,0.116245,1.151605,0.017343,268.410004,9986.000000
1368.000000,350.592804,0.633057,0.114941,0.925049,0.640015,0.804031,0.117864,1.167407,0.023402,311.089996,10101.000000
1369.000000,330.414062,0.633057,0.116647,0.922729,0.639771,0.804317,0.119400,1.169458,0.025658,286.029999,10148.000000
1370.000000,333.535645,0.630371,0.114793,0.917603,0.637207,0.800597,0.117596,1.162011,0.022215,305.339996,10226.000000
1371.000000,323.295288,0.630249,0.112905,0.921143,0.637207,0.800519,0.115733,1.161684,0.023504,267.320007,10082.000000
1372.000000,330.291687,0.631470,0.114879,0.923218,0.637695,0.801946,0.117763,1.167999,0.029628,279.489990,10018.000000
1373.000000,328.815918,0.630371,0.115727,0.922119,0.636597,0.802085,0.118899,1.166540,0.032022,278.040009,10078.000000
1374.000000,292.326294,0.629395,0.114822,0.919556,0.636597,0.801666,0.117851,1.164658,0.028126,247.210007,10046.000000
1375.000000,328.427277,0.629517,0.112682,0.921631,0.636841,0.802074,0.115561,1.165714,0.026134,275.869995,10117.000000
1376.000000,352.497009,0.632080,0.114838,0.920532,0.641235,0.804293,0.117921,1.160221,0.020374,277.070007,10105.000000
1377.000000,306.732330,0.633911,0.116527,0.922729,0.641724,0.806261,0.119430,1.164136,0.024753,255.789993,10432.000000
1378.000000,322.632843,0.633179,0.115425,0.925049,0.641235,0.806588,0.118366,1.169558,0.026078,296.630005,10184.000000
1379.000000,354.964661,0.636597,0.115288,0.925049,0.644653,0.807772,0.118338,1.173097,0.030064,280.540009,10222.000000
1380.000000,300.124115,0.637329,0.116571,0.925171,0.644653,0.807121,0.119800,1.171887,0.028989,304.579987,10406.000000
1381.000000,303.126343,0.635132,0.114667,0.919189,0.643799,0.803273,0.117897,1.162566,0.018754,266.980011,10150.000000
1382.000000,306.703278,0.635254,0.112400,0.922974,0.643188,0.802879,0.115661,1.161705,0.018375,257.750000,10180.000000
1383.000000,342.102570,0.636108,0.113673,0.922241,0.645020,0.803529,0.116880,1.163685,0.019535,271.350006,10180.000000
1384.000000,313.499084,0.639160,0.114320,0.924805,0.646362,0.804938,0.117408,1.161556,0.022333,247.559998,10082.000000
1385.000000,295.842194,0.637451,0.113515,0.922241,0.645264,0.802718,0.116462,1.153574,0.019179,256.269989,9916.000000
1386.000000,320.692169,0.637329,0.113032,0.921265,0.644409,0.802983,0.115995,1.147580,0.020386,249.789993,10165.000000
1387.000000,329.198914,0.633057,0.111152,0.921143,0.639771,0.798173,0.114167,1.144534,0.020154,287.260010,10448.000000
1388.000000,309.234650,0.636841,0.115293,0.924683,0.643188,0.801421,0.118097,1.147969,0.027440,267.250000,10080.000000
1389.000000,323.277649,0.641602,0.116490,0.927734,0.648926,0.805850,0.119450,1.156555,0.036186,267.739990,10210.000000
1390.000000,322.610046,0.643066,0.118982,0.926514,0.648682,0.806768,0.121612,1.158885,0.037034,252.949997,10030.000000
1391.000000,346.558533,0.643555,0.115969,0.922119,0.650024,0.804320,0.118665,1.151832,0.034039,283.359985,10207.000000
1392.000000,307.099670,0.638306,0.114017,0.919922,0.645386,0.800529,0.116861,1.146276,0.030427,256.950012,10209.000000
1393.000000,323.091827,0.641113,0.115293,0.922363,0.648682,0.802895,0.118153,1.142813,0.032240,317.989990,9938.000000
1394.000000,310.233185,0.642700,0.115425,0.923584,0.650513,0.803856,0.118290,1.151926,0.034562,278.429993,10153.000000
1395.000000,350.476440,0.643555,0.117226,0.924927,0.650513,0.804141,0.120157,1.146147,0.033957,269.779999,10162.000000
1396.000000,344.233002,0.638550,0.114613,0.919556,0.645874,0.798222,0.117767,1.134240,0.029482,261.809998,10278.000000
1397.000000,323.588470,0.639771,0.115390,0.922485,0.647095,0.798313,0.118530,1.128872,0.025366,277.079987,10311.000000
1398.000000,295.231384,0.639893,0.115791,0.921509,0.646973,0.797305,0.118888,1.132176,0.026003,253.440002,10287.000000
1399.000000,350.340790,0.639893,0.117835,0.923340,0.646851,0.798459,0.121049,1.133110,0.026333,267.660004,10016.000000
1400.000000,304.627594,0.639648,0.118455,0.918823,0.645508,0.796868,0.121487,1.127494,0.025068,284.790009,10085.000000
1401.000000,340.101929,0.638794,0.118183,0.918823,0.644775,0.796467,0.121237,1.127409,0.021620,272.049988,10001.000000
1402.000000,318.171814,0.639893,0.118202,0.921753,0.646240,0.798395,0.121372,1.132986,0.023824,298.350006,10149.000000
1403.000000,292.599976,0.643066,0.120509,0.923340,0.649658,0.800678,0.123684,1.139946,0.025918,276.850006,9966.000000
1404.000000,357.359344,0.645508,0.120521,0.921875,0.651611,0.800639,0.123676,1.141131,0.026060,296.600006,10275.000000
1405.000000,294.528412,0.646118,0.118895,0.923218,0.651611,0.800436,0.121946,1.139279,0.019963,264.529999,10093.000000
1406.000000,379.862366,0.643433,0.117840,0.921021,0.649414,0.798969,0.120979,1.140184,0.022120,291.940002,10110.000000
1407.000000,341.497253,0.642700,0.117221,0.922974,0.649780,0.799355,0.120434,1.139980,0.022747,275.100006,10066.000000
1408.000000,313.688904,0.642822,0.117975,0.922485,0.648682,0.801188,0.120928,1.146700,0.024189,288.390015,10128.000000
1409.000000,360.002991,0.641968,0.117471,0.922729,0.648926,0.800712,0.120551,1.143479,0.026980,283.329987,10101.000000
1410.000000,324.842255,0.643921,0.117639,0.923462,0.649658,0.802683,0.120644,1.149036,0.027473,272.450012,9974.000000
1411.000000,314.856628,0.644165,0.119072,0.925537,0.649658,0.804842,0.121840,1.152643,0.027309,262.179993,9753.000000
1412.000000,354.680450,0.644409,0.120258,0.925293,0.648926,0.806234,0.122916,1.152182,0.024994,312.730011,10143.000000
1413.000000,313.665680,0.642944,0.118802,0.923218,0.647827,0.804947,0.121397,1.151601,0.026964,277.510010,10132.000000
1414.000000,358.019745,0.647949,0.121949,0.927002,0.653198,0.809678,0.124706,1.157297,0.034338,295.070007,10109.000000
1415.000000,330.462494,0.648193,0.120398,0.926270,0.653198,0.809371,0.123289,1.159140,0.029274,278.809998,9928.000000
1416.000000,347.291656,0.642456,0.117946,0.924072,0.646851,0.805992,0.120684,1.153639,0.023873,299.170013,9932.000000
1417.000000,313.665588,0.640381,0.116080,0.923462,0.645508,0.803661,0.118669,1.149157,0.020005,267.200012,10324.000000
1418.000000,377.339722,0.641235,0.117605,0.923218,0.646362,0.804068,0.120285,1.151441,0.024920,306.350006,10119.000000
1419.000000,384.022064,0.644043,0.121016,0.925293,0.648682,0.806698,0.123740,1.149841,0.027571,312.450012,10218.000000
1420.000000,306.501404,0.644165,0.117667,0.927124,0.649536,0.806573,0.120623,1.154006,0.027108,294.179993,10221.000000
1421.000000,308.361115,0.646240,0.118867,0.929810,0.650146,0.808815,0.121654,1.161699,0.031522,276.859985,9995.000000
1422.000000,347.355682,0.643677,0.116204,0.926392,0.649658,0.807608,0.119281,1.166353,0.031679,288.079987,10047.000000
1423.000000,314.946228,0.638672,0.115728,0.923218,0.643921,0.804712,0.118536,1.163210,0.027901,237.770004,10162.000000
1424.000000,300.242035,0.637085,0.115846,0.921265,0.640991,0.803895,0.118616,1.156803,0.026372,266.920013,9878.000000
1425.000000,307.102997,0.636597,0.117481,0.924072,0.641479,0.805235,0.120407,1.156764,0.024197,280.940002,10106.000000
1426.000000,316.923950,0.638062,0.120114,0.925659,0.643066,0.806193,0.123240,1.167780,0.028820,275.529999,10110.000000
1427.000000,276.237610,0.639038,0.120275,0.925781,0.644897,0.807591,0.123297,1.162684,0.028517,258.269989,10072.000000
1428.000000,354.344604,0.639038,0.118313,0.925415,0.644897,0.806647,0.121420,1.166894,0.025668,278.880005,9960.000000
1429.000000,329.653503,0.642334,0.119309,0.926880,0.647461,0.808841,0.122202,1.169518,0.019652,277.529999,10227.000000
1430.000000,349.152069,0.640137,0.118321,0.924316,0.645142,0.808018,0.121039,1.171986,0.019667,283.700012,10154.000000
1431.000000,357.236267,0.641602,0.119020,0.926270,0.646606,0.807966,0.121756,1.171264,0.023095,272.109985,10111.000000
1432.000000,367.184448,0.638794,0.119150,0.924072,0.644165,0.805954,0.121910,1.163979,0.020849,307.880005,10140.000000
1433.000000,343.085388,0.641113,0.119766,0.923462,0.645874,0.806476,0.122477,1.160779,0.018644,293.440002,10129.000000
1434.000000,312.118317,0.640869,0.118621,0.925049,0.646729,0.806332,0.121260,1.160591,0.018672,281.369995,10092.000000
1435.000000,358.638977,0.641846,0.120134,0.924072,0.647583,0.808002,0.122891,1.157566,0.024024,294.239990,10178.000000
1436.000000,333.582550,0.643066,0.118406,0.928101,0.647949,0.808646,0.121077,1.167466,0.029359,297.859985,10063.000000
1437.000000,359.010986,0.644653,0.120294,0.928101,0.649780,0.810127,0.123002,1.168710,0.029785,290.200012,10003.000000
1438.000000,341.914764,0.644043,0.120945,0.922363,0.648071,0.807932,0.123434,1.163322,0.026790,284.209991,9844.000000
1439.000000,364.468231,0.640381,0.120424,0.922363,0.644897,0.805095,0.123063,1.152437,0.021795,267.760010,10187.000000
1440.000000,346.603973,0.641724,0.120736,0.922974,0.646729,0.806717,0.123403,1.157120,0.028616,275.640015,9981.000000
1441.000000,353.420654,0.644287,0.122698,0.927734,0.650024,0.809398,0.125499,1.156284,0.030984,290.779999,9892.000000
1442.000000,350.341583,0.646118,0.122451,0.928101,0.651123,0.810418,0.125175,1.160725,0.034387,297.040009,10121.000000
1443.000000,341.783356,0.644775,0.119243,0.927246,0.651001,0.808969,0.122159,1.155147,0.026075,287.760010,9997.000000
1444.000000,320.853821,0.649536,0.121791,0.930542,0.653687,0.814027,0.124374,1.157828,0.030057,259.500000,10176.000000
1445.000000,333.507385,0.646851,0.120031,0.928955,0.651489,0.811093,0.122677,1.162598,0.029082,275.269989,10216.000000
1446.000000,300.964081,0.647095,0.118623,0.930298,0.651489,0.811286,0.121298,1.165846,0.025654,242.250000,10058.000000
1447.000000,309.695587,0.646362,0.118502,0.927368,0.651245,0.810852,0.121098,1.161126,0.023131,289.570007,10150.000000
1448.000000,336.578430,0.647827,0.119594,0.927124,0.652466,0.811212,0.122070,1.160088,0.025879,276.890015,10164.000000
1449.000000,319.056000,0.646118,0.118581,0.926514,0.651245,0.808689,0.121408,1.160110,0.027606,259.720001,10102.000000
1450.000000,320.750275,0.646484,0.119532,0.925781,0.650269,0.808512,0.122265,1.154001,0.023582,249.729996,9973.000000
1451.000000,317.364746,0.645386,0.119635,0.925537,0.649292,0.807096,0.122584,1.154063,0.023009,266.420013,10242.000000
1452.000000,287.180054,0.643921,0.120420,0.924683,0.648193,0.806347,0.123457,1.155058,0.024274,279.739990,9981.000000
1453.000000,341.908630,0.644043,0.121335,0.924316,0.648315,0.806389,0.124099,1.151901,0.027755,282.309998,10178.000000
1454.000000,335.689789,0.645386,0.121108,0.927490,0.649048,0.807613,0.123726,1.155543,0.025889,285.690002,10197.000000
1455.000000,357.155457,0.646240,0.120731,0.926270,0.649902,0.808676,0.123331,1.163201,0.027067,307.109985,10126.000000
1456.000000,339.609283,0.648926,0.120942,0.927856,0.653442,0.810815,0.123666,1.162321,0.028392,290.140015,9890.000000
1457.000000,317.422394,0.647339,0.119307,0.923706,0.652344,0.808728,0.122066,1.162457,0.028234,284.510010,10116.000000
1458.000000,315.573975,0.647705,0.119463,0.925659,0.652222,0.809104,0.122371,1.165221,0.023803,278.250000,10097.000000
1459.000000,330.092102,0.642090,0.118550,0.920654,0.647827,0.803877,0.121415,1.158637,0.018313,292.649994,10174.000000
1460.000000,315.909912,0.641724,0.120159,0.922363,0.646729,0.803853,0.122920,1.151798,0.018792,280.339996,10013.000000
1461.000000,333.959412,0.640991,0.119531,0.922974,0.646118,0.804526,0.122362,1.161439,0.025950,281.350006,9648.000000
1462.000000,324.634735,0.643921,0.119685,0.929077,0.649170,0.807500,0.122771,1.162218,0.025751,266.440002,9959.000000
1463.000000,354.389709,0.641602,0.119942,0.924316,0.646729,0.804779,0.123056,1.164278,0.026044,300.250000,10207.000000
1464.000000,342.830994,0.639160,0.117835,0.922607,0.643555,0.801111,0.120934,1.154343,0.014188,285.829987,10248.000000
1465.000000,357.577332,0.641724,0.119112,0.923096,0.645996,0.803787,0.122196,1.154824,0.017794,286.029999,10101.000000
1466.000000,371.719177,0.643799,0.121351,0.925781,0.649292,0.805739,0.124559,1.167382,0.023599,289.529999,10104.000000
1467.000000,341.168365,0.645630,0.122493,0.929565,0.650146,0.808557,0.125526,1.172121,0.025001,280.220001,10167.000000
1468.000000,339.839050,0.643433,0.119776,0.926514,0.647583,0.806283,0.122797,1.167486,0.019229,258.350006,10187.000000
1469.000000,316.199493,0.642090,0.119488,0.927979,0.645996,0.806914,0.122392,1.165415,0.017505,275.100006,10213.000000
1470.000000,336.845337,0.641113,0.119885,0.925659,0.645386,0.806894,0.122838,1.164471,0.019998,263.980011,10095.000000
1471.000000,334.957794,0.642090,0.118815,0.927124,0.646362,0.806916,0.121840,1.165972,0.022300,269.179993,10177.000000
1472.000000,363.326111,0.642822,0.119894,0.927368,0.647461,0.808034,0.122914,1.164847,0.023942,277.910004,10079.000000
1473.000000,327.819855,0.643799,0.122213,0.927124,0.648193,0.809525,0.125318,1.168497,0.023197,290.260010,10001.000000
1474.000000,337.155884,0.640991,0.119097,0.927734,0.645630,0.807364,0.122073,1.170142,0.014183,285.700012,10040.000000
1475.000000,352.157532,0.638550,0.116459,0.925415,0.643677,0.804917,0.119703,1.168889,0.009436,285.309998,10278.000000
1476.000000,307.394501,0.639038,0.118661,0.924805,0.644409,0.804587,0.121838,1.164545,0.013015,291.140015,10163.000000
1477.000000,301.035217,0.637695,0.119504,0.924561,0.643066,0.803711,0.122791,1.164315,0.014298,250.410004,10277.000000
1478.000000,344.633759,0.634766,0.119830,0.921387,0.639893,0.800414,0.122826,1.157556,0.010631,285.440002,10021.000000
1479.000000,350.014587,0.635620,0.118235,0.923096,0.641968,0.801350,0.121405,1.158270,0.011875,273.500000,10128.000000
1480.000000,320.565155,0.638428,0.119509,0.927856,0.644165,0.805048,0.122697,1.166545,0.017457,267.410004,10401.000000
1481.000000,325.759705,0.640991,0.120402,0.930298,0.646729,0.807854,0.123525,1.170034,0.021410,275.929993,10183.000000
1482.000000,301.081726,0.639038,0.119324,0.925171,0.644287,0.804657,0.122284,1.161702,0.016317,253.410004,10256.000000
1483.000000,323.109528,0.634766,0.116068,0.923950,0.640015,0.799913,0.119072,1.155494,0.007576,274.119995,10153.000000
1484.000000,360.253693,0.633179,0.117671,0.922485,0.638428,0.798452,0.120900,1.150540,0.010441,272.899994,10109.000000
1485.000000,312.659943,0.629272,0.118179,0.920288,0.633789,0.794725,0.121270,1.144436,0.008633,275.540009,10164.000000
1486.000000,316.347290,0.630493,0.117872,0.919556,0.635132,0.795091,0.120654,1.144207,0.008767,286.549988,10152.000000
1487.000000,291.423431,0.630371,0.121078,0.920776,0.635376,0.795592,0.124080,1.142174,0.008382,250.380005,10327.000000
1488.000000,334.822632,0.628906,0.117762,0.921021,0.634644,0.795885,0.120965,1.153405,0.011881,292.880005,10274.000000
1489.000000,293.624451,0.627197,0.117905,0.924316,0.633179,0.795992,0.121176,1.161302,0.009009,239.729996,10436.000000
1490.000000,334.792023,0.627075,0.118578,0.921753,0.632080,0.795939,0.121678,1.155409,0.003394,282.519989,10648.000000
1491.000000,361.270966,0.627808,0.118769,0.924438,0.633911,0.798975,0.121878,1.159679,0.007846,292.709991,10360.000000
1492.000000,343.958069,0.632812,0.122741,0.929077,0.638306,0.804619,0.125826,1.165311,0.014368,275.570007,10316.000000
1493.000000,264.400299,0.635620,0.123456,0.931519,0.640137,0.808609,0.126493,1.166805,0.016150,246.250000,10471.000000
1494.000000,339.496002,0.630127,0.119873,0.927368,0.636353,0.803142,0.122917,1.160304,0.005864,299.899994,10128.000000
1495.000000,311.275970,0.629639,0.116305,0.927979,0.635986,0.803419,0.119192,1.164086,0.001750,258.019989,10054.000000
1496.000000,341.093781,0.629028,0.117505,0.924927,0.635498,0.803216,0.120436,1.163228,0.002758,266.250000,10101.000000
1497.000000,331.829773,0.629639,0.117507,0.924805,0.635620,0.802527,0.120714,1.161941,0.004992,309.970001,10280.000000
1498.000000,308.536224,0.629150,0.117101,0.927002,0.635132,0.803281,0.120310,1.159360,0.004079,275.829987,10409.000000
1499.000000,301.691620,0.626953,0.115951,0.925049,0.632080,0.800912,0.118993,1.158383,0.004105,267.329987,10151.000000
1500.000000,335.941376,0.627563,0.117645,0.924072,0.632935,0.801658,0.120653,1.157615,0.003718,277.470001,10383.000000
1501.000000,315.939056,0.625977,0.117520,0.926025,0.631958,0.801289,0.120564,1.157858,0.005641,284.700012,10235.000000
1502.000000,328.075714,0.622437,0.117935,0.923706,0.627319,0.798886,0.120854,1.161327,0.005561,265.179993,10403.000000
1503.000000,313.388611,0.623535,0.118546,0.923828,0.629517,0.800024,0.121495,1.156829,0.005838,311.899994,10395.000000
1504.000000,327.009186,0.625000,0.119565,0.925537,0.629272,0.801133,0.122332,1.165768,0.002619,272.970001,10234.000000
1505.000000,311.778412,0.621704,0.118666,0.924438,0.625977,0.798315,0.121261,1.157056,-0.001674,279.600006,10074.000000
1506.000000,339.003937,0.622803,0.119392,0.924316,0.627808,0.798799,0.122162,1.156708,0.000546,287.040009,10287.000000
1507.000000,335.283417,0.623413,0.118697,0.928101,0.627441,0.801362,0.121474,1.159956,0.002293,285.980011,10272.000000
1508.000000,350.908020,0.628540,0.121987,0.927979,0.633057,0.804915,0.124845,1.160580,0.011075,269.799988,10225.000000
1509.000000,348.681274,0.626465,0.117929,0.930298,0.631226,0.803565,0.120629,1.163201,0.006423,284.440002,10320.000000
1510.000000,332.237457,0.628906,0.118326,0.930054,0.633423,0.804823,0.121005,1.167547,0.010221,289.109985,10148.000000
1511.000000,322.730804,0.628906,0.120296,0.927856,0.633057,0.804085,0.122893,1.163202,0.011775,285.359985,10071.000000
1512.000000,285.765167,0.624146,0.118735,0.921387,0.628906,0.798241,0.121331,1.151505,0.009390,279.070007,10119.000000
1513.000000,309.051392,0.620361,0.118874,0.921143,0.625488,0.795786,0.121522,1.152894,0.005213,258.720001,10322.000000
1514.000000,330.849304,0.623901,0.118990,0.928101,0.628540,0.799450,0.121604,1.158753,0.005194,286.739990,10113.000000
1515.000000,323.529358,0.622925,0.119105,0.929321,0.628540,0.800321,0.121962,1.167152,0.005758,258.220001,10037.000000
1516.000000,317.188843,0.622192,0.119975,0.927002,0.626831,0.800147,0.122735,1.163506,0.005292,286.869995,10065.000000
1517.000000,386.596222,0.622192,0.117138,0.923584,0.628052,0.797395,0.119996,1.158094,0.002006,296.980011,10596.000000
1518.000000,337.803406,0.622192,0.117276,0.925659,0.628296,0.798654,0.120034,1.153517,0.003344,290.239990,10238.000000
1519.000000,289.108795,0.621704,0.118263,0.921631,0.628906,0.797584,0.121013,1.151227,0.002544,250.350006,10406.000000
1520.000000,338.406219,0.622925,0.117746,0.923950,0.630371,0.798297,0.120727,1.154922,0.000882,300.779999,10054.000000
1521.000000,315.361816,0.626221,0.118477,0.929077,0.633179,0.801047,0.121577,1.164326,0.003231,267.459991,10190.000000
1522.000000,370.188629,0.628662,0.118441,0.928101,0.635254,0.803565,0.121508,1.169248,0.006244,299.739990,9993.000000
1523.000000,349.587830,0.629272,0.117373,0.926758,0.637573,0.804208,0.120482,1.167364,0.004705,298.000000,10209.000000
1524.000000,341.200348,0.632202,0.116097,0.927979,0.639648,0.803938,0.119545,1.163636,0.005932,278.450012,10069.000000
1525.000000,315.387329,0.632446,0.114648,0.927002,0.639404,0.804285,0.117937,1.159935,0.002368,288.459991,10277.000000
1526.000000,324.297516,0.630005,0.113497,0.924805,0.636597,0.800044,0.116742,1.152291,-0.003939,279.019989,10302.000000
1527.000000,334.251648,0.632568,0.115117,0.924072,0.640381,0.802849,0.118281,1.155882,-0.001700,281.980011,10119.000000
1528.000000,341.808899,0.631592,0.115393,0.924561,0.639282,0.801615,0.118545,1.159063,0.004837,287.779999,10387.000000
1529.000000,305.019165,0.632935,0.117736,0.923584,0.641235,0.802522,0.120926,1.154294,0.002833,263.470001,10306.000000
1530.000000,337.935852,0.631348,0.117594,0.923340,0.638306,0.799803,0.120646,1.152284,0.003555,302.850006,10578.000000
1531.000000,333.762390,0.630981,0.117852,0.921631,0.638916,0.797982,0.120970,1.146042,0.004273,289.769989,10532.000000
1532.000000,311.292603,0.631470,0.118948,0.923096,0.637817,0.797951,0.121838,1.143276,0.004831,281.339996,10330.000000
1533.000000,319.631683,0.632080,0.120018,0.922119,0.638184,0.799260,0.122608,1.151986,0.005924,286.170013,10530.000000
1534.000000,344.079834,0.636719,0.121791,0.926147,0.642944,0.803140,0.124363,1.157474,0.007592,298.679993,10480.000000
1535.000000,346.614197,0.638672,0.118291,0.925293,0.645630,0.802784,0.121205,1.162184,0.010098,284.500000,10528.000000
1536.000000,354.985077,0.640625,0.118278,0.930298,0.646851,0.805706,0.121185,1.165231,0.009763,293.380005,10490.000000
1537.000000,321.007965,0.636475,0.115842,0.924194,0.643188,0.801001,0.118975,1.154194,0.005658,277.899994,10596.000000
1538.000000,309.535339,0.633911,0.115245,0.920898,0.641235,0.798686,0.118492,1.146306,0.004957,239.779999,10362.000000
1539.000000,327.814362,0.632080,0.116079,0.918701,0.640015,0.794781,0.119480,1.141625,0.004927,276.720001,10454.000000
1540.000000,318.314423,0.631836,0.117178,0.917480,0.639893,0.794808,0.120660,1.137693,0.006210,299.980011,10480.000000
1541.000000,356.074463,0.634277,0.119833,0.920654,0.641968,0.796847,0.123164,1.147010,0.013459,282.709991,10463.000000
1542.000000,329.893494,0.635132,0.120528,0.921509,0.643188,0.797176,0.124069,1.148839,0.014622,296.589996,10465.000000
1543.000000,347.074066,0.631836,0.120068,0.918457,0.641113,0.794935,0.123515,1.149852,0.008578,270.910004,10608.000000
1544.000000,306.687897,0.633667,0.120084,0.919678,0.642578,0.796832,0.123558,1.148808,0.005511,267.119995,10476.000000
1545.000000,325.605499,0.634155,0.119618,0.922241,0.642456,0.798220,0.123072,1.150580,0.002469,283.450012,10597.000000
1546.000000,321.100952,0.636841,0.118502,0.923706,0.645874,0.800309,0.121947,1.152393,0.005171,278.420013,10700.000000
1547.000000,317.113586,0.639160,0.119121,0.924194,0.647827,0.801598,0.122387,1.150790,0.005620,277.690002,10460.000000
1548.000000,304.959320,0.636963,0.116523,0.921265,0.645996,0.799349,0.119826,1.149585,0.003328,250.149994,10820.000000
1549.000000,357.096985,0.640381,0.118721,0.925171,0.648560,0.803279,0.121677,1.154716,0.007107,289.000000,10481.000000
1550.000000,334.890137,0.642212,0.119149,0.924561,0.650757,0.803300,0.122310,1.150678,0.006261,307.320007,10269.000000
1551.000000,315.445923,0.639404,0.118251,0.924194,0.646484,0.802474,0.121159,1.154009,0.004276,282.589996,10237.000000
1552.000000,327.443970,0.639648,0.117614,0.924194,0.646729,0.803252,0.120504,1.149219,0.004847,289.089996,10307.000000
1553.000000,382.739777,0.637085,0.114470,0.923340,0.644165,0.801108,0.117367,1.151618,0.004128,318.799988,10495.000000
1554.000000,316.419373,0.642456,0.118169,0.929932,0.649292,0.806108,0.121030,1.159485,0.014516,252.919998,10245.000000
1555.000000,344.209595,0.643677,0.118561,0.928467,0.651123,0.806752,0.121751,1.159537,0.016461,302.540009,10185.000000
1556.000000,339.769287,0.638550,0.116904,0.919067,0.645874,0.801106,0.120123,1.148712,0.010034,314.239990,10070.000000
1557.000000,360.708710,0.637085,0.115604,0.919922,0.643799,0.799115,0.118496,1.143065,0.003660,314.470001,10288.000000
1558.000000,337.242035,0.635254,0.115841,0.916992,0.642822,0.796942,0.118862,1.143512,0.005923,278.769989,10447.000000
1559.000000,341.991272,0.638916,0.119031,0.922241,0.646118,0.800755,0.122205,1.146701,0.012938,293.190002,10372.000000
1560.000000,330.154663,0.638306,0.118726,0.924072,0.645630,0.801754,0.121745,1.152049,0.015241,249.809998,10414.000000
1561.000000,296.302704,0.640259,0.119717,0.924194,0.647217,0.803968,0.122699,1.154915,0.016911,267.459991,10322.000000
1562.000000,330.988739,0.639404,0.117082,0.925415,0.646606,0.803779,0.120160,1.158308,0.012625,284.109985,10051.000000
1563.000000,344.113708,0.642822,0.119924,0.923584,0.648560,0.805681,0.122866,1.160860,0.014830,302.690002,10452.000000
1564.000000,296.963409,0.642578,0.120115,0.922363,0.648560,0.806242,0.123006,1.159812,0.015337,257.529999,10328.000000
1565.000000,324.785645,0.642212,0.119529,0.922607,0.649902,0.806104,0.122391,1.160287,0.015594,277.720001,10372.000000
1566.000000,350.349304,0.645142,0.120757,0.927124,0.652344,0.808372,0.123878,1.166653,0.021880,276.100006,10246.000000
1567.000000,324.467804,0.646118,0.121018,0.930054,0.652954,0.810210,0.124207,1.170471,0.026347,258.239990,10194.000000
1568.000000,335.477631,0.645874,0.119300,0.926880,0.653564,0.809775,0.122623,1.166133,0.024165,288.160004,10376.000000
1569.000000,343.890778,0.643921,0.117777,0.924927,0.652466,0.808043,0.121095,1.162537,0.020136,284.829987,10336.000000
1570.000000,320.132965,0.640991,0.116023,0.920898,0.648682,0.803637,0.119455,1.155139,0.014672,263.649994,10396.000000
1571.000000,348.947083,0.638062,0.115211,0.918945,0.646118,0.800312,0.118591,1.148147,0.010448,284.839996,10466.000000
1572.000000,314.406555,0.637207,0.116480,0.919312,0.644775,0.798697,0.119758,1.147234,0.008788,307.459991,10246.000000
1573.000000,329.384277,0.642212,0.120342,0.923584,0.650269,0.803714,0.123595,1.151169,0.017869,265.429993,10093.000000
1574.000000,306.235229,0.642944,0.122131,0.924683,0.650146,0.804331,0.125231,1.159443,0.019281,246.949997,10240.000000
1575.000000,338.483063,0.645020,0.120989,0.926758,0.652222,0.805412,0.124238,1.159452,0.017400,264.440002,10450.000000
1576.000000,353.137085,0.644165,0.118161,0.924438,0.651855,0.802610,0.121403,1.152412,0.013013,278.709991,10290.000000
1577.000000,307.672638,0.644653,0.117472,0.925659,0.651367,0.802647,0.120438,1.148189,0.012139,265.640015,10231.000000
1578.000000,348.842468,0.641602,0.116822,0.923584,0.649292,0.800546,0.119940,1.148056,0.014535,314.609985,10208.000000
1579.000000,335.888458,0.642456,0.118003,0.923828,0.650269,0.800710,0.121389,1.145884,0.016890,274.700012,10159.000000
1580.000000,293.408020,0.641235,0.117647,0.921143,0.650269,0.799350,0.121065,1.148723,0.016322,256.100006,10179.000000
1581.000000,318.951202,0.643188,0.120971,0.920532,0.651367,0.800298,0.124174,1.149086,0.015352,290.209991,10151.000000
1582.000000,313.000427,0.646362,0.119755,0.925049,0.654663,0.802963,0.122809,1.154232,0.017533,285.320007,9994.000000
1583.000000,318.853149,0.642212,0.118125,0.921387,0.651245,0.799144,0.121110,1.150656,0.015887,294.760010,10240.000000
1584.000000,368.276306,0.642334,0.119991,0.921509,0.651123,0.799311,0.122964,1.144258,0.018212,311.450012,10520.000000
1585.000000,347.619720,0.638672,0.118013,0.917725,0.647827,0.794964,0.121177,1.143114,0.015736,273.160004,10212.000000
1586.000000,302.853394,0.640259,0.118422,0.919067,0.648438,0.795868,0.121952,1.144019,0.012201,249.130005,9959.000000
1587.000000,315.078247,0.639282,0.118018,0.920898,0.648071,0.795668,0.121330,1.149494,0.011450,284.640015,10050.000000
1588.000000,312.708130,0.642212,0.118199,0.921997,0.651001,0.798815,0.121344,1.157349,0.013369,271.279999,10186.000000
1589.000000,340.534485,0.640259,0.118626,0.920410,0.648071,0.796703,0.121705,1.155480,0.013064,265.339996,10257.000000
1590.000000,325.365570,0.638794,0.115979,0.918579,0.647583,0.795096,0.119190,1.147460,0.006843,274.690002,10349.000000
1591.000000,335.395569,0.637695,0.116171,0.919556,0.645508,0.795012,0.119302,1.147870,0.006288,281.820007,10196.000000
1592.000000,328.490326,0.638794,0.118478,0.921143,0.647339,0.796629,0.121869,1.146306,0.006660,275.450012,10292.000000
1593.000000,326.052246,0.637695,0.118683,0.923340,0.646729,0.797312,0.121916,1.147319,0.013597,305.670013,10572.000000
1594.000000,342.735138,0.640747,0.119433,0.924561,0.650635,0.799269,0.122692,1.149363,0.016678,291.250000,10435.000000
1595.000000,300.976227,0.644287,0.118478,0.925293,0.653687,0.802353,0.121795,1.151972,0.014710,242.860001,10456.000000
1596.000000,352.724792,0.637207,0.115240,0.922852,0.646851,0.796832,0.118401,1.147984,0.007721,304.700012,10455.000000
1597.000000,331.430450,0.634033,0.112913,0.916748,0.643433,0.792492,0.116153,1.135053,0.000235,289.809998,10363.000000
1598.000000,334.129456,0.631714,0.113182,0.914795,0.641235,0.790285,0.116362,1.126972,0.002099,299.350006,10301.000000
1599.000000,326.413055,0.633667,0.114936,0.919067,0.643921,0.792072,0.118465,1.132919,0.014269,277.489990,10094.000000
1600.000000,288.433838,0.635742,0.117243,0.921875,0.646118,0.794360,0.120929,1.142303,0.019735,275.739990,10244.000000
1601.000000,355.091919,0.634033,0.118312,0.919067,0.643921,0.793319,0.121779,1.140839,0.016522,284.670013,10250.000000
1602.000000,303.809540,0.627686,0.115729,0.913452,0.637329,0.788024,0.118997,1.130815,0.007062,275.820007,10078.000000
1603.000000,322.816711,0.628784,0.115698,0.914795,0.637573,0.789970,0.118699,1.135085,0.007482,264.470001,10411.000000
1604.000000,333.568176,0.631348,0.118435,0.920044,0.640381,0.793533,0.121367,1.141788,0.012225,306.359985,10244.000000
1605.000000,288.981201,0.634277,0.120753,0.921021,0.642822,0.797402,0.123788,1.152838,0.020091,251.559998,10344.000000
1606.000000,331.325043,0.634521,0.118909,0.921143,0.643677,0.797964,0.121970,1.151820,0.017957,295.540009,10345.000000
1607.000000,315.029510,0.634521,0.116983,0.922607,0.642090,0.798512,0.119973,1.152863,0.012979,317.269989,10318.000000
1608.000000,304.148163,0.634644,0.115041,0.923218,0.642822,0.799651,0.118050,1.154919,0.013295,274.299988,10416.000000
1609.000000,303.185455,0.629761,0.113503,0.922241,0.637573,0.796764,0.116344,1.156303,0.012941,256.559998,10363.000000
1610.000000,335.193909,0.626953,0.112674,0.919189,0.634033,0.793958,0.115457,1.152471,0.008816,283.100006,10104.000000
1611.000000,299.326660,0.626343,0.114238,0.917847,0.633301,0.795406,0.116983,1.149838,0.006384,274.480011,10351.000000
1612.000000,318.641785,0.624146,0.114215,0.919678,0.630859,0.794548,0.117078,1.151964,0.006625,296.299988,10355.000000
1613.000000,314.430542,0.626221,0.116778,0.919922,0.632568,0.796006,0.119449,1.154993,0.007192,275.290009,10439.000000
1614.000000,311.690186,0.627686,0.116090,0.923950,0.634155,0.797973,0.118906,1.167304,0.008827,271.559998,10104.000000
1615.000000,328.861603,0.626831,0.115846,0.923828,0.633789,0.799666,0.118634,1.173713,0.009969,275.000000,10325.000000
1616.000000,330.725983,0.629761,0.114652,0.928711,0.636230,0.803915,0.117467,1.182721,0.011998,265.820007,10189.000000
1617.000000,342.584961,0.630371,0.115038,0.928711,0.636475,0.804501,0.117974,1.184360,0.012325,283.670013,10067.000000
1618.000000,311.158508,0.630737,0.115856,0.926392,0.636475,0.805008,0.118760,1.175964,0.004403,274.119995,10100.000000
1619.000000,320.931091,0.626343,0.112745,0.923584,0.632446,0.801205,0.115568,1.172331,-0.000174,265.869995,10136.000000
1620.000000,337.452545,0.628052,0.113455,0.924194,0.634033,0.803638,0.116273,1.174196,0.002974,298.640015,10404.000000
1621.000000,336.927155,0.629395,0.114659,0.924194,0.636230,0.805458,0.117500,1.176381,0.007634,305.339996,10206.000000
1622.000000,328.459991,0.628052,0.114461,0.924072,0.634399,0.804822,0.117305,1.174842,0.008169,275.609985,10613.000000
1623.000000,300.817169,0.629028,0.113946,0.924072,0.634644,0.805650,0.116487,1.178927,0.010552,274.149994,10473.000000
1624.000000,324.272461,0.630737,0.114706,0.922241,0.637207,0.805877,0.117581,1.184277,0.013273,290.029999,10356.000000
1625.000000,296.852264,0.636108,0.116190,0.929077,0.640991,0.811220,0.119086,1.189023,0.012750,262.989990,10435.000000
1626.000000,338.112091,0.636963,0.114987,0.931152,0.643188,0.813093,0.118014,1.194703,0.017096,290.410004,10388.000000
1627.000000,306.034119,0.636597,0.114929,0.930298,0.643066,0.812808,0.117984,1.197007,0.020425,274.929993,10461.000000
1628.000000,324.674316,0.630859,0.111568,0.926514,0.637939,0.809051,0.114448,1.183556,0.010385,276.269989,10549.000000
1629.000000,331.214630,0.626099,0.109844,0.922119,0.632568,0.805147,0.112581,1.176389,0.001084,265.950012,10661.000000
1630.000000,353.300018,0.623169,0.109600,0.920654,0.629761,0.802757,0.112485,1.166988,-0.001645,309.720001,10348.000000
1631.000000,333.298920,0.624512,0.113240,0.920898,0.632202,0.802967,0.116082,1.163433,0.002582,295.950012,10283.000000
1632.000000,329.423706,0.628296,0.115123,0.925415,0.636353,0.807409,0.117987,1.171466,0.007701,270.640015,10227.000000
1633.000000,331.210938,0.627563,0.113572,0.927124,0.635498,0.806740,0.116417,1.175026,0.008213,273.109985,10475.000000
1634.000000,351.048950,0.627930,0.113988,0.927856,0.634155,0.808298,0.116552,1.178318,0.006540,275.089996,10326.000000
1635.000000,366.057800,0.628906,0.112700,0.928101,0.636597,0.806896,0.115643,1.173903,0.012283,311.359985,10456.000000
1636.000000,335.501068,0.628540,0.113469,0.928101,0.635498,0.807204,0.116202,1.173496,0.016144,279.480011,10357.000000
1637.000000,338.350800,0.623779,0.112675,0.922729,0.630981,0.802109,0.115468,1.160298,0.014144,280.899994,10384.000000
1638.000000,336.079742,0.622803,0.112442,0.921509,0.629517,0.798876,0.115282,1.154162,0.011843,254.160004,10762.000000
1639.000000,347.962982,0.619263,0.110513,0.921631,0.626953,0.796664,0.113605,1.153004,0.011144,277.359985,10473.000000
1640.000000,300.088745,0.620483,0.114130,0.922852,0.628662,0.798830,0.116980,1.156622,0.013778,258.600006,10797.000000
1641.000000,341.962341,0.619629,0.113471,0.922363,0.627686,0.798021,0.116317,1.154935,0.014454,308.260010,10607.000000
1642.000000,293.278656,0.624390,0.116359,0.923218,0.630859,0.800340,0.119268,1.154817,0.018166,278.220001,10406.000000
1643.000000,344.664185,0.627930,0.115315,0.926758,0.635376,0.803310,0.118324,1.160267,0.019991,290.880005,10414.000000
1644.000000,311.903503,0.628052,0.115223,0.925415,0.635010,0.801956,0.118203,1.157542,0.019670,272.049988,10491.000000
1645.000000,312.892090,0.626465,0.113919,0.925049,0.633789,0.800974,0.116913,1.156252,0.015640,281.100006,10290.000000
1646.000000,344.445465,0.628906,0.116241,0.923950,0.635620,0.802386,0.119289,1.157055,0.019674,309.000000,10558.000000
1647.000000,351.091644,0.628052,0.115688,0.923706,0.635742,0.801793,0.118744,1.160753,0.017065,284.130005,10649.000000
1648.000000,326.236420,0.629395,0.118703,0.921997,0.636230,0.801619,0.121752,1.161808,0.014780,299.519989,10405.000000
1649.000000,278.061768,0.629517,0.116539,0.924438,0.635742,0.803066,0.119553,1.161489,0.012413,243.289993,10272.000000
1650.000000,315.968872,0.630249,0.116153,0.925293,0.636230,0.803690,0.119023,1.162372,0.009178,307.029999,10249.000000
1651.000000,321.106201,0.630127,0.115864,0.923706,0.636108,0.803470,0.118720,1.163130,0.008628,266.279999,10301.000000
1652.000000,306.583313,0.631226,0.116470,0.923950,0.638428,0.805099,0.119170,1.160029,0.007428,286.339996,10370.000000
1653.000000,314.126129,0.629639,0.117126,0.920532,0.636841,0.802447,0.119990,1.156442,0.008148,270.209991,10454.000000
1654.000000,360.766144,0.633911,0.117316,0.926025,0.640625,0.805780,0.120018,1.156047,0.011132,295.859985,10363.000000
1655.000000,296.657135,0.637207,0.117210,0.929932,0.644287,0.808527,0.120220,1.169716,0.019747,269.649994,10280.000000
1656.000000,294.409363,0.641357,0.121432,0.928955,0.647705,0.812481,0.124399,1.172686,0.021974,273.230011,10338.000000
1657.000000,320.187256,0.636475,0.115560,0.926270,0.644043,0.808168,0.118701,1.169777,0.014381,278.570007,10387.000000
1658.000000,362.796326,0.636353,0.115056,0.924805,0.642944,0.807203,0.117920,1.163912,0.009384,297.470001,10223.000000
1659.000000,333.490753,0.636230,0.113441,0.924927,0.643433,0.805900,0.116353,1.162187,0.009149,322.029999,10258.000000
1660.000000,339.984467,0.635986,0.113180,0.923218,0.642822,0.804182,0.116195,1.162845,0.012241,293.480011,10248.000000
1661.000000,341.483551,0.637451,0.113014,0.924438,0.643677,0.805140,0.115944,1.163532,0.011494,302.970001,10221.000000
1662.000000,348.991272,0.635742,0.112498,0.924316,0.642822,0.804547,0.115268,1.165426,0.009035,273.049988,10471.000000
1663.000000,290.133636,0.635132,0.112922,0.925293,0.642456,0.805010,0.115718,1.168749,0.016836,253.960007,10161.000000
1664.000000,334.124603,0.633301,0.112214,0.924316,0.639282,0.803837,0.114646,1.167859,0.015041,283.549988,10192.000000
1665.000000,314.244415,0.628784,0.111071,0.919189,0.635010,0.799814,0.113598,1.148702,0.006190,280.649994,10540.000000
1666.000000,296.741364,0.627319,0.111464,0.918335,0.634644,0.798531,0.114087,1.144320,0.010070,266.820007,10516.000000
1667.000000,326.333954,0.629395,0.116067,0.918701,0.637085,0.800493,0.118697,1.148641,0.017341,296.500000,10476.000000
1668.000000,340.622314,0.630127,0.116528,0.921631,0.637939,0.800663,0.119198,1.154944,0.018955,275.040009,10467.000000
1669.000000,291.938995,0.635254,0.118309,0.922852,0.642944,0.805246,0.120966,1.155818,0.018584,293.790009,10563.000000
1670.000000,315.534302,0.633545,0.115736,0.925781,0.640869,0.804572,0.118462,1.165118,0.018683,281.149994,10560.000000
1671.000000,307.246918,0.631348,0.114829,0.924194,0.637207,0.802454,0.117514,1.160548,0.011359,304.309998,10410.000000
1672.000000,357.328583,0.630493,0.113744,0.920776,0.636719,0.800556,0.116499,1.156984,0.010067,295.589996,10694.000000
1673.000000,330.634552,0.629883,0.113999,0.921265,0.636963,0.800243,0.116928,1.157186,0.010042,296.470001,10422.000000
1674.000000,288.805237,0.629517,0.117322,0.917480,0.636353,0.800204,0.120279,1.155957,0.013383,253.630005,10474.000000
1675.000000,367.816833,0.630249,0.113838,0.922363,0.637817,0.800949,0.116883,1.157908,0.008564,292.489990,10302.000000
1676.000000,356.181915,0.631592,0.115495,0.924072,0.638916,0.802006,0.118589,1.165819,0.015410,308.109985,10324.000000
1677.000000,300.358459,0.634888,0.117217,0.922607,0.641846,0.804159,0.120655,1.165317,0.012547,257.290009,10274.000000
1678.000000,346.438873,0.631348,0.113792,0.920410,0.638306,0.800674,0.116934,1.163938,0.006573,287.609985,10593.000000
1679.000000,275.192596,0.631592,0.114494,0.923584,0.637695,0.802812,0.117394,1.169438,0.004621,262.220001,10503.000000
1680.000000,312.916351,0.631348,0.115419,0.923096,0.637329,0.803095,0.118409,1.169618,0.005573,257.119995,10539.000000
1681.000000,312.334808,0.635376,0.116224,0.926880,0.641357,0.807990,0.119015,1.178125,0.002588,282.859985,10597.000000
1682.000000,350.432312,0.637695,0.118604,0.927856,0.644409,0.810167,0.121687,1.183606,0.009466,293.000000,10564.000000
1683.000000,307.850922,0.638306,0.118455,0.924072,0.643921,0.808783,0.121322,1.174515,0.003833,292.829987,10586.000000
1684.000000,319.591034,0.637817,0.114750,0.926758,0.643921,0.808833,0.117807,1.178291,0.001010,290.510010,10643.000000
1685.000000,297.058777,0.637939,0.114527,0.928711,0.643921,0.809421,0.117497,1.181454,0.002074,250.740005,10653.000000
1686.000000,329.792633,0.640381,0.114259,0.927002,0.646851,0.810675,0.117282,1.178983,0.007625,289.690002,10536.000000
1687.000000,315.896576,0.637939,0.114143,0.925415,0.643188,0.808780,0.117023,1.177961,0.008039,275.299988,10575.000000
1688.000000,326.047913,0.636230,0.113902,0.926636,0.642090,0.807860,0.116791,1.180525,0.008661,268.089996,10533.000000
1689.000000,329.773468,0.635010,0.114521,0.924927,0.641479,0.806433,0.117533,1.174497,0.008095,244.250000,10370.000000
1690.000000,330.736694,0.633057,0.114985,0.923096,0.640259,0.805144,0.118142,1.170580,0.012150,251.759995,10295.000000
1691.000000,307.784882,0.629028,0.113647,0.921875,0.636475,0.800819,0.116872,1.163960,0.001909,253.860001,10643.000000
1692.000000,283.394562,0.626221,0.113740,0.919067,0.633911,0.798213,0.117057,1.160564,-0.001311,232.580002,10604.000000
1693.000000,355.425690,0.624756,0.113252,0.919556,0.632935,0.797373,0.116658,1.158449,0.000448,287.980011,10545.000000
1694.000000,331.281647,0.628662,0.119132,0.918457,0.637451,0.800556,0.122612,1.160188,0.010674,285.429993,10524.000000
1695.000000,311.356323,0.629150,0.118585,0.920288,0.638306,0.800741,0.122002,1.166432,0.012940,277.089996,10638.000000
1696.000000,325.251190,0.630249,0.119746,0.920288,0.639893,0.801486,0.123255,1.162930,0.013781,276.760010,10738.000000
1697.000000,319.735962,0.632202,0.121295,0.919678,0.641235,0.802028,0.124935,1.167114,0.020374,258.619995,10434.000000
1698.000000,340.059418,0.634888,0.122832,0.922729,0.642822,0.804434,0.126094,1.165704,0.020214,280.130005,10685.000000
1699.000000,329.462128,0.634521,0.119468,0.922974,0.643188,0.804215,0.122774,1.167094,0.019884,281.980011,10279.000000
1700.000000,314.471771,0.629150,0.119038,0.917114,0.638184,0.798824,0.122435,1.163542,0.017674,270.470001,10604.000000
1701.000000,355.924103,0.630493,0.118724,0.918457,0.639038,0.799477,0.122156,1.157260,0.012770,277.899994,10513.000000
1702.000000,320.896912,0.631714,0.118022,0.920288,0.640747,0.800686,0.121610,1.161939,0.014948,263.750000,10499.000000
1703.000000,378.676910,0.635986,0.122248,0.925415,0.644409,0.805366,0.125580,1.169297,0.023866,326.190002,10586.000000
1704.000000,318.697662,0.636108,0.120935,0.923096,0.643921,0.805804,0.124215,1.166869,0.023338,271.029999,10631.000000
1705.000000,291.286896,0.633179,0.119410,0.917969,0.640991,0.802326,0.122742,1.164759,0.025497,260.929993,10531.000000
1706.000000,344.917999,0.630737,0.118482,0.918945,0.639648,0.801286,0.121726,1.163800,0.024668,283.690002,10619.000000
1707.000000,329.845551,0.635986,0.122457,0.923340,0.644653,0.805206,0.125619,1.171993,0.029615,271.200012,10350.000000
1708.000000,324.189453,0.635620,0.124862,0.921631,0.642578,0.806101,0.127866,1.171418,0.025709,287.839996,10378.000000
1709.000000,323.780762,0.632446,0.121925,0.921143,0.639648,0.803489,0.125134,1.162930,0.013687,263.329987,10417.000000
1710.000000,324.768341,0.635132,0.122931,0.923218,0.642822,0.806441,0.126104,1.170765,0.012290,299.320007,10416.000000
1711.000000,316.269531,0.637451,0.122961,0.926514,0.645020,0.809302,0.126122,1.178872,0.012735,293.489990,10357.000000
1712.000000,320.246338,0.636841,0.123022,0.921509,0.643799,0.806901,0.126282,1.170979,0.008241,279.410004,10486.000000
1713.000000,306.908875,0.640015,0.122197,0.922241,0.646851,0.808319,0.125370,1.171158,0.009818,258.730011,10578.000000
1714.000000,339.510071,0.641968,0.121092,0.930298,0.649048,0.811049,0.124272,1.179115,0.014763,288.809998,10618.000000
1715.000000,322.518341,0.643677,0.122617,0.929321,0.650635,0.813497,0.125932,1.184965,0.021348,280.899994,10441.000000
1716.000000,364.063141,0.641968,0.122005,0.927368,0.649536,0.812399,0.125107,1.181110,0.017815,313.290009,10675.000000
1717.000000,329.094971,0.637207,0.120934,0.920166,0.645996,0.808217,0.124174,1.166269,0.011035,270.640015,10498.000000
1718.000000,369.557129,0.629517,0.118222,0.915039,0.637573,0.799535,0.121416,1.146900,0.000443,272.470001,10511.000000
1719.000000,319.661194,0.627563,0.119426,0.913696,0.636475,0.798276,0.122935,1.140866,0.001789,260.730011,10411.000000
1720.000000,298.422760,0.628540,0.121174,0.919922,0.636719,0.800055,0.124554,1.144551,0.007632,252.880005,10547.000000
1721.000000,302.784546,0.630615,0.123002,0.920654,0.638428,0.802080,0.126169,1.152343,0.012840,263.079987,10392.000000
1722.000000,341.427094,0.634888,0.125770,0.923340,0.642334,0.805374,0.128831,1.154018,0.016954,282.579987,10558.000000
1723.000000,327.691132,0.634155,0.122118,0.924194,0.641968,0.805033,0.125201,1.159709,0.014986,280.260010,10512.000000
1724.000000,298.364044,0.633911,0.123865,0.921021,0.641235,0.804473,0.127089,1.157722,0.014087,258.929993,10516.000000
1725.000000,345.165741,0.634766,0.120738,0.919556,0.641602,0.802656,0.124076,1.146864,0.010606,289.619995,10338.000000
1726.000000,285.437103,0.630005,0.116886,0.918091,0.637573,0.798619,0.120337,1.148953,0.006730,259.420013,10515.000000
1727.000000,320.639069,0.631958,0.118520,0.920288,0.639893,0.800497,0.121996,1.154030,0.010812,257.630005,10420.000000
1728.000000,321.242645,0.632324,0.119152,0.922241,0.639893,0.802379,0.122526,1.156037,0.012802,314.959991,10335.000000
1729.000000,301.646729,0.636963,0.122589,0.926270,0.643188,0.806063,0.125754,1.165798,0.021837,256.209991,10351.000000
1730.000000,307.007874,0.637939,0.122429,0.927979,0.645264,0.806604,0.125679,1.170687,0.026462,243.770004,10245.000000
1731.000000,337.559448,0.634888,0.121603,0.921265,0.641602,0.803690,0.124745,1.167757,0.018135,309.880005,10507.000000
1732.000000,327.375702,0.632080,0.118959,0.920898,0.638672,0.801548,0.122109,1.159996,0.009279,249.759995,10429.000000
1733.000000,354.323181,0.637451,0.122204,0.925903,0.645020,0.805626,0.125554,1.165830,0.015975,300.489990,10048.000000
1734.000000,308.745941,0.642212,0.124260,0.928101,0.648926,0.808982,0.127420,1.170619,0.022272,248.589996,10445.000000
1735.000000,295.311981,0.639282,0.122886,0.922852,0.645020,0.804954,0.125825,1.164879,0.019422,267.459991,10162.000000
1736.000000,327.782288,0.636475,0.119444,0.923218,0.642822,0.803286,0.122507,1.161763,0.011523,279.880005,10266.000000
1737.000000,319.025238,0.635986,0.118948,0.925903,0.642212,0.803457,0.122080,1.169066,0.013258,294.779999,10435.000000
1738.000000,328.415436,0.635254,0.119857,0.924438,0.641968,0.803458,0.122862,1.175544,0.015345,276.350006,10347.000000
1739.000000,331.539062,0.637817,0.120700,0.926758,0.643433,0.805475,0.123804,1.175456,0.010492,285.000000,10478.000000
1740.000000,358.365723,0.640137,0.119282,0.927734,0.646362,0.806505,0.122429,1.177565,0.012573,304.790009,10472.000000
1741.000000,329.972198,0.645142,0.121268,0.931274,0.651611,0.810868,0.124657,1.184272,0.018394,260.140015,10306.000000
1742.000000,325.081970,0.644897,0.120190,0.930176,0.650757,0.811626,0.123308,1.184572,0.018021,314.339996,10437.000000
1743.000000,307.538605,0.643311,0.117869,0.929565,0.648315,0.810328,0.120893,1.184381,0.020444,266.890015,10432.000000
1744.000000,356.541199,0.642822,0.117602,0.929688,0.649292,0.809396,0.120876,1.183236,0.019690,282.809998,10321.000000
1745.000000,285.911682,0.640259,0.118198,0.923828,0.646484,0.806350,0.121490,1.174775,0.019396,264.160004,10521.000000
1746.000000,345.396484,0.638428,0.117898,0.923462,0.645142,0.804142,0.121433,1.170387,0.017188,282.799988,10558.000000
1747.000000,300.626251,0.637939,0.119988,0.921265,0.644531,0.802661,0.123466,1.165130,0.016395,275.709991,10580.000000
1748.000000,352.767395,0.637939,0.121225,0.918335,0.643677,0.799725,0.124843,1.161259,0.014826,299.010010,10503.000000
1749.000000,324.322906,0.636353,0.121240,0.916260,0.644409,0.798876,0.125046,1.163735,0.014464,281.130005,10609.000000
1750.000000,303.606049,0.641968,0.123322,0.924805,0.648682,0.805004,0.126884,1.175704,0.016839,275.010010,10292.000000
1751.000000,312.840027,0.643921,0.124338,0.923340,0.651123,0.805478,0.127975,1.175976,0.021957,267.750000,10260.000000
1752.000000,315.186127,0.648560,0.125810,0.925293,0.654907,0.808734,0.129630,1.179017,0.026399,267.480011,10244.000000
1753.000000,326.007660,0.643677,0.123105,0.922119,0.650513,0.803759,0.126943,1.173547,0.024186,288.980011,10290.000000
1754.000000,304.354340,0.643433,0.123425,0.918945,0.650269,0.803636,0.127140,1.166615,0.018499,243.050003,10355.000000
1755.000000,363.939484,0.640991,0.121219,0.918457,0.647095,0.801528,0.124827,1.167344,0.017719,321.549988,10506.000000
1756.000000,304.518341,0.643433,0.123564,0.921997,0.650024,0.803531,0.127785,1.178454,0.025315,273.109985,10492.000000
1757.000000,329.190216,0.645996,0.125931,0.925049,0.652100,0.807772,0.129810,1.183276,0.031446,280.959991,10280.000000
1758.000000,336.360443,0.644775,0.125364,0.923828,0.651367,0.806746,0.129248,1.183544,0.029696,256.649994,10231.000000
1759.000000,342.305115,0.645996,0.124736,0.923340,0.653442,0.806999,0.128949,1.179241,0.025703,308.609985,10244.000000
1760.000000,348.208679,0.648926,0.124761,0.924438,0.655273,0.808203,0.128772,1.182158,0.025928,299.549988,10374.000000
1761.000000,326.144562,0.649536,0.124660,0.924072,0.655884,0.807097,0.128784,1.181383,0.025925,276.799988,10479.000000
1762.000000,330.382935,0.649170,0.123626,0.921143,0.655396,0.805576,0.127407,1.174401,0.018622,288.809998,10378.000000
1763.000000,307.469391,0.646240,0.120404,0.920898,0.652222,0.802954,0.123929,1.175203,0.011557,251.110001,10474.000000
1764.000000,339.248505,0.644287,0.118982,0.922363,0.651123,0.801855,0.122636,1.174523,0.011160,277.890015,10429.000000
1765.000000,364.517426,0.646851,0.118680,0.922607,0.653931,0.804471,0.122093,1.177990,0.013275,310.480011,10305.000000
1766.000000,291.542999,0.649170,0.120258,0.925781,0.654175,0.807447,0.123484,1.181952,0.017290,263.239990,10353.000000
1767.000000,334.533966,0.648071,0.120508,0.926025,0.653442,0.807464,0.123753,1.183170,0.018996,295.700012,10374.000000
1768.000000,328.732452,0.649414,0.119522,0.926025,0.654663,0.808638,0.122819,1.189838,0.015773,279.519989,10206.000000
1769.000000,371.140015,0.649414,0.118625,0.926147,0.654785,0.807394,0.121887,1.190837,0.007663,298.790009,10442.000000
1770.000000,319.897858,0.650391,0.118132,0.927734,0.655762,0.809364,0.121437,1.193629,0.012834,258.859985,10288.000000
1771.000000,334.022461,0.645996,0.116756,0.926880,0.651367,0.806125,0.120024,1.202145,0.015931,253.149994,10378.000000
1772.000000,387.995972,0.649658,0.118253,0.928589,0.654541,0.809736,0.121490,1.198830,0.019403,293.640015,10421.000000
1773.000000,338.886810,0.649536,0.120361,0.926758,0.653931,0.809434,0.123532,1.198014,0.018877,286.320007,10256.000000
1774.000000,329.228302,0.644531,0.117912,0.924561,0.649414,0.805917,0.121051,1.192452,0.012571,266.450012,10412.000000
1775.000000,354.595734,0.637817,0.115346,0.919434,0.643066,0.800488,0.118345,1.177647,0.008307,290.850006,10469.000000
1776.000000,321.054962,0.639893,0.116525,0.923340,0.645020,0.802066,0.119616,1.176704,0.012184,309.010010,10333.000000
1777.000000,349.906921,0.640625,0.119214,0.924194,0.647095,0.803018,0.122459,1.187441,0.021839,294.209991,10230.000000
1778.000000,327.139191,0.645630,0.122542,0.925903,0.650757,0.807742,0.125633,1.193769,0.027367,304.829987,10361.000000
1779.000000,309.243042,0.643921,0.118521,0.928345,0.648560,0.808932,0.121459,1.195719,0.021125,278.140015,10512.000000
1780.000000,309.574890,0.640015,0.117300,0.925293,0.645874,0.806823,0.120655,1.194096,0.017371,233.699997,10534.000000
1781.000000,329.395142,0.640381,0.117667,0.924927,0.644897,0.806433,0.121104,1.190197,0.016791,266.670013,10350.000000
1782.000000,336.738770,0.635864,0.119316,0.917358,0.641724,0.802472,0.122906,1.179951,0.016701,270.540009,10500.000000
1783.000000,316.728546,0.637451,0.121632,0.921631,0.643311,0.804940,0.125337,1.184915,0.023687,294.149994,10108.000000
1784.000000,321.831116,0.640747,0.124118,0.923340,0.648193,0.807743,0.127849,1.196214,0.028672,265.489990,10417.000000
1785.000000,361.038849,0.643066,0.126340,0.927612,0.648682,0.812056,0.129854,1.200831,0.026993,288.250000,10555.000000
1786.000000,334.831970,0.644897,0.125439,0.928467,0.649536,0.813624,0.128571,1.203477,0.021734,285.890015,10174.000000
1787.000000,314.684113,0.647217,0.125281,0.928955,0.652100,0.815434,0.128397,1.210601,0.022384,287.109985,10325.000000
1788.000000,372.898254,0.644287,0.124032,0.924194,0.649780,0.811358,0.127048,1.199026,0.016134,291.410004,10353.000000
1789.000000,309.645142,0.643677,0.122800,0.923706,0.648682,0.810070,0.125708,1.190670,0.014432,273.609985,10315.000000
1790.000000,310.036346,0.640991,0.122370,0.921143,0.646729,0.806647,0.125620,1.189393,0.015997,254.580002,10363.000000
1791.000000,311.271057,0.641113,0.120752,0.925781,0.646973,0.807510,0.124031,1.194766,0.017923,259.700012,10513.000000
1792.000000,336.976685,0.646851,0.122239,0.929565,0.652954,0.812728,0.125653,1.202574,0.026218,267.950012,10467.000000
1793.000000,339.635071,0.645020,0.122837,0.927734,0.650513,0.810645,0.126355,1.202142,0.026580,271.709991,10296.000000
1794.000000,329.061279,0.647705,0.123143,0.925781,0.652710,0.812125,0.126425,1.196871,0.021917,264.359985,10295.000000
1795.000000,312.130127,0.644165,0.120734,0.921753,0.649780,0.807807,0.124274,1.190859,0.017737,248.929993,10260.000000
1796.000000,332.799133,0.643555,0.120836,0.922241,0.649414,0.807921,0.124235,1.194835,0.018015,265.790009,10434.000000
1797.000000,323.628723,0.651489,0.123974,0.928345,0.656982,0.813698,0.127405,1.200296,0.021149,263.720001,10537.000000
1798.000000,328.895782,0.653809,0.125276,0.930420,0.659424,0.816061,0.128539,1.205758,0.028658,279.359985,10281.000000
1799.000000,349.427795,0.654419,0.125415,0.930420,0.661011,0.816539,0.128846,1.208943,0.030553,272.829987,10524.000000
1800.000000,355.527863,0.653809,0.123739,0.928955,0.658813,0.816084,0.126911,1.208756,0.021643,279.100006,10347.000000
1801.000000,336.058594,0.653198,0.122516,0.926025,0.657593,0.814782,0.125535,1.196975,0.012823,246.979996,10493.000000
1802.000000,349.137665,0.653076,0.121478,0.927734,0.657593,0.814229,0.124472,1.198529,0.012156,263.760010,10461.000000
1803.000000,330.903748,0.653931,0.122205,0.929810,0.658813,0.815093,0.125457,1.205656,0.018967,268.250000,10581.000000
1804.000000,328.476044,0.652832,0.124299,0.925659,0.658203,0.814773,0.127449,1.197262,0.023320,279.359985,10512.000000
1805.000000,341.768127,0.655151,0.123681,0.925171,0.660645,0.815171,0.126955,1.191879,0.022851,283.920013,10585.000000
1806.000000,341.518463,0.653931,0.122908,0.925049,0.658447,0.812681,0.125993,1.196343,0.022180,264.579987,10555.000000
1807.000000,301.835754,0.655396,0.123372,0.927490,0.659058,0.814928,0.126343,1.197426,0.021202,252.960007,10342.000000
1808.000000,348.809265,0.651245,0.122247,0.923218,0.656982,0.810454,0.125393,1.191512,0.018299,276.480011,10495.000000
1809.000000,363.524200,0.652100,0.123752,0.925049,0.656494,0.811593,0.126860,1.194157,0.020659,274.480011,10336.000000
1810.000000,325.356812,0.649658,0.123944,0.920288,0.654541,0.807983,0.127279,1.184751,0.021115,294.579987,10532.000000
1811.000000,364.653229,0.650391,0.124662,0.921021,0.655396,0.808426,0.127985,1.183492,0.024209,271.420013,10302.000000
1812.000000,305.204071,0.652344,0.127451,0.925659,0.657104,0.810381,0.131004,1.190238,0.028460,253.880005,10452.000000
1813.000000,348.962311,0.652710,0.127492,0.925659,0.657471,0.810994,0.130772,1.191391,0.030921,287.929993,10159.000000
1814.000000,369.463318,0.653687,0.126217,0.928955,0.658203,0.812983,0.129474,1.192361,0.027744,276.250000,10375.000000
1815.000000,365.941437,0.650269,0.124987,0.922241,0.655151,0.809072,0.128257,1.188166,0.021717,300.519989,10554.000000
1816.000000,355.299347,0.650513,0.123318,0.924194,0.655273,0.809224,0.126684,1.184860,0.022670,273.089996,10535.000000
1817.000000,344.956055,0.649536,0.122431,0.921509,0.655273,0.808803,0.125834,1.181461,0.021840,271.760010,10551.000000
1818.000000,296.176392,0.650757,0.124221,0.923950,0.656128,0.810168,0.127530,1.187351,0.022796,268.510010,10352.000000
1819.000000,349.402466,0.651855,0.123904,0.924927,0.656982,0.811828,0.127136,1.190302,0.026023,282.730011,10442.000000
1820.000000,330.529205,0.647705,0.121251,0.923340,0.652100,0.808637,0.124320,1.190062,0.018085,285.540009,10282.000000
1821.000000,319.184540,0.646484,0.121917,0.923218,0.651245,0.807754,0.124907,1.188500,0.017825,301.200012,10190.000000
1822.000000,361.865967,0.646729,0.122757,0.923706,0.653320,0.809298,0.125884,1.190546,0.023859,311.929993,10543.000000
1823.000000,328.060822,0.651978,0.127492,0.927979,0.656738,0.815040,0.130481,1.199077,0.030289,284.269989,10389.000000
1824.000000,335.672729,0.652710,0.127709,0.927124,0.657593,0.815216,0.130655,1.207510,0.030618,275.149994,10289.000000
1825.000000,373.017395,0.651001,0.126927,0.922241,0.655762,0.812684,0.129744,1.205542,0.025756,288.730011,10503.000000
1826.000000,331.465057,0.647095,0.124200,0.923828,0.653076,0.810805,0.127032,1.201189,0.017973,276.950012,10675.000000
1827.000000,332.211304,0.647339,0.123246,0.921143,0.652344,0.809502,0.126099,1.196726,0.013300,265.440002,10506.000000
1828.000000,339.121246,0.644775,0.123388,0.920044,0.650513,0.807793,0.126309,1.200008,0.014644,266.980011,10667.000000
1829.000000,353.256622,0.649536,0.126376,0.924072,0.655151,0.813086,0.129465,1.205606,0.025162,283.799988,10631.000000
1830.000000,377.401306,0.649048,0.127850,0.923706,0.654785,0.812331,0.130783,1.212186,0.027184,308.190002,10515.000000
1831.000000,336.436096,0.653076,0.126857,0.926880,0.658203,0.816896,0.129649,1.212394,0.023482,273.380005,10459.000000
1832.000000,324.600616,0.647705,0.124537,0.922485,0.653687,0.811886,0.127415,1.207805,0.024211,260.950012,10419.000000
1833.000000,364.338654,0.647339,0.123623,0.922363,0.653076,0.811939,0.126690,1.209401,0.022032,299.470001,10301.000000
1834.000000,311.742889,0.650146,0.126252,0.923828,0.655884,0.814605,0.129210,1.213450,0.025492,264.989990,10350.000000
1835.000000,378.724060,0.648804,0.126520,0.923096,0.655029,0.813721,0.129786,1.210564,0.029876,277.269989,10377.000000
1836.000000,343.237518,0.648926,0.126537,0.922729,0.655396,0.813530,0.129953,1.200887,0.025443,275.760010,10447.000000
1837.000000,308.557861,0.652222,0.126760,0.923584,0.658813,0.815685,0.130346,1.203989,0.025871,251.779999,10473.000000
1838.000000,320.509125,0.654297,0.125787,0.924194,0.659790,0.816326,0.129366,1.203897,0.023426,291.500000,10353.000000
1839.000000,341.311340,0.653198,0.125098,0.922485,0.658325,0.815222,0.128446,1.204899,0.026737,259.649994,10448.000000
1840.000000,332.568390,0.652222,0.125886,0.924316,0.657959,0.814975,0.129318,1.204464,0.027175,258.959991,10275.000000
1841.000000,370.264130,0.651733,0.125294,0.921143,0.657227,0.812679,0.128787,1.206221,0.024586,270.200012,10525.000000
1842.000000,328.998810,0.651733,0.125495,0.922363,0.657593,0.813619,0.128809,1.200594,0.019714,278.470001,10614.000000
1843.000000,338.019287,0.652100,0.126907,0.922974,0.657349,0.814053,0.130128,1.210273,0.024442,292.899994,10555.000000
1844.000000,321.953033,0.655640,0.129657,0.928223,0.659546,0.817193,0.132716,1.213452,0.027598,263.420013,10623.000000
1845.000000,318.471069,0.656006,0.128987,0.923828,0.660400,0.816538,0.132319,1.206935,0.030117,286.890015,10567.000000
1846.000000,326.052307,0.655518,0.127622,0.926270,0.660278,0.815866,0.130879,1.206773,0.030122,249.910004,10475.000000
1847.000000,330.210327,0.656738,0.127391,0.925659,0.661743,0.815742,0.130734,1.208016,0.033242,275.329987,10566.000000
1848.000000,331.844940,0.658081,0.128879,0.924438,0.662598,0.815964,0.132090,1.204639,0.030213,285.899994,10343.000000
1849.000000,316.583618,0.657959,0.127758,0.923340,0.661987,0.815328,0.130980,1.203821,0.024223,268.589996,10656.000000
1850.000000,337.880188,0.656616,0.125812,0.924316,0.661011,0.814838,0.129114,1.202253,0.023822,279.670013,10682.000000
1851.000000,325.981506,0.659790,0.128052,0.926025,0.663696,0.816947,0.131268,1.201027,0.024081,273.299988,10632.000000
1852.000000,299.972626,0.663452,0.130050,0.925537,0.668213,0.818576,0.133330,1.197572,0.026169,237.770004,10583.000000
1853.000000,346.960907,0.659058,0.126302,0.924561,0.663940,0.812934,0.129516,1.194449,0.019955,278.269989,10460.000000
1854.000000,362.793854,0.660034,0.127112,0.922729,0.664429,0.813693,0.130281,1.196405,0.017354,303.989990,10462.000000
1855.000000,308.607025,0.658081,0.129248,0.922607,0.661865,0.812539,0.132491,1.191483,0.014905,266.299988,10508.000000
1856.000000,361.725281,0.658081,0.127669,0.922852,0.662354,0.811985,0.131037,1.197065,0.022189,291.100006,10571.000000
1857.000000,354.177460,0.659058,0.127979,0.925171,0.663574,0.812091,0.131482,1.193853,0.021440,278.079987,10697.000000
1858.000000,359.656158,0.661499,0.129205,0.923706,0.666382,0.813049,0.132715,1.195961,0.026809,291.179993,10594.000000
1859.000000,339.145447,0.660400,0.126140,0.922974,0.664917,0.812237,0.129571,1.199357,0.019712,272.649994,10819.000000
1860.000000,356.429871,0.657349,0.126127,0.920166,0.662231,0.809011,0.129639,1.194904,0.015803,292.239990,10535.000000
1861.000000,308.776672,0.659302,0.127127,0.922241,0.665283,0.811131,0.130782,1.193412,0.020673,260.950012,10441.000000
1862.000000,346.948395,0.660400,0.127866,0.926514,0.666870,0.812905,0.131724,1.201872,0.024905,273.529999,10453.000000
1863.000000,356.694611,0.662109,0.129314,0.926758,0.667603,0.814056,0.133092,1.202232,0.029401,285.269989,10413.000000
1864.000000,333.475891,0.659790,0.128402,0.921143,0.666138,0.811392,0.132170,1.196732,0.025019,268.329987,10700.000000
1865.000000,341.440338,0.661621,0.127657,0.924438,0.666992,0.813757,0.131267,1.196112,0.019976,266.290009,10428.000000
1866.000000,322.860535,0.660889,0.128006,0.925415,0.666382,0.815145,0.131521,1.207747,0.024311,271.500000,10447.000000
1867.000000,337.406982,0.660156,0.129757,0.922974,0.664917,0.814793,0.133003,1.201042,0.025669,275.079987,10563.000000
1868.000000,367.844208,0.659058,0.127623,0.920654,0.664185,0.812910,0.130916,1.193476,0.019803,296.910004,10473.000000
1869.000000,313.917908,0.660278,0.127778,0.922974,0.665894,0.813224,0.131075,1.197446,0.016031,265.640015,9996.000000
1870.000000,319.050293,0.660645,0.128300,0.924683,0.666870,0.814985,0.131609,1.203342,0.021971,274.809998,10277.000000
1871.000000,329.335846,0.658081,0.128281,0.924438,0.663330,0.814060,0.131490,1.204459,0.021823,274.059998,10548.000000
1872.000000,303.438904,0.657104,0.128870,0.920166,0.662354,0.813228,0.132059,1.197822,0.018564,284.929993,10487.000000
1873.000000,336.076874,0.657471,0.131476,0.920410,0.663330,0.814063,0.134762,1.198283,0.023468,255.919998,10585.000000
1874.000000,325.319550,0.655396,0.129315,0.923706,0.660278,0.814539,0.132572,1.203016,0.022410,266.049988,10331.000000
1875.000000,321.512421,0.652832,0.128998,0.922363,0.657959,0.813694,0.132096,1.201267,0.017488,250.949997,10447.000000
1876.000000,351.619812,0.654663,0.129764,0.922485,0.658691,0.814803,0.132896,1.202334,0.020079,281.529999,10506.000000
1877.000000,354.109528,0.654663,0.129946,0.923828,0.659180,0.814394,0.133220,1.202748,0.023471,287.119995,10432.000000
1878.000000,341.393372,0.653809,0.130235,0.921997,0.658081,0.813443,0.133611,1.193614,0.022675,291.929993,10474.000000
1879.000000,346.918518,0.654663,0.129615,0.922119,0.659790,0.814453,0.133111,1.194199,0.022400,265.190002,10521.000000
1880.000000,311.343903,0.651245,0.128752,0.922119,0.656738,0.812881,0.132150,1.198310,0.022322,259.010010,10375.000000
1881.000000,372.500336,0.650879,0.127715,0.923584,0.656128,0.812870,0.131048,1.195853,0.022221,281.220001,10369.000000
1882.000000,326.816528,0.648560,0.127918,0.922729,0.653442,0.812155,0.131076,1.200249,0.018762,287.350006,10323.000000
1883.000000,298.346039,0.649292,0.128659,0.925415,0.653687,0.815147,0.131742,1.205053,0.020674,257.820007,10410.000000
1884.000000,361.855286,0.647095,0.128285,0.921021,0.653076,0.813377,0.131658,1.202424,0.023468,289.089996,10297.000000
1885.000000,342.644867,0.649414,0.128013,0.925293,0.654053,0.815751,0.131376,1.205090,0.022887,284.420013,10689.000000
1886.000000,313.434265,0.651367,0.127691,0.926270,0.656372,0.816676,0.131066,1.206463,0.021999,250.779999,10541.000000
1887.000000,311.111664,0.651001,0.127094,0.926147,0.655029,0.815555,0.130406,1.201085,0.020540,248.119995,10582.000000
1888.000000,300.740875,0.652710,0.128783,0.926270,0.656982,0.817595,0.132018,1.206232,0.027633,251.130005,10349.000000
1889.000000,359.371002,0.654541,0.129571,0.927002,0.659302,0.819174,0.132962,1.208010,0.026847,283.079987,10306.000000
1890.000000,291.725922,0.655273,0.129353,0.925415,0.659790,0.819671,0.132768,1.205690,0.027343,273.269989,10065.000000
1891.000000,335.335083,0.653076,0.127347,0.924805,0.657349,0.817135,0.130799,1.207821,0.026667,272.269989,10161.000000
1892.000000,360.996002,0.651611,0.127264,0.925049,0.655884,0.815751,0.130687,1.207964,0.023596,279.200012,10262.000000
1893.000000,322.732666,0.650146,0.128471,0.920898,0.654785,0.814059,0.131907,1.204581,0.021652,269.309998,10329.000000
1894.000000,375.813019,0.652954,0.128634,0.923706,0.658203,0.816209,0.132011,1.205900,0.022344,293.929993,10411.000000
1895.000000,340.259552,0.650391,0.126585,0.920898,0.656738,0.813267,0.129990,1.203274,0.022098,284.839996,10297.000000
1896.000000,317.575684,0.656128,0.129768,0.925171,0.661743,0.817692,0.133302,1.208659,0.025511,253.940002,10208.000000
1897.000000,339.792511,0.654907,0.129766,0.923218,0.661377,0.816277,0.133441,1.213937,0.029513,263.000000,10261.000000
1898.000000,330.780884,0.657715,0.130285,0.927368,0.663330,0.819161,0.133501,1.215159,0.029080,263.420013,10516.000000
1899.000000,324.609558,0.655762,0.130371,0.923340,0.660645,0.818165,0.133508,1.212394,0.028989,275.869995,10548.000000
1900.000000,330.959656,0.658813,0.130930,0.927246,0.663818,0.820682,0.134131,1.213049,0.028431,263.820007,10243.000000
1901.000000,310.323486,0.658203,0.131215,0.925903,0.662842,0.819979,0.134407,1.213607,0.026895,252.479996,10406.000000
1902.000000,365.809509,0.656616,0.130452,0.922974,0.661011,0.817350,0.133640,1.207681,0.024922,277.880005,10351.000000
1903.000000,352.887878,0.655518,0.129337,0.921387,0.660156,0.814445,0.132550,1.202392,0.022481,267.760010,10219.000000
1904.000000,351.723236,0.653320,0.130042,0.921265,0.657959,0.813049,0.133163,1.200276,0.023941,282.440002,10208.000000
1905.000000,293.047974,0.656616,0.131672,0.922974,0.661621,0.814668,0.134882,1.201767,0.025787,249.949997,10240.000000
1906.000000,331.576416,0.657593,0.131853,0.924561,0.662964,0.815924,0.135099,1.207929,0.022539,252.509995,10286.000000
1907.000000,325.633759,0.654785,0.130141,0.921997,0.660278,0.812324,0.133489,1.207720,0.024168,255.529999,10421.000000
1908.000000,327.571747,0.652832,0.129642,0.921509,0.657104,0.811411,0.132746,1.201109,0.014952,268.260010,10287.000000
1909.000000,319.598419,0.648560,0.127606,0.922729,0.653564,0.809855,0.130752,1.202860,0.015279,251.610001,10247.000000
1910.000000,367.197632,0.653320,0.131217,0.928345,0.658081,0.815155,0.134239,1.209257,0.020784,280.670013,10271.000000
1911.000000,325.400024,0.658447,0.134180,0.928711,0.662842,0.818055,0.137246,1.216372,0.030516,251.949997,10414.000000
1912.000000,308.517181,0.658936,0.130160,0.926758,0.663818,0.818287,0.133322,1.212183,0.025831,257.959991,10191.000000
1913.000000,311.372131,0.655884,0.126618,0.926514,0.661499,0.815702,0.129867,1.207959,0.019682,245.389999,10370.000000
1914.000000,357.507874,0.654053,0.127674,0.922241,0.658936,0.812115,0.130887,1.197247,0.018966,293.529999,10332.000000
1915.000000,314.912384,0.651001,0.124902,0.920654,0.656006,0.809603,0.127922,1.194675,0.015931,267.239990,10318.000000
1916.000000,291.511749,0.652100,0.125432,0.924683,0.657104,0.810646,0.128591,1.200216,0.018378,252.630005,10213.000000
1917.000000,363.783173,0.655029,0.125516,0.924683,0.659790,0.812429,0.128559,1.204319,0.019126,292.190002,10247.000000
1918.000000,298.545563,0.652588,0.123587,0.924194,0.657959,0.809956,0.126777,1.202112,0.017300,231.759995,10163.000000
1919.000000,330.442993,0.650635,0.124657,0.922119,0.656372,0.809086,0.127808,1.195097,0.017810,254.649994,10399.000000
1920.000000,343.456482,0.648193,0.123892,0.922607,0.652954,0.807401,0.126937,1.192768,0.021644,277.320007,10318.000000
1921.000000,361.286530,0.647827,0.124894,0.923584,0.653198,0.807201,0.127892,1.196069,0.023650,282.279999,10423.000000
1922.000000,330.824432,0.649170,0.126159,0.921997,0.655151,0.806767,0.129423,1.193083,0.025727,272.290009,10499.000000
1923.000000,351.491058,0.650513,0.125666,0.923584,0.656250,0.807846,0.129067,1.192871,0.024176,274.890015,10330.000000
1924.000000,336.844147,0.650757,0.126233,0.925781,0.656128,0.808485,0.129321,1.196523,0.030274,285.339996,10340.000000
1925.000000,323.562531,0.650513,0.124734,0.928345,0.655640,0.810095,0.127703,1.201352,0.033732,249.600006,10250.000000
1926.000000,345.834717,0.653198,0.126651,0.926270,0.657959,0.811342,0.129710,1.198011,0.031529,271.019989,10217.000000
1927.000000,340.665070,0.654541,0.125382,0.928711,0.659912,0.813671,0.128580,1.201115,0.029546,262.959991,10319.000000
1928.000000,303.629822,0.653687,0.126503,0.929199,0.658569,0.814001,0.129438,1.208026,0.028408,250.429993,10417.000000
1929.000000,277.908630,0.652832,0.128241,0.922729,0.656738,0.813758,0.131038,1.203289,0.023828,294.940002,10195.000000
1930.000000,330.123627,0.650635,0.127073,0.919556,0.654907,0.811085,0.130122,1.200581,0.026471,273.380005,10392.000000
1931.000000,364.996002,0.653076,0.127847,0.922607,0.657715,0.812432,0.131005,1.207634,0.028693,289.220001,10189.000000
1932.000000,313.993042,0.659058,0.129390,0.931396,0.663696,0.818850,0.132592,1.223040,0.033557,246.500000,10297.000000
1933.000000,349.257019,0.657959,0.126010,0.931152,0.662231,0.819075,0.129194,1.232753,0.033117,274.209991,10354.000000
1934.000000,326.312500,0.653320,0.124106,0.923584,0.657227,0.814227,0.127355,1.219794,0.023489,259.410004,10262.000000
1935.000000,358.228912,0.646851,0.121586,0.918945,0.652222,0.809227,0.124662,1.210967,0.014387,284.640015,10382.000000
1936.000000,332.652374,0.650024,0.124484,0.921509,0.654785,0.812538,0.127526,1.213688,0.020288,281.779999,10236.000000
1937.000000,313.547211,0.650635,0.126489,0.923218,0.655884,0.814083,0.129534,1.219604,0.029831,256.929993,10107.000000
1938.000000,308.256134,0.651978,0.128975,0.922974,0.657471,0.815333,0.132083,1.223608,0.033823,248.929993,10124.000000
1939.000000,330.109436,0.647949,0.125103,0.921143,0.652832,0.812136,0.128252,1.218181,0.025971,287.450012,10204.000000
1940.000000,358.518127,0.648438,0.125673,0.921265,0.653442,0.812131,0.128951,1.213614,0.026502,280.609985,10239.000000
1941.000000,354.136017,0.652222,0.126059,0.924805,0.657227,0.815590,0.129342,1.220859,0.027137,281.660004,10131.000000
1942.000000,355.828186,0.650391,0.126372,0.923950,0.655762,0.814951,0.129597,1.222592,0.027231,291.779999,10110.000000
1943.000000,354.429718,0.648560,0.124861,0.921509,0.653809,0.813149,0.128059,1.215452,0.025461,278.940002,10383.000000
1944.000000,317.573090,0.647949,0.122969,0.924194,0.654175,0.814865,0.126339,1.223957,0.024480,253.000000,10363.000000
1945.000000,328.341827,0.649902,0.127337,0.923584,0.655029,0.816642,0.130539,1.230007,0.034231,257.959991,10516.000000
1946.000000,316.006073,0.651489,0.128413,0.926147,0.656860,0.819249,0.131674,1.226168,0.035962,269.399994,10453.000000
1947.000000,312.118164,0.651855,0.128029,0.925781,0.656982,0.819256,0.131252,1.227209,0.037956,270.609985,10413.000000
1948.000000,343.302551,0.650757,0.127836,0.925293,0.656372,0.818904,0.131241,1.226991,0.034366,260.480011,10298.000000
1949.000000,333.245911,0.651123,0.127227,0.925903,0.657959,0.820343,0.130529,1.227586,0.032683,251.789993,10390.000000
1950.000000,294.167267,0.650635,0.127098,0.924438,0.656250,0.818800,0.130237,1.223350,0.030015,239.949997,10106.000000
1951.000000,306.986664,0.649414,0.125904,0.924194,0.654419,0.818586,0.128973,1.226450,0.032158,263.549988,10364.000000
1952.000000,319.612396,0.645264,0.124145,0.922852,0.650757,0.815152,0.127086,1.220164,0.029760,294.029999,10294.000000
1953.000000,361.863007,0.646729,0.126538,0.921753,0.651733,0.816273,0.129411,1.224533,0.029410,311.049988,10309.000000
1954.000000,357.319916,0.649658,0.128183,0.924927,0.654419,0.818500,0.130971,1.235495,0.033902,256.700012,10199.000000
1955.000000,325.583038,0.648438,0.128262,0.923828,0.653809,0.816605,0.131160,1.226741,0.036461,274.170013,10099.000000
1956.000000,348.867584,0.650635,0.128556,0.921021,0.655151,0.817989,0.131279,1.224559,0.036152,251.000000,9972.000000
1957.000000,321.050629,0.649780,0.128020,0.921631,0.655029,0.817134,0.130715,1.225195,0.036113,270.679993,10217.000000
1958.000000,352.083557,0.652100,0.126813,0.924805,0.656860,0.818364,0.129573,1.230165,0.036151,291.200012,10191.000000
1959.000000,309.176483,0.656982,0.127970,0.928955,0.662598,0.824441,0.130797,1.239355,0.038397,296.649994,10224.000000
1960.000000,323.068451,0.657104,0.127984,0.925781,0.662476,0.822833,0.130953,1.238225,0.038998,252.580002,10076.000000
1961.000000,335.689880,0.654663,0.124161,0.922852,0.661133,0.819903,0.127252,1.234251,0.034930,258.440002,10091.000000
1962.000000,358.430359,0.652222,0.124230,0.921143,0.657837,0.817115,0.127358,1.231475,0.036795,272.279999,10198.000000
1963.000000,350.803833,0.658325,0.128777,0.923706,0.663574,0.820594,0.132101,1.231745,0.043486,286.829987,10031.000000
1964.000000,328.954285,0.657227,0.126926,0.923950,0.663696,0.820165,0.130217,1.239058,0.042264,272.529999,9918.000000
1965.000000,362.035095,0.656494,0.126312,0.923584,0.662720,0.818415,0.129472,1.237788,0.036517,275.329987,10078.000000
1966.000000,337.903442,0.653442,0.124727,0.921997,0.660278,0.817091,0.128076,1.237136,0.039738,255.300003,10328.000000
1967.000000,294.135437,0.651611,0.125910,0.920776,0.658447,0.814961,0.129243,1.225962,0.038931,246.389999,10107.000000
1968.000000,337.418488,0.652954,0.128409,0.919067,0.659546,0.814012,0.131728,1.223270,0.043668,258.720001,10101.000000
1969.000000,353.999878,0.655884,0.130978,0.924683,0.661377,0.816938,0.134395,1.231678,0.046754,295.709991,10020.000000
1970.000000,361.570557,0.655884,0.131862,0.921875,0.661255,0.816321,0.135240,1.232832,0.050362,282.359985,10058.000000
1971.000000,336.464813,0.656372,0.131467,0.923218,0.661987,0.816726,0.134946,1.230277,0.044736,257.450012,10223.000000
1972.000000,325.872620,0.655518,0.129751,0.923950,0.662231,0.816549,0.133314,1.229972,0.044119,260.029999,10125.000000
1973.000000,365.748901,0.658569,0.132519,0.922852,0.665771,0.818200,0.136066,1.227530,0.046483,306.380005,10071.000000
1974.000000,324.018677,0.660889,0.133876,0.924927,0.666748,0.818907,0.137236,1.228893,0.046487,257.670013,10226.000000
1975.000000,329.660736,0.665283,0.135658,0.927124,0.670288,0.821657,0.138991,1.232786,0.049225,251.300003,10069.000000
1976.000000,357.390106,0.663696,0.133511,0.924438,0.669556,0.818949,0.137077,1.227846,0.045077,282.709991,10019.000000
1977.000000,322.276093,0.663940,0.131644,0.924072,0.670654,0.818090,0.135191,1.219837,0.041119,264.190002,10015.000000
1978.000000,382.504669,0.665527,0.132180,0.926758,0.671997,0.819129,0.135732,1.226343,0.047831,300.940002,10298.000000
1979.000000,315.711334,0.668213,0.135343,0.929199,0.673218,0.822578,0.138843,1.228394,0.052584,251.080002,10324.000000
1980.000000,357.831696,0.661255,0.132021,0.921631,0.666260,0.815660,0.135676,1.223144,0.047713,276.750000,10136.000000
1981.000000,361.451599,0.657227,0.129492,0.919067,0.662109,0.811894,0.133276,1.219445,0.037509,272.140015,10032.000000
1982.000000,359.679504,0.656738,0.129720,0.919067,0.660889,0.810825,0.133550,1.217752,0.033514,287.899994,10370.000000
1983.000000,341.010071,0.658203,0.131215,0.922241,0.662964,0.812768,0.134844,1.218863,0.035634,272.220001,10313.000000
1984.000000,352.004303,0.658813,0.131476,0.922607,0.663452,0.811864,0.134957,1.223932,0.035491,282.470001,10181.000000
1985.000000,328.593628,0.659668,0.131772,0.923340,0.664551,0.813231,0.135422,1.224871,0.042198,270.670013,10242.000000
1986.000000,313.920715,0.660645,0.131732,0.923706,0.665405,0.815062,0.135438,1.231506,0.046468,254.860001,10144.000000
1987.000000,356.263947,0.661987,0.130994,0.928223,0.666260,0.816940,0.134401,1.236876,0.047090,272.570007,10110.000000
1988.000000,334.131012,0.659546,0.132010,0.925537,0.663452,0.815332,0.135545,1.235750,0.043278,263.989990,9930.000000
1989.000000,366.228607,0.657593,0.130541,0.923462,0.661621,0.813937,0.134013,1.229899,0.037337,309.309998,10118.000000
1990.000000,338.650177,0.656982,0.129909,0.924316,0.661621,0.814769,0.133364,1.237159,0.041302,280.450012,9911.000000
1991.000000,312.693237,0.662109,0.133179,0.928955,0.666748,0.820858,0.136779,1.247074,0.050396,280.489990,10314.000000
1992.000000,356.338409,0.659180,0.131219,0.926514,0.663696,0.819075,0.134810,1.244459,0.047741,274.350006,10088.000000
1993.000000,343.862061,0.657593,0.130683,0.922119,0.662109,0.817276,0.134415,1.235811,0.045833,269.420013,10099.000000
1994.000000,332.075592,0.651733,0.129105,0.918823,0.655884,0.813136,0.132555,1.225380,0.041022,244.289993,10154.000000
1995.000000,346.309265,0.656006,0.131777,0.924683,0.660767,0.817493,0.135165,1.232172,0.045925,280.290009,9978.000000
1996.000000,352.316528,0.655762,0.132822,0.925415,0.661377,0.817258,0.136425,1.242047,0.049343,280.820007,10038.000000
1997.000000,353.544037,0.659058,0.134422,0.921753,0.663086,0.818884,0.137776,1.239461,0.048694,280.959991,10179.000000
1998.000000,354.206665,0.656128,0.131329,0.921875,0.659790,0.814670,0.134623,1.227558,0.035561,275.920013,10095.000000
1999.000000,307.488281,0.656494,0.130054,0.922119,0.660278,0.815395,0.133472,1.225777,0.036433,249.160004,10023.000000
2000.000000,347.542145,0.656006,0.129124,0.927002,0.659912,0.816712,0.132625,1.234573,0.040518,259.470001,10175.000000
2001.000000,340.275238,0.657593,0.131597,0.923218,0.661011,0.817059,0.135027,1.235425,0.043217,277.489990,10465.000000
2002.000000,338.167847,0.652832,0.130467,0.920044,0.656982,0.813744,0.133927,1.225609,0.037000,296.510010,10217.000000
2003.000000,351.042175,0.654785,0.130072,0.922241,0.658569,0.814912,0.133408,1.225202,0.036059,281.440002,10120.000000
2004.000000,333.037292,0.658813,0.133303,0.925903,0.663574,0.819261,0.136823,1.231837,0.045613,276.959991,9850.000000
2005.000000,326.779724,0.656860,0.133721,0.925903,0.660889,0.817626,0.137056,1.241858,0.050466,237.330002,9995.000000
2006.000000,335.501617,0.655029,0.133295,0.922241,0.659180,0.815034,0.136650,1.232634,0.042074,256.119995,10036.000000
2007.000000,365.759857,0.652466,0.131716,0.920166,0.656738,0.813251,0.134984,1.233408,0.040184,253.440002,10180.000000
2008.000000,324.567902,0.656982,0.133428,0.926758,0.661011,0.817540,0.136582,1.237566,0.043797,254.190002,10017.000000
2009.000000,347.009644,0.657349,0.135308,0.924561,0.661499,0.817320,0.138493,1.235032,0.050265,260.929993,10059.000000
2010.000000,347.538239,0.659058,0.134211,0.924316,0.663818,0.817844,0.137666,1.228038,0.046141,291.920013,10325.000000
2011.000000,339.232544,0.656860,0.132386,0.924072,0.661377,0.815709,0.135869,1.230601,0.045759,265.119995,10355.000000
2012.000000,304.133331,0.659668,0.131344,0.925903,0.664551,0.817227,0.134951,1.233038,0.042658,246.559998,10195.000000
2013.000000,347.591675,0.659058,0.130781,0.925049,0.664795,0.816581,0.134700,1.231951,0.042098,251.179993,9986.000000
2014.000000,304.398438,0.657715,0.130357,0.926880,0.662231,0.815899,0.133894,1.232505,0.038751,263.700012,10138.000000
2015.000000,348.277344,0.660034,0.131076,0.927368,0.664429,0.818170,0.134677,1.231479,0.037711,277.089996,10518.000000
2016.000000,320.007568,0.654907,0.129801,0.922852,0.659180,0.813827,0.133126,1.231037,0.032733,245.729996,10241.000000
2017.000000,365.353149,0.657349,0.128897,0.923950,0.662842,0.816568,0.132165,1.234755,0.040119,277.799988,10120.000000
2018.000000,354.952545,0.657104,0.129838,0.926758,0.661987,0.816728,0.133055,1.243556,0.043089,266.079987,10169.000000
2019.000000,338.356232,0.658691,0.130479,0.922729,0.663086,0.817056,0.133627,1.242676,0.041753,265.470001,9906.000000
2020.000000,355.744019,0.658691,0.130642,0.922852,0.664429,0.816882,0.133920,1.242133,0.039977,268.709991,10124.000000
2021.000000,334.440399,0.658203,0.132490,0.922363,0.663696,0.816418,0.135666,1.240445,0.041275,283.260010,10260.000000
2022.000000,300.739624,0.657837,0.131208,0.922119,0.663574,0.817144,0.134377,1.242940,0.044651,267.089996,10338.000000
2023.000000,314.717651,0.656128,0.131098,0.921143,0.662476,0.815372,0.134475,1.239823,0.044182,266.320007,10242.000000
2024.000000,312.357666,0.653198,0.129853,0.918213,0.659180,0.812958,0.133079,1.238232,0.038703,272.640015,10202.000000
2025.000000,345.632751,0.652832,0.127686,0.921265,0.657715,0.813274,0.130895,1.235647,0.033784,267.720001,10141.000000
2026.000000,347.573975,0.650269,0.128762,0.921997,0.655640,0.812358,0.131938,1.233583,0.033311,287.750000,9915.000000
2027.000000,357.226379,0.652710,0.130774,0.919678,0.658081,0.812840,0.133982,1.227993,0.037054,276.200012,10000.000000
2028.000000,315.622406,0.653198,0.131859,0.920654,0.658569,0.812400,0.135404,1.227243,0.037715,245.570007,10305.000000
2029.000000,334.438477,0.659424,0.134049,0.925293,0.665161,0.818605,0.137717,1.237104,0.043042,249.550003,10011.000000
2030.000000,349.243591,0.659790,0.134239,0.926392,0.665283,0.817774,0.137827,1.240590,0.041502,308.809998,10158.000000
2031.000000,327.924530,0.657837,0.132071,0.922485,0.662354,0.815832,0.135469,1.233820,0.035162,290.519989,10090.000000
2032.000000,377.337708,0.650635,0.129211,0.917358,0.656128,0.809961,0.132434,1.225255,0.027171,283.760010,10084.000000
2033.000000,329.780365,0.650513,0.130570,0.918091,0.655518,0.810185,0.133784,1.226295,0.029890,247.889999,10003.000000
2034.000000,342.094116,0.651123,0.131444,0.923218,0.656494,0.811420,0.134861,1.226395,0.035501,268.390015,10077.000000
2035.000000,335.319550,0.651978,0.131813,0.921143,0.657227,0.810840,0.135235,1.222219,0.034210,278.089996,10203.000000
2036.000000,342.480469,0.648193,0.128599,0.916626,0.652588,0.807119,0.132015,1.214720,0.026187,277.489990,10437.000000
2037.000000,354.607056,0.648926,0.129460,0.916992,0.654419,0.807258,0.132882,1.219670,0.033580,282.200012,10467.000000
2038.000000,310.371643,0.650513,0.131007,0.918823,0.655640,0.807628,0.134512,1.222968,0.036142,257.600006,10160.000000
2039.000000,386.692505,0.651001,0.128841,0.922119,0.655396,0.808398,0.132337,1.225501,0.035676,291.429993,10295.000000
2040.000000,308.476959,0.652588,0.128908,0.928345,0.657471,0.812349,0.132344,1.236581,0.042263,265.850006,10448.000000
2041.000000,366.011627,0.655273,0.131470,0.928589,0.659912,0.815822,0.134850,1.244174,0.046060,276.040009,10115.000000
2042.000000,325.106689,0.651367,0.129129,0.924805,0.654663,0.812367,0.132409,1.238541,0.040159,266.540009,10196.000000
2043.000000,355.344208,0.648560,0.126750,0.922119,0.653076,0.810683,0.129984,1.227730,0.033321,279.209991,9941.000000
2044.000000,357.938873,0.646606,0.125719,0.922241,0.651611,0.809484,0.128924,1.226865,0.036359,282.489990,10140.000000
2045.000000,344.238800,0.649170,0.128920,0.923950,0.653442,0.811467,0.132270,1.236817,0.042997,266.329987,10066.000000
2046.000000,333.925140,0.648682,0.127831,0.923584,0.654541,0.810201,0.131359,1.233279,0.040906,258.820007,10143.000000
2047.000000,333.973694,0.647705,0.126961,0.920410,0.651611,0.808928,0.130147,1.227283,0.033256,276.730011,10037.000000
2048.000000,349.952271,0.646851,0.126556,0.922974,0.651978,0.809099,0.129902,1.234152,0.032937,288.140015,10270.000000
2049.000000,362.229126,0.651367,0.128741,0.927124,0.655273,0.812930,0.131944,1.245099,0.038998,277.920013,10238.000000
2050.000000,361.847992,0.653198,0.129676,0.927734,0.656982,0.814918,0.132772,1.247195,0.041683,282.529999,10235.000000
2051.000000,354.803925,0.654053,0.129903,0.926880,0.658447,0.816212,0.132902,1.253773,0.044274,284.989990,10158.000000
2052.000000,346.446259,0.651001,0.129560,0.924438,0.655396,0.814024,0.132438,1.250629,0.043222,269.829987,10161.000000
2053.000000,329.096558,0.649536,0.129685,0.923462,0.653564,0.813730,0.132450,1.249511,0.040173,256.670013,10062.000000
2054.000000,346.005432,0.645874,0.128477,0.921387,0.650024,0.811768,0.131278,1.246949,0.035904,286.839996,9973.000000
2055.000000,324.976624,0.645386,0.127670,0.920166,0.649658,0.811339,0.130562,1.244346,0.035754,282.429993,10141.000000
2056.000000,295.235352,0.647095,0.132250,0.919434,0.651855,0.812333,0.135254,1.240798,0.042878,234.880005,10054.000000
2057.000000,359.677673,0.647217,0.131622,0.920776,0.652466,0.812245,0.134978,1.238052,0.042122,293.779999,10147.000000
2058.000000,331.151031,0.648926,0.132601,0.923096,0.654297,0.814656,0.136085,1.246302,0.042917,252.460007,10148.000000
2059.000000,335.814667,0.653320,0.133928,0.922852,0.659180,0.816988,0.137417,1.251199,0.043392,275.079987,10199.000000
2060.000000,320.374084,0.658203,0.134175,0.925781,0.664429,0.819659,0.137911,1.262741,0.048131,230.759995,10291.000000
2061.000000,343.789490,0.658813,0.133686,0.927124,0.663940,0.820295,0.136947,1.269827,0.047092,252.990005,10070.000000
2062.000000,363.176849,0.653809,0.131392,0.921753,0.658813,0.815090,0.134599,1.258566,0.036716,260.480011,10074.000000
2063.000000,354.205170,0.654419,0.130804,0.920898,0.659302,0.814679,0.134117,1.256488,0.036869,300.209991,10336.000000
2064.000000,358.347473,0.653687,0.131451,0.921631,0.658203,0.813848,0.134589,1.254529,0.034304,271.820007,10314.000000
2065.000000,369.196106,0.656494,0.133692,0.923706,0.661377,0.817144,0.136888,1.256218,0.039390,269.179993,9904.000000
2066.000000,389.118164,0.660156,0.135486,0.926392,0.663818,0.820902,0.138447,1.264128,0.042666,283.809998,10146.000000
2067.000000,359.840637,0.663086,0.132541,0.926147,0.667969,0.821983,0.135585,1.263221,0.037545,256.470001,9871.000000
2068.000000,323.186829,0.662354,0.131904,0.925171,0.665771,0.821124,0.134723,1.263701,0.031954,262.730011,10044.000000
2069.000000,315.814789,0.663208,0.132842,0.924927,0.667480,0.820448,0.135810,1.265987,0.037897,245.389999,10114.000000
2070.000000,355.241852,0.664062,0.132271,0.927002,0.667603,0.821320,0.135046,1.264443,0.039609,281.920013,10121.000000
2071.000000,304.658813,0.666504,0.132583,0.926025,0.671997,0.822153,0.135378,1.267308,0.039968,233.479996,10026.000000
2072.000000,357.327789,0.664917,0.132784,0.925903,0.667603,0.820859,0.135405,1.272727,0.038557,276.170013,10283.000000
2073.000000,352.164093,0.666504,0.132062,0.925293,0.670654,0.822384,0.134927,1.268551,0.036349,265.609985,10263.000000
2074.000000,315.584534,0.665527,0.131714,0.925659,0.669312,0.820577,0.134559,1.265903,0.035984,230.039993,10168.000000
2075.000000,369.330048,0.665283,0.130087,0.922729,0.668945,0.818948,0.133077,1.260603,0.033617,267.570007,10291.000000
2076.000000,353.054291,0.665405,0.129703,0.923950,0.669434,0.819597,0.132763,1.265398,0.033432,268.929993,10361.000000
2077.000000,330.025635,0.665161,0.129035,0.923950,0.669434,0.820003,0.132118,1.265087,0.033483,263.170013,10154.000000
2078.000000,344.658722,0.670044,0.130362,0.930420,0.673218,0.824867,0.133381,1.272905,0.037413,263.910004,10202.000000
2079.000000,341.247620,0.668823,0.129440,0.929321,0.672974,0.824062,0.132397,1.275472,0.043356,260.250000,10212.000000
2080.000000,335.364166,0.667969,0.127741,0.924683,0.671753,0.822289,0.130697,1.271168,0.033481,262.109985,9966.000000
2081.000000,344.366577,0.663086,0.126723,0.921875,0.667725,0.817849,0.129800,1.264490,0.030323,267.640015,10350.000000
2082.000000,366.304932,0.664062,0.130948,0.919800,0.668213,0.817547,0.133958,1.259741,0.032854,286.929993,10251.000000
2083.000000,324.878540,0.661499,0.131371,0.917725,0.665649,0.815430,0.134362,1.259706,0.033289,241.779999,10303.000000
2084.000000,339.223846,0.662964,0.134812,0.918579,0.667358,0.817242,0.137948,1.263726,0.038644,298.470001,10310.000000
2085.000000,353.627106,0.660522,0.134084,0.918823,0.665527,0.816124,0.137288,1.265157,0.036687,276.190002,10522.000000
2086.000000,326.434265,0.663330,0.134219,0.923462,0.667480,0.821113,0.137405,1.275557,0.043249,277.489990,10410.000000
2087.000000,380.865082,0.665771,0.135318,0.926270,0.670410,0.824303,0.138509,1.281781,0.049668,267.100006,10148.000000
2088.000000,348.778687,0.669434,0.138417,0.928711,0.673096,0.827000,0.141468,1.282866,0.048427,264.559998,10188.000000
2089.000000,323.747284,0.666992,0.136756,0.924072,0.670776,0.825018,0.139924,1.276341,0.044914,244.190002,10331.000000
2090.000000,358.672699,0.661255,0.134169,0.917969,0.666016,0.818637,0.137415,1.261691,0.035588,264.959991,10176.000000
2091.000000,334.315704,0.661133,0.135375,0.918579,0.665649,0.818823,0.138475,1.259348,0.035753,283.869995,10186.000000
2092.000000,330.845398,0.662964,0.136279,0.921143,0.666748,0.820094,0.139427,1.266805,0.043135,260.910004,10219.000000
2093.000000,387.103790,0.666138,0.137299,0.924438,0.671021,0.822386,0.140407,1.271253,0.047892,300.019989,9963.000000
2094.000000,315.574890,0.665283,0.134170,0.925171,0.669312,0.821732,0.137239,1.276601,0.043527,246.300003,10174.000000
2095.000000,353.798584,0.666992,0.136313,0.925781,0.671509,0.824827,0.139389,1.278660,0.046977,263.059998,10332.000000
2096.000000,325.847198,0.666382,0.136133,0.924927,0.670288,0.823059,0.139135,1.270401,0.046567,261.769989,10193.000000
2097.000000,339.446899,0.663330,0.135396,0.920776,0.668091,0.819511,0.138656,1.267071,0.045015,284.299988,10141.000000
2098.000000,351.712250,0.666992,0.137519,0.925293,0.670654,0.823678,0.140711,1.269820,0.048116,273.899994,10114.000000
2099.000000,297.310486,0.667114,0.135870,0.928955,0.671875,0.824510,0.139149,1.284055,0.053070,230.080002,10209.000000
2100.000000,317.837372,0.665894,0.137832,0.924561,0.668945,0.824151,0.140756,1.284090,0.046391,262.989990,10110.000000
2101.000000,348.686798,0.661255,0.133990,0.920044,0.665283,0.819917,0.136973,1.276185,0.039397,307.059998,10040.000000
2102.000000,368.183960,0.662720,0.136258,0.922119,0.665771,0.821840,0.139212,1.277094,0.042363,271.679993,10070.000000
2103.000000,361.630432,0.660767,0.136224,0.922729,0.664429,0.820578,0.139507,1.274415,0.046519,278.410004,10130.000000
2104.000000,343.286285,0.662598,0.136015,0.925659,0.666748,0.823273,0.139310,1.283717,0.047852,253.660004,10047.000000
2105.000000,339.023499,0.665649,0.136492,0.928833,0.669678,0.826910,0.140057,1.291478,0.054135,257.660004,10282.000000
2106.000000,387.913330,0.670776,0.139050,0.929443,0.674072,0.830260,0.142494,1.295002,0.055979,286.649994,10141.000000
2107.000000,344.114777,0.666504,0.135965,0.925781,0.670654,0.826103,0.139334,1.291192,0.050907,270.309998,10244.000000
2108.000000,354.802612,0.663330,0.133781,0.922241,0.666870,0.823503,0.137168,1.283652,0.046225,270.470001,10104.000000
2109.000000,332.431213,0.663696,0.137233,0.920898,0.668823,0.823208,0.140894,1.277280,0.050711,266.059998,10200.000000
2110.000000,365.000061,0.661865,0.138317,0.921265,0.666016,0.821507,0.141755,1.279935,0.051474,258.230011,10206.000000
2111.000000,316.109863,0.666260,0.139031,0.927002,0.670288,0.826385,0.142594,1.284961,0.052300,244.240005,10471.000000
2112.000000,320.548492,0.663452,0.135987,0.923828,0.667480,0.824076,0.139573,1.284865,0.048481,227.789993,10585.000000
2113.000000,405.983643,0.665649,0.134798,0.922729,0.670044,0.825576,0.138422,1.282986,0.045511,312.989990,10306.000000
2114.000000,320.714111,0.664673,0.134889,0.922485,0.668701,0.824820,0.138448,1.286466,0.041680,275.000000,10244.000000
2115.000000,320.021149,0.662720,0.134489,0.921265,0.666626,0.824010,0.137875,1.287789,0.036238,251.169998,10322.000000
2116.000000,378.666809,0.662109,0.133312,0.921997,0.667603,0.824432,0.136850,1.288692,0.037540,276.279999,10023.000000
2117.000000,331.517273,0.663696,0.134866,0.923218,0.668457,0.825767,0.138325,1.288673,0.044180,250.699997,10017.000000
2118.000000,362.453461,0.665649,0.136608,0.921875,0.671265,0.827639,0.140038,1.288295,0.049838,272.390015,10321.000000
2119.000000,339.525024,0.663818,0.136135,0.921875,0.668823,0.825547,0.139506,1.289378,0.051031,268.140015,10271.000000
2120.000000,323.121521,0.664673,0.137115,0.921875,0.668701,0.826513,0.140254,1.287898,0.050109,240.759995,10320.000000
2121.000000,329.091766,0.663330,0.139129,0.919312,0.668213,0.823450,0.142329,1.284024,0.053726,248.619995,10121.000000
2122.000000,359.540680,0.663330,0.139879,0.918579,0.668335,0.823338,0.142889,1.276734,0.052161,262.339996,9983.000000
2123.000000,401.587524,0.663696,0.139185,0.919312,0.667969,0.822138,0.142161,1.274091,0.049106,277.910004,10099.000000
2124.000000,322.889008,0.665894,0.139707,0.923218,0.669922,0.823357,0.142566,1.279502,0.052715,238.360001,10139.000000
2125.000000,348.674103,0.668823,0.139280,0.925171,0.672729,0.825237,0.142109,1.286600,0.052462,267.059998,10077.000000
2126.000000,368.937378,0.671387,0.140182,0.923096,0.675049,0.825916,0.142997,1.283926,0.053368,274.420013,10093.000000
2127.000000,315.561035,0.672729,0.140153,0.924316,0.677734,0.826727,0.143008,1.283413,0.052310,242.559998,10064.000000
2128.000000,326.870331,0.674683,0.141370,0.926025,0.678589,0.828204,0.144130,1.288054,0.060416,235.419998,9897.000000
2129.000000,352.805237,0.674805,0.140718,0.926025,0.678345,0.827820,0.143745,1.289093,0.057573,264.089996,9839.000000
2130.000000,333.296814,0.671265,0.137575,0.922974,0.675537,0.824149,0.140826,1.285566,0.056047,269.589996,9871.000000
2131.000000,330.863678,0.671875,0.139391,0.922241,0.676270,0.824678,0.142649,1.285085,0.054673,251.039993,10217.000000
2132.000000,346.436340,0.673218,0.139738,0.922241,0.677002,0.825387,0.142809,1.289061,0.057010,246.470001,10009.000000
2133.000000,352.238953,0.673584,0.139735,0.923706,0.678223,0.824317,0.143045,1.290517,0.055905,269.679993,10190.000000
2134.000000,355.784546,0.673462,0.140709,0.919312,0.678467,0.823293,0.143858,1.285626,0.052296,266.519989,10180.000000
2135.000000,372.309357,0.671997,0.139507,0.918213,0.676636,0.821662,0.142631,1.283797,0.044456,283.760010,10214.000000
2136.000000,340.518280,0.671875,0.138890,0.921021,0.676880,0.822612,0.142006,1.286585,0.048565,267.149994,10105.000000
2137.000000,325.946533,0.673462,0.140175,0.923218,0.678101,0.825022,0.143273,1.292079,0.050376,261.869995,10146.000000
2138.000000,353.957214,0.671875,0.137920,0.922974,0.677002,0.824069,0.141129,1.292569,0.046303,266.760010,10232.000000
2139.000000,344.514435,0.673462,0.136400,0.922241,0.677734,0.825135,0.139419,1.290349,0.043901,273.829987,10118.000000
2140.000000,357.463409,0.670044,0.132728,0.923096,0.675171,0.823552,0.135843,1.287148,0.038892,265.010010,10131.000000
2141.000000,355.085114,0.671387,0.136005,0.923096,0.676025,0.824884,0.139032,1.293825,0.043517,254.369995,10025.000000
2142.000000,370.166199,0.670166,0.135571,0.924561,0.675659,0.826362,0.138560,1.295715,0.047115,271.950012,9770.000000
2143.000000,338.206177,0.670166,0.133732,0.923340,0.674561,0.825286,0.136952,1.293888,0.046485,247.910004,9910.000000
2144.000000,357.868683,0.665161,0.131331,0.919678,0.671021,0.821983,0.134706,1.287641,0.043085,263.619995,10081.000000
2145.000000,338.431610,0.665405,0.132263,0.919067,0.670410,0.821286,0.135581,1.286860,0.045605,289.850006,10052.000000
2146.000000,372.838806,0.668091,0.133022,0.922119,0.672974,0.824739,0.136256,1.294455,0.052588,290.369995,9971.000000
2147.000000,323.711884,0.671753,0.136907,0.925171,0.677490,0.829317,0.140311,1.298118,0.063386,233.759995,9944.000000
2148.000000,360.687775,0.669922,0.136516,0.923584,0.674438,0.827688,0.139668,1.294633,0.061294,287.790009,9968.000000
2149.000000,317.422302,0.666748,0.135037,0.920654,0.672607,0.825160,0.138322,1.288492,0.058729,252.899994,10195.000000
2150.000000,351.988159,0.664551,0.136718,0.918579,0.669922,0.823429,0.140076,1.286021,0.059321,278.540009,10255.000000
2151.000000,348.435730,0.666382,0.138024,0.919922,0.671021,0.825244,0.141182,1.288651,0.062396,277.670013,10319.000000
2152.000000,351.710632,0.663696,0.136227,0.919067,0.669922,0.823381,0.139787,1.291514,0.059303,256.269989,10153.000000
2153.000000,389.376953,0.667480,0.138612,0.924438,0.671875,0.826998,0.142003,1.301055,0.065804,275.559998,10090.000000
2154.000000,371.827148,0.667358,0.138717,0.922852,0.672241,0.825587,0.142314,1.293570,0.067960,281.140015,10161.000000
2155.000000,370.394318,0.669922,0.138963,0.921875,0.674927,0.827718,0.142513,1.292417,0.068462,263.059998,10119.000000
2156.000000,343.150574,0.670044,0.137259,0.926636,0.674927,0.829060,0.140909,1.298642,0.065716,259.290009,10100.000000
2157.000000,366.166260,0.665039,0.134643,0.921021,0.670410,0.824798,0.138219,1.293550,0.061112,262.799988,10103.000000
2158.000000,389.682648,0.666992,0.135971,0.920410,0.671997,0.824497,0.139522,1.292029,0.063103,273.470001,10012.000000
2159.000000,338.649597,0.665405,0.134767,0.921387,0.670410,0.823814,0.138329,1.292793,0.063822,246.350006,10172.000000
2160.000000,352.270813,0.664551,0.136966,0.919312,0.669922,0.822310,0.140336,1.287459,0.061603,257.959991,9837.000000
2161.000000,375.003082,0.665283,0.136523,0.920166,0.669189,0.823635,0.139937,1.291305,0.060716,275.100006,10297.000000
2162.000000,323.392731,0.662231,0.136054,0.918823,0.667603,0.821104,0.139628,1.284748,0.063679,228.779999,10131.000000
2163.000000,354.966034,0.667725,0.141226,0.920410,0.673340,0.824762,0.144872,1.286185,0.070357,272.959991,9982.000000
2164.000000,364.807648,0.671265,0.143045,0.922363,0.676270,0.826243,0.146855,1.285398,0.077920,263.690002,9974.000000
2165.000000,356.880310,0.673584,0.143286,0.922607,0.678345,0.826827,0.146982,1.285630,0.075645,283.769989,9982.000000
2166.000000,321.750244,0.678345,0.142938,0.927002,0.683228,0.830402,0.146674,1.294708,0.071581,233.919998,10050.000000
2167.000000,358.562103,0.678589,0.142320,0.929932,0.682495,0.831475,0.145745,1.297282,0.066518,265.940002,9937.000000
2168.000000,341.274597,0.678589,0.140993,0.925903,0.682617,0.831673,0.144255,1.292784,0.065026,243.669998,10017.000000
2169.000000,336.584351,0.677979,0.139040,0.927002,0.682495,0.831423,0.142464,1.294616,0.064563,256.399994,10052.000000
2170.000000,393.881042,0.675781,0.137442,0.925659,0.680176,0.828865,0.140825,1.292511,0.060548,276.980011,10091.000000
2171.000000,353.407532,0.673584,0.137489,0.921875,0.678101,0.826236,0.140875,1.288398,0.055694,251.000000,10294.000000
2172.000000,343.293793,0.673950,0.137559,0.921631,0.677246,0.825786,0.140804,1.286198,0.051224,252.080002,10259.000000
2173.000000,371.005951,0.674316,0.137628,0.921509,0.678467,0.826935,0.141105,1.295189,0.056872,277.070007,10320.000000
2174.000000,340.420776,0.673950,0.139524,0.921265,0.678101,0.826106,0.142866,1.291499,0.059750,251.800003,10226.000000
2175.000000,367.558136,0.674927,0.139545,0.923950,0.679443,0.827513,0.142851,1.294322,0.062732,264.309998,10180.000000
2176.000000,400.212463,0.674438,0.139662,0.922974,0.678833,0.827729,0.142871,1.294760,0.066483,297.470001,10242.000000
2177.000000,359.671295,0.667725,0.134690,0.917725,0.672729,0.821140,0.138012,1.290420,0.057805,276.440002,10154.000000
2178.000000,345.802063,0.668457,0.137652,0.918213,0.673706,0.822352,0.140997,1.285695,0.056119,247.029999,10196.000000
2179.000000,358.429138,0.666138,0.138475,0.914917,0.671509,0.820940,0.141808,1.281570,0.058348,274.559998,10036.000000
2180.000000,355.792419,0.668701,0.140189,0.919922,0.673096,0.822725,0.143468,1.281456,0.062781,277.170013,10196.000000
2181.000000,337.055786,0.670288,0.141597,0.921509,0.676270,0.825310,0.145179,1.286924,0.066872,245.630005,10386.000000
2182.000000,394.871796,0.669800,0.140702,0.920776,0.676025,0.824545,0.144596,1.291596,0.066767,282.910004,10116.000000
2183.000000,335.045868,0.666260,0.138106,0.919800,0.671997,0.822764,0.141936,1.288933,0.065477,252.529999,10384.000000
2184.000000,337.555267,0.666016,0.139160,0.921265,0.671875,0.824395,0.142983,1.292529,0.064593,257.420013,10137.000000
2185.000000,360.361237,0.663818,0.138698,0.919189,0.669678,0.822947,0.142403,1.293917,0.064040,250.229996,10071.000000
2186.000000,342.180145,0.661743,0.136374,0.919678,0.667969,0.822712,0.140248,1.292726,0.067418,254.800003,10235.000000
2187.000000,358.842896,0.664185,0.139298,0.921631,0.670166,0.825579,0.143060,1.290636,0.069353,252.820007,10111.000000
2188.000000,349.657745,0.662231,0.138924,0.919678,0.667603,0.823272,0.142817,1.287399,0.068624,253.929993,10374.000000
2189.000000,317.822571,0.661011,0.137864,0.918823,0.667114,0.821913,0.141933,1.281874,0.062843,246.440002,9820.000000
2190.000000,352.633026,0.663208,0.136779,0.921753,0.667847,0.823490,0.140607,1.281544,0.057107,252.389999,10398.000000
2191.000000,318.949493,0.662231,0.137637,0.920288,0.667969,0.823068,0.141780,1.285082,0.063874,239.820007,10306.000000
2192.000000,336.769867,0.665405,0.138956,0.923218,0.670288,0.825902,0.143062,1.292806,0.068002,236.610001,10310.000000
2193.000000,339.636383,0.662109,0.137082,0.921143,0.666748,0.823458,0.141404,1.291529,0.065686,241.570007,10019.000000
2194.000000,345.225952,0.663330,0.138743,0.922485,0.667969,0.824784,0.142983,1.289241,0.067857,251.149994,10422.000000
2195.000000,379.127686,0.663940,0.137297,0.923706,0.668213,0.823748,0.141661,1.285935,0.069263,278.750000,10380.000000
2196.000000,341.303680,0.661743,0.136832,0.922485,0.665894,0.822511,0.141057,1.279117,0.065454,249.649994,10397.000000
2197.000000,371.016998,0.663208,0.137221,0.922974,0.667969,0.823995,0.141432,1.278800,0.062864,270.859985,10145.000000
2198.000000,374.598938,0.664551,0.138918,0.923706,0.667969,0.825431,0.142780,1.281710,0.069333,268.839996,10202.000000
2199.000000,332.339935,0.665894,0.140857,0.919556,0.669678,0.824290,0.144820,1.273906,0.069624,261.269989,10288.000000
2200.000000,347.868866,0.663330,0.137603,0.920532,0.667969,0.821248,0.141706,1.270823,0.065354,263.980011,10176.000000
2201.000000,338.877930,0.664917,0.138510,0.922607,0.669189,0.823158,0.142672,1.280638,0.070470,243.300003,10187.000000
2202.000000,310.524261,0.661987,0.138925,0.919434,0.666626,0.820768,0.143165,1.277880,0.066866,241.970001,9566.000000
2203.000000,356.483276,0.661011,0.138752,0.916870,0.666138,0.820499,0.142678,1.281084,0.062645,272.809998,10281.000000
2204.000000,364.270721,0.664429,0.140930,0.923584,0.669678,0.825505,0.144588,1.294986,0.066527,267.470001,10326.000000
2205.000000,350.532837,0.669067,0.142894,0.925903,0.674927,0.829825,0.146619,1.298912,0.071080,268.750000,10503.000000
2206.000000,347.676025,0.674072,0.144393,0.928467,0.678833,0.834784,0.148250,1.305169,0.074444,261.739990,10124.000000
2207.000000,340.670288,0.673950,0.142678,0.927490,0.678345,0.832710,0.146319,1.305022,0.073546,250.899994,10312.000000
2208.000000,343.063812,0.670288,0.138016,0.924927,0.674072,0.830823,0.141707,1.300151,0.067130,246.100006,10413.000000
2209.000000,338.103973,0.666992,0.137265,0.922607,0.672363,0.828210,0.141059,1.296225,0.066535,272.619995,10477.000000
2210.000000,386.471741,0.667236,0.137777,0.923096,0.671753,0.827997,0.141522,1.294124,0.067284,291.880005,10442.000000
2211.000000,345.276794,0.666260,0.138540,0.920410,0.671265,0.827062,0.142102,1.286633,0.069137,250.649994,10532.000000
2212.000000,377.737946,0.664673,0.139937,0.920166,0.670532,0.825385,0.143690,1.288350,0.076451,272.179993,10235.000000
2213.000000,361.232910,0.668701,0.141601,0.921997,0.673828,0.828416,0.145345,1.293669,0.079793,286.380005,10554.000000
2214.000000,359.647583,0.671509,0.144323,0.922974,0.677124,0.829781,0.148030,1.300043,0.081005,270.670013,10388.000000
2215.000000,329.177673,0.668335,0.143461,0.918335,0.673340,0.825144,0.146917,1.296066,0.076912,251.940002,10296.000000
2216.000000,351.105103,0.667847,0.142819,0.920044,0.671509,0.825806,0.146256,1.296149,0.068408,265.209991,10345.000000
2217.000000,368.105927,0.666626,0.140597,0.920532,0.670898,0.824696,0.144297,1.300547,0.070301,291.600006,10653.000000
2218.000000,365.338867,0.668945,0.144051,0.921265,0.674194,0.827037,0.147784,1.303067,0.075813,258.880005,10447.000000
2219.000000,326.910736,0.669189,0.143863,0.919312,0.673096,0.826255,0.147348,1.295806,0.074445,248.460007,10364.000000
2220.000000,327.150085,0.666748,0.143440,0.915771,0.671509,0.823005,0.146996,1.291234,0.073029,252.399994,10093.000000
2221.000000,325.312714,0.666138,0.143834,0.915039,0.671753,0.822181,0.147442,1.287071,0.070827,248.479996,10229.000000
2222.000000,391.947876,0.669189,0.145640,0.918823,0.673096,0.825152,0.149088,1.293352,0.072244,304.179993,10271.000000
2223.000000,326.066284,0.672607,0.144681,0.923584,0.677734,0.828218,0.148297,1.302227,0.075495,235.149994,10269.000000
2224.000000,368.186798,0.673828,0.145183,0.922729,0.678467,0.827181,0.148875,1.307362,0.075478,273.350006,10353.000000
2225.000000,416.985748,0.672485,0.144487,0.920532,0.676392,0.825101,0.148350,1.296942,0.067296,310.910004,10241.000000
2226.000000,345.020966,0.669434,0.140923,0.919067,0.674561,0.822082,0.144899,1.293617,0.067822,246.720001,10099.000000
2227.000000,351.112701,0.672974,0.144533,0.924927,0.677002,0.827229,0.148342,1.303307,0.076511,254.860001,10237.000000
2228.000000,347.580780,0.676758,0.149634,0.924561,0.681885,0.830211,0.153564,1.307124,0.083916,245.610001,10166.000000
2229.000000,335.288666,0.677246,0.148408,0.924072,0.680908,0.829478,0.152541,1.301955,0.077923,242.009995,10177.000000
2230.000000,361.313171,0.673950,0.146575,0.921021,0.677979,0.826769,0.150681,1.297573,0.073467,261.380005,10256.000000
2231.000000,349.991180,0.671387,0.145930,0.918823,0.677612,0.824828,0.150411,1.289545,0.068190,252.110001,10206.000000
2232.000000,369.776245,0.671997,0.146290,0.918213,0.676636,0.824441,0.150574,1.287248,0.066936,276.630005,10410.000000
2233.000000,348.832703,0.673096,0.148766,0.917603,0.678589,0.823531,0.153079,1.288741,0.073767,263.640015,10216.000000
2234.000000,363.350372,0.678467,0.149988,0.921753,0.683228,0.827652,0.154212,1.296963,0.078172,258.269989,10327.000000
2235.000000,349.454742,0.679199,0.148227,0.924194,0.683838,0.828763,0.152370,1.304971,0.076516,255.389999,10323.000000
2236.000000,344.840973,0.677246,0.146975,0.922607,0.681519,0.827495,0.151077,1.308697,0.072498,264.850006,10378.000000
2237.000000,356.736786,0.673340,0.144206,0.920654,0.677856,0.825048,0.148050,1.299749,0.064849,256.850006,10422.000000
2238.000000,368.722137,0.673462,0.146568,0.919312,0.677979,0.824804,0.150278,1.293993,0.067815,260.700012,10231.000000
2239.000000,352.888275,0.673828,0.146421,0.923096,0.678589,0.826532,0.150288,1.296942,0.071364,248.229996,10068.000000
2240.000000,345.689178,0.674438,0.145880,0.923584,0.678955,0.826708,0.149801,1.296336,0.073982,252.820007,10045.000000
2241.000000,361.504517,0.671753,0.145459,0.918945,0.676392,0.823958,0.149625,1.288468,0.073794,250.419998,10150.000000
2242.000000,340.023346,0.666260,0.144420,0.912354,0.670898,0.818172,0.148624,1.278337,0.071362,246.190002,10299.000000
2243.000000,328.162323,0.668091,0.143942,0.915771,0.673340,0.819572,0.148121,1.278198,0.072829,242.589996,10141.000000
2244.000000,348.340302,0.667969,0.144929,0.919067,0.673096,0.820220,0.148907,1.287951,0.074534,262.899994,10117.000000
2245.000000,330.529480,0.671509,0.149275,0.922485,0.676392,0.824885,0.153165,1.296173,0.079362,230.770004,10181.000000
2246.000000,346.800537,0.674194,0.149735,0.924316,0.678467,0.827936,0.153395,1.301587,0.080679,256.570007,10221.000000
2247.000000,332.220612,0.674805,0.152461,0.923584,0.679077,0.828740,0.156008,1.303808,0.082252,239.559998,10148.000000
2248.000000,390.391693,0.677124,0.152744,0.923096,0.680908,0.830001,0.156286,1.301694,0.081972,278.779999,10282.000000
2249.000000,385.493866,0.681519,0.151569,0.926147,0.685425,0.831984,0.155289,1.302312,0.078833,266.899994,10244.000000
2250.000000,348.623993,0.677490,0.148654,0.921997,0.681763,0.827815,0.152386,1.298431,0.075509,245.830002,10108.000000
2251.000000,368.143890,0.677246,0.149966,0.917725,0.681030,0.827640,0.153587,1.287201,0.072757,262.329987,10249.000000
2252.000000,330.848724,0.679688,0.147907,0.924927,0.683716,0.830357,0.151619,1.291512,0.075013,253.330002,9865.000000
2253.000000,370.676605,0.680542,0.148092,0.927734,0.685547,0.831305,0.152177,1.302350,0.080270,262.959991,10151.000000
2254.000000,350.711182,0.680176,0.148151,0.926392,0.684692,0.831262,0.152073,1.306053,0.082691,259.019989,10070.000000
2255.000000,368.976379,0.678467,0.147482,0.921265,0.682983,0.829445,0.151359,1.299944,0.084910,271.000000,9990.000000
2256.000000,343.284546,0.674805,0.145633,0.919312,0.679199,0.826403,0.149484,1.295030,0.080063,249.460007,10158.000000
2257.000000,362.534058,0.675903,0.147698,0.920776,0.680176,0.826632,0.151544,1.294192,0.085441,277.399994,10180.000000
2258.000000,367.105652,0.682007,0.149210,0.924194,0.686035,0.831584,0.153249,1.299999,0.093344,259.279999,9926.000000
2259.000000,350.489471,0.683472,0.152308,0.921997,0.688110,0.831072,0.156497,1.299435,0.090441,259.269989,10054.000000
2260.000000,350.428680,0.680664,0.148959,0.919922,0.684692,0.828645,0.153249,1.297648,0.081023,256.549988,10330.000000
2261.000000,329.408630,0.673950,0.146487,0.918701,0.678833,0.824403,0.150607,1.291828,0.073934,241.259995,10099.000000
2262.000000,322.015564,0.676636,0.149502,0.918823,0.680786,0.825982,0.153525,1.290034,0.073907,231.279999,10130.000000
2263.000000,331.692383,0.676880,0.148768,0.921387,0.680786,0.826403,0.152882,1.298284,0.075171,258.739990,9944.000000
2264.000000,349.241028,0.679565,0.151161,0.921021,0.682983,0.827945,0.155303,1.301140,0.075066,269.429993,10141.000000
2265.000000,370.805084,0.682861,0.152160,0.923218,0.686523,0.831961,0.156012,1.307395,0.084759,274.470001,10067.000000
2266.000000,365.804108,0.683350,0.152839,0.925049,0.688110,0.832104,0.156898,1.310613,0.087683,255.240005,10202.000000
2267.000000,373.045227,0.682129,0.151237,0.924438,0.687622,0.831355,0.155536,1.309301,0.091163,264.260010,9970.000000
2268.000000,371.587738,0.682739,0.151206,0.925171,0.686768,0.831581,0.155318,1.307932,0.089136,275.679993,10295.000000
2269.000000,379.540253,0.677734,0.148329,0.919067,0.682861,0.826317,0.152758,1.300455,0.081495,259.700012,9993.000000
2270.000000,381.580078,0.672607,0.143706,0.915527,0.677490,0.822003,0.148194,1.289070,0.074265,273.519989,10156.000000
2271.000000,376.937683,0.673950,0.147123,0.919678,0.678223,0.824021,0.151566,1.291536,0.078451,270.559998,10439.000000
2272.000000,354.479553,0.675171,0.149705,0.919067,0.679077,0.825199,0.154139,1.295212,0.084927,251.130005,10300.000000
2273.000000,357.215240,0.675171,0.150597,0.914917,0.680298,0.824437,0.154922,1.291712,0.085582,256.250000,10386.000000
2274.000000,355.205505,0.677002,0.149639,0.921631,0.681519,0.826542,0.154041,1.297516,0.084166,277.820007,10200.000000
2275.000000,342.467651,0.678345,0.150767,0.922241,0.682739,0.828552,0.154959,1.301862,0.087605,245.880005,10177.000000
2276.000000,382.271637,0.679443,0.152472,0.917603,0.683960,0.828028,0.156757,1.297468,0.089933,265.269989,10315.000000
2277.000000,354.231354,0.674927,0.149654,0.918213,0.679688,0.824836,0.154012,1.294862,0.085932,267.399994,10184.000000
2278.000000,372.905273,0.679565,0.151638,0.921509,0.683350,0.829599,0.155765,1.297693,0.082950,281.989990,10124.000000
2279.000000,338.699097,0.679810,0.151169,0.922241,0.683228,0.830684,0.155227,1.302449,0.090783,247.419998,10237.000000
2280.000000,373.715393,0.678223,0.150114,0.923462,0.681763,0.829779,0.154121,1.303623,0.091372,274.859985,10245.000000
2281.000000,392.081055,0.679199,0.150742,0.921997,0.682983,0.831217,0.154646,1.304559,0.092953,277.079987,9978.000000
2282.000000,342.139618,0.677979,0.150653,0.922119,0.681396,0.830655,0.154331,1.302637,0.090120,254.070007,10059.000000
2283.000000,381.724762,0.681274,0.152137,0.923340,0.684082,0.832687,0.155884,1.302938,0.096859,266.859985,10069.000000
2284.000000,403.171509,0.682617,0.152831,0.923950,0.686279,0.833262,0.156631,1.307133,0.101103,285.309998,10076.000000
2285.000000,329.805939,0.682861,0.152255,0.921387,0.686401,0.832859,0.156070,1.308141,0.102464,239.850006,10135.000000
2286.000000,351.078522,0.683716,0.153126,0.919556,0.688232,0.832099,0.157066,1.300519,0.101831,253.789993,10076.000000
2287.000000,357.061951,0.682983,0.152308,0.920898,0.686768,0.831374,0.155997,1.300783,0.102490,275.829987,10169.000000
2288.000000,376.558899,0.684448,0.154445,0.920044,0.687988,0.831286,0.157994,1.302347,0.104352,271.420013,10165.000000
2289.000000,384.149200,0.685791,0.153917,0.919922,0.690186,0.829509,0.157504,1.299778,0.101778,282.019989,10065.000000
2290.000000,366.419159,0.684814,0.153662,0.917969,0.688110,0.829837,0.157189,1.305673,0.097652,262.260010,10087.000000
2291.000000,347.627533,0.684937,0.154986,0.918091,0.689697,0.828921,0.158704,1.303606,0.097444,247.860001,10003.000000
2292.000000,396.078949,0.687256,0.155027,0.922607,0.690186,0.831976,0.158431,1.311619,0.100056,268.029999,10185.000000
2293.000000,379.914612,0.686646,0.155185,0.923096,0.690674,0.831489,0.158592,1.310287,0.101014,253.679993,10186.000000
2294.000000,340.969238,0.687256,0.155796,0.920898,0.691040,0.833051,0.159173,1.308584,0.102955,242.970001,10144.000000
2295.000000,339.131012,0.684692,0.153269,0.921143,0.689087,0.829745,0.157039,1.307072,0.099260,237.660004,10271.000000
2296.000000,383.074951,0.684326,0.153193,0.917603,0.689209,0.828480,0.157057,1.309081,0.100359,287.579987,10525.000000
2297.000000,346.869049,0.685425,0.156040,0.916992,0.690308,0.828787,0.159692,1.308447,0.100564,249.009995,10236.000000
2298.000000,349.244812,0.688599,0.156284,0.919434,0.694946,0.832105,0.160005,1.308427,0.098216,257.880005,10362.000000
2299.000000,346.168671,0.691040,0.156898,0.921265,0.695801,0.834139,0.160629,1.310335,0.100183,258.799988,10265.000000
2300.000000,397.612946,0.692017,0.157076,0.922485,0.697754,0.835230,0.160884,1.308582,0.098695,279.209991,10442.000000
2301.000000,386.219543,0.692139,0.154608,0.922119,0.697510,0.834724,0.158342,1.309863,0.096514,269.149994,10298.000000
2302.000000,375.112427,0.691040,0.152263,0.921021,0.696777,0.834177,0.156063,1.307209,0.097955,270.059998,10410.000000
2303.000000,368.975800,0.688232,0.149429,0.916260,0.693970,0.830362,0.153080,1.299768,0.093743,268.619995,10238.000000
2304.000000,369.199493,0.687500,0.150036,0.920532,0.692383,0.831034,0.153602,1.305665,0.094023,255.610001,10482.000000
2305.000000,403.108978,0.690186,0.152326,0.923096,0.694580,0.832141,0.155824,1.306246,0.097738,281.339996,10188.000000
2306.000000,349.102600,0.688232,0.152549,0.921021,0.691895,0.830517,0.156272,1.306193,0.098700,244.509995,10503.000000
2307.000000,363.638458,0.685547,0.151707,0.917847,0.690430,0.828210,0.155704,1.303394,0.096611,261.200012,10211.000000
2308.000000,384.369354,0.685669,0.152083,0.919067,0.690308,0.828872,0.156156,1.308156,0.101541,274.950012,10356.000000
2309.000000,353.508026,0.688232,0.155942,0.919922,0.692993,0.830707,0.160325,1.307523,0.109747,243.619995,10156.000000
2310.000000,353.911865,0.689941,0.156520,0.919922,0.694214,0.832072,0.160721,1.307634,0.108808,257.089996,10458.000000
2311.000000,384.374176,0.689575,0.153236,0.921753,0.694824,0.831394,0.157454,1.310119,0.106136,262.369995,10079.000000
2312.000000,352.934692,0.689575,0.154394,0.922119,0.694092,0.833189,0.158627,1.313827,0.103244,248.779999,10356.000000
2313.000000,349.254639,0.686523,0.154506,0.918335,0.691162,0.831344,0.158772,1.310843,0.101954,239.220001,10302.000000
2314.000000,336.745178,0.687866,0.154918,0.919678,0.691650,0.832327,0.158965,1.307725,0.103196,239.240005,10222.000000
2315.000000,352.474731,0.685913,0.156137,0.919922,0.691162,0.831994,0.160156,1.315734,0.101275,237.389999,10205.000000
2316.000000,357.099426,0.689697,0.157564,0.922363,0.693970,0.835528,0.161618,1.312654,0.101060,247.130005,10381.000000
2317.000000,360.100281,0.691284,0.155518,0.922852,0.696411,0.837440,0.159787,1.320243,0.104663,268.410004,10247.000000
2318.000000,348.008362,0.690063,0.158066,0.921265,0.694946,0.836691,0.162051,1.318315,0.108179,244.259995,10141.000000
2319.000000,337.248230,0.685547,0.154603,0.918945,0.689453,0.833660,0.158458,1.306377,0.103544,246.509995,10339.000000
2320.000000,363.370209,0.688110,0.155924,0.921997,0.691895,0.835849,0.159704,1.309879,0.106499,265.119995,10228.000000
2321.000000,370.704895,0.684814,0.155002,0.920166,0.689697,0.833772,0.158765,1.310855,0.113900,255.059998,10184.000000
2322.000000,371.490265,0.686523,0.156155,0.921875,0.690186,0.835439,0.159759,1.313131,0.113079,260.600006,10303.000000
2323.000000,384.395081,0.681885,0.156401,0.916260,0.686401,0.830887,0.160160,1.302462,0.108248,264.019989,10463.000000
2324.000000,365.629944,0.678467,0.155581,0.913330,0.682495,0.827579,0.159571,1.289048,0.099942,256.399994,10426.000000
2325.000000,343.873413,0.676636,0.155052,0.913452,0.681641,0.826698,0.159228,1.285548,0.094127,257.179993,10529.000000
2326.000000,379.902374,0.676636,0.157180,0.915527,0.682007,0.827895,0.161336,1.293628,0.102255,262.500000,10248.000000
2327.000000,354.845184,0.679565,0.155738,0.920288,0.684082,0.831442,0.159953,1.300221,0.104300,250.610001,10312.000000
2328.000000,351.479279,0.682617,0.157341,0.922241,0.687012,0.833699,0.161697,1.313059,0.106573,255.259995,10328.000000
2329.000000,353.118195,0.682251,0.157622,0.923706,0.686401,0.834615,0.161836,1.313486,0.106922,254.990005,10123.000000
2330.000000,352.314484,0.680664,0.157056,0.917358,0.686035,0.831478,0.161369,1.300334,0.103237,247.570007,10320.000000
2331.000000,359.237488,0.677124,0.155176,0.916870,0.682861,0.829287,0.159468,1.292784,0.097363,273.369995,10280.000000
2332.000000,360.185822,0.678101,0.156713,0.917480,0.683960,0.830280,0.161112,1.301366,0.104365,248.610001,10055.000000
2333.000000,384.562958,0.677490,0.156437,0.918823,0.682617,0.830316,0.160905,1.303158,0.108086,282.929993,10400.000000
2334.000000,331.433472,0.677856,0.156557,0.919800,0.683594,0.831126,0.161240,1.303517,0.103827,237.259995,10583.000000
2335.000000,363.502014,0.680054,0.158397,0.919556,0.684448,0.833093,0.162948,1.304191,0.104466,260.329987,10290.000000
2336.000000,371.597382,0.682739,0.160540,0.921631,0.687622,0.834080,0.165240,1.310089,0.108628,264.649994,10271.000000
2337.000000,398.749359,0.681641,0.160993,0.919922,0.686279,0.832415,0.165513,1.304726,0.110186,282.320007,10439.000000
2338.000000,373.876251,0.682007,0.158403,0.922852,0.687744,0.833768,0.163017,1.304104,0.109108,266.760010,10238.000000
2339.000000,372.487305,0.685181,0.160279,0.924683,0.691040,0.836819,0.164828,1.312738,0.111456,252.039993,10350.000000
2340.000000,360.713531,0.690186,0.161971,0.925903,0.695190,0.840532,0.166309,1.315670,0.108116,266.600006,10542.000000
2341.000000,354.975342,0.684570,0.158353,0.921997,0.689819,0.835241,0.162638,1.310421,0.107905,262.950012,10321.000000
2342.000000,348.255463,0.685059,0.159247,0.919067,0.690186,0.835257,0.163378,1.304282,0.104658,250.279999,10336.000000
2343.000000,345.080994,0.683960,0.157727,0.916748,0.690308,0.832950,0.161988,1.300030,0.099500,233.860001,10463.000000
2344.000000,366.099792,0.683594,0.158449,0.917236,0.690430,0.832987,0.162816,1.293451,0.099188,247.009995,10692.000000
2345.000000,371.222565,0.680786,0.155583,0.916138,0.688354,0.830129,0.160038,1.286975,0.102357,265.559998,10496.000000
2346.000000,385.612122,0.681519,0.157928,0.918457,0.688599,0.830427,0.162160,1.289013,0.107390,266.679993,10232.000000
2347.000000,342.830170,0.683594,0.158133,0.919189,0.691040,0.831083,0.162402,1.289868,0.111914,245.600006,10440.000000
2348.000000,370.880371,0.680786,0.155506,0.919312,0.687988,0.829248,0.160225,1.289126,0.112278,263.910004,10549.000000
2349.000000,344.676605,0.677246,0.154141,0.915649,0.684692,0.826444,0.159088,1.284344,0.110813,237.539993,10340.000000
2350.000000,352.732605,0.671387,0.154420,0.911865,0.679077,0.821941,0.159234,1.274921,0.110361,262.980011,10319.000000
2351.000000,371.145325,0.673096,0.155128,0.913452,0.681396,0.823325,0.160059,1.275812,0.106261,280.410004,10571.000000
2352.000000,355.876129,0.674194,0.157937,0.916748,0.682373,0.825950,0.162860,1.283837,0.113656,251.789993,10577.000000
2353.000000,359.507935,0.675659,0.159449,0.917236,0.682983,0.826963,0.164452,1.282324,0.115419,242.169998,10529.000000
2354.000000,387.352264,0.679199,0.158494,0.919067,0.687012,0.829073,0.163391,1.286712,0.116088,272.739990,10543.000000
2355.000000,360.971558,0.678101,0.155927,0.921265,0.685181,0.827798,0.160588,1.291160,0.113701,249.410004,10513.000000
2356.000000,365.976074,0.676880,0.158760,0.917480,0.683716,0.826798,0.163539,1.280976,0.116080,257.299988,10344.000000
2357.000000,355.342560,0.675049,0.158503,0.911743,0.682495,0.823724,0.163243,1.267733,0.115486,262.149994,10320.000000
2358.000000,373.809296,0.675781,0.160215,0.914185,0.683960,0.824253,0.164868,1.274344,0.120257,269.760010,10515.000000
2359.000000,368.077454,0.679932,0.161582,0.916260,0.687134,0.826909,0.166403,1.279549,0.123894,261.859985,10377.000000
2360.000000,380.837738,0.680420,0.162789,0.916138,0.688232,0.827065,0.167651,1.282089,0.122188,264.489990,10406.000000
2361.000000,379.103119,0.680420,0.160292,0.917480,0.687744,0.826388,0.165255,1.280815,0.111089,278.269989,10296.000000
2362.000000,362.269348,0.682739,0.160789,0.919434,0.690308,0.827844,0.165724,1.278540,0.111438,269.350006,10343.000000
2363.000000,359.837372,0.682373,0.160900,0.916138,0.691650,0.826422,0.165823,1.271040,0.115748,244.380005,10523.000000
2364.000000,388.126221,0.684570,0.162195,0.913818,0.694214,0.826777,0.167163,1.262943,0.112444,289.829987,10489.000000
2365.000000,330.421509,0.686035,0.160252,0.914917,0.694214,0.825404,0.165158,1.259987,0.106846,253.259995,10336.000000
2366.000000,355.617310,0.688354,0.162389,0.915649,0.697510,0.826014,0.167352,1.267327,0.106865,258.779999,10418.000000
2367.000000,374.295441,0.685547,0.162548,0.912109,0.693726,0.822819,0.167557,1.261254,0.101164,278.070007,10243.000000
2368.000000,370.489227,0.682617,0.161499,0.910522,0.691528,0.819407,0.166522,1.259681,0.105762,259.660004,10147.000000
2369.000000,350.228027,0.686646,0.163335,0.912842,0.695801,0.821024,0.168382,1.257782,0.110614,266.470001,10349.000000
2370.000000,420.849182,0.691162,0.164646,0.914917,0.699951,0.825063,0.169542,1.268508,0.117342,294.239990,10357.000000
2371.000000,357.255951,0.694214,0.164843,0.916504,0.703613,0.825562,0.170013,1.269256,0.114402,248.550003,10104.000000
2372.000000,343.550476,0.694336,0.163070,0.915527,0.703003,0.823845,0.168263,1.262136,0.106195,251.990005,10066.000000
2373.000000,367.626160,0.688965,0.158950,0.914551,0.698364,0.819423,0.164275,1.260993,0.106260,262.690002,10122.000000
2374.000000,354.290253,0.689941,0.160155,0.915771,0.699219,0.821479,0.165274,1.261691,0.106849,269.970001,10106.000000
2375.000000,355.137329,0.689819,0.159215,0.914673,0.699341,0.820647,0.164273,1.263172,0.103802,245.740005,10391.000000
2376.000000,336.521606,0.691772,0.162304,0.912964,0.702148,0.821837,0.167472,1.260772,0.106553,230.740005,10556.000000
2377.000000,331.109680,0.686890,0.159972,0.911377,0.697266,0.817380,0.165231,1.251822,0.104773,228.740005,10507.000000
2378.000000,361.169983,0.686890,0.160142,0.909424,0.696045,0.815692,0.165559,1.249873,0.104474,256.540009,10447.000000
2379.000000,343.833679,0.689453,0.163289,0.912476,0.698120,0.818059,0.168784,1.250530,0.108615,243.699997,10249.000000
2380.000000,339.119629,0.687988,0.162505,0.911987,0.696777,0.817422,0.168228,1.251223,0.108217,254.360001,10380.000000
2381.000000,347.840820,0.694702,0.166301,0.915283,0.704224,0.822944,0.171938,1.259111,0.109030,253.630005,10603.000000
2382.000000,354.679413,0.694580,0.164049,0.917847,0.704834,0.822624,0.169931,1.267964,0.110875,261.549988,10289.000000
2383.000000,317.288300,0.693848,0.161057,0.917603,0.702515,0.822687,0.166778,1.267019,0.107160,252.339996,10557.000000
2384.000000,321.023438,0.691895,0.159265,0.914185,0.700439,0.821592,0.165081,1.263013,0.106185,239.820007,10486.000000
2385.000000,360.141602,0.692627,0.162235,0.915161,0.700562,0.823103,0.167823,1.262842,0.109650,266.190002,10213.000000
2386.000000,364.923706,0.691040,0.164562,0.913086,0.698853,0.821643,0.170040,1.264223,0.112705,264.809998,10547.000000
2387.000000,341.817474,0.689331,0.163948,0.912842,0.698364,0.820540,0.169763,1.261875,0.110206,246.440002,10371.000000
2388.000000,331.681213,0.687988,0.164664,0.910767,0.697876,0.817501,0.170602,1.254696,0.108132,253.550003,10566.000000
2389.000000,320.692749,0.687866,0.164121,0.910522,0.696655,0.815716,0.170043,1.248691,0.103243,230.130005,10246.000000
2390.000000,345.285034,0.688965,0.163341,0.912231,0.697144,0.816333,0.169116,1.254059,0.105527,271.160004,10401.000000
2391.000000,377.546570,0.688965,0.164153,0.913086,0.697632,0.816315,0.170022,1.255124,0.106174,255.429993,10395.000000
2392.000000,332.064270,0.689331,0.163428,0.914307,0.697632,0.817017,0.169162,1.257256,0.105143,239.520004,10586.000000
2393.000000,338.581787,0.691528,0.166273,0.916992,0.700439,0.819298,0.172192,1.261782,0.113709,254.350006,10417.000000
2394.000000,339.313416,0.689941,0.164563,0.914551,0.698120,0.817672,0.170166,1.258334,0.108043,251.750000,10309.000000
2395.000000,350.850220,0.692261,0.166373,0.915527,0.700562,0.819319,0.172133,1.256447,0.109980,251.800003,10310.000000
2396.000000,344.705963,0.690674,0.166478,0.916382,0.699219,0.818064,0.172600,1.259862,0.117019,243.669998,10248.000000
2397.000000,353.990417,0.693359,0.167021,0.919067,0.702515,0.821047,0.173602,1.264127,0.123704,245.759995,10085.000000
2398.000000,343.218292,0.693237,0.167468,0.919434,0.701538,0.820841,0.173869,1.272101,0.125058,242.630005,10400.000000
2399.000000,328.071808,0.693726,0.170374,0.917114,0.700562,0.820561,0.176631,1.266732,0.127102,251.699997,10459.000000
2400.000000,338.412842,0.690552,0.167240,0.916016,0.697510,0.817283,0.173621,1.255086,0.124117,260.579987,10239.000000
2401.000000,342.766632,0.688599,0.167903,0.917725,0.695801,0.816688,0.174517,1.258007,0.125552,238.080002,10109.000000
2402.000000,339.396393,0.686646,0.170259,0.916748,0.693726,0.816144,0.176771,1.259684,0.131822,240.240005,10347.000000
2403.000000,346.379669,0.688721,0.170922,0.920410,0.695190,0.817802,0.177285,1.254740,0.131817,240.750000,10583.000000
2404.000000,324.447662,0.685791,0.172125,0.913818,0.692749,0.815090,0.178498,1.249650,0.131603,224.199997,10576.000000
2405.000000,372.431793,0.687012,0.174815,0.912231,0.694702,0.814119,0.181264,1.239947,0.137101,272.589996,10316.000000
2406.000000,349.657349,0.688843,0.173279,0.915527,0.695801,0.814787,0.179693,1.242676,0.132499,253.740005,10402.000000
2407.000000,364.629517,0.689575,0.176238,0.915771,0.696533,0.815525,0.182738,1.249423,0.133996,259.079987,10157.000000
2408.000000,333.577301,0.689209,0.174407,0.917725,0.696533,0.815748,0.180976,1.248629,0.132401,260.750000,10231.000000
2409.000000,351.045258,0.687256,0.173082,0.914917,0.694458,0.812883,0.179695,1.249364,0.130153,253.800003,10395.000000
2410.000000,373.835907,0.686646,0.171211,0.917358,0.694214,0.813682,0.177857,1.251000,0.124977,273.519989,10426.000000
2411.000000,338.008728,0.691528,0.176048,0.918335,0.698975,0.815589,0.183001,1.256912,0.134052,239.160004,10254.000000
2412.000000,354.865082,0.694336,0.176521,0.918457,0.701660,0.817779,0.183215,1.256398,0.128422,264.380005,10410.000000
2413.000000,342.447540,0.690430,0.172194,0.916992,0.697510,0.814758,0.178751,1.257522,0.124360,248.779999,10104.000000
2414.000000,344.010590,0.692383,0.172031,0.918091,0.699585,0.815042,0.178715,1.253860,0.120298,256.299988,10371.000000
2415.000000,356.424347,0.688354,0.170437,0.914429,0.697632,0.812021,0.177249,1.252492,0.115330,252.880005,10080.000000
2416.000000,314.178833,0.689209,0.170481,0.914795,0.697632,0.813054,0.177174,1.249660,0.111659,220.179993,10428.000000
2417.000000,366.161438,0.684814,0.167856,0.911743,0.694946,0.810124,0.174557,1.250776,0.111734,253.410004,9977.000000
2418.000000,384.908020,0.688843,0.170952,0.912476,0.697388,0.813340,0.177391,1.255250,0.111029,264.809998,10241.000000
2419.000000,363.789062,0.691406,0.170514,0.914062,0.702271,0.814452,0.177440,1.260530,0.115303,255.820007,10477.000000
2420.000000,324.526581,0.689453,0.171110,0.913574,0.699341,0.813537,0.177787,1.259403,0.116597,237.979996,10101.000000
2421.000000,375.336792,0.688477,0.171515,0.910156,0.698975,0.813004,0.178086,1.257316,0.118823,285.100006,10245.000000
2422.000000,316.209351,0.686035,0.170475,0.909668,0.695801,0.810711,0.176900,1.257370,0.115937,257.059998,10181.000000
2423.000000,378.037994,0.693359,0.173090,0.913818,0.703857,0.816816,0.179661,1.264279,0.118424,282.600006,10400.000000
2424.000000,382.883057,0.695068,0.174438,0.913818,0.705200,0.818430,0.180964,1.268491,0.126911,292.549988,10324.000000
2425.000000,369.579926,0.694092,0.174631,0.913940,0.703979,0.817790,0.181172,1.266402,0.126376,268.140015,10263.000000
2426.000000,359.059418,0.692993,0.172850,0.913208,0.703125,0.816828,0.179373,1.267745,0.123919,260.179993,10070.000000
2427.000000,364.488770,0.693481,0.172843,0.915527,0.702759,0.817598,0.179269,1.270608,0.123893,269.739990,10262.000000
2428.000000,360.396301,0.692261,0.170193,0.918701,0.701294,0.818159,0.176777,1.271595,0.130576,265.630005,10162.000000
2429.000000,348.609863,0.691406,0.168020,0.919067,0.700562,0.819344,0.174714,1.270917,0.127283,240.029999,10390.000000
2430.000000,328.528870,0.694458,0.169208,0.918579,0.702637,0.820893,0.175620,1.271383,0.128321,246.740005,10280.000000
2431.000000,363.587158,0.689453,0.169709,0.914062,0.697021,0.816924,0.176128,1.266569,0.125414,256.130005,10223.000000
2432.000000,351.165222,0.686646,0.169085,0.912964,0.694824,0.814167,0.175682,1.256922,0.126657,257.670013,10473.000000
2433.000000,403.118713,0.687866,0.171834,0.914429,0.696045,0.814390,0.178466,1.260603,0.134236,285.369995,10262.000000
2434.000000,354.508331,0.690063,0.175481,0.914551,0.698364,0.817232,0.181971,1.265785,0.141055,246.699997,10138.000000
2435.000000,300.359039,0.690063,0.177031,0.915161,0.697754,0.817373,0.183367,1.267223,0.143118,236.139999,10189.000000
2436.000000,372.339630,0.688354,0.175473,0.912109,0.696777,0.815835,0.182013,1.264628,0.135278,270.880005,9950.000000
2437.000000,337.098419,0.687012,0.173870,0.912109,0.694580,0.815174,0.180487,1.272609,0.137340,248.720001,10254.000000
2438.000000,342.195435,0.691284,0.176873,0.915771,0.699829,0.820436,0.183208,1.274401,0.134081,245.690002,10069.000000
2439.000000,352.694305,0.692139,0.176644,0.917114,0.700195,0.822410,0.182756,1.277606,0.132562,248.179993,10068.000000
2440.000000,371.300751,0.695435,0.176522,0.918701,0.702759,0.822312,0.182595,1.278495,0.132478,264.320007,10024.000000
2441.000000,328.904114,0.694946,0.174036,0.920776,0.701904,0.823054,0.179991,1.277590,0.132745,265.339996,10048.000000
2442.000000,349.117126,0.696411,0.172721,0.921753,0.703003,0.824038,0.178673,1.277804,0.132625,244.380005,10225.000000
2443.000000,338.796661,0.693481,0.171347,0.920898,0.701416,0.822261,0.177278,1.278991,0.137387,235.100006,10049.000000
2444.000000,328.182617,0.693726,0.174446,0.915894,0.699707,0.822109,0.180236,1.268766,0.139583,234.210007,10233.000000
2445.000000,352.200806,0.690430,0.171920,0.912964,0.697266,0.819149,0.177763,1.264909,0.135075,259.529999,10410.000000
2446.000000,374.017334,0.690674,0.171810,0.916992,0.696899,0.819101,0.177483,1.267981,0.138869,260.910004,10066.000000
2447.000000,383.553558,0.691040,0.173623,0.915894,0.696777,0.819063,0.179145,1.268367,0.144729,268.089996,10182.000000
2448.000000,357.636444,0.688843,0.176067,0.911621,0.695435,0.816423,0.181524,1.262568,0.144518,252.929993,10226.000000
2449.000000,361.921417,0.692505,0.178244,0.915283,0.699097,0.819511,0.183746,1.265899,0.144643,261.570007,10298.000000
2450.000000,391.955231,0.696533,0.179923,0.918335,0.703003,0.822019,0.185598,1.271413,0.150711,280.329987,10132.000000
2451.000000,345.932648,0.697021,0.182164,0.915649,0.703247,0.821585,0.187758,1.270988,0.151161,255.710007,10369.000000
2452.000000,348.317413,0.700195,0.182112,0.918335,0.706299,0.823619,0.187517,1.277968,0.152315,247.520004,10410.000000
2453.000000,339.227264,0.697144,0.179863,0.919312,0.702759,0.822258,0.185359,1.275122,0.149351,242.800003,10235.000000
2454.000000,339.090057,0.698364,0.182136,0.916260,0.703247,0.822615,0.187470,1.270422,0.152363,261.079987,10076.000000
2455.000000,375.374115,0.697510,0.181849,0.917603,0.703003,0.822863,0.187132,1.272289,0.149821,272.700012,10059.000000
2456.000000,337.445435,0.701538,0.183428,0.920898,0.707031,0.826554,0.188792,1.280327,0.156720,242.669998,10130.000000
2457.000000,408.223877,0.703247,0.186586,0.921265,0.709106,0.827228,0.192152,1.284958,0.165510,283.339996,10149.000000
2458.000000,373.547607,0.705322,0.188230,0.919434,0.711548,0.827951,0.193941,1.281439,0.166233,252.600006,10156.000000
2459.000000,343.902557,0.701416,0.184550,0.917114,0.707275,0.823038,0.190419,1.276433,0.154684,248.210007,10067.000000
2460.000000,370.735718,0.698730,0.182843,0.914551,0.705322,0.820634,0.188745,1.270540,0.150887,265.440002,10012.000000
2461.000000,344.562744,0.694214,0.183967,0.909790,0.700928,0.814991,0.189979,1.259299,0.152860,231.139999,10191.000000
2462.000000,362.048615,0.691650,0.184504,0.908325,0.698486,0.812703,0.190608,1.258281,0.149968,260.950012,10230.000000
2463.000000,318.830750,0.692017,0.184294,0.915894,0.698730,0.814891,0.190553,1.265905,0.155702,229.350006,10155.000000
2464.000000,346.946259,0.695679,0.186275,0.917358,0.702759,0.818777,0.192575,1.272528,0.153727,233.160004,10251.000000
2465.000000,364.615875,0.696533,0.184445,0.916138,0.703369,0.818705,0.190841,1.270421,0.146586,250.610001,10063.000000
2466.000000,351.964233,0.696167,0.184020,0.918823,0.702759,0.818813,0.190447,1.274984,0.147029,262.809998,10007.000000
2467.000000,342.441803,0.694824,0.183888,0.916016,0.701172,0.818317,0.190036,1.279134,0.144498,243.809998,10244.000000
2468.000000,386.316223,0.692871,0.181709,0.915283,0.698853,0.817032,0.187705,1.281020,0.144013,258.500000,10322.000000
2469.000000,338.382202,0.692139,0.184193,0.915283,0.698486,0.816881,0.190334,1.277028,0.146050,234.309998,10354.000000
2470.000000,359.018127,0.695557,0.184911,0.916626,0.701782,0.820288,0.190890,1.279275,0.147777,257.010010,10205.000000
2471.000000,346.922058,0.696899,0.183975,0.917358,0.703247,0.821590,0.190253,1.284968,0.150915,254.919998,10103.000000
2472.000000,339.365082,0.700439,0.186130,0.919189,0.706055,0.822910,0.192305,1.286324,0.153440,253.570007,10233.000000
2473.000000,368.266510,0.702148,0.185081,0.918823,0.708008,0.823601,0.191331,1.284603,0.153509,259.589996,10186.000000
2474.000000,398.338470,0.698608,0.183878,0.913574,0.704468,0.818543,0.190012,1.284747,0.152807,283.049988,10168.000000
2475.000000,340.841400,0.702637,0.184941,0.916504,0.708130,0.821177,0.191014,1.279822,0.149968,269.809998,10188.000000
2476.000000,376.952576,0.702271,0.185811,0.916504,0.708496,0.820641,0.192097,1.287113,0.157674,257.549988,10276.000000
2477.000000,373.722168,0.705444,0.187414,0.919434,0.711182,0.823364,0.193515,1.293411,0.159446,262.670013,10294.000000
2478.000000,360.085205,0.704590,0.184942,0.919067,0.710449,0.823021,0.191160,1.292259,0.156246,244.100006,10171.000000
2479.000000,372.993408,0.703735,0.184261,0.919189,0.711060,0.823117,0.190650,1.293103,0.154806,281.549988,10071.000000
2480.000000,360.400330,0.703857,0.183937,0.917603,0.710815,0.823785,0.190322,1.295021,0.159511,251.559998,10120.000000
2481.000000,371.602448,0.704468,0.184252,0.919800,0.710815,0.824847,0.190557,1.297199,0.159990,274.119995,9964.000000
2482.000000,369.793274,0.699951,0.183306,0.914673,0.706909,0.820891,0.189571,1.293050,0.159732,273.130005,10258.000000
2483.000000,336.231201,0.702881,0.184984,0.916382,0.709961,0.822281,0.191270,1.294289,0.159160,228.619995,10166.000000
2484.000000,369.572540,0.704712,0.185270,0.916992,0.712280,0.824480,0.191532,1.299503,0.163856,265.809998,10253.000000
2485.000000,361.385437,0.706177,0.188487,0.917358,0.713379,0.824775,0.194669,1.295730,0.167032,242.509995,10356.000000
2486.000000,368.454834,0.708618,0.187478,0.914795,0.715942,0.825774,0.193569,1.294011,0.166303,254.639999,10138.000000
2487.000000,370.344238,0.709595,0.188911,0.917969,0.718018,0.825886,0.195156,1.292285,0.166133,250.479996,10135.000000
2488.000000,361.098755,0.706787,0.188786,0.915039,0.714111,0.824436,0.194965,1.289754,0.163847,256.579987,10221.000000
2489.000000,379.148743,0.705566,0.187391,0.914429,0.712524,0.823837,0.193471,1.287482,0.161754,266.989990,10110.000000
2490.000000,348.566467,0.708618,0.188646,0.919434,0.716553,0.827164,0.194676,1.289307,0.158324,239.910004,10442.000000
2491.000000,377.011475,0.706787,0.187435,0.916992,0.713867,0.824947,0.193541,1.288948,0.158906,254.320007,10315.000000
2492.000000,353.438110,0.709839,0.188823,0.920898,0.716553,0.827591,0.194790,1.291210,0.158290,254.350006,10188.000000
2493.000000,343.784607,0.705078,0.187464,0.916626,0.712280,0.823955,0.193287,1.288596,0.156940,243.270004,10253.000000
2494.000000,360.012787,0.703369,0.187888,0.912842,0.708862,0.822157,0.193479,1.279509,0.156552,259.829987,10290.000000
2495.000000,344.769073,0.698120,0.187303,0.909912,0.705444,0.817338,0.193221,1.271063,0.160648,243.369995,10152.000000
2496.000000,370.018097,0.700928,0.192342,0.910034,0.708374,0.818419,0.198366,1.275674,0.165408,239.139999,10353.000000
2497.000000,359.297638,0.704224,0.194960,0.911377,0.710693,0.821267,0.200844,1.277539,0.168651,239.179993,10267.000000
2498.000000,335.608002,0.705566,0.195488,0.912598,0.712402,0.822716,0.201432,1.283289,0.171650,234.289993,10270.000000
2499.000000,362.374542,0.705200,0.196466,0.914062,0.711304,0.822612,0.202224,1.284363,0.168381,247.350006,10364.000000
2500.000000,347.332916,0.703491,0.194229,0.910522,0.711060,0.820710,0.200183,1.282901,0.171381,249.250000,10290.000000
2501.000000,392.393494,0.708008,0.198440,0.913574,0.715576,0.823862,0.204228,1.288884,0.174928,259.839996,10153.000000
2502.000000,383.213348,0.712891,0.200586,0.917603,0.720215,0.828808,0.206342,1.292273,0.184759,268.619995,10388.000000
2503.000000,398.769379,0.712402,0.199161,0.915283,0.719360,0.826412,0.204759,1.289070,0.178021,285.989990,10305.000000
2504.000000,352.208069,0.717041,0.199414,0.916748,0.723389,0.828767,0.205174,1.288492,0.179257,260.929993,10187.000000
2505.000000,389.304993,0.718872,0.198157,0.919678,0.726318,0.829851,0.204044,1.301246,0.177950,258.410004,10220.000000
2506.000000,341.700806,0.722656,0.200557,0.920776,0.731323,0.832893,0.206638,1.301727,0.178846,236.759995,10243.000000
2507.000000,378.149414,0.728882,0.202273,0.924316,0.736084,0.836965,0.208445,1.306168,0.185453,269.980011,10085.000000
2508.000000,334.693909,0.728516,0.203523,0.920532,0.734497,0.834341,0.209704,1.304989,0.178387,250.020004,10420.000000
2509.000000,364.559448,0.725098,0.200195,0.914429,0.730469,0.830480,0.206031,1.291993,0.162886,253.809998,10161.000000
2510.000000,358.146362,0.720703,0.196092,0.912842,0.727783,0.826084,0.202237,1.285804,0.163817,247.000000,10407.000000
2511.000000,373.044769,0.723145,0.200654,0.915039,0.729858,0.827412,0.206756,1.289876,0.168637,252.710007,10154.000000
2512.000000,340.091766,0.721069,0.199651,0.914795,0.726929,0.826354,0.205699,1.284475,0.165240,250.860001,10080.000000
2513.000000,374.126740,0.717529,0.198281,0.909668,0.724731,0.821957,0.204700,1.278154,0.159265,258.790009,9936.000000
2514.000000,391.979431,0.717041,0.200236,0.909180,0.722290,0.819961,0.206573,1.279498,0.158303,263.070007,10195.000000
2515.000000,370.180023,0.722046,0.200001,0.913696,0.728516,0.823524,0.206459,1.282368,0.161208,261.790009,10345.000000
2516.000000,387.286804,0.722412,0.200683,0.916260,0.727905,0.823374,0.207386,1.290726,0.167872,263.239990,10170.000000
2517.000000,391.640320,0.725952,0.201825,0.917480,0.732422,0.826683,0.208623,1.292009,0.162820,279.929993,10182.000000
2518.000000,394.252045,0.724487,0.199428,0.918701,0.729858,0.825919,0.206065,1.294226,0.164725,259.079987,10093.000000
2519.000000,388.851013,0.721436,0.198349,0.915283,0.726807,0.823669,0.204794,1.289712,0.163681,270.700012,10066.000000
2520.000000,347.936890,0.718262,0.198212,0.915283,0.723511,0.821386,0.204576,1.288243,0.160473,251.690002,10204.000000
2521.000000,345.106506,0.718262,0.200002,0.911377,0.724609,0.819850,0.206639,1.277765,0.160586,245.039993,10157.000000
2522.000000,343.701080,0.716919,0.200560,0.911011,0.723022,0.817832,0.207306,1.277505,0.164853,228.029999,10238.000000
2523.000000,369.999878,0.718384,0.201050,0.913208,0.724854,0.819101,0.207991,1.281642,0.161914,248.360001,10249.000000
2524.000000,371.598022,0.718018,0.201607,0.912598,0.723999,0.817071,0.208681,1.278570,0.164595,249.979996,10267.000000
2525.000000,371.906952,0.718872,0.203841,0.909058,0.724976,0.817033,0.211030,1.272181,0.165270,247.179993,10359.000000
2526.000000,352.163727,0.715820,0.202328,0.910522,0.721680,0.814903,0.209731,1.267882,0.164334,238.500000,10496.000000
2527.000000,341.195770,0.720215,0.204384,0.912231,0.726807,0.817478,0.211870,1.272276,0.165304,242.369995,10549.000000
2528.000000,353.087555,0.724121,0.205564,0.914429,0.730103,0.820286,0.212870,1.273184,0.165605,246.679993,10493.000000
2529.000000,341.764740,0.726929,0.205025,0.913086,0.732178,0.821148,0.212190,1.275403,0.163540,244.119995,10376.000000
2530.000000,329.860229,0.724609,0.202476,0.912964,0.731323,0.819137,0.209823,1.278336,0.159378,219.259995,10191.000000
2531.000000,353.643433,0.723999,0.202307,0.910278,0.729492,0.819314,0.209132,1.274945,0.155677,244.449997,10351.000000
2532.000000,342.882996,0.724365,0.201209,0.913452,0.731567,0.820708,0.208190,1.272694,0.159497,242.889999,10407.000000
2533.000000,373.103668,0.724976,0.200245,0.910522,0.733887,0.820723,0.207493,1.277446,0.164356,250.979996,10351.000000
2534.000000,370.959106,0.722656,0.201360,0.904663,0.733765,0.817391,0.209100,1.266270,0.167311,251.710007,10309.000000
2535.000000,371.149475,0.716675,0.197620,0.898926,0.729736,0.811084,0.205449,1.247756,0.158392,257.589996,10362.000000
2536.000000,379.781799,0.712891,0.197001,0.898560,0.726807,0.808164,0.204876,1.247619,0.153156,261.160004,10139.000000
2537.000000,328.750366,0.708008,0.196205,0.894043,0.723511,0.802725,0.204118,1.240651,0.146817,242.259995,10193.000000
2538.000000,349.304565,0.705811,0.193858,0.890381,0.722656,0.800590,0.201946,1.231161,0.147271,246.660004,10183.000000
2539.000000,355.751984,0.704102,0.193576,0.892090,0.721924,0.798563,0.201756,1.233308,0.147397,243.029999,10080.000000
2540.000000,323.825653,0.698486,0.192816,0.885254,0.716431,0.791886,0.201169,1.219140,0.145570,243.869995,9936.000000
2541.000000,369.730804,0.697998,0.192387,0.887817,0.716675,0.792645,0.200694,1.213900,0.148139,245.889999,10013.000000
2542.000000,376.183350,0.700195,0.192963,0.893677,0.718018,0.795176,0.201276,1.224384,0.153984,250.919998,10482.000000
2543.000000,299.489441,0.705200,0.195668,0.899048,0.722046,0.799888,0.203906,1.229603,0.159114,211.270004,10154.000000
2544.000000,315.370758,0.705444,0.192945,0.900024,0.722290,0.801158,0.201106,1.232329,0.155601,230.899994,10201.000000
2545.000000,338.124054,0.706055,0.194142,0.900269,0.721680,0.803080,0.202426,1.233740,0.156767,249.809998,10333.000000
2546.000000,344.560822,0.701416,0.190001,0.896973,0.717285,0.799394,0.198027,1.229859,0.152704,239.889999,9968.000000
2547.000000,337.924988,0.700439,0.189429,0.897583,0.715210,0.799985,0.197315,1.225813,0.153681,233.419998,10017.000000
2548.000000,366.560455,0.697266,0.188695,0.897827,0.712769,0.797648,0.196634,1.228690,0.155875,248.970001,10330.000000
2549.000000,348.624054,0.700317,0.191993,0.900757,0.715088,0.799701,0.199801,1.228944,0.163281,240.520004,10175.000000
2550.000000,336.675507,0.700317,0.191198,0.898071,0.714478,0.799327,0.198765,1.225198,0.163501,229.550003,10128.000000
2551.000000,316.399078,0.701416,0.194004,0.900269,0.715088,0.800325,0.201633,1.227160,0.165851,245.699997,10123.000000
2552.000000,336.651611,0.701538,0.194891,0.900757,0.716919,0.802070,0.202953,1.231826,0.164879,242.139999,10024.000000
2553.000000,382.039154,0.701660,0.196601,0.902588,0.715088,0.803391,0.204412,1.231040,0.170660,275.890015,10213.000000
2554.000000,336.772400,0.698486,0.196296,0.899902,0.712158,0.801124,0.203971,1.233824,0.168008,238.020004,10008.000000
2555.000000,381.032318,0.692871,0.192973,0.896484,0.706909,0.797088,0.200620,1.231009,0.160538,268.910004,10009.000000
2556.000000,347.618225,0.695801,0.193102,0.901245,0.709473,0.800598,0.200683,1.232530,0.159836,239.779999,10347.000000
2557.000000,343.905396,0.695312,0.194337,0.906616,0.707153,0.802768,0.201685,1.242806,0.166567,263.260010,10137.000000
2558.000000,364.045258,0.698242,0.196313,0.910278,0.709839,0.808448,0.203532,1.254374,0.174703,254.539993,10241.000000
2559.000000,315.013672,0.705078,0.199463,0.915771,0.715698,0.815908,0.206770,1.264826,0.180100,235.119995,10230.000000
2560.000000,335.830994,0.708862,0.201655,0.918823,0.718994,0.820666,0.208831,1.272766,0.186534,255.080002,10161.000000
2561.000000,331.509613,0.708496,0.201044,0.917725,0.718628,0.821281,0.207976,1.269333,0.186266,238.660004,10108.000000
2562.000000,346.298401,0.709717,0.203088,0.916260,0.720703,0.821179,0.210307,1.270409,0.189835,245.550003,9970.000000
2563.000000,346.761780,0.706665,0.202055,0.912720,0.716919,0.818457,0.209305,1.265328,0.186650,247.149994,10123.000000
2564.000000,345.460907,0.703125,0.200276,0.912964,0.713867,0.817103,0.207542,1.264106,0.181457,256.109985,10265.000000
2565.000000,342.201660,0.705811,0.201338,0.911987,0.716064,0.819364,0.208462,1.267743,0.184404,260.359985,10156.000000
2566.000000,326.607300,0.704102,0.203946,0.909424,0.714111,0.817455,0.210789,1.267029,0.187680,234.630005,10241.000000
2567.000000,350.305359,0.701172,0.205067,0.908569,0.712158,0.816841,0.211940,1.265472,0.191663,245.470001,10450.000000
2568.000000,336.472656,0.704346,0.205979,0.909668,0.713989,0.818231,0.212901,1.265885,0.193016,242.910004,10294.000000
2569.000000,340.251465,0.708862,0.209960,0.916870,0.717651,0.822782,0.216855,1.273782,0.199570,238.690002,10306.000000
2570.000000,332.216583,0.708984,0.210086,0.917969,0.718262,0.824486,0.216986,1.280924,0.190998,240.610001,10281.000000
2571.000000,356.083862,0.706665,0.207291,0.914185,0.715454,0.822647,0.214089,1.280539,0.185335,251.529999,10304.000000
2572.000000,352.460022,0.709839,0.206140,0.916748,0.718262,0.824741,0.213094,1.285882,0.185485,264.890015,10209.000000
2573.000000,351.717285,0.713257,0.207460,0.917969,0.721313,0.826859,0.214113,1.292405,0.190098,237.380005,10258.000000
2574.000000,336.672211,0.715454,0.206695,0.916870,0.724976,0.827858,0.213403,1.287282,0.186162,239.529999,10239.000000
2575.000000,345.022339,0.715698,0.204731,0.916504,0.723389,0.827416,0.211322,1.293264,0.180692,234.539993,10215.000000
2576.000000,365.285187,0.714966,0.204136,0.913208,0.723145,0.824904,0.210743,1.286866,0.173510,244.020004,10192.000000
2577.000000,353.765747,0.715942,0.204373,0.911987,0.723022,0.825992,0.210697,1.289378,0.169015,249.619995,10439.000000
2578.000000,373.658813,0.716919,0.204119,0.914673,0.725952,0.826815,0.210430,1.293286,0.168863,264.760010,10199.000000
2579.000000,354.899231,0.719971,0.208258,0.915649,0.728149,0.829750,0.214368,1.298039,0.179657,252.100006,10441.000000
2580.000000,370.101685,0.717896,0.206657,0.913208,0.726562,0.827542,0.212844,1.293205,0.179170,240.179993,10248.000000
2581.000000,351.583557,0.715088,0.204961,0.912354,0.723999,0.825736,0.211134,1.291234,0.176855,243.169998,10461.000000
2582.000000,364.712158,0.715698,0.205023,0.914551,0.724243,0.827127,0.211064,1.291090,0.176133,221.860001,10565.000000
2583.000000,340.234253,0.716431,0.206011,0.913818,0.724609,0.827378,0.211993,1.284412,0.178174,226.619995,10219.000000
2584.000000,353.994873,0.716797,0.206611,0.909546,0.725342,0.826523,0.212631,1.286297,0.178534,252.009995,10290.000000
2585.000000,368.757080,0.718018,0.206944,0.911255,0.726196,0.826017,0.212814,1.287543,0.177847,244.589996,10201.000000
2586.000000,375.428986,0.716919,0.207251,0.910645,0.725586,0.825004,0.213199,1.284763,0.174735,256.299988,10360.000000
2587.000000,404.542999,0.718872,0.208113,0.913330,0.728149,0.826902,0.214260,1.286336,0.178437,263.950012,10477.000000
2588.000000,354.592194,0.716675,0.208343,0.913452,0.724976,0.825310,0.214453,1.284876,0.177163,232.839996,10378.000000
2589.000000,371.031586,0.714966,0.206274,0.913452,0.723267,0.824422,0.212518,1.280485,0.167783,270.250000,10407.000000
2590.000000,378.621796,0.708984,0.201775,0.911011,0.717651,0.819781,0.208004,1.280878,0.164717,275.200012,10374.000000
2591.000000,347.402344,0.708862,0.201896,0.913086,0.717163,0.822283,0.208062,1.282321,0.167921,245.570007,10208.000000
2592.000000,355.724365,0.707764,0.203391,0.910645,0.717896,0.821214,0.209508,1.281593,0.173277,240.130005,10313.000000
2593.000000,348.859985,0.704102,0.203807,0.909302,0.712280,0.818724,0.209687,1.278472,0.175364,233.149994,10321.000000
2594.000000,372.622437,0.702026,0.201107,0.911133,0.710449,0.818694,0.206912,1.272385,0.169920,254.490005,10183.000000
2595.000000,358.996735,0.702393,0.200516,0.915283,0.711060,0.820387,0.206277,1.281396,0.178440,241.639999,10298.000000
2596.000000,358.239899,0.705933,0.203835,0.917725,0.714722,0.825361,0.209965,1.288084,0.190018,253.309998,10521.000000
2597.000000,344.127960,0.705688,0.203812,0.914429,0.713013,0.822719,0.210228,1.286115,0.190626,240.149994,10560.000000
2598.000000,355.563904,0.703247,0.201591,0.912354,0.711670,0.820947,0.207912,1.275147,0.182569,235.949997,10056.000000
2599.000000,346.205780,0.703491,0.202468,0.912231,0.711060,0.820595,0.208779,1.272105,0.181920,247.559998,10381.000000
2600.000000,355.403564,0.702393,0.200156,0.914673,0.711304,0.820499,0.206575,1.274730,0.184896,256.239990,10478.000000
2601.000000,349.915649,0.705078,0.202628,0.916016,0.713745,0.824137,0.209041,1.282912,0.192923,246.949997,10225.000000
2602.000000,381.162231,0.711182,0.206772,0.919434,0.719482,0.828140,0.213442,1.287175,0.196508,243.550003,10064.000000
2603.000000,359.764008,0.711548,0.204462,0.921631,0.719727,0.827824,0.211040,1.289634,0.197662,252.020004,10394.000000
2604.000000,379.180756,0.713379,0.202614,0.921021,0.721191,0.829156,0.209255,1.288098,0.192978,260.279999,10466.000000
2605.000000,355.342957,0.713623,0.204210,0.918335,0.722168,0.827090,0.211017,1.288324,0.200220,246.190002,10601.000000
2606.000000,346.845734,0.713501,0.204438,0.914551,0.722412,0.825368,0.211330,1.283402,0.197025,232.669998,10368.000000
2607.000000,342.687927,0.712280,0.207197,0.908691,0.720581,0.821109,0.213960,1.271027,0.196861,248.619995,10480.000000
2608.000000,349.908325,0.711548,0.206548,0.907104,0.719971,0.818697,0.213256,1.266783,0.191452,240.669998,10289.000000
2609.000000,367.701630,0.718262,0.210434,0.911499,0.727051,0.824050,0.217397,1.273814,0.197355,241.009995,10443.000000
2610.000000,356.821625,0.723267,0.215273,0.916626,0.731934,0.827972,0.221913,1.285838,0.206570,238.960007,10358.000000
2611.000000,356.298950,0.723877,0.216217,0.913452,0.732300,0.827837,0.222854,1.282482,0.197450,251.199997,10322.000000
2612.000000,359.613068,0.721191,0.213267,0.911743,0.729370,0.823848,0.220321,1.274850,0.193285,241.529999,10058.000000
2613.000000,354.774780,0.725342,0.213532,0.916626,0.733032,0.827937,0.220322,1.281011,0.190511,232.750000,10494.000000
2614.000000,363.249451,0.725952,0.212354,0.917236,0.734497,0.827870,0.219213,1.283931,0.189264,232.050003,10561.000000
2615.000000,368.469513,0.724365,0.211199,0.915161,0.732056,0.827381,0.218271,1.275378,0.180376,241.720001,10312.000000
2616.000000,339.587524,0.724121,0.209861,0.910522,0.731323,0.824321,0.216879,1.263263,0.168699,235.160004,10479.000000
2617.000000,396.791046,0.720581,0.205568,0.911743,0.728638,0.820566,0.212880,1.262228,0.171287,255.889999,10186.000000
2618.000000,348.689789,0.722290,0.208578,0.914062,0.731323,0.822244,0.215965,1.267656,0.179768,232.279999,10127.000000
2619.000000,384.202942,0.717285,0.207988,0.909180,0.725098,0.817717,0.215081,1.257470,0.178412,250.130005,10293.000000
2620.000000,362.525848,0.711182,0.205837,0.903809,0.718506,0.810550,0.213130,1.238844,0.170124,248.100006,10199.000000
2621.000000,374.373627,0.713867,0.208369,0.906860,0.721802,0.813225,0.215563,1.245744,0.173907,247.589996,10242.000000
2622.000000,358.265625,0.718018,0.212120,0.911987,0.724854,0.816462,0.219310,1.260101,0.182058,249.190002,10119.000000
2623.000000,391.175781,0.714844,0.209284,0.910889,0.722168,0.814173,0.216635,1.258759,0.188312,256.190002,10274.000000
2624.000000,375.098602,0.716431,0.209737,0.912720,0.723511,0.816183,0.216815,1.259477,0.188456,244.860001,10156.000000
2625.000000,355.941345,0.718384,0.209818,0.915405,0.724854,0.818244,0.217015,1.262771,0.191472,247.380005,10071.000000
2626.000000,372.080933,0.720581,0.208552,0.918213,0.727539,0.820729,0.215900,1.268664,0.195554,235.110001,9934.000000
2627.000000,348.959442,0.721802,0.206698,0.921387,0.729370,0.823700,0.214053,1.269932,0.189141,241.619995,10272.000000
2628.000000,350.335022,0.723999,0.206811,0.918945,0.730713,0.824302,0.214083,1.274742,0.189371,239.539993,10164.000000
2629.000000,372.166290,0.723267,0.204269,0.918335,0.730469,0.823774,0.211468,1.270631,0.185715,255.050003,10277.000000
2630.000000,384.550110,0.721313,0.202899,0.916992,0.728149,0.821480,0.209946,1.267780,0.190624,267.559998,10172.000000
2631.000000,360.090576,0.724121,0.206215,0.919189,0.731079,0.824421,0.212980,1.273330,0.192494,231.039993,10275.000000
2632.000000,355.709869,0.723633,0.205185,0.917847,0.730713,0.824331,0.211941,1.271847,0.194875,249.160004,10363.000000
2633.000000,399.772888,0.716187,0.203468,0.911011,0.723633,0.818050,0.210024,1.266118,0.193205,275.730011,10427.000000
2634.000000,387.754944,0.713989,0.204966,0.910767,0.721191,0.817103,0.211605,1.260473,0.198216,256.799988,10210.000000
2635.000000,336.302795,0.716919,0.209936,0.912109,0.723877,0.819517,0.216581,1.269391,0.210549,234.500000,10304.000000
2636.000000,368.738586,0.717285,0.210636,0.917480,0.723755,0.822291,0.217421,1.274765,0.215315,245.119995,10362.000000
2637.000000,360.188812,0.713745,0.211130,0.914429,0.721069,0.820328,0.218129,1.270672,0.212342,252.220001,10243.000000
2638.000000,384.796906,0.709961,0.209808,0.910889,0.717651,0.816895,0.216627,1.262105,0.206297,277.500000,10063.000000
2639.000000,387.159760,0.712036,0.212349,0.913208,0.718994,0.818889,0.219077,1.264305,0.213415,274.619995,10354.000000
2640.000000,368.047729,0.717896,0.216245,0.919556,0.725220,0.825509,0.223007,1.279594,0.231487,245.979996,10206.000000
2641.000000,341.141602,0.720337,0.217586,0.919067,0.727295,0.828380,0.224261,1.289943,0.232467,241.669998,10216.000000
2642.000000,355.884827,0.720337,0.218983,0.916382,0.726440,0.826657,0.225600,1.283113,0.229217,236.600006,9779.000000
2643.000000,379.248260,0.720825,0.218076,0.916382,0.727905,0.825130,0.225000,1.272882,0.226141,284.730011,10127.000000
2644.000000,351.072968,0.723022,0.220346,0.919678,0.729248,0.826831,0.227105,1.277278,0.228140,241.830002,10242.000000
2645.000000,352.985138,0.719116,0.220109,0.915527,0.726685,0.822635,0.227116,1.273287,0.229095,233.889999,10146.000000
2646.000000,342.392120,0.723511,0.219927,0.916748,0.730347,0.824952,0.227226,1.270105,0.226506,224.860001,10042.000000
2647.000000,375.908264,0.720215,0.220425,0.913330,0.727539,0.820546,0.227879,1.267371,0.223941,244.410004,10087.000000
2648.000000,363.147064,0.723145,0.223876,0.912842,0.729614,0.820467,0.231279,1.262033,0.221950,242.820007,10342.000000
2649.000000,339.942474,0.724243,0.225773,0.913330,0.730103,0.820510,0.233138,1.256431,0.223550,224.800003,10185.000000
2650.000000,358.076508,0.728149,0.227846,0.915283,0.735840,0.823382,0.235241,1.268629,0.225962,260.130005,10050.000000
2651.000000,368.279846,0.728882,0.227543,0.917114,0.734863,0.823428,0.234842,1.277837,0.227274,240.309998,10229.000000
2652.000000,367.525421,0.729492,0.226533,0.916870,0.735352,0.825236,0.233602,1.273626,0.218171,269.399994,10413.000000
2653.000000,367.135437,0.731567,0.226514,0.917603,0.737549,0.827155,0.233600,1.275582,0.221315,254.229996,10176.000000
2654.000000,376.530457,0.733276,0.228673,0.917358,0.738770,0.827542,0.235653,1.281351,0.216060,260.220001,10206.000000
2655.000000,391.412018,0.732666,0.227723,0.919189,0.738159,0.827376,0.234555,1.287101,0.211995,275.880005,10420.000000
2656.000000,405.506226,0.729858,0.224348,0.914795,0.734131,0.825242,0.231071,1.280291,0.201103,265.489990,10138.000000
2657.000000,404.764618,0.725342,0.221291,0.913940,0.729858,0.821193,0.228259,1.274081,0.197108,260.709991,10120.000000
2658.000000,349.577393,0.722900,0.221774,0.914795,0.727661,0.820323,0.228647,1.276224,0.200097,258.010010,10222.000000
2659.000000,380.869049,0.721436,0.221717,0.916382,0.726929,0.821075,0.228258,1.282035,0.201687,253.100006,10284.000000
2660.000000,355.938141,0.718018,0.220361,0.910767,0.723755,0.818261,0.226917,1.273700,0.196426,250.979996,10311.000000
2661.000000,364.567535,0.720581,0.220403,0.914429,0.725586,0.820945,0.226883,1.277213,0.202100,255.029999,10275.000000
2662.000000,351.827179,0.722534,0.221899,0.915894,0.727539,0.822448,0.228269,1.280745,0.208028,231.979996,10396.000000
2663.000000,381.557404,0.725586,0.222216,0.922241,0.730591,0.826226,0.228457,1.289548,0.216000,261.320007,10344.000000
2664.000000,377.161316,0.720337,0.219900,0.917847,0.725952,0.823089,0.226352,1.288186,0.217399,248.610001,10363.000000
2665.000000,337.607666,0.720459,0.219281,0.919800,0.725342,0.825213,0.225637,1.284270,0.217498,239.399994,10352.000000
2666.000000,368.921082,0.717041,0.218539,0.919556,0.723145,0.824277,0.224695,1.291534,0.214770,237.429993,10151.000000
2667.000000,366.768005,0.714478,0.218618,0.917603,0.720459,0.823174,0.224907,1.282823,0.214339,249.429993,10423.000000
2668.000000,350.230988,0.714844,0.218549,0.919312,0.719482,0.825006,0.224779,1.283050,0.213871,250.619995,10452.000000
2669.000000,352.825226,0.711426,0.217158,0.915649,0.716431,0.822266,0.223272,1.282515,0.207576,242.699997,10412.000000
2670.000000,369.817169,0.711792,0.218096,0.917480,0.717407,0.823699,0.224176,1.283197,0.210514,249.320007,10395.000000
2671.000000,390.152893,0.709229,0.215522,0.915405,0.713623,0.821039,0.221763,1.279016,0.207842,252.529999,10230.000000
2672.000000,347.906616,0.708984,0.216153,0.912720,0.714722,0.820901,0.222409,1.278303,0.212150,236.259995,10206.000000
2673.000000,371.244324,0.707886,0.218096,0.912231,0.713135,0.820159,0.224473,1.272130,0.214480,241.179993,10344.000000
2674.000000,355.101227,0.705078,0.215701,0.914551,0.711060,0.818273,0.222252,1.268167,0.210219,246.929993,10385.000000
2675.000000,347.628693,0.707275,0.218802,0.915649,0.712646,0.820942,0.225395,1.273658,0.213366,231.070007,10407.000000
2676.000000,362.887482,0.706543,0.218620,0.918457,0.711182,0.820747,0.225269,1.275033,0.218792,241.830002,10362.000000
2677.000000,361.704468,0.706055,0.217749,0.916382,0.711548,0.821211,0.224540,1.274706,0.224681,253.470001,10177.000000
2678.000000,365.936859,0.710083,0.218002,0.923828,0.715454,0.826225,0.224855,1.286576,0.228565,235.220001,10444.000000
2679.000000,375.434052,0.713623,0.220365,0.926270,0.718506,0.829736,0.227385,1.289949,0.235231,257.070007,10306.000000
2680.000000,367.270721,0.712891,0.218680,0.923584,0.717529,0.828709,0.225602,1.288665,0.230006,257.799988,10139.000000
2681.000000,375.175507,0.710571,0.216641,0.921143,0.715332,0.826598,0.223842,1.285854,0.231389,243.429993,10280.000000
2682.000000,370.792145,0.711670,0.217941,0.921753,0.715942,0.827705,0.225073,1.283161,0.231153,242.600006,10236.000000
2683.000000,340.198303,0.711792,0.218951,0.919800,0.716919,0.827454,0.226195,1.282366,0.239537,223.630005,10436.000000
2684.000000,373.978851,0.708496,0.218764,0.916016,0.713501,0.823329,0.225689,1.277240,0.238852,248.750000,10444.000000
2685.000000,372.479095,0.710327,0.220829,0.915771,0.714600,0.824149,0.227748,1.272923,0.236910,261.179993,10455.000000
2686.000000,370.722015,0.709351,0.223563,0.914551,0.713989,0.823453,0.230482,1.277745,0.236324,230.610001,10323.000000
2687.000000,349.254456,0.713623,0.227210,0.917725,0.717896,0.827131,0.234168,1.279423,0.238787,242.380005,10336.000000
2688.000000,356.589203,0.712158,0.226892,0.914551,0.716064,0.824453,0.233785,1.275267,0.235221,223.149994,10406.000000
2689.000000,388.226501,0.721313,0.231819,0.918701,0.725342,0.829649,0.238619,1.276146,0.240067,274.040009,10387.000000
2690.000000,353.972107,0.718018,0.229547,0.917969,0.722656,0.825627,0.236691,1.284174,0.239668,253.339996,10256.000000
2691.000000,375.437073,0.725586,0.232661,0.919067,0.729736,0.831050,0.239851,1.283878,0.238317,254.860001,10180.000000
2692.000000,356.859650,0.725342,0.231351,0.920898,0.730469,0.829898,0.238666,1.284073,0.238380,236.740005,10279.000000
2693.000000,356.176117,0.725708,0.231370,0.918213,0.730957,0.828905,0.238682,1.280830,0.239684,246.919998,10181.000000
2694.000000,362.011932,0.722900,0.228805,0.913818,0.729126,0.825181,0.236330,1.274698,0.233671,247.479996,10215.000000
2695.000000,378.838013,0.726807,0.230589,0.915527,0.733154,0.826214,0.238034,1.272286,0.234607,264.239990,10089.000000
2696.000000,362.512238,0.728271,0.234085,0.916382,0.734131,0.826583,0.241302,1.280804,0.244411,227.940002,10325.000000
2697.000000,356.153839,0.731323,0.237070,0.914795,0.737671,0.827317,0.244160,1.276037,0.242374,237.100006,10277.000000
2698.000000,403.479950,0.730713,0.233919,0.914307,0.738037,0.825425,0.241254,1.277466,0.242770,263.730011,10253.000000
2699.000000,390.430664,0.731445,0.235507,0.916138,0.738281,0.826870,0.242755,1.278782,0.245171,252.050003,10348.000000
2700.000000,376.679626,0.733032,0.236004,0.917603,0.739868,0.827806,0.243308,1.280649,0.243897,247.910004,10366.000000
2701.000000,356.054932,0.731812,0.234339,0.915894,0.738525,0.826510,0.241687,1.278949,0.240541,241.500000,10323.000000
2702.000000,393.957214,0.733521,0.236197,0.913330,0.739258,0.826617,0.243372,1.279631,0.241130,263.260010,10176.000000
2703.000000,441.819733,0.734375,0.236462,0.914673,0.740845,0.826583,0.243582,1.280394,0.244289,276.130005,10209.000000
2704.000000,365.223785,0.738037,0.237271,0.917480,0.745605,0.829526,0.244513,1.285951,0.247650,252.369995,10193.000000
2705.000000,356.299011,0.739746,0.235763,0.918945,0.746582,0.829224,0.243107,1.284241,0.243102,232.080002,10326.000000
2706.000000,409.465332,0.738525,0.234827,0.915527,0.745239,0.827362,0.242204,1.273289,0.235399,259.190002,9976.000000
2707.000000,373.101990,0.732056,0.230574,0.910156,0.739380,0.821283,0.238109,1.265761,0.232647,254.050003,10125.000000
2708.000000,427.840515,0.733276,0.231408,0.914429,0.739746,0.823149,0.238878,1.271740,0.235771,260.350006,10379.000000
2709.000000,414.097961,0.734253,0.231960,0.916992,0.741089,0.823228,0.239563,1.277148,0.242789,269.760010,10358.000000
2710.000000,372.470398,0.732178,0.231152,0.915161,0.738770,0.822294,0.238765,1.278154,0.240343,224.860001,10141.000000
2711.000000,369.065338,0.729614,0.229305,0.914307,0.735962,0.820866,0.237024,1.273115,0.236063,251.000000,10059.000000
2712.000000,391.045807,0.727661,0.228494,0.912842,0.734619,0.819464,0.236415,1.267652,0.239012,252.500000,9986.000000
2713.000000,380.411682,0.724609,0.229045,0.910400,0.731079,0.818203,0.236699,1.269373,0.240255,258.859985,10290.000000
2714.000000,353.983765,0.724121,0.230886,0.912109,0.731689,0.818511,0.238566,1.267800,0.238671,230.889999,10084.000000
2715.000000,393.657379,0.722534,0.230630,0.909790,0.729248,0.816228,0.238102,1.262484,0.236983,250.759995,10068.000000
2716.000000,360.924225,0.721191,0.228950,0.909180,0.728271,0.814994,0.236335,1.260987,0.229782,236.750000,10351.000000
2717.000000,393.616974,0.720337,0.230837,0.906494,0.727905,0.812884,0.238193,1.260838,0.235018,253.940002,10182.000000
2718.000000,390.530182,0.723511,0.229881,0.911255,0.731567,0.816027,0.237471,1.267599,0.241836,254.259995,10178.000000
2719.000000,380.144867,0.727905,0.231776,0.915894,0.735596,0.820489,0.239306,1.276989,0.254421,251.910004,10132.000000
2720.000000,387.757904,0.730835,0.233901,0.917480,0.737915,0.822934,0.241401,1.282774,0.257148,254.000000,10071.000000
2721.000000,396.546295,0.732300,0.234063,0.912109,0.740601,0.823030,0.241791,1.275233,0.256575,265.570007,10151.000000
2722.000000,362.095917,0.733643,0.233440,0.915405,0.740967,0.823200,0.241154,1.278576,0.255905,246.750000,10171.000000
2723.000000,411.620941,0.735474,0.234704,0.916504,0.742676,0.823450,0.242714,1.280297,0.257281,257.839996,10222.000000
2724.000000,366.024750,0.737427,0.236307,0.914795,0.744507,0.823380,0.244315,1.276152,0.259842,232.610001,10166.000000
2725.000000,386.913208,0.737915,0.237667,0.912231,0.744141,0.821329,0.245699,1.269893,0.255546,257.649994,10151.000000
2726.000000,396.183441,0.739502,0.236866,0.913086,0.746094,0.821012,0.245116,1.264813,0.247024,255.660004,10339.000000
2727.000000,367.433746,0.740479,0.236825,0.916016,0.747803,0.821276,0.245308,1.274197,0.252165,241.009995,10266.000000
2728.000000,377.713837,0.743286,0.238609,0.915283,0.750244,0.822044,0.247254,1.274369,0.248640,238.440002,10094.000000
2729.000000,373.953644,0.744629,0.239671,0.912231,0.751587,0.820935,0.248241,1.270104,0.244455,239.199997,10232.000000
2730.000000,381.773010,0.743164,0.237207,0.915161,0.750488,0.820337,0.246043,1.276250,0.245939,237.839996,10067.000000
2731.000000,386.958862,0.747925,0.236948,0.919556,0.754395,0.824933,0.245792,1.284318,0.238366,254.440002,10160.000000
2732.000000,370.329071,0.748535,0.235040,0.919556,0.755249,0.824928,0.243745,1.289781,0.234455,230.330002,10065.000000
2733.000000,364.458954,0.744507,0.231640,0.912842,0.751465,0.820582,0.240291,1.277277,0.221898,241.779999,9841.000000
2734.000000,340.738068,0.740479,0.229762,0.910278,0.746948,0.817171,0.238283,1.268450,0.213058,225.009995,10022.000000
2735.000000,359.165314,0.736328,0.227590,0.909668,0.743530,0.813154,0.236120,1.258875,0.213689,244.410004,9947.000000
2736.000000,359.525146,0.736084,0.227179,0.912476,0.743530,0.812290,0.235693,1.263558,0.216569,229.880005,10168.000000
2737.000000,355.117645,0.737305,0.226895,0.912720,0.743896,0.814250,0.235466,1.262413,0.216953,235.220001,10143.000000
2738.000000,379.151947,0.732422,0.223051,0.909180,0.739502,0.810650,0.231545,1.263570,0.219785,232.660004,10187.000000
2739.000000,389.464203,0.728760,0.221399,0.909302,0.736084,0.808234,0.229820,1.260440,0.220600,248.789993,9857.000000
2740.000000,344.221893,0.727173,0.223191,0.909668,0.734253,0.808286,0.231588,1.257148,0.226353,219.619995,10178.000000
2741.000000,364.102814,0.723511,0.223474,0.909790,0.729492,0.806486,0.231673,1.251823,0.222581,248.850006,10197.000000
2742.000000,381.430603,0.725830,0.226090,0.908447,0.731689,0.808000,0.234223,1.251522,0.226932,244.669998,10275.000000
2743.000000,360.461365,0.721680,0.224834,0.909424,0.728394,0.806310,0.232716,1.255372,0.224605,244.610001,10161.000000
2744.000000,358.124512,0.722290,0.226063,0.911011,0.728882,0.807866,0.233704,1.258517,0.222719,237.770004,10048.000000
2745.000000,347.360046,0.722656,0.227564,0.908569,0.729858,0.807874,0.235408,1.252815,0.223989,238.740005,10216.000000
2746.000000,349.183990,0.726196,0.229077,0.913208,0.733765,0.811398,0.237268,1.259787,0.230737,248.309998,10340.000000
2747.000000,356.292053,0.727173,0.229940,0.913452,0.734131,0.811114,0.238156,1.265151,0.237400,244.429993,10307.000000
2748.000000,384.240204,0.728149,0.231306,0.909668,0.733643,0.809710,0.239414,1.256322,0.233876,254.979996,10323.000000
2749.000000,342.645233,0.727417,0.227536,0.911865,0.734009,0.809180,0.235834,1.247868,0.231091,224.779999,10271.000000
2750.000000,370.961578,0.732300,0.232664,0.915405,0.738892,0.814170,0.240985,1.260415,0.247895,244.380005,10216.000000
2751.000000,374.000122,0.739014,0.236424,0.918823,0.745483,0.818417,0.244541,1.266792,0.251286,241.610001,10109.000000
2752.000000,366.171600,0.743774,0.236139,0.917969,0.749390,0.821162,0.244298,1.273621,0.251565,257.429993,10098.000000
2753.000000,390.517456,0.743896,0.236610,0.915405,0.749146,0.819690,0.244976,1.272246,0.246370,253.339996,10040.000000
2754.000000,350.668365,0.741089,0.234676,0.912964,0.746826,0.816907,0.242835,1.262837,0.233725,244.559998,10211.000000
2755.000000,360.715790,0.738403,0.233354,0.909668,0.743774,0.812453,0.241547,1.256942,0.232870,224.960007,10101.000000
2756.000000,373.180450,0.739014,0.234588,0.912842,0.744751,0.813860,0.242812,1.257277,0.234746,253.210007,10045.000000
2757.000000,331.167847,0.739502,0.233787,0.915283,0.745972,0.812004,0.242579,1.261945,0.240785,225.050003,9910.000000
2758.000000,363.816162,0.741699,0.234209,0.911743,0.747314,0.813544,0.242838,1.266852,0.238456,246.619995,10072.000000
2759.000000,389.958344,0.744263,0.235900,0.914673,0.749512,0.815509,0.244546,1.268093,0.237388,253.339996,10034.000000
2760.000000,334.149139,0.744507,0.235884,0.913818,0.749878,0.814898,0.244442,1.272627,0.235068,246.229996,9987.000000
2761.000000,359.846283,0.745361,0.233931,0.916626,0.750610,0.814881,0.242953,1.273909,0.231924,240.979996,9808.000000
2762.000000,360.288269,0.745117,0.232267,0.915527,0.749634,0.814796,0.240984,1.278237,0.229211,231.869995,10217.000000
2763.000000,363.132202,0.744873,0.230319,0.917725,0.750000,0.816223,0.239040,1.282786,0.226127,232.929993,9821.000000
2764.000000,349.702271,0.744385,0.231590,0.915161,0.749023,0.814127,0.240255,1.274207,0.227445,222.729996,9949.000000
2765.000000,361.062469,0.744995,0.233334,0.914673,0.750000,0.815193,0.242023,1.271575,0.229412,240.320007,9918.000000
2766.000000,357.071838,0.742554,0.231083,0.911743,0.747437,0.812055,0.239707,1.268133,0.220599,245.119995,9997.000000
2767.000000,359.484344,0.744995,0.232973,0.914917,0.748901,0.814821,0.241405,1.274651,0.227346,242.740005,10110.000000
2768.000000,367.366852,0.745850,0.233350,0.919312,0.750000,0.817415,0.241586,1.283307,0.227940,243.919998,9962.000000
2769.000000,370.281433,0.746216,0.233226,0.917480,0.750488,0.817242,0.241453,1.277375,0.226685,242.399994,10231.000000
2770.000000,350.551331,0.744141,0.232973,0.914917,0.748169,0.814514,0.241258,1.279337,0.224580,237.199997,10372.000000
2771.000000,368.173920,0.747314,0.235400,0.916504,0.751221,0.817862,0.243686,1.281491,0.226291,243.970001,10096.000000
2772.000000,361.267456,0.745361,0.232632,0.916138,0.749146,0.816193,0.240684,1.281528,0.229057,223.149994,10182.000000
2773.000000,371.472626,0.746948,0.235131,0.914917,0.750977,0.816914,0.242820,1.279201,0.231816,232.279999,10219.000000
2774.000000,356.145325,0.746582,0.235505,0.913208,0.750366,0.815852,0.242922,1.270422,0.233478,228.750000,10388.000000
2775.000000,351.199219,0.745605,0.236289,0.911255,0.750000,0.814903,0.243623,1.273982,0.238219,231.470001,10064.000000
2776.000000,365.669922,0.744873,0.238177,0.911865,0.749268,0.815742,0.245705,1.275068,0.246354,251.869995,9956.000000
2777.000000,343.741394,0.749756,0.239076,0.916382,0.754395,0.821548,0.246646,1.285446,0.250282,235.210007,10070.000000
2778.000000,366.564209,0.747314,0.237783,0.916748,0.752197,0.820734,0.245202,1.287663,0.248001,239.940002,10129.000000
2779.000000,388.674866,0.748901,0.237218,0.916138,0.754395,0.821510,0.244828,1.290080,0.247284,250.139999,10171.000000
2780.000000,347.315369,0.744995,0.235362,0.915527,0.749634,0.818841,0.242975,1.287763,0.250397,219.369995,10157.000000
2781.000000,368.014191,0.746216,0.235628,0.916748,0.750610,0.821844,0.242962,1.291538,0.249069,249.100006,10157.000000
2782.000000,371.731171,0.741333,0.234059,0.915649,0.745850,0.818340,0.241544,1.292507,0.246553,229.929993,10140.000000
2783.000000,370.440094,0.742310,0.235203,0.916992,0.746826,0.821220,0.242654,1.291051,0.242948,237.300003,10347.000000
2784.000000,362.059906,0.741455,0.232923,0.919922,0.746094,0.820803,0.240490,1.298644,0.240957,230.440002,10225.000000
2785.000000,354.657959,0.742188,0.236072,0.921021,0.746582,0.823934,0.243226,1.305326,0.244098,236.699997,9998.000000
2786.000000,362.273346,0.742065,0.234767,0.919189,0.747192,0.825312,0.241952,1.306273,0.247035,244.710007,10032.000000
2787.000000,386.567657,0.735718,0.231420,0.913818,0.740356,0.818595,0.238665,1.296885,0.237015,253.350006,10249.000000
2788.000000,364.263458,0.735107,0.231265,0.912842,0.739136,0.818725,0.238410,1.289293,0.235615,239.009995,10344.000000
2789.000000,350.566742,0.729858,0.229919,0.915039,0.734741,0.815928,0.237198,1.296509,0.239842,238.059998,9987.000000
2790.000000,358.137421,0.732544,0.234842,0.915649,0.736816,0.819766,0.241793,1.301555,0.246687,228.699997,10222.000000
2791.000000,357.217499,0.733887,0.234974,0.917236,0.738647,0.822914,0.242027,1.301872,0.249940,233.990005,10121.000000
2792.000000,376.758575,0.732178,0.235166,0.916870,0.736694,0.821290,0.242365,1.300451,0.256082,243.389999,10219.000000
2793.000000,383.899597,0.731323,0.235299,0.915405,0.736084,0.821038,0.242558,1.298120,0.255157,243.270004,10127.000000
2794.000000,342.487640,0.733276,0.236788,0.918823,0.737427,0.823525,0.244186,1.300954,0.261315,250.100006,10139.000000
2795.000000,371.126007,0.734009,0.238791,0.916992,0.738037,0.823214,0.246131,1.302592,0.259263,246.770004,10253.000000
2796.000000,346.706085,0.735474,0.236969,0.916138,0.739258,0.823916,0.244275,1.301588,0.251862,239.490005,10370.000000
2797.000000,384.631256,0.736938,0.238376,0.914917,0.741089,0.824630,0.245678,1.298804,0.246523,255.110001,10188.000000
2798.000000,358.788391,0.739014,0.241272,0.911865,0.742920,0.824027,0.248352,1.297332,0.247345,235.679993,10007.000000
2799.000000,376.943298,0.734985,0.237610,0.910645,0.739624,0.821200,0.244880,1.291039,0.240605,244.880005,10145.000000
2800.000000,380.648773,0.738281,0.238034,0.913452,0.743286,0.822444,0.245519,1.294594,0.245133,236.410004,10301.000000
2801.000000,381.831848,0.739868,0.239953,0.914795,0.746216,0.824757,0.247562,1.299051,0.245043,254.839996,10140.000000
2802.000000,368.451050,0.743042,0.241246,0.913208,0.747803,0.825549,0.248939,1.300020,0.243345,239.880005,10089.000000
2803.000000,371.845886,0.741699,0.238379,0.916626,0.746460,0.824480,0.246128,1.297735,0.236494,230.800003,10391.000000
2804.000000,353.578125,0.744507,0.236691,0.921021,0.750000,0.828382,0.244492,1.301656,0.237146,234.320007,10319.000000
2805.000000,360.885071,0.744019,0.237594,0.918823,0.749878,0.828264,0.245509,1.306821,0.239121,229.100006,10069.000000
2806.000000,353.698456,0.744019,0.236177,0.917236,0.749512,0.827062,0.244305,1.296610,0.235363,235.410004,10039.000000
2807.000000,363.157257,0.741333,0.233569,0.913208,0.747314,0.822575,0.242038,1.295393,0.234593,225.639999,10323.000000
2808.000000,371.586975,0.735352,0.230214,0.910278,0.740967,0.817682,0.238573,1.284164,0.226728,227.100006,10243.000000
2809.000000,412.605560,0.730347,0.229815,0.906982,0.736084,0.814766,0.238172,1.277319,0.222401,247.889999,10426.000000
2810.000000,370.948181,0.731323,0.230676,0.912598,0.737061,0.817726,0.239078,1.279558,0.223855,241.720001,10174.000000
2811.000000,370.442078,0.733154,0.234334,0.914551,0.738281,0.820300,0.242397,1.292153,0.231493,227.119995,10142.000000
2812.000000,373.026642,0.732178,0.233539,0.913086,0.737427,0.821092,0.241588,1.287676,0.224842,224.330002,10188.000000
2813.000000,363.577026,0.726929,0.229559,0.909668,0.731934,0.816463,0.237270,1.282140,0.214716,237.369995,10064.000000
2814.000000,374.079468,0.726440,0.227237,0.913696,0.731812,0.817494,0.234856,1.283355,0.210806,255.000000,10308.000000
2815.000000,342.299408,0.729370,0.230410,0.915527,0.734009,0.820103,0.237972,1.292031,0.222996,228.149994,10105.000000
2816.000000,360.968628,0.729370,0.231209,0.916260,0.734375,0.820963,0.239053,1.292381,0.231473,231.139999,9991.000000
2817.000000,347.470520,0.732910,0.232990,0.914917,0.739136,0.823538,0.241030,1.287900,0.232795,227.660004,10254.000000
2818.000000,345.517059,0.729004,0.228830,0.911987,0.735962,0.818778,0.237085,1.281010,0.228239,223.639999,10329.000000
2819.000000,344.866821,0.730103,0.229584,0.913696,0.734985,0.818428,0.237637,1.274498,0.223260,221.789993,10290.000000
2820.000000,354.821045,0.731567,0.228777,0.914917,0.737793,0.819981,0.236922,1.282864,0.219657,245.179993,10239.000000
2821.000000,324.647400,0.734253,0.229112,0.919189,0.739502,0.821439,0.237282,1.288569,0.217278,224.419998,10226.000000
2822.000000,362.309113,0.732666,0.229466,0.912476,0.738770,0.819197,0.237691,1.284784,0.216180,233.149994,10283.000000
2823.000000,393.422974,0.732666,0.228355,0.914673,0.738281,0.818880,0.236587,1.288146,0.216794,253.050003,9850.000000
2824.000000,354.409546,0.735718,0.230410,0.915649,0.741211,0.818740,0.238853,1.287603,0.221110,240.880005,10141.000000
2825.000000,399.864410,0.738647,0.233972,0.915527,0.744629,0.822080,0.242466,1.292413,0.227413,246.839996,10121.000000
2826.000000,352.956543,0.735962,0.231128,0.914185,0.741943,0.819859,0.239585,1.287487,0.221830,227.360001,10251.000000
2827.000000,338.021149,0.733398,0.228572,0.909912,0.740112,0.816887,0.237138,1.277973,0.219201,229.399994,10170.000000
2828.000000,361.503143,0.734131,0.227581,0.909790,0.740356,0.815722,0.236147,1.279634,0.215450,228.179993,10067.000000
2829.000000,371.815338,0.735107,0.228857,0.912720,0.741821,0.816687,0.237558,1.278145,0.226212,240.169998,10075.000000
2830.000000,352.734100,0.737549,0.230163,0.915894,0.743530,0.820232,0.238984,1.284832,0.234788,234.080002,10307.000000
2831.000000,384.294464,0.738037,0.229640,0.918823,0.744507,0.821503,0.238476,1.289940,0.234087,250.860001,10113.000000
2832.000000,329.650116,0.736816,0.230314,0.915894,0.742676,0.821249,0.238836,1.287513,0.228306,221.419998,10106.000000
2833.000000,327.360748,0.734253,0.227142,0.913940,0.739746,0.819559,0.235413,1.280382,0.224144,227.880005,10197.000000
2834.000000,346.339264,0.729736,0.227250,0.911011,0.735596,0.815665,0.235595,1.280188,0.223511,224.710007,10256.000000
2835.000000,360.004669,0.727173,0.227703,0.909424,0.733765,0.815182,0.235925,1.273510,0.219827,238.589996,10252.000000
2836.000000,358.133911,0.723999,0.227853,0.909058,0.730347,0.812297,0.235930,1.271665,0.219829,225.750000,10254.000000
2837.000000,332.404419,0.724609,0.229400,0.910400,0.730713,0.812944,0.237273,1.274069,0.220709,224.320007,10283.000000
2838.000000,385.263824,0.727051,0.231497,0.913452,0.734253,0.814528,0.239558,1.273522,0.223672,251.550003,10239.000000
2839.000000,368.001984,0.730225,0.230934,0.916138,0.736816,0.816813,0.239011,1.282223,0.227987,249.020004,10283.000000
2840.000000,346.344574,0.727661,0.228285,0.917358,0.732910,0.817453,0.235721,1.293340,0.227744,225.940002,10237.000000
2841.000000,344.433960,0.726196,0.227259,0.913208,0.730713,0.816506,0.234603,1.283235,0.224192,226.779999,10238.000000
2842.000000,378.730530,0.721802,0.226485,0.909424,0.727051,0.813018,0.234041,1.275780,0.224684,242.160004,9993.000000
2843.000000,361.572479,0.726074,0.230294,0.914307,0.729736,0.818141,0.237738,1.279181,0.232341,240.509995,10003.000000
2844.000000,332.569641,0.731323,0.234344,0.918457,0.735718,0.823132,0.241766,1.286020,0.241112,238.119995,10049.000000
2845.000000,365.518951,0.733154,0.235618,0.917603,0.738281,0.824397,0.243297,1.285926,0.241160,246.990005,9947.000000
2846.000000,350.832520,0.732910,0.235603,0.916992,0.738037,0.823903,0.243185,1.285531,0.238379,224.899994,10084.000000
2847.000000,342.588409,0.735229,0.233641,0.918335,0.741821,0.824470,0.241496,1.287164,0.237136,222.220001,10176.000000
2848.000000,374.104065,0.737671,0.236473,0.915771,0.743286,0.824068,0.244589,1.285759,0.236553,246.550003,10038.000000
2849.000000,367.118378,0.733887,0.234359,0.910889,0.739746,0.820414,0.242488,1.280716,0.230978,232.330002,10072.000000
2850.000000,348.160217,0.731079,0.233035,0.910889,0.736938,0.817700,0.241249,1.271987,0.236116,231.199997,10030.000000
2851.000000,342.479340,0.731079,0.234055,0.910767,0.737549,0.816591,0.242497,1.272260,0.241157,226.009995,10261.000000
2852.000000,369.853790,0.732056,0.234751,0.912842,0.737671,0.817057,0.243340,1.272364,0.245134,227.940002,10037.000000
2853.000000,383.686340,0.729736,0.234549,0.914307,0.735962,0.816459,0.243013,1.273113,0.248316,247.570007,9967.000000
2854.000000,341.743103,0.728149,0.233959,0.912476,0.735840,0.817141,0.242257,1.277095,0.250617,227.660004,10057.000000
2855.000000,376.150879,0.732910,0.238147,0.915771,0.739258,0.821818,0.246235,1.277549,0.253976,239.729996,10069.000000
2856.000000,364.229553,0.729980,0.236487,0.914185,0.736572,0.819879,0.244509,1.278643,0.252677,245.410004,9924.000000
2857.000000,357.269470,0.730225,0.236472,0.915405,0.736694,0.820291,0.244459,1.276414,0.246395,249.550003,10274.000000
2858.000000,367.334900,0.730225,0.234742,0.913940,0.736694,0.820036,0.242766,1.277040,0.242517,229.990005,10006.000000
2859.000000,383.824249,0.730225,0.234694,0.915527,0.735962,0.819756,0.242664,1.281013,0.244425,252.690002,10030.000000
2860.000000,363.976135,0.731812,0.233645,0.916870,0.737061,0.820370,0.241631,1.279777,0.244108,243.520004,10025.000000
2861.000000,337.321533,0.731812,0.233878,0.915771,0.737305,0.820209,0.242170,1.282524,0.241809,239.720001,9941.000000
2862.000000,351.057617,0.732544,0.234753,0.918579,0.738403,0.821243,0.242874,1.280607,0.238962,223.029999,10076.000000
2863.000000,377.237427,0.736084,0.236342,0.917847,0.740967,0.823115,0.244371,1.278968,0.235719,262.619995,9846.000000
2864.000000,352.105530,0.733643,0.233266,0.915771,0.737915,0.821044,0.241311,1.278711,0.232506,236.850006,10144.000000
2865.000000,362.244354,0.732910,0.231384,0.915771,0.738403,0.820610,0.239459,1.276202,0.234968,226.940002,10103.000000
2866.000000,378.044739,0.732910,0.231547,0.914307,0.738037,0.819635,0.239560,1.270389,0.238113,235.860001,10186.000000
2867.000000,354.572693,0.733276,0.231950,0.914917,0.738525,0.819393,0.239931,1.270179,0.239556,247.600006,9998.000000
2868.000000,367.121735,0.730835,0.230594,0.912354,0.736450,0.817616,0.238647,1.262230,0.238581,226.550003,9971.000000
2869.000000,376.129211,0.737061,0.233245,0.915894,0.742676,0.822427,0.241627,1.259004,0.240263,242.919998,9949.000000
2870.000000,339.838104,0.737183,0.233919,0.916992,0.742676,0.820716,0.242372,1.266222,0.245641,230.119995,9920.000000
2871.000000,372.149323,0.741699,0.235795,0.918457,0.747070,0.824519,0.244103,1.270168,0.246001,239.440002,10099.000000
2872.000000,385.871002,0.737061,0.233379,0.915405,0.742188,0.819403,0.241814,1.265228,0.238763,243.600006,9946.000000
2873.000000,383.103424,0.737427,0.231859,0.914062,0.742676,0.820260,0.240287,1.253662,0.233974,231.160004,10010.000000
2874.000000,394.945251,0.738770,0.229866,0.917603,0.743530,0.820359,0.238185,1.258658,0.233515,262.510010,9973.000000
2875.000000,369.633514,0.738281,0.229938,0.914795,0.744385,0.819153,0.238389,1.257259,0.237186,235.860001,9872.000000
2876.000000,362.545593,0.731934,0.227169,0.908081,0.737793,0.813237,0.235634,1.245563,0.237180,229.220001,10085.000000
2877.000000,378.014099,0.730957,0.226442,0.913452,0.736084,0.814613,0.234746,1.240301,0.237735,238.149994,10244.000000
2878.000000,360.675995,0.730103,0.226126,0.916626,0.736816,0.815498,0.234510,1.249034,0.245699,233.070007,10270.000000
2879.000000,350.449615,0.732178,0.228600,0.916870,0.738037,0.817013,0.236939,1.246969,0.249075,243.110001,10181.000000
2880.000000,354.858154,0.731567,0.228310,0.914185,0.737549,0.816510,0.236530,1.245513,0.247072,237.339996,10122.000000
2881.000000,369.305450,0.733398,0.229744,0.915405,0.739746,0.817129,0.237949,1.244639,0.248705,250.960007,10264.000000
2882.000000,384.439636,0.730469,0.226124,0.914795,0.737305,0.814724,0.234504,1.247637,0.247180,246.559998,10011.000000
2883.000000,350.732544,0.729126,0.226352,0.912231,0.736084,0.812839,0.234664,1.245006,0.248002,236.059998,10046.000000
2884.000000,338.894073,0.730591,0.228264,0.916016,0.737549,0.815569,0.236604,1.251732,0.253988,225.020004,10037.000000
2885.000000,359.993713,0.732666,0.228810,0.916626,0.740234,0.817185,0.237016,1.259867,0.253866,250.360001,10069.000000
2886.000000,366.848175,0.736328,0.229246,0.919800,0.743286,0.821215,0.237362,1.265890,0.253457,250.440002,10091.000000
2887.000000,380.233978,0.735474,0.230137,0.918335,0.742432,0.820728,0.238220,1.262152,0.253132,242.929993,10263.000000
2888.000000,358.205261,0.734009,0.226909,0.917847,0.739624,0.820382,0.234602,1.260656,0.249842,228.800003,10056.000000
2889.000000,362.752533,0.728760,0.225373,0.914917,0.736084,0.817015,0.233196,1.257553,0.249953,249.820007,9913.000000
2890.000000,371.504700,0.730225,0.229472,0.913940,0.736328,0.818688,0.236865,1.252581,0.251550,272.380005,10201.000000
2891.000000,356.061920,0.731812,0.231854,0.913940,0.738281,0.821004,0.238937,1.260747,0.259558,236.820007,10292.000000
2892.000000,389.090912,0.733521,0.235199,0.914429,0.739380,0.821634,0.242398,1.262411,0.263921,264.579987,10162.000000
2893.000000,375.066223,0.735229,0.236186,0.914429,0.742676,0.822928,0.243668,1.270268,0.277562,227.850006,10263.000000
2894.000000,375.238770,0.736572,0.236842,0.915405,0.744263,0.824739,0.244474,1.268788,0.277862,244.119995,9886.000000
2895.000000,381.008881,0.739868,0.239383,0.913696,0.747192,0.824521,0.247011,1.269386,0.278126,254.059998,9897.000000
2896.000000,344.535522,0.744263,0.242085,0.916870,0.751343,0.827461,0.249609,1.270516,0.275212,234.839996,9954.000000
2897.000000,359.015808,0.745483,0.241196,0.916748,0.751953,0.828329,0.248748,1.272552,0.275064,238.779999,10137.000000
2898.000000,375.654144,0.744751,0.240133,0.915527,0.752075,0.827744,0.247924,1.272794,0.273239,237.750000,10164.000000
2899.000000,357.587860,0.738159,0.238055,0.911133,0.744629,0.822347,0.245365,1.264875,0.264831,225.169998,9946.000000
2900.000000,358.939819,0.739624,0.237309,0.914307,0.746216,0.823672,0.244535,1.261183,0.265334,244.559998,10058.000000
2901.000000,347.256561,0.737793,0.237207,0.912842,0.746338,0.823169,0.244644,1.259269,0.260452,239.199997,10005.000000
2902.000000,377.910797,0.740112,0.238807,0.914795,0.747070,0.824657,0.246241,1.261689,0.266969,242.580002,9926.000000
2903.000000,376.722778,0.739502,0.238306,0.914551,0.746216,0.824648,0.245627,1.267310,0.268080,251.919998,9969.000000
2904.000000,374.705902,0.738525,0.241041,0.912476,0.745483,0.822936,0.248263,1.268820,0.275672,231.360001,9972.000000
2905.000000,373.630768,0.739380,0.243591,0.912354,0.745361,0.824033,0.250526,1.263103,0.275907,232.600006,10078.000000
2906.000000,340.192566,0.739258,0.244945,0.911987,0.744995,0.822744,0.252185,1.258200,0.274078,230.720001,10014.000000
2907.000000,416.595032,0.738770,0.245953,0.910034,0.745361,0.821703,0.253299,1.260464,0.277119,266.220001,10165.000000
2908.000000,384.070068,0.740723,0.245222,0.911499,0.747803,0.823463,0.252447,1.262063,0.275760,251.580002,10209.000000
2909.000000,393.479919,0.740967,0.245702,0.911865,0.748047,0.823660,0.252963,1.266128,0.270772,260.320007,10173.000000
2910.000000,368.711731,0.736816,0.243701,0.909424,0.743652,0.820782,0.250743,1.259124,0.266775,242.369995,10096.000000
2911.000000,379.170654,0.737915,0.240932,0.913818,0.744019,0.822459,0.247872,1.262525,0.263112,258.309998,10055.000000
2912.000000,363.007782,0.743774,0.243478,0.918701,0.749756,0.827536,0.250410,1.275513,0.274344,226.070007,10075.000000
2913.000000,372.011780,0.750854,0.247644,0.920776,0.756958,0.832652,0.254823,1.282347,0.282073,241.660004,10099.000000
2914.000000,346.009979,0.749023,0.244805,0.916870,0.754883,0.830028,0.252190,1.281459,0.268549,226.830002,10147.000000
2915.000000,361.186432,0.745605,0.241816,0.913086,0.750977,0.827200,0.249085,1.273471,0.261618,237.029999,10054.000000
2916.000000,394.404327,0.744751,0.239970,0.915405,0.751587,0.825858,0.247436,1.274084,0.261551,257.779999,9996.000000
2917.000000,369.201752,0.744751,0.241788,0.911255,0.751099,0.825187,0.249165,1.268766,0.265132,228.399994,10146.000000
2918.000000,371.409515,0.745605,0.243134,0.913574,0.750854,0.826167,0.250445,1.268424,0.270146,246.369995,9993.000000
2919.000000,374.441589,0.740845,0.240785,0.911011,0.746216,0.823367,0.248120,1.267427,0.266102,251.809998,10069.000000
2920.000000,362.293182,0.742432,0.242564,0.911621,0.747925,0.825253,0.249653,1.271038,0.267725,234.070007,10152.000000
2921.000000,399.108673,0.743042,0.243454,0.912842,0.748657,0.826238,0.250629,1.269908,0.267298,262.950012,10193.000000
2922.000000,362.305725,0.741211,0.242733,0.911499,0.746582,0.825293,0.249897,1.275324,0.265447,243.029999,10049.000000
2923.000000,383.089630,0.745117,0.246241,0.915649,0.750610,0.827646,0.253302,1.279057,0.273555,251.690002,9966.000000
2924.000000,364.857788,0.750244,0.247659,0.920044,0.755371,0.831959,0.254687,1.281092,0.270285,227.740005,10214.000000
2925.000000,387.096283,0.749756,0.246540,0.917480,0.754272,0.830166,0.253647,1.285806,0.270333,252.149994,10061.000000
2926.000000,402.568054,0.747925,0.246234,0.916138,0.753052,0.828133,0.253550,1.281988,0.271615,266.739990,10106.000000
2927.000000,384.650269,0.745605,0.245176,0.912720,0.750488,0.824999,0.252408,1.271818,0.265597,249.479996,10263.000000
2928.000000,380.615082,0.747192,0.246385,0.913818,0.752808,0.826238,0.253774,1.278017,0.271603,237.990005,10202.000000
2929.000000,360.756897,0.749023,0.248412,0.917969,0.752930,0.828207,0.255560,1.278594,0.268386,232.740005,10029.000000
2930.000000,357.358337,0.749512,0.247650,0.916748,0.754272,0.828628,0.255124,1.277733,0.263915,229.559998,10372.000000
2931.000000,380.778717,0.752441,0.249481,0.918579,0.756226,0.830404,0.256699,1.276570,0.259554,235.080002,10315.000000
2932.000000,372.490967,0.748535,0.245577,0.917114,0.753296,0.827089,0.253001,1.282290,0.264681,237.869995,10155.000000
2933.000000,378.789337,0.750000,0.247002,0.918945,0.754761,0.828888,0.254702,1.280655,0.263630,241.639999,9986.000000
2934.000000,380.595245,0.752319,0.246013,0.920776,0.756348,0.830713,0.253751,1.281342,0.265625,253.850006,10129.000000
2935.000000,368.325836,0.750610,0.247981,0.914795,0.754272,0.828881,0.255200,1.282631,0.264452,254.309998,10110.000000
2936.000000,366.857819,0.748169,0.246842,0.914062,0.751587,0.826766,0.253916,1.277737,0.259406,231.119995,10244.000000
2937.000000,412.559509,0.745728,0.243770,0.913086,0.749390,0.823197,0.251046,1.276319,0.257501,261.589996,10143.000000
2938.000000,362.516907,0.745361,0.244029,0.913330,0.749634,0.822116,0.251690,1.273128,0.259425,237.369995,10179.000000
2939.000000,381.710785,0.747681,0.246381,0.913086,0.752563,0.823453,0.254226,1.273397,0.260197,235.479996,10055.000000
2940.000000,400.503052,0.746826,0.244494,0.916138,0.751221,0.823767,0.252302,1.279836,0.253125,255.509995,10171.000000
2941.000000,353.074249,0.739502,0.242061,0.911133,0.743652,0.818651,0.249814,1.270546,0.257178,230.240005,10271.000000
2942.000000,363.721832,0.735107,0.240987,0.906250,0.739990,0.815165,0.249086,1.260117,0.253199,236.179993,10148.000000
2943.000000,366.778168,0.730713,0.240618,0.904785,0.735718,0.811172,0.248571,1.251064,0.250823,237.020004,10122.000000
2944.000000,394.322876,0.730713,0.244059,0.906372,0.735107,0.811088,0.251748,1.250540,0.261041,249.470001,10090.000000
2945.000000,359.352966,0.732788,0.246903,0.909180,0.738159,0.812979,0.254846,1.256000,0.265929,250.059998,10109.000000
2946.000000,369.560364,0.741699,0.249924,0.915771,0.746094,0.819217,0.258174,1.259854,0.272884,252.699997,9876.000000
2947.000000,367.067810,0.746094,0.250402,0.917358,0.750977,0.822791,0.258421,1.274471,0.273511,239.429993,9939.000000
2948.000000,362.089752,0.748779,0.251009,0.920654,0.753174,0.826180,0.258999,1.280582,0.274206,239.330002,9995.000000
2949.000000,347.384521,0.754639,0.253451,0.922241,0.758545,0.829777,0.261249,1.288927,0.279351,223.050003,10138.000000
2950.000000,387.698975,0.751343,0.251978,0.919312,0.756348,0.827955,0.260027,1.290330,0.277645,241.320007,9936.000000
2951.000000,382.370270,0.751099,0.250930,0.915649,0.755859,0.826730,0.258915,1.277439,0.270689,258.859985,9854.000000
2952.000000,368.980377,0.745483,0.249454,0.911621,0.750488,0.822223,0.257642,1.268065,0.265609,254.360001,9991.000000
2953.000000,409.250732,0.748291,0.251049,0.916016,0.753540,0.823913,0.259188,1.268152,0.265094,267.459991,9774.000000
2954.000000,370.764862,0.748901,0.251702,0.916016,0.753906,0.824115,0.259786,1.276164,0.276721,238.229996,10011.000000
2955.000000,374.587708,0.749878,0.252833,0.917358,0.754395,0.825287,0.261153,1.279030,0.277604,226.059998,9927.000000
2956.000000,374.417511,0.750854,0.252440,0.917480,0.756104,0.825634,0.260778,1.277510,0.277341,228.690002,9838.000000
2957.000000,406.466827,0.757690,0.257419,0.919189,0.763306,0.829272,0.265728,1.284815,0.282004,266.820007,9963.000000
2958.000000,355.597931,0.755615,0.255669,0.916382,0.761108,0.826932,0.264273,1.285421,0.280062,225.619995,9894.000000
2959.000000,382.484924,0.751709,0.252557,0.915405,0.757080,0.823383,0.261380,1.277018,0.275417,240.559998,9990.000000
2960.000000,353.559845,0.752319,0.255740,0.913208,0.758301,0.823273,0.264522,1.270733,0.276331,241.779999,10036.000000
2961.000000,351.889954,0.751099,0.256889,0.912842,0.756714,0.823244,0.265418,1.276446,0.279479,222.320007,10148.000000
2962.000000,373.519684,0.748901,0.256680,0.913330,0.754150,0.821764,0.265278,1.274258,0.271334,231.809998,10132.000000
2963.000000,356.496216,0.744751,0.254082,0.909668,0.750854,0.817557,0.262972,1.270935,0.261822,235.740005,10075.000000
2964.000000,361.222076,0.746582,0.254075,0.912842,0.752197,0.819863,0.263042,1.266530,0.258610,226.550003,10149.000000
2965.000000,350.950928,0.743652,0.253598,0.912109,0.749023,0.818018,0.262360,1.267639,0.256377,226.190002,10208.000000
2966.000000,378.299011,0.746338,0.254628,0.916504,0.752319,0.820212,0.263603,1.270634,0.265308,245.330002,10225.000000
2967.000000,387.398895,0.748169,0.255467,0.916382,0.752319,0.822118,0.264138,1.267881,0.270360,243.210007,10002.000000
2968.000000,347.330902,0.740723,0.253233,0.908813,0.747314,0.816834,0.262103,1.260539,0.266105,219.679993,10123.000000
2969.000000,360.888153,0.736450,0.249662,0.907837,0.742310,0.812755,0.258384,1.249218,0.259433,229.880005,10319.000000
2970.000000,356.371246,0.732788,0.250953,0.905762,0.738159,0.810540,0.259563,1.246199,0.263627,236.860001,10234.000000
2971.000000,383.561127,0.737305,0.253599,0.911621,0.742920,0.816656,0.262268,1.256255,0.270489,241.889999,10118.000000
2972.000000,360.755188,0.737061,0.255464,0.914551,0.741455,0.817683,0.263918,1.264570,0.279671,236.020004,10017.000000
2973.000000,357.740967,0.735840,0.252830,0.914307,0.739868,0.817863,0.260897,1.265793,0.275433,241.119995,10095.000000
2974.000000,398.060303,0.736572,0.253096,0.915283,0.741577,0.819408,0.261161,1.265499,0.278524,249.960007,10175.000000
2975.000000,372.501587,0.738281,0.254493,0.913940,0.744263,0.820937,0.262399,1.268274,0.281434,238.750000,10051.000000
2976.000000,360.943817,0.739258,0.253441,0.917236,0.744751,0.823830,0.261186,1.274828,0.285585,249.860001,10118.000000
2977.000000,365.251221,0.739502,0.251756,0.916748,0.744507,0.823835,0.259488,1.275775,0.283629,234.949997,10070.000000
2978.000000,378.249481,0.738770,0.251755,0.916016,0.743530,0.822965,0.260168,1.273951,0.288710,240.740005,9955.000000
2979.000000,348.856964,0.737793,0.252477,0.916260,0.742676,0.822788,0.261007,1.273339,0.294369,224.320007,9954.000000
2980.000000,359.086945,0.739380,0.254537,0.917114,0.744629,0.825289,0.262828,1.275465,0.295926,243.759995,9944.000000
2981.000000,372.535248,0.738281,0.254569,0.919434,0.743896,0.825802,0.262778,1.280052,0.291927,225.839996,9958.000000
2982.000000,375.796234,0.738647,0.253337,0.919556,0.744995,0.826385,0.261683,1.280456,0.291849,251.410004,10155.000000
2983.000000,368.529327,0.739990,0.255876,0.917480,0.746094,0.827686,0.264414,1.279412,0.298402,244.570007,10028.000000
2984.000000,393.606262,0.738281,0.256625,0.916382,0.743164,0.827655,0.265020,1.275469,0.298240,253.539993,10215.000000
2985.000000,414.224396,0.737061,0.254671,0.912964,0.741943,0.824564,0.263109,1.271230,0.295446,259.880005,9989.000000
2986.000000,367.066193,0.737671,0.256738,0.916504,0.743530,0.825691,0.265389,1.273420,0.293707,244.529999,10084.000000
2987.000000,344.002747,0.735718,0.255968,0.915405,0.742065,0.823699,0.264895,1.273363,0.288957,240.059998,9996.000000
2988.000000,391.166992,0.734253,0.255513,0.916748,0.740723,0.822705,0.264464,1.280203,0.285811,252.880005,10054.000000
2989.000000,361.896881,0.734619,0.253566,0.917358,0.742188,0.822878,0.262907,1.276942,0.278749,241.470001,10015.000000
2990.000000,376.339020,0.734009,0.253517,0.915771,0.740112,0.822506,0.262397,1.283564,0.280276,239.309998,9975.000000
2991.000000,338.301605,0.732422,0.251914,0.915527,0.738647,0.821502,0.260628,1.282452,0.280243,229.970001,10093.000000
2992.000000,380.505249,0.732910,0.253490,0.912354,0.738403,0.821597,0.262127,1.278214,0.281998,241.179993,9994.000000
2993.000000,383.367126,0.734009,0.255490,0.913574,0.739990,0.822628,0.264341,1.276120,0.285727,249.850006,9947.000000
2994.000000,364.848816,0.733643,0.257176,0.908936,0.740356,0.820915,0.265917,1.272728,0.282526,232.759995,9874.000000
2995.000000,385.811768,0.732422,0.255076,0.910400,0.739014,0.819131,0.263847,1.271061,0.276595,241.020004,10250.000000
2996.000000,387.295471,0.734985,0.258655,0.908936,0.742676,0.820169,0.267495,1.275667,0.287207,255.000000,10126.000000
2997.000000,396.954102,0.738892,0.261638,0.912964,0.744751,0.822390,0.270354,1.281034,0.294965,249.309998,10215.000000
2998.000000,383.578461,0.740967,0.261970,0.911621,0.746948,0.823200,0.270615,1.278596,0.293894,229.729996,9874.000000
2999.000000,393.128235,0.742065,0.260818,0.912598,0.749756,0.823740,0.269308,1.285350,0.293326,249.570007,10150.000000
3000.000000,383.961212,0.747559,0.262979,0.916260,0.754028,0.827713,0.271238,1.291488,0.298763,247.539993,9859.000000
3001.000000,364.686615,0.751709,0.266810,0.917725,0.756714,0.830444,0.274837,1.292473,0.298238,239.619995,10000.000000
3002.000000,336.447235,0.752930,0.266275,0.914795,0.758545,0.830734,0.274483,1.292305,0.299571,231.679993,10164.000000
3003.000000,405.689911,0.753906,0.266994,0.916138,0.759888,0.830466,0.275506,1.291666,0.300761,251.339996,10071.000000
3004.000000,382.923676,0.759277,0.266455,0.920166,0.765137,0.833655,0.274827,1.297306,0.298795,241.320007,9941.000000
3005.000000,372.604767,0.761230,0.266355,0.919189,0.766602,0.834668,0.274649,1.302183,0.297821,235.979996,10330.000000
3006.000000,383.365417,0.761475,0.264217,0.917114,0.766968,0.831933,0.272606,1.296452,0.298684,239.020004,10400.000000
3007.000000,421.240021,0.761353,0.264929,0.914551,0.766602,0.830572,0.273459,1.292008,0.299488,247.990005,10012.000000
3008.000000,355.622070,0.760376,0.265796,0.913818,0.766602,0.829819,0.274565,1.283136,0.300241,234.559998,9981.000000
3009.000000,383.219574,0.759399,0.264375,0.913452,0.765503,0.828750,0.273076,1.286496,0.297775,230.210007,9848.000000
3010.000000,392.357574,0.761719,0.266763,0.915161,0.767944,0.829413,0.275315,1.289917,0.292469,259.190002,9978.000000
3011.000000,372.440674,0.759766,0.267757,0.913818,0.766357,0.827930,0.276506,1.286746,0.289805,239.139999,9925.000000
3012.000000,369.941742,0.757568,0.265547,0.914429,0.763184,0.826650,0.274242,1.285992,0.282831,239.750000,10063.000000
3013.000000,392.666046,0.755371,0.263582,0.913086,0.761963,0.823171,0.272738,1.283115,0.271404,260.260010,9831.000000
3014.000000,384.161530,0.753784,0.261527,0.913696,0.759399,0.821835,0.270911,1.278972,0.264965,239.919998,9731.000000
3015.000000,359.944824,0.753296,0.259742,0.913696,0.759521,0.821509,0.269324,1.285215,0.270791,242.110001,9890.000000
3016.000000,379.054474,0.757202,0.261874,0.917847,0.762695,0.823783,0.271640,1.291821,0.274214,235.149994,9862.000000
3017.000000,406.173248,0.757446,0.261889,0.915039,0.764038,0.823424,0.271913,1.289583,0.274474,239.380005,9956.000000
3018.000000,381.349152,0.755127,0.260255,0.911133,0.761719,0.820010,0.270431,1.277797,0.272957,239.130005,10021.000000
3019.000000,378.593842,0.751831,0.259304,0.909180,0.757935,0.816850,0.269753,1.264156,0.270009,244.419998,9954.000000
3020.000000,367.683624,0.749146,0.256083,0.909546,0.756226,0.813344,0.266723,1.263343,0.269841,230.869995,10206.000000
3021.000000,376.885223,0.745605,0.256752,0.907837,0.751099,0.810684,0.267312,1.259725,0.272721,243.419998,9981.000000
3022.000000,393.972992,0.748047,0.257273,0.909790,0.753052,0.811489,0.267876,1.260666,0.276965,240.750000,9887.000000
3023.000000,376.804626,0.742798,0.257694,0.905762,0.749878,0.807401,0.268539,1.262539,0.279162,250.740005,10066.000000
3024.000000,399.453735,0.744995,0.257934,0.905396,0.750977,0.809214,0.268833,1.257267,0.278634,247.490005,10156.000000
3025.000000,352.220337,0.749268,0.259921,0.910767,0.755737,0.813422,0.270868,1.263589,0.287011,219.539993,10160.000000
3026.000000,396.110138,0.752319,0.260725,0.916016,0.757324,0.817060,0.271807,1.278363,0.288783,243.059998,10002.000000
3027.000000,339.206329,0.754150,0.264119,0.917603,0.760254,0.818659,0.275314,1.282813,0.297276,241.589996,9954.000000
3028.000000,410.935120,0.756836,0.265947,0.917358,0.764038,0.821049,0.277120,1.281736,0.297080,254.860001,10024.000000
3029.000000,381.994354,0.755737,0.262622,0.914551,0.762329,0.820080,0.273581,1.277105,0.291887,240.789993,10032.000000
3030.000000,372.370300,0.756714,0.263252,0.912964,0.762939,0.819560,0.274319,1.272097,0.286273,225.869995,9984.000000
3031.000000,348.766052,0.757202,0.262501,0.914551,0.763672,0.818777,0.273774,1.269433,0.288918,232.009995,10095.000000
3032.000000,352.914795,0.756348,0.261160,0.912842,0.764282,0.818401,0.272618,1.268950,0.284975,253.509995,9970.000000
3033.000000,373.815033,0.758179,0.261888,0.916016,0.765991,0.820243,0.273549,1.268030,0.292210,233.949997,10167.000000
3034.000000,373.383667,0.758545,0.264195,0.917480,0.765015,0.820833,0.275980,1.277421,0.297085,236.050003,10419.000000
3035.000000,379.905273,0.759155,0.265502,0.912964,0.765137,0.819956,0.277087,1.270632,0.296527,254.850006,10103.000000
3036.000000,356.990326,0.756104,0.264735,0.910522,0.762939,0.816173,0.276162,1.268232,0.285882,233.149994,10269.000000
3037.000000,388.513672,0.758179,0.266992,0.915527,0.764648,0.819032,0.278404,1.266532,0.281197,245.679993,10360.000000
3038.000000,378.603607,0.755371,0.265004,0.913696,0.761597,0.816508,0.276338,1.266869,0.280028,235.449997,10227.000000
3039.000000,391.218109,0.754150,0.264214,0.911499,0.761108,0.814702,0.275501,1.260799,0.277544,249.710007,9974.000000
3040.000000,369.914398,0.753540,0.263172,0.913696,0.760254,0.814425,0.274666,1.259229,0.278493,237.970001,10125.000000
3041.000000,375.550751,0.756348,0.262476,0.915771,0.762695,0.816481,0.273924,1.260600,0.275910,221.529999,10018.000000
3042.000000,343.621033,0.755249,0.261374,0.911255,0.762329,0.815328,0.273127,1.258808,0.280008,227.990005,10181.000000
3043.000000,364.149445,0.752197,0.258246,0.909790,0.758301,0.812054,0.270162,1.249040,0.275580,241.490005,10071.000000
3044.000000,361.588715,0.751465,0.256431,0.913452,0.757690,0.812871,0.268609,1.250705,0.270944,236.529999,10343.000000
3045.000000,385.082062,0.750244,0.257614,0.914185,0.756836,0.813132,0.269857,1.254211,0.271170,234.850006,10160.000000
3046.000000,358.284607,0.749512,0.256950,0.913452,0.756348,0.813704,0.269073,1.255886,0.272401,242.119995,10379.000000
3047.000000,345.604889,0.746948,0.256026,0.909424,0.753906,0.811850,0.268154,1.246499,0.276843,228.449997,10088.000000
3048.000000,375.311768,0.747070,0.257344,0.909790,0.754028,0.811548,0.269647,1.245211,0.287943,242.000000,10271.000000
3049.000000,369.027283,0.746094,0.259841,0.909424,0.752930,0.810899,0.272073,1.243338,0.295740,248.259995,10400.000000
3050.000000,373.415070,0.741211,0.259416,0.903076,0.749023,0.806103,0.271806,1.235773,0.294321,230.279999,10519.000000
3051.000000,402.936859,0.739624,0.258208,0.903564,0.747559,0.804779,0.270931,1.230465,0.291317,254.020004,10287.000000
3052.000000,366.633606,0.739258,0.260434,0.907227,0.747314,0.805000,0.273067,1.232237,0.295501,230.139999,10352.000000
3053.000000,378.050903,0.742676,0.264782,0.910400,0.749878,0.808873,0.277412,1.235352,0.297859,235.059998,10360.000000
3054.000000,357.412567,0.743774,0.266566,0.910278,0.751709,0.809757,0.279195,1.240742,0.300344,247.979996,10408.000000
3055.000000,374.270966,0.746704,0.265978,0.914673,0.754028,0.813064,0.278436,1.248315,0.299897,241.460007,10006.000000
3056.000000,331.881958,0.746948,0.263603,0.916870,0.755127,0.814694,0.276065,1.257662,0.299513,224.009995,10314.000000
3057.000000,367.806427,0.748657,0.264579,0.915405,0.756348,0.814941,0.276913,1.255595,0.301479,234.960007,10155.000000
3058.000000,340.609009,0.743652,0.263419,0.909790,0.750854,0.810592,0.275693,1.250569,0.302712,216.380005,10185.000000
3059.000000,363.472412,0.745972,0.265050,0.910034,0.753540,0.811768,0.277510,1.241560,0.295895,246.830002,10404.000000
3060.000000,387.744537,0.747070,0.266843,0.913696,0.754150,0.814599,0.278978,1.253540,0.302115,253.029999,10170.000000
3061.000000,383.862274,0.749878,0.269590,0.915649,0.757812,0.815503,0.281930,1.263352,0.308406,239.820007,10250.000000
3062.000000,378.470642,0.752441,0.270099,0.915039,0.758911,0.818901,0.281980,1.260851,0.304314,241.300003,10297.000000
3063.000000,358.994446,0.749512,0.267266,0.914551,0.756958,0.816943,0.279251,1.264157,0.304684,231.649994,10189.000000
3064.000000,357.917725,0.755615,0.272808,0.915161,0.764038,0.822902,0.284845,1.264429,0.309044,241.529999,10351.000000
3065.000000,356.576172,0.753296,0.271547,0.912476,0.759399,0.819276,0.283118,1.267051,0.306015,232.369995,10235.000000
3066.000000,360.366821,0.752808,0.275601,0.908691,0.758789,0.817675,0.286942,1.257777,0.298741,244.970001,10177.000000
3067.000000,363.895508,0.753662,0.273977,0.910522,0.760010,0.818085,0.285483,1.260428,0.292234,248.690002,10186.000000
3068.000000,344.632874,0.751465,0.272071,0.911621,0.758545,0.817480,0.283620,1.263888,0.291410,227.279999,10269.000000
3069.000000,358.366730,0.750732,0.270228,0.909668,0.758789,0.817433,0.281539,1.263552,0.288506,223.619995,10213.000000
3070.000000,375.896057,0.750244,0.270977,0.908325,0.756714,0.817346,0.281816,1.264274,0.288690,244.250000,10239.000000
3071.000000,354.726624,0.747681,0.269747,0.908936,0.755615,0.815827,0.280533,1.257535,0.288301,218.440002,10325.000000
3072.000000,375.392120,0.746338,0.269888,0.907715,0.753662,0.815093,0.280337,1.259469,0.289402,233.350006,10158.000000
3073.000000,389.379425,0.745605,0.270969,0.907593,0.754028,0.814666,0.281289,1.254100,0.287276,242.600006,10185.000000
3074.000000,346.613770,0.747070,0.273237,0.908569,0.755249,0.816849,0.283363,1.254366,0.282397,223.130005,10370.000000
3075.000000,374.447174,0.750366,0.274778,0.912109,0.758179,0.820646,0.284650,1.266227,0.293193,242.020004,10149.000000
3076.000000,346.447296,0.750488,0.272146,0.915527,0.758789,0.822379,0.282164,1.270741,0.295262,236.779999,10277.000000
3077.000000,407.537842,0.750610,0.272684,0.913696,0.758179,0.822116,0.282306,1.271550,0.297239,245.830002,10219.000000
3078.000000,402.178864,0.746948,0.271599,0.912109,0.753418,0.819373,0.281181,1.264700,0.289505,237.509995,10427.000000
3079.000000,387.348969,0.746704,0.271042,0.910278,0.754028,0.819264,0.280704,1.262583,0.293743,232.460007,10351.000000
3080.000000,382.229889,0.750366,0.273383,0.914062,0.757812,0.822385,0.283042,1.270365,0.299084,251.360001,10120.000000
3081.000000,380.646149,0.751831,0.275440,0.913574,0.760010,0.823634,0.285175,1.277279,0.305940,248.509995,10275.000000
3082.000000,366.510376,0.753174,0.275949,0.916138,0.760254,0.823852,0.285596,1.275935,0.301705,239.399994,9975.000000
3083.000000,363.048187,0.755127,0.276998,0.915405,0.762939,0.825068,0.286752,1.281790,0.306927,232.289993,10316.000000
3084.000000,376.544830,0.756348,0.275462,0.915405,0.763062,0.825955,0.284887,1.286404,0.302076,252.460007,10194.000000
3085.000000,355.552368,0.755859,0.275868,0.913452,0.762817,0.825740,0.285178,1.285751,0.307111,225.710007,10147.000000
3086.000000,372.714172,0.759888,0.276802,0.919312,0.766113,0.829896,0.285947,1.291976,0.306740,232.740005,10162.000000
3087.000000,374.624023,0.760864,0.276802,0.919922,0.767578,0.831651,0.285895,1.297096,0.304005,234.960007,10268.000000
3088.000000,347.433838,0.755859,0.274909,0.913086,0.762085,0.826917,0.283973,1.284004,0.304992,222.360001,10370.000000
3089.000000,371.480225,0.751587,0.273405,0.909058,0.758423,0.823061,0.282640,1.277723,0.305009,239.610001,10141.000000
3090.000000,352.983734,0.749268,0.273410,0.911377,0.755615,0.822760,0.282601,1.279398,0.299981,231.009995,10407.000000
3091.000000,401.194122,0.751953,0.275255,0.913086,0.757446,0.825614,0.284363,1.284139,0.303079,265.660004,10148.000000
3092.000000,416.477173,0.752686,0.278615,0.915771,0.759521,0.826742,0.287890,1.292018,0.308827,262.200012,10367.000000
3093.000000,383.071320,0.750122,0.276659,0.914795,0.755249,0.823941,0.285704,1.286645,0.302631,249.179993,10466.000000
3094.000000,379.004578,0.749756,0.276305,0.912842,0.755981,0.823301,0.285541,1.288393,0.304373,233.410004,10286.000000
3095.000000,372.269684,0.751465,0.279107,0.914185,0.757202,0.824276,0.288021,1.286113,0.307392,228.679993,10159.000000
3096.000000,379.733185,0.747681,0.278034,0.913086,0.753784,0.822764,0.286942,1.287073,0.314773,237.630005,10435.000000
3097.000000,400.792175,0.745483,0.280652,0.910278,0.751099,0.820782,0.289484,1.280160,0.314413,256.790009,10270.000000
3098.000000,369.542419,0.749023,0.286008,0.910522,0.753784,0.822334,0.294738,1.277575,0.312613,238.539993,10055.000000
3099.000000,373.944672,0.747070,0.284144,0.912476,0.752808,0.820361,0.293065,1.280084,0.312598,224.110001,10115.000000
3100.000000,385.679291,0.743042,0.284168,0.907959,0.749512,0.817483,0.293077,1.273121,0.311010,237.449997,10109.000000
3101.000000,362.305054,0.742554,0.284267,0.905762,0.748657,0.815117,0.293428,1.267084,0.315411,236.339996,10062.000000
3102.000000,392.811829,0.746704,0.285492,0.910278,0.754150,0.818324,0.294770,1.272131,0.323183,241.259995,10394.000000
3103.000000,364.557312,0.751587,0.289229,0.914429,0.758179,0.823326,0.298342,1.282748,0.326619,235.070007,10210.000000
3104.000000,364.555511,0.752930,0.290621,0.913940,0.759521,0.825228,0.299729,1.284854,0.329918,242.460007,10147.000000
3105.000000,382.806519,0.754395,0.290466,0.914917,0.760498,0.826448,0.299438,1.287603,0.322898,241.130005,10178.000000
3106.000000,355.638947,0.758179,0.287941,0.916870,0.764160,0.828479,0.296841,1.290641,0.316514,220.229996,10184.000000
3107.000000,392.545624,0.766235,0.292437,0.919556,0.772583,0.833687,0.301438,1.297066,0.322451,242.289993,10301.000000
3108.000000,366.375153,0.761963,0.288054,0.917358,0.767700,0.830466,0.297077,1.294970,0.322295,238.789993,10332.000000
3109.000000,375.403137,0.760742,0.287171,0.914795,0.766968,0.828971,0.296217,1.293222,0.320589,232.309998,10123.000000
3110.000000,359.884430,0.758057,0.284798,0.910522,0.765625,0.824810,0.294307,1.281427,0.309891,220.960007,10282.000000
3111.000000,402.755646,0.757080,0.282858,0.909302,0.764404,0.823221,0.292758,1.275348,0.303962,249.169998,10399.000000
3112.000000,367.708588,0.756592,0.283158,0.910767,0.764160,0.822181,0.293099,1.274030,0.305740,248.960007,10477.000000
3113.000000,370.578979,0.759155,0.284189,0.915771,0.765015,0.825873,0.294035,1.282561,0.306389,266.019989,10399.000000
3114.000000,378.730957,0.759033,0.282627,0.916504,0.765869,0.825190,0.292407,1.285885,0.301390,241.720001,9932.000000
3115.000000,367.028503,0.760132,0.282941,0.912720,0.766602,0.825314,0.292477,1.286798,0.300298,238.830002,10254.000000
3116.000000,402.748657,0.755005,0.282324,0.912109,0.760498,0.821951,0.291334,1.279315,0.302720,251.070007,9932.000000
3117.000000,360.602997,0.755371,0.281339,0.911987,0.762207,0.821791,0.290657,1.272390,0.306137,218.470001,10276.000000
3118.000000,371.382568,0.751953,0.281292,0.911499,0.758667,0.820359,0.290573,1.277012,0.313014,233.720001,10203.000000
3119.000000,381.768463,0.749512,0.280251,0.911133,0.756104,0.818864,0.289325,1.277381,0.313164,228.740005,10153.000000
3120.000000,391.750092,0.748413,0.279882,0.909546,0.753906,0.818161,0.288786,1.271463,0.312823,255.440002,10156.000000
3121.000000,387.971252,0.746216,0.281171,0.909058,0.752319,0.817057,0.290173,1.269989,0.317105,236.440002,10101.000000
3122.000000,385.937042,0.744263,0.283120,0.908081,0.750122,0.817376,0.292361,1.270097,0.320647,244.759995,10276.000000
3123.000000,379.746216,0.746826,0.286293,0.914185,0.753052,0.820589,0.295690,1.278335,0.334446,237.350006,10187.000000
3124.000000,371.217224,0.752563,0.292128,0.918091,0.758911,0.826449,0.301938,1.288302,0.349527,247.429993,10460.000000
3125.000000,362.667175,0.752197,0.292689,0.917603,0.758301,0.826369,0.302516,1.288205,0.348923,237.289993,10297.000000
3126.000000,365.182007,0.748901,0.291439,0.911743,0.754761,0.822793,0.301266,1.280540,0.342733,221.220001,10333.000000
3127.000000,386.894684,0.745972,0.291221,0.908203,0.751587,0.819580,0.300917,1.268941,0.334979,230.139999,10411.000000
3128.000000,374.947449,0.744873,0.291401,0.906372,0.751587,0.817043,0.301495,1.266712,0.337473,239.360001,10361.000000
3129.000000,414.241608,0.747925,0.294324,0.909668,0.754028,0.818891,0.304214,1.268041,0.338141,263.510010,10365.000000
3130.000000,354.544769,0.751465,0.294424,0.912720,0.758667,0.821542,0.304646,1.275845,0.341699,223.339996,10394.000000
3131.000000,372.701935,0.754883,0.297405,0.915039,0.761719,0.823024,0.307754,1.282810,0.344216,227.779999,10356.000000
3132.000000,392.575806,0.760254,0.298875,0.916138,0.766968,0.826326,0.308990,1.280091,0.339359,247.039993,10060.000000
3133.000000,399.751923,0.760010,0.296853,0.916992,0.766113,0.825727,0.306894,1.283226,0.340774,240.580002,10385.000000
3134.000000,378.898926,0.759888,0.297190,0.913940,0.766602,0.824590,0.307349,1.278662,0.334938,238.699997,10414.000000
3135.000000,338.211487,0.759033,0.295874,0.912964,0.765747,0.823697,0.305911,1.281669,0.333910,235.550003,10580.000000
3136.000000,373.444885,0.759399,0.297079,0.914307,0.765869,0.825502,0.307098,1.284616,0.335839,251.580002,10499.000000
3137.000000,374.607788,0.757812,0.298347,0.910034,0.764160,0.823065,0.308323,1.274624,0.334849,232.630005,10337.000000
3138.000000,387.397614,0.758667,0.298112,0.913208,0.764648,0.823785,0.308195,1.275043,0.333333,235.559998,10277.000000
3139.000000,393.052277,0.755737,0.296877,0.911011,0.762207,0.821048,0.307180,1.276216,0.330744,246.539993,10605.000000
3140.000000,377.983765,0.756348,0.296110,0.909302,0.763672,0.820626,0.306675,1.270323,0.324838,240.520004,10390.000000
3141.000000,400.278168,0.752441,0.293726,0.908325,0.759033,0.816529,0.304463,1.269959,0.321323,230.850006,10369.000000
3142.000000,364.341431,0.754395,0.294400,0.912720,0.760742,0.819722,0.305102,1.274595,0.316354,220.289993,10365.000000
3143.000000,366.267059,0.752441,0.292379,0.911133,0.760010,0.817859,0.303342,1.272654,0.317733,220.639999,10355.000000
3144.000000,381.329010,0.753174,0.293127,0.911865,0.760742,0.818605,0.304192,1.273012,0.315679,233.800003,10372.000000
3145.000000,378.331635,0.749878,0.292971,0.908936,0.756714,0.815063,0.303680,1.270624,0.316320,248.610001,10433.000000
3146.000000,372.408356,0.753052,0.295408,0.908936,0.759766,0.818158,0.306068,1.270250,0.324502,239.860001,10228.000000
3147.000000,391.892548,0.749756,0.293260,0.909424,0.757080,0.816372,0.303700,1.269222,0.318865,242.800003,10199.000000
3148.000000,369.786743,0.752075,0.292447,0.912109,0.760132,0.818025,0.303103,1.272661,0.318706,245.089996,10077.000000
3149.000000,366.928223,0.750122,0.293170,0.910156,0.758301,0.817489,0.303601,1.271564,0.324148,232.759995,10112.000000
3150.000000,380.360962,0.752197,0.295260,0.907471,0.760132,0.818083,0.305883,1.264964,0.329484,227.699997,10315.000000
3151.000000,378.555634,0.749512,0.294005,0.909546,0.757324,0.818127,0.304635,1.271789,0.337397,231.190002,10293.000000
3152.000000,362.920532,0.749878,0.295723,0.909180,0.758057,0.819361,0.306319,1.273785,0.346174,236.789993,10317.000000
3153.000000,386.781403,0.749023,0.293882,0.912354,0.755249,0.819690,0.304155,1.276295,0.339454,244.610001,10231.000000
3154.000000,393.265961,0.747070,0.294572,0.912964,0.754761,0.819504,0.304926,1.276542,0.333121,240.119995,10253.000000
3155.000000,387.510254,0.745361,0.294025,0.911987,0.752319,0.819843,0.304218,1.275670,0.328974,232.320007,10344.000000
3156.000000,383.478302,0.748169,0.294643,0.914673,0.756104,0.822215,0.305305,1.275515,0.328463,231.690002,10277.000000
3157.000000,377.595032,0.748291,0.295279,0.917358,0.755371,0.822927,0.305849,1.281100,0.330683,239.289993,10313.000000
3158.000000,382.882385,0.744873,0.292916,0.914062,0.752197,0.821183,0.303296,1.275226,0.317284,238.119995,10354.000000
3159.000000,372.160339,0.738281,0.287907,0.908691,0.745361,0.815202,0.298074,1.269170,0.313259,231.869995,9976.000000
3160.000000,375.914978,0.736694,0.290471,0.909180,0.743164,0.815686,0.300366,1.265562,0.310655,229.270004,10429.000000
3161.000000,366.428650,0.736938,0.290305,0.907471,0.744019,0.815066,0.300441,1.263926,0.314772,231.399994,10174.000000
3162.000000,369.520752,0.738159,0.289888,0.912720,0.745117,0.816649,0.300102,1.272534,0.316890,226.270004,10405.000000
3163.000000,385.656555,0.742188,0.292296,0.914429,0.749512,0.821447,0.302710,1.278461,0.320682,235.619995,10264.000000
3164.000000,368.907104,0.738647,0.288198,0.913818,0.746460,0.819171,0.298416,1.275975,0.316214,232.630005,10215.000000
3165.000000,371.396820,0.742065,0.288994,0.915894,0.749878,0.821772,0.299339,1.279819,0.325874,231.000000,10217.000000
3166.000000,395.026245,0.744629,0.290250,0.915405,0.752808,0.823268,0.300999,1.281303,0.332949,248.580002,10138.000000
3167.000000,383.085510,0.749756,0.292126,0.917603,0.756714,0.827612,0.302779,1.288841,0.335834,233.029999,10368.000000
3168.000000,380.079590,0.752686,0.292723,0.920044,0.758789,0.830036,0.303259,1.294044,0.336655,240.720001,10297.000000
3169.000000,378.807159,0.750610,0.291108,0.914917,0.756592,0.827297,0.301131,1.288284,0.328604,234.240005,10225.000000
3170.000000,380.544464,0.747314,0.290700,0.909668,0.752808,0.822399,0.300647,1.274464,0.321731,245.369995,10379.000000
3171.000000,382.760742,0.747070,0.291434,0.910034,0.754150,0.821675,0.301525,1.271459,0.323057,232.470001,10332.000000
3172.000000,377.768738,0.744629,0.293213,0.911377,0.749878,0.820601,0.302893,1.276540,0.329269,228.729996,10177.000000
3173.000000,365.504669,0.741699,0.293467,0.908203,0.748169,0.819626,0.302956,1.273119,0.319449,232.149994,10295.000000
3174.000000,379.678284,0.743530,0.290803,0.912231,0.750366,0.823035,0.300141,1.279307,0.319033,267.570007,10258.000000
3175.000000,383.642426,0.745605,0.294671,0.916992,0.752075,0.824654,0.303947,1.287347,0.320800,249.259995,10244.000000
3176.000000,398.830963,0.750000,0.296986,0.913086,0.756348,0.825725,0.306468,1.280363,0.316590,245.470001,10264.000000
3177.000000,389.238617,0.749268,0.294900,0.914307,0.754517,0.825606,0.304193,1.277737,0.308090,244.339996,10197.000000
3178.000000,365.836609,0.747070,0.294621,0.913818,0.752319,0.825321,0.303773,1.279221,0.312303,241.350006,10270.000000
3179.000000,401.375031,0.750854,0.295970,0.913574,0.757324,0.827983,0.305251,1.281587,0.316002,247.889999,10276.000000
3180.000000,365.083405,0.750000,0.293213,0.914185,0.756592,0.825978,0.302671,1.283757,0.313031,227.160004,9965.000000
3181.000000,392.039124,0.751343,0.292703,0.915527,0.758057,0.826872,0.302551,1.280862,0.318025,240.940002,10082.000000
3182.000000,406.577576,0.750244,0.292837,0.913574,0.757568,0.826137,0.302617,1.277574,0.316278,238.300003,10183.000000
3183.000000,400.760986,0.747192,0.291989,0.911133,0.753906,0.822808,0.301919,1.274022,0.313155,248.869995,10352.000000
3184.000000,380.145599,0.745972,0.292411,0.912231,0.752075,0.821788,0.302110,1.273036,0.313633,243.500000,10051.000000
3185.000000,385.156158,0.747437,0.292891,0.911377,0.754272,0.821870,0.302763,1.274118,0.316149,232.470001,10251.000000
3186.000000,394.836090,0.750854,0.295774,0.914062,0.758179,0.824144,0.305957,1.279968,0.319126,257.429993,10256.000000
3187.000000,413.940979,0.747192,0.292196,0.912109,0.753418,0.820291,0.302370,1.273497,0.312909,242.740005,10199.000000
3188.000000,373.383942,0.746338,0.292422,0.909180,0.753418,0.819318,0.303127,1.267595,0.314934,246.750000,10261.000000
3189.000000,387.736542,0.746582,0.292415,0.910645,0.753418,0.818623,0.303340,1.264431,0.319332,240.800003,10131.000000
3190.000000,373.827087,0.748169,0.292828,0.910522,0.754761,0.818393,0.304153,1.264100,0.322944,243.110001,10421.000000
3191.000000,385.763000,0.747925,0.293724,0.912231,0.754761,0.818491,0.305136,1.272493,0.328996,230.910004,10158.000000
3192.000000,373.352753,0.750977,0.295195,0.913330,0.755737,0.820435,0.306508,1.272581,0.323530,247.380005,9852.000000
3193.000000,382.421967,0.754395,0.295249,0.915649,0.759033,0.820757,0.306810,1.272744,0.324790,239.360001,10262.000000
3194.000000,373.011749,0.759155,0.297346,0.917847,0.764771,0.824874,0.309250,1.286073,0.332598,251.940002,10181.000000
3195.000000,359.239685,0.759766,0.296708,0.921753,0.764771,0.824678,0.308719,1.293495,0.337282,222.830002,10243.000000
3196.000000,370.806000,0.758667,0.297343,0.915527,0.764282,0.822924,0.309685,1.288615,0.337503,231.850006,10216.000000
3197.000000,390.990051,0.756470,0.299513,0.911865,0.762695,0.820521,0.312103,1.275197,0.328191,249.229996,10402.000000
3198.000000,368.260956,0.756226,0.301815,0.910522,0.762451,0.818657,0.314507,1.265996,0.327377,236.130005,10242.000000
3199.000000,397.034332,0.755981,0.302079,0.911133,0.762695,0.818154,0.314900,1.270416,0.331647,233.190002,10430.000000
3200.000000,378.918427,0.757568,0.304250,0.916382,0.764282,0.820987,0.317087,1.274324,0.337069,228.729996,10284.000000
3201.000000,420.634460,0.759399,0.304111,0.915283,0.765991,0.822589,0.317043,1.277289,0.331861,245.779999,10336.000000
3202.000000,377.677887,0.754639,0.302881,0.907959,0.761719,0.816379,0.315649,1.265650,0.324763,249.949997,10196.000000
3203.000000,395.760651,0.754150,0.303543,0.904785,0.761108,0.812983,0.316404,1.257588,0.322510,235.809998,10380.000000
3204.000000,363.180176,0.754883,0.304063,0.905396,0.762817,0.813083,0.317059,1.254908,0.325787,233.229996,10382.000000
3205.000000,391.790863,0.757324,0.307804,0.907715,0.765137,0.814716,0.320798,1.258705,0.334904,231.160004,10217.000000
3206.000000,388.977264,0.757568,0.308831,0.909668,0.764648,0.815546,0.321590,1.261712,0.332088,249.330002,10189.000000
3207.000000,386.743408,0.757690,0.307866,0.912109,0.764648,0.816540,0.320539,1.268475,0.325746,252.339996,10198.000000
3208.000000,376.253601,0.757690,0.308653,0.912354,0.764648,0.816989,0.321254,1.272623,0.326501,240.389999,10474.000000
3209.000000,366.805420,0.754150,0.305001,0.910522,0.760986,0.814882,0.317600,1.272487,0.322047,221.059998,10339.000000
3210.000000,367.176819,0.751099,0.303603,0.909180,0.759033,0.813740,0.316283,1.270009,0.316428,237.580002,10382.000000
3211.000000,369.560394,0.749390,0.303679,0.912354,0.756836,0.814145,0.315990,1.270220,0.319249,240.380005,10365.000000
3212.000000,354.334351,0.745239,0.303463,0.908325,0.752075,0.813217,0.315653,1.275574,0.322832,220.139999,10392.000000
3213.000000,370.383331,0.745361,0.306101,0.908691,0.752197,0.813454,0.317992,1.270021,0.322445,224.199997,10124.000000
3214.000000,341.756836,0.747559,0.309071,0.911255,0.753662,0.817536,0.320498,1.276121,0.329361,224.759995,10302.000000
3215.000000,379.530823,0.748291,0.309970,0.912109,0.756470,0.819382,0.321650,1.278069,0.336033,239.520004,10379.000000
3216.000000,363.865326,0.744263,0.308926,0.910400,0.750732,0.816417,0.320467,1.279294,0.329977,229.330002,10376.000000
3217.000000,370.824097,0.744141,0.309772,0.911621,0.749390,0.817968,0.320826,1.278317,0.333949,230.940002,10281.000000
3218.000000,352.296204,0.741333,0.308908,0.911377,0.747803,0.815534,0.320122,1.276348,0.339599,223.320007,10183.000000
3219.000000,365.053894,0.745728,0.312750,0.910522,0.752930,0.818997,0.323833,1.278229,0.341449,230.550003,10360.000000
3220.000000,354.090118,0.742920,0.311691,0.910889,0.749023,0.817386,0.322649,1.276933,0.334762,227.070007,10434.000000
3221.000000,400.645691,0.745850,0.311685,0.914917,0.751831,0.820652,0.322296,1.281560,0.338027,237.330002,10288.000000
3222.000000,374.695435,0.749634,0.314127,0.920166,0.755493,0.825130,0.324780,1.289994,0.346542,235.910004,10270.000000
3223.000000,367.913574,0.751953,0.314368,0.918823,0.757935,0.827316,0.325182,1.293049,0.351590,236.000000,10358.000000
3224.000000,375.404144,0.751587,0.314348,0.916138,0.757568,0.827010,0.325142,1.296426,0.348225,242.460007,10608.000000
3225.000000,369.362213,0.747070,0.310973,0.915283,0.752563,0.824313,0.321555,1.289985,0.343433,233.979996,10431.000000
3226.000000,365.011414,0.746582,0.312213,0.913696,0.753052,0.823130,0.323059,1.293470,0.342010,229.259995,10433.000000
3227.000000,379.084656,0.749512,0.314605,0.916504,0.754517,0.826395,0.325354,1.295712,0.348392,230.660004,10347.000000
3228.000000,405.685547,0.752930,0.316865,0.915771,0.758789,0.828049,0.327252,1.297994,0.344251,253.710007,10285.000000
3229.000000,371.521362,0.752808,0.316951,0.915161,0.759033,0.827532,0.327312,1.298325,0.340277,229.279999,10149.000000
3230.000000,382.145142,0.753906,0.317577,0.913086,0.759888,0.827444,0.327934,1.297084,0.345603,234.089996,10248.000000
3231.000000,370.904999,0.754517,0.318354,0.910400,0.760498,0.826940,0.328341,1.292114,0.348349,233.490005,10244.000000
3232.000000,388.497070,0.753662,0.319394,0.909302,0.761108,0.825934,0.329376,1.291487,0.350961,226.380005,10370.000000
3233.000000,368.155243,0.757324,0.320666,0.914795,0.764160,0.829501,0.330574,1.300766,0.345968,237.059998,10176.000000
3234.000000,373.786713,0.762573,0.321767,0.916016,0.768921,0.831922,0.331747,1.306855,0.341140,227.520004,10151.000000
3235.000000,373.180267,0.764038,0.322826,0.916260,0.770508,0.833711,0.332556,1.310709,0.342122,232.580002,10166.000000
3236.000000,372.630493,0.757812,0.316140,0.911377,0.765137,0.828006,0.325938,1.305239,0.340992,226.119995,10322.000000
3237.000000,381.473480,0.759155,0.317155,0.913574,0.765137,0.827962,0.326924,1.306971,0.346202,235.199997,9988.000000
3238.000000,387.576080,0.761719,0.319432,0.915039,0.768433,0.830894,0.329195,1.305785,0.355009,233.699997,9944.000000
3239.000000,379.743164,0.761719,0.320600,0.915039,0.767822,0.831913,0.330079,1.308707,0.351511,232.820007,9769.000000
3240.000000,353.740997,0.760010,0.320006,0.913208,0.766968,0.830225,0.329545,1.310191,0.350781,217.490005,10233.000000
3241.000000,388.063141,0.755493,0.319082,0.910278,0.760986,0.827181,0.328389,1.304339,0.345928,251.679993,10409.000000
3242.000000,379.182739,0.757690,0.319889,0.911377,0.763062,0.829589,0.329301,1.300698,0.342118,232.729996,10198.000000
3243.000000,401.873657,0.751465,0.315151,0.908936,0.758057,0.824876,0.324558,1.298715,0.333946,229.600006,10376.000000
3244.000000,401.540466,0.749512,0.314465,0.910767,0.755005,0.823933,0.323819,1.294580,0.331574,233.639999,10289.000000
3245.000000,386.474823,0.746948,0.314782,0.910400,0.752563,0.823328,0.324020,1.295543,0.338374,238.770004,10404.000000
3246.000000,386.599945,0.746338,0.316220,0.909424,0.753418,0.823722,0.325469,1.296284,0.343120,227.919998,10439.000000
3247.000000,393.288391,0.749878,0.319354,0.912842,0.755371,0.826410,0.328305,1.307627,0.343272,232.270004,10342.000000
3248.000000,388.350464,0.750610,0.319309,0.913330,0.756958,0.826906,0.328221,1.305746,0.341381,241.369995,10317.000000
3249.000000,358.154419,0.757324,0.321956,0.919800,0.763794,0.833264,0.331213,1.315124,0.350420,234.360001,10526.000000
3250.000000,387.856628,0.756836,0.323995,0.917603,0.763916,0.832438,0.333547,1.316552,0.356261,227.449997,10435.000000
3251.000000,374.600128,0.758301,0.322542,0.916870,0.765137,0.834407,0.332037,1.311385,0.350686,218.860001,10291.000000
3252.000000,395.875061,0.758545,0.324946,0.916870,0.764893,0.833872,0.334048,1.313374,0.346333,247.520004,10304.000000
3253.000000,366.735199,0.758667,0.323845,0.917358,0.764771,0.833467,0.332741,1.313910,0.349953,216.660004,10385.000000
3254.000000,394.908722,0.759766,0.323793,0.916382,0.765625,0.832642,0.332549,1.312177,0.344309,247.419998,10117.000000
3255.000000,368.513519,0.758057,0.323350,0.913574,0.764282,0.830762,0.332249,1.312817,0.339841,242.660004,10228.000000
3256.000000,400.262390,0.757690,0.322034,0.911377,0.764648,0.828625,0.331105,1.312460,0.339089,229.309998,10338.000000
3257.000000,372.658234,0.764648,0.325217,0.914062,0.770264,0.832041,0.334235,1.310016,0.332290,234.750000,10135.000000
3258.000000,366.465759,0.766602,0.323137,0.915405,0.773560,0.832332,0.332325,1.318660,0.333492,216.509995,10206.000000
3259.000000,359.085022,0.776367,0.327227,0.917969,0.782227,0.837653,0.336368,1.326164,0.340784,230.940002,10323.000000
3260.000000,404.553558,0.773438,0.326046,0.911621,0.780396,0.833949,0.335204,1.319197,0.342365,241.259995,10326.000000
3261.000000,370.373291,0.770996,0.324315,0.906982,0.777710,0.829853,0.333776,1.309554,0.336883,247.330002,10248.000000
3262.000000,380.086670,0.767090,0.323163,0.904053,0.774414,0.825074,0.332854,1.298303,0.328045,235.679993,10092.000000
3263.000000,393.548035,0.769287,0.324192,0.901978,0.776855,0.824758,0.334362,1.296744,0.328320,236.669998,9731.000000
3264.000000,420.969818,0.772583,0.321345,0.910645,0.780029,0.827046,0.331730,1.304991,0.327979,272.950012,9976.000000
3265.000000,385.066193,0.776001,0.324846,0.911743,0.783447,0.830620,0.335059,1.314575,0.333073,243.009995,10132.000000
3266.000000,390.256042,0.776855,0.325384,0.911011,0.784180,0.832189,0.335540,1.318862,0.334105,228.630005,9933.000000
3267.000000,405.190460,0.773926,0.322831,0.908081,0.781128,0.828013,0.332844,1.313392,0.326606,251.179993,10122.000000
3268.000000,367.370056,0.768921,0.316977,0.904297,0.777222,0.823598,0.327143,1.303173,0.318791,226.259995,10069.000000
3269.000000,394.399567,0.764404,0.312631,0.904663,0.773438,0.821274,0.323060,1.298759,0.315613,233.929993,10220.000000
3270.000000,368.856384,0.760376,0.312674,0.904907,0.769775,0.819098,0.323501,1.298324,0.324534,233.990005,10212.000000
3271.000000,386.199127,0.758057,0.312612,0.904785,0.767090,0.817425,0.323712,1.294521,0.329757,243.720001,10339.000000
3272.000000,373.022247,0.753906,0.312353,0.900024,0.763062,0.813326,0.323502,1.286879,0.325921,241.020004,10068.000000
3273.000000,398.294098,0.754761,0.310750,0.903442,0.763306,0.813859,0.322105,1.280675,0.322370,240.240005,10167.000000
3274.000000,386.638977,0.752441,0.307493,0.908203,0.762451,0.813416,0.319109,1.286091,0.321306,226.270004,10054.000000
3275.000000,395.031158,0.752075,0.307858,0.910034,0.761353,0.815111,0.319480,1.292737,0.327535,246.539993,10014.000000
3276.000000,362.804230,0.751343,0.307424,0.911499,0.760376,0.816528,0.319480,1.299678,0.336154,216.050003,10105.000000
3277.000000,406.496857,0.751221,0.308970,0.906982,0.761353,0.816404,0.321008,1.294850,0.338277,234.860001,10154.000000
3278.000000,376.633667,0.747070,0.307241,0.908569,0.756226,0.815152,0.319260,1.293420,0.335582,233.979996,10155.000000
3279.000000,390.258667,0.745728,0.307497,0.908691,0.754639,0.815111,0.319301,1.293925,0.333368,233.470001,10084.000000
3280.000000,376.851105,0.747192,0.306665,0.911255,0.756470,0.817400,0.318549,1.302455,0.331352,232.919998,10261.000000
3281.000000,362.049622,0.752075,0.308788,0.916260,0.762085,0.823737,0.320734,1.308267,0.328882,217.880005,10188.000000
3282.000000,390.458344,0.751709,0.308267,0.912354,0.760376,0.822743,0.320074,1.307730,0.331205,228.440002,10124.000000
3283.000000,372.255188,0.750122,0.306277,0.908325,0.759277,0.819308,0.317888,1.301018,0.317796,226.339996,10320.000000
3284.000000,398.501617,0.753784,0.306760,0.909302,0.763550,0.821571,0.318292,1.296957,0.315918,258.320007,10227.000000
3285.000000,381.139313,0.754517,0.306893,0.906982,0.764648,0.820662,0.318355,1.298172,0.319732,234.369995,10393.000000
3286.000000,375.748688,0.756226,0.307677,0.909058,0.764771,0.821408,0.318730,1.294589,0.313863,222.789993,10351.000000
3287.000000,403.530426,0.754028,0.303406,0.907471,0.762329,0.818393,0.314151,1.293462,0.312020,229.160004,10107.000000
3288.000000,404.605377,0.757812,0.306473,0.908691,0.766357,0.820915,0.316955,1.298927,0.319262,234.279999,10202.000000
3289.000000,365.890503,0.755981,0.307628,0.905518,0.765625,0.819116,0.318639,1.298574,0.321491,234.929993,10287.000000
3290.000000,411.637787,0.758423,0.311581,0.905151,0.766235,0.820859,0.321943,1.297742,0.316730,253.889999,10321.000000
3291.000000,366.559174,0.756104,0.308585,0.905029,0.764038,0.817956,0.318818,1.293225,0.309525,214.029999,10224.000000
3292.000000,387.566406,0.758911,0.310703,0.907959,0.767700,0.821471,0.320947,1.300074,0.316237,234.320007,10229.000000
3293.000000,381.127197,0.761597,0.313505,0.910645,0.770630,0.823651,0.324218,1.302712,0.323060,249.410004,10205.000000
3294.000000,357.344910,0.760864,0.311448,0.908325,0.768311,0.821811,0.322351,1.297086,0.324312,226.449997,10128.000000
3295.000000,368.161407,0.762451,0.312601,0.909424,0.771118,0.823060,0.323542,1.297413,0.319102,237.449997,10143.000000
3296.000000,360.874268,0.764038,0.313624,0.910034,0.772827,0.824070,0.324830,1.300866,0.320541,235.550003,10130.000000
3297.000000,368.756195,0.763794,0.315128,0.911377,0.771362,0.822758,0.326273,1.301949,0.314481,219.539993,9996.000000
3298.000000,376.802307,0.763672,0.313264,0.909424,0.772217,0.821727,0.324830,1.289997,0.302300,223.229996,10180.000000
3299.000000,372.579407,0.760864,0.308847,0.909790,0.770020,0.819253,0.320806,1.292444,0.297442,241.259995,10008.000000
3300.000000,369.613800,0.761108,0.308547,0.910400,0.768799,0.819383,0.320736,1.286960,0.299675,231.589996,9922.000000
3301.000000,396.189545,0.759644,0.304397,0.907471,0.768555,0.817251,0.316840,1.281123,0.294042,243.520004,9922.000000
3302.000000,382.280609,0.757324,0.302890,0.910522,0.765259,0.817326,0.315047,1.286709,0.299207,227.720001,10119.000000
3303.000000,374.121063,0.760498,0.303412,0.913818,0.768311,0.820846,0.315893,1.292174,0.301636,220.000000,9927.000000
3304.000000,367.836273,0.760864,0.302839,0.913330,0.769043,0.821619,0.315216,1.296581,0.303637,221.339996,10110.000000
3305.000000,382.789246,0.757446,0.299513,0.910522,0.765625,0.818298,0.312082,1.293439,0.302617,238.940002,9934.000000
3306.000000,394.152252,0.756104,0.300974,0.909912,0.763672,0.817200,0.313665,1.290760,0.309935,240.210007,10131.000000
3307.000000,380.985870,0.757324,0.301114,0.910767,0.765625,0.819511,0.313747,1.293126,0.314433,244.470001,9990.000000
3308.000000,372.203918,0.757324,0.302773,0.908936,0.765991,0.818302,0.315090,1.292994,0.320201,250.949997,10037.000000
3309.000000,371.089294,0.760254,0.305067,0.908691,0.768555,0.819617,0.317756,1.293256,0.319082,242.380005,10056.000000
3310.000000,371.716278,0.762329,0.304930,0.911743,0.769775,0.821111,0.317641,1.295213,0.314804,223.839996,9912.000000
3311.000000,378.045563,0.764648,0.302648,0.912109,0.771973,0.822427,0.315666,1.293460,0.310436,223.619995,10066.000000
3312.000000,363.994080,0.758911,0.301342,0.910156,0.767334,0.817578,0.314551,1.295847,0.316311,222.779999,10038.000000
3313.000000,383.005585,0.758789,0.302985,0.906250,0.766479,0.815610,0.316146,1.283001,0.315587,235.039993,10424.000000
3314.000000,344.926117,0.760742,0.303446,0.904907,0.769897,0.815446,0.316815,1.284835,0.320220,210.059998,10370.000000
3315.000000,352.134186,0.762939,0.305421,0.912842,0.772217,0.818590,0.318885,1.293834,0.322132,214.360001,10060.000000
3316.000000,370.818634,0.763062,0.305276,0.908325,0.771118,0.818225,0.318284,1.294237,0.314873,233.270004,10079.000000
3317.000000,384.567963,0.764160,0.303151,0.912109,0.772705,0.820044,0.316438,1.293455,0.305104,241.119995,10188.000000
3318.000000,394.995087,0.762207,0.302942,0.908325,0.770264,0.817633,0.315964,1.293971,0.308923,233.110001,10281.000000
3319.000000,375.587067,0.764282,0.303992,0.910034,0.772705,0.819226,0.317206,1.292760,0.311064,231.789993,10175.000000
3320.000000,364.040009,0.763184,0.303440,0.908325,0.770874,0.818735,0.316247,1.288322,0.315483,237.009995,10168.000000
3321.000000,363.321411,0.760132,0.301483,0.906860,0.767700,0.816521,0.314006,1.288109,0.312215,226.130005,10186.000000
3322.000000,362.332367,0.758911,0.302544,0.907349,0.767456,0.815882,0.314839,1.282249,0.308923,226.669998,10191.000000
3323.000000,342.382904,0.756592,0.303916,0.904175,0.764404,0.812502,0.316391,1.280868,0.313120,217.509995,10222.000000
3324.000000,365.201416,0.757202,0.306462,0.906128,0.764526,0.813639,0.318844,1.281500,0.317061,229.419998,10339.000000
3325.000000,349.368683,0.754639,0.307264,0.906616,0.763672,0.814651,0.319323,1.284030,0.317949,223.179993,10276.000000
3326.000000,377.866028,0.754517,0.308550,0.908203,0.763428,0.815636,0.320677,1.285026,0.322334,258.109985,10386.000000
3327.000000,385.336151,0.756226,0.312045,0.909302,0.764893,0.817722,0.324137,1.289727,0.326603,229.229996,10401.000000
3328.000000,390.080048,0.756348,0.315802,0.909058,0.764648,0.818612,0.327994,1.292996,0.331496,240.869995,10382.000000
3329.000000,393.729431,0.755005,0.314475,0.908447,0.761841,0.817821,0.326220,1.289764,0.328160,230.660004,10254.000000
3330.000000,352.212250,0.757690,0.317125,0.909546,0.765381,0.818883,0.329055,1.292581,0.335671,215.529999,10316.000000
3331.000000,356.166901,0.758545,0.319258,0.908569,0.766357,0.820504,0.330990,1.294310,0.333105,217.800003,10315.000000
3332.000000,360.711609,0.758789,0.319891,0.908203,0.767700,0.818963,0.331648,1.287440,0.329919,219.089996,10448.000000
3333.000000,353.530121,0.767944,0.325319,0.913086,0.775269,0.825644,0.336893,1.299719,0.333650,239.970001,10244.000000
3334.000000,387.041473,0.765381,0.323402,0.911621,0.772949,0.824715,0.335055,1.302945,0.339203,230.029999,10214.000000
3335.000000,416.282440,0.770142,0.327449,0.913574,0.777954,0.827724,0.339407,1.300931,0.346614,248.809998,10423.000000
3336.000000,369.281830,0.773193,0.329160,0.913818,0.781494,0.828416,0.341448,1.305968,0.349148,222.229996,10233.000000
3337.000000,358.234467,0.773560,0.329752,0.912720,0.781128,0.826174,0.342338,1.302618,0.347665,239.729996,10483.000000
3338.000000,363.963226,0.773315,0.330127,0.912476,0.781494,0.826177,0.343220,1.301271,0.350910,227.899994,10241.000000
3339.000000,377.870453,0.771851,0.330684,0.911499,0.779053,0.824983,0.343787,1.305061,0.354063,230.960007,10185.000000
3340.000000,371.662354,0.769165,0.333008,0.910645,0.776733,0.823410,0.346446,1.300314,0.357981,224.270004,10552.000000
3341.000000,368.571198,0.768921,0.332444,0.910034,0.776123,0.823415,0.345961,1.302603,0.352457,220.330002,10471.000000
3342.000000,380.021393,0.767944,0.332276,0.910522,0.775024,0.823544,0.345809,1.297919,0.346367,228.940002,10454.000000
3343.000000,381.095306,0.764038,0.330367,0.910034,0.770630,0.821318,0.343984,1.301257,0.343556,221.809998,10328.000000
3344.000000,390.315063,0.763428,0.329213,0.910767,0.770264,0.820627,0.342827,1.297979,0.334629,250.720001,10229.000000
3345.000000,356.843414,0.762451,0.330420,0.906616,0.769165,0.818716,0.343608,1.297796,0.338291,217.190002,10243.000000
3346.000000,353.126770,0.763672,0.332580,0.906860,0.770630,0.818960,0.345602,1.290494,0.337553,229.070007,10154.000000
3347.000000,392.007568,0.763672,0.334383,0.906860,0.770874,0.818125,0.347696,1.293855,0.342765,238.500000,10363.000000
3348.000000,378.196747,0.763672,0.331642,0.911011,0.770630,0.819077,0.344660,1.303274,0.333378,239.720001,10140.000000
3349.000000,377.005035,0.760620,0.328970,0.908569,0.767090,0.817133,0.341726,1.301862,0.337222,230.520004,10280.000000
3350.000000,380.139526,0.761230,0.330873,0.906738,0.767578,0.817289,0.343514,1.300906,0.341166,249.580002,10223.000000
3351.000000,388.165131,0.761719,0.332035,0.907349,0.768921,0.817885,0.344546,1.296356,0.339588,233.350006,10363.000000
3352.000000,369.452057,0.764282,0.331939,0.911621,0.772217,0.820108,0.344831,1.299890,0.340803,233.970001,10443.000000
3353.000000,389.501709,0.766235,0.333609,0.913086,0.774292,0.822576,0.346496,1.309432,0.341407,231.190002,10118.000000
3354.000000,398.463745,0.769043,0.335478,0.910889,0.777466,0.825551,0.348563,1.309057,0.346919,249.259995,10184.000000
3355.000000,405.669128,0.768921,0.335525,0.910278,0.776855,0.824050,0.348530,1.302233,0.346707,246.850006,10190.000000
3356.000000,379.748444,0.765869,0.333662,0.905029,0.774536,0.820072,0.346513,1.298086,0.345272,239.250000,10167.000000
3357.000000,368.513916,0.764282,0.334575,0.905029,0.773193,0.818618,0.347223,1.291396,0.344225,219.860001,10379.000000
3358.000000,374.724121,0.764160,0.334653,0.905762,0.773071,0.818719,0.347281,1.293551,0.343329,226.820007,10359.000000
3359.000000,393.031555,0.766357,0.337643,0.906372,0.775269,0.820165,0.350311,1.296119,0.344695,237.630005,10283.000000
3360.000000,398.020569,0.767090,0.337988,0.905884,0.776001,0.820081,0.350501,1.292602,0.340391,237.389999,10362.000000
3361.000000,367.871338,0.766479,0.335484,0.907593,0.775879,0.821070,0.347952,1.295943,0.342279,223.399994,10235.000000
3362.000000,397.337341,0.770020,0.337283,0.911133,0.779175,0.824781,0.349284,1.306707,0.344474,234.750000,10281.000000
3363.000000,381.660889,0.769409,0.337022,0.908936,0.777954,0.823952,0.348824,1.301466,0.343663,223.199997,10534.000000
3364.000000,385.067322,0.761353,0.332100,0.899780,0.770508,0.817141,0.343828,1.291952,0.331909,224.070007,10279.000000
3365.000000,349.562622,0.758423,0.332313,0.896851,0.768433,0.815026,0.344240,1.278341,0.329644,226.369995,10309.000000
3366.000000,377.172028,0.756958,0.331281,0.900635,0.766968,0.813524,0.343222,1.284365,0.337047,236.970001,10443.000000
3367.000000,378.921509,0.763916,0.336124,0.909058,0.775146,0.821282,0.348415,1.298739,0.355051,222.710007,10529.000000
3368.000000,384.670715,0.766113,0.337811,0.911011,0.775513,0.824628,0.349561,1.309814,0.359968,246.610001,10369.000000
3369.000000,364.971619,0.769531,0.339534,0.910889,0.779541,0.827733,0.351345,1.312238,0.363232,236.210007,10159.000000
3370.000000,367.201080,0.767944,0.338004,0.911743,0.778442,0.827925,0.349651,1.317026,0.361881,216.399994,10231.000000
3371.000000,385.542023,0.762695,0.336657,0.906372,0.772461,0.823210,0.347964,1.307231,0.352886,242.110001,10454.000000
3372.000000,376.894379,0.761475,0.336099,0.906128,0.770508,0.823349,0.347315,1.303118,0.350069,227.710007,10260.000000
3373.000000,366.115967,0.761597,0.337303,0.906006,0.771729,0.822038,0.348678,1.303609,0.345222,215.729996,10346.000000
3374.000000,374.990753,0.765869,0.338965,0.908813,0.775146,0.825224,0.350114,1.306234,0.340290,230.139999,10326.000000
3375.000000,386.485321,0.760620,0.335787,0.904785,0.769775,0.819864,0.346967,1.304337,0.330045,229.979996,10304.000000
3376.000000,359.455872,0.762817,0.335321,0.908447,0.771240,0.823283,0.346426,1.305642,0.328804,220.449997,10541.000000
3377.000000,355.215729,0.764771,0.336855,0.908203,0.774536,0.824740,0.348091,1.311031,0.343720,235.639999,10488.000000
3378.000000,404.192719,0.769165,0.339721,0.906250,0.780273,0.826359,0.351595,1.310585,0.341737,240.729996,10395.000000
3379.000000,365.148682,0.770996,0.338667,0.908691,0.781250,0.826327,0.350566,1.307757,0.330819,216.080002,10332.000000
3380.000000,388.923279,0.772217,0.337604,0.908325,0.781738,0.826370,0.349370,1.309735,0.328843,227.679993,10571.000000
3381.000000,359.135956,0.770264,0.335246,0.907593,0.780273,0.826091,0.347119,1.312502,0.333885,221.860001,10316.000000
3382.000000,394.955750,0.771851,0.334921,0.908569,0.783447,0.827524,0.346805,1.309648,0.334148,228.100006,10310.000000
3383.000000,379.313843,0.774048,0.335343,0.909058,0.784912,0.828260,0.347321,1.308990,0.333195,233.369995,10310.000000
3384.000000,380.493683,0.772095,0.333121,0.909912,0.783081,0.827560,0.345070,1.310938,0.336070,223.279999,10348.000000
3385.000000,418.068390,0.769043,0.333288,0.905396,0.779785,0.824453,0.344945,1.300747,0.333146,247.589996,10282.000000
3386.000000,369.875244,0.765381,0.333352,0.898804,0.776123,0.820921,0.344635,1.290304,0.329135,222.419998,10405.000000
3387.000000,362.644867,0.761719,0.334431,0.894531,0.772705,0.816701,0.345491,1.279199,0.325639,219.270004,10532.000000
3388.000000,391.822662,0.762573,0.332209,0.900024,0.772827,0.817999,0.343364,1.284259,0.329047,225.860001,10200.000000
3389.000000,389.729462,0.760376,0.330512,0.899170,0.770996,0.816057,0.341519,1.288078,0.329684,247.169998,10429.000000
3390.000000,396.979187,0.759277,0.329400,0.900024,0.768921,0.816060,0.340394,1.289549,0.333986,228.220001,10308.000000
3391.000000,379.928528,0.757935,0.329692,0.901245,0.768066,0.816572,0.341195,1.291724,0.344187,222.919998,10304.000000
3392.000000,358.443390,0.755371,0.329896,0.906860,0.765015,0.818752,0.341052,1.296269,0.347922,221.910004,10437.000000
3393.000000,405.307587,0.755981,0.332754,0.906372,0.765259,0.818853,0.343734,1.305418,0.356079,242.009995,10240.000000
3394.000000,377.928833,0.755493,0.332146,0.907593,0.764648,0.821105,0.343201,1.301705,0.358049,224.880005,10132.000000
3395.000000,361.525513,0.753296,0.329784,0.905273,0.761719,0.819684,0.340922,1.300969,0.355698,235.839996,10222.000000
3396.000000,386.415131,0.756836,0.332478,0.910889,0.764771,0.824842,0.343355,1.314457,0.356749,228.470001,10188.000000
3397.000000,380.876373,0.757812,0.333687,0.911499,0.765625,0.826704,0.344582,1.311304,0.356608,240.899994,10399.000000
3398.000000,377.547668,0.757324,0.333270,0.909790,0.765991,0.826471,0.344333,1.312625,0.358026,225.800003,10396.000000
3399.000000,386.901062,0.762085,0.337399,0.915771,0.770142,0.829915,0.348437,1.321813,0.368259,218.820007,10145.000000
3400.000000,405.710052,0.760986,0.339842,0.912109,0.768677,0.828367,0.350745,1.316970,0.377062,245.229996,10230.000000
3401.000000,396.822754,0.761841,0.343083,0.908081,0.770142,0.827961,0.353895,1.314644,0.386804,241.660004,9997.000000
3402.000000,381.315063,0.761841,0.344354,0.909058,0.770386,0.826786,0.355195,1.316661,0.390639,239.279999,10173.000000
3403.000000,381.116211,0.764282,0.347054,0.910278,0.772217,0.828178,0.357692,1.318770,0.397719,237.119995,10201.000000
3404.000000,403.630310,0.768677,0.351204,0.911011,0.776978,0.832922,0.361918,1.323448,0.397039,220.809998,10169.000000
3405.000000,363.150024,0.772217,0.354087,0.912720,0.780884,0.834858,0.364848,1.330042,0.396544,220.910004,10114.000000
3406.000000,384.084229,0.769653,0.351249,0.911011,0.778076,0.832959,0.362064,1.325659,0.391764,241.539993,10205.000000
3407.000000,366.935242,0.774780,0.352257,0.915161,0.783691,0.837804,0.363273,1.329003,0.397530,234.029999,10201.000000
3408.000000,394.233368,0.775024,0.352700,0.917480,0.783813,0.838823,0.363873,1.336880,0.395819,234.520004,10057.000000
3409.000000,381.442719,0.771606,0.351051,0.914551,0.780151,0.836809,0.362444,1.334491,0.393807,227.139999,10074.000000
3410.000000,395.521057,0.766602,0.347800,0.911377,0.775513,0.832426,0.359142,1.326103,0.384328,222.779999,10095.000000
3411.000000,385.311096,0.764648,0.347180,0.910645,0.772949,0.831136,0.358354,1.322923,0.381495,235.839996,9950.000000
3412.000000,397.013214,0.765747,0.348944,0.912476,0.774170,0.831828,0.360670,1.316680,0.380400,234.100006,10200.000000
3413.000000,411.777740,0.760498,0.348478,0.903809,0.768799,0.824379,0.360235,1.310473,0.377159,229.089996,9970.000000
3414.000000,405.703247,0.759033,0.347843,0.903442,0.767700,0.823610,0.359843,1.298129,0.376238,248.130005,10204.000000
3415.000000,379.789246,0.757080,0.349895,0.909180,0.764771,0.824467,0.361956,1.301216,0.386411,224.520004,10172.000000
3416.000000,415.684906,0.756836,0.349542,0.909912,0.765991,0.825749,0.362151,1.312176,0.389132,238.750000,10056.000000
3417.000000,394.354309,0.751099,0.347175,0.906738,0.759766,0.821499,0.359491,1.306031,0.377783,220.070007,10115.000000
3418.000000,409.087769,0.745483,0.342104,0.902710,0.753784,0.816272,0.354372,1.293902,0.366870,238.279999,10115.000000
3419.000000,407.227570,0.744629,0.342059,0.905273,0.752563,0.816071,0.354344,1.292498,0.372785,236.339996,10239.000000
3420.000000,389.546112,0.741943,0.342341,0.906006,0.748779,0.815884,0.354519,1.292314,0.378739,230.149994,10186.000000
3421.000000,394.086792,0.745728,0.344968,0.910522,0.753052,0.821754,0.357319,1.299572,0.386255,229.610001,10068.000000
3422.000000,412.597198,0.747070,0.345200,0.911499,0.754028,0.823262,0.357497,1.303667,0.389366,239.220001,10163.000000
3423.000000,425.372406,0.751221,0.346783,0.914307,0.760254,0.826385,0.359587,1.309717,0.395439,238.419998,10255.000000
3424.000000,386.905273,0.752075,0.347821,0.914185,0.760498,0.827201,0.360644,1.310236,0.394439,235.639999,10078.000000
3425.000000,442.507080,0.751953,0.346649,0.911011,0.759766,0.826570,0.359576,1.306556,0.392391,249.750000,9969.000000
3426.000000,387.049072,0.750122,0.345643,0.908936,0.757324,0.823850,0.358458,1.299600,0.388096,238.970001,10090.000000
3427.000000,394.655945,0.749146,0.345176,0.909302,0.756836,0.823330,0.357938,1.303046,0.390800,234.779999,9988.000000
3428.000000,396.413696,0.753540,0.348558,0.912354,0.761108,0.825924,0.361522,1.301513,0.400450,233.589996,9995.000000
3429.000000,413.948517,0.756104,0.350951,0.912354,0.764038,0.826804,0.364505,1.303348,0.409082,245.029999,10186.000000
3430.000000,357.737152,0.759399,0.352277,0.912964,0.767212,0.826930,0.366151,1.305928,0.407689,223.059998,9905.000000
3431.000000,402.944702,0.761841,0.356999,0.910767,0.770020,0.827109,0.370870,1.306517,0.417678,243.679993,10208.000000
3432.000000,402.542419,0.763306,0.357325,0.909546,0.770752,0.826227,0.371357,1.308892,0.417682,236.729996,10143.000000
3433.000000,381.996765,0.766113,0.357612,0.912720,0.774414,0.827936,0.371821,1.313882,0.415274,221.000000,10180.000000
3434.000000,404.009369,0.768799,0.358673,0.912598,0.776245,0.829718,0.372715,1.316067,0.422812,240.360001,10104.000000
3435.000000,406.884918,0.774292,0.361515,0.916260,0.782104,0.834000,0.375856,1.317799,0.415168,226.550003,10001.000000
3436.000000,363.872345,0.773071,0.360453,0.916504,0.781006,0.832401,0.375024,1.320472,0.414760,229.350006,10375.000000
3437.000000,390.062317,0.770874,0.363693,0.911743,0.779053,0.830182,0.377913,1.314638,0.413988,254.199997,10312.000000
3438.000000,382.023285,0.769287,0.361590,0.910156,0.776489,0.828686,0.375501,1.307634,0.402241,219.910004,10096.000000
3439.000000,390.962952,0.765869,0.359244,0.910400,0.773926,0.825302,0.373441,1.303353,0.392518,223.089996,10190.000000
3440.000000,401.861084,0.767700,0.361843,0.909790,0.775391,0.825926,0.375999,1.305707,0.399406,229.779999,10217.000000
3441.000000,400.544006,0.768311,0.361632,0.912109,0.775391,0.826523,0.375940,1.302801,0.397053,229.860001,10178.000000
3442.000000,397.727081,0.765259,0.361198,0.909912,0.773071,0.824260,0.375282,1.302166,0.395788,237.380005,10147.000000
3443.000000,370.884918,0.764771,0.361354,0.910278,0.770508,0.824424,0.374839,1.304259,0.399599,234.919998,9995.000000
3444.000000,380.239868,0.760132,0.359405,0.907227,0.767700,0.821613,0.372758,1.304014,0.405790,224.389999,10038.000000
3445.000000,408.297485,0.756348,0.359147,0.905640,0.763550,0.818396,0.372533,1.296315,0.405012,240.229996,10057.000000
3446.000000,392.112366,0.754761,0.361590,0.904907,0.762085,0.817572,0.374857,1.295178,0.405495,242.139999,10195.000000
3447.000000,409.046112,0.752808,0.360179,0.909058,0.759644,0.817968,0.373085,1.301702,0.405678,221.610001,9989.000000
3448.000000,391.629730,0.754395,0.361620,0.907715,0.760986,0.818300,0.374238,1.304458,0.408256,249.899994,10287.000000
3449.000000,424.213837,0.758301,0.364605,0.912354,0.765137,0.822332,0.377096,1.309308,0.411625,272.140015,10120.000000
3450.000000,416.343048,0.757202,0.362117,0.913086,0.763672,0.822444,0.374473,1.315358,0.409678,225.050003,10342.000000
3451.000000,380.165314,0.758667,0.363200,0.911255,0.765381,0.822850,0.375424,1.313079,0.412789,236.020004,10163.000000
3452.000000,403.864746,0.758057,0.362544,0.909546,0.764648,0.822282,0.374667,1.309011,0.411994,227.190002,10155.000000
3453.000000,420.462799,0.759277,0.365299,0.910278,0.765869,0.822823,0.377484,1.307745,0.416513,238.149994,10236.000000
3454.000000,391.846008,0.760010,0.365008,0.914795,0.766479,0.823560,0.377045,1.308798,0.411661,230.149994,10111.000000
3455.000000,379.461243,0.766357,0.369132,0.915161,0.772461,0.827860,0.380852,1.315601,0.417761,223.729996,10314.000000
3456.000000,392.829376,0.772217,0.372707,0.920532,0.778931,0.833815,0.384328,1.328475,0.427888,218.929993,10313.000000
3457.000000,387.659851,0.775879,0.374669,0.918823,0.781860,0.836616,0.386140,1.334855,0.432791,228.029999,10522.000000
3458.000000,405.761688,0.773804,0.372325,0.916870,0.779785,0.833599,0.383781,1.333042,0.426636,240.179993,10302.000000
3459.000000,411.110535,0.770508,0.368307,0.912231,0.777588,0.829389,0.380035,1.324172,0.422078,221.169998,10263.000000
3460.000000,390.867310,0.773071,0.370621,0.914307,0.779541,0.830598,0.382214,1.318176,0.411251,222.800003,10438.000000
3461.000000,401.348480,0.771484,0.368462,0.910522,0.777222,0.828080,0.380001,1.317136,0.406325,231.410004,10404.000000
3462.000000,388.373932,0.778442,0.371852,0.917847,0.785156,0.834874,0.383521,1.325457,0.408654,236.440002,10203.000000
3463.000000,411.204681,0.774780,0.370014,0.914062,0.781616,0.831758,0.381492,1.326720,0.413475,224.729996,10302.000000
3464.000000,411.633759,0.771851,0.369437,0.908936,0.777344,0.827734,0.380704,1.315702,0.410781,224.080002,10364.000000
3465.000000,410.987640,0.770264,0.370642,0.909180,0.776123,0.826659,0.381774,1.313309,0.419368,232.350006,10316.000000
3466.000000,387.839172,0.771362,0.373269,0.908081,0.778564,0.826416,0.384518,1.313720,0.417334,229.139999,10302.000000
3467.000000,395.599182,0.769043,0.373317,0.906616,0.775879,0.824331,0.384764,1.317242,0.413655,227.520004,10252.000000
3468.000000,397.976501,0.767090,0.372626,0.907837,0.773315,0.823672,0.384303,1.314419,0.413230,240.740005,10449.000000
3469.000000,393.617279,0.763794,0.369834,0.907715,0.771240,0.822926,0.381530,1.315384,0.409731,232.600006,10346.000000
3470.000000,409.921021,0.770630,0.373917,0.914307,0.777222,0.830201,0.385640,1.326954,0.413028,240.970001,10388.000000
3471.000000,380.403412,0.769165,0.373761,0.915283,0.775269,0.830735,0.385391,1.332054,0.417027,249.259995,10003.000000
3472.000000,410.355865,0.766357,0.372914,0.912354,0.772461,0.829670,0.384382,1.322202,0.413233,231.619995,10090.000000
3473.000000,397.568420,0.763672,0.372369,0.909668,0.769287,0.827540,0.383461,1.312513,0.408654,226.690002,10416.000000
3474.000000,427.964172,0.763062,0.372674,0.911255,0.768188,0.827432,0.383844,1.312610,0.407228,240.190002,10346.000000
3475.000000,394.585571,0.763672,0.373736,0.912720,0.768677,0.828882,0.384724,1.317255,0.409370,219.070007,10196.000000
3476.000000,380.500366,0.762085,0.372086,0.912354,0.767578,0.828117,0.382755,1.321008,0.411170,219.490005,10054.000000
3477.000000,395.811829,0.764282,0.375495,0.912231,0.769897,0.830190,0.385979,1.323047,0.422475,217.440002,10126.000000
3478.000000,388.482849,0.760742,0.374166,0.911499,0.765991,0.827729,0.384799,1.319319,0.426283,231.710007,10281.000000
3479.000000,420.765137,0.760742,0.375750,0.909180,0.765381,0.826694,0.386463,1.316493,0.423612,241.380005,10143.000000
3480.000000,400.162476,0.761719,0.377204,0.913330,0.766968,0.828886,0.388043,1.320896,0.428745,225.020004,10192.000000
3481.000000,428.722687,0.765503,0.380832,0.916016,0.770752,0.832815,0.391556,1.326036,0.439902,242.639999,10164.000000
3482.000000,398.674561,0.768799,0.382757,0.917480,0.773926,0.835579,0.393463,1.332921,0.442738,237.149994,10158.000000
3483.000000,404.657532,0.768433,0.382454,0.916138,0.773804,0.835367,0.393203,1.338372,0.443049,220.580002,10064.000000
3484.000000,367.774231,0.769775,0.383698,0.917480,0.773926,0.837099,0.394559,1.333780,0.446461,238.720001,10246.000000
3485.000000,413.680634,0.763794,0.381221,0.911377,0.769897,0.832203,0.392047,1.327919,0.445385,236.990005,10045.000000
3486.000000,418.853577,0.765015,0.384733,0.911987,0.770386,0.831702,0.395253,1.318882,0.442178,247.020004,10082.000000
3487.000000,389.215942,0.769897,0.387896,0.914185,0.775757,0.835478,0.398364,1.327149,0.442302,222.089996,10033.000000
3488.000000,400.215576,0.773193,0.390996,0.916870,0.779419,0.837876,0.401643,1.335870,0.445332,238.669998,10185.000000
3489.000000,396.136566,0.772583,0.390431,0.915283,0.778076,0.837157,0.401116,1.335508,0.438867,244.720001,10212.000000
3490.000000,398.590210,0.772705,0.390584,0.912598,0.779907,0.836853,0.401239,1.334247,0.436464,222.199997,10248.000000
3491.000000,405.760895,0.774536,0.393849,0.912354,0.781738,0.838778,0.404162,1.335057,0.436106,231.630005,10168.000000
3492.000000,387.405090,0.773682,0.394452,0.912964,0.779541,0.836212,0.404826,1.329948,0.433485,217.419998,10180.000000
3493.000000,387.125122,0.770386,0.391957,0.908447,0.777588,0.833730,0.402625,1.326688,0.433445,229.559998,10343.000000
3494.000000,387.101105,0.768799,0.391865,0.910034,0.774536,0.832414,0.402085,1.323558,0.426825,213.929993,10353.000000
3495.000000,420.453888,0.766846,0.389264,0.908813,0.774048,0.830654,0.399624,1.322592,0.423744,236.149994,10133.000000
3496.000000,438.340424,0.766968,0.388373,0.911865,0.775024,0.832269,0.398777,1.327184,0.424000,241.649994,10330.000000
3497.000000,383.061188,0.772705,0.390201,0.913208,0.781006,0.836139,0.400762,1.332129,0.435028,228.229996,10198.000000
3498.000000,435.298859,0.774414,0.393050,0.915283,0.781372,0.837638,0.403535,1.334966,0.437313,239.639999,10083.000000
3499.000000,394.983612,0.770020,0.388627,0.912231,0.777344,0.835216,0.399082,1.333413,0.423168,232.229996,10232.000000
3500.000000,426.497070,0.767456,0.387821,0.910034,0.774902,0.832500,0.398140,1.322937,0.421514,252.580002,10309.000000
3501.000000,408.181274,0.767090,0.388239,0.910034,0.773315,0.832497,0.398455,1.318282,0.421387,232.330002,10505.000000
3502.000000,414.482483,0.771606,0.386467,0.914917,0.778198,0.836836,0.396920,1.330408,0.422612,258.209991,10188.000000
3503.000000,417.077881,0.772095,0.385309,0.916870,0.779663,0.837022,0.396246,1.337625,0.427457,233.309998,10194.000000
3504.000000,414.279663,0.767578,0.384140,0.910645,0.774048,0.833223,0.394888,1.330212,0.424144,231.050003,10027.000000
3505.000000,408.459412,0.764160,0.381662,0.907837,0.771484,0.829680,0.392370,1.315741,0.419551,235.559998,10079.000000
3506.000000,408.449066,0.763794,0.383172,0.909180,0.770508,0.829118,0.394246,1.315368,0.423933,230.860001,10380.000000
3507.000000,403.216675,0.763184,0.384488,0.908691,0.770996,0.831198,0.395386,1.316481,0.427704,242.559998,10377.000000
3508.000000,409.851379,0.761475,0.383213,0.913208,0.769287,0.831336,0.394019,1.322508,0.424917,228.860001,9389.000000
3509.000000,419.139587,0.764526,0.384184,0.912231,0.771851,0.833968,0.395249,1.319818,0.427654,229.500000,10378.000000
3510.000000,410.010803,0.758789,0.382280,0.908203,0.765991,0.829098,0.393516,1.321287,0.427118,226.440002,10299.000000
3511.000000,394.449005,0.757080,0.380714,0.908203,0.764282,0.829701,0.392112,1.315359,0.427460,221.669998,10056.000000
3512.000000,417.363464,0.755615,0.378484,0.912720,0.762939,0.829275,0.390218,1.322499,0.432643,238.080002,10315.000000
3513.000000,414.986328,0.758667,0.382032,0.915527,0.765503,0.832913,0.393834,1.330657,0.441460,231.740005,9984.000000
3514.000000,387.664764,0.758789,0.381606,0.914795,0.765991,0.834146,0.393171,1.331890,0.439625,231.399994,10138.000000
3515.000000,397.342896,0.758667,0.381215,0.913330,0.765625,0.833678,0.392747,1.325352,0.426938,225.789993,10151.000000
3516.000000,429.192352,0.755859,0.379897,0.911499,0.763916,0.832062,0.391431,1.324659,0.430777,254.080002,10132.000000
3517.000000,392.672546,0.752563,0.379156,0.912109,0.759521,0.831697,0.390402,1.322504,0.430778,221.929993,10236.000000
3518.000000,418.194244,0.750854,0.379714,0.913208,0.757812,0.832590,0.390714,1.323240,0.425742,233.630005,10384.000000
3519.000000,410.254120,0.749268,0.378617,0.912109,0.756714,0.832726,0.389309,1.322440,0.416160,221.679993,10442.000000
3520.000000,416.549713,0.750977,0.377061,0.914551,0.758911,0.834172,0.387788,1.331230,0.417286,233.919998,10475.000000
3521.000000,415.882416,0.748291,0.375861,0.912354,0.755493,0.833830,0.386092,1.330190,0.416284,256.630005,10656.000000
3522.000000,399.531555,0.748291,0.377812,0.911377,0.755493,0.833923,0.388113,1.326943,0.420697,244.000000,10436.000000
3523.000000,423.769287,0.749756,0.377469,0.913086,0.756592,0.835289,0.387801,1.328330,0.420147,229.220001,10473.000000
3524.000000,404.502380,0.752808,0.378450,0.913574,0.760498,0.836869,0.389048,1.334424,0.423348,241.899994,10300.000000
3525.000000,422.487854,0.755249,0.378856,0.918213,0.762329,0.840781,0.389386,1.343875,0.427126,244.270004,10506.000000
3526.000000,422.643188,0.755127,0.377075,0.919556,0.762695,0.841914,0.387547,1.347174,0.430698,234.660004,10688.000000
3527.000000,428.840729,0.755249,0.379544,0.915405,0.763062,0.841686,0.389924,1.334584,0.434136,255.259995,10558.000000
3528.000000,397.673798,0.753906,0.379731,0.910889,0.760986,0.838151,0.390115,1.328703,0.435860,219.419998,10326.000000
3529.000000,398.486084,0.756958,0.383106,0.913574,0.765259,0.840574,0.393643,1.334634,0.443536,232.970001,10484.000000
3530.000000,414.195740,0.759277,0.383115,0.916626,0.766235,0.841518,0.393717,1.344806,0.440377,232.910004,10434.000000
3531.000000,414.830994,0.760376,0.385384,0.918823,0.766602,0.842428,0.395496,1.344853,0.434291,241.589996,10218.000000
3532.000000,399.503418,0.757690,0.386169,0.913452,0.763916,0.840346,0.396133,1.341952,0.435851,234.279999,10359.000000
3533.000000,405.022797,0.759399,0.387918,0.912476,0.765381,0.840404,0.398035,1.331739,0.437380,231.679993,10466.000000
3534.000000,391.570129,0.759033,0.388419,0.911255,0.764893,0.839777,0.398451,1.331716,0.436809,223.809998,10411.000000
3535.000000,451.900757,0.757446,0.390009,0.909058,0.763184,0.837247,0.399848,1.332671,0.435457,244.990005,10546.000000
3536.000000,391.430908,0.756592,0.390656,0.908691,0.762451,0.836220,0.400584,1.322667,0.431601,242.190002,10551.000000
3537.000000,432.387177,0.759277,0.393286,0.909912,0.764404,0.837354,0.403145,1.326129,0.436792,245.559998,10415.000000
3538.000000,391.768555,0.765869,0.395517,0.915527,0.770874,0.841893,0.405568,1.335957,0.436850,222.679993,10626.000000
3539.000000,409.636383,0.771484,0.398208,0.921631,0.776367,0.847080,0.408135,1.348853,0.438352,237.910004,10432.000000
3540.000000,414.364655,0.769531,0.397090,0.917358,0.774902,0.843772,0.407350,1.349415,0.439782,230.600006,10521.000000
3541.000000,396.252441,0.772339,0.397243,0.915894,0.777710,0.844218,0.407839,1.344345,0.432409,227.869995,10673.000000
3542.000000,442.711304,0.774048,0.398855,0.915283,0.780029,0.843442,0.409522,1.343052,0.433194,255.009995,10390.000000
3543.000000,436.179169,0.777710,0.399712,0.918579,0.781372,0.846644,0.409760,1.347144,0.434526,257.799988,10560.000000
3544.000000,408.643311,0.775391,0.398479,0.913574,0.780273,0.843253,0.408287,1.345202,0.428675,232.320007,10467.000000
3545.000000,417.892181,0.776489,0.398799,0.914673,0.782349,0.843632,0.408869,1.344049,0.431314,227.279999,10715.000000
3546.000000,444.985413,0.774292,0.397163,0.915283,0.779907,0.842721,0.407254,1.350310,0.434087,236.419998,10506.000000
3547.000000,405.618164,0.770264,0.397355,0.914185,0.774414,0.839685,0.407190,1.345863,0.434295,230.570007,10539.000000
3548.000000,409.715027,0.767822,0.397326,0.911499,0.772949,0.838086,0.407344,1.335952,0.433744,221.509995,10436.000000
3549.000000,413.099335,0.766357,0.398668,0.911743,0.771606,0.837984,0.408594,1.334532,0.437684,235.820007,10315.000000
3550.000000,432.050873,0.765259,0.397611,0.912964,0.770142,0.836985,0.407829,1.332979,0.431210,238.270004,10750.000000
3551.000000,452.616974,0.765869,0.398979,0.913696,0.770752,0.837542,0.409554,1.336077,0.436629,238.270004,10609.000000
3552.000000,446.848511,0.769653,0.400691,0.918579,0.774048,0.840441,0.411080,1.345021,0.445792,251.639999,10472.000000
3553.000000,413.235840,0.767334,0.400448,0.916504,0.771851,0.839259,0.410912,1.339004,0.440698,241.809998,10227.000000
3554.000000,429.533844,0.765259,0.401933,0.913208,0.770386,0.838803,0.412191,1.333623,0.436107,243.520004,10587.000000
3555.000000,416.885773,0.762329,0.402171,0.912354,0.766357,0.836074,0.412458,1.330870,0.433758,252.699997,10293.000000
3556.000000,424.031799,0.760864,0.400482,0.908569,0.764771,0.834067,0.410733,1.327100,0.429801,229.619995,10438.000000
3557.000000,450.582123,0.760620,0.400159,0.912598,0.765259,0.835349,0.410440,1.335336,0.428543,240.490005,10406.000000
3558.000000,451.141602,0.760498,0.400857,0.913940,0.763794,0.835474,0.410978,1.336669,0.429420,252.369995,10424.000000
3559.000000,424.022095,0.761719,0.400689,0.915283,0.765259,0.837953,0.410669,1.335499,0.424960,241.919998,10264.000000
3560.000000,415.223114,0.760376,0.400392,0.916504,0.763794,0.838859,0.410110,1.338691,0.429013,222.529999,10270.000000
3561.000000,414.855621,0.761597,0.399559,0.914551,0.765381,0.840091,0.409222,1.342235,0.426562,220.649994,10530.000000
3562.000000,461.845703,0.760864,0.397639,0.912720,0.765869,0.838004,0.407227,1.339687,0.428318,239.580002,10140.000000
3563.000000,414.924225,0.763428,0.398812,0.912720,0.768433,0.838695,0.408583,1.333794,0.434510,236.880005,10095.000000
3564.000000,410.392517,0.766846,0.401684,0.914185,0.771851,0.840703,0.411203,1.334298,0.442353,228.089996,10147.000000
3565.000000,437.146332,0.766846,0.402438,0.915771,0.771240,0.840650,0.411843,1.333733,0.439280,247.139999,10401.000000
3566.000000,400.640198,0.767700,0.405172,0.912598,0.772827,0.840396,0.414610,1.330871,0.441446,225.919998,10314.000000
3567.000000,409.657257,0.771118,0.406570,0.914917,0.775269,0.842843,0.415999,1.336294,0.447156,225.770004,10390.000000
3568.000000,404.315033,0.775269,0.409755,0.920288,0.779175,0.846274,0.419688,1.346458,0.455829,230.929993,10489.000000
3569.000000,422.004333,0.779419,0.413062,0.920410,0.784058,0.848196,0.423033,1.346424,0.458875,235.759995,10291.000000
3570.000000,401.574493,0.778198,0.408990,0.915894,0.782471,0.845941,0.419086,1.335913,0.445492,226.399994,10380.000000
3571.000000,384.660126,0.777222,0.406853,0.916748,0.780640,0.845280,0.417052,1.336503,0.436061,225.610001,10334.000000
3572.000000,415.021545,0.779297,0.410196,0.916992,0.783813,0.846894,0.420673,1.340894,0.435771,233.729996,10516.000000
3573.000000,440.060303,0.782471,0.412810,0.918579,0.786255,0.848537,0.423277,1.343227,0.437339,259.000000,10611.000000
3574.000000,419.966187,0.779419,0.409523,0.915283,0.783325,0.844854,0.420116,1.341157,0.433005,238.009995,10507.000000
3575.000000,416.569672,0.778687,0.407399,0.914551,0.782349,0.844023,0.417824,1.335550,0.422040,238.910004,10392.000000
3576.000000,427.753540,0.776123,0.405013,0.913574,0.780273,0.842481,0.415074,1.330354,0.416022,240.029999,10660.000000
3577.000000,419.927643,0.775513,0.403189,0.915039,0.779297,0.842053,0.412932,1.333266,0.406314,231.830002,10633.000000
3578.000000,416.977234,0.778442,0.403065,0.919434,0.782104,0.845843,0.412615,1.340784,0.403481,223.039993,10522.000000
3579.000000,449.511932,0.771362,0.398999,0.912354,0.776123,0.838967,0.408603,1.331612,0.402384,242.149994,10570.000000
3580.000000,394.695526,0.772217,0.402125,0.911377,0.777344,0.839727,0.411786,1.322304,0.399682,221.220001,10329.000000
3581.000000,398.613281,0.768188,0.397380,0.911499,0.772949,0.836033,0.407088,1.321171,0.402786,225.169998,10509.000000
3582.000000,413.797119,0.762695,0.397060,0.909180,0.767090,0.832840,0.406554,1.317937,0.410249,235.130005,10514.000000
3583.000000,405.760437,0.761963,0.395769,0.908691,0.767090,0.832245,0.405331,1.317173,0.404577,243.320007,10704.000000
3584.000000,396.155273,0.765869,0.398807,0.911499,0.769897,0.834859,0.408272,1.321949,0.404586,226.279999,10485.000000
3585.000000,424.996185,0.767334,0.399743,0.913574,0.771240,0.837611,0.409192,1.330931,0.412093,247.889999,10757.000000
3586.000000,387.655975,0.768921,0.403281,0.913940,0.773315,0.837974,0.412671,1.333282,0.424344,238.380005,10654.000000
3587.000000,441.348267,0.766113,0.403718,0.909302,0.771362,0.833633,0.413186,1.326980,0.423354,255.619995,10402.000000
3588.000000,420.107025,0.769775,0.406640,0.909790,0.774658,0.835242,0.416027,1.320520,0.423074,234.300003,10582.000000
3589.000000,417.103607,0.774170,0.409349,0.910889,0.780151,0.837732,0.419072,1.325129,0.425059,229.039993,10642.000000
3590.000000,399.171112,0.780518,0.413685,0.918213,0.785034,0.843248,0.423691,1.337837,0.431377,241.059998,10600.000000
3591.000000,406.826385,0.782471,0.413711,0.917847,0.786499,0.843994,0.423729,1.338847,0.438374,230.869995,10387.000000
3592.000000,393.090851,0.783447,0.413665,0.915527,0.787476,0.843694,0.423729,1.332230,0.438600,222.690002,10354.000000
3593.000000,402.664398,0.782959,0.412964,0.914795,0.787720,0.842993,0.422893,1.337969,0.443746,223.880005,10535.000000
3594.000000,423.561249,0.786377,0.414911,0.918457,0.791138,0.846099,0.424844,1.345115,0.445147,242.179993,10452.000000
3595.000000,394.027649,0.788208,0.414813,0.914917,0.793213,0.845051,0.424589,1.338248,0.431695,235.880005,10428.000000
3596.000000,416.985046,0.785889,0.410083,0.913330,0.791504,0.842941,0.420205,1.337795,0.422684,232.330002,10323.000000
3597.000000,436.401520,0.788818,0.411850,0.914185,0.792847,0.844626,0.421765,1.336319,0.421132,243.600006,10416.000000
3598.000000,405.656677,0.793335,0.414654,0.916748,0.797852,0.848497,0.424477,1.342265,0.431179,228.690002,10401.000000
3599.000000,410.803986,0.793213,0.413852,0.915527,0.798584,0.846353,0.424235,1.342567,0.432234,232.199997,10379.000000
3600.000000,426.093658,0.790894,0.411035,0.914185,0.796021,0.844092,0.421674,1.335160,0.423057,240.800003,10391.000000
3601.000000,421.986298,0.786865,0.407276,0.913086,0.791260,0.840350,0.418030,1.335837,0.416815,234.800003,10502.000000
3602.000000,409.087860,0.786865,0.407635,0.914917,0.791626,0.840936,0.418295,1.335093,0.413004,234.949997,10186.000000
3603.000000,398.320801,0.783691,0.406282,0.912231,0.787964,0.838831,0.416887,1.327065,0.411323,221.949997,10320.000000
3604.000000,416.575653,0.780518,0.407473,0.910522,0.785400,0.837063,0.418004,1.325420,0.416072,230.229996,10607.000000
3605.000000,412.151306,0.780884,0.407468,0.916504,0.785156,0.839383,0.418046,1.337963,0.417634,241.729996,10314.000000
3606.000000,393.974121,0.778198,0.406645,0.912231,0.782593,0.836577,0.417229,1.333651,0.410265,219.570007,10143.000000
3607.000000,419.488068,0.772217,0.402836,0.909912,0.777222,0.832802,0.413342,1.324184,0.408928,237.169998,10541.000000
3608.000000,408.345947,0.771484,0.404289,0.911743,0.776855,0.832907,0.414562,1.324092,0.414105,235.539993,10589.000000
3609.000000,391.389465,0.775879,0.407893,0.912842,0.780640,0.837525,0.418348,1.325346,0.421591,240.259995,10528.000000
3610.000000,416.551239,0.776123,0.406321,0.916138,0.781494,0.838095,0.416921,1.332241,0.423717,251.300003,10470.000000
3611.000000,403.989929,0.773560,0.407375,0.914307,0.778809,0.836437,0.417817,1.327983,0.430436,229.559998,10103.000000
3612.000000,398.602722,0.769653,0.405064,0.909912,0.774902,0.833845,0.415399,1.319903,0.429032,229.929993,10250.000000
3613.000000,378.939331,0.768799,0.406339,0.910400,0.773804,0.831992,0.416784,1.318898,0.430496,226.160004,10329.000000
3614.000000,419.696747,0.770386,0.409573,0.910767,0.774780,0.833693,0.420064,1.323865,0.439845,243.940002,10179.000000
3615.000000,405.391968,0.767822,0.409769,0.909424,0.773071,0.832220,0.420337,1.318213,0.440072,222.139999,9939.000000
3616.000000,419.387543,0.766724,0.409696,0.911621,0.771851,0.833627,0.420037,1.323354,0.441625,231.039993,9958.000000
3617.000000,434.572571,0.770874,0.414361,0.913574,0.775879,0.837265,0.424479,1.331986,0.445910,246.679993,10053.000000
3618.000000,422.095520,0.775391,0.416222,0.916016,0.780151,0.840490,0.426281,1.334002,0.447897,225.779999,10435.000000
3619.000000,409.387695,0.774170,0.415196,0.912964,0.778687,0.839793,0.425128,1.334693,0.450765,235.619995,10383.000000
3620.000000,395.984833,0.778198,0.420485,0.916504,0.783325,0.843587,0.430697,1.340349,0.461236,221.669998,10224.000000
3621.000000,419.654663,0.778564,0.422690,0.915649,0.783203,0.843462,0.432853,1.345097,0.467992,229.910004,10262.000000
3622.000000,411.843201,0.775391,0.421220,0.914551,0.780151,0.842540,0.431424,1.339406,0.462551,239.320007,10084.000000
3623.000000,408.483734,0.773193,0.421938,0.914551,0.778809,0.842189,0.432199,1.335234,0.460025,225.309998,10027.000000
3624.000000,417.483429,0.770386,0.421817,0.912720,0.776367,0.840103,0.432269,1.334653,0.458410,238.710007,9957.000000
3625.000000,402.144897,0.770996,0.420486,0.914917,0.776611,0.839328,0.431216,1.336634,0.451093,232.070007,10180.000000
3626.000000,436.391235,0.772217,0.423108,0.912598,0.777710,0.840494,0.433826,1.334956,0.457432,247.960007,10332.000000
3627.000000,417.141327,0.773804,0.424605,0.914673,0.779541,0.842027,0.435398,1.332990,0.465410,246.179993,10334.000000
3628.000000,431.794556,0.773315,0.424881,0.916626,0.778320,0.842836,0.435891,1.340558,0.467318,254.339996,10201.000000
3629.000000,439.141968,0.774414,0.426058,0.915649,0.781494,0.843720,0.437127,1.337201,0.469151,245.470001,10232.000000
3630.000000,430.215332,0.770996,0.425078,0.913452,0.777466,0.841885,0.436046,1.339052,0.469615,249.399994,10414.000000
3631.000000,418.655182,0.772339,0.427682,0.915771,0.778198,0.843661,0.438746,1.342410,0.476029,247.539993,10350.000000
3632.000000,395.060394,0.771484,0.429046,0.913208,0.776489,0.842191,0.439933,1.343134,0.479079,220.979996,10289.000000
3633.000000,415.588745,0.767578,0.428945,0.909790,0.773193,0.838626,0.439546,1.334222,0.469250,224.949997,10420.000000
3634.000000,420.315460,0.764648,0.427602,0.907837,0.770630,0.835383,0.438350,1.328263,0.458998,244.460007,10434.000000
3635.000000,413.652863,0.767212,0.429936,0.911499,0.772461,0.837624,0.440957,1.320969,0.455918,237.039993,10335.000000
3636.000000,388.760895,0.775024,0.433074,0.916260,0.781128,0.844098,0.444283,1.340717,0.466232,223.410004,10285.000000
3637.000000,424.150269,0.779053,0.435801,0.920410,0.783325,0.846949,0.446964,1.352799,0.471467,248.850006,10412.000000
3638.000000,412.652618,0.777588,0.435222,0.913940,0.782349,0.843980,0.446453,1.342912,0.466032,232.470001,10100.000000
3639.000000,423.608521,0.776855,0.433905,0.912109,0.782349,0.841566,0.445555,1.331618,0.462278,237.610001,10159.000000
3640.000000,412.840668,0.777222,0.434194,0.914062,0.782715,0.839771,0.446160,1.326569,0.459631,231.720001,10229.000000
3641.000000,416.552887,0.778442,0.434583,0.915649,0.783325,0.841852,0.446386,1.336841,0.459941,226.550003,10221.000000
3642.000000,398.530243,0.776855,0.433296,0.911255,0.782593,0.838538,0.445269,1.327388,0.457894,235.369995,10169.000000
3643.000000,458.097565,0.782959,0.436637,0.914429,0.789307,0.842227,0.449027,1.327522,0.467848,253.440002,10239.000000
3644.000000,440.772888,0.786621,0.440153,0.916138,0.791748,0.844051,0.452520,1.336334,0.469298,242.740005,10295.000000
3645.000000,433.499115,0.783447,0.437053,0.911987,0.788940,0.840552,0.449220,1.330008,0.463176,235.080002,10276.000000
3646.000000,414.849915,0.778076,0.433272,0.908569,0.784546,0.835313,0.445591,1.319510,0.457355,228.240005,10354.000000
3647.000000,449.409882,0.779541,0.433725,0.908936,0.786133,0.836742,0.446259,1.319746,0.456689,268.359985,10293.000000
3648.000000,397.688477,0.779419,0.434109,0.911987,0.785522,0.837017,0.446710,1.325608,0.460468,221.850006,10137.000000
3649.000000,390.119781,0.782593,0.437366,0.911621,0.787842,0.839305,0.449682,1.326900,0.460627,228.639999,10109.000000
3650.000000,427.782410,0.783447,0.435927,0.913574,0.789185,0.840276,0.448096,1.335766,0.461665,229.910004,10006.000000
3651.000000,428.031952,0.779419,0.433948,0.911133,0.784668,0.837618,0.446246,1.324692,0.459899,232.070007,9967.000000
3652.000000,401.371704,0.779419,0.435136,0.907349,0.784180,0.837259,0.447378,1.320483,0.468642,217.850006,10042.000000
3653.000000,419.480042,0.776978,0.435446,0.911133,0.782959,0.835662,0.448042,1.322436,0.471137,233.619995,10216.000000
3654.000000,415.674103,0.776367,0.433663,0.912964,0.781250,0.835660,0.446438,1.321483,0.473286,229.919998,10305.000000
3655.000000,427.208862,0.773682,0.432419,0.915527,0.779419,0.834129,0.445274,1.325116,0.474719,241.910004,10181.000000
3656.000000,411.255890,0.773682,0.435514,0.911499,0.779175,0.834401,0.447931,1.321596,0.477969,231.509995,10158.000000
3657.000000,414.464661,0.771362,0.437078,0.909546,0.776978,0.833016,0.449357,1.315745,0.483185,251.949997,10172.000000
3658.000000,388.707642,0.772827,0.437955,0.914429,0.777710,0.834949,0.450384,1.324877,0.477742,230.559998,10121.000000
3659.000000,416.656494,0.775391,0.441702,0.916260,0.780151,0.838009,0.453956,1.330808,0.480872,220.929993,10338.000000
3660.000000,412.604004,0.771240,0.439417,0.912476,0.775391,0.834769,0.451550,1.323635,0.473411,237.279999,10093.000000
3661.000000,425.351593,0.770752,0.439478,0.913086,0.774902,0.834369,0.451281,1.319043,0.469995,227.619995,9977.000000
3662.000000,420.602386,0.774780,0.441510,0.914673,0.780640,0.837834,0.453999,1.322011,0.471242,243.190002,10022.000000
3663.000000,397.196930,0.779785,0.444648,0.915039,0.785034,0.841069,0.456860,1.326648,0.468339,236.220001,10177.000000
3664.000000,391.765991,0.777100,0.441289,0.912964,0.782349,0.838430,0.453403,1.326836,0.464392,214.100006,10283.000000
3665.000000,407.978638,0.780273,0.442373,0.913086,0.785645,0.839641,0.454611,1.323480,0.460615,225.970001,10159.000000
3666.000000,421.030548,0.784058,0.443429,0.915894,0.790039,0.841923,0.455938,1.328168,0.469815,244.220001,10039.000000
3667.000000,406.633087,0.783691,0.444069,0.917480,0.788940,0.841765,0.456375,1.336237,0.477630,215.360001,10178.000000
3668.000000,423.855957,0.785522,0.445768,0.913696,0.791626,0.841635,0.458438,1.336062,0.474057,231.429993,10218.000000
3669.000000,429.992004,0.780640,0.442440,0.910400,0.787109,0.837514,0.455110,1.324404,0.471026,239.630005,10095.000000
3670.000000,408.048340,0.779907,0.440705,0.911133,0.785889,0.837359,0.453363,1.324015,0.466619,240.850006,10232.000000
3671.000000,428.431854,0.783081,0.443128,0.911743,0.789185,0.839080,0.456072,1.328111,0.468828,243.589996,10073.000000
3672.000000,413.514496,0.779297,0.438924,0.910767,0.785156,0.835990,0.451924,1.325279,0.463971,221.229996,10045.000000
3673.000000,411.066864,0.777222,0.437842,0.909668,0.783691,0.833947,0.450822,1.319223,0.459264,227.839996,9832.000000
3674.000000,428.958008,0.778564,0.438687,0.909668,0.784668,0.834428,0.451346,1.324422,0.461714,237.250000,10105.000000
3675.000000,420.521790,0.781738,0.442240,0.912231,0.788452,0.836779,0.455113,1.326279,0.473593,224.229996,10088.000000
3676.000000,409.111694,0.778809,0.441516,0.912598,0.784424,0.834146,0.454202,1.326432,0.472673,225.710007,10024.000000
3677.000000,405.881836,0.774780,0.440075,0.907471,0.781250,0.831500,0.452769,1.317668,0.472634,232.009995,10130.000000
3678.000000,441.373993,0.772583,0.438552,0.906616,0.778320,0.829995,0.450737,1.317804,0.469953,236.300003,10148.000000
3679.000000,416.368652,0.770386,0.439679,0.907349,0.776001,0.829717,0.452072,1.319195,0.474599,232.419998,9988.000000
3680.000000,430.945557,0.770020,0.439582,0.911499,0.775269,0.831030,0.452139,1.322291,0.477389,240.550003,10188.000000
3681.000000,419.632690,0.769897,0.441313,0.911865,0.776489,0.833122,0.454061,1.327032,0.484490,230.529999,10204.000000
3682.000000,423.451477,0.768188,0.439526,0.911621,0.774902,0.832633,0.452364,1.322870,0.491089,221.940002,10062.000000
3683.000000,417.752533,0.766846,0.440104,0.909424,0.772827,0.831928,0.452817,1.319721,0.489251,233.160004,9963.000000
3684.000000,402.725159,0.768799,0.442596,0.910889,0.774170,0.833849,0.455105,1.325122,0.491810,229.190002,10380.000000
3685.000000,402.957184,0.772217,0.443850,0.915161,0.776978,0.838111,0.456449,1.338436,0.494242,223.669998,9999.000000
3686.000000,433.332031,0.771240,0.442504,0.916138,0.777344,0.839327,0.455221,1.340685,0.490641,230.369995,10078.000000
3687.000000,420.007996,0.771362,0.441687,0.915894,0.777222,0.839547,0.453883,1.340282,0.484911,221.169998,10106.000000
3688.000000,435.519745,0.773071,0.442362,0.912964,0.779297,0.839503,0.454497,1.335710,0.480760,230.860001,10343.000000
3689.000000,417.978271,0.771729,0.440799,0.911377,0.777832,0.835677,0.453078,1.327270,0.478217,223.919998,10649.000000
3690.000000,432.711456,0.780151,0.445463,0.915283,0.785522,0.842184,0.457647,1.330419,0.488333,243.210007,10261.000000
3691.000000,422.280365,0.778076,0.446004,0.913940,0.785034,0.839102,0.458502,1.337028,0.497506,232.899994,10435.000000
3692.000000,398.839447,0.779907,0.448698,0.911987,0.786377,0.839115,0.460626,1.332968,0.493847,227.309998,10440.000000
3693.000000,415.278778,0.778320,0.448130,0.911255,0.784546,0.838267,0.459771,1.328937,0.489534,223.130005,10186.000000
3694.000000,410.133820,0.781006,0.448374,0.912964,0.786987,0.841334,0.459872,1.334257,0.484936,229.330002,10241.000000
3695.000000,397.756378,0.782959,0.447323,0.915283,0.788940,0.843429,0.458585,1.339447,0.479849,221.380005,10127.000000
3696.000000,408.727142,0.785278,0.447796,0.913452,0.791260,0.843570,0.458929,1.340874,0.477631,237.660004,10255.000000
3697.000000,415.684967,0.781616,0.444418,0.911133,0.787842,0.840793,0.455597,1.339689,0.476501,247.729996,10114.000000
3698.000000,441.789337,0.779541,0.443306,0.911255,0.786011,0.839895,0.454558,1.335977,0.472321,266.390015,10086.000000
3699.000000,435.143341,0.779663,0.444806,0.912231,0.786743,0.839948,0.456330,1.337292,0.478518,227.589996,10198.000000
3700.000000,421.847717,0.778198,0.442897,0.911621,0.786011,0.839290,0.454543,1.337865,0.480228,233.860001,10304.000000
3701.000000,463.777435,0.776001,0.442831,0.908325,0.783203,0.836581,0.454301,1.331451,0.483585,249.080002,10291.000000
3702.000000,434.132996,0.774048,0.443102,0.905884,0.781250,0.834576,0.454632,1.329073,0.483912,242.399994,10177.000000
3703.000000,421.578705,0.772095,0.443171,0.909790,0.778687,0.834745,0.454560,1.328303,0.483099,228.059998,10074.000000
3704.000000,409.575867,0.768555,0.442540,0.909668,0.776978,0.834216,0.454033,1.331527,0.488130,235.039993,10205.000000
3705.000000,440.415283,0.768066,0.444729,0.907837,0.776367,0.835109,0.455841,1.329701,0.486825,228.300003,10119.000000
3706.000000,421.332153,0.769287,0.444426,0.911011,0.776611,0.837358,0.455554,1.331324,0.480777,228.940002,10242.000000
3707.000000,410.446716,0.771118,0.444548,0.913818,0.777710,0.840858,0.455356,1.339905,0.484715,224.899994,10003.000000
3708.000000,406.837799,0.766235,0.443224,0.911865,0.772583,0.838656,0.453727,1.335447,0.485461,231.080002,9957.000000
3709.000000,424.538086,0.758545,0.439211,0.906372,0.766479,0.832928,0.449900,1.323184,0.482198,223.539993,10349.000000
3710.000000,440.440399,0.757446,0.440567,0.904175,0.765747,0.833107,0.451236,1.317928,0.487018,243.490005,10174.000000
3711.000000,422.928223,0.758545,0.442713,0.910400,0.766846,0.836380,0.453356,1.326925,0.498242,233.639999,10108.000000
3712.000000,430.143738,0.761841,0.445162,0.911865,0.770752,0.839050,0.456003,1.328341,0.499809,244.289993,10066.000000
3713.000000,414.128326,0.764526,0.445931,0.913696,0.771606,0.842309,0.456488,1.336018,0.501237,221.130005,10114.000000
3714.000000,416.651672,0.761719,0.444943,0.912598,0.768555,0.840478,0.455478,1.330595,0.499579,239.020004,10074.000000
3715.000000,425.844910,0.760376,0.442179,0.910767,0.768799,0.839170,0.452912,1.329087,0.500400,229.250000,10146.000000
3716.000000,389.764343,0.762451,0.444198,0.911255,0.769653,0.839103,0.454998,1.327324,0.504879,228.550003,10182.000000
3717.000000,424.879211,0.765991,0.445754,0.913940,0.773560,0.841161,0.456965,1.328955,0.504536,228.800003,10196.000000
3718.000000,427.907043,0.769043,0.448016,0.913818,0.777588,0.841464,0.459346,1.330203,0.505373,238.960007,10322.000000
3719.000000,415.306488,0.771362,0.449965,0.911133,0.779175,0.841040,0.461493,1.327559,0.500562,227.710007,10171.000000
3720.000000,398.166748,0.773438,0.451229,0.913086,0.781006,0.841977,0.462886,1.329501,0.504939,231.679993,10137.000000
3721.000000,435.259705,0.780518,0.454794,0.915771,0.788940,0.846028,0.466492,1.336773,0.504587,239.009995,10091.000000
3722.000000,430.270691,0.783325,0.454685,0.914795,0.790649,0.845416,0.466390,1.337052,0.500064,234.820007,9984.000000
3723.000000,422.418732,0.785767,0.452332,0.913696,0.792847,0.845172,0.464128,1.339633,0.490508,226.119995,10083.000000
3724.000000,418.925598,0.783936,0.450680,0.914551,0.792236,0.842619,0.462593,1.338377,0.485225,240.979996,9923.000000
3725.000000,428.265900,0.788818,0.452096,0.914185,0.797119,0.844950,0.464084,1.342804,0.487228,230.740005,10112.000000
3726.000000,398.544617,0.785889,0.449770,0.910156,0.794067,0.840835,0.461565,1.332218,0.477186,233.210007,10142.000000
3727.000000,434.763306,0.786377,0.448009,0.908569,0.794922,0.840082,0.459858,1.330938,0.471898,229.070007,10043.000000
3728.000000,448.612549,0.784302,0.447291,0.908447,0.792847,0.838093,0.459475,1.329594,0.479577,228.250000,10269.000000
3729.000000,435.143616,0.785278,0.448738,0.906006,0.793457,0.836526,0.460965,1.327848,0.483957,239.070007,9969.000000
3730.000000,402.926636,0.785522,0.449028,0.906494,0.792725,0.835551,0.460840,1.325115,0.478725,232.399994,10212.000000
3731.000000,450.093719,0.781128,0.448612,0.903198,0.788818,0.832957,0.459930,1.326905,0.476510,251.800003,10047.000000
3732.000000,405.825531,0.778198,0.447598,0.899536,0.785522,0.829435,0.458923,1.313074,0.471425,226.460007,10188.000000
3733.000000,442.114258,0.778564,0.448451,0.902954,0.785278,0.830414,0.459531,1.320846,0.480555,245.610001,10213.000000
3734.000000,440.550232,0.775879,0.448396,0.905884,0.783813,0.828991,0.459861,1.320155,0.489481,240.330002,9878.000000
3735.000000,460.797699,0.781128,0.450466,0.910156,0.789185,0.834701,0.462229,1.324801,0.497938,238.820007,10010.000000
3736.000000,419.600983,0.784180,0.454014,0.911743,0.791748,0.837107,0.466226,1.330287,0.510026,230.559998,9889.000000
3737.000000,411.192993,0.779419,0.454084,0.909180,0.787231,0.834051,0.466287,1.332101,0.512484,243.179993,9937.000000
3738.000000,417.252686,0.774780,0.452136,0.907837,0.782837,0.832578,0.464459,1.326043,0.505075,230.289993,10033.000000
3739.000000,430.591858,0.773071,0.453513,0.908325,0.780396,0.832702,0.465663,1.324348,0.503391,251.669998,9907.000000
3740.000000,425.995544,0.770874,0.452745,0.910889,0.777222,0.833038,0.464624,1.327503,0.504605,232.770004,10136.000000
3741.000000,417.044067,0.771851,0.455531,0.911011,0.778809,0.834560,0.467132,1.332531,0.508270,223.119995,9971.000000
3742.000000,449.636902,0.773315,0.455430,0.914673,0.781128,0.838687,0.466982,1.337444,0.505156,229.820007,9986.000000
3743.000000,419.706177,0.772339,0.452848,0.912842,0.779785,0.837705,0.464128,1.336255,0.499065,223.649994,10096.000000
3744.000000,452.333984,0.776978,0.455178,0.911987,0.783691,0.840334,0.466109,1.329556,0.497936,235.979996,10106.000000
3745.000000,422.568726,0.777222,0.454703,0.910522,0.784424,0.838069,0.465723,1.327939,0.494283,236.470001,9946.000000
3746.000000,435.829773,0.779175,0.454866,0.912964,0.785278,0.840199,0.466281,1.326475,0.488735,231.820007,10076.000000
3747.000000,419.006714,0.776978,0.452783,0.913208,0.784058,0.838666,0.464092,1.328079,0.487586,231.589996,10179.000000
3748.000000,423.736237,0.776367,0.445823,0.913208,0.783203,0.838119,0.457058,1.330089,0.466371,233.660004,9695.000000
3749.000000,449.602142,0.778687,0.443014,0.915283,0.784302,0.840497,0.454405,1.326072,0.449669,240.809998,9775.000000
3750.000000,414.313446,0.778320,0.437831,0.915527,0.784790,0.840517,0.449296,1.329015,0.439098,220.330002,9996.000000
3751.000000,418.065063,0.778809,0.434360,0.915161,0.785278,0.841697,0.445778,1.331491,0.441588,222.570007,9754.000000
3752.000000,422.650940,0.779419,0.433509,0.915283,0.786987,0.842469,0.445096,1.332971,0.449593,225.580002,9817.000000
3753.000000,412.165131,0.779907,0.432199,0.911255,0.786743,0.839985,0.443941,1.328330,0.451614,242.220001,9739.000000
3754.000000,391.361267,0.779785,0.430134,0.910889,0.787109,0.840151,0.441740,1.325722,0.453343,222.949997,9905.000000
3755.000000,406.664703,0.783691,0.431646,0.914673,0.790283,0.842041,0.443351,1.332563,0.460164,220.350006,9930.000000
3756.000000,414.238861,0.784302,0.432515,0.911499,0.791504,0.842261,0.444186,1.328576,0.459965,256.459991,9985.000000
3757.000000,407.727692,0.784180,0.431507,0.911499,0.790527,0.841295,0.442830,1.333366,0.459740,224.070007,10059.000000
3758.000000,399.255463,0.782471,0.431308,0.909424,0.788696,0.839032,0.442685,1.325484,0.460193,219.770004,10131.000000
3759.000000,415.271454,0.777100,0.426954,0.906128,0.783936,0.834524,0.438360,1.317749,0.461940,226.160004,10119.000000
3760.000000,429.394684,0.779175,0.428456,0.910522,0.785889,0.836565,0.439756,1.320525,0.461337,235.419998,10413.000000
3761.000000,410.501221,0.777588,0.427095,0.910156,0.784180,0.835811,0.438451,1.325812,0.467375,234.529999,10053.000000
3762.000000,410.778107,0.775879,0.425666,0.911011,0.782593,0.836147,0.437082,1.324039,0.465977,225.520004,10288.000000
3763.000000,447.937195,0.774902,0.426420,0.912964,0.780396,0.836627,0.437748,1.326132,0.470960,253.100006,10246.000000
3764.000000,416.052185,0.774536,0.426019,0.912598,0.780396,0.837833,0.437416,1.329389,0.472950,232.839996,10298.000000
3765.000000,418.948639,0.770630,0.422787,0.912476,0.776489,0.835808,0.434257,1.327646,0.464007,240.789993,10200.000000
3766.000000,403.446014,0.768555,0.424390,0.910889,0.774780,0.835290,0.435826,1.320526,0.466695,230.809998,10395.000000
3767.000000,406.314941,0.765259,0.424109,0.910645,0.770630,0.834164,0.435254,1.321306,0.465266,225.850006,10084.000000
3768.000000,416.164368,0.768066,0.427297,0.912598,0.773926,0.836965,0.438375,1.323890,0.464748,237.750000,10136.000000
3769.000000,427.280579,0.764893,0.424824,0.912598,0.771484,0.835911,0.435772,1.325310,0.460030,237.259995,10134.000000
3770.000000,396.076721,0.759155,0.422167,0.910034,0.764160,0.832934,0.432910,1.323370,0.456193,217.429993,10182.000000
3771.000000,435.108093,0.759644,0.423948,0.910278,0.765747,0.834853,0.434814,1.321992,0.459503,239.050003,10281.000000
3772.000000,415.098053,0.763062,0.426595,0.915894,0.769287,0.839659,0.437665,1.328228,0.469133,230.809998,10259.000000
3773.000000,392.710175,0.760132,0.424331,0.914062,0.767090,0.838416,0.435430,1.337303,0.467344,225.360001,10179.000000
3774.000000,434.974182,0.761597,0.424112,0.915039,0.767700,0.840760,0.434992,1.337967,0.464826,234.529999,10431.000000
3775.000000,424.259064,0.762573,0.422615,0.915649,0.768677,0.841621,0.433580,1.339684,0.467897,236.110001,9948.000000
3776.000000,433.461853,0.763306,0.424109,0.917114,0.770020,0.843189,0.435273,1.339303,0.476136,227.740005,10427.000000
3777.000000,432.881348,0.764404,0.425159,0.916260,0.769897,0.843521,0.436247,1.340402,0.474328,241.339996,10318.000000
3778.000000,414.391144,0.762573,0.425260,0.914673,0.768311,0.843566,0.436338,1.338582,0.471859,223.919998,10519.000000
3779.000000,455.172394,0.764282,0.425399,0.916870,0.769897,0.845959,0.436603,1.339821,0.469157,236.990005,10462.000000
3780.000000,426.848938,0.759888,0.421945,0.913818,0.766113,0.842370,0.433218,1.336739,0.462340,234.360001,10324.000000
3781.000000,414.656067,0.759277,0.421621,0.911499,0.765991,0.841935,0.432960,1.331946,0.462672,229.449997,10496.000000
3782.000000,432.161316,0.759644,0.420052,0.915527,0.766724,0.843144,0.432195,1.333137,0.461406,236.210007,10436.000000
3783.000000,401.161194,0.762817,0.422846,0.917114,0.770142,0.845378,0.435001,1.341269,0.464349,229.020004,10341.000000
3784.000000,411.089691,0.760498,0.420927,0.911621,0.767700,0.841185,0.433470,1.333706,0.465717,227.529999,10283.000000
3785.000000,400.593750,0.760864,0.421774,0.912476,0.768433,0.840944,0.434058,1.332095,0.467486,229.520004,10298.000000
3786.000000,419.619904,0.768188,0.426094,0.918091,0.775269,0.848531,0.438040,1.348260,0.472370,238.649994,10466.000000
3787.000000,410.271606,0.769409,0.425600,0.920532,0.776001,0.849791,0.437341,1.351257,0.466992,233.470001,10438.000000
3788.000000,419.062439,0.771484,0.424773,0.917847,0.778198,0.850688,0.436500,1.346192,0.464977,241.809998,10429.000000
3789.000000,409.144012,0.768433,0.422974,0.915894,0.774780,0.847919,0.434722,1.342354,0.466217,231.600006,10251.000000
3790.000000,410.555145,0.770142,0.425285,0.916260,0.776001,0.848092,0.437117,1.343189,0.471933,227.789993,10384.000000
3791.000000,414.894257,0.766235,0.424106,0.911621,0.772217,0.843970,0.435977,1.336767,0.469930,225.589996,10540.000000
3792.000000,421.254852,0.765137,0.421807,0.911987,0.771118,0.842225,0.433683,1.334316,0.463741,227.270004,10475.000000
3793.000000,417.363678,0.764771,0.422688,0.915405,0.770874,0.842608,0.434527,1.337863,0.466072,238.179993,10046.000000
3794.000000,436.830536,0.770142,0.428865,0.914551,0.776245,0.845837,0.440758,1.341726,0.474856,232.389999,10097.000000
3795.000000,435.700439,0.770752,0.429628,0.915039,0.778076,0.844873,0.441456,1.337999,0.474246,254.179993,10343.000000
3796.000000,427.222656,0.768677,0.429430,0.910767,0.774902,0.841787,0.440953,1.331458,0.464606,237.949997,10223.000000
3797.000000,442.654846,0.770020,0.431745,0.910522,0.776123,0.843409,0.442939,1.333300,0.473587,239.210007,10346.000000
3798.000000,442.972260,0.769409,0.432636,0.912231,0.777100,0.842912,0.443829,1.335477,0.477715,240.259995,10015.000000
3799.000000,430.586700,0.769531,0.431628,0.911621,0.775879,0.843304,0.442684,1.337416,0.481784,240.750000,10051.000000
3800.000000,406.296753,0.772339,0.433486,0.915039,0.779419,0.844700,0.444893,1.334659,0.490743,238.190002,10123.000000
3801.000000,412.453674,0.769897,0.433721,0.910767,0.778320,0.841824,0.445366,1.332041,0.489786,223.220001,10313.000000
3802.000000,454.445251,0.771484,0.435189,0.912231,0.778809,0.843375,0.446707,1.328764,0.491127,248.399994,10124.000000
3803.000000,418.761108,0.774414,0.439268,0.912476,0.782593,0.845306,0.450965,1.327722,0.495548,223.660004,10290.000000
3804.000000,422.304016,0.774414,0.439378,0.914185,0.781738,0.845224,0.450895,1.334158,0.492471,228.050003,10336.000000
3805.000000,434.541718,0.772339,0.438467,0.915283,0.779663,0.843653,0.449946,1.333339,0.494139,238.410004,10316.000000
3806.000000,437.211334,0.775146,0.440718,0.915405,0.781738,0.845349,0.452047,1.332483,0.493991,235.940002,10516.000000
3807.000000,459.483276,0.773804,0.441632,0.915039,0.779541,0.843717,0.452527,1.332952,0.494141,254.460007,10141.000000
3808.000000,457.317291,0.777954,0.444235,0.914795,0.784912,0.847141,0.455230,1.336522,0.497768,258.450012,10116.000000
3809.000000,422.145264,0.776001,0.442520,0.914062,0.782837,0.844456,0.453370,1.342647,0.503467,237.619995,10166.000000
3810.000000,406.438568,0.771729,0.440082,0.911621,0.778442,0.842431,0.450895,1.339287,0.498119,229.970001,10112.000000
3811.000000,446.451599,0.776001,0.441900,0.913452,0.783325,0.845138,0.452752,1.333839,0.491396,231.729996,10052.000000
3812.000000,434.865082,0.773438,0.441407,0.914307,0.780518,0.844297,0.452028,1.339310,0.494244,245.050003,10416.000000
3813.000000,428.176849,0.775879,0.442213,0.910889,0.783569,0.844245,0.452820,1.338054,0.495850,230.580002,10180.000000
3814.000000,448.988007,0.776855,0.443920,0.910156,0.784424,0.845048,0.454344,1.338533,0.496237,239.070007,10190.000000
3815.000000,441.810760,0.783081,0.448377,0.913330,0.790405,0.848968,0.458960,1.342579,0.504560,244.000000,10172.000000
3816.000000,449.297638,0.783447,0.447449,0.915894,0.791870,0.848690,0.458332,1.348166,0.497043,251.649994,10035.000000
3817.000000,437.378876,0.786865,0.447926,0.915283,0.794312,0.850779,0.458654,1.353548,0.493646,242.429993,10173.000000
3818.000000,417.597992,0.788452,0.446447,0.918091,0.795898,0.851848,0.457100,1.359356,0.496182,244.240005,10293.000000
3819.000000,443.276978,0.785156,0.444869,0.912476,0.793091,0.849077,0.455161,1.350355,0.490615,236.929993,10429.000000
3820.000000,437.743286,0.781128,0.442612,0.908325,0.787964,0.844246,0.452681,1.331372,0.477729,242.919998,10285.000000
3821.000000,434.306793,0.784302,0.444971,0.908936,0.790161,0.846439,0.454701,1.332836,0.479616,246.830002,10535.000000
3822.000000,438.522949,0.784546,0.445866,0.912476,0.791382,0.847035,0.455666,1.346114,0.488044,242.300003,10365.000000
3823.000000,457.701752,0.786499,0.445869,0.915527,0.792480,0.849458,0.455575,1.345905,0.485880,242.740005,10227.000000
3824.000000,465.997223,0.781982,0.440763,0.910645,0.788330,0.845271,0.450687,1.338506,0.481908,259.859985,10280.000000
3825.000000,447.679810,0.781982,0.440654,0.910767,0.789429,0.845670,0.450716,1.336456,0.474327,239.210007,10479.000000
3826.000000,440.850861,0.776855,0.440248,0.909302,0.783325,0.841534,0.450155,1.329143,0.478292,229.250000,10426.000000
3827.000000,473.595276,0.775513,0.439588,0.907715,0.782104,0.841478,0.449307,1.326385,0.479288,262.299988,10248.000000
3828.000000,458.264343,0.774048,0.440209,0.909912,0.781738,0.840822,0.450401,1.330256,0.486127,248.580002,10065.000000
3829.000000,442.072235,0.770630,0.441151,0.909180,0.777466,0.839099,0.451192,1.335121,0.492889,228.779999,10210.000000
3830.000000,403.938049,0.773315,0.443857,0.912354,0.780151,0.843498,0.453851,1.333062,0.493267,229.350006,10308.000000
3831.000000,446.571381,0.770996,0.442897,0.911133,0.777100,0.841486,0.453028,1.331501,0.486705,257.769989,10176.000000
3832.000000,420.225861,0.770508,0.443950,0.910767,0.776978,0.841143,0.454207,1.330196,0.493054,229.949997,10109.000000
3833.000000,420.642761,0.770874,0.443905,0.915039,0.777100,0.842825,0.454419,1.339462,0.498920,231.630005,10437.000000
3834.000000,413.054565,0.768921,0.444532,0.911743,0.774780,0.842702,0.454783,1.336325,0.494825,226.649994,10269.000000
3835.000000,401.015259,0.771606,0.444978,0.910278,0.777344,0.842521,0.455497,1.331759,0.487852,221.559998,10245.000000
3836.000000,429.628632,0.770874,0.441554,0.912842,0.777100,0.843205,0.451785,1.338862,0.485537,249.509995,10066.000000
3837.000000,433.397827,0.775757,0.442871,0.918457,0.783325,0.848006,0.453285,1.351074,0.498813,256.700012,10169.000000
3838.000000,414.594116,0.783203,0.448793,0.921387,0.788696,0.854706,0.458924,1.359151,0.504075,239.800003,10169.000000
3839.000000,434.948486,0.784668,0.448542,0.917969,0.790771,0.854699,0.458376,1.354612,0.504599,228.949997,10098.000000
3840.000000,438.776367,0.781860,0.445354,0.915161,0.788208,0.851069,0.455406,1.348184,0.505200,245.820007,10433.000000
3841.000000,434.287537,0.780151,0.444424,0.913696,0.786255,0.848887,0.454304,1.344223,0.500921,228.880005,10124.000000
3842.000000,408.906982,0.782349,0.444358,0.913940,0.787231,0.849878,0.453965,1.346231,0.501561,232.309998,10207.000000
3843.000000,418.138062,0.777832,0.441205,0.910400,0.783325,0.844504,0.450933,1.339746,0.499577,241.759995,10110.000000
3844.000000,436.469055,0.782593,0.444682,0.914062,0.787598,0.849433,0.454389,1.346191,0.503215,233.000000,10116.000000
3845.000000,430.949707,0.785400,0.446370,0.917480,0.791626,0.852394,0.456251,1.352895,0.508653,241.910004,10217.000000
3846.000000,445.017334,0.786743,0.447794,0.916992,0.792603,0.852375,0.457676,1.352783,0.508469,235.529999,10254.000000
3847.000000,412.713013,0.786743,0.444938,0.915161,0.792236,0.851296,0.454889,1.350049,0.497625,222.500000,10299.000000
3848.000000,447.588196,0.786255,0.444362,0.916870,0.792725,0.850358,0.454406,1.352986,0.495433,237.770004,10258.000000
3849.000000,445.328430,0.784912,0.443273,0.913330,0.791870,0.848628,0.453419,1.352929,0.503140,242.750000,10216.000000
3850.000000,413.433258,0.785767,0.444735,0.913696,0.793701,0.848215,0.455309,1.343840,0.502630,234.080002,10030.000000
3851.000000,417.349976,0.781494,0.441694,0.909668,0.790894,0.843233,0.452635,1.338871,0.503294,227.649994,10222.000000
3852.000000,427.905914,0.784790,0.444420,0.910645,0.794922,0.845485,0.455644,1.334854,0.497495,229.429993,10047.000000
3853.000000,441.458862,0.789917,0.445922,0.914429,0.798462,0.847965,0.457051,1.345348,0.498668,238.639999,10174.000000
3854.000000,426.043213,0.794800,0.448299,0.917725,0.803101,0.851252,0.459661,1.352988,0.499884,237.660004,9758.000000
3855.000000,433.633698,0.793335,0.448423,0.912598,0.802002,0.849699,0.459769,1.347872,0.493916,230.559998,10073.000000
3856.000000,427.612244,0.785767,0.442856,0.906372,0.793579,0.842813,0.454276,1.336854,0.486021,228.020004,10252.000000
3857.000000,447.725098,0.783325,0.442433,0.906250,0.792603,0.841421,0.453895,1.331833,0.481193,239.960007,10160.000000
3858.000000,424.478699,0.782227,0.442392,0.905273,0.791016,0.840222,0.454007,1.327800,0.480102,248.800003,10222.000000
3859.000000,444.281342,0.781128,0.443852,0.906372,0.790039,0.840080,0.455279,1.329261,0.475365,241.350006,10062.000000
3860.000000,429.935333,0.782593,0.441972,0.908691,0.790771,0.841824,0.453208,1.332350,0.467005,227.600006,10241.000000
3861.000000,437.371033,0.779175,0.437859,0.906738,0.786987,0.838504,0.449017,1.329400,0.464351,233.320007,9962.000000
3862.000000,465.718018,0.774658,0.432860,0.901245,0.783813,0.834536,0.443983,1.319226,0.448694,238.100006,10023.000000
3863.000000,443.503571,0.776611,0.430169,0.906006,0.785767,0.837160,0.441381,1.321935,0.442258,241.919998,9947.000000
3864.000000,430.290619,0.778442,0.427136,0.908447,0.787964,0.839112,0.438296,1.328248,0.442904,241.880005,9865.000000
3865.000000,423.454102,0.777710,0.422910,0.905884,0.786255,0.837977,0.433867,1.320774,0.447553,232.250000,9983.000000
3866.000000,418.793396,0.776489,0.418060,0.909546,0.786133,0.837903,0.428921,1.322312,0.444004,228.020004,10063.000000
3867.000000,468.165344,0.778076,0.416780,0.912720,0.785767,0.839804,0.427517,1.326493,0.451336,234.600006,9910.000000
3868.000000,448.017792,0.777100,0.414451,0.915283,0.784180,0.839957,0.425112,1.328741,0.455595,242.960007,9933.000000
3869.000000,443.160522,0.775635,0.415613,0.911987,0.782593,0.841116,0.426027,1.326748,0.461661,252.940002,9789.000000
3870.000000,435.938995,0.776001,0.416221,0.911011,0.783325,0.841349,0.426443,1.328073,0.470631,240.089996,10080.000000
3871.000000,418.478455,0.776245,0.415525,0.911987,0.784058,0.839811,0.425945,1.326509,0.474535,227.169998,9819.000000
3872.000000,426.293060,0.777100,0.415591,0.910522,0.786621,0.839909,0.426518,1.322319,0.473082,239.639999,9852.000000
3873.000000,443.175537,0.774780,0.412646,0.909912,0.782959,0.837101,0.423693,1.317976,0.467354,245.470001,10026.000000
3874.000000,425.649628,0.778320,0.415806,0.914062,0.787476,0.840540,0.427279,1.322503,0.473543,245.000000,9840.000000
3875.000000,423.662292,0.780029,0.415931,0.917358,0.788696,0.843280,0.427415,1.327540,0.484011,223.190002,9857.000000
3876.000000,424.772156,0.784302,0.420608,0.915894,0.792603,0.844849,0.432254,1.330892,0.487813,236.789993,9342.000000
3877.000000,427.283447,0.780151,0.418852,0.910767,0.789307,0.840590,0.430560,1.317935,0.481199,243.229996,9931.000000
3878.000000,416.758942,0.776978,0.418989,0.906372,0.786011,0.835896,0.430924,1.312470,0.478391,240.929993,9842.000000
3879.000000,433.988831,0.779297,0.419625,0.912842,0.786621,0.838208,0.431714,1.313862,0.468321,238.119995,10034.000000
3880.000000,428.557434,0.783203,0.421640,0.915283,0.792114,0.841325,0.433790,1.325898,0.473918,245.619995,9826.000000
3881.000000,417.513123,0.790039,0.424339,0.918823,0.797729,0.845842,0.436167,1.333834,0.472785,227.610001,9970.000000
3882.000000,427.794006,0.787842,0.421111,0.918091,0.795044,0.843015,0.432992,1.329431,0.466358,237.529999,9942.000000
3883.000000,448.783051,0.781372,0.419808,0.911865,0.787598,0.836877,0.431624,1.320295,0.472813,251.220001,10121.000000
3884.000000,431.675507,0.780151,0.418927,0.910889,0.786499,0.836312,0.430626,1.310792,0.463148,239.050003,9988.000000
3885.000000,428.722046,0.780273,0.418258,0.911011,0.786987,0.834846,0.430454,1.313897,0.453764,233.250000,10041.000000
3886.000000,413.142395,0.782227,0.418979,0.913940,0.788818,0.836281,0.431227,1.317638,0.454842,229.720001,10014.000000
3887.000000,394.669464,0.779419,0.418472,0.908081,0.785645,0.833231,0.430770,1.316410,0.456243,226.419998,9897.000000
3888.000000,436.846985,0.775757,0.414213,0.908569,0.783081,0.830328,0.426443,1.306674,0.445951,237.649994,10047.000000
3889.000000,403.527557,0.772339,0.413507,0.902222,0.780273,0.827261,0.425776,1.295490,0.444097,222.639999,9856.000000
3890.000000,433.015961,0.774170,0.415325,0.906372,0.781494,0.829212,0.427406,1.299864,0.462609,232.830002,9905.000000
3891.000000,406.857849,0.779297,0.417108,0.913452,0.786743,0.833583,0.429487,1.315147,0.478770,222.330002,9957.000000
3892.000000,425.330170,0.783691,0.423446,0.915649,0.792114,0.837363,0.435769,1.322716,0.491135,242.139999,10035.000000
3893.000000,417.533783,0.787109,0.430707,0.911865,0.794312,0.838610,0.443158,1.322214,0.499386,233.330002,9920.000000
3894.000000,401.534821,0.785278,0.429564,0.911377,0.792847,0.835458,0.442402,1.317966,0.500119,233.039993,10252.000000
3895.000000,424.471008,0.790894,0.432693,0.913574,0.798706,0.839214,0.445703,1.315911,0.503327,241.190002,9962.000000
3896.000000,412.860504,0.792725,0.433670,0.913940,0.799561,0.838499,0.446585,1.318291,0.498283,222.399994,10045.000000
3897.000000,431.240479,0.794434,0.436580,0.913940,0.801758,0.838548,0.449766,1.315407,0.492498,233.509995,10080.000000
3898.000000,446.070374,0.791382,0.435718,0.910889,0.798218,0.835153,0.448560,1.312299,0.485187,245.570007,9937.000000
3899.000000,407.308105,0.791992,0.435775,0.910400,0.798584,0.834737,0.448636,1.308045,0.485368,224.850006,10037.000000
3900.000000,419.288269,0.794678,0.439568,0.912720,0.801270,0.836310,0.452992,1.307329,0.485488,226.050003,9927.000000
3901.000000,396.614624,0.797119,0.438387,0.916748,0.804321,0.838411,0.451993,1.313675,0.486950,223.119995,9746.000000
3902.000000,409.220917,0.801147,0.440013,0.919312,0.807739,0.842563,0.453500,1.321184,0.486402,225.039993,9871.000000
3903.000000,444.123779,0.796509,0.437629,0.913696,0.802856,0.838198,0.451266,1.315613,0.478639,238.210007,9807.000000
3904.000000,421.970764,0.788574,0.434510,0.906494,0.794922,0.831395,0.448338,1.299499,0.467302,232.080002,9974.000000
3905.000000,403.191284,0.788452,0.434712,0.908569,0.795532,0.832888,0.448799,1.299487,0.469682,226.460007,10103.000000
3906.000000,402.745209,0.790283,0.436438,0.913330,0.797485,0.834225,0.450369,1.305009,0.475109,230.960007,9919.000000
3907.000000,439.995544,0.787231,0.435466,0.911377,0.794556,0.832715,0.449382,1.303998,0.475015,253.720001,9815.000000
3908.000000,424.142029,0.781372,0.432984,0.906494,0.788574,0.828050,0.446851,1.295298,0.468647,231.839996,10095.000000
3909.000000,416.968994,0.777100,0.433749,0.907593,0.784058,0.826022,0.447647,1.295176,0.469628,227.690002,10108.000000
3910.000000,428.067566,0.776245,0.432984,0.910034,0.782471,0.826405,0.446624,1.303320,0.468409,243.130005,9962.000000
3911.000000,413.543488,0.774780,0.431797,0.909912,0.781860,0.826686,0.445378,1.300082,0.467964,227.559998,9915.000000
3912.000000,398.981628,0.771362,0.433359,0.905029,0.778198,0.824783,0.446817,1.299472,0.471984,221.130005,9941.000000
3913.000000,410.088959,0.770386,0.433852,0.908325,0.776489,0.825187,0.446945,1.301972,0.478541,226.729996,9974.000000
3914.000000,418.013458,0.768311,0.434066,0.907959,0.775757,0.824918,0.447100,1.310626,0.485633,231.350006,10094.000000
3915.000000,415.072449,0.767578,0.434202,0.910400,0.773560,0.826889,0.447137,1.307033,0.487578,226.990005,9873.000000
3916.000000,414.304291,0.768066,0.435089,0.911621,0.774536,0.828824,0.448315,1.313160,0.493623,245.919998,9970.000000
3917.000000,429.874298,0.770630,0.438444,0.912598,0.778320,0.831422,0.452072,1.321459,0.506269,223.380005,9902.000000
3918.000000,413.780334,0.775391,0.442914,0.916382,0.782593,0.837122,0.456349,1.329122,0.518078,236.660004,10150.000000
3919.000000,414.751099,0.774658,0.443056,0.915771,0.781372,0.835535,0.456438,1.329308,0.522498,228.880005,10099.000000
3920.000000,417.905762,0.780029,0.446605,0.913696,0.787354,0.839107,0.460013,1.324830,0.520358,239.169998,9933.000000
3921.000000,389.799744,0.779175,0.446267,0.914062,0.786011,0.837266,0.459084,1.332925,0.511920,232.309998,10197.000000
3922.000000,425.467102,0.781738,0.450474,0.914429,0.789185,0.839089,0.463436,1.331675,0.515971,241.630005,10028.000000
3923.000000,441.936523,0.782715,0.450534,0.913818,0.789307,0.840092,0.463180,1.332005,0.509176,235.210007,10081.000000
3924.000000,402.969269,0.788696,0.454080,0.918579,0.795898,0.844832,0.466654,1.342367,0.511037,221.410004,9926.000000
3925.000000,438.154755,0.794678,0.456897,0.918579,0.801147,0.848260,0.469643,1.345785,0.508399,236.710007,9994.000000
3926.000000,438.903137,0.788696,0.451974,0.911499,0.796021,0.840836,0.464706,1.336336,0.498135,234.270004,9800.000000
3927.000000,420.258179,0.786865,0.450555,0.907593,0.793945,0.836659,0.463488,1.323040,0.491168,230.940002,9867.000000
3928.000000,426.698517,0.784790,0.450284,0.907837,0.793091,0.835002,0.463278,1.319581,0.494809,228.800003,10094.000000
3929.000000,430.844910,0.792114,0.456179,0.911865,0.799072,0.838995,0.469161,1.324892,0.495336,236.080002,10039.000000
3930.000000,419.479187,0.795410,0.458085,0.912476,0.802002,0.840760,0.470715,1.334844,0.499199,230.470001,10084.000000
3931.000000,424.371857,0.799683,0.457683,0.914551,0.807495,0.843293,0.470497,1.337198,0.496346,236.119995,9979.000000
3932.000000,429.087311,0.800537,0.457011,0.917480,0.808228,0.843330,0.470321,1.339023,0.501062,234.940002,9985.000000
3933.000000,425.981110,0.800171,0.457907,0.912720,0.807861,0.842132,0.471358,1.337067,0.495088,229.449997,9884.000000
3934.000000,414.659912,0.796997,0.454042,0.909668,0.804565,0.838311,0.467684,1.329374,0.483100,230.850006,9922.000000
3935.000000,429.651703,0.795410,0.451193,0.912354,0.802734,0.838184,0.464574,1.327311,0.474346,230.000000,9991.000000
3936.000000,419.085876,0.790894,0.448307,0.908203,0.798218,0.834019,0.461620,1.326119,0.470259,232.039993,10073.000000
3937.000000,414.071777,0.786743,0.445592,0.904297,0.793945,0.830981,0.458718,1.322660,0.463222,240.509995,9800.000000
3938.000000,440.020325,0.778198,0.442715,0.902222,0.784546,0.825630,0.455405,1.309828,0.459296,236.009995,10055.000000
3939.000000,441.737946,0.775757,0.440185,0.904297,0.781738,0.825320,0.452592,1.310796,0.459428,227.389999,9874.000000
3940.000000,441.160736,0.772217,0.439875,0.907349,0.779297,0.825174,0.452505,1.313573,0.466962,223.470001,9716.000000
3941.000000,426.636749,0.772705,0.440546,0.907349,0.779541,0.826390,0.453454,1.318048,0.474728,251.869995,9750.000000
3942.000000,419.399811,0.771240,0.439554,0.906738,0.777710,0.825573,0.452747,1.320025,0.476001,226.160004,9811.000000
3943.000000,414.716156,0.771729,0.440285,0.908325,0.777222,0.827129,0.453237,1.316964,0.481352,234.479996,9952.000000
3944.000000,439.505951,0.772461,0.440829,0.911621,0.779419,0.829498,0.454176,1.321860,0.483798,235.380005,9642.000000
3945.000000,409.857300,0.772095,0.439855,0.911865,0.778320,0.830811,0.452819,1.327994,0.484452,223.300003,9664.000000
3946.000000,436.144440,0.772339,0.440909,0.910034,0.778809,0.831353,0.453946,1.323158,0.483662,240.009995,9492.000000
3947.000000,432.276062,0.774658,0.442168,0.912476,0.782104,0.834579,0.455006,1.329036,0.492837,231.380005,9896.000000
3948.000000,419.278534,0.776245,0.443847,0.916382,0.783203,0.835513,0.457092,1.333064,0.493890,223.240005,9877.000000
3949.000000,425.487793,0.778809,0.443249,0.915161,0.785767,0.837667,0.456610,1.335303,0.488762,233.960007,9567.000000
3950.000000,432.589447,0.782959,0.445842,0.918457,0.789062,0.841518,0.458855,1.342517,0.495126,241.259995,9679.000000
3951.000000,446.741577,0.784302,0.445367,0.917603,0.790405,0.842256,0.458022,1.344071,0.495211,235.960007,9830.000000
3952.000000,402.933075,0.783203,0.442465,0.915894,0.788818,0.841191,0.455084,1.339689,0.482427,224.190002,9684.000000
3953.000000,410.745880,0.782959,0.442356,0.914185,0.789185,0.839559,0.455340,1.334499,0.480640,235.669998,10108.000000
3954.000000,402.838348,0.786255,0.445602,0.913696,0.791870,0.840285,0.458785,1.336595,0.482739,227.320007,9837.000000
3955.000000,414.167419,0.787354,0.445766,0.914307,0.794312,0.840471,0.459255,1.337886,0.489498,227.570007,9772.000000
3956.000000,426.884644,0.788574,0.447361,0.914795,0.794678,0.840052,0.461023,1.338038,0.497871,224.839996,10107.000000
3957.000000,407.438538,0.789917,0.449603,0.911133,0.796021,0.839131,0.463561,1.330975,0.493440,221.289993,9904.000000
3958.000000,425.492889,0.788818,0.448116,0.912354,0.794189,0.836935,0.462175,1.323423,0.487239,230.270004,9985.000000
3959.000000,435.750458,0.784668,0.445342,0.909912,0.790527,0.833545,0.459567,1.320003,0.486136,249.850006,10020.000000
3960.000000,431.872589,0.785645,0.446024,0.909424,0.792358,0.835518,0.460119,1.324726,0.485256,229.750000,9854.000000
3961.000000,411.442444,0.787720,0.445471,0.912842,0.794189,0.838238,0.459528,1.330011,0.483020,232.210007,9353.000000
3962.000000,422.851410,0.788574,0.443625,0.913208,0.795532,0.838959,0.457552,1.330580,0.476597,226.139999,9848.000000
3963.000000,413.808105,0.788086,0.444609,0.915649,0.794556,0.840250,0.457983,1.335509,0.476454,226.360001,9996.000000
3964.000000,382.516052,0.779297,0.439255,0.909546,0.785645,0.833410,0.452430,1.324316,0.470259,235.139999,9966.000000
3965.000000,416.961121,0.779785,0.439998,0.911255,0.786255,0.835337,0.453335,1.318506,0.474504,224.809998,9729.000000
3966.000000,429.285461,0.773193,0.438133,0.908203,0.779663,0.830502,0.451535,1.312324,0.477833,238.070007,9994.000000
3967.000000,404.900482,0.770508,0.438496,0.906982,0.776978,0.830045,0.451944,1.312567,0.482936,228.669998,9867.000000
3968.000000,410.190521,0.771362,0.439679,0.909424,0.779053,0.830698,0.453360,1.316324,0.486128,229.750000,10167.000000
3969.000000,437.558044,0.773438,0.443606,0.910400,0.780273,0.833608,0.457142,1.316939,0.492667,238.520004,10214.000000
3970.000000,411.392426,0.771362,0.442519,0.909790,0.777710,0.831483,0.456354,1.309974,0.489264,234.940002,10063.000000
3971.000000,430.224854,0.770752,0.442592,0.912231,0.776489,0.831754,0.456366,1.312432,0.492799,248.740005,9927.000000
3972.000000,418.011536,0.773926,0.444670,0.915527,0.780151,0.835497,0.458327,1.320571,0.493267,228.240005,10088.000000
3973.000000,429.115784,0.778442,0.447873,0.916992,0.785400,0.839232,0.461473,1.334594,0.505494,238.529999,9968.000000
3974.000000,429.992493,0.775757,0.446877,0.915649,0.781616,0.838391,0.460371,1.331079,0.504804,233.570007,10075.000000
3975.000000,410.635468,0.772217,0.444664,0.909912,0.778687,0.834688,0.458577,1.320360,0.505264,232.669998,9861.000000
3976.000000,438.637085,0.775635,0.447780,0.915771,0.782349,0.838528,0.461798,1.327826,0.507846,237.679993,9937.000000
3977.000000,396.002411,0.783569,0.451108,0.919800,0.789429,0.844535,0.465497,1.333006,0.508459,227.929993,10166.000000
3978.000000,426.493896,0.786255,0.450447,0.920898,0.793091,0.846483,0.465014,1.340973,0.505350,237.570007,9877.000000
3979.000000,419.284485,0.784546,0.449720,0.918823,0.791016,0.844938,0.464384,1.339833,0.502054,224.009995,9934.000000
3980.000000,417.005432,0.785889,0.450619,0.915283,0.792236,0.843228,0.465401,1.329740,0.501546,238.570007,10148.000000
3981.000000,428.986328,0.779541,0.448256,0.907227,0.786499,0.835814,0.463362,1.317091,0.495304,228.649994,9938.000000
3982.000000,435.243805,0.783936,0.449164,0.914185,0.792236,0.838463,0.464391,1.317901,0.494835,239.869995,10173.000000
3983.000000,411.808319,0.787842,0.453467,0.913086,0.793945,0.839200,0.468554,1.321898,0.493702,222.529999,9763.000000
3984.000000,445.991486,0.783325,0.450294,0.906372,0.790039,0.834470,0.465080,1.312826,0.485117,249.160004,9901.000000
3985.000000,425.712769,0.778076,0.447183,0.905151,0.785034,0.830066,0.462001,1.304063,0.481536,224.690002,10248.000000
3986.000000,413.934204,0.780273,0.448983,0.906372,0.788452,0.830767,0.463842,1.306564,0.485830,226.369995,9897.000000
3987.000000,437.313629,0.781860,0.447804,0.911865,0.789307,0.833511,0.462688,1.319643,0.482536,232.710007,10218.000000
3988.000000,433.851440,0.783081,0.448027,0.914673,0.789917,0.835685,0.462585,1.326016,0.483618,225.020004,10261.000000
3989.000000,437.657410,0.781128,0.445442,0.912598,0.789062,0.834909,0.459875,1.322640,0.481882,249.460007,9833.000000
3990.000000,424.920593,0.778076,0.445512,0.909546,0.785034,0.832843,0.459582,1.316096,0.483991,231.820007,9985.000000
3991.000000,423.822601,0.773071,0.444051,0.908081,0.780396,0.830099,0.458192,1.308553,0.489810,227.369995,10077.000000
3992.000000,405.951447,0.770386,0.442162,0.908203,0.777100,0.828719,0.456417,1.310885,0.494218,228.369995,9869.000000
3993.000000,437.057556,0.769287,0.443914,0.911011,0.776001,0.829621,0.458149,1.316163,0.499509,248.429993,9915.000000
3994.000000,419.554901,0.777344,0.450538,0.916626,0.784058,0.837901,0.464889,1.325365,0.512728,223.809998,9666.000000
3995.000000,422.129242,0.777588,0.453123,0.915527,0.784058,0.838605,0.467436,1.326650,0.523352,231.020004,10020.000000
3996.000000,453.869873,0.770874,0.451350,0.908936,0.778442,0.831887,0.465655,1.322088,0.524896,254.350006,9932.000000
3997.000000,408.552429,0.772461,0.455480,0.908569,0.779907,0.831567,0.470150,1.313207,0.522876,224.850006,10015.000000
3998.000000,415.026794,0.775513,0.456779,0.912598,0.783325,0.834851,0.471411,1.321919,0.525067,226.119995,9934.000000
3999.000000,422.998322,0.777100,0.459208,0.916870,0.784912,0.837628,0.473427,1.331889,0.519810,240.210007,10113.000000
4000.000000,402.129242,0.778076,0.462980,0.913940,0.785645,0.838800,0.476757,1.327968,0.514533,226.839996,9975.000000
4001.000000,441.572876,0.774658,0.463320,0.909790,0.782349,0.835479,0.477170,1.326429,0.512976,234.309998,9845.000000
4002.000000,444.841125,0.776245,0.464248,0.907715,0.784058,0.835054,0.478515,1.317710,0.507326,241.729996,10087.000000
4003.000000,413.300873,0.779663,0.464164,0.912964,0.788696,0.838040,0.478768,1.323622,0.511620,230.610001,9917.000000
4004.000000,430.054108,0.784912,0.466812,0.915283,0.794922,0.841273,0.481370,1.332814,0.513215,229.050003,9980.000000
4005.000000,435.563751,0.787354,0.465246,0.915039,0.798340,0.842768,0.480231,1.332275,0.507411,231.240005,10139.000000
4006.000000,425.327759,0.783936,0.462381,0.907593,0.793945,0.837574,0.477431,1.320483,0.497825,238.690002,10136.000000
4007.000000,435.743103,0.784546,0.462459,0.909790,0.794556,0.837936,0.477274,1.316762,0.491059,238.360001,10034.000000
4008.000000,409.118378,0.790039,0.464712,0.911987,0.800659,0.841564,0.479527,1.322107,0.494664,226.050003,9983.000000
4009.000000,432.936615,0.788574,0.463271,0.907959,0.799561,0.838493,0.478103,1.319973,0.493316,235.720001,10107.000000
4010.000000,429.055664,0.783936,0.459803,0.903931,0.794678,0.833658,0.474546,1.307754,0.480818,222.179993,9968.000000
4011.000000,429.620148,0.778320,0.457378,0.901855,0.789185,0.829960,0.472021,1.299328,0.477601,220.460007,10195.000000
4012.000000,422.871735,0.781250,0.456317,0.904541,0.792603,0.832913,0.471348,1.305221,0.477220,237.479996,10027.000000
4013.000000,417.254608,0.778809,0.453442,0.904785,0.789795,0.832584,0.468220,1.306381,0.474821,229.970001,9998.000000
4014.000000,437.170654,0.776245,0.450613,0.902222,0.787476,0.830313,0.465396,1.308502,0.470447,237.279999,10046.000000
4015.000000,425.348511,0.769897,0.445880,0.900635,0.781616,0.826491,0.460839,1.302093,0.463311,236.360001,9821.000000
4016.000000,417.619751,0.762939,0.440730,0.897949,0.775513,0.821961,0.455930,1.297086,0.468651,238.220001,10210.000000
4017.000000,403.358307,0.759888,0.440579,0.898071,0.773315,0.820515,0.456165,1.289974,0.475269,229.660004,10046.000000
4018.000000,429.006073,0.760254,0.442654,0.898682,0.772705,0.821418,0.457784,1.293160,0.479126,241.669998,9965.000000
4019.000000,440.842102,0.759888,0.442792,0.901733,0.772461,0.823181,0.457680,1.294346,0.481720,230.089996,10229.000000
4020.000000,424.458008,0.759644,0.442940,0.902954,0.772827,0.823303,0.457943,1.301795,0.492128,225.699997,10052.000000
4021.000000,388.765106,0.764893,0.447408,0.905518,0.776978,0.828095,0.462435,1.305327,0.500343,222.899994,10005.000000
4022.000000,422.900726,0.765015,0.446431,0.906128,0.777100,0.828733,0.461339,1.302871,0.500876,242.259995,10116.000000
4023.000000,434.884857,0.760254,0.444724,0.903442,0.771851,0.825608,0.459474,1.302924,0.497036,245.740005,9940.000000
4024.000000,412.682281,0.761475,0.447193,0.907593,0.772583,0.829115,0.461362,1.308148,0.497557,241.779999,10201.000000
4025.000000,432.020630,0.765747,0.451580,0.908691,0.776611,0.832505,0.465741,1.316526,0.505896,237.279999,10068.000000
4026.000000,441.846558,0.774658,0.454181,0.914795,0.785767,0.839254,0.468450,1.324669,0.506708,245.119995,10135.000000
4027.000000,408.770691,0.772949,0.453645,0.911255,0.783081,0.836877,0.467310,1.319242,0.494659,245.309998,10064.000000
4028.000000,412.093201,0.774414,0.453865,0.909058,0.784912,0.837626,0.467431,1.315989,0.489962,246.220001,9844.000000
4029.000000,432.163208,0.778442,0.455024,0.910034,0.788818,0.839737,0.468254,1.318137,0.486822,242.889999,10062.000000
4030.000000,427.746399,0.780029,0.453095,0.913086,0.790649,0.841686,0.466209,1.327990,0.491646,229.440002,10166.000000
4031.000000,454.243622,0.778320,0.453619,0.909546,0.788574,0.838973,0.466892,1.319927,0.490424,236.949997,9827.000000
4032.000000,433.618530,0.781738,0.454711,0.910400,0.792236,0.839333,0.468071,1.315882,0.485003,235.160004,9929.000000
4033.000000,402.203003,0.781372,0.454231,0.910767,0.791138,0.838952,0.467608,1.314567,0.484012,219.179993,9881.000000
4034.000000,432.613129,0.787598,0.458491,0.912354,0.797119,0.844103,0.471424,1.322727,0.492517,243.210007,10154.000000
4035.000000,435.312805,0.785767,0.455715,0.911499,0.795044,0.842785,0.468709,1.320582,0.486136,233.839996,10114.000000
4036.000000,432.569000,0.782227,0.453699,0.905273,0.791748,0.839453,0.466159,1.314996,0.479867,233.949997,9975.000000
4037.000000,429.407288,0.777710,0.449371,0.905029,0.787109,0.835593,0.461489,1.314054,0.481391,231.059998,10020.000000
4038.000000,424.153687,0.777344,0.450278,0.906982,0.786133,0.835494,0.462148,1.320046,0.485554,228.720001,9986.000000
4039.000000,412.889374,0.775513,0.450566,0.908447,0.785522,0.834763,0.462552,1.319150,0.482699,232.990005,9708.000000
4040.000000,415.158508,0.774658,0.451205,0.906982,0.783936,0.834914,0.463006,1.320328,0.486290,223.979996,10007.000000
4041.000000,433.874908,0.775879,0.454088,0.910034,0.785522,0.837402,0.465854,1.328020,0.487260,236.240005,10103.000000
4042.000000,431.654144,0.775757,0.455056,0.911621,0.784424,0.837959,0.467037,1.330752,0.488858,239.690002,9929.000000
4043.000000,431.360992,0.776855,0.455586,0.911987,0.785278,0.838870,0.467522,1.327437,0.493698,257.410004,10007.000000
4044.000000,415.941376,0.773071,0.454999,0.910522,0.781128,0.836235,0.466788,1.329847,0.492176,230.919998,9832.000000
4045.000000,425.385071,0.767700,0.453367,0.904297,0.777588,0.831103,0.465290,1.318492,0.488292,235.919998,9887.000000
4046.000000,405.759766,0.764771,0.450843,0.901367,0.773315,0.828347,0.462903,1.304358,0.479246,240.300003,9820.000000
4047.000000,427.675873,0.768677,0.452101,0.908081,0.777344,0.831417,0.464227,1.317083,0.490189,241.369995,9928.000000
4048.000000,400.431976,0.774780,0.457448,0.914795,0.782959,0.839388,0.469378,1.325784,0.498582,222.199997,10086.000000
4049.000000,424.778473,0.777222,0.460512,0.915771,0.786377,0.841836,0.472856,1.335720,0.509609,223.479996,9922.000000
4050.000000,432.406525,0.777344,0.461277,0.914062,0.786499,0.841683,0.473704,1.329551,0.511978,242.639999,9867.000000
4051.000000,406.845520,0.782593,0.464410,0.916260,0.792358,0.846336,0.477029,1.331464,0.516295,238.389999,9723.000000
4052.000000,444.687866,0.782227,0.464069,0.915771,0.789917,0.844614,0.476297,1.330507,0.510441,227.710007,9746.000000
4053.000000,405.722412,0.784912,0.465327,0.912598,0.792603,0.846626,0.477525,1.328407,0.502863,237.740005,10054.000000
4054.000000,436.438080,0.782104,0.462710,0.911743,0.790039,0.842592,0.475036,1.322310,0.508015,232.770004,10012.000000
4055.000000,421.866089,0.781616,0.460899,0.909790,0.789917,0.840387,0.473394,1.321625,0.511924,224.089996,9660.000000
4056.000000,425.563110,0.786621,0.465100,0.915161,0.794922,0.844567,0.477467,1.327184,0.514888,239.169998,9938.000000
4057.000000,442.113831,0.787964,0.466142,0.915405,0.795532,0.844928,0.478344,1.335004,0.516748,239.380005,9985.000000
4058.000000,419.789185,0.787109,0.464611,0.913696,0.794922,0.843791,0.477290,1.319999,0.510425,242.279999,9705.000000
4059.000000,420.204773,0.786743,0.464497,0.909546,0.795166,0.841332,0.477678,1.317451,0.510104,241.089996,9745.000000
4060.000000,452.818481,0.786133,0.465243,0.910889,0.794922,0.841576,0.478560,1.321687,0.505850,239.639999,9836.000000
4061.000000,432.920746,0.782227,0.461105,0.909302,0.791382,0.838687,0.474525,1.320231,0.506017,230.399994,9839.000000
4062.000000,432.410583,0.777222,0.458640,0.908081,0.786011,0.835390,0.471872,1.315780,0.501410,243.800003,9756.000000
4063.000000,414.445648,0.777222,0.459721,0.909058,0.786377,0.834694,0.473065,1.318937,0.500408,239.410004,9587.000000
4064.000000,449.062714,0.777710,0.460641,0.911377,0.787109,0.835644,0.474322,1.316640,0.504521,240.500000,9793.000000
4065.000000,414.643707,0.778809,0.463026,0.909668,0.787598,0.836910,0.476779,1.316497,0.499384,229.320007,9642.000000
4066.000000,433.098999,0.776123,0.461232,0.908813,0.785034,0.835357,0.474702,1.314841,0.498765,230.979996,9584.000000
4067.000000,445.862457,0.773315,0.460460,0.906738,0.783813,0.832717,0.474000,1.308734,0.497149,238.619995,9735.000000
4068.000000,430.108368,0.769653,0.459660,0.903198,0.779907,0.829696,0.473407,1.297684,0.502230,236.550003,9689.000000
4069.000000,431.541870,0.767944,0.459658,0.903564,0.778076,0.828418,0.473385,1.300481,0.507340,228.720001,9939.000000
4070.000000,422.736847,0.767700,0.460730,0.907837,0.775879,0.829417,0.474141,1.307058,0.506483,241.710007,9831.000000
4071.000000,397.809357,0.765381,0.459872,0.909180,0.774170,0.829852,0.473326,1.314302,0.508852,234.119995,9959.000000
4072.000000,441.849060,0.766113,0.461470,0.906982,0.775513,0.831050,0.474927,1.312128,0.507437,231.139999,10083.000000
4073.000000,451.022003,0.769531,0.464922,0.910645,0.778564,0.835045,0.478154,1.320221,0.518206,242.229996,10072.000000
4074.000000,422.215546,0.773071,0.464948,0.912598,0.782349,0.838043,0.478624,1.324414,0.517348,240.740005,10123.000000
4075.000000,442.104401,0.777344,0.465136,0.914429,0.786011,0.841073,0.478809,1.325784,0.520168,241.320007,9787.000000
4076.000000,441.225281,0.771362,0.461180,0.907471,0.781128,0.834202,0.474838,1.319294,0.516940,240.509995,9920.000000
4077.000000,451.489380,0.773071,0.464276,0.908081,0.782227,0.835436,0.477847,1.313612,0.518835,230.039993,10065.000000
4078.000000,383.857697,0.773804,0.465528,0.910156,0.781860,0.836365,0.478758,1.316259,0.527609,228.050003,10039.000000
4079.000000,435.011749,0.781250,0.469746,0.912842,0.790405,0.841772,0.483300,1.319177,0.534398,249.130005,9998.000000
4080.000000,434.091949,0.783203,0.470952,0.915527,0.792603,0.842206,0.484575,1.328407,0.533762,233.020004,10080.000000
4081.000000,447.766541,0.786499,0.473900,0.916138,0.796997,0.844594,0.487509,1.329710,0.534220,244.500000,10060.000000
4082.000000,403.959991,0.788208,0.474559,0.917603,0.796631,0.846041,0.487917,1.330885,0.535565,230.509995,9898.000000
4083.000000,438.468170,0.783203,0.471619,0.913330,0.791992,0.841903,0.484743,1.322932,0.528658,243.619995,10047.000000
4084.000000,423.616058,0.777466,0.469959,0.904785,0.786987,0.835361,0.482996,1.309946,0.522030,227.550003,10034.000000
4085.000000,412.374786,0.778931,0.470311,0.906006,0.788208,0.837508,0.483117,1.307399,0.510972,236.520004,9934.000000
4086.000000,455.769623,0.778931,0.469803,0.909912,0.787354,0.837752,0.482366,1.319417,0.508287,262.790009,10003.000000
4087.000000,444.368805,0.783447,0.473190,0.916138,0.792725,0.842530,0.486064,1.322217,0.513122,238.289993,9798.000000
4088.000000,424.554016,0.786987,0.474191,0.916260,0.797485,0.844256,0.487524,1.329944,0.521352,225.389999,9838.000000
4089.000000,428.734131,0.785156,0.473682,0.913574,0.794678,0.843087,0.486539,1.330255,0.519686,232.300003,9938.000000
4090.000000,427.403656,0.780151,0.470825,0.907837,0.788696,0.838143,0.483542,1.317975,0.513908,225.169998,9943.000000
4091.000000,444.176788,0.773926,0.467801,0.903320,0.784058,0.832639,0.480574,1.309083,0.512195,236.389999,9899.000000
4092.000000,412.939178,0.770508,0.467851,0.902344,0.779663,0.829884,0.480338,1.303831,0.512626,230.070007,9771.000000
4093.000000,421.337341,0.767456,0.466408,0.901367,0.777466,0.828540,0.479127,1.298788,0.507308,220.490005,9875.000000
4094.000000,426.468811,0.768188,0.467161,0.904785,0.778076,0.830971,0.479762,1.302437,0.506541,231.740005,10071.000000
4095.000000,423.855774,0.770020,0.469567,0.908081,0.781128,0.833516,0.482296,1.314135,0.520344,225.149994,9793.000000
4096.000000,440.791748,0.773926,0.472295,0.912720,0.783936,0.838312,0.484872,1.325035,0.525460,232.589996,9920.000000
4097.000000,441.681976,0.770264,0.470418,0.910400,0.780029,0.836419,0.482819,1.325368,0.520385,234.970001,9823.000000
4098.000000,437.148773,0.768799,0.471329,0.907837,0.777710,0.835166,0.483635,1.321389,0.521948,232.320007,10055.000000
4099.000000,434.720734,0.767822,0.469739,0.908081,0.777100,0.833214,0.482544,1.316297,0.521764,234.220001,10106.000000
4100.000000,439.134613,0.768066,0.468772,0.908203,0.778076,0.834410,0.481627,1.319714,0.518212,235.679993,10019.000000
4101.000000,427.686432,0.769409,0.469773,0.908325,0.779053,0.834657,0.482460,1.322815,0.523874,231.059998,10010.000000
4102.000000,408.465363,0.764404,0.467680,0.906494,0.774414,0.832234,0.480285,1.320662,0.524941,225.559998,10012.000000
4103.000000,461.234131,0.769287,0.472275,0.910156,0.779785,0.836205,0.485122,1.325368,0.526809,237.600006,9988.000000
4104.000000,463.620972,0.772949,0.474708,0.910889,0.782227,0.839340,0.487195,1.330177,0.533637,232.869995,9771.000000
4105.000000,436.080719,0.776489,0.473941,0.913574,0.786011,0.842577,0.486206,1.333787,0.526994,229.570007,9889.000000
4106.000000,435.296661,0.776245,0.470232,0.914185,0.786621,0.842460,0.482464,1.339990,0.530307,229.619995,9941.000000
4107.000000,448.014923,0.780762,0.471596,0.915527,0.790771,0.847298,0.483622,1.341446,0.526626,241.770004,9979.000000
4108.000000,458.636047,0.778687,0.469130,0.912598,0.789185,0.844582,0.481091,1.339430,0.525682,244.440002,9721.000000
4109.000000,411.620026,0.781738,0.469977,0.912842,0.790649,0.846180,0.481753,1.327699,0.523782,234.500000,10041.000000
4110.000000,397.409180,0.776611,0.464982,0.909668,0.786255,0.841688,0.476811,1.325738,0.518399,228.279999,10014.000000
4111.000000,438.443512,0.776489,0.466818,0.910889,0.785889,0.842849,0.478401,1.327010,0.511342,231.839996,10105.000000
4112.000000,421.863007,0.776978,0.467364,0.910522,0.785645,0.842238,0.478861,1.326365,0.511153,233.210007,9939.000000
4113.000000,441.089020,0.781616,0.469198,0.914551,0.790405,0.846315,0.481258,1.333557,0.509871,231.600006,10091.000000
4114.000000,421.448761,0.780762,0.469717,0.911499,0.789917,0.843698,0.481483,1.333475,0.507837,233.270004,9976.000000
4115.000000,408.657104,0.783813,0.470774,0.911865,0.792847,0.845811,0.482431,1.332206,0.508366,244.080002,10147.000000
4116.000000,449.634888,0.779175,0.468236,0.907959,0.787720,0.841240,0.479476,1.331274,0.505874,240.690002,10028.000000
4117.000000,424.485748,0.775513,0.465825,0.906372,0.783936,0.838516,0.476939,1.325563,0.498502,231.740005,10191.000000
4118.000000,424.400574,0.772949,0.463814,0.906006,0.781372,0.837578,0.474634,1.324099,0.496559,226.110001,10033.000000
4119.000000,432.296844,0.768677,0.460380,0.906006,0.776978,0.835141,0.471273,1.324306,0.492828,230.440002,10132.000000
4120.000000,441.807709,0.771973,0.460846,0.911377,0.780151,0.840003,0.471540,1.330321,0.498975,246.639999,10047.000000
4121.000000,430.773163,0.770020,0.460652,0.910889,0.778320,0.839094,0.471339,1.335005,0.503702,236.320007,10044.000000
4122.000000,425.656799,0.771851,0.464278,0.907349,0.779419,0.841131,0.474675,1.330249,0.503127,232.320007,10182.000000
4123.000000,433.852966,0.771851,0.462212,0.911255,0.781006,0.843246,0.472900,1.331783,0.507516,248.690002,10036.000000
4124.000000,407.797668,0.769287,0.462354,0.910767,0.778564,0.842349,0.472977,1.329813,0.516706,234.270004,10079.000000
4125.000000,438.982666,0.770508,0.465417,0.914062,0.778809,0.845088,0.475976,1.340241,0.523409,239.039993,10307.000000
4126.000000,416.425232,0.770264,0.466248,0.915161,0.777466,0.845743,0.476489,1.336505,0.527847,230.259995,10415.000000
4127.000000,439.164490,0.765503,0.463342,0.909668,0.772705,0.842040,0.473405,1.327361,0.520949,236.539993,10151.000000
4128.000000,409.646545,0.764038,0.464312,0.910645,0.771118,0.842604,0.474201,1.325400,0.523008,251.470001,10466.000000
4129.000000,451.941132,0.761597,0.463653,0.914062,0.769043,0.842265,0.473702,1.332419,0.529271,232.610001,10181.000000
4130.000000,433.411072,0.763306,0.467294,0.913940,0.770020,0.843974,0.477492,1.334795,0.535121,221.339996,10358.000000
4131.000000,434.273041,0.762817,0.467458,0.914917,0.770508,0.845468,0.477738,1.335034,0.531087,239.320007,9947.000000
4132.000000,445.647461,0.764526,0.468797,0.915894,0.772095,0.848353,0.478987,1.339860,0.528333,245.059998,9888.000000
4133.000000,432.359924,0.767212,0.469537,0.916626,0.773926,0.851156,0.479740,1.336989,0.516378,234.279999,10124.000000
4134.000000,444.699799,0.765137,0.467647,0.915649,0.772461,0.849422,0.477786,1.337927,0.516766,238.440002,10081.000000
4135.000000,446.369293,0.769043,0.471626,0.916016,0.775635,0.852297,0.481562,1.343623,0.527289,237.740005,10375.000000
4136.000000,422.187469,0.773682,0.472981,0.921143,0.780884,0.856258,0.482879,1.350997,0.526582,226.770004,10222.000000
4137.000000,431.414459,0.772461,0.470786,0.918457,0.778687,0.855667,0.480300,1.351689,0.521468,226.830002,10094.000000
4138.000000,411.913177,0.774414,0.472164,0.921265,0.780884,0.857255,0.481893,1.352841,0.525263,244.630005,10157.000000
4139.000000,420.055847,0.775635,0.472560,0.918701,0.781250,0.856734,0.482427,1.350955,0.527926,229.630005,10035.000000
4140.000000,433.732758,0.778198,0.474406,0.916992,0.783936,0.857271,0.483940,1.351015,0.524883,240.210007,10217.000000
4141.000000,449.018402,0.776733,0.473659,0.917358,0.781738,0.855311,0.483228,1.348834,0.522100,243.630005,10169.000000
4142.000000,440.556976,0.779175,0.476083,0.918701,0.784058,0.857274,0.485519,1.344021,0.528426,236.619995,10253.000000
4143.000000,433.760956,0.776978,0.476301,0.915649,0.783325,0.853979,0.485898,1.336703,0.529916,234.089996,10245.000000
4144.000000,438.909119,0.774780,0.473466,0.915649,0.780884,0.851987,0.483207,1.338694,0.533356,246.720001,10201.000000
4145.000000,445.280457,0.780029,0.477765,0.918457,0.786987,0.855721,0.487923,1.340339,0.540732,233.009995,9917.000000
4146.000000,429.725677,0.781372,0.480658,0.917725,0.787109,0.855448,0.490724,1.345364,0.546898,223.460007,10143.000000
4147.000000,464.359436,0.780518,0.482965,0.913696,0.786865,0.854747,0.493124,1.338890,0.541695,242.470001,9970.000000
4148.000000,446.228729,0.776855,0.479754,0.913086,0.782715,0.851405,0.489895,1.331782,0.524836,240.550003,10052.000000
4149.000000,419.938141,0.773926,0.479488,0.911011,0.780518,0.848646,0.489671,1.327026,0.523419,233.910004,10032.000000
4150.000000,433.277283,0.774658,0.480328,0.911987,0.780396,0.847949,0.490253,1.326232,0.520057,225.100006,10191.000000
4151.000000,437.087524,0.773315,0.479191,0.914185,0.778809,0.848479,0.489782,1.330004,0.521168,234.919998,10279.000000
4152.000000,436.780243,0.774658,0.480774,0.913940,0.780762,0.849096,0.491742,1.327696,0.526972,231.169998,10165.000000
4153.000000,439.101318,0.774048,0.480073,0.910889,0.781616,0.848282,0.491425,1.326553,0.529146,238.830002,10079.000000
4154.000000,455.098724,0.770020,0.479384,0.910645,0.777222,0.845621,0.490855,1.327281,0.531271,235.929993,10084.000000
4155.000000,446.666992,0.769165,0.478729,0.914551,0.776733,0.847072,0.490239,1.330932,0.528393,236.220001,10170.000000
4156.000000,450.889343,0.765625,0.475431,0.910400,0.772461,0.843860,0.487047,1.321132,0.514813,243.619995,10199.000000
4157.000000,437.545654,0.767334,0.474946,0.913940,0.775146,0.846262,0.487001,1.328430,0.519284,227.630005,10080.000000
4158.000000,464.293762,0.765991,0.473748,0.915771,0.772095,0.845772,0.485909,1.328067,0.523427,246.630005,10143.000000
4159.000000,454.429596,0.765747,0.473037,0.912842,0.772705,0.845070,0.485396,1.321770,0.528337,261.200012,9953.000000
4160.000000,434.645905,0.769165,0.475779,0.918213,0.776733,0.849124,0.488479,1.330425,0.531588,241.509995,10173.000000
4161.000000,463.668121,0.770752,0.477603,0.917236,0.777710,0.849903,0.490503,1.339669,0.536351,246.449997,10160.000000
4162.000000,441.595886,0.768311,0.475444,0.915405,0.775391,0.848477,0.488200,1.338461,0.539673,227.380005,10197.000000
4163.000000,432.932281,0.765381,0.473840,0.913208,0.772949,0.844984,0.486479,1.327297,0.536013,236.500000,10134.000000
4164.000000,437.068390,0.771240,0.476767,0.916138,0.777954,0.849032,0.489417,1.327374,0.531747,248.050003,10214.000000
4165.000000,421.831451,0.767700,0.473215,0.916626,0.775146,0.846620,0.485922,1.333003,0.527170,223.320007,10183.000000
4166.000000,466.557800,0.771606,0.475546,0.917236,0.779053,0.848852,0.488345,1.332169,0.530833,259.760010,10303.000000
4167.000000,434.646271,0.778198,0.477764,0.920288,0.785400,0.853121,0.490817,1.337811,0.534615,253.919998,10137.000000
4168.000000,447.128021,0.781616,0.480085,0.921753,0.787964,0.855545,0.492952,1.347981,0.537033,239.669998,10105.000000
4169.000000,429.800354,0.783203,0.480687,0.918579,0.789185,0.855313,0.493075,1.349551,0.535932,229.580002,10265.000000
4170.000000,444.396973,0.781982,0.479034,0.913696,0.787598,0.850798,0.491525,1.338847,0.528416,243.309998,10110.000000
4171.000000,427.200653,0.776978,0.479191,0.907837,0.783936,0.845420,0.491605,1.327011,0.531825,238.740005,10168.000000
4172.000000,440.514954,0.777344,0.480779,0.909790,0.784546,0.844291,0.493428,1.326243,0.529412,233.770004,10252.000000
4173.000000,461.614014,0.774780,0.480405,0.907593,0.782349,0.841355,0.492899,1.324127,0.522946,244.300003,10173.000000
4174.000000,438.744812,0.778198,0.480152,0.912354,0.784424,0.843042,0.492662,1.323381,0.510537,236.229996,10451.000000
4175.000000,436.955902,0.780884,0.479645,0.913696,0.787720,0.844075,0.492758,1.333197,0.512748,237.740005,10387.000000
4176.000000,449.841400,0.785034,0.482301,0.915161,0.792114,0.848135,0.495445,1.338902,0.520284,232.190002,10197.000000
4177.000000,441.191742,0.780762,0.480426,0.911987,0.786255,0.844670,0.492886,1.334882,0.514706,240.279999,10035.000000
4178.000000,464.584442,0.777100,0.478485,0.908813,0.783569,0.841735,0.490897,1.328834,0.514456,247.820007,9926.000000
4179.000000,456.993805,0.776245,0.478035,0.908691,0.782715,0.839875,0.490631,1.326605,0.517365,251.080002,10090.000000
4180.000000,441.446472,0.778442,0.480059,0.912598,0.784912,0.841945,0.492592,1.331846,0.522766,255.289993,10302.000000
4181.000000,433.625641,0.780640,0.482361,0.912231,0.787354,0.843516,0.494655,1.339597,0.533141,233.100006,10065.000000
4182.000000,456.005707,0.782959,0.484016,0.914185,0.790161,0.845083,0.496292,1.339227,0.528895,262.100006,10073.000000
4183.000000,434.048523,0.786377,0.487672,0.915161,0.792236,0.846626,0.499656,1.342627,0.528174,234.360001,10253.000000
4184.000000,471.674042,0.783325,0.487298,0.913696,0.788818,0.843923,0.499341,1.341375,0.529972,237.380005,10163.000000
4185.000000,463.685089,0.784546,0.486947,0.912476,0.790649,0.843696,0.499292,1.339163,0.529715,239.589996,10230.000000
4186.000000,444.120636,0.781738,0.486114,0.914551,0.788208,0.842513,0.498291,1.341397,0.528999,237.199997,10213.000000
4187.000000,445.589722,0.783081,0.488364,0.911987,0.788940,0.844704,0.500349,1.344270,0.535714,251.119995,10133.000000
4188.000000,489.595825,0.779907,0.486352,0.912109,0.786011,0.841829,0.498221,1.335348,0.530315,253.250000,10275.000000
4189.000000,452.826202,0.787964,0.491229,0.916260,0.793579,0.846979,0.503121,1.343498,0.535230,244.089996,10033.000000
4190.000000,457.587677,0.789185,0.489488,0.919800,0.795410,0.848094,0.501588,1.351582,0.535826,248.929993,10167.000000
4191.000000,430.826050,0.790527,0.490638,0.917114,0.796387,0.848694,0.502681,1.345144,0.536260,231.479996,10206.000000
4192.000000,465.689484,0.788940,0.490176,0.913940,0.795410,0.846522,0.502685,1.342905,0.541290,252.690002,10081.000000
4193.000000,471.285492,0.788330,0.490057,0.913940,0.795044,0.846143,0.502322,1.339233,0.538098,254.389999,9977.000000
4194.000000,447.128784,0.792725,0.492349,0.913086,0.799561,0.847833,0.504606,1.344940,0.538200,249.110001,10152.000000
4195.000000,454.913605,0.794434,0.494171,0.914185,0.800415,0.847901,0.506223,1.348610,0.533085,236.460007,10114.000000
4196.000000,454.537354,0.789062,0.488629,0.910522,0.795288,0.843356,0.500824,1.335750,0.520110,245.139999,10183.000000
4197.000000,460.862701,0.784180,0.485182,0.908813,0.790771,0.839869,0.497260,1.331950,0.515327,243.589996,10199.000000
4198.000000,432.049316,0.787964,0.488056,0.912598,0.794312,0.843016,0.500307,1.334417,0.518805,234.759995,10274.000000
4199.000000,446.781616,0.789429,0.486502,0.917969,0.795898,0.845761,0.498684,1.344486,0.518207,234.580002,10026.000000
4200.000000,442.939362,0.787231,0.485919,0.911499,0.794434,0.845316,0.497945,1.345950,0.520142,229.550003,10014.000000
4201.000000,457.088013,0.784912,0.482987,0.911865,0.792847,0.843829,0.495370,1.341724,0.521210,230.070007,10153.000000
4202.000000,445.448578,0.780640,0.479322,0.907104,0.788208,0.838300,0.491833,1.331185,0.524365,239.669998,10051.000000
4203.000000,437.965332,0.779541,0.481640,0.907227,0.787109,0.838883,0.493850,1.327003,0.521658,227.440002,10395.000000
4204.000000,448.303619,0.777100,0.479842,0.907227,0.784668,0.837320,0.492296,1.329798,0.515267,238.660004,10148.000000
4205.000000,446.112457,0.776489,0.476971,0.909912,0.784912,0.838028,0.489873,1.328991,0.513761,231.610001,10306.000000
4206.000000,428.363098,0.783203,0.483999,0.911133,0.791260,0.841977,0.496669,1.341939,0.528715,233.869995,10145.000000
4207.000000,423.364807,0.784668,0.485064,0.914429,0.791992,0.843998,0.497668,1.339355,0.527119,239.940002,10106.000000
4208.000000,443.534912,0.780884,0.484631,0.908569,0.787720,0.839730,0.497102,1.334446,0.528283,248.009995,9812.000000
4209.000000,450.786713,0.779907,0.485168,0.906128,0.787109,0.837810,0.497692,1.325940,0.530102,225.199997,10013.000000
4210.000000,436.940369,0.777100,0.485517,0.906616,0.784546,0.835717,0.498142,1.327380,0.533309,230.880005,10022.000000
4211.000000,438.670624,0.778320,0.487305,0.908813,0.785034,0.837717,0.499634,1.329381,0.536314,226.770004,10044.000000
4212.000000,441.725952,0.782349,0.489220,0.912964,0.790039,0.840591,0.501990,1.329758,0.537383,229.880005,10122.000000
4213.000000,428.513123,0.786743,0.492187,0.913574,0.794556,0.843914,0.505055,1.335827,0.543722,235.059998,10272.000000
4214.000000,430.754913,0.791016,0.492888,0.917358,0.799805,0.848788,0.505896,1.346028,0.550238,240.860001,10090.000000
4215.000000,425.245667,0.790283,0.494194,0.914307,0.798828,0.847354,0.507275,1.344506,0.551919,223.880005,10142.000000
4216.000000,438.505188,0.788452,0.493056,0.911743,0.796265,0.846037,0.506182,1.338048,0.546327,244.330002,10146.000000
4217.000000,442.403534,0.787109,0.492871,0.909668,0.795166,0.843493,0.506256,1.334099,0.545885,241.660004,10111.000000
4218.000000,447.229828,0.789062,0.493421,0.912476,0.796509,0.845592,0.506716,1.335707,0.539048,237.770004,9912.000000
4219.000000,411.178436,0.786743,0.491475,0.911987,0.795410,0.842896,0.504983,1.335837,0.535943,237.169998,9919.000000
4220.000000,409.418762,0.788574,0.493926,0.910034,0.795654,0.843147,0.506950,1.327514,0.534934,226.669998,10021.000000
4221.000000,458.285919,0.788940,0.494896,0.909424,0.795410,0.841989,0.507622,1.329543,0.539205,242.589996,10056.000000
4222.000000,454.254272,0.788696,0.493823,0.911743,0.795166,0.841472,0.506812,1.326269,0.536134,243.160004,10275.000000
4223.000000,422.251587,0.792847,0.495370,0.914917,0.799194,0.846028,0.508402,1.330546,0.539270,230.190002,10183.000000
4224.000000,437.762939,0.790527,0.493876,0.913086,0.796753,0.844224,0.506719,1.328526,0.538797,226.339996,10022.000000
4225.000000,425.644287,0.785645,0.490393,0.907227,0.792480,0.839501,0.503179,1.314640,0.531246,230.740005,10260.000000
4226.000000,422.754364,0.783691,0.490264,0.910034,0.790527,0.838172,0.503036,1.318124,0.530747,235.289993,10245.000000
4227.000000,431.249725,0.786621,0.492879,0.913086,0.793335,0.841060,0.505887,1.328568,0.533470,240.710007,10128.000000
4228.000000,443.801544,0.786865,0.493247,0.913452,0.793091,0.842328,0.506396,1.330118,0.533369,228.139999,10227.000000
4229.000000,459.752808,0.784424,0.490833,0.910889,0.791382,0.841100,0.503773,1.331687,0.536076,242.320007,10370.000000
4230.000000,439.133850,0.785400,0.491893,0.912231,0.792114,0.842235,0.504841,1.333636,0.540441,243.470001,10229.000000
4231.000000,434.424072,0.781982,0.489306,0.911865,0.789185,0.840076,0.502180,1.332669,0.533883,228.389999,10070.000000
4232.000000,430.382233,0.783813,0.490585,0.909546,0.791016,0.842000,0.503067,1.327201,0.531724,238.610001,10011.000000
4233.000000,442.878967,0.783447,0.489968,0.910767,0.790894,0.842350,0.502326,1.330963,0.531139,244.750000,10196.000000
4234.000000,442.253235,0.784668,0.490641,0.912476,0.793091,0.843162,0.502903,1.333719,0.531124,239.199997,10295.000000
4235.000000,456.887634,0.782593,0.489136,0.910034,0.789795,0.841100,0.501046,1.328025,0.515164,246.009995,10283.000000
4236.000000,443.043243,0.781006,0.486172,0.910278,0.787842,0.840358,0.498020,1.325772,0.496546,230.960007,10146.000000
4237.000000,456.808319,0.777832,0.481124,0.910034,0.784912,0.838551,0.492753,1.326919,0.489915,246.229996,10130.000000
4238.000000,425.393921,0.779663,0.480285,0.912354,0.786743,0.841525,0.491924,1.328278,0.498894,234.860001,9879.000000
4239.000000,428.813141,0.777344,0.476662,0.907593,0.784790,0.839090,0.488377,1.324685,0.501933,234.699997,10091.000000
4240.000000,451.342346,0.779785,0.477022,0.909058,0.787842,0.839486,0.489127,1.325983,0.514308,236.479996,10015.000000
4241.000000,439.936218,0.786987,0.480134,0.912476,0.795898,0.845390,0.492398,1.329812,0.526670,230.070007,10033.000000
4242.000000,453.133423,0.793213,0.482522,0.919556,0.801025,0.851277,0.494734,1.345378,0.535030,249.699997,10016.000000
4243.000000,424.157166,0.794067,0.483422,0.918335,0.801147,0.851072,0.495786,1.346344,0.540489,242.600006,10019.000000
4244.000000,435.930725,0.794556,0.483621,0.912598,0.801880,0.848706,0.496175,1.341757,0.536773,231.020004,10055.000000
4245.000000,448.857330,0.790771,0.480955,0.909546,0.798706,0.845266,0.493587,1.328333,0.528321,241.550003,10330.000000
4246.000000,426.668152,0.789185,0.478765,0.907593,0.796631,0.843151,0.491258,1.323360,0.523541,225.699997,10185.000000
4247.000000,413.145782,0.788086,0.476752,0.907715,0.796021,0.842762,0.489309,1.320163,0.519325,231.259995,10008.000000
4248.000000,442.894653,0.789185,0.478186,0.909302,0.797485,0.844210,0.490663,1.327551,0.521097,236.479996,10204.000000
4249.000000,428.421906,0.795044,0.481434,0.915649,0.802246,0.848036,0.493741,1.336035,0.519050,245.639999,10066.000000
4250.000000,432.678253,0.790771,0.478014,0.911011,0.797729,0.844224,0.490344,1.335105,0.512464,228.940002,10158.000000
4251.000000,432.083862,0.787598,0.473888,0.907471,0.794067,0.841860,0.486266,1.326995,0.501901,237.179993,10221.000000
4252.000000,404.145813,0.786621,0.473234,0.907959,0.794067,0.841102,0.486076,1.321479,0.501834,228.649994,10196.000000
4253.000000,433.187103,0.788086,0.474106,0.911255,0.795532,0.842458,0.486513,1.325689,0.504772,228.600006,10001.000000
4254.000000,433.488190,0.791626,0.474364,0.914795,0.798340,0.845333,0.486896,1.333113,0.508264,220.889999,10045.000000
4255.000000,420.039795,0.789917,0.472885,0.911255,0.796265,0.843351,0.485231,1.326244,0.505349,219.479996,10448.000000
4256.000000,435.754028,0.784546,0.469067,0.906250,0.791870,0.837439,0.481672,1.313927,0.502288,224.720001,10169.000000
4257.000000,444.438202,0.787231,0.472584,0.907837,0.794434,0.838590,0.485485,1.314060,0.513470,241.970001,10470.000000
4258.000000,424.680084,0.784302,0.469623,0.910522,0.791992,0.837538,0.482741,1.316930,0.514862,234.169998,10331.000000
4259.000000,426.519470,0.785522,0.470645,0.909180,0.794189,0.838931,0.483993,1.318411,0.513541,227.940002,10144.000000
4260.000000,423.131287,0.790527,0.473350,0.915039,0.797485,0.843380,0.486610,1.324690,0.511271,220.369995,10319.000000
4261.000000,425.707611,0.788208,0.469232,0.913452,0.795166,0.842638,0.482533,1.328046,0.498565,232.710007,10270.000000
4262.000000,432.708679,0.791626,0.468872,0.915039,0.798096,0.845470,0.482338,1.334572,0.496526,234.339996,10044.000000
4263.000000,428.141479,0.789429,0.467152,0.912598,0.796997,0.843925,0.480587,1.329147,0.501318,232.320007,10097.000000
4264.000000,409.105743,0.788208,0.465297,0.911011,0.794434,0.842511,0.478727,1.329493,0.511943,219.160004,10168.000000
4265.000000,420.168152,0.786255,0.463830,0.909058,0.793091,0.840929,0.477249,1.319496,0.509376,230.369995,10386.000000
4266.000000,450.642761,0.784668,0.464750,0.908813,0.791504,0.838268,0.478229,1.317505,0.517518,244.779999,10253.000000
4267.000000,437.853180,0.782959,0.465931,0.905884,0.790405,0.836691,0.479087,1.316330,0.519014,231.949997,10296.000000
4268.000000,406.000732,0.789062,0.470299,0.913086,0.796021,0.842347,0.483550,1.322056,0.520734,237.220001,10245.000000
4269.000000,446.437805,0.792725,0.474029,0.916138,0.799194,0.844394,0.487207,1.335526,0.534735,230.550003,10301.000000
4270.000000,429.866119,0.794556,0.475196,0.915894,0.801025,0.846015,0.488507,1.336053,0.528812,225.770004,10166.000000
4271.000000,431.639740,0.795044,0.475492,0.912598,0.802490,0.845462,0.489001,1.331705,0.527658,231.690002,10053.000000
4272.000000,440.477722,0.793213,0.472244,0.915283,0.800903,0.844380,0.485844,1.333683,0.521328,240.110001,10156.000000
4273.000000,428.254303,0.793457,0.471990,0.913818,0.800781,0.843122,0.485611,1.337994,0.517201,235.860001,10000.000000
4274.000000,427.922760,0.791748,0.470759,0.912964,0.797729,0.842163,0.484058,1.330790,0.510943,225.559998,10341.000000
4275.000000,409.678009,0.792603,0.470119,0.911133,0.798950,0.843141,0.483225,1.331122,0.502830,230.729996,10132.000000
4276.000000,421.204529,0.791260,0.468605,0.914062,0.798340,0.842404,0.481670,1.333520,0.496460,224.440002,9982.000000
4277.000000,403.851715,0.795166,0.469085,0.913208,0.802612,0.844989,0.482368,1.339077,0.496588,226.610001,10281.000000
4278.000000,417.247559,0.791992,0.467354,0.910278,0.799561,0.842625,0.480496,1.334721,0.504425,220.529999,10404.000000
4279.000000,441.023285,0.790527,0.467968,0.905640,0.797729,0.839905,0.481207,1.325224,0.506168,237.270004,10224.000000
4280.000000,437.881378,0.789795,0.465971,0.908081,0.798462,0.838574,0.479124,1.322774,0.499065,234.649994,10418.000000
4281.000000,436.974152,0.791260,0.463885,0.909424,0.799438,0.838505,0.477028,1.329658,0.498489,235.490005,10274.000000
4282.000000,425.639923,0.789307,0.463369,0.908325,0.797119,0.836606,0.476313,1.324048,0.496560,235.800003,10101.000000
4283.000000,411.235352,0.787842,0.463595,0.907227,0.795898,0.834373,0.476663,1.319752,0.503626,220.389999,10136.000000
4284.000000,445.392365,0.786865,0.463553,0.909668,0.795532,0.836381,0.476692,1.321508,0.505681,237.470001,10099.000000
4285.000000,420.181488,0.786255,0.463348,0.911743,0.794434,0.838389,0.476259,1.325781,0.502907,227.110001,10162.000000
4286.000000,443.299500,0.782959,0.459837,0.908325,0.791260,0.836133,0.472423,1.326618,0.494369,252.229996,10135.000000
4287.000000,423.393280,0.785034,0.456862,0.911865,0.792603,0.838442,0.469289,1.326917,0.485141,236.429993,10247.000000
4288.000000,413.222839,0.787231,0.458098,0.917725,0.794312,0.842998,0.470397,1.334371,0.489188,242.470001,10339.000000
4289.000000,400.582458,0.782959,0.456777,0.913086,0.790649,0.840776,0.468944,1.337270,0.486181,236.369995,10197.000000
4290.000000,409.541412,0.781738,0.456228,0.911011,0.788818,0.841084,0.468131,1.332476,0.488838,216.720001,10275.000000
4291.000000,420.110260,0.776611,0.453176,0.906860,0.784424,0.837108,0.465004,1.332878,0.493254,230.389999,10050.000000
4292.000000,406.447510,0.778931,0.455095,0.908203,0.786011,0.839205,0.466606,1.333918,0.501396,231.929993,10042.000000
4293.000000,412.462891,0.782593,0.456506,0.910156,0.789917,0.841706,0.468283,1.336748,0.505983,227.850006,10291.000000
4294.000000,416.550323,0.783569,0.459238,0.909790,0.791260,0.844046,0.470760,1.339309,0.509912,234.589996,10098.000000
4295.000000,446.719727,0.785645,0.459795,0.915527,0.792725,0.847566,0.471198,1.347268,0.505657,240.179993,10051.000000
4296.000000,426.038391,0.780640,0.459470,0.912231,0.789185,0.843591,0.471145,1.345144,0.503913,238.279999,10176.000000
4297.000000,423.311188,0.785400,0.462190,0.913452,0.793335,0.846911,0.473853,1.342301,0.502463,230.649994,10129.000000
4298.000000,448.503784,0.782715,0.461574,0.910522,0.790527,0.841801,0.473500,1.339371,0.504604,231.039993,10197.000000
4299.000000,419.257172,0.787842,0.463207,0.911133,0.795898,0.844024,0.475472,1.336884,0.502090,240.429993,9887.000000
4300.000000,431.804871,0.793457,0.465154,0.915039,0.802124,0.846830,0.477644,1.341007,0.500583,233.270004,10118.000000
4301.000000,421.925537,0.797241,0.466835,0.916260,0.805298,0.849154,0.479616,1.343285,0.500348,235.820007,10074.000000
4302.000000,427.548004,0.800903,0.468813,0.917114,0.807983,0.850196,0.481294,1.344442,0.505821,235.490005,10003.000000
4303.000000,408.169983,0.801392,0.469136,0.914795,0.808594,0.847933,0.481663,1.340062,0.505538,224.080002,10049.000000
4304.000000,449.273529,0.796387,0.465296,0.910034,0.804565,0.843104,0.477830,1.333334,0.500201,249.779999,10104.000000
4305.000000,419.376068,0.796997,0.464496,0.908203,0.804565,0.842558,0.476936,1.329972,0.495727,222.179993,10117.000000
4306.000000,425.243439,0.796265,0.464361,0.907227,0.804077,0.841438,0.476538,1.324521,0.492539,229.600006,10163.000000
4307.000000,426.313416,0.798706,0.464058,0.910278,0.806885,0.842549,0.476510,1.331770,0.491633,227.630005,9971.000000
4308.000000,454.812836,0.798706,0.464437,0.913818,0.805298,0.843670,0.476441,1.337363,0.493012,236.860001,10136.000000
4309.000000,401.444397,0.804443,0.469216,0.914673,0.812500,0.848295,0.480962,1.341593,0.499034,224.490005,9959.000000
4310.000000,448.654663,0.802124,0.468691,0.911743,0.809204,0.845924,0.480128,1.339792,0.505334,247.600006,9512.000000
4311.000000,442.003754,0.799194,0.467295,0.906250,0.806641,0.843328,0.478517,1.335380,0.498573,236.220001,8895.000000
4312.000000,434.608582,0.791870,0.462286,0.902832,0.798828,0.837341,0.473592,1.326443,0.488670,252.669998,9417.000000
4313.000000,413.187653,0.788696,0.461048,0.905273,0.795532,0.836954,0.471960,1.329209,0.482245,233.970001,10175.000000
4314.000000,427.689240,0.787964,0.460697,0.905762,0.795166,0.837419,0.471633,1.330143,0.479657,225.699997,10206.000000
4315.000000,431.628998,0.785889,0.459431,0.906738,0.792969,0.836762,0.470355,1.331567,0.481941,232.500000,9979.000000
4316.000000,435.915649,0.782959,0.460318,0.908325,0.790527,0.835303,0.471438,1.337286,0.493025,229.729996,9995.000000
4317.000000,405.363190,0.782715,0.460484,0.911621,0.788940,0.838096,0.471539,1.338274,0.499959,219.570007,9871.000000
4318.000000,434.154846,0.782837,0.460798,0.911987,0.789917,0.838376,0.471872,1.340667,0.500650,234.009995,9961.000000
4319.000000,431.303375,0.783691,0.462346,0.907471,0.791870,0.838759,0.473780,1.335551,0.502679,236.990005,10088.000000
4320.000000,428.600037,0.784302,0.462957,0.908325,0.792358,0.840271,0.474383,1.334996,0.505547,228.059998,9829.000000
4321.000000,456.285950,0.784180,0.463329,0.911255,0.791992,0.841387,0.474561,1.335887,0.505254,239.820007,10123.000000
4322.000000,420.438110,0.783325,0.463580,0.912964,0.790527,0.842168,0.474870,1.336617,0.511422,245.330002,10381.000000
4323.000000,417.486786,0.786865,0.466814,0.911255,0.794678,0.841234,0.478788,1.334674,0.518147,233.660004,10170.000000
4324.000000,443.720978,0.789062,0.467907,0.911743,0.796387,0.842413,0.479877,1.339351,0.520785,237.649994,10396.000000
4325.000000,410.188354,0.789307,0.469751,0.911255,0.797729,0.842157,0.481935,1.342166,0.527449,225.289993,10090.000000
4326.000000,429.629517,0.793823,0.474098,0.911011,0.801880,0.845355,0.486184,1.341021,0.528637,227.490005,10148.000000
4327.000000,438.971863,0.795532,0.474525,0.910278,0.802856,0.844933,0.486272,1.339946,0.530062,230.309998,10025.000000
4328.000000,457.387482,0.800537,0.477067,0.914673,0.808716,0.848275,0.488685,1.342995,0.529833,246.479996,10148.000000
4329.000000,416.406342,0.804199,0.478646,0.914551,0.812744,0.850317,0.490346,1.346063,0.528778,221.970001,10150.000000
4330.000000,421.694824,0.806396,0.478773,0.914551,0.814209,0.851316,0.490662,1.346799,0.525827,230.630005,10021.000000
4331.000000,422.149323,0.805664,0.479559,0.912720,0.812012,0.850013,0.491603,1.341613,0.527832,225.660004,10202.000000
4332.000000,418.239807,0.800171,0.477283,0.910278,0.807983,0.845613,0.489417,1.332154,0.519073,224.389999,10153.000000
4333.000000,421.392914,0.796021,0.474062,0.905029,0.803101,0.840371,0.486486,1.322253,0.507975,222.149994,9915.000000
4334.000000,435.646942,0.793579,0.470384,0.905273,0.800903,0.836923,0.483126,1.315683,0.502284,241.320007,9938.000000
4335.000000,416.976105,0.796265,0.472540,0.908936,0.803833,0.839680,0.485630,1.323562,0.502800,237.360001,9903.000000
4336.000000,440.640625,0.794922,0.472806,0.904907,0.802856,0.837089,0.486219,1.318844,0.506792,231.020004,9789.000000
4337.000000,434.990601,0.789551,0.468524,0.900879,0.797363,0.831262,0.481894,1.312618,0.504922,232.270004,10099.000000
4338.000000,428.232697,0.791016,0.470309,0.905396,0.798584,0.834466,0.483625,1.317173,0.504602,224.059998,10028.000000
4339.000000,405.969238,0.792114,0.471237,0.911499,0.799805,0.837836,0.484590,1.330467,0.519137,224.649994,10002.000000
4340.000000,441.256470,0.791992,0.471601,0.912231,0.799194,0.838989,0.485397,1.334475,0.520456,220.619995,10308.000000
4341.000000,444.110016,0.788818,0.469853,0.907837,0.796387,0.836757,0.484009,1.325597,0.525649,239.020004,9975.000000
4342.000000,445.559570,0.786865,0.469709,0.909668,0.794556,0.835691,0.483992,1.321757,0.523253,248.539993,10169.000000
4343.000000,425.546326,0.785034,0.471103,0.908447,0.792358,0.835315,0.484972,1.324512,0.519129,234.210007,10033.000000
4344.000000,450.524658,0.779907,0.465444,0.908813,0.786255,0.833277,0.478727,1.325247,0.505800,248.199997,10029.000000
4345.000000,410.638977,0.786011,0.469909,0.913086,0.792358,0.839392,0.482782,1.335632,0.513357,230.000000,10264.000000
4346.000000,424.323151,0.788940,0.472655,0.914429,0.795288,0.842083,0.485729,1.336333,0.515225,229.710007,10196.000000
4347.000000,423.202972,0.792114,0.473768,0.916260,0.798218,0.844648,0.486644,1.340850,0.517197,230.240005,10195.000000
4348.000000,429.243530,0.791870,0.471866,0.917603,0.798218,0.844171,0.484928,1.340321,0.517879,224.369995,10095.000000
4349.000000,401.238098,0.792725,0.473368,0.913208,0.799683,0.844022,0.486653,1.334756,0.517454,226.839996,10324.000000
4350.000000,411.037354,0.792603,0.473842,0.909546,0.799438,0.841272,0.487524,1.327120,0.514686,243.960007,10054.000000
4351.000000,428.687012,0.794067,0.473396,0.911499,0.801147,0.840169,0.487132,1.325635,0.509012,224.720001,10123.000000
4352.000000,423.115265,0.793579,0.472037,0.909790,0.799805,0.837820,0.485722,1.323874,0.506455,232.080002,10239.000000
4353.000000,460.110565,0.796021,0.471327,0.910889,0.803467,0.837834,0.485457,1.327202,0.502409,243.149994,10341.000000
4354.000000,429.482941,0.801758,0.471985,0.914795,0.808350,0.842245,0.486144,1.335464,0.503050,237.869995,10219.000000
4355.000000,441.603790,0.802612,0.472283,0.915649,0.809204,0.843661,0.486294,1.342350,0.507874,227.669998,9990.000000
4356.000000,415.064819,0.803345,0.474438,0.913208,0.810669,0.844184,0.488194,1.335585,0.507204,222.919998,10115.000000
4357.000000,427.152679,0.801758,0.472457,0.911743,0.808594,0.842511,0.486229,1.335027,0.502906,220.559998,10150.000000
4358.000000,427.372223,0.800171,0.471973,0.912598,0.806519,0.841413,0.485748,1.333834,0.499039,233.460007,10269.000000
4359.000000,412.313965,0.801514,0.471309,0.911011,0.808105,0.840256,0.485281,1.329629,0.500775,225.059998,10088.000000
4360.000000,420.605255,0.805542,0.474032,0.912598,0.812012,0.842778,0.488316,1.331927,0.507188,229.720001,10024.000000
4361.000000,423.144073,0.802368,0.471261,0.911133,0.808960,0.838755,0.485770,1.331218,0.507527,237.740005,10248.000000
4362.000000,415.330780,0.800781,0.472345,0.907227,0.806641,0.836753,0.486518,1.323414,0.497917,224.639999,10269.000000
4363.000000,417.323212,0.793457,0.465761,0.902832,0.799927,0.831105,0.479765,1.313024,0.490138,227.610001,9957.000000
4364.000000,439.523651,0.790894,0.466280,0.903931,0.797974,0.830765,0.480079,1.313358,0.489253,231.289993,9869.000000
4365.000000,425.942749,0.793213,0.467010,0.905518,0.800293,0.833410,0.481018,1.315482,0.485011,231.979996,10223.000000
4366.000000,451.574615,0.791870,0.464513,0.910156,0.799438,0.832821,0.478787,1.324857,0.484386,243.740005,10016.000000
4367.000000,418.851227,0.794312,0.464299,0.909180,0.801025,0.835744,0.478317,1.325616,0.479284,230.449997,10058.000000
4368.000000,431.164551,0.789917,0.461584,0.909180,0.796631,0.833317,0.475439,1.329805,0.482148,225.779999,10098.000000
4369.000000,410.172546,0.789917,0.461261,0.908936,0.796631,0.834534,0.474880,1.326400,0.480299,224.929993,10165.000000
4370.000000,416.890320,0.792114,0.460636,0.912842,0.797852,0.838541,0.473825,1.334795,0.491499,223.039993,10180.000000
4371.000000,412.563538,0.795410,0.461783,0.915161,0.802124,0.842022,0.474446,1.346393,0.495709,230.669998,10055.000000
4372.000000,434.023346,0.796631,0.462914,0.913452,0.803223,0.843622,0.475581,1.345578,0.497078,233.649994,9968.000000
4373.000000,442.998840,0.796997,0.461824,0.910156,0.803955,0.843131,0.474510,1.343200,0.500524,228.210007,10168.000000
4374.000000,399.173035,0.800049,0.462531,0.914429,0.806519,0.845615,0.475078,1.344009,0.494590,227.149994,9978.000000
4375.000000,454.280457,0.800171,0.460805,0.915039,0.806396,0.845445,0.473108,1.346345,0.484921,235.750000,9986.000000
4376.000000,405.915100,0.794800,0.458795,0.908569,0.801758,0.840281,0.471159,1.331351,0.483113,232.929993,10139.000000
4377.000000,410.628998,0.796387,0.459661,0.910767,0.803467,0.842227,0.471836,1.334003,0.488981,223.910004,9963.000000
4378.000000,408.931335,0.797974,0.460146,0.915161,0.805054,0.844624,0.472220,1.347770,0.493458,232.130005,9987.000000
4379.000000,400.796631,0.804321,0.463393,0.916016,0.810913,0.847214,0.475530,1.347513,0.495596,219.029999,9990.000000
4380.000000,417.740204,0.801025,0.459050,0.910034,0.807861,0.842930,0.471416,1.340266,0.490681,224.729996,10116.000000
4381.000000,406.881317,0.802734,0.459676,0.911011,0.811157,0.844228,0.472174,1.338080,0.489727,226.830002,9965.000000
4382.000000,438.813416,0.804932,0.463531,0.914062,0.812134,0.846438,0.476074,1.342638,0.499177,238.169998,10112.000000
4383.000000,431.321869,0.807251,0.465246,0.914429,0.813965,0.847606,0.478072,1.345985,0.502341,226.740005,9919.000000
4384.000000,430.483398,0.800171,0.463223,0.909668,0.807129,0.840957,0.475937,1.338830,0.499281,228.369995,10284.000000
4385.000000,418.740417,0.801514,0.463232,0.908813,0.808838,0.841851,0.476099,1.331648,0.489436,222.240005,10097.000000
4386.000000,409.772552,0.796997,0.459494,0.908569,0.803833,0.837908,0.472162,1.335025,0.486305,232.919998,10093.000000
4387.000000,411.550903,0.793579,0.460296,0.906250,0.800781,0.834908,0.472943,1.328200,0.486291,223.220001,9850.000000
4388.000000,427.135864,0.787720,0.457548,0.903931,0.796631,0.830943,0.470483,1.317984,0.486566,234.270004,10318.000000
4389.000000,390.998383,0.789307,0.460152,0.904785,0.797241,0.831292,0.473312,1.320100,0.489005,227.160004,9986.000000
4390.000000,411.217438,0.786987,0.460931,0.904297,0.794800,0.830823,0.474004,1.324037,0.491367,229.570007,10215.000000
4391.000000,411.738434,0.786133,0.461786,0.903564,0.794189,0.830971,0.474946,1.319529,0.495475,225.729996,10183.000000
4392.000000,412.167297,0.785522,0.464066,0.905151,0.794067,0.831246,0.477141,1.325466,0.501829,221.979996,10073.000000
4393.000000,433.388641,0.787842,0.465208,0.910034,0.796997,0.834710,0.478361,1.332003,0.505480,230.020004,9855.000000
4394.000000,443.518890,0.789185,0.465699,0.906372,0.798096,0.835272,0.478915,1.333010,0.506359,232.330002,9810.000000
4395.000000,425.874878,0.785400,0.462991,0.905396,0.794067,0.833586,0.476215,1.327925,0.497229,229.130005,10044.000000
4396.000000,401.835083,0.784546,0.463692,0.906982,0.794434,0.834257,0.477220,1.326717,0.501209,219.449997,9917.000000
4397.000000,433.477936,0.788086,0.464141,0.912109,0.796753,0.837972,0.477525,1.336176,0.505651,226.050003,10213.000000
4398.000000,414.006470,0.786865,0.463573,0.911011,0.795776,0.837643,0.476857,1.338185,0.510459,228.820007,10062.000000
4399.000000,437.653931,0.790283,0.464628,0.915771,0.797974,0.842105,0.477843,1.345351,0.512176,232.610001,9966.000000
4400.000000,424.280121,0.788330,0.463190,0.911377,0.796753,0.840074,0.476405,1.343067,0.501089,224.779999,9980.000000
4401.000000,427.656433,0.788330,0.463043,0.907959,0.797852,0.838566,0.476654,1.334634,0.498525,231.979996,9812.000000
4402.000000,430.361877,0.786865,0.463386,0.909424,0.795654,0.836783,0.476808,1.338617,0.502239,240.570007,10089.000000
4403.000000,416.665466,0.793945,0.470201,0.910767,0.802612,0.841663,0.483395,1.337721,0.504284,235.259995,9743.000000
4404.000000,436.965027,0.795776,0.470283,0.914917,0.804810,0.843900,0.483339,1.346851,0.506062,227.020004,10041.000000
4405.000000,414.618500,0.795776,0.471599,0.914185,0.803467,0.844642,0.484514,1.349939,0.504808,230.419998,10144.000000
4406.000000,426.031342,0.790405,0.465826,0.908691,0.798340,0.839278,0.478443,1.340610,0.491515,232.770004,9984.000000
4407.000000,408.275970,0.786255,0.463040,0.906494,0.796021,0.834788,0.475950,1.329583,0.488532,224.520004,9986.000000
4408.000000,422.039368,0.791748,0.466098,0.910034,0.800781,0.840569,0.478866,1.331885,0.490914,226.029999,9813.000000
4409.000000,406.393036,0.793457,0.466166,0.913208,0.801758,0.842453,0.478948,1.341535,0.495787,234.539993,9894.000000
4410.000000,431.793884,0.795166,0.465345,0.911987,0.803955,0.843044,0.478323,1.337536,0.493391,229.289993,10008.000000
4411.000000,391.585480,0.794922,0.463821,0.911987,0.803467,0.841809,0.477327,1.336503,0.492475,221.970001,9947.000000
4412.000000,399.643524,0.795776,0.463361,0.917725,0.803955,0.844448,0.476944,1.343908,0.489038,223.910004,10011.000000
4413.000000,453.342560,0.794922,0.461619,0.915039,0.803101,0.843198,0.475282,1.346258,0.489565,225.490005,9812.000000
4414.000000,434.085510,0.787720,0.458406,0.906738,0.796143,0.837660,0.471900,1.331294,0.487051,229.789993,9957.000000
4415.000000,430.922974,0.782349,0.454402,0.901978,0.790771,0.832154,0.467789,1.318894,0.476175,226.860001,9921.000000
4416.000000,430.441071,0.780518,0.455088,0.902100,0.788330,0.830642,0.468376,1.314938,0.478763,229.080002,10180.000000
4417.000000,423.550079,0.781128,0.454790,0.903687,0.789551,0.832422,0.468109,1.316876,0.479258,223.490005,10089.000000
4418.000000,434.426941,0.782715,0.455673,0.905640,0.791626,0.832967,0.469356,1.322803,0.488335,224.809998,10067.000000
4419.000000,421.695221,0.785522,0.457193,0.911377,0.794678,0.836399,0.471226,1.333059,0.497402,233.350006,10020.000000
4420.000000,427.467743,0.785278,0.458624,0.908203,0.794067,0.835071,0.472509,1.329566,0.504451,226.059998,10267.000000
4421.000000,429.562805,0.784546,0.458044,0.905029,0.793091,0.832651,0.472119,1.320598,0.497997,224.869995,10048.000000
4422.000000,414.301605,0.784058,0.457307,0.907227,0.793945,0.832605,0.471524,1.326940,0.493965,231.619995,10064.000000
4423.000000,419.343475,0.788940,0.461863,0.910400,0.798218,0.836774,0.476373,1.327063,0.498792,222.800003,10006.000000
4424.000000,428.205902,0.793579,0.463474,0.912720,0.801758,0.840443,0.478008,1.330955,0.504280,238.600006,9993.000000
4425.000000,432.887238,0.792480,0.460132,0.914673,0.800415,0.841809,0.474528,1.337918,0.498525,226.399994,9796.000000
4426.000000,425.925934,0.790771,0.457485,0.914917,0.798706,0.839694,0.472286,1.331765,0.492233,232.199997,9911.000000
4427.000000,419.557922,0.785522,0.450723,0.909424,0.793335,0.834344,0.465704,1.320676,0.480875,225.979996,10295.000000
4428.000000,436.147247,0.787109,0.449716,0.914062,0.796509,0.836237,0.465039,1.331412,0.479694,237.809998,10067.000000
4429.000000,418.427094,0.791260,0.454193,0.919189,0.798950,0.841678,0.469285,1.340200,0.481327,240.119995,9891.000000
4430.000000,436.611572,0.787109,0.451781,0.908203,0.795288,0.834842,0.467000,1.322716,0.473794,249.720001,10136.000000
4431.000000,433.231567,0.784180,0.448222,0.904541,0.793457,0.830315,0.463742,1.309621,0.469079,238.089996,9899.000000
4432.000000,431.045074,0.786011,0.446566,0.909302,0.794678,0.831285,0.462276,1.313669,0.468132,233.389999,9874.000000
4433.000000,396.975616,0.785156,0.446722,0.910278,0.793579,0.831215,0.462194,1.325725,0.482309,227.429993,10009.000000
4434.000000,410.573975,0.781616,0.448238,0.904785,0.789673,0.828270,0.463505,1.313687,0.487065,237.759995,9939.000000
4435.000000,427.276093,0.785034,0.451417,0.907471,0.792847,0.830648,0.466904,1.315376,0.492303,237.679993,10002.000000
4436.000000,398.078430,0.787354,0.453966,0.911621,0.797852,0.833763,0.469507,1.331283,0.495715,226.179993,10033.000000
4437.000000,425.640900,0.788208,0.455953,0.908691,0.795288,0.833685,0.470984,1.332178,0.493726,250.419998,10005.000000
4438.000000,429.384460,0.791870,0.458961,0.909790,0.799805,0.836339,0.474006,1.328734,0.490647,222.169998,10025.000000
4439.000000,401.672607,0.790649,0.455170,0.912231,0.798828,0.836388,0.470207,1.332439,0.488553,246.139999,10122.000000
4440.000000,405.748535,0.790649,0.457731,0.911377,0.797485,0.837529,0.471933,1.336936,0.497738,223.610001,9993.000000
4441.000000,439.896088,0.792358,0.458983,0.910889,0.799438,0.838344,0.473327,1.331006,0.497954,227.339996,10255.000000
4442.000000,402.414307,0.789185,0.456813,0.909668,0.797485,0.835884,0.471095,1.328157,0.498025,239.580002,10053.000000
4443.000000,410.285278,0.791870,0.458188,0.909546,0.800293,0.837385,0.472669,1.329136,0.499270,226.960007,9870.000000
4444.000000,416.539764,0.790283,0.456104,0.909912,0.799072,0.835504,0.470977,1.325548,0.496246,225.419998,9931.000000
4445.000000,406.491547,0.790405,0.458055,0.909058,0.797729,0.834661,0.472843,1.326467,0.498070,226.220001,10156.000000
4446.000000,422.992126,0.788574,0.456853,0.907837,0.797607,0.833914,0.471872,1.328488,0.498090,241.809998,9938.000000
4447.000000,420.639771,0.789429,0.456694,0.911377,0.797607,0.835178,0.471601,1.333669,0.494648,226.029999,10017.000000
4448.000000,405.204834,0.792725,0.458512,0.910767,0.800537,0.838302,0.473313,1.333558,0.487556,230.740005,10059.000000
4449.000000,415.986206,0.789917,0.457225,0.909180,0.797852,0.836520,0.472128,1.327383,0.485794,231.889999,10363.000000
4450.000000,410.932281,0.789307,0.457311,0.906982,0.796387,0.835752,0.471937,1.324459,0.485625,220.580002,10068.000000
4451.000000,440.431213,0.789429,0.455517,0.911499,0.797607,0.836562,0.470485,1.327747,0.485397,227.429993,10197.000000
4452.000000,443.027161,0.789185,0.453294,0.912109,0.797974,0.836975,0.468243,1.331573,0.485469,230.029999,9878.000000
4453.000000,430.920990,0.790161,0.454473,0.911865,0.797974,0.838972,0.469366,1.332106,0.483553,231.940002,10134.000000
4454.000000,419.736877,0.788086,0.452791,0.910522,0.797363,0.837592,0.467898,1.337859,0.493977,223.440002,10310.000000
4455.000000,425.250977,0.789917,0.454938,0.914062,0.799072,0.839503,0.470277,1.338235,0.497217,227.119995,10202.000000
4456.000000,419.250427,0.784668,0.451787,0.907349,0.792969,0.835316,0.466909,1.328712,0.489397,228.660004,10371.000000
4457.000000,432.311127,0.781006,0.449484,0.905273,0.789185,0.832747,0.464331,1.324040,0.478822,236.289993,10271.000000
4458.000000,393.735382,0.780884,0.449322,0.909790,0.789062,0.833233,0.464222,1.323421,0.482871,219.880005,10034.000000
4459.000000,423.219330,0.780762,0.449067,0.910767,0.789185,0.834294,0.464186,1.330769,0.491559,220.800003,10210.000000
4460.000000,408.775513,0.783569,0.448813,0.916626,0.792725,0.837809,0.464100,1.336546,0.495443,244.179993,10388.000000
4461.000000,432.359344,0.778442,0.445589,0.909546,0.787598,0.832248,0.461021,1.326041,0.493333,245.119995,10281.000000
4462.000000,415.004028,0.776978,0.445696,0.906738,0.786743,0.831167,0.461308,1.319057,0.490894,225.220001,10017.000000
4463.000000,411.752655,0.778442,0.445984,0.907837,0.789062,0.831294,0.462303,1.316221,0.493485,221.699997,10057.000000
4464.000000,422.080322,0.776245,0.445258,0.906006,0.787720,0.828630,0.461690,1.310900,0.497269,231.779999,10095.000000
4465.000000,421.513611,0.776733,0.447218,0.906982,0.784912,0.827740,0.463239,1.306740,0.498282,241.940002,10062.000000
4466.000000,422.005646,0.778320,0.450766,0.905518,0.787598,0.829161,0.466937,1.310247,0.507039,225.410004,9989.000000
4467.000000,409.342224,0.779053,0.452448,0.907104,0.788330,0.830163,0.468527,1.315324,0.509216,230.389999,10011.000000
4468.000000,418.523712,0.780396,0.453585,0.907349,0.790771,0.831017,0.470026,1.315522,0.508350,228.410004,10133.000000
4469.000000,427.509003,0.781494,0.454614,0.907349,0.791138,0.831509,0.470848,1.314272,0.507130,230.419998,9972.000000
4470.000000,407.945557,0.783081,0.454213,0.910156,0.792603,0.834090,0.470419,1.322314,0.504405,228.750000,10054.000000
4471.000000,424.568024,0.788574,0.457781,0.913940,0.797119,0.837419,0.474136,1.327559,0.514888,229.610001,9990.000000
4472.000000,415.623840,0.791626,0.459056,0.912964,0.800659,0.838506,0.475452,1.326708,0.513979,226.809998,9936.000000
4473.000000,402.237579,0.788086,0.457485,0.909180,0.796875,0.835399,0.473550,1.318741,0.511304,242.539993,9690.000000
4474.000000,435.817749,0.784302,0.455663,0.905884,0.794312,0.831435,0.471566,1.312510,0.504660,229.809998,9977.000000
4475.000000,426.279053,0.784424,0.457695,0.909180,0.794678,0.833195,0.473666,1.317010,0.506925,235.339996,9917.000000
4476.000000,432.630890,0.787109,0.459764,0.910400,0.796143,0.835932,0.475220,1.322715,0.508566,240.000000,9840.000000
4477.000000,401.786621,0.788818,0.462023,0.911255,0.797241,0.836254,0.476897,1.323686,0.517465,230.660004,10001.000000
4478.000000,430.075348,0.786499,0.460735,0.910400,0.794800,0.834046,0.475574,1.323791,0.519704,230.910004,10246.000000
4479.000000,406.232391,0.784180,0.456594,0.906738,0.794312,0.832525,0.471649,1.312693,0.508216,231.919998,10062.000000
4480.000000,413.132660,0.784180,0.457692,0.909302,0.793335,0.833470,0.472760,1.315753,0.512236,227.589996,10267.000000
4481.000000,416.020599,0.782227,0.458344,0.906616,0.790527,0.831201,0.473395,1.316207,0.512863,230.720001,9916.000000
4482.000000,407.874847,0.783936,0.460747,0.909180,0.792114,0.832801,0.475857,1.309130,0.511732,231.539993,10122.000000
4483.000000,431.710327,0.788330,0.464595,0.908936,0.797363,0.835409,0.479937,1.314082,0.514790,249.869995,9861.000000
4484.000000,427.962585,0.788086,0.465399,0.909912,0.797119,0.835225,0.480724,1.311668,0.511895,234.690002,10050.000000
4485.000000,425.432709,0.786499,0.464076,0.909058,0.794556,0.833865,0.479199,1.309603,0.517279,231.279999,9921.000000
4486.000000,448.014221,0.787598,0.464608,0.913452,0.795532,0.836321,0.479735,1.318206,0.524248,236.600006,9837.000000
4487.000000,433.741943,0.791016,0.468110,0.915527,0.799438,0.838522,0.483247,1.323834,0.528936,238.889999,9859.000000
4488.000000,442.685547,0.794434,0.468995,0.914307,0.803467,0.839321,0.484005,1.325884,0.527700,246.619995,9886.000000
4489.000000,409.178223,0.791870,0.466226,0.911255,0.799561,0.837090,0.481273,1.322568,0.519948,228.169998,9895.000000
4490.000000,407.266754,0.792847,0.466652,0.914795,0.799438,0.839032,0.481351,1.319483,0.520013,255.899994,9870.000000
4491.000000,414.755371,0.791382,0.464956,0.912476,0.798950,0.837311,0.479499,1.317057,0.512631,226.050003,9897.000000
4492.000000,433.530792,0.797241,0.469464,0.914673,0.804321,0.841387,0.484113,1.322314,0.512981,228.199997,9838.000000
4493.000000,453.671051,0.792236,0.465584,0.909424,0.799805,0.836236,0.480044,1.319792,0.503270,241.809998,9880.000000
4494.000000,431.725037,0.791626,0.464377,0.906006,0.800171,0.834476,0.479033,1.312227,0.495621,238.669998,9941.000000
4495.000000,425.098083,0.787842,0.459980,0.904175,0.796631,0.830620,0.474761,1.306780,0.494840,249.509995,9882.000000
4496.000000,433.328278,0.786865,0.458533,0.906250,0.794312,0.830090,0.473133,1.304053,0.493843,229.820007,9944.000000
4497.000000,442.280029,0.788818,0.460258,0.909058,0.796509,0.833774,0.474849,1.310210,0.500018,232.979996,9930.000000
4498.000000,438.040741,0.791626,0.461271,0.913086,0.799316,0.837149,0.475857,1.320851,0.506945,233.429993,10042.000000
4499.000000,431.931641,0.794556,0.462372,0.915161,0.802124,0.840463,0.476829,1.323626,0.506614,231.380005,9765.000000
4500.000000,440.805298,0.794312,0.461704,0.913208,0.802124,0.839390,0.476208,1.321457,0.510782,226.600006,9782.000000
4501.000000,434.004425,0.794556,0.464363,0.913696,0.802246,0.839064,0.478962,1.321167,0.521374,244.380005,9950.000000
4502.000000,415.360992,0.796753,0.466699,0.914917,0.803345,0.839949,0.481033,1.315762,0.512584,227.130005,9847.000000
4503.000000,413.828461,0.795044,0.466265,0.911377,0.801392,0.838256,0.480410,1.321163,0.516460,244.020004,10062.000000
4504.000000,432.541931,0.787109,0.463376,0.908813,0.793457,0.831540,0.477382,1.309761,0.508473,239.130005,10024.000000
4505.000000,405.777679,0.789917,0.465699,0.908081,0.796021,0.833031,0.479568,1.310964,0.503587,245.020004,9962.000000
4506.000000,420.712067,0.794434,0.467053,0.913696,0.801514,0.837041,0.480951,1.318418,0.508879,227.169998,10219.000000
4507.000000,430.116821,0.794189,0.466949,0.911743,0.801270,0.836611,0.480806,1.322451,0.510530,233.440002,10074.000000
4508.000000,428.213959,0.791870,0.465382,0.910034,0.797974,0.833249,0.479299,1.319497,0.509432,224.970001,9925.000000
4509.000000,412.622375,0.791748,0.466979,0.910889,0.798218,0.834072,0.480756,1.317601,0.511821,226.690002,9916.000000
4510.000000,418.350891,0.789551,0.468237,0.908203,0.797607,0.832994,0.482287,1.314140,0.514992,232.580002,9657.000000
4511.000000,429.957550,0.793579,0.469723,0.910400,0.800781,0.835854,0.483970,1.319156,0.512758,235.070007,9941.000000
4512.000000,428.443542,0.797363,0.472394,0.912231,0.804932,0.838187,0.486575,1.324771,0.517502,254.289993,10194.000000
4513.000000,414.879364,0.800903,0.476386,0.915039,0.807129,0.840952,0.490105,1.331248,0.525135,225.259995,10027.000000
4514.000000,425.152008,0.797729,0.475951,0.910522,0.805054,0.837327,0.490099,1.322991,0.514600,228.410004,10232.000000
4515.000000,424.056885,0.798340,0.475820,0.907227,0.804688,0.834982,0.490239,1.313494,0.508649,238.610001,9836.000000
4516.000000,429.016846,0.798340,0.475297,0.910889,0.806396,0.836121,0.490207,1.316277,0.512854,232.940002,10109.000000
4517.000000,410.596741,0.803711,0.478173,0.914185,0.811401,0.839774,0.493181,1.318165,0.519134,237.000000,9958.000000
4518.000000,414.584106,0.800415,0.477585,0.908813,0.807983,0.836260,0.492711,1.314343,0.512867,229.710007,9947.000000
4519.000000,434.800507,0.799805,0.477380,0.908569,0.806885,0.835898,0.492358,1.311882,0.505573,234.830002,10149.000000
4520.000000,429.674957,0.798828,0.475137,0.910522,0.805786,0.835382,0.490227,1.315060,0.505572,239.339996,10089.000000
4521.000000,423.185913,0.801636,0.475750,0.913330,0.808716,0.837608,0.491095,1.322806,0.512233,224.289993,10128.000000
4522.000000,430.752228,0.800293,0.473223,0.913940,0.807983,0.837481,0.488764,1.322878,0.512892,222.740005,10127.000000
4523.000000,423.674286,0.795532,0.469241,0.909790,0.803345,0.834680,0.484322,1.319940,0.510029,233.460007,10174.000000
4524.000000,444.510956,0.796631,0.471094,0.912720,0.803589,0.835892,0.486177,1.324274,0.510965,240.770004,10239.000000
4525.000000,393.887268,0.794800,0.469355,0.908447,0.802612,0.834603,0.484295,1.319700,0.510234,219.399994,10063.000000
4526.000000,412.261200,0.799927,0.473180,0.912720,0.806396,0.838616,0.487962,1.323068,0.512244,226.479996,10211.000000
4527.000000,419.560638,0.795776,0.471051,0.911255,0.802246,0.835397,0.485534,1.319907,0.512029,224.669998,10044.000000
4528.000000,433.821014,0.796509,0.473213,0.913208,0.802246,0.836988,0.487745,1.325920,0.512101,233.800003,10241.000000
4529.000000,440.948303,0.795044,0.472690,0.913940,0.801514,0.835571,0.487110,1.329202,0.507144,234.179993,9996.000000
4530.000000,432.939178,0.798218,0.475920,0.913208,0.804321,0.838090,0.490458,1.329208,0.507523,232.460007,10016.000000
4531.000000,426.967255,0.793457,0.471399,0.911743,0.799927,0.835230,0.485391,1.331214,0.503892,242.720001,9875.000000
4532.000000,438.985596,0.794556,0.470396,0.912842,0.800049,0.837112,0.483897,1.331050,0.499364,235.130005,10079.000000
4533.000000,400.187927,0.791870,0.467303,0.910889,0.797363,0.834261,0.480721,1.326047,0.493867,219.029999,9948.000000
4534.000000,427.635803,0.792480,0.468761,0.911011,0.797974,0.835040,0.482061,1.325839,0.500474,224.119995,10027.000000
4535.000000,451.191101,0.795166,0.468727,0.914917,0.801514,0.837345,0.482315,1.330885,0.506161,245.449997,9906.000000
4536.000000,417.801025,0.799072,0.472027,0.915649,0.805176,0.840157,0.485909,1.338322,0.513764,232.399994,10274.000000
4537.000000,432.438110,0.800537,0.471884,0.912598,0.806274,0.839731,0.485939,1.339831,0.515135,233.660004,10091.000000
4538.000000,420.549713,0.797119,0.471800,0.908081,0.802979,0.836149,0.485648,1.329558,0.512126,224.470001,10083.000000
4539.000000,397.229584,0.799561,0.472372,0.909912,0.806519,0.837630,0.486320,1.329579,0.512674,232.270004,9886.000000
4540.000000,428.068176,0.801270,0.475868,0.910645,0.807861,0.838705,0.489601,1.335670,0.520770,230.710007,9854.000000
4541.000000,434.090637,0.799805,0.472243,0.911743,0.806274,0.837619,0.486039,1.335435,0.515333,236.179993,10082.000000
4542.000000,419.621063,0.799805,0.472107,0.908325,0.806641,0.837092,0.485803,1.334382,0.517903,219.169998,9949.000000
4543.000000,429.248718,0.804932,0.475839,0.910522,0.811401,0.840163,0.489325,1.338376,0.515664,226.100006,10189.000000
4544.000000,407.432892,0.800537,0.471765,0.907959,0.807495,0.837481,0.485092,1.331706,0.513267,230.649994,10096.000000
4545.000000,420.749481,0.800415,0.472114,0.908691,0.808228,0.837751,0.485439,1.331041,0.515711,232.369995,9881.000000
4546.000000,433.122467,0.802979,0.474734,0.915649,0.809204,0.842567,0.487958,1.342648,0.520808,254.440002,10040.000000
4547.000000,424.122650,0.802979,0.475226,0.914185,0.809814,0.844316,0.488854,1.345651,0.523538,232.350006,10136.000000
4548.000000,408.583282,0.800537,0.471961,0.910645,0.807007,0.841308,0.485788,1.341287,0.519848,225.610001,9954.000000
4549.000000,423.849304,0.799683,0.469614,0.911255,0.806030,0.840859,0.483084,1.340354,0.512374,238.570007,9863.000000
4550.000000,427.954712,0.798462,0.469807,0.910400,0.805054,0.839245,0.483235,1.341609,0.509820,239.830002,9796.000000
4551.000000,420.038696,0.798462,0.468027,0.909668,0.804688,0.838691,0.481180,1.339409,0.504316,218.860001,10101.000000
4552.000000,419.520264,0.798218,0.467896,0.911377,0.805054,0.839591,0.481261,1.335997,0.504874,234.759995,10007.000000
4553.000000,419.261749,0.798950,0.469455,0.911377,0.805420,0.840503,0.482891,1.338076,0.509927,219.809998,10009.000000
4554.000000,425.380859,0.795776,0.466933,0.911255,0.802612,0.839192,0.480470,1.329870,0.515196,230.309998,10040.000000
4555.000000,423.385620,0.792847,0.466417,0.910767,0.799072,0.838089,0.479804,1.330847,0.517588,230.289993,10130.000000
4556.000000,429.637970,0.789673,0.463982,0.909424,0.796509,0.835743,0.477464,1.328047,0.512954,222.490005,10080.000000
4557.000000,415.983215,0.791626,0.466188,0.910645,0.799072,0.838780,0.479533,1.333911,0.512745,226.720001,10130.000000
4558.000000,430.895081,0.791260,0.463317,0.912720,0.796997,0.838428,0.476565,1.337327,0.504078,236.479996,9956.000000
4559.000000,418.394501,0.791138,0.461874,0.912598,0.798340,0.840397,0.474888,1.340217,0.504322,229.220001,10003.000000
4560.000000,434.026367,0.788696,0.461509,0.911255,0.795654,0.839514,0.474660,1.341535,0.508135,230.860001,10089.000000
4561.000000,422.114502,0.791626,0.464407,0.913940,0.797485,0.842297,0.477402,1.343518,0.509389,222.210007,9933.000000
4562.000000,418.103241,0.792236,0.463731,0.913086,0.797974,0.841313,0.476925,1.339433,0.504956,239.809998,9917.000000
4563.000000,419.043640,0.789917,0.463523,0.912109,0.796509,0.839416,0.476648,1.337713,0.510130,221.289993,10040.000000
4564.000000,428.975739,0.792480,0.466123,0.912476,0.798340,0.840669,0.479276,1.338880,0.513750,232.270004,9851.000000
4565.000000,441.194580,0.795410,0.466735,0.910645,0.801880,0.840841,0.479868,1.338202,0.514243,228.949997,10030.000000
4566.000000,414.818451,0.796631,0.466081,0.911743,0.802124,0.840845,0.479017,1.341765,0.513166,234.460007,10038.000000
4567.000000,428.889709,0.797363,0.466729,0.914185,0.802124,0.842429,0.479370,1.343689,0.512460,223.630005,10047.000000
4568.000000,419.919800,0.798828,0.466969,0.914795,0.803833,0.843846,0.479814,1.343100,0.516216,224.199997,9778.000000
4569.000000,418.855774,0.796753,0.467267,0.912476,0.801880,0.842320,0.479987,1.342054,0.519971,230.100006,10037.000000
4570.000000,429.679230,0.792603,0.464278,0.906738,0.798584,0.838072,0.476990,1.332429,0.513209,234.990005,10107.000000
4571.000000,414.825806,0.793091,0.463901,0.908325,0.799438,0.838693,0.476649,1.332954,0.510517,227.630005,10158.000000
4572.000000,432.724304,0.793823,0.465007,0.909668,0.800171,0.839452,0.477451,1.337413,0.511555,227.250000,9957.000000
4573.000000,427.901917,0.797607,0.466035,0.914673,0.802612,0.843672,0.478255,1.343798,0.514103,233.699997,10236.000000
4574.000000,430.162781,0.799561,0.469092,0.916992,0.804321,0.846340,0.480976,1.352600,0.520622,225.070007,10102.000000
4575.000000,415.245667,0.802612,0.472118,0.918335,0.807617,0.848751,0.483933,1.356482,0.526789,221.770004,10087.000000
4576.000000,437.109467,0.800049,0.470179,0.914062,0.805664,0.846861,0.481634,1.347728,0.522466,231.250000,10240.000000
4577.000000,430.359039,0.796875,0.469984,0.909912,0.801147,0.843822,0.481511,1.340214,0.521148,228.759995,10285.000000
4578.000000,429.846832,0.797119,0.471751,0.912842,0.801636,0.843392,0.483326,1.340899,0.520009,228.820007,10100.000000
4579.000000,432.646545,0.800781,0.470535,0.920288,0.805664,0.848491,0.482315,1.354797,0.515707,234.130005,10253.000000
4580.000000,427.281708,0.802612,0.472597,0.921021,0.807129,0.851327,0.483891,1.359641,0.514988,237.479996,10257.000000
4581.000000,431.216827,0.798218,0.469989,0.917725,0.802368,0.847785,0.481372,1.353094,0.513348,231.089996,10001.000000
4582.000000,434.801880,0.791626,0.466248,0.909912,0.796631,0.841709,0.477635,1.340450,0.506795,234.169998,10046.000000
4583.000000,415.345093,0.792725,0.466036,0.912842,0.797119,0.842788,0.477281,1.341553,0.498033,244.169998,10029.000000
4584.000000,439.666870,0.792114,0.466376,0.912231,0.796997,0.841355,0.477872,1.342383,0.497416,239.320007,9941.000000
4585.000000,421.105804,0.792114,0.464965,0.911377,0.797119,0.842194,0.476457,1.337523,0.495007,218.710007,9937.000000
4586.000000,432.956726,0.793945,0.463562,0.917725,0.799683,0.845688,0.475267,1.338388,0.495989,231.470001,10183.000000
4587.000000,427.419434,0.795898,0.463120,0.917114,0.801758,0.847807,0.474876,1.350313,0.501427,224.699997,10181.000000
4588.000000,436.476135,0.794800,0.463890,0.913452,0.800293,0.844245,0.476066,1.344105,0.504470,241.550003,10009.000000
4589.000000,424.845184,0.792114,0.459859,0.910767,0.797363,0.841778,0.472024,1.332485,0.495957,233.460007,10099.000000
4590.000000,402.110687,0.789795,0.458651,0.909424,0.795776,0.839459,0.470978,1.334499,0.494172,233.550003,9932.000000
4591.000000,410.111542,0.787354,0.460392,0.908325,0.792114,0.838567,0.472207,1.338551,0.497638,227.250000,10098.000000
4592.000000,417.142883,0.786865,0.460283,0.908081,0.792603,0.837490,0.472047,1.334008,0.493890,240.259995,10027.000000
4593.000000,436.436462,0.788452,0.462665,0.907837,0.794556,0.839590,0.474263,1.337193,0.501208,225.830002,9921.000000
4594.000000,430.870026,0.793945,0.463837,0.914062,0.800537,0.845354,0.475516,1.344805,0.504136,235.089996,10132.000000
4595.000000,429.740112,0.792236,0.462313,0.913696,0.798706,0.844575,0.474205,1.355001,0.510477,226.750000,9979.000000
4596.000000,428.857727,0.793335,0.461479,0.912598,0.798950,0.843867,0.473646,1.343322,0.504583,229.610001,10045.000000
4597.000000,424.689392,0.788330,0.457368,0.905273,0.795532,0.838571,0.469725,1.330155,0.495621,232.710007,10193.000000
4598.000000,451.830536,0.786743,0.456194,0.906494,0.793335,0.837171,0.468709,1.333217,0.495451,230.300003,10104.000000
4599.000000,408.539764,0.791992,0.461519,0.911865,0.798462,0.842424,0.473894,1.341633,0.501386,232.440002,9967.000000
4600.000000,413.328735,0.793457,0.461909,0.914551,0.800293,0.844233,0.474664,1.345987,0.510127,222.710007,9898.000000
4601.000000,418.892273,0.792603,0.463487,0.911133,0.799316,0.842013,0.476402,1.341864,0.516158,228.940002,10011.000000
4602.000000,433.951324,0.792847,0.463199,0.908447,0.800171,0.840776,0.476454,1.333369,0.520519,224.960007,9939.000000
4603.000000,410.456268,0.790771,0.460360,0.911499,0.796875,0.837983,0.473489,1.332300,0.512302,224.460007,9765.000000
4604.000000,426.795166,0.791138,0.460831,0.912231,0.796875,0.839379,0.473762,1.335933,0.504017,231.360001,10034.000000
4605.000000,421.658936,0.791504,0.462228,0.912109,0.798584,0.840269,0.475050,1.341374,0.503621,227.369995,9856.000000
4606.000000,421.503296,0.796265,0.464454,0.915161,0.803711,0.844741,0.477136,1.346578,0.509292,230.289993,10035.000000
4607.000000,409.704956,0.799683,0.467295,0.916382,0.806152,0.847712,0.479961,1.349981,0.512552,247.169998,9929.000000
4608.000000,443.816406,0.795288,0.464913,0.915039,0.802002,0.843968,0.477626,1.349360,0.505637,235.740005,9923.000000
4609.000000,413.606659,0.793579,0.463830,0.913696,0.800781,0.841956,0.476532,1.345442,0.501340,226.380005,9981.000000
4610.000000,402.315735,0.790283,0.462556,0.909546,0.796265,0.839495,0.474920,1.337062,0.491883,222.110001,10073.000000
4611.000000,428.564362,0.788574,0.463813,0.905518,0.794922,0.837930,0.475831,1.330727,0.487347,236.500000,9959.000000
4612.000000,387.913666,0.790283,0.461189,0.912598,0.796021,0.840112,0.473251,1.333715,0.485524,234.440002,9892.000000
4613.000000,415.687195,0.794678,0.463164,0.914307,0.800415,0.843368,0.475139,1.346800,0.493473,231.929993,9904.000000
4614.000000,424.570251,0.797729,0.463752,0.917725,0.802979,0.848227,0.475417,1.352231,0.493383,238.570007,10056.000000
4615.000000,436.555481,0.801147,0.464882,0.918213,0.807373,0.849329,0.476756,1.354243,0.493989,229.839996,10035.000000
4616.000000,432.418854,0.799561,0.464204,0.913940,0.805298,0.846686,0.475687,1.350014,0.491522,236.860001,9756.000000
4617.000000,426.845795,0.796875,0.462668,0.909302,0.802612,0.842233,0.473965,1.340003,0.489410,224.800003,10047.000000
4618.000000,440.542816,0.795288,0.460997,0.910156,0.801392,0.841254,0.472434,1.342411,0.493938,240.270004,10114.000000
4619.000000,443.546295,0.787964,0.459273,0.907593,0.794067,0.836004,0.470698,1.338186,0.497084,234.460007,10087.000000
4620.000000,421.284454,0.787354,0.459713,0.906616,0.793457,0.835311,0.471181,1.329123,0.498715,223.710007,10208.000000
4621.000000,435.968201,0.790161,0.463512,0.910034,0.795654,0.838874,0.474841,1.339534,0.510597,238.330002,10073.000000
4622.000000,434.974609,0.795410,0.468622,0.913696,0.802124,0.842986,0.480425,1.343940,0.517656,232.320007,9998.000000
4623.000000,434.686737,0.797607,0.469156,0.914307,0.803589,0.843791,0.480727,1.346642,0.517732,234.139999,9802.000000
4624.000000,422.436890,0.798828,0.474630,0.913208,0.805420,0.845550,0.486209,1.351322,0.524923,224.490005,10048.000000
4625.000000,415.012329,0.797729,0.474432,0.913940,0.804077,0.845577,0.486308,1.350476,0.525687,232.100006,9862.000000
4626.000000,443.453583,0.794678,0.475177,0.911133,0.800415,0.842196,0.487476,1.347551,0.525564,239.470001,10109.000000
4627.000000,404.445343,0.800781,0.478413,0.914429,0.806763,0.846138,0.490923,1.348280,0.526817,223.770004,9932.000000
4628.000000,425.252136,0.797119,0.476016,0.910645,0.804077,0.841633,0.488895,1.345825,0.522686,234.729996,9972.000000
4629.000000,425.674805,0.795532,0.474089,0.909302,0.802002,0.839942,0.487177,1.338211,0.509268,232.649994,9985.000000
4630.000000,395.265930,0.794312,0.473377,0.910278,0.800537,0.838742,0.486488,1.339416,0.509363,231.080002,9948.000000
4631.000000,428.458496,0.798462,0.477217,0.914795,0.803711,0.843696,0.490553,1.344594,0.509954,223.509995,9755.000000
4632.000000,414.704895,0.800049,0.477155,0.918335,0.806030,0.844836,0.490698,1.346742,0.505808,225.789993,9952.000000
4633.000000,411.888367,0.798950,0.476454,0.912476,0.805908,0.843690,0.490152,1.350727,0.509747,227.720001,9811.000000
4634.000000,411.069427,0.801025,0.476351,0.918701,0.807495,0.847513,0.489812,1.352799,0.509682,233.020004,9821.000000
4635.000000,433.900055,0.793579,0.471424,0.912598,0.799683,0.841412,0.484730,1.347897,0.504481,228.449997,9829.000000
4636.000000,445.572540,0.790039,0.471425,0.909180,0.796143,0.837843,0.484577,1.331983,0.505757,234.389999,9877.000000
4637.000000,425.356445,0.784912,0.470351,0.902954,0.792358,0.833479,0.483591,1.320179,0.500537,231.190002,10132.000000
4638.000000,430.813202,0.788452,0.473101,0.906860,0.795776,0.835661,0.486603,1.326067,0.499189,225.050003,10099.000000
4639.000000,436.685944,0.787964,0.472383,0.911621,0.795532,0.837181,0.485447,1.339610,0.502237,235.199997,9887.000000
4640.000000,441.640411,0.782227,0.469197,0.907471,0.789673,0.833226,0.482155,1.333515,0.495253,228.300003,9774.000000
4641.000000,448.244415,0.786377,0.470867,0.907471,0.794800,0.836707,0.484015,1.330273,0.500349,239.940002,10003.000000
4642.000000,437.694550,0.786255,0.471690,0.909302,0.793213,0.838462,0.484044,1.342744,0.506028,227.789993,10079.000000
4643.000000,425.471832,0.784668,0.471810,0.908325,0.791382,0.838215,0.483728,1.340341,0.501610,236.660004,9759.000000
4644.000000,430.521973,0.784790,0.469242,0.909302,0.791992,0.839244,0.481257,1.343542,0.499226,223.690002,9732.000000
4645.000000,423.179230,0.783447,0.469846,0.910889,0.789429,0.838999,0.481449,1.344229,0.500835,218.889999,9537.000000
4646.000000,446.177582,0.785034,0.469609,0.911133,0.790771,0.840573,0.481253,1.343963,0.505320,235.429993,10125.000000
4647.000000,442.342285,0.787109,0.470067,0.914185,0.793457,0.842583,0.481691,1.343674,0.509155,252.820007,9873.000000
4648.000000,416.466339,0.782837,0.466832,0.909912,0.788696,0.839747,0.478126,1.341506,0.503730,232.559998,9947.000000
4649.000000,423.400696,0.784058,0.464505,0.910034,0.790771,0.840346,0.476238,1.336092,0.501044,244.710007,10056.000000
4650.000000,433.170288,0.788696,0.467697,0.916626,0.795044,0.844272,0.479514,1.347960,0.509399,229.369995,9714.000000
4651.000000,430.027313,0.791626,0.468208,0.916870,0.796631,0.846846,0.479382,1.346440,0.507315,236.039993,9798.000000
4652.000000,425.463348,0.792847,0.468674,0.912109,0.798706,0.845460,0.479924,1.344638,0.505996,238.729996,9993.000000
4653.000000,437.674683,0.791626,0.467451,0.915283,0.797363,0.844323,0.478877,1.343248,0.506880,228.720001,9944.000000
4654.000000,435.778778,0.792236,0.467010,0.913208,0.798462,0.843870,0.478576,1.338298,0.506459,231.580002,9605.000000
4655.000000,415.203339,0.791260,0.465380,0.913940,0.798096,0.842603,0.477167,1.336897,0.500537,225.619995,9710.000000
4656.000000,418.025696,0.792725,0.464070,0.912842,0.799194,0.842667,0.476373,1.344183,0.501541,228.350006,9907.000000
4657.000000,429.096558,0.794434,0.465108,0.914917,0.800903,0.842939,0.477350,1.346431,0.503518,245.770004,9746.000000
4658.000000,434.472595,0.795166,0.464637,0.915527,0.801392,0.845263,0.476811,1.344500,0.499660,225.050003,9844.000000
4659.000000,435.567169,0.795654,0.464303,0.916260,0.802246,0.847016,0.476197,1.342954,0.496970,224.949997,9967.000000
4660.000000,446.974304,0.794067,0.460554,0.915894,0.800171,0.844674,0.472688,1.339971,0.488599,235.250000,9763.000000
4661.000000,414.960114,0.792603,0.458564,0.913452,0.799561,0.842749,0.470756,1.333441,0.483586,222.960007,9701.000000
4662.000000,425.998444,0.793213,0.459260,0.911743,0.799683,0.843090,0.471443,1.330863,0.491299,226.529999,9930.000000
4663.000000,447.093475,0.788208,0.457113,0.909058,0.795410,0.838278,0.469535,1.326454,0.490392,249.770004,9887.000000
4664.000000,438.426697,0.785156,0.456980,0.907837,0.792236,0.835330,0.469248,1.326888,0.486303,231.070007,9895.000000
4665.000000,443.866302,0.781860,0.455291,0.906128,0.787842,0.832778,0.467574,1.322306,0.481678,232.679993,9723.000000
4666.000000,415.398804,0.783569,0.456062,0.908447,0.790039,0.835039,0.468253,1.321998,0.485466,221.500000,10133.000000
4667.000000,445.174988,0.785889,0.456512,0.912842,0.792847,0.837845,0.468720,1.332285,0.484534,239.339996,10086.000000
4668.000000,419.672546,0.781982,0.453981,0.911743,0.788574,0.834771,0.466051,1.333464,0.482073,220.449997,10181.000000
4669.000000,414.985260,0.777954,0.453395,0.904907,0.785645,0.832099,0.465624,1.326351,0.484792,226.300003,9859.000000
4670.000000,397.328003,0.778687,0.453780,0.907715,0.785767,0.833284,0.465956,1.324682,0.483872,227.270004,9979.000000
4671.000000,430.839935,0.779297,0.454413,0.909912,0.786255,0.835206,0.466703,1.329245,0.489123,238.009995,10245.000000
4672.000000,403.673370,0.782837,0.458758,0.911133,0.790894,0.838220,0.470933,1.331411,0.494695,235.059998,9835.000000
4673.000000,427.055756,0.784912,0.459590,0.911255,0.792725,0.840629,0.471816,1.334207,0.491378,233.679993,9799.000000
4674.000000,450.277557,0.780151,0.458057,0.908936,0.788330,0.837805,0.470219,1.331957,0.492623,233.169998,9930.000000
4675.000000,409.764740,0.781738,0.457000,0.911133,0.789062,0.839674,0.469100,1.331688,0.494590,233.960007,10074.000000
4676.000000,417.188690,0.786865,0.462044,0.914429,0.794312,0.843077,0.474337,1.339902,0.511702,228.850006,9947.000000
4677.000000,431.713989,0.791870,0.464881,0.913574,0.798706,0.845680,0.477009,1.340244,0.513562,229.490005,9889.000000
4678.000000,426.949738,0.788574,0.459910,0.913086,0.794922,0.840586,0.472348,1.332310,0.503222,224.320007,9957.000000
4679.000000,444.062256,0.782593,0.458013,0.910522,0.789062,0.836539,0.470546,1.328451,0.498659,240.360001,10060.000000
4680.000000,415.260864,0.784180,0.458660,0.911377,0.790894,0.839472,0.471260,1.331883,0.501679,224.460007,9983.000000
4681.000000,436.672943,0.787598,0.460471,0.913696,0.794800,0.841949,0.473288,1.340381,0.505916,235.619995,9965.000000
4682.000000,415.245697,0.787231,0.459932,0.914062,0.795044,0.842596,0.473040,1.340873,0.508927,229.779999,9933.000000
4683.000000,424.630280,0.783691,0.458507,0.908203,0.790771,0.838905,0.471661,1.333490,0.504692,238.229996,9978.000000
4684.000000,412.372711,0.783203,0.458388,0.910278,0.790649,0.837666,0.471622,1.332837,0.502622,242.949997,9757.000000
4685.000000,427.357513,0.781860,0.457749,0.911133,0.788696,0.838089,0.470409,1.337805,0.493587,222.809998,9887.000000
4686.000000,405.651489,0.779419,0.457391,0.907959,0.786987,0.837031,0.469983,1.328666,0.493485,227.470001,9797.000000
4687.000000,435.104950,0.781738,0.457639,0.912720,0.788818,0.839490,0.470228,1.337982,0.498687,240.309998,9928.000000
4688.000000,423.426239,0.780884,0.459423,0.915161,0.788574,0.839667,0.472209,1.343757,0.500825,224.250000,9940.000000
4689.000000,428.211578,0.778809,0.457943,0.909912,0.786987,0.838334,0.471052,1.336797,0.499530,223.449997,9757.000000
4690.000000,408.022827,0.778442,0.460242,0.909424,0.786133,0.837243,0.473312,1.333051,0.495337,235.279999,9722.000000
4691.000000,424.336761,0.775635,0.457949,0.907837,0.782959,0.835424,0.470833,1.333802,0.488087,230.309998,9679.000000
4692.000000,446.696106,0.780151,0.459248,0.913330,0.786621,0.839662,0.472088,1.340747,0.491474,244.970001,9866.000000
4693.000000,432.607971,0.781006,0.458692,0.915527,0.787476,0.840764,0.471474,1.347625,0.488888,227.529999,9953.000000
4694.000000,431.712921,0.778442,0.455369,0.914185,0.785767,0.839184,0.468297,1.341147,0.478893,247.149994,9808.000000
4695.000000,430.562225,0.777100,0.449430,0.914795,0.784912,0.840484,0.462389,1.341993,0.465879,224.860001,9918.000000
4696.000000,432.668365,0.773682,0.445763,0.911621,0.781006,0.836139,0.458511,1.341458,0.459660,233.119995,9539.000000
4697.000000,426.021942,0.774048,0.444267,0.907715,0.780762,0.835102,0.457031,1.327119,0.460492,229.580002,9787.000000
4698.000000,421.163208,0.772461,0.442118,0.907959,0.779785,0.832804,0.454984,1.329573,0.465953,233.029999,9761.000000
4699.000000,422.736542,0.773071,0.443082,0.910889,0.779663,0.834356,0.455995,1.325659,0.469044,220.220001,9728.000000
4700.000000,448.085022,0.770630,0.440597,0.906372,0.778076,0.831145,0.453233,1.324411,0.467686,233.179993,9868.000000
4701.000000,421.260468,0.780029,0.446351,0.913452,0.787109,0.839459,0.458840,1.333648,0.475794,237.000000,9928.000000
4702.000000,421.317780,0.788940,0.447847,0.920898,0.796875,0.846737,0.460507,1.348641,0.483854,229.210007,9829.000000
4703.000000,433.370331,0.793335,0.450160,0.920166,0.800537,0.848695,0.462989,1.350541,0.485394,243.110001,9816.000000
4704.000000,446.116455,0.788696,0.446429,0.910767,0.795410,0.842250,0.459044,1.335402,0.480290,239.070007,9789.000000
4705.000000,428.866974,0.786621,0.447420,0.906738,0.793213,0.838908,0.459846,1.323117,0.474228,245.389999,9722.000000
4706.000000,426.517395,0.781616,0.443136,0.909180,0.788696,0.835665,0.455817,1.325855,0.473157,227.809998,9562.000000
4707.000000,424.966278,0.779541,0.438952,0.910156,0.786133,0.835408,0.451405,1.326512,0.463157,243.929993,9850.000000
4708.000000,444.822479,0.785522,0.441551,0.912964,0.792603,0.840906,0.454070,1.332017,0.468514,227.279999,9617.000000
4709.000000,399.563721,0.785278,0.438889,0.916626,0.792114,0.841116,0.451815,1.339154,0.472847,227.830002,9796.000000
4710.000000,432.797729,0.784180,0.439115,0.913086,0.790771,0.841432,0.451856,1.338681,0.468814,246.419998,9836.000000
4711.000000,415.347443,0.783325,0.437970,0.913330,0.789185,0.839988,0.450577,1.332148,0.465332,218.490005,9939.000000
4712.000000,427.417816,0.778931,0.435131,0.911743,0.784180,0.836121,0.447619,1.327520,0.463397,240.309998,9748.000000
4713.000000,446.637634,0.777222,0.435671,0.911011,0.782227,0.834311,0.448417,1.324005,0.462099,247.899994,9815.000000
4714.000000,458.673859,0.776367,0.436853,0.910645,0.782593,0.834450,0.449708,1.323327,0.467485,249.350006,9868.000000
4715.000000,433.574219,0.775024,0.438253,0.911255,0.781372,0.834558,0.451397,1.326207,0.463090,234.800003,10073.000000
4716.000000,410.930450,0.770508,0.438647,0.908936,0.776245,0.832430,0.451375,1.328413,0.469039,232.339996,9890.000000
4717.000000,408.608124,0.767212,0.438373,0.907593,0.774658,0.830935,0.451109,1.318101,0.460158,238.199997,9849.000000
4718.000000,449.262573,0.770874,0.440966,0.911377,0.777344,0.834360,0.453878,1.327833,0.465015,243.729996,10017.000000
4719.000000,422.490662,0.774658,0.443257,0.915894,0.781006,0.838461,0.456168,1.336433,0.475953,239.139999,9818.000000
4720.000000,423.880615,0.773926,0.444480,0.916138,0.780273,0.839017,0.457348,1.341754,0.478231,226.729996,9813.000000
4721.000000,439.811096,0.775635,0.442192,0.915649,0.782227,0.839602,0.455012,1.340756,0.467918,257.890015,9852.000000
4722.000000,397.344635,0.776733,0.440995,0.915405,0.782471,0.840465,0.453788,1.338348,0.470012,224.160004,9645.000000
4723.000000,433.700287,0.778198,0.441089,0.915894,0.784546,0.841173,0.454062,1.334224,0.475029,229.570007,9746.000000
4724.000000,404.051788,0.782715,0.443672,0.919189,0.787964,0.844722,0.456502,1.339724,0.474716,223.929993,9917.000000
4725.000000,415.206573,0.781250,0.443557,0.911743,0.787231,0.840910,0.456642,1.336199,0.476767,232.039993,9972.000000
4726.000000,438.950470,0.782471,0.443886,0.909912,0.788086,0.839718,0.457027,1.324808,0.484986,242.880005,9796.000000
4727.000000,410.606781,0.785156,0.446259,0.913086,0.792603,0.838451,0.459596,1.325596,0.486582,233.149994,10072.000000
4728.000000,432.071381,0.792969,0.452313,0.915649,0.799683,0.843470,0.466007,1.335307,0.494496,235.300003,9724.000000
4729.000000,392.924438,0.795044,0.452130,0.917114,0.801392,0.843256,0.465643,1.340389,0.491929,232.889999,9892.000000
4730.000000,410.448486,0.795532,0.454961,0.914185,0.801758,0.842283,0.468192,1.339048,0.490070,224.470001,9871.000000
4731.000000,431.370728,0.795898,0.455020,0.912598,0.801636,0.840980,0.468440,1.333357,0.485343,235.919998,9705.000000
4732.000000,406.608093,0.795044,0.454468,0.911255,0.801758,0.839417,0.467863,1.324133,0.478456,232.449997,9700.000000
4733.000000,426.508545,0.796631,0.454519,0.913940,0.802612,0.839781,0.468064,1.329077,0.485959,231.809998,9969.000000
4734.000000,432.448242,0.794189,0.451748,0.910278,0.801392,0.836511,0.465654,1.324614,0.477041,235.039993,9986.000000
4735.000000,437.108307,0.796387,0.452029,0.910156,0.804565,0.837467,0.466307,1.325175,0.480095,245.809998,10115.000000
4736.000000,423.882629,0.798950,0.454291,0.912842,0.805176,0.838628,0.468662,1.329298,0.483285,230.389999,9815.000000
4737.000000,437.255585,0.796143,0.452609,0.911133,0.802124,0.837025,0.466825,1.328902,0.482342,240.679993,9891.000000
4738.000000,447.052246,0.794312,0.451410,0.911011,0.800659,0.835182,0.465587,1.321754,0.481872,238.210007,9804.000000
4739.000000,415.210815,0.794556,0.452358,0.910400,0.801758,0.834877,0.467066,1.322187,0.482688,228.889999,10071.000000
4740.000000,426.767792,0.798340,0.457368,0.911865,0.804810,0.835591,0.472277,1.326086,0.492677,242.619995,9875.000000
4741.000000,437.532440,0.795654,0.454879,0.911133,0.802002,0.833959,0.469869,1.322803,0.485104,238.830002,9697.000000
4742.000000,412.522156,0.793091,0.454498,0.910522,0.799683,0.831827,0.469409,1.324527,0.483053,237.029999,9916.000000
4743.000000,421.377960,0.788818,0.453130,0.909546,0.795898,0.828922,0.467875,1.317403,0.482640,227.559998,10176.000000
4744.000000,407.746582,0.785278,0.452716,0.904175,0.792114,0.825790,0.467375,1.310408,0.479223,231.410004,9965.000000
4745.000000,423.012634,0.784668,0.454423,0.907227,0.791260,0.826514,0.468812,1.317345,0.484585,227.679993,9983.000000
4746.000000,420.665131,0.785522,0.456034,0.911011,0.792603,0.830069,0.470316,1.325439,0.484129,237.089996,9879.000000
4747.000000,419.252075,0.786011,0.457226,0.910889,0.793579,0.831580,0.471214,1.328651,0.491197,231.690002,9847.000000
4748.000000,453.821259,0.790039,0.459913,0.912964,0.796631,0.834751,0.473776,1.333672,0.498209,253.149994,9927.000000
4749.000000,436.402405,0.793457,0.462531,0.916870,0.800781,0.837272,0.476881,1.338224,0.508816,240.050003,9893.000000
4750.000000,418.315338,0.792480,0.461100,0.914062,0.799561,0.835958,0.475321,1.338562,0.507863,232.490005,9945.000000
4751.000000,411.852936,0.790527,0.460897,0.909058,0.797241,0.832277,0.475050,1.329134,0.501059,231.990005,10099.000000
4752.000000,448.217896,0.794312,0.464437,0.910278,0.801392,0.834480,0.478377,1.328489,0.501314,243.729996,9985.000000
4753.000000,425.380829,0.797974,0.468034,0.912964,0.804443,0.837193,0.481786,1.331234,0.509924,235.210007,9855.000000
4754.000000,402.356720,0.798828,0.470001,0.910645,0.806763,0.836899,0.483811,1.325951,0.514276,227.839996,9938.000000
4755.000000,414.197784,0.803345,0.471612,0.915649,0.810913,0.840248,0.485698,1.334747,0.511847,234.759995,9767.000000
4756.000000,418.860443,0.799683,0.470190,0.916626,0.806641,0.838049,0.483877,1.343304,0.510078,232.679993,9869.000000
4757.000000,409.437164,0.797363,0.469293,0.911865,0.804443,0.836182,0.483013,1.333915,0.500175,229.889999,9835.000000
4758.000000,403.722412,0.791382,0.466655,0.906250,0.798828,0.831774,0.480252,1.320163,0.494714,232.759995,10067.000000
4759.000000,411.508301,0.790283,0.465744,0.907227,0.798584,0.829710,0.479971,1.320918,0.497470,232.240005,10165.000000
4760.000000,415.488403,0.786865,0.463018,0.906372,0.795044,0.827982,0.477100,1.313756,0.493591,226.679993,10053.000000
4761.000000,416.874329,0.786499,0.463084,0.906250,0.795898,0.828810,0.477267,1.319741,0.493768,249.860001,9836.000000
4762.000000,423.740906,0.789917,0.465022,0.906372,0.798706,0.831855,0.479127,1.318314,0.498000,245.860001,9947.000000
4763.000000,430.746460,0.788940,0.465847,0.906372,0.798096,0.830397,0.480310,1.320363,0.498803,228.610001,9745.000000
4764.000000,429.090973,0.786621,0.464266,0.906372,0.795288,0.828527,0.478869,1.317467,0.494054,228.449997,9866.000000
4765.000000,420.708984,0.785156,0.463930,0.903687,0.794556,0.828172,0.478434,1.314398,0.488067,233.360001,10132.000000
4766.000000,426.202148,0.784302,0.463904,0.906616,0.793701,0.828322,0.478376,1.319862,0.496143,227.979996,10011.000000
4767.000000,430.884674,0.784424,0.463800,0.907837,0.794922,0.829505,0.478806,1.320330,0.499723,241.830002,10242.000000
4768.000000,416.996063,0.783691,0.461373,0.909302,0.793823,0.828506,0.476852,1.324474,0.498078,228.690002,10054.000000
4769.000000,442.805878,0.786621,0.466339,0.913452,0.796265,0.833503,0.481564,1.333278,0.497020,239.539993,9969.000000
4770.000000,407.834595,0.785278,0.465282,0.908325,0.795776,0.832109,0.481019,1.324513,0.493944,228.470001,10065.000000
4771.000000,410.133057,0.782349,0.461817,0.907837,0.791504,0.829900,0.477507,1.321383,0.490381,227.779999,10059.000000
4772.000000,430.982452,0.783447,0.462479,0.909790,0.792603,0.830947,0.478045,1.323799,0.488708,225.250000,10251.000000
4773.000000,420.102509,0.786987,0.465103,0.911621,0.795654,0.832432,0.480771,1.324324,0.488155,227.520004,10014.000000
4774.000000,412.233154,0.787476,0.464980,0.908325,0.797607,0.832581,0.480447,1.321259,0.486185,218.100006,10044.000000
4775.000000,416.858215,0.786865,0.464890,0.909424,0.796265,0.832029,0.479981,1.321600,0.487017,236.380005,10008.000000
4776.000000,416.465576,0.790161,0.468802,0.908691,0.799316,0.833935,0.483676,1.323234,0.488993,249.130005,10088.000000
4777.000000,441.837250,0.789917,0.466925,0.908691,0.797974,0.833109,0.481569,1.323960,0.484984,234.899994,10142.000000
4778.000000,417.633057,0.791748,0.468114,0.909302,0.800293,0.833656,0.482499,1.321603,0.488224,228.000000,10312.000000
4779.000000,411.136505,0.796997,0.471064,0.910889,0.804688,0.837512,0.485482,1.324196,0.487865,228.800003,10003.000000
4780.000000,412.422577,0.797363,0.469770,0.910645,0.805298,0.838115,0.484308,1.325959,0.486624,223.449997,9994.000000
4781.000000,398.373260,0.796875,0.468017,0.911621,0.805176,0.838606,0.482277,1.329087,0.485439,224.020004,10233.000000
4782.000000,420.525604,0.795654,0.465112,0.911621,0.803711,0.837618,0.478982,1.329959,0.481188,223.110001,10157.000000
4783.000000,404.775360,0.795532,0.466499,0.910767,0.804321,0.838077,0.480400,1.326515,0.477439,224.570007,10116.000000
4784.000000,417.203705,0.799194,0.465697,0.913086,0.807617,0.840094,0.479591,1.327932,0.467991,240.279999,10130.000000
4785.000000,414.683380,0.793579,0.461793,0.911255,0.801514,0.836754,0.475413,1.326812,0.462022,222.899994,10016.000000
4786.000000,405.632629,0.791748,0.459538,0.908325,0.799194,0.835317,0.473073,1.316938,0.463584,239.470001,10114.000000
4787.000000,425.592743,0.788818,0.458430,0.901611,0.796509,0.831638,0.472051,1.307796,0.461591,238.720001,10241.000000
4788.000000,414.614746,0.787109,0.457608,0.903320,0.795654,0.830543,0.471010,1.310073,0.459420,228.919998,10224.000000
4789.000000,401.572479,0.780518,0.453996,0.901245,0.788330,0.826025,0.467125,1.309554,0.457825,220.229996,10232.000000
4790.000000,405.298309,0.780396,0.453990,0.902100,0.787720,0.825726,0.466859,1.302996,0.456319,229.289993,9908.000000
4791.000000,417.508026,0.781860,0.456013,0.906250,0.789551,0.828558,0.468760,1.307205,0.462505,227.559998,10082.000000
4792.000000,451.634766,0.781738,0.456247,0.910522,0.789673,0.831667,0.469101,1.317141,0.477095,242.440002,10171.000000
4793.000000,425.015472,0.781128,0.456784,0.914551,0.788330,0.833657,0.469330,1.328627,0.482857,227.500000,10404.000000
4794.000000,427.832581,0.782104,0.458061,0.912109,0.790283,0.834651,0.470565,1.320233,0.479838,235.020004,10376.000000
4795.000000,420.167633,0.780640,0.456961,0.911865,0.788818,0.835092,0.469556,1.320024,0.483949,240.490005,10142.000000
4796.000000,396.319641,0.779541,0.457562,0.912964,0.787598,0.835183,0.470367,1.325613,0.486820,244.539993,10178.000000
4797.000000,447.720093,0.781128,0.458408,0.913574,0.789917,0.837150,0.471310,1.326627,0.488802,230.029999,10048.000000
4798.000000,408.734589,0.781494,0.457453,0.913086,0.789673,0.836647,0.470436,1.325876,0.481144,228.750000,9759.000000
4799.000000,399.715118,0.778564,0.457985,0.911011,0.787109,0.834383,0.470799,1.323579,0.480791,244.639999,9910.000000
4800.000000,422.665283,0.778931,0.459270,0.909912,0.787842,0.835003,0.471908,1.321518,0.480384,228.279999,10079.000000
4801.000000,396.421326,0.782959,0.461643,0.914185,0.791138,0.838877,0.474293,1.328497,0.486701,219.589996,10120.000000
4802.000000,398.603241,0.785767,0.462328,0.914795,0.794678,0.840712,0.475036,1.335890,0.487603,221.610001,10031.000000
4803.000000,401.121521,0.784180,0.460425,0.908569,0.792236,0.837839,0.473029,1.330218,0.480260,219.059998,9966.000000
4804.000000,407.500488,0.785034,0.459919,0.910522,0.793335,0.837891,0.472445,1.331006,0.484730,223.639999,10061.000000
4805.000000,412.854584,0.787720,0.461028,0.911621,0.796509,0.839580,0.473788,1.331250,0.487929,228.600006,9885.000000
4806.000000,423.634399,0.789185,0.461525,0.909668,0.796631,0.839353,0.474124,1.326313,0.485538,232.449997,10105.000000
4807.000000,400.816132,0.784302,0.458491,0.909790,0.792969,0.835715,0.471314,1.323468,0.483895,242.399994,10132.000000
4808.000000,440.717133,0.788574,0.460162,0.914551,0.798096,0.840784,0.473150,1.331295,0.489821,236.850006,10373.000000
4809.000000,415.027222,0.791138,0.462505,0.918457,0.798828,0.844180,0.475231,1.341291,0.489943,225.630005,10140.000000
4810.000000,402.533386,0.791870,0.463177,0.914185,0.800171,0.842804,0.476240,1.336257,0.489151,233.779999,10341.000000
4811.000000,426.410339,0.785645,0.457332,0.910522,0.794189,0.838008,0.470418,1.327205,0.484154,250.869995,10351.000000
4812.000000,408.991089,0.784912,0.457343,0.909302,0.792236,0.837718,0.470426,1.327183,0.481660,233.869995,10413.000000
4813.000000,425.433105,0.781250,0.456769,0.906250,0.789551,0.834351,0.469686,1.327234,0.479853,226.720001,10156.000000
4814.000000,412.432495,0.777344,0.454461,0.905762,0.784546,0.832388,0.466883,1.323530,0.470566,236.070007,10093.000000
4815.000000,418.138062,0.770752,0.452238,0.900879,0.779175,0.826755,0.464756,1.308663,0.468555,221.529999,10237.000000
4816.000000,422.016144,0.770020,0.452284,0.902222,0.778320,0.826263,0.465033,1.308374,0.467555,230.119995,10269.000000
4817.000000,449.851410,0.771729,0.454182,0.903687,0.778687,0.828080,0.466808,1.310444,0.469431,241.110001,10146.000000
4818.000000,429.375916,0.776367,0.455600,0.912720,0.784546,0.832772,0.469056,1.321999,0.481032,238.979996,10257.000000
4819.000000,419.268555,0.779541,0.457208,0.917480,0.786865,0.838094,0.470866,1.333782,0.488198,231.000000,10279.000000
4820.000000,454.545654,0.777832,0.453751,0.918091,0.785034,0.837624,0.467500,1.339025,0.480623,252.339996,10320.000000
4821.000000,428.742737,0.776245,0.452841,0.915405,0.782593,0.836087,0.466792,1.331966,0.475521,227.210007,10225.000000
4822.000000,409.017853,0.773560,0.451259,0.914917,0.780518,0.835136,0.465130,1.328990,0.472555,249.639999,10127.000000
4823.000000,421.222046,0.770752,0.450427,0.913940,0.777710,0.833350,0.464465,1.327671,0.480107,238.229996,10464.000000
4824.000000,422.618927,0.772461,0.451361,0.915527,0.779541,0.835401,0.465694,1.326546,0.481519,233.320007,10514.000000
4825.000000,409.096191,0.770630,0.449627,0.912964,0.777588,0.835121,0.463773,1.327079,0.473556,235.910004,10522.000000
4826.000000,415.759155,0.770142,0.450137,0.911499,0.777588,0.834467,0.464331,1.327672,0.475952,237.119995,10492.000000
4827.000000,416.464478,0.777588,0.453409,0.918823,0.784668,0.841839,0.467613,1.339196,0.476822,230.070007,10518.000000
4828.000000,414.257355,0.774170,0.448661,0.918701,0.781006,0.839848,0.462770,1.343772,0.477174,233.649994,10170.000000
4829.000000,406.953186,0.772949,0.449015,0.913940,0.779419,0.836359,0.463239,1.338386,0.477346,231.759995,10196.000000
4830.000000,414.938751,0.769409,0.446408,0.907715,0.776367,0.832102,0.460605,1.325088,0.475232,231.490005,10107.000000
4831.000000,425.875885,0.769287,0.446436,0.909546,0.775757,0.831710,0.460396,1.322552,0.473110,238.550003,10312.000000
4832.000000,414.951447,0.767700,0.445873,0.910278,0.774658,0.832991,0.459566,1.326277,0.469713,228.309998,10276.000000
4833.000000,437.017883,0.773315,0.447152,0.916138,0.780273,0.837615,0.461100,1.335339,0.474167,243.570007,10129.000000
4834.000000,436.625763,0.778809,0.450726,0.917603,0.787354,0.840297,0.465016,1.339375,0.486626,250.720001,10363.000000
4835.000000,417.115356,0.787109,0.454985,0.921875,0.795288,0.847256,0.469182,1.345129,0.491239,238.470001,10360.000000
4836.000000,421.826141,0.780273,0.449422,0.915283,0.787842,0.839934,0.463550,1.340429,0.479841,228.520004,10306.000000
4837.000000,450.165039,0.778320,0.447941,0.908569,0.786255,0.836667,0.462027,1.323706,0.469024,261.519989,10413.000000
4838.000000,440.694489,0.774048,0.447029,0.907349,0.782471,0.832190,0.460920,1.314773,0.470782,272.359985,10440.000000
4839.000000,406.573486,0.778931,0.449860,0.910278,0.788086,0.836013,0.463895,1.327809,0.479905,241.149994,10340.000000
4840.000000,428.489380,0.776978,0.448428,0.909668,0.785278,0.834530,0.462567,1.323379,0.475704,237.449997,10106.000000
4841.000000,424.158783,0.777954,0.446438,0.909790,0.785034,0.834980,0.461041,1.321652,0.473538,227.009995,10226.000000
4842.000000,426.214172,0.770752,0.443571,0.909058,0.780029,0.828821,0.458752,1.319198,0.474635,235.350006,10167.000000
4843.000000,441.526733,0.773071,0.444615,0.908813,0.780762,0.830665,0.459834,1.319487,0.478144,227.089996,10108.000000
4844.000000,414.707550,0.771729,0.447046,0.907471,0.780029,0.831026,0.462290,1.319693,0.477927,232.369995,10240.000000
4845.000000,433.013733,0.775635,0.449228,0.912598,0.783813,0.835169,0.464290,1.328716,0.481397,232.679993,10177.000000
4846.000000,433.241516,0.775024,0.449799,0.911865,0.782837,0.834725,0.464713,1.328599,0.482930,230.139999,10173.000000
4847.000000,431.210754,0.771118,0.447941,0.909546,0.778931,0.831250,0.463019,1.317127,0.480170,229.720001,10448.000000
4848.000000,431.349548,0.770630,0.449591,0.909058,0.779907,0.830308,0.465372,1.311055,0.484397,232.800003,10447.000000
4849.000000,433.246857,0.772827,0.449956,0.915649,0.783203,0.833781,0.466327,1.323679,0.495907,239.880005,10542.000000
4850.000000,427.178101,0.779297,0.455569,0.917358,0.787964,0.838531,0.471619,1.332899,0.502694,230.759995,10145.000000
4851.000000,408.385010,0.773682,0.451617,0.909668,0.782471,0.832379,0.467613,1.317652,0.497111,219.979996,10218.000000
4852.000000,411.554047,0.766724,0.447547,0.905884,0.776611,0.826612,0.463658,1.309002,0.485481,226.169998,10372.000000
4853.000000,402.190063,0.764160,0.447276,0.905151,0.774536,0.825057,0.462991,1.310730,0.480699,227.190002,10419.000000
4854.000000,430.474915,0.764771,0.447097,0.908936,0.774658,0.826406,0.462564,1.318480,0.477853,228.429993,10235.000000
4855.000000,428.229401,0.770386,0.453528,0.913940,0.781006,0.832991,0.468858,1.334433,0.489613,228.869995,10305.000000
4856.000000,458.404449,0.769165,0.452165,0.912476,0.779297,0.832735,0.467160,1.331964,0.488343,247.479996,10139.000000
4857.000000,430.921631,0.772949,0.455059,0.913086,0.781494,0.835860,0.469696,1.326940,0.485362,236.559998,10417.000000
4858.000000,416.410126,0.771240,0.455131,0.909546,0.781006,0.833805,0.469617,1.326390,0.490992,231.589996,10230.000000
4859.000000,426.134918,0.772949,0.454368,0.913086,0.781982,0.834944,0.469273,1.322476,0.494935,247.070007,10473.000000
4860.000000,418.169189,0.774780,0.456988,0.912598,0.784668,0.836956,0.472004,1.329496,0.505532,231.869995,10310.000000
4861.000000,423.337372,0.772705,0.457447,0.909058,0.781616,0.834200,0.472482,1.323574,0.501682,236.000000,10229.000000
4862.000000,418.652954,0.776001,0.460881,0.909058,0.784302,0.836405,0.475270,1.320083,0.497778,230.199997,10048.000000
4863.000000,441.739044,0.776001,0.462359,0.910400,0.785522,0.836241,0.476884,1.321914,0.498414,240.389999,10358.000000
4864.000000,423.473358,0.775879,0.461995,0.914551,0.783936,0.836622,0.476634,1.328590,0.500822,223.210007,10145.000000
4865.000000,428.656525,0.779175,0.461949,0.915894,0.787598,0.838669,0.476673,1.334432,0.496019,237.899994,10297.000000
4866.000000,401.082672,0.780396,0.463052,0.916016,0.788452,0.840437,0.477464,1.341453,0.495297,247.130005,10388.000000
4867.000000,439.776062,0.779053,0.459566,0.913330,0.788086,0.839315,0.473999,1.334702,0.487756,234.589996,10388.000000
4868.000000,434.067322,0.778687,0.458860,0.910278,0.787964,0.837431,0.473324,1.326777,0.478914,236.050003,10448.000000
4869.000000,447.398682,0.780151,0.459899,0.911377,0.790771,0.837793,0.474539,1.321820,0.479788,242.759995,10444.000000
4870.000000,427.135986,0.781006,0.459189,0.909668,0.791626,0.837316,0.473989,1.322681,0.481409,221.440002,10176.000000
4871.000000,439.487885,0.783203,0.459126,0.912598,0.792480,0.838903,0.474109,1.321328,0.479760,237.300003,10273.000000
4872.000000,424.913849,0.781250,0.457367,0.910034,0.790527,0.836753,0.472143,1.324745,0.475376,227.820007,10173.000000
4873.000000,450.632660,0.780151,0.456904,0.908813,0.789185,0.835402,0.471448,1.322454,0.472953,241.970001,10249.000000
4874.000000,446.323517,0.778442,0.455227,0.912476,0.786255,0.836180,0.469246,1.327219,0.475141,250.089996,10115.000000
4875.000000,414.233154,0.776001,0.456527,0.906860,0.785034,0.833247,0.470858,1.323208,0.477479,231.449997,10253.000000
4876.000000,438.298645,0.776978,0.459600,0.903687,0.784668,0.832889,0.473725,1.315789,0.481361,248.470001,10176.000000
4877.000000,417.435150,0.778687,0.460798,0.910156,0.786621,0.834944,0.474496,1.327188,0.489218,232.199997,10523.000000
4878.000000,427.554108,0.783081,0.463481,0.914917,0.790649,0.838735,0.477425,1.335901,0.492834,233.639999,10340.000000
4879.000000,428.485870,0.784180,0.465599,0.912842,0.792114,0.839765,0.479665,1.332079,0.489771,236.440002,10087.000000
4880.000000,429.726501,0.784668,0.465276,0.912109,0.792725,0.839919,0.479430,1.323096,0.488803,243.529999,10304.000000
4881.000000,414.203217,0.785889,0.466328,0.912598,0.793579,0.840175,0.480573,1.327736,0.492941,227.830002,10279.000000
4882.000000,428.817749,0.778076,0.462060,0.909912,0.787109,0.834547,0.476161,1.323222,0.488850,233.179993,10287.000000
4883.000000,426.565308,0.775513,0.459188,0.906982,0.782593,0.832242,0.472724,1.317359,0.478579,224.830002,10293.000000
4884.000000,416.957886,0.772217,0.457090,0.905762,0.779297,0.829834,0.470462,1.315751,0.474132,224.179993,10076.000000
4885.000000,427.901154,0.771606,0.456224,0.907349,0.779541,0.829627,0.469657,1.316702,0.473455,226.320007,10460.000000
4886.000000,433.320129,0.774292,0.457664,0.910034,0.781616,0.832117,0.471159,1.319445,0.474551,255.149994,10124.000000
4887.000000,447.513428,0.773926,0.457691,0.911499,0.781616,0.834445,0.471261,1.323158,0.475585,237.000000,10455.000000
4888.000000,413.284241,0.773438,0.456711,0.913086,0.782227,0.835993,0.470567,1.328371,0.481627,227.800003,10411.000000
4889.000000,440.185486,0.781128,0.462355,0.917236,0.788452,0.842486,0.476096,1.333630,0.488344,249.820007,10271.000000
4890.000000,425.533813,0.784058,0.464076,0.916870,0.791626,0.842918,0.478003,1.330985,0.479989,227.470001,10308.000000
4891.000000,435.710266,0.783447,0.464173,0.914429,0.790405,0.841528,0.478271,1.330520,0.478785,236.570007,10375.000000
4892.000000,438.712433,0.782227,0.460870,0.914429,0.789917,0.839255,0.475179,1.327871,0.470620,232.279999,10448.000000
4893.000000,426.709290,0.782349,0.457633,0.911865,0.790405,0.838032,0.472219,1.328604,0.461896,235.169998,10357.000000
4894.000000,413.588409,0.782837,0.455994,0.913208,0.790283,0.837541,0.470251,1.325512,0.452092,239.100006,10599.000000
4895.000000,417.508789,0.784668,0.456008,0.915527,0.792114,0.839705,0.470296,1.331754,0.456907,238.929993,10350.000000
4896.000000,435.854065,0.783447,0.455807,0.912720,0.791138,0.839310,0.469822,1.329970,0.455328,249.440002,10347.000000
4897.000000,437.157196,0.786255,0.453759,0.915039,0.793701,0.840875,0.467913,1.327275,0.454282,236.860001,10280.000000
4898.000000,416.765106,0.788940,0.454236,0.917358,0.796265,0.842015,0.468258,1.333554,0.458120,223.929993,10401.000000
4899.000000,454.516998,0.791504,0.453586,0.917480,0.798584,0.844430,0.467543,1.332885,0.452009,240.839996,10517.000000
4900.000000,415.065979,0.790161,0.450164,0.914795,0.797241,0.841181,0.464115,1.331108,0.450501,238.899994,10489.000000
4901.000000,421.134796,0.789429,0.448487,0.912842,0.796509,0.839633,0.462602,1.331146,0.448691,233.600006,10095.000000
4902.000000,436.082825,0.782837,0.445193,0.906982,0.791016,0.833485,0.459383,1.320337,0.447494,225.660004,10381.000000
4903.000000,425.539032,0.778198,0.444985,0.902710,0.786255,0.828064,0.459095,1.314008,0.440918,234.009995,10411.000000
4904.000000,407.445038,0.781006,0.448492,0.905151,0.787842,0.830914,0.461883,1.315227,0.444563,235.080002,10559.000000
4905.000000,414.757019,0.781860,0.449902,0.907593,0.788818,0.831786,0.463348,1.318360,0.451964,227.789993,10667.000000
4906.000000,431.194122,0.781372,0.451051,0.907471,0.788818,0.832809,0.464006,1.325825,0.452586,245.479996,10506.000000
4907.000000,410.122009,0.784668,0.454714,0.911987,0.791138,0.836795,0.467256,1.329789,0.461487,227.960007,10554.000000
4908.000000,428.602356,0.790894,0.459294,0.916016,0.797974,0.841680,0.471744,1.337135,0.471273,242.000000,10552.000000
4909.000000,421.215820,0.794434,0.461554,0.920044,0.801147,0.844985,0.473992,1.345658,0.482287,230.759995,10388.000000
4910.000000,406.634613,0.794312,0.460324,0.918091,0.801514,0.845648,0.472736,1.344007,0.479831,238.029999,10196.000000
4911.000000,413.496216,0.786987,0.456611,0.912354,0.795166,0.838687,0.469159,1.334873,0.475465,229.009995,10530.000000
4912.000000,441.294678,0.784912,0.458743,0.908447,0.791870,0.837689,0.470917,1.324061,0.478794,238.009995,10385.000000
4913.000000,448.534210,0.778687,0.454722,0.906250,0.786621,0.831839,0.467123,1.319259,0.470837,238.949997,10431.000000
4914.000000,406.483704,0.784058,0.457978,0.913696,0.791382,0.837456,0.470545,1.324306,0.465943,237.009995,10232.000000
4915.000000,397.731384,0.779053,0.454503,0.910767,0.786621,0.832901,0.467066,1.325437,0.466030,237.919998,8899.000000
4916.000000,412.102936,0.783813,0.459811,0.910156,0.790771,0.836833,0.472541,1.328797,0.474571,226.860001,10466.000000
4917.000000,422.805908,0.781250,0.460608,0.911743,0.787720,0.834593,0.473411,1.333760,0.483354,227.240005,10367.000000
4918.000000,417.697144,0.784668,0.464167,0.912476,0.790527,0.836816,0.477082,1.332902,0.485316,232.910004,10325.000000
4919.000000,413.048767,0.781982,0.462714,0.912720,0.787598,0.835496,0.475992,1.332393,0.478952,221.070007,10480.000000
4920.000000,410.614471,0.785278,0.465441,0.914062,0.791504,0.838012,0.478929,1.336944,0.485797,216.389999,10327.000000
4921.000000,398.872498,0.788330,0.468036,0.915894,0.794922,0.841114,0.481624,1.339793,0.485268,235.740005,10375.000000
4922.000000,412.928864,0.789917,0.471463,0.914062,0.796143,0.842517,0.484964,1.337532,0.483640,226.339996,10397.000000
4923.000000,430.846100,0.787842,0.469692,0.912720,0.793701,0.840794,0.482917,1.334942,0.477422,251.449997,10074.000000
4924.000000,431.715057,0.783691,0.467235,0.911133,0.788940,0.838176,0.480299,1.329857,0.473379,237.809998,10517.000000
4925.000000,425.591736,0.786255,0.468396,0.914551,0.792114,0.840232,0.481449,1.331122,0.473097,246.789993,10195.000000
4926.000000,434.381653,0.790405,0.469354,0.916626,0.796387,0.843730,0.482631,1.334967,0.478443,243.369995,10495.000000
4927.000000,400.997131,0.790649,0.468624,0.917480,0.796875,0.843494,0.482325,1.337599,0.483449,218.240005,10496.000000
4928.000000,408.226044,0.791260,0.468630,0.915283,0.798584,0.843140,0.482389,1.339524,0.484896,237.419998,10467.000000
4929.000000,410.078918,0.787598,0.466741,0.912476,0.793945,0.839085,0.480177,1.332389,0.477620,234.889999,10260.000000
4930.000000,424.330688,0.785889,0.465330,0.910156,0.791382,0.836184,0.478786,1.320102,0.468519,221.770004,10511.000000
4931.000000,429.381744,0.784302,0.462445,0.910156,0.791138,0.836000,0.476019,1.320328,0.467221,247.710007,10510.000000
4932.000000,434.914703,0.783936,0.462250,0.914307,0.789429,0.838271,0.475517,1.332025,0.463996,235.210007,10427.000000
4933.000000,424.861969,0.779053,0.459290,0.911621,0.784546,0.835791,0.472366,1.331984,0.461100,228.800003,10365.000000
4934.000000,422.563812,0.776123,0.458759,0.908569,0.781616,0.834621,0.471364,1.325074,0.459402,220.830002,10280.000000
4935.000000,423.275085,0.774292,0.458392,0.909546,0.780273,0.834360,0.470694,1.326457,0.461141,224.000000,10388.000000
4936.000000,435.436981,0.773071,0.459431,0.909424,0.779419,0.833697,0.471478,1.326960,0.465916,228.089996,10154.000000
4937.000000,420.624451,0.780151,0.465634,0.914185,0.785278,0.840078,0.477456,1.336132,0.481843,228.059998,10529.000000
4938.000000,425.942871,0.784912,0.469381,0.917847,0.790283,0.843847,0.481418,1.341508,0.492158,227.259995,10409.000000
4939.000000,411.761444,0.783325,0.468481,0.916870,0.788696,0.843408,0.480461,1.345600,0.494060,234.059998,10229.000000
4940.000000,414.961823,0.784058,0.469578,0.912231,0.789673,0.842689,0.481442,1.343809,0.492895,235.300003,10559.000000
4941.000000,428.125977,0.780151,0.468165,0.910400,0.785767,0.839049,0.479660,1.334698,0.488911,244.110001,10390.000000
4942.000000,418.716583,0.782959,0.470730,0.911743,0.789429,0.841412,0.482376,1.331645,0.492924,230.880005,10385.000000
4943.000000,429.174255,0.785400,0.471040,0.915405,0.791626,0.842392,0.483113,1.337019,0.492133,243.619995,10303.000000
4944.000000,433.654205,0.786621,0.471578,0.914917,0.792969,0.842295,0.483594,1.343492,0.487053,257.739990,10358.000000
4945.000000,432.968414,0.786011,0.469621,0.912354,0.792358,0.841963,0.481620,1.331965,0.477182,228.000000,10288.000000
4946.000000,401.171631,0.782471,0.466509,0.910400,0.788452,0.838620,0.478211,1.331165,0.474653,234.660004,10202.000000
4947.000000,436.135406,0.780762,0.465075,0.912598,0.786987,0.838676,0.476669,1.329783,0.480695,228.559998,10522.000000
4948.000000,407.452362,0.781616,0.465906,0.910278,0.788574,0.838482,0.477586,1.327501,0.480456,220.720001,10344.000000
4949.000000,423.199036,0.781006,0.464847,0.909424,0.786743,0.837608,0.476140,1.329911,0.475078,225.639999,10153.000000
4950.000000,413.273804,0.783813,0.466511,0.912476,0.790283,0.840484,0.477804,1.328246,0.474265,234.119995,10281.000000
4951.000000,420.568451,0.784424,0.466515,0.912720,0.790527,0.840911,0.477851,1.333153,0.476346,224.850006,10224.000000
4952.000000,448.302643,0.786621,0.468075,0.915527,0.792969,0.844499,0.479417,1.339571,0.484016,227.440002,10238.000000
4953.000000,414.843597,0.787720,0.469164,0.916870,0.794189,0.846080,0.480560,1.346055,0.485801,218.139999,10149.000000
4954.000000,422.130096,0.783203,0.466504,0.910645,0.789551,0.840644,0.478324,1.337757,0.481307,259.700012,10163.000000
4955.000000,432.477661,0.777832,0.461879,0.907837,0.785522,0.836265,0.474004,1.327292,0.480585,236.270004,10267.000000
4956.000000,408.425690,0.779785,0.464894,0.911499,0.787354,0.838171,0.477478,1.332690,0.490045,229.100006,10152.000000
4957.000000,416.115936,0.779663,0.465900,0.913086,0.787842,0.838725,0.478523,1.336859,0.491080,229.179993,10309.000000
4958.000000,418.927521,0.780273,0.465456,0.914185,0.787476,0.839719,0.478362,1.337467,0.485179,224.259995,10117.000000
4959.000000,429.859924,0.778931,0.465651,0.915771,0.786621,0.839624,0.478206,1.338903,0.483752,234.369995,10204.000000
4960.000000,429.958832,0.771729,0.462998,0.910889,0.779419,0.835053,0.475314,1.338091,0.478667,238.110001,10320.000000
4961.000000,412.268738,0.772339,0.462933,0.909302,0.779297,0.835222,0.474972,1.329459,0.475445,255.089996,10121.000000
4962.000000,438.102478,0.770996,0.464417,0.908081,0.779175,0.833309,0.476777,1.328836,0.476196,249.259995,10220.000000
4963.000000,456.204590,0.770264,0.466438,0.906250,0.778076,0.832418,0.478785,1.326309,0.482813,250.119995,10255.000000
4964.000000,414.677002,0.769897,0.466814,0.905396,0.777344,0.831120,0.479042,1.320978,0.482552,234.850006,10439.000000
4965.000000,421.784180,0.771118,0.467716,0.907959,0.779053,0.832347,0.480326,1.325602,0.485970,228.789993,10246.000000
4966.000000,396.905792,0.773315,0.470301,0.908203,0.781860,0.835254,0.482855,1.330942,0.493042,232.139999,10013.000000
4967.000000,399.753845,0.770386,0.470472,0.906128,0.777344,0.832256,0.482536,1.328491,0.496290,223.740005,10332.000000
4968.000000,417.527710,0.778198,0.476289,0.911987,0.785278,0.839534,0.488173,1.335376,0.505277,227.110001,10337.000000
4969.000000,429.442169,0.785767,0.484147,0.916260,0.793457,0.844565,0.496000,1.345352,0.514979,245.440002,10426.000000
4970.000000,417.339081,0.789429,0.486281,0.915405,0.796753,0.847319,0.497945,1.351781,0.521280,240.889999,10478.000000
4971.000000,430.903320,0.785645,0.484364,0.912354,0.793579,0.843307,0.496352,1.346053,0.520421,252.729996,10347.000000
4972.000000,427.696838,0.790039,0.488590,0.913574,0.797241,0.845670,0.500625,1.342266,0.522018,252.770004,10363.000000
4973.000000,433.312103,0.792114,0.489814,0.916138,0.800293,0.846619,0.501845,1.346067,0.517441,230.830002,10464.000000
4974.000000,431.033966,0.795532,0.490791,0.919922,0.802368,0.850963,0.502588,1.354584,0.517043,238.940002,10287.000000
4975.000000,403.497406,0.794800,0.489133,0.918213,0.800781,0.849730,0.500884,1.347949,0.506178,227.750000,10414.000000
4976.000000,452.686127,0.787109,0.483741,0.910889,0.792969,0.842436,0.495518,1.336139,0.493173,244.869995,10302.000000
4977.000000,447.050171,0.784180,0.483576,0.906128,0.790161,0.839270,0.495156,1.327011,0.490525,229.889999,10484.000000
4978.000000,429.743713,0.784912,0.482178,0.909790,0.791260,0.840804,0.493506,1.330859,0.489270,234.860001,10468.000000
4979.000000,455.282867,0.789429,0.484293,0.916748,0.795288,0.846303,0.495462,1.343098,0.495409,240.160004,10251.000000
4980.000000,426.984955,0.789551,0.483553,0.912720,0.796509,0.845317,0.494622,1.342865,0.494135,233.770004,10437.000000
4981.000000,434.170105,0.785156,0.480492,0.910034,0.790283,0.840869,0.491552,1.338377,0.490008,238.089996,10481.000000
4982.000000,411.105316,0.784424,0.481552,0.912720,0.790405,0.841261,0.492586,1.336936,0.490064,232.639999,10484.000000
4983.000000,412.786652,0.787842,0.482714,0.914917,0.793335,0.846332,0.493426,1.345252,0.493928,244.929993,10602.000000
4984.000000,437.246277,0.788940,0.483605,0.917114,0.794678,0.848494,0.494343,1.347384,0.495222,232.350006,10328.000000
4985.000000,442.935425,0.784546,0.480758,0.915283,0.790405,0.844844,0.491648,1.345188,0.496862,223.899994,10138.000000
4986.000000,425.124115,0.782349,0.477167,0.916382,0.787598,0.844085,0.488155,1.342849,0.485612,231.580002,10217.000000
4987.000000,435.994049,0.781738,0.477228,0.915894,0.788208,0.844342,0.488196,1.339321,0.483713,242.309998,10164.000000
4988.000000,451.631073,0.778076,0.472588,0.913818,0.783813,0.841317,0.483511,1.340077,0.480280,230.660004,10375.000000
4989.000000,450.542877,0.777344,0.472539,0.913574,0.783813,0.840957,0.483780,1.333927,0.478307,252.539993,10299.000000
4990.000000,453.164825,0.773926,0.469430,0.909302,0.780640,0.837531,0.480687,1.334055,0.470966,240.130005,10370.000000
4991.000000,411.860718,0.770874,0.468127,0.906738,0.776978,0.835446,0.478934,1.327312,0.462244,227.470001,10319.000000
4992.000000,434.785980,0.769409,0.466533,0.905029,0.775513,0.834512,0.476925,1.325693,0.459907,251.440002,10439.000000
4993.000000,418.908203,0.770142,0.466963,0.908081,0.775513,0.835506,0.477412,1.329148,0.464136,232.100006,10560.000000
4994.000000,457.548676,0.771240,0.465632,0.910034,0.777954,0.836823,0.476285,1.325035,0.463602,254.429993,10367.000000
4995.000000,437.005249,0.774902,0.467918,0.909790,0.780884,0.838944,0.478487,1.331695,0.472840,233.729996,10387.000000
4996.000000,437.771240,0.767334,0.462623,0.905151,0.775391,0.832697,0.473640,1.323670,0.468140,225.759995,10347.000000
4997.000000,403.597351,0.774536,0.465648,0.909668,0.781738,0.838721,0.476834,1.325426,0.479564,221.270004,10478.000000
4998.000000,420.212860,0.777954,0.469179,0.916260,0.786011,0.842276,0.480500,1.341631,0.492248,228.009995,10410.000000
4999.000000,422.655914,0.784912,0.474262,0.916016,0.791382,0.847976,0.485581,1.344874,0.499072,230.949997,10230.000000
5000.000000,424.098938,0.784668,0.473077,0.915283,0.791260,0.846738,0.484695,1.339572,0.497366,224.539993,10275.000000
5001.000000,418.755981,0.782959,0.468701,0.912476,0.789551,0.844726,0.480762,1.332490,0.491061,232.600006,10324.000000
5002.000000,416.542389,0.784668,0.469871,0.913696,0.792114,0.846331,0.481996,1.334327,0.488462,230.750000,10330.000000
5003.000000,424.947449,0.787964,0.471085,0.916016,0.795776,0.848703,0.483370,1.339841,0.489718,234.520004,10526.000000
5004.000000,428.299316,0.788940,0.469962,0.918213,0.795898,0.848095,0.482362,1.339874,0.486389,224.130005,10342.000000
5005.000000,411.900848,0.790894,0.470454,0.919800,0.797485,0.848943,0.482727,1.342636,0.488045,223.119995,10337.000000
5006.000000,411.967133,0.787109,0.469533,0.914917,0.793457,0.845471,0.481502,1.338373,0.479094,220.970001,10364.000000
5007.000000,429.156311,0.784180,0.467121,0.909912,0.791382,0.841055,0.479618,1.326879,0.473971,230.479996,10562.000000
5008.000000,427.656433,0.778687,0.462953,0.906128,0.787109,0.835547,0.475739,1.312555,0.463064,247.800003,10290.000000
5009.000000,429.034576,0.778809,0.461980,0.909058,0.786377,0.835927,0.474994,1.314712,0.463362,235.679993,10382.000000
5010.000000,435.017670,0.784302,0.465228,0.916626,0.792114,0.842460,0.478401,1.330956,0.475901,235.330002,10377.000000
5011.000000,418.478302,0.786133,0.467288,0.914429,0.793091,0.843259,0.479919,1.335217,0.477846,247.529999,10218.000000
5012.000000,415.553101,0.786499,0.467218,0.912598,0.793335,0.844178,0.479655,1.327944,0.479858,228.690002,10334.000000
5013.000000,421.423859,0.782837,0.463427,0.912476,0.790649,0.841667,0.475940,1.334636,0.478956,231.300003,10230.000000
5014.000000,416.297424,0.785767,0.465930,0.917847,0.792480,0.844840,0.478307,1.337602,0.481283,223.429993,10120.000000
5015.000000,431.188538,0.786987,0.467211,0.914795,0.794189,0.846018,0.479533,1.338433,0.482173,237.600006,10250.000000
5016.000000,428.835693,0.786743,0.466089,0.916992,0.793335,0.844870,0.478506,1.338460,0.477737,236.639999,10422.000000
5017.000000,397.001068,0.783691,0.462171,0.913452,0.791016,0.841065,0.474919,1.335683,0.470592,221.220001,10322.000000
5018.000000,407.170288,0.785645,0.464923,0.913452,0.791870,0.841856,0.477931,1.327927,0.471663,229.089996,10418.000000
5019.000000,449.979950,0.781372,0.461873,0.906982,0.788330,0.836907,0.474775,1.317477,0.472879,250.369995,10605.000000
5020.000000,410.700500,0.778564,0.458673,0.909180,0.785645,0.833747,0.471700,1.312106,0.466682,235.539993,10581.000000
5021.000000,424.791656,0.778320,0.458344,0.908691,0.785400,0.833568,0.471238,1.316692,0.465464,232.130005,10362.000000
5022.000000,426.220093,0.776001,0.456805,0.907715,0.783081,0.832131,0.469404,1.314107,0.461938,230.149994,10114.000000
5023.000000,427.047791,0.777100,0.460266,0.905029,0.784546,0.831863,0.472876,1.311399,0.465638,230.190002,10249.000000
5024.000000,420.216400,0.777710,0.463110,0.906494,0.785156,0.833798,0.475286,1.316069,0.473237,229.130005,10194.000000
5025.000000,418.274658,0.783569,0.468588,0.910522,0.791260,0.837489,0.481022,1.318597,0.481093,231.300003,10106.000000
5026.000000,426.530762,0.782349,0.467272,0.910889,0.788940,0.837839,0.479575,1.324688,0.481363,227.759995,10312.000000
5027.000000,438.750793,0.784912,0.466910,0.913574,0.792603,0.841072,0.479257,1.328584,0.483800,251.259995,10262.000000
5028.000000,441.057556,0.785889,0.467252,0.912720,0.792236,0.842684,0.479309,1.329141,0.487874,236.559998,10221.000000
5029.000000,424.449463,0.788208,0.469921,0.914795,0.794434,0.844088,0.482063,1.328001,0.494374,241.720001,10498.000000
5030.000000,400.995178,0.788330,0.470216,0.913940,0.795166,0.845057,0.482385,1.332242,0.491397,225.130005,10444.000000
5031.000000,448.449585,0.787720,0.469636,0.915649,0.793091,0.842527,0.481860,1.329030,0.488002,241.470001,10461.000000
5032.000000,403.238525,0.784546,0.469568,0.912720,0.790649,0.840227,0.481863,1.320887,0.485359,228.360001,10497.000000
5033.000000,428.554810,0.783569,0.468638,0.911499,0.790039,0.838685,0.481013,1.323648,0.490281,241.910004,10378.000000
5034.000000,441.097260,0.783813,0.470506,0.913208,0.790649,0.839170,0.482791,1.324735,0.491991,240.550003,10501.000000
5035.000000,422.748260,0.787598,0.471667,0.913208,0.793823,0.840694,0.483909,1.327389,0.492564,229.800003,10572.000000
5036.000000,422.356903,0.795044,0.475069,0.919434,0.801025,0.847255,0.487201,1.341939,0.488733,231.770004,10444.000000
5037.000000,437.432465,0.794434,0.474947,0.918823,0.800537,0.847059,0.487042,1.345192,0.489066,253.210007,10245.000000
5038.000000,419.044373,0.791382,0.475630,0.915039,0.796875,0.845590,0.487649,1.344755,0.492069,225.729996,10113.000000
5039.000000,408.880249,0.786865,0.472206,0.907959,0.793213,0.840045,0.484111,1.326278,0.480819,226.070007,10498.000000
5040.000000,420.898590,0.782837,0.469594,0.908203,0.790283,0.835834,0.481510,1.323658,0.478458,230.929993,10429.000000
5041.000000,420.883789,0.783203,0.470799,0.910156,0.789307,0.838955,0.482052,1.329183,0.480400,233.860001,10567.000000
5042.000000,402.266754,0.782959,0.471394,0.909058,0.789795,0.839066,0.482599,1.329486,0.483813,229.979996,10421.000000
5043.000000,434.604431,0.785156,0.472296,0.910034,0.792358,0.841399,0.483131,1.333367,0.483804,241.929993,10406.000000
5044.000000,426.220764,0.786865,0.474337,0.912842,0.793823,0.842174,0.484832,1.334769,0.484398,248.529999,10582.000000
5045.000000,420.581177,0.790405,0.475729,0.914185,0.797485,0.846523,0.486176,1.343796,0.492812,240.539993,10323.000000
5046.000000,395.884583,0.794067,0.476863,0.917480,0.801514,0.851199,0.487263,1.349944,0.496328,241.580002,10389.000000
5047.000000,423.071594,0.787231,0.473406,0.913086,0.794434,0.846267,0.483549,1.352021,0.493074,236.979996,10209.000000
5048.000000,415.330719,0.781250,0.471409,0.907959,0.788452,0.841173,0.481221,1.334891,0.488176,236.570007,10408.000000
5049.000000,404.713593,0.778931,0.470549,0.905640,0.786621,0.838786,0.480432,1.327814,0.486682,222.919998,10424.000000
5050.000000,415.370667,0.775391,0.469447,0.903931,0.783813,0.835403,0.479224,1.327967,0.484117,235.279999,10543.000000
5051.000000,416.129913,0.778320,0.470187,0.906006,0.786255,0.838431,0.480191,1.328572,0.479627,226.600006,10409.000000
5052.000000,429.308960,0.775024,0.466153,0.909668,0.782959,0.837750,0.476314,1.336598,0.481336,231.199997,10534.000000
5053.000000,420.016083,0.778442,0.470046,0.912109,0.785400,0.842391,0.479953,1.344927,0.488505,226.539993,10463.000000
5054.000000,431.393402,0.779297,0.469048,0.910645,0.787598,0.843133,0.479171,1.341906,0.488392,250.779999,10391.000000
5055.000000,434.527679,0.781738,0.472893,0.912964,0.788574,0.844585,0.483063,1.346660,0.491862,227.550003,10510.000000
5056.000000,436.064667,0.784912,0.474454,0.916260,0.791870,0.848177,0.484672,1.354264,0.494771,230.710007,10292.000000
5057.000000,456.301575,0.786011,0.474307,0.914062,0.792358,0.847217,0.484180,1.353085,0.494464,250.669998,10294.000000
5058.000000,435.645142,0.786987,0.472806,0.913452,0.792358,0.848098,0.482494,1.344278,0.488679,226.070007,10122.000000
5059.000000,429.480896,0.781860,0.469036,0.909546,0.788574,0.842950,0.478701,1.340937,0.490005,248.899994,10486.000000
5060.000000,441.752502,0.785767,0.470852,0.914917,0.791382,0.848140,0.480149,1.352309,0.488445,227.000000,10446.000000
5061.000000,409.934265,0.787354,0.471750,0.917236,0.794678,0.849076,0.481643,1.354763,0.500467,233.100006,10431.000000
5062.000000,415.783813,0.787354,0.472900,0.911865,0.793579,0.848676,0.483001,1.345324,0.506927,228.100006,10360.000000
5063.000000,431.442657,0.786987,0.472606,0.913940,0.793335,0.848386,0.482748,1.340734,0.506098,237.369995,10234.000000
5064.000000,415.245697,0.785645,0.469664,0.913208,0.792603,0.846337,0.480272,1.343283,0.496280,219.539993,10286.000000
5065.000000,400.273834,0.788330,0.471556,0.914307,0.795654,0.847946,0.482031,1.344847,0.487987,221.220001,10358.000000
5066.000000,430.641022,0.791870,0.473494,0.916626,0.798584,0.850451,0.483914,1.353894,0.490651,230.669998,10479.000000
5067.000000,422.262024,0.790527,0.473145,0.914917,0.797119,0.849359,0.483525,1.346972,0.489533,232.449997,10279.000000
5068.000000,420.152344,0.787354,0.469749,0.911377,0.794556,0.845747,0.480329,1.340906,0.486807,235.669998,10617.000000
5069.000000,422.626923,0.787476,0.469898,0.910400,0.793945,0.844723,0.480565,1.337968,0.481657,220.360001,10455.000000
5070.000000,426.317719,0.785156,0.467973,0.906982,0.791992,0.841801,0.478754,1.328947,0.478214,224.929993,10379.000000
5071.000000,418.441681,0.785645,0.466920,0.913940,0.792480,0.843859,0.477518,1.335245,0.480596,238.979996,10185.000000
5072.000000,426.521088,0.791504,0.471175,0.918213,0.800049,0.850688,0.481853,1.348768,0.491892,227.960007,10461.000000
5073.000000,420.190491,0.791626,0.470371,0.916138,0.798706,0.850145,0.480985,1.349421,0.494976,225.610001,10391.000000
5074.000000,428.701904,0.787842,0.469031,0.913818,0.795410,0.846568,0.479946,1.339942,0.490514,230.389999,10185.000000
5075.000000,433.598389,0.784058,0.464918,0.912964,0.792236,0.844945,0.476056,1.339503,0.488097,242.850006,10322.000000
5076.000000,441.890564,0.782349,0.463378,0.912231,0.790039,0.843626,0.474203,1.337022,0.481371,233.509995,10069.000000
5077.000000,417.910706,0.782104,0.463352,0.911377,0.790405,0.843670,0.474148,1.338621,0.487692,221.259995,10353.000000
5078.000000,424.250458,0.780151,0.461232,0.912964,0.787842,0.843599,0.472118,1.342002,0.487997,244.369995,10151.000000
5079.000000,431.811768,0.779663,0.460753,0.912964,0.787598,0.843945,0.471525,1.341569,0.486976,227.830002,10296.000000
5080.000000,426.954254,0.778198,0.460005,0.911987,0.786377,0.842718,0.470880,1.341191,0.481855,225.220001,10378.000000
5081.000000,441.225433,0.776978,0.458364,0.910645,0.784424,0.842434,0.469192,1.339915,0.480137,262.730011,10233.000000
5082.000000,435.197876,0.774902,0.457779,0.909912,0.783691,0.840787,0.468879,1.335219,0.478992,248.110001,10219.000000
5083.000000,439.119537,0.771851,0.457503,0.908081,0.779297,0.838700,0.468478,1.337013,0.475856,239.669998,10531.000000
5084.000000,422.835083,0.772827,0.455971,0.913086,0.779663,0.841735,0.466760,1.338459,0.474915,245.149994,10058.000000
5085.000000,414.689728,0.769165,0.453900,0.911377,0.776367,0.840995,0.464741,1.336088,0.477184,222.570007,10382.000000
5086.000000,429.010895,0.770752,0.455492,0.912109,0.779175,0.843062,0.466517,1.333513,0.485129,229.289993,10264.000000
5087.000000,462.731781,0.768677,0.455483,0.910278,0.776978,0.838878,0.466981,1.333956,0.491295,250.520004,10373.000000
5088.000000,408.573944,0.772095,0.458971,0.911499,0.780762,0.843486,0.470188,1.341289,0.493261,227.539993,10524.000000
5089.000000,439.768463,0.769897,0.457906,0.911133,0.777954,0.841810,0.469059,1.335739,0.496197,239.509995,10495.000000
5090.000000,410.543671,0.769287,0.456507,0.909790,0.777222,0.840556,0.467847,1.336056,0.488983,237.250000,10204.000000
5091.000000,436.693939,0.774170,0.458661,0.914185,0.782593,0.844104,0.470169,1.333632,0.487468,234.850006,10276.000000
5092.000000,421.207153,0.771362,0.456452,0.912598,0.779419,0.842142,0.468019,1.338178,0.488431,227.250000,10270.000000
5093.000000,427.165527,0.774902,0.459828,0.912842,0.782104,0.843348,0.471437,1.333502,0.489716,228.809998,10375.000000
5094.000000,447.647461,0.774170,0.458260,0.910400,0.781616,0.841086,0.470044,1.330272,0.491421,247.050003,10438.000000
5095.000000,425.050140,0.778198,0.460802,0.912476,0.786499,0.843961,0.472887,1.332403,0.492855,229.710007,10125.000000
5096.000000,428.844788,0.777954,0.461435,0.909546,0.785767,0.842899,0.473341,1.330691,0.490816,243.270004,10257.000000
5097.000000,433.312714,0.785156,0.465231,0.914917,0.793457,0.848286,0.477449,1.334513,0.494864,234.270004,10287.000000
5098.000000,431.194641,0.787842,0.466119,0.918945,0.796387,0.849378,0.478453,1.344724,0.503376,244.449997,10324.000000
5099.000000,432.041382,0.787720,0.464746,0.917725,0.795776,0.849037,0.477010,1.345289,0.495787,233.199997,10139.000000
5100.000000,411.007202,0.787109,0.464052,0.911499,0.795532,0.846583,0.476443,1.333337,0.484953,219.979996,10247.000000
5101.000000,441.357849,0.790527,0.465599,0.914917,0.798340,0.848767,0.477819,1.333086,0.483448,229.580002,10085.000000
5102.000000,433.347504,0.792725,0.466240,0.915894,0.800781,0.848793,0.478235,1.334141,0.490453,248.710007,10027.000000
5103.000000,423.247101,0.793457,0.467865,0.913574,0.802002,0.848109,0.479815,1.333384,0.495717,232.350006,10052.000000
5104.000000,413.455994,0.792969,0.466575,0.914185,0.801270,0.846431,0.478567,1.334248,0.488262,221.800003,10097.000000
5105.000000,430.192261,0.795044,0.467565,0.914917,0.803711,0.847990,0.479627,1.336870,0.487902,231.949997,10462.000000
5106.000000,408.207458,0.791016,0.464419,0.913452,0.800049,0.844785,0.476481,1.334973,0.482327,250.279999,10371.000000
5107.000000,447.585358,0.790527,0.464829,0.909058,0.798706,0.842446,0.476979,1.325059,0.477730,236.759995,10295.000000
5108.000000,430.430603,0.785522,0.462018,0.907104,0.794067,0.838617,0.474187,1.317706,0.472257,243.190002,10159.000000
5109.000000,457.203705,0.783569,0.460077,0.909058,0.791992,0.838294,0.472332,1.321435,0.473142,247.720001,10216.000000
5110.000000,432.900513,0.785889,0.462145,0.912354,0.795166,0.841030,0.474431,1.324593,0.476643,232.839996,9823.000000
5111.000000,428.899384,0.787109,0.463082,0.913330,0.795532,0.842619,0.475152,1.335326,0.479677,237.089996,10365.000000
5112.000000,426.656860,0.783325,0.460390,0.909180,0.791626,0.838508,0.472420,1.325394,0.473015,230.820007,10272.000000
5113.000000,412.692841,0.781494,0.459629,0.908691,0.789917,0.837857,0.471668,1.315269,0.466422,235.899994,10097.000000
5114.000000,431.326599,0.780640,0.459142,0.909546,0.789795,0.837992,0.471345,1.321628,0.469900,246.309998,10346.000000
5115.000000,436.996155,0.778198,0.459152,0.910522,0.787109,0.837155,0.471118,1.322265,0.472571,236.949997,10217.000000
5116.000000,433.039185,0.776489,0.456167,0.907715,0.785034,0.835767,0.467913,1.319358,0.470348,237.529999,10447.000000
5117.000000,410.546295,0.779053,0.458293,0.911133,0.786987,0.838492,0.470083,1.321388,0.475738,237.460007,10413.000000
5118.000000,404.018982,0.778809,0.458502,0.912720,0.788452,0.838714,0.470701,1.322200,0.483949,231.050003,10409.000000
5119.000000,424.415833,0.778198,0.459961,0.910278,0.786621,0.838633,0.472306,1.324216,0.486266,227.190002,10500.000000
5120.000000,410.963806,0.770386,0.459091,0.905640,0.779175,0.832757,0.471425,1.319463,0.481272,222.610001,10501.000000
5121.000000,427.608002,0.771240,0.459199,0.907227,0.779297,0.833879,0.471268,1.311168,0.479043,231.779999,10218.000000
5122.000000,434.524780,0.772461,0.459827,0.907349,0.781860,0.834660,0.472311,1.320097,0.490790,231.149994,10212.000000
5123.000000,431.219666,0.775146,0.461771,0.911621,0.785156,0.837711,0.474467,1.325919,0.496747,250.630005,10447.000000
5124.000000,431.867981,0.779053,0.464376,0.909424,0.788086,0.839942,0.477408,1.327350,0.500676,240.820007,10442.000000
5125.000000,430.571960,0.781250,0.466140,0.911499,0.790405,0.839977,0.479392,1.332352,0.504176,241.100006,10122.000000
5126.000000,438.154205,0.779663,0.466478,0.909912,0.789185,0.839215,0.479339,1.325695,0.503802,239.610001,10236.000000
5127.000000,429.065552,0.785034,0.467137,0.913452,0.793335,0.843051,0.480019,1.329934,0.506936,242.639999,10449.000000
5128.000000,418.227844,0.787720,0.468542,0.916870,0.796021,0.844782,0.481417,1.333819,0.504465,241.860001,10335.000000
5129.000000,433.764038,0.789062,0.468251,0.915161,0.797119,0.844427,0.481026,1.338284,0.506298,226.369995,10280.000000
5130.000000,428.812317,0.791138,0.470476,0.915649,0.798950,0.846501,0.483249,1.340504,0.508453,239.020004,10291.000000
5131.000000,446.454010,0.792114,0.471294,0.913696,0.799561,0.844978,0.484100,1.332475,0.505569,244.380005,10273.000000
5132.000000,435.166077,0.793091,0.470361,0.915527,0.802490,0.845390,0.483861,1.333215,0.506267,229.839996,10182.000000
5133.000000,396.133087,0.791016,0.468664,0.914917,0.798950,0.843804,0.481826,1.336182,0.496606,219.210007,10311.000000
5134.000000,423.877502,0.787231,0.465109,0.910645,0.794800,0.840184,0.478277,1.327114,0.481738,235.630005,10285.000000
5135.000000,424.878418,0.786499,0.462565,0.911011,0.793945,0.839537,0.475706,1.325936,0.478679,227.399994,10238.000000
5136.000000,434.740845,0.786987,0.462652,0.913696,0.795044,0.841846,0.475502,1.331518,0.485580,239.960007,10210.000000
5137.000000,418.903534,0.786987,0.462354,0.912720,0.795288,0.841298,0.475243,1.333449,0.487623,228.740005,10004.000000
5138.000000,419.826660,0.785156,0.459861,0.911499,0.793213,0.839854,0.472533,1.332344,0.485170,222.679993,10188.000000
5139.000000,419.657257,0.783936,0.461159,0.911011,0.791504,0.839829,0.473471,1.329587,0.485496,226.759995,10172.000000
5140.000000,434.902771,0.786499,0.463503,0.912964,0.793701,0.842142,0.475807,1.329339,0.489736,246.199997,10103.000000
5141.000000,435.756104,0.783081,0.462324,0.910400,0.791260,0.839045,0.474539,1.328477,0.487658,226.929993,10069.000000
5142.000000,439.325806,0.784668,0.463168,0.911133,0.792358,0.840455,0.475291,1.328955,0.489116,239.440002,10229.000000
5143.000000,449.108612,0.785889,0.464549,0.914429,0.792847,0.842207,0.476445,1.332678,0.489599,250.399994,10333.000000
5144.000000,444.197235,0.778076,0.459442,0.906616,0.785400,0.835138,0.471611,1.323768,0.481568,235.460007,10206.000000
5145.000000,438.750183,0.779175,0.460503,0.908203,0.786987,0.836286,0.472878,1.319480,0.479478,231.160004,9990.000000
5146.000000,433.774963,0.776489,0.460229,0.909912,0.784668,0.835632,0.472595,1.319414,0.477883,240.479996,10447.000000
5147.000000,423.299042,0.773560,0.457206,0.909668,0.780273,0.833720,0.469245,1.321705,0.476838,236.740005,10299.000000
5148.000000,441.002411,0.774292,0.456752,0.910400,0.783691,0.835168,0.469156,1.320539,0.478336,240.100006,10262.000000
5149.000000,439.612854,0.778442,0.457533,0.912964,0.786133,0.838606,0.469688,1.327525,0.482394,260.459991,10442.000000
5150.000000,443.318024,0.775391,0.456363,0.910889,0.784424,0.836852,0.468454,1.328536,0.482572,241.149994,10336.000000
5151.000000,410.032227,0.777344,0.456892,0.907471,0.784546,0.838600,0.468801,1.321926,0.480172,233.509995,10208.000000
5152.000000,403.255859,0.775146,0.456019,0.908691,0.784058,0.837038,0.468171,1.324865,0.489328,243.660004,10296.000000
5153.000000,404.762024,0.775269,0.458259,0.909912,0.784180,0.839126,0.470205,1.329209,0.495251,233.800003,10250.000000
5154.000000,421.228943,0.781494,0.461704,0.914185,0.790161,0.845144,0.473618,1.334545,0.494689,234.470001,10252.000000
5155.000000,427.201691,0.782227,0.463996,0.915283,0.791870,0.846035,0.476370,1.344466,0.502001,229.410004,10101.000000
5156.000000,424.856293,0.781860,0.463257,0.912354,0.790283,0.844623,0.475404,1.336231,0.499622,233.830002,10166.000000
5157.000000,446.604736,0.779541,0.461156,0.911377,0.787598,0.841547,0.473006,1.330133,0.495505,231.570007,10326.000000
5158.000000,443.608276,0.779663,0.460672,0.915649,0.787354,0.843990,0.472440,1.335494,0.494888,244.669998,10391.000000
5159.000000,421.171295,0.780273,0.461351,0.918457,0.787598,0.845106,0.473118,1.336769,0.495525,231.139999,10367.000000
5160.000000,434.999054,0.784180,0.462485,0.918091,0.791260,0.847162,0.474456,1.344071,0.495447,238.110001,10151.000000
5161.000000,413.969513,0.782104,0.459377,0.916626,0.789673,0.845778,0.471254,1.336433,0.486777,226.539993,10189.000000
5162.000000,437.535583,0.778198,0.456259,0.913086,0.785767,0.843075,0.468018,1.331417,0.484044,229.630005,10380.000000
5163.000000,428.342072,0.778320,0.455979,0.913940,0.785767,0.843504,0.467752,1.332026,0.479093,237.720001,10184.000000
5164.000000,429.876251,0.777344,0.454777,0.912231,0.785522,0.842110,0.466880,1.328966,0.482985,227.880005,10269.000000
5165.000000,426.252472,0.776367,0.454416,0.910889,0.784912,0.841565,0.466593,1.328769,0.487574,235.220001,10445.000000
5166.000000,411.918243,0.775146,0.453226,0.913940,0.782959,0.840328,0.465470,1.329598,0.484336,224.050003,10378.000000
5167.000000,444.266632,0.777588,0.455548,0.910400,0.785645,0.842556,0.467836,1.333464,0.484554,256.420013,10485.000000
5168.000000,424.172180,0.778198,0.456532,0.913574,0.786621,0.844157,0.468991,1.333003,0.491147,244.899994,10422.000000
5169.000000,430.464752,0.778809,0.458121,0.914062,0.787231,0.844172,0.470655,1.341425,0.496229,237.350006,10373.000000
5170.000000,418.238983,0.781372,0.459660,0.914673,0.790405,0.845865,0.472249,1.344335,0.498221,230.050003,10257.000000
5171.000000,415.727814,0.781738,0.458687,0.915894,0.789917,0.846166,0.471341,1.336838,0.493450,233.020004,10465.000000
5172.000000,432.441162,0.777466,0.457937,0.911133,0.786255,0.842453,0.470549,1.336232,0.490765,250.820007,10111.000000
5173.000000,436.450836,0.780518,0.461947,0.913818,0.787109,0.843354,0.474448,1.334702,0.490767,230.570007,10189.000000
5174.000000,423.399170,0.781494,0.462960,0.913574,0.790405,0.843660,0.475808,1.332204,0.488405,237.020004,10352.000000
5175.000000,403.461670,0.781616,0.461914,0.912598,0.790649,0.844532,0.474790,1.331618,0.486014,222.380005,10087.000000
5176.000000,419.007538,0.782104,0.461242,0.912598,0.790894,0.843721,0.474004,1.329172,0.476365,234.160004,10242.000000
5177.000000,433.812836,0.777832,0.457893,0.908203,0.787354,0.839934,0.470596,1.325238,0.466576,250.289993,10358.000000
5178.000000,435.988281,0.777344,0.459024,0.907959,0.785278,0.838771,0.471664,1.318338,0.467686,233.990005,10237.000000
5179.000000,453.223755,0.776489,0.460098,0.910278,0.785400,0.839094,0.472694,1.323623,0.484133,243.080002,10273.000000
5180.000000,435.037872,0.780273,0.462708,0.915161,0.789185,0.843022,0.475502,1.334089,0.488928,243.059998,10302.000000
5181.000000,439.406342,0.784302,0.464552,0.915771,0.792725,0.846204,0.477273,1.338051,0.492045,243.009995,10154.000000
5182.000000,419.639648,0.781006,0.463893,0.908691,0.789795,0.842278,0.476451,1.325952,0.485893,233.910004,10306.000000
5183.000000,444.918884,0.779175,0.462647,0.907104,0.787842,0.838874,0.475194,1.322439,0.481645,235.220001,10221.000000
5184.000000,441.758789,0.777832,0.462953,0.909790,0.786743,0.838757,0.475542,1.315157,0.483155,235.050003,10296.000000
5185.000000,426.484497,0.778564,0.463739,0.910278,0.786987,0.838936,0.476543,1.316669,0.485812,231.059998,10346.000000
5186.000000,412.812653,0.779053,0.463909,0.911133,0.787964,0.839338,0.476827,1.320639,0.487390,228.610001,10356.000000
5187.000000,414.313629,0.776001,0.463844,0.909424,0.784424,0.837315,0.476670,1.312009,0.485008,239.399994,10058.000000
5188.000000,416.476105,0.774902,0.463115,0.907593,0.783203,0.836411,0.475820,1.306328,0.484069,235.210007,10099.000000
5189.000000,416.237366,0.772095,0.460861,0.906860,0.779907,0.835352,0.473379,1.309878,0.485467,233.720001,10428.000000
5190.000000,403.745911,0.775024,0.461730,0.910645,0.783691,0.838744,0.474135,1.316104,0.489119,229.740005,10236.000000
5191.000000,406.437225,0.776978,0.461806,0.914551,0.784180,0.840904,0.474290,1.325306,0.488061,220.419998,10371.000000
5192.000000,430.011200,0.782593,0.465250,0.917847,0.790283,0.845503,0.477817,1.330152,0.489827,237.970001,10242.000000
5193.000000,443.287567,0.781006,0.463213,0.914795,0.789062,0.844135,0.476000,1.326477,0.488524,238.699997,10154.000000
5194.000000,438.851074,0.778931,0.462035,0.915894,0.786255,0.843569,0.474253,1.326796,0.483947,247.350006,10195.000000
5195.000000,416.745850,0.776611,0.460652,0.912354,0.783691,0.842148,0.472959,1.321135,0.480552,241.479996,10089.000000
5196.000000,427.073700,0.775635,0.459496,0.914917,0.782837,0.841721,0.471812,1.319711,0.479700,235.600006,10161.000000
5197.000000,399.414032,0.775513,0.458163,0.913574,0.783447,0.842198,0.470778,1.323011,0.476564,243.750000,10342.000000
5198.000000,434.682953,0.777832,0.460904,0.914795,0.785400,0.844000,0.473532,1.326252,0.478037,251.270004,10306.000000
5199.000000,411.686707,0.777344,0.458237,0.915527,0.786499,0.843256,0.471218,1.324837,0.481477,234.779999,10336.000000
5200.000000,423.557526,0.779419,0.461173,0.915405,0.787354,0.843764,0.474134,1.325630,0.487984,235.979996,10196.000000
5201.000000,429.906616,0.775879,0.457338,0.911987,0.783447,0.840779,0.470024,1.322339,0.482637,234.220001,10327.000000
5202.000000,428.192444,0.772949,0.457086,0.910767,0.779419,0.838444,0.469516,1.315682,0.477873,233.600006,10076.000000
5203.000000,436.857697,0.777344,0.459536,0.914062,0.785278,0.841901,0.472330,1.321042,0.485755,261.529999,10238.000000
5204.000000,410.886749,0.780640,0.462484,0.916382,0.787598,0.845298,0.475325,1.330227,0.496330,225.149994,10225.000000
5205.000000,428.635864,0.778442,0.461366,0.910889,0.785400,0.841567,0.474305,1.320897,0.491095,255.199997,10391.000000
5206.000000,413.286865,0.779175,0.463066,0.912720,0.786133,0.841679,0.475958,1.316662,0.488483,229.360001,10121.000000
5207.000000,431.169891,0.778564,0.462533,0.912964,0.785278,0.841427,0.475516,1.315596,0.491223,223.729996,10163.000000
5208.000000,432.115448,0.779419,0.462646,0.915527,0.785034,0.841057,0.475454,1.319184,0.492268,236.229996,10003.000000
5209.000000,431.862213,0.782837,0.464168,0.914795,0.790161,0.843298,0.477138,1.319652,0.492268,242.050003,10318.000000
5210.000000,455.477875,0.783691,0.464220,0.915527,0.791260,0.844649,0.476958,1.321270,0.497082,247.880005,10240.000000
5211.000000,418.410400,0.781860,0.462938,0.915161,0.789795,0.842319,0.475682,1.318464,0.496045,239.910004,10102.000000
5212.000000,422.570831,0.784668,0.465568,0.913818,0.791260,0.843263,0.478415,1.312127,0.495145,241.800003,10181.000000
5213.000000,460.436981,0.783569,0.466353,0.911011,0.791260,0.840166,0.479333,1.311901,0.502163,257.029999,10409.000000
5214.000000,426.681671,0.779419,0.463634,0.907837,0.787354,0.836109,0.476792,1.302912,0.494459,226.229996,10016.000000
5215.000000,425.722748,0.775635,0.463354,0.903320,0.783936,0.831254,0.476716,1.289197,0.490994,231.000000,10061.000000
5216.000000,435.979065,0.779419,0.465736,0.909180,0.787231,0.834493,0.479233,1.295675,0.494752,239.679993,10284.000000
5217.000000,415.718536,0.784302,0.468367,0.912354,0.793579,0.838570,0.482011,1.309408,0.503868,220.270004,10048.000000
5218.000000,428.379944,0.786987,0.469597,0.912842,0.796021,0.840342,0.483222,1.311705,0.502004,229.259995,9936.000000
5219.000000,417.654877,0.791260,0.472699,0.916382,0.798706,0.843879,0.485993,1.318936,0.508665,226.119995,10061.000000
5220.000000,435.233612,0.788208,0.469190,0.916870,0.795288,0.841882,0.482369,1.318556,0.508400,238.100006,10260.000000
5221.000000,423.148346,0.784424,0.467787,0.912109,0.791016,0.838599,0.480852,1.309689,0.499211,230.369995,10086.000000
5222.000000,427.613037,0.782837,0.465353,0.911377,0.790771,0.837768,0.478778,1.306632,0.494472,232.300003,10510.000000
5223.000000,418.294250,0.787354,0.468233,0.917358,0.794922,0.841760,0.481519,1.315391,0.496699,227.850006,10243.000000
5224.000000,424.221954,0.786865,0.466993,0.916626,0.794922,0.842543,0.480181,1.320828,0.496146,233.410004,10202.000000
5225.000000,429.281982,0.787354,0.467108,0.915649,0.794067,0.842962,0.480326,1.310522,0.491958,242.240005,10145.000000
5226.000000,440.049713,0.782471,0.465370,0.912598,0.790039,0.839569,0.478497,1.307594,0.492439,247.929993,10107.000000
5227.000000,460.119934,0.779297,0.463421,0.912109,0.786499,0.836307,0.476290,1.305105,0.489313,246.320007,10243.000000
5228.000000,431.807404,0.774658,0.459961,0.907715,0.782104,0.832890,0.472904,1.298001,0.478670,235.419998,10322.000000
5229.000000,450.791412,0.772217,0.460007,0.906860,0.780029,0.830913,0.473139,1.298938,0.477059,247.479996,10373.000000
5230.000000,432.322815,0.772339,0.461098,0.909790,0.779907,0.831236,0.474081,1.300759,0.478225,236.990005,10128.000000
5231.000000,442.065247,0.775146,0.461630,0.912842,0.782227,0.833664,0.474487,1.309682,0.486052,257.200012,10319.000000
5232.000000,426.482239,0.774414,0.461929,0.913086,0.781494,0.834241,0.474707,1.313431,0.488495,249.580002,10161.000000
5233.000000,417.459442,0.776123,0.463126,0.912109,0.783081,0.836169,0.475762,1.312483,0.490900,227.770004,10276.000000
5234.000000,424.645813,0.776855,0.465051,0.913330,0.784058,0.839263,0.477296,1.314484,0.496641,234.449997,10181.000000
5235.000000,426.697052,0.776978,0.464785,0.912964,0.783936,0.839500,0.477001,1.314782,0.498287,236.809998,10393.000000
5236.000000,424.433929,0.777588,0.464380,0.913452,0.784912,0.840154,0.476735,1.317578,0.497093,233.100006,10064.000000
5237.000000,419.773010,0.774414,0.461801,0.914307,0.782959,0.839065,0.474123,1.317628,0.492434,225.199997,10154.000000
5238.000000,429.137146,0.774536,0.462190,0.913574,0.781128,0.840544,0.474145,1.318793,0.494626,237.940002,10494.000000
5239.000000,423.553040,0.772583,0.460629,0.914917,0.779785,0.840532,0.472477,1.324041,0.495462,227.410004,10380.000000
5240.000000,436.889740,0.768677,0.459652,0.912598,0.775879,0.838453,0.471291,1.318870,0.495694,241.119995,10436.000000
5241.000000,414.200592,0.770386,0.461145,0.909302,0.777710,0.838765,0.472965,1.312613,0.498507,243.529999,10463.000000
5242.000000,424.515320,0.768921,0.461670,0.909546,0.775757,0.836613,0.473574,1.311237,0.497102,221.360001,10443.000000
5243.000000,433.228241,0.773071,0.463645,0.914185,0.780029,0.841370,0.475424,1.314038,0.500303,229.070007,10068.000000
5244.000000,429.796265,0.774780,0.463436,0.914795,0.782471,0.842582,0.475424,1.316061,0.501278,240.279999,10221.000000
5245.000000,429.147034,0.772949,0.464731,0.912598,0.780151,0.840634,0.476746,1.316695,0.495225,232.460007,10142.000000
5246.000000,419.000763,0.772583,0.464231,0.914429,0.780273,0.842466,0.476281,1.320708,0.490494,224.029999,10148.000000
5247.000000,411.070740,0.770630,0.462818,0.914307,0.777588,0.840748,0.474472,1.321378,0.489204,227.300003,10031.000000
5248.000000,427.552185,0.775513,0.466987,0.916870,0.782104,0.845026,0.478560,1.323779,0.503610,242.679993,10298.000000
5249.000000,435.151550,0.777466,0.467646,0.917358,0.784912,0.846828,0.479291,1.328303,0.505643,251.789993,9852.000000
5250.000000,402.501404,0.781860,0.469523,0.920166,0.788574,0.850640,0.481030,1.333278,0.502837,227.589996,10195.000000
5251.000000,428.899292,0.780029,0.466828,0.919678,0.786133,0.850590,0.477960,1.337060,0.495736,230.880005,10145.000000
5252.000000,440.922058,0.780396,0.465871,0.919556,0.786743,0.851455,0.476753,1.337753,0.490566,257.570007,10240.000000
5253.000000,438.084778,0.778809,0.463857,0.915283,0.785767,0.849367,0.474895,1.328856,0.489009,229.600006,10268.000000
5254.000000,450.929047,0.780273,0.463041,0.915283,0.788330,0.849258,0.474482,1.326375,0.483349,264.220001,10421.000000
5255.000000,420.940887,0.775513,0.459828,0.910889,0.782959,0.843417,0.471171,1.316205,0.476618,230.679993,10002.000000
5256.000000,429.296967,0.775879,0.462252,0.909180,0.782715,0.844182,0.473201,1.311139,0.475425,235.089996,10226.000000
5257.000000,448.380646,0.769897,0.459412,0.907349,0.778809,0.837549,0.470656,1.304645,0.474685,237.529999,10126.000000
5258.000000,423.712463,0.767822,0.457752,0.905640,0.776245,0.835749,0.468863,1.302478,0.469901,250.139999,9937.000000
5259.000000,435.292145,0.773438,0.458892,0.912109,0.782227,0.840334,0.470032,1.310596,0.471500,243.850006,9819.000000
5260.000000,433.345581,0.773682,0.460551,0.913452,0.781616,0.840844,0.471874,1.315434,0.474875,229.830002,10023.000000
5261.000000,436.618317,0.776489,0.462322,0.914917,0.784302,0.844375,0.473618,1.316024,0.485277,237.839996,10106.000000
5262.000000,444.526154,0.773438,0.458626,0.912598,0.780762,0.841698,0.469898,1.314030,0.483180,244.100006,9935.000000
5263.000000,436.486969,0.776001,0.459311,0.915527,0.783569,0.844751,0.470625,1.316163,0.480124,235.210007,10161.000000
5264.000000,410.755188,0.774902,0.457112,0.915283,0.783081,0.844325,0.468550,1.316256,0.484108,229.960007,10068.000000
5265.000000,422.757935,0.774658,0.458058,0.912964,0.783569,0.844320,0.469543,1.313417,0.489605,235.479996,10191.000000
5266.000000,415.745667,0.770020,0.453827,0.912354,0.777954,0.841477,0.465174,1.316993,0.487104,221.970001,10038.000000
5267.000000,428.225372,0.768677,0.453356,0.910522,0.777954,0.841791,0.464820,1.310651,0.479260,238.039993,10202.000000
5268.000000,433.074432,0.768555,0.453718,0.910522,0.776733,0.839880,0.465293,1.311320,0.487067,244.380005,10042.000000
5269.000000,408.661285,0.772949,0.456687,0.913452,0.781128,0.843179,0.468103,1.313443,0.489404,247.869995,10106.000000
5270.000000,416.390961,0.773926,0.456041,0.913696,0.781860,0.843747,0.467456,1.313754,0.483399,238.729996,10091.000000
5271.000000,448.428009,0.776367,0.457230,0.914429,0.784180,0.845808,0.468269,1.322808,0.480125,238.979996,10170.000000
5272.000000,433.938507,0.774292,0.457258,0.914917,0.782593,0.843802,0.468260,1.319422,0.478588,244.229996,9985.000000
5273.000000,419.446930,0.770752,0.455527,0.909790,0.778809,0.841912,0.466438,1.310769,0.479524,232.460007,10111.000000
5274.000000,438.353668,0.768066,0.452346,0.910889,0.774414,0.839264,0.463154,1.314713,0.481226,243.009995,10448.000000
5275.000000,461.153137,0.767334,0.453282,0.912109,0.774292,0.840051,0.464434,1.311938,0.488242,254.369995,10088.000000
5276.000000,423.635559,0.767944,0.453607,0.911743,0.775757,0.840744,0.465023,1.312553,0.490277,231.910004,10366.000000
5277.000000,454.967194,0.771851,0.454119,0.920288,0.780151,0.845999,0.465543,1.321853,0.488564,244.589996,10102.000000
5278.000000,435.347229,0.775513,0.457783,0.920166,0.782837,0.850217,0.469018,1.329749,0.492031,236.919998,9953.000000
5279.000000,446.537933,0.774658,0.456296,0.920166,0.781738,0.850050,0.467370,1.325291,0.491698,260.799988,10192.000000
5280.000000,470.506195,0.776855,0.456917,0.917847,0.784546,0.851071,0.468250,1.320145,0.491130,271.769989,9910.000000
5281.000000,428.082092,0.774902,0.457624,0.915649,0.781738,0.847705,0.468937,1.307447,0.493391,226.850006,10159.000000
5282.000000,425.890381,0.769653,0.455586,0.909180,0.777832,0.841835,0.466952,1.297656,0.487788,239.100006,10234.000000
5283.000000,426.569519,0.771973,0.455969,0.913330,0.778442,0.842069,0.467526,1.298647,0.484719,245.350006,10078.000000
5284.000000,414.960144,0.768433,0.456139,0.909302,0.776001,0.838469,0.468005,1.299840,0.486575,233.210007,10083.000000
5285.000000,428.841766,0.771118,0.458620,0.910522,0.778198,0.839505,0.470437,1.297049,0.485921,230.820007,10122.000000
5286.000000,427.152740,0.771973,0.458123,0.911499,0.779663,0.840233,0.470183,1.306109,0.493390,236.389999,10244.000000
5287.000000,417.651672,0.775146,0.461140,0.915894,0.781738,0.843338,0.473099,1.314052,0.502116,246.649994,10250.000000
5288.000000,415.608154,0.776489,0.461660,0.913452,0.783447,0.843829,0.473572,1.314033,0.497854,233.250000,10179.000000
5289.000000,434.937256,0.775391,0.460357,0.914551,0.782349,0.842641,0.472145,1.314070,0.494891,257.820007,10082.000000
5290.000000,437.901978,0.780884,0.465662,0.915894,0.787354,0.845934,0.477773,1.316807,0.501802,259.399994,9989.000000
5291.000000,430.087280,0.778809,0.464452,0.913086,0.786011,0.842380,0.476600,1.316395,0.499592,232.889999,10276.000000
5292.000000,425.034790,0.782837,0.468183,0.913940,0.789429,0.845625,0.480238,1.315829,0.503821,232.630005,10091.000000
5293.000000,450.890686,0.782837,0.467822,0.914795,0.790405,0.844715,0.479892,1.322241,0.505814,247.570007,10363.000000
5294.000000,432.361481,0.786377,0.470016,0.915771,0.792603,0.846055,0.481987,1.321583,0.500913,241.190002,10165.000000
5295.000000,429.582794,0.787842,0.469402,0.914307,0.793945,0.846425,0.481299,1.322394,0.494780,243.309998,10276.000000
5296.000000,421.752014,0.791382,0.471483,0.913574,0.796509,0.847055,0.483029,1.321277,0.489406,226.850006,10110.000000
5297.000000,424.282227,0.786865,0.466210,0.911621,0.792847,0.842391,0.477822,1.315088,0.482979,234.339996,10501.000000
5298.000000,440.580261,0.788696,0.466685,0.916504,0.795044,0.844751,0.478175,1.320909,0.488502,236.589996,10520.000000
5299.000000,450.000183,0.787598,0.466983,0.915161,0.793701,0.843498,0.478389,1.321254,0.490118,242.190002,10203.000000
5300.000000,425.969116,0.788208,0.467155,0.913940,0.793823,0.844507,0.478491,1.321433,0.487474,238.570007,10330.000000
5301.000000,415.044312,0.786377,0.464486,0.913086,0.792114,0.842152,0.475827,1.316318,0.484568,228.139999,10129.000000
5302.000000,420.503662,0.785034,0.464859,0.914185,0.790161,0.843823,0.475859,1.321535,0.483645,245.610001,10303.000000
5303.000000,445.660736,0.787720,0.468746,0.914551,0.794312,0.845615,0.480032,1.324542,0.492573,242.509995,10355.000000
5304.000000,433.123779,0.787720,0.469486,0.914062,0.793945,0.846018,0.480597,1.322336,0.496234,254.369995,10213.000000
5305.000000,426.202209,0.784668,0.466605,0.910889,0.790771,0.842401,0.477658,1.318738,0.493784,230.940002,10344.000000
5306.000000,454.570038,0.784424,0.467312,0.910278,0.791382,0.841870,0.478480,1.314866,0.500713,254.440002,10323.000000
5307.000000,459.379761,0.788818,0.469645,0.917603,0.795410,0.846766,0.481066,1.320825,0.502625,246.929993,10377.000000
5308.000000,455.063538,0.786377,0.470721,0.914062,0.791992,0.844642,0.481875,1.321663,0.501168,243.320007,10325.000000
5309.000000,427.092407,0.789429,0.472803,0.914673,0.796021,0.846774,0.484374,1.315126,0.503690,231.630005,10082.000000
5310.000000,452.393005,0.792114,0.475287,0.918579,0.798828,0.847965,0.486870,1.323367,0.505042,246.089996,10261.000000
5311.000000,459.173462,0.788818,0.475397,0.911865,0.795166,0.844099,0.487177,1.318373,0.498594,259.299988,10212.000000
5312.000000,438.404724,0.787598,0.474186,0.911377,0.794312,0.842454,0.485825,1.310265,0.492703,231.210007,10194.000000
5313.000000,415.768127,0.783203,0.470116,0.913086,0.788574,0.841160,0.481290,1.311455,0.489068,239.850006,10405.000000
5314.000000,430.608734,0.783691,0.471142,0.913330,0.790283,0.842880,0.482228,1.312702,0.494888,226.020004,10343.000000
5315.000000,414.385620,0.782104,0.468403,0.912109,0.788696,0.841810,0.479534,1.319541,0.498489,223.369995,10185.000000
5316.000000,425.061859,0.786743,0.471558,0.912842,0.792725,0.845240,0.482857,1.316924,0.501281,225.820007,10122.000000
5317.000000,415.893433,0.783081,0.470894,0.911621,0.789917,0.842281,0.482361,1.314572,0.506785,235.479996,10305.000000
5318.000000,419.387512,0.784180,0.474787,0.912231,0.790771,0.843431,0.486262,1.312095,0.509133,223.289993,10390.000000
5319.000000,445.602112,0.782471,0.474504,0.907715,0.788940,0.841846,0.485602,1.309968,0.502898,253.559998,10382.000000
5320.000000,424.966156,0.784912,0.475189,0.915161,0.792358,0.844962,0.486669,1.314439,0.506149,225.630005,10364.000000
5321.000000,452.888794,0.786377,0.476390,0.915527,0.793579,0.846659,0.488055,1.317408,0.509253,251.289993,10444.000000
5322.000000,442.848572,0.782837,0.475933,0.911499,0.790527,0.842721,0.487844,1.311321,0.507200,243.059998,10102.000000
5323.000000,416.208435,0.776245,0.472686,0.904907,0.782837,0.836965,0.484883,1.294059,0.496282,231.759995,10229.000000
5324.000000,428.985260,0.777588,0.473625,0.910522,0.784302,0.837575,0.486073,1.295707,0.494050,236.580002,10279.000000
5325.000000,418.792511,0.782837,0.477967,0.915894,0.790161,0.841881,0.490718,1.314080,0.504406,232.720001,10271.000000
5326.000000,432.596191,0.789185,0.481642,0.920288,0.796265,0.848569,0.494448,1.326269,0.512479,243.050003,10126.000000
5327.000000,425.622437,0.784668,0.475472,0.915771,0.790771,0.844584,0.488460,1.322882,0.501161,228.929993,10351.000000
5328.000000,416.443481,0.782715,0.475138,0.911743,0.790161,0.843543,0.487742,1.311383,0.496937,232.130005,10520.000000
5329.000000,427.290436,0.785278,0.475534,0.915894,0.792847,0.845477,0.488111,1.315463,0.498056,239.110001,10131.000000
5330.000000,439.664154,0.784424,0.473331,0.914917,0.791260,0.843641,0.485735,1.316816,0.496018,241.289993,10071.000000
5331.000000,423.987518,0.782471,0.470540,0.909424,0.790161,0.841601,0.482681,1.308787,0.489841,234.830002,10174.000000
5332.000000,422.676483,0.781860,0.470805,0.913086,0.789551,0.841621,0.482854,1.309305,0.496536,232.490005,10291.000000
5333.000000,424.194214,0.786377,0.475254,0.915283,0.794189,0.845993,0.487414,1.310220,0.499387,270.929993,10270.000000
5334.000000,441.505127,0.785522,0.475338,0.912964,0.792725,0.843540,0.487713,1.310920,0.497597,233.130005,10391.000000
5335.000000,424.530029,0.784302,0.473977,0.910156,0.793091,0.841203,0.486523,1.304155,0.493958,230.050003,10131.000000
5336.000000,449.254181,0.794434,0.481812,0.913940,0.801270,0.847909,0.494108,1.309116,0.509591,256.339996,10367.000000
5337.000000,427.410583,0.794434,0.481264,0.915771,0.801025,0.846531,0.493431,1.315905,0.513456,233.869995,10231.000000
5338.000000,412.296509,0.789917,0.480420,0.910156,0.796509,0.841610,0.492405,1.303653,0.510946,223.130005,10165.000000
5339.000000,415.876068,0.786987,0.477670,0.907104,0.793823,0.837804,0.489682,1.295663,0.508735,231.080002,9945.000000
5340.000000,408.878601,0.789795,0.477865,0.911621,0.796997,0.840462,0.490046,1.302835,0.511940,231.330002,10261.000000
5341.000000,433.655609,0.793213,0.478498,0.915283,0.801147,0.844037,0.490675,1.301384,0.507260,263.190002,10133.000000
5342.000000,419.095154,0.789551,0.475350,0.909180,0.797119,0.840113,0.487525,1.297844,0.504530,232.899994,10051.000000
5343.000000,442.155762,0.789795,0.476704,0.907715,0.797119,0.838686,0.488923,1.289660,0.503176,249.520004,10246.000000
5344.000000,422.621582,0.788330,0.478267,0.906250,0.796265,0.836298,0.490607,1.287047,0.501380,231.740005,10059.000000
5345.000000,419.967743,0.790161,0.481822,0.910767,0.796509,0.838258,0.494077,1.291044,0.504161,239.750000,10286.000000
5346.000000,422.081757,0.789307,0.480335,0.908691,0.795776,0.836858,0.492606,1.291932,0.499030,243.309998,10184.000000
5347.000000,459.431610,0.788696,0.479868,0.906982,0.795654,0.835375,0.492012,1.292405,0.497724,249.330002,10369.000000
5348.000000,432.440063,0.788940,0.479630,0.908203,0.796265,0.836283,0.491633,1.297274,0.498694,236.029999,10098.000000
5349.000000,440.485870,0.790283,0.479646,0.911133,0.796997,0.838099,0.491460,1.302331,0.499756,249.550003,10153.000000
5350.000000,416.000061,0.786133,0.478282,0.908447,0.791260,0.835415,0.489707,1.300520,0.497551,225.929993,10263.000000
5351.000000,413.327332,0.786377,0.477859,0.910767,0.792603,0.836443,0.489340,1.297201,0.494856,218.119995,10278.000000
5352.000000,435.852905,0.788330,0.479652,0.914917,0.794556,0.838881,0.491137,1.309110,0.501809,241.690002,10130.000000
5353.000000,443.660126,0.788086,0.477284,0.917358,0.793823,0.840302,0.488820,1.310469,0.500579,244.119995,10257.000000
5354.000000,426.492706,0.787231,0.475872,0.913452,0.792725,0.839507,0.487411,1.304429,0.502735,229.330002,10169.000000
5355.000000,432.914978,0.788818,0.477169,0.917725,0.794922,0.842024,0.488910,1.307129,0.503814,227.960007,10152.000000
5356.000000,428.246460,0.789185,0.475537,0.917847,0.794189,0.843055,0.487221,1.309465,0.500683,233.059998,9888.000000
5357.000000,417.834473,0.788818,0.476525,0.914429,0.794678,0.842165,0.487984,1.306067,0.503231,218.559998,9892.000000
5358.000000,402.347931,0.791138,0.477849,0.915771,0.797119,0.842971,0.489498,1.300970,0.504640,242.210007,10253.000000
5359.000000,408.884277,0.791260,0.478958,0.915649,0.796509,0.844640,0.490255,1.304871,0.503924,221.679993,10115.000000
5360.000000,432.322906,0.789673,0.477632,0.913940,0.794922,0.841831,0.489180,1.304457,0.499419,248.039993,10103.000000
5361.000000,422.190979,0.786743,0.475720,0.912476,0.792236,0.838603,0.487293,1.302243,0.497250,234.100006,9991.000000
5362.000000,423.647400,0.786133,0.476432,0.914673,0.791870,0.839186,0.488153,1.302781,0.499888,232.789993,9985.000000
5363.000000,407.763824,0.788818,0.478826,0.913086,0.795654,0.840748,0.490296,1.300497,0.500127,232.720001,9909.000000
5364.000000,419.754608,0.786499,0.476766,0.910645,0.792480,0.838157,0.488246,1.299542,0.499841,221.990005,10190.000000
5365.000000,413.804962,0.789307,0.479763,0.911621,0.796509,0.839694,0.490926,1.302093,0.503311,250.000000,10100.000000
5366.000000,433.261780,0.790771,0.481021,0.909912,0.797852,0.839481,0.492527,1.303309,0.508213,239.660004,10082.000000
5367.000000,430.831696,0.793335,0.481021,0.910889,0.799683,0.840607,0.492309,1.306376,0.509742,235.830002,10103.000000
5368.000000,419.241730,0.794312,0.479852,0.913086,0.801025,0.841994,0.491284,1.307201,0.506526,221.089996,10240.000000
5369.000000,427.158478,0.795776,0.479095,0.912476,0.801270,0.842928,0.490116,1.308931,0.505228,229.470001,10016.000000
5370.000000,427.704559,0.795654,0.479203,0.912598,0.801514,0.841966,0.490385,1.311837,0.505593,237.589996,10139.000000
5371.000000,419.663483,0.799561,0.482032,0.914551,0.805054,0.845416,0.493002,1.317870,0.507465,236.300003,10178.000000
5372.000000,420.158264,0.797607,0.482182,0.911865,0.802246,0.844228,0.492821,1.313496,0.504409,229.899994,10295.000000
5373.000000,422.307861,0.799316,0.482746,0.909912,0.805054,0.843872,0.493479,1.314186,0.507081,225.729996,10323.000000
5374.000000,412.188080,0.795532,0.481139,0.909912,0.800903,0.840117,0.491827,1.306144,0.507074,226.160004,10120.000000
5375.000000,418.255066,0.792725,0.477613,0.907227,0.797974,0.837773,0.488622,1.304419,0.504542,227.660004,10094.000000
5376.000000,405.342255,0.786987,0.475859,0.906128,0.792725,0.834399,0.486949,1.300791,0.502505,247.639999,10246.000000
5377.000000,468.629303,0.788574,0.478922,0.907227,0.794800,0.835858,0.490326,1.302789,0.508839,264.500000,10088.000000
5378.000000,403.400513,0.788574,0.481913,0.910889,0.795166,0.837120,0.493685,1.306467,0.514355,227.729996,10126.000000
5379.000000,425.803589,0.791870,0.484608,0.912354,0.799194,0.840406,0.496587,1.319280,0.514811,242.910004,10218.000000
5380.000000,423.622314,0.790771,0.481684,0.913696,0.798096,0.840970,0.493797,1.321094,0.514153,237.130005,9983.000000
5381.000000,446.081299,0.786743,0.479651,0.911133,0.793579,0.838737,0.491675,1.313617,0.509765,256.329987,10268.000000
5382.000000,426.678680,0.786499,0.478451,0.910645,0.792969,0.839257,0.490263,1.308717,0.508650,222.000000,10278.000000
5383.000000,416.469971,0.785767,0.480543,0.912476,0.792480,0.839454,0.492217,1.312408,0.514155,233.660004,10146.000000
5384.000000,432.630798,0.787964,0.481790,0.914429,0.794434,0.842768,0.493761,1.316701,0.520991,233.649994,10233.000000
5385.000000,409.459381,0.785645,0.480219,0.912842,0.792603,0.841227,0.492253,1.313853,0.520857,231.710007,10307.000000
5386.000000,416.875305,0.786377,0.480620,0.913452,0.792847,0.841912,0.492347,1.320031,0.524290,238.300003,9808.000000
5387.000000,420.932129,0.787598,0.483377,0.914795,0.793945,0.844523,0.494944,1.315662,0.520730,233.320007,10205.000000
5388.000000,418.319916,0.790649,0.483512,0.917114,0.796509,0.847292,0.494939,1.322797,0.515600,234.759995,10260.000000
5389.000000,417.604553,0.791870,0.482104,0.917236,0.798706,0.848153,0.493798,1.329637,0.513177,246.779999,10129.000000
5390.000000,430.523651,0.787720,0.479845,0.911865,0.793823,0.844195,0.491188,1.326438,0.507676,231.990005,10085.000000
5391.000000,406.618469,0.789795,0.481013,0.911133,0.796387,0.845092,0.492103,1.317771,0.511571,228.410004,10218.000000
5392.000000,428.967621,0.787598,0.479108,0.910278,0.793701,0.843168,0.490144,1.313743,0.513879,230.949997,10019.000000
5393.000000,420.003815,0.787109,0.480447,0.908447,0.794189,0.842206,0.491482,1.312971,0.520374,231.270004,9866.000000
5394.000000,433.431885,0.789185,0.480631,0.910034,0.796875,0.843484,0.491925,1.314215,0.519801,236.309998,9874.000000
5395.000000,447.435150,0.789185,0.479871,0.910522,0.796875,0.842054,0.491525,1.314569,0.519685,233.360001,9976.000000
5396.000000,427.502289,0.789307,0.481421,0.910278,0.797729,0.841862,0.493334,1.308987,0.521657,241.110001,10083.000000
5397.000000,430.428558,0.789551,0.484613,0.906738,0.797974,0.841329,0.496757,1.302559,0.526649,223.839996,9867.000000
5398.000000,431.751373,0.787842,0.483942,0.908813,0.795410,0.839877,0.496037,1.306141,0.525221,228.169998,10148.000000
5399.000000,420.415527,0.789795,0.484885,0.913208,0.797607,0.842074,0.496942,1.314032,0.526876,224.089996,10242.000000
5400.000000,437.207367,0.790405,0.485130,0.911865,0.797607,0.843404,0.497103,1.311545,0.528775,252.100006,10036.000000
5401.000000,441.483948,0.789429,0.484573,0.909668,0.797852,0.841020,0.496627,1.308176,0.533246,242.039993,9961.000000
5402.000000,435.031036,0.791748,0.486141,0.913696,0.798462,0.843385,0.498105,1.310267,0.533296,232.059998,9911.000000
5403.000000,446.513245,0.791748,0.488239,0.912598,0.798706,0.841966,0.500307,1.304712,0.530516,238.779999,10034.000000
5404.000000,411.805908,0.785645,0.486785,0.906982,0.793701,0.836226,0.498782,1.299762,0.536009,235.369995,9949.000000
5405.000000,441.896393,0.786133,0.487003,0.909058,0.794312,0.836423,0.498920,1.297688,0.525362,229.580002,10060.000000
5406.000000,418.462219,0.786255,0.485916,0.909058,0.794922,0.837790,0.498129,1.300870,0.524757,234.270004,10473.000000
5407.000000,433.689270,0.784058,0.484603,0.907837,0.793213,0.835497,0.497076,1.301447,0.534075,238.960007,10255.000000
5408.000000,434.103119,0.785889,0.486985,0.908813,0.794434,0.837299,0.499385,1.297157,0.537569,229.539993,9964.000000
5409.000000,426.127686,0.785278,0.488484,0.906982,0.794434,0.837233,0.501042,1.295952,0.535628,234.669998,10099.000000
5410.000000,417.075928,0.789062,0.490449,0.909424,0.798950,0.839572,0.503495,1.298192,0.542231,236.960007,10143.000000
5411.000000,434.513214,0.791138,0.492392,0.911865,0.799683,0.841375,0.505184,1.306204,0.547968,241.570007,10208.000000
5412.000000,419.427856,0.790405,0.491606,0.912109,0.799072,0.840841,0.504846,1.304361,0.542513,234.330002,10256.000000
5413.000000,405.718597,0.791626,0.491802,0.911621,0.799927,0.842203,0.505196,1.304187,0.544410,224.119995,10064.000000
5414.000000,410.681763,0.791016,0.491431,0.915161,0.799072,0.842110,0.504725,1.309936,0.541396,249.279999,10029.000000
5415.000000,450.348755,0.791016,0.491125,0.914185,0.798462,0.842376,0.504522,1.308573,0.535238,239.470001,10063.000000
5416.000000,440.146057,0.790771,0.491068,0.913330,0.797607,0.841973,0.504270,1.306939,0.532546,228.759995,10258.000000
5417.000000,435.634094,0.783936,0.484149,0.911499,0.791870,0.836652,0.497394,1.302601,0.523057,231.059998,10108.000000
5418.000000,431.321289,0.786865,0.488839,0.911743,0.794189,0.839432,0.502195,1.303290,0.527235,239.240005,9991.000000
5419.000000,439.288452,0.787842,0.486711,0.914307,0.794434,0.839744,0.500031,1.308918,0.524463,244.339996,10182.000000
5420.000000,429.132111,0.783447,0.483584,0.909424,0.791138,0.837018,0.496758,1.303667,0.522522,235.240005,9905.000000
5421.000000,442.435669,0.782837,0.483158,0.908447,0.790894,0.835499,0.496033,1.295633,0.521034,227.800003,9876.000000
5422.000000,441.222992,0.788086,0.488029,0.911133,0.797119,0.839421,0.500806,1.302224,0.524255,230.559998,9942.000000
5423.000000,423.108551,0.789185,0.488312,0.915649,0.797119,0.841072,0.501525,1.310629,0.523834,244.119995,9904.000000
5424.000000,412.982849,0.791748,0.488497,0.917480,0.800171,0.842985,0.501611,1.314749,0.525118,230.479996,10135.000000
5425.000000,435.415100,0.789429,0.488577,0.913208,0.797241,0.841272,0.501153,1.312507,0.528057,231.479996,9999.000000
5426.000000,420.586731,0.788330,0.487432,0.911255,0.795044,0.840277,0.499809,1.309520,0.524074,234.979996,9956.000000
5427.000000,444.225983,0.790527,0.488359,0.913208,0.798340,0.841326,0.500678,1.312979,0.527855,232.300003,10158.000000
5428.000000,422.636688,0.792969,0.489704,0.913086,0.800415,0.842834,0.501918,1.316249,0.523398,229.300003,9934.000000
5429.000000,428.193298,0.788940,0.485806,0.909424,0.796753,0.839905,0.498081,1.307752,0.513771,238.380005,10002.000000
5430.000000,425.833130,0.790405,0.486739,0.909912,0.797852,0.840172,0.498866,1.309953,0.512810,231.160004,10062.000000
5431.000000,423.105469,0.795532,0.489787,0.915161,0.802979,0.845486,0.501649,1.319283,0.518062,233.720001,9943.000000
5432.000000,436.592590,0.794678,0.488020,0.916138,0.802124,0.844809,0.499876,1.322386,0.517623,229.139999,10039.000000
5433.000000,436.561920,0.792847,0.486438,0.911743,0.799438,0.842059,0.498181,1.318853,0.512964,225.350006,10125.000000
5434.000000,432.659363,0.792847,0.486274,0.908936,0.800537,0.841368,0.497833,1.309476,0.510551,233.550003,10238.000000
5435.000000,451.333099,0.785156,0.483055,0.903931,0.792358,0.834328,0.494866,1.301924,0.510456,248.190002,10094.000000
5436.000000,444.962463,0.789917,0.486059,0.909302,0.796875,0.837063,0.497894,1.302579,0.516650,233.419998,10309.000000
5437.000000,425.076233,0.791260,0.487092,0.911499,0.798218,0.838763,0.499074,1.307739,0.517745,241.789993,9917.000000
5438.000000,428.343781,0.793091,0.489841,0.914062,0.799561,0.842644,0.501969,1.316750,0.528756,233.990005,10106.000000
5439.000000,418.620117,0.792480,0.490721,0.914795,0.799194,0.844078,0.502890,1.321130,0.530592,227.149994,10138.000000
5440.000000,418.548645,0.788086,0.487556,0.912109,0.795288,0.841987,0.499678,1.320170,0.528411,226.440002,10039.000000
5441.000000,440.383820,0.788086,0.487104,0.912109,0.795410,0.841958,0.499484,1.320266,0.524781,239.100006,10255.000000
5442.000000,426.784485,0.787354,0.484774,0.915527,0.794067,0.842766,0.497082,1.318647,0.516753,221.229996,10196.000000
5443.000000,417.165802,0.784790,0.482684,0.912598,0.791626,0.841758,0.495000,1.316416,0.513159,225.320007,10312.000000
5444.000000,434.633240,0.785522,0.482640,0.913452,0.792603,0.841777,0.495182,1.309723,0.509692,234.309998,10134.000000
5445.000000,409.870087,0.787354,0.482399,0.915527,0.794189,0.842570,0.495038,1.316576,0.510937,239.490005,9967.000000
5446.000000,448.757416,0.785156,0.481113,0.914062,0.792114,0.841288,0.493755,1.312565,0.503586,233.710007,10076.000000
5447.000000,420.113892,0.785645,0.481683,0.911987,0.792603,0.840597,0.494214,1.313693,0.505196,234.740005,10111.000000
5448.000000,425.590607,0.783447,0.479523,0.910278,0.791382,0.838980,0.492024,1.309296,0.503641,245.940002,10063.000000
5449.000000,424.213257,0.781860,0.479234,0.910278,0.788452,0.838034,0.491336,1.308918,0.497623,232.309998,10073.000000
5450.000000,443.048431,0.784180,0.481737,0.911377,0.791016,0.838784,0.493905,1.308563,0.507389,238.539993,10230.000000
5451.000000,433.550812,0.783813,0.482357,0.910278,0.791382,0.839166,0.494494,1.313782,0.516879,246.190002,10286.000000
5452.000000,408.468231,0.785889,0.483959,0.911255,0.793701,0.840487,0.496013,1.317654,0.521164,238.169998,10255.000000
5453.000000,411.665771,0.787476,0.484955,0.915527,0.793457,0.842372,0.496804,1.320648,0.525498,229.410004,10006.000000
5454.000000,432.282104,0.792358,0.485831,0.916992,0.799072,0.847612,0.497994,1.323393,0.529653,231.100006,10132.000000
5455.000000,417.962433,0.791870,0.485059,0.918945,0.797974,0.847806,0.497063,1.329624,0.526253,230.360001,10034.000000
5456.000000,427.255249,0.795898,0.486761,0.922119,0.803101,0.851536,0.498718,1.332726,0.522563,226.949997,10107.000000
5457.000000,430.973907,0.794189,0.486905,0.916260,0.801025,0.848343,0.498644,1.329357,0.519284,226.410004,10121.000000
5458.000000,424.005371,0.792480,0.484442,0.913940,0.798340,0.845935,0.496184,1.319020,0.511569,238.059998,10184.000000
5459.000000,417.641602,0.789062,0.482075,0.912964,0.796875,0.843304,0.493814,1.319213,0.511677,238.279999,10260.000000
5460.000000,433.051941,0.787354,0.483238,0.908081,0.794434,0.841005,0.494939,1.315265,0.514995,235.869995,10316.000000
5461.000000,441.033752,0.785522,0.482292,0.907104,0.792603,0.840148,0.494096,1.310165,0.517304,234.889999,10268.000000
5462.000000,424.859558,0.785645,0.483885,0.913208,0.792847,0.842032,0.495903,1.318624,0.522592,226.919998,10339.000000
5463.000000,437.171387,0.783569,0.483872,0.911499,0.791870,0.839644,0.496278,1.311455,0.521858,234.919998,10381.000000
5464.000000,444.133545,0.786987,0.487563,0.914307,0.795044,0.842947,0.500216,1.313097,0.524064,231.860001,10195.000000
5465.000000,429.828674,0.786011,0.486471,0.911621,0.793457,0.842057,0.499262,1.313496,0.525176,230.570007,10117.000000
5466.000000,440.474487,0.789917,0.488407,0.917358,0.796143,0.845842,0.501110,1.320889,0.522947,231.410004,9960.000000
5467.000000,433.402039,0.788086,0.488848,0.915894,0.794556,0.846377,0.501403,1.327280,0.523703,226.669998,9986.000000
5468.000000,419.385101,0.781250,0.486046,0.908325,0.787720,0.839133,0.498444,1.314767,0.517936,230.399994,10074.000000
5469.000000,428.204437,0.777710,0.482846,0.907471,0.784546,0.836882,0.495366,1.307266,0.506122,226.070007,10363.000000
5470.000000,439.272461,0.778442,0.483990,0.911255,0.784912,0.839086,0.496045,1.315214,0.511157,238.050003,10102.000000
5471.000000,444.571625,0.776611,0.483327,0.909790,0.783691,0.838054,0.495533,1.316096,0.516409,236.979996,9880.000000
5472.000000,434.638733,0.779053,0.483715,0.911865,0.785889,0.839766,0.495974,1.317079,0.519258,228.699997,10004.000000
5473.000000,452.652466,0.782715,0.486109,0.916992,0.788452,0.843064,0.498150,1.329391,0.525400,230.169998,9988.000000
5474.000000,426.771759,0.785156,0.488378,0.917969,0.791992,0.845575,0.500474,1.331442,0.532599,222.919998,10012.000000
5475.000000,437.800354,0.785400,0.488094,0.915894,0.792725,0.845527,0.500350,1.322436,0.524889,247.259995,10025.000000
5476.000000,414.957428,0.785522,0.488050,0.913940,0.792847,0.844260,0.500450,1.322186,0.520221,234.460007,10024.000000
5477.000000,444.578522,0.780518,0.484594,0.910522,0.788208,0.840878,0.496938,1.315974,0.513413,240.270004,10026.000000
5478.000000,409.411682,0.779175,0.482010,0.908936,0.787109,0.838616,0.494352,1.310290,0.505511,229.970001,9872.000000
5479.000000,433.723816,0.775757,0.478195,0.909180,0.783569,0.837237,0.490251,1.313820,0.508691,240.380005,9912.000000
5480.000000,409.005341,0.780151,0.480325,0.913574,0.787109,0.841128,0.492358,1.319811,0.508518,227.089996,10229.000000
5481.000000,414.501190,0.784180,0.482443,0.914673,0.791382,0.845555,0.494002,1.325358,0.509915,241.139999,9908.000000
5482.000000,429.111542,0.787598,0.483323,0.914917,0.796509,0.847617,0.495132,1.330270,0.514751,237.300003,10149.000000
5483.000000,420.727875,0.788696,0.482835,0.915161,0.796265,0.848419,0.494407,1.333791,0.512899,231.960007,9885.000000
5484.000000,432.838898,0.787354,0.483070,0.913452,0.795654,0.848943,0.494435,1.327100,0.505318,234.240005,10015.000000
5485.000000,422.226776,0.786499,0.480072,0.910522,0.794678,0.847213,0.491435,1.319365,0.500929,228.309998,10054.000000
5486.000000,446.480499,0.783813,0.477382,0.909668,0.791138,0.843985,0.488554,1.319772,0.499096,229.660004,10063.000000
5487.000000,416.054596,0.782349,0.475052,0.909668,0.791260,0.843071,0.486215,1.317286,0.501134,239.979996,10130.000000
5488.000000,440.078064,0.782715,0.475650,0.910034,0.791748,0.843554,0.486900,1.316908,0.498365,234.690002,10127.000000
5489.000000,437.107300,0.779907,0.471727,0.912231,0.787354,0.841049,0.482862,1.316550,0.497113,225.899994,10208.000000
5490.000000,449.894836,0.780151,0.469734,0.908936,0.788330,0.840506,0.481213,1.310996,0.496922,235.369995,10109.000000
5491.000000,435.034149,0.778687,0.469010,0.909180,0.787720,0.839252,0.480650,1.309055,0.499419,228.729996,10135.000000
5492.000000,439.672119,0.780151,0.468884,0.910034,0.788452,0.840230,0.480532,1.312040,0.498261,242.470001,10049.000000
5493.000000,419.347107,0.776733,0.467693,0.909180,0.785522,0.838759,0.479246,1.308807,0.487066,230.589996,10037.000000
5494.000000,438.701019,0.773926,0.466498,0.907593,0.781982,0.835843,0.478365,1.304979,0.486637,229.919998,9994.000000
5495.000000,437.586426,0.776489,0.466783,0.910278,0.785889,0.838490,0.479137,1.306629,0.488133,237.949997,10016.000000
5496.000000,429.176819,0.779297,0.467304,0.914307,0.787598,0.841179,0.479792,1.318291,0.497692,232.580002,10008.000000
5497.000000,431.263092,0.776489,0.465319,0.913086,0.785767,0.839410,0.477910,1.315118,0.495401,227.220001,9958.000000
5498.000000,454.791321,0.774414,0.464237,0.908325,0.783691,0.836959,0.476752,1.306272,0.491647,249.110001,10003.000000
5499.000000,461.406158,0.772949,0.462020,0.910156,0.781738,0.836406,0.474529,1.301972,0.489071,247.270004,10055.000000
5500.000000,404.999664,0.775879,0.463347,0.913452,0.784546,0.839718,0.475918,1.307246,0.492565,224.270004,9964.000000
5501.000000,455.461182,0.778320,0.465159,0.912964,0.786987,0.841202,0.477492,1.309780,0.498399,249.550003,9945.000000
5502.000000,466.175842,0.777588,0.466175,0.910645,0.785889,0.839252,0.478244,1.301146,0.498132,244.949997,10210.000000
5503.000000,420.353027,0.779907,0.468757,0.911377,0.788818,0.840701,0.481028,1.298081,0.500349,233.539993,10113.000000
5504.000000,450.559570,0.779053,0.467530,0.909912,0.788452,0.839127,0.479762,1.298763,0.499823,253.770004,10201.000000
5505.000000,430.646240,0.778076,0.467140,0.909668,0.787109,0.837290,0.479531,1.298285,0.498555,253.839996,10067.000000
5506.000000,428.579926,0.779785,0.468619,0.910522,0.788696,0.838175,0.481068,1.299454,0.504338,227.279999,10052.000000
5507.000000,414.653229,0.783936,0.472000,0.912354,0.791382,0.840544,0.484102,1.299416,0.506108,238.630005,10177.000000
5508.000000,409.820007,0.784424,0.473906,0.911255,0.792358,0.840577,0.485949,1.303990,0.507679,228.759995,10259.000000
5509.000000,420.270050,0.783203,0.471196,0.911743,0.791504,0.839765,0.483371,1.302334,0.503838,228.330002,9900.000000
5510.000000,418.741638,0.788086,0.473042,0.918213,0.796631,0.844625,0.485153,1.313025,0.503405,232.399994,10019.000000
5511.000000,426.496674,0.788086,0.473455,0.915405,0.796387,0.843660,0.485283,1.314532,0.504333,230.169998,9883.000000
5512.000000,416.463257,0.787231,0.472434,0.913452,0.795532,0.842412,0.484245,1.308139,0.501030,235.720001,10107.000000
5513.000000,414.636078,0.785522,0.473885,0.911377,0.794312,0.842027,0.485585,1.296029,0.498091,221.410004,10176.000000
5514.000000,430.703033,0.784790,0.474479,0.909424,0.793335,0.840114,0.486383,1.294264,0.498585,229.020004,10239.000000
5515.000000,422.220428,0.781128,0.470702,0.906738,0.790283,0.835703,0.483001,1.292724,0.491099,229.250000,10119.000000
5516.000000,448.308899,0.782227,0.471188,0.907471,0.790283,0.835466,0.483468,1.294644,0.491324,249.059998,9890.000000
5517.000000,438.561707,0.782104,0.471486,0.909180,0.790405,0.835827,0.484026,1.299424,0.493892,232.869995,10092.000000
5518.000000,425.205536,0.790039,0.475649,0.916992,0.797485,0.843710,0.487964,1.308686,0.492196,240.059998,10192.000000
5519.000000,421.114563,0.786499,0.473099,0.913574,0.795044,0.842465,0.485046,1.314801,0.493950,240.850006,10197.000000
5520.000000,460.592468,0.783447,0.470729,0.911377,0.790771,0.840196,0.482609,1.308146,0.485219,239.429993,10038.000000
5521.000000,426.524109,0.775757,0.466521,0.905029,0.785034,0.833796,0.478527,1.299383,0.481776,244.850006,10046.000000
5522.000000,422.010773,0.772949,0.465005,0.903687,0.781250,0.831212,0.477171,1.293128,0.480042,230.580002,10099.000000
5523.000000,428.348755,0.774780,0.465239,0.907715,0.784424,0.834050,0.477216,1.300205,0.472295,239.029999,10139.000000
5524.000000,420.788208,0.777588,0.464714,0.912476,0.785400,0.837219,0.476719,1.309469,0.477591,243.279999,9977.000000
5525.000000,408.199951,0.774780,0.461524,0.908691,0.782715,0.835947,0.473497,1.304877,0.481017,223.169998,10164.000000
5526.000000,408.214661,0.780884,0.465162,0.913452,0.788330,0.841830,0.476988,1.312260,0.490939,257.230011,10233.000000
5527.000000,418.809357,0.779907,0.464279,0.916138,0.786987,0.842821,0.476019,1.318706,0.492614,236.309998,10001.000000
5528.000000,435.329559,0.781616,0.464361,0.917603,0.789307,0.845915,0.476227,1.318948,0.495858,237.139999,9988.000000
5529.000000,432.828186,0.781128,0.465339,0.918457,0.787720,0.845432,0.477105,1.321571,0.496801,241.110001,10116.000000
5530.000000,429.644165,0.780273,0.464015,0.912476,0.786865,0.843362,0.476127,1.312073,0.493779,237.830002,10222.000000
5531.000000,426.910736,0.777832,0.460144,0.912720,0.785034,0.840223,0.472675,1.308015,0.493231,232.690002,10185.000000
5532.000000,446.599457,0.775513,0.458756,0.912109,0.783569,0.838515,0.471451,1.305942,0.490828,232.770004,10151.000000
5533.000000,434.927582,0.769653,0.456978,0.905151,0.777954,0.832710,0.469601,1.296828,0.488142,236.820007,9953.000000
5534.000000,429.303009,0.770264,0.456238,0.909180,0.777344,0.834022,0.468725,1.293600,0.485518,229.690002,10043.000000
5535.000000,431.334106,0.774658,0.460031,0.913818,0.782593,0.839032,0.472673,1.306403,0.490205,244.490005,10167.000000
5536.000000,398.248077,0.774048,0.458677,0.915894,0.781128,0.840105,0.470909,1.316724,0.491480,233.020004,9972.000000
5537.000000,416.854614,0.776489,0.462126,0.915649,0.782349,0.841243,0.474229,1.317571,0.491230,234.429993,10011.000000
5538.000000,425.965485,0.782715,0.466593,0.916016,0.789062,0.844680,0.478558,1.316182,0.497260,228.039993,10129.000000
5539.000000,415.857330,0.782715,0.466594,0.917358,0.789429,0.843761,0.478757,1.320736,0.506125,235.470001,10082.000000
5540.000000,408.463654,0.783325,0.467788,0.914673,0.789551,0.843758,0.479757,1.321745,0.508904,231.809998,10093.000000
5541.000000,434.985046,0.783691,0.465722,0.914307,0.790039,0.843221,0.477435,1.315605,0.502519,228.839996,9771.000000
5542.000000,420.165039,0.783569,0.467197,0.913818,0.789429,0.841828,0.478848,1.315497,0.501951,230.479996,10061.000000
5543.000000,420.596802,0.786865,0.469811,0.914307,0.792480,0.844403,0.481407,1.314278,0.501468,242.160004,10030.000000
5544.000000,435.531830,0.789429,0.470289,0.914917,0.795410,0.844496,0.482003,1.316039,0.501221,233.190002,9977.000000
5545.000000,430.364899,0.788208,0.467999,0.914062,0.793823,0.841365,0.479947,1.317118,0.496012,237.809998,9871.000000
5546.000000,440.251251,0.785522,0.468220,0.915039,0.790894,0.840759,0.479985,1.317797,0.493596,233.330002,10134.000000
5547.000000,428.818146,0.787842,0.468749,0.913696,0.793823,0.843477,0.480670,1.312795,0.488394,222.949997,9958.000000
5548.000000,406.621094,0.784546,0.467221,0.912598,0.790161,0.840722,0.478928,1.315096,0.479678,223.550003,10161.000000
5549.000000,409.540283,0.787720,0.469006,0.913574,0.793823,0.842814,0.480910,1.318589,0.484108,228.899994,10136.000000
5550.000000,439.717651,0.782349,0.465851,0.910889,0.787842,0.838764,0.477635,1.313489,0.477824,245.250000,10230.000000
5551.000000,450.708282,0.781738,0.465463,0.910156,0.787354,0.838074,0.477261,1.308935,0.485236,233.449997,10255.000000
5552.000000,433.227783,0.783447,0.466666,0.910767,0.789429,0.838550,0.479024,1.307670,0.495576,226.910004,9882.000000
5553.000000,425.486053,0.779907,0.463835,0.911011,0.785156,0.835440,0.476127,1.307116,0.483656,240.460007,10106.000000
5554.000000,413.997925,0.780884,0.464726,0.911255,0.785889,0.837839,0.476828,1.311676,0.478393,235.800003,9896.000000
5555.000000,435.215942,0.780396,0.464817,0.917114,0.785278,0.839977,0.476476,1.319239,0.483294,224.960007,10085.000000
5556.000000,410.962952,0.778931,0.463991,0.914429,0.784668,0.839274,0.475711,1.322761,0.488908,236.960007,10047.000000
5557.000000,432.215240,0.779175,0.465334,0.913086,0.785034,0.839320,0.476743,1.321202,0.488414,238.220001,10127.000000
5558.000000,440.850800,0.781128,0.467264,0.915405,0.786987,0.841344,0.478436,1.325995,0.492365,238.160004,9679.000000
5559.000000,419.010101,0.775635,0.463667,0.913818,0.782104,0.837538,0.474862,1.324593,0.492198,237.020004,10187.000000
5560.000000,440.601990,0.779053,0.466331,0.913940,0.785767,0.840944,0.477460,1.325598,0.497194,235.009995,9910.000000
5561.000000,416.657013,0.778687,0.466761,0.914917,0.784424,0.841272,0.477436,1.323509,0.498437,239.589996,10230.000000
5562.000000,431.757202,0.778320,0.465264,0.912354,0.784912,0.841130,0.476050,1.321008,0.491623,225.210007,10024.000000
5563.000000,404.391083,0.780884,0.466815,0.915161,0.786377,0.842721,0.477668,1.319626,0.486361,223.479996,10051.000000
5564.000000,426.029297,0.781006,0.464555,0.917358,0.787842,0.843960,0.475709,1.327717,0.488399,233.910004,10104.000000
5565.000000,445.586182,0.781006,0.463486,0.917358,0.786255,0.844223,0.474348,1.325352,0.479963,250.610001,9952.000000
5566.000000,447.759460,0.778809,0.460977,0.912964,0.784668,0.842079,0.471778,1.323262,0.481218,250.130005,10143.000000
5567.000000,439.281342,0.779907,0.461660,0.915283,0.785156,0.844129,0.472370,1.319422,0.480970,225.389999,9993.000000
5568.000000,441.644226,0.780640,0.461948,0.913208,0.787476,0.843766,0.472890,1.324926,0.494709,227.270004,10019.000000
5569.000000,433.586273,0.785034,0.464212,0.919678,0.790161,0.847234,0.475173,1.327483,0.498673,229.839996,10209.000000
5570.000000,420.695038,0.785400,0.465606,0.916138,0.791016,0.846833,0.476754,1.325009,0.500510,228.229996,10154.000000
5571.000000,412.807251,0.783325,0.463840,0.913574,0.788818,0.844551,0.475039,1.316808,0.498040,232.960007,10017.000000
5572.000000,431.285095,0.782593,0.462366,0.916748,0.788696,0.844422,0.473694,1.319773,0.496161,230.839996,10075.000000
5573.000000,438.512848,0.786133,0.464733,0.919067,0.792114,0.847233,0.476261,1.324214,0.498487,239.460007,10224.000000
5574.000000,440.457275,0.787598,0.465937,0.916382,0.793213,0.846727,0.477500,1.322117,0.493168,241.509995,10107.000000
5575.000000,426.488708,0.780151,0.460750,0.908691,0.786987,0.838416,0.472665,1.307745,0.488776,229.649994,10106.000000
5576.000000,429.471619,0.777954,0.459571,0.906494,0.784302,0.836247,0.471508,1.300757,0.484554,243.210007,10201.000000
5577.000000,409.599335,0.779297,0.460458,0.912354,0.785156,0.839277,0.472243,1.312274,0.485702,220.440002,10030.000000
5578.000000,418.443970,0.777100,0.458432,0.913086,0.782837,0.838084,0.470121,1.319013,0.486488,234.089996,9839.000000
5579.000000,415.254669,0.780396,0.459315,0.912720,0.786133,0.841471,0.471064,1.317713,0.485886,242.839996,10175.000000
5580.000000,428.031616,0.776367,0.456722,0.912598,0.782715,0.839578,0.468388,1.314461,0.483800,231.059998,9705.000000
5581.000000,426.721344,0.776978,0.457413,0.913330,0.782471,0.840381,0.468922,1.314214,0.480159,232.589996,10041.000000
5582.000000,424.457642,0.774902,0.457806,0.913574,0.781250,0.838697,0.469364,1.316099,0.481780,239.110001,9921.000000
5583.000000,431.140289,0.777588,0.461242,0.915771,0.783325,0.841974,0.472312,1.316701,0.484795,249.610001,9988.000000
5584.000000,436.484070,0.773315,0.459064,0.912109,0.778931,0.839166,0.469911,1.318712,0.481127,233.190002,9835.000000
5585.000000,460.594635,0.766479,0.456585,0.911743,0.772339,0.835823,0.467651,1.315436,0.480306,259.119995,9764.000000
5586.000000,447.246338,0.765137,0.457358,0.909668,0.771362,0.834952,0.468132,1.309119,0.477903,242.649994,10006.000000
5587.000000,415.013550,0.762939,0.455723,0.910156,0.769653,0.834075,0.466654,1.304237,0.478959,234.220001,9924.000000
5588.000000,435.818726,0.765991,0.456721,0.913452,0.772583,0.838052,0.467583,1.312986,0.477779,256.630005,9845.000000
5589.000000,427.247498,0.772217,0.461076,0.920044,0.778076,0.845241,0.472131,1.326233,0.484235,229.070007,9729.000000
5590.000000,404.234039,0.775879,0.461718,0.921387,0.781738,0.849880,0.472782,1.337262,0.498941,223.199997,9663.000000
5591.000000,435.477295,0.774414,0.459046,0.918091,0.780396,0.846929,0.470176,1.331746,0.498762,232.179993,9899.000000
5592.000000,426.615112,0.774048,0.457627,0.914429,0.781494,0.845853,0.469036,1.325812,0.494095,230.600006,10006.000000
5593.000000,416.962006,0.774414,0.456291,0.918579,0.780518,0.846423,0.467882,1.324795,0.492607,231.320007,9689.000000
5594.000000,416.523315,0.777344,0.459081,0.916748,0.783936,0.848247,0.470451,1.329417,0.496953,233.380005,10022.000000
5595.000000,437.148865,0.773926,0.455505,0.916870,0.781250,0.844745,0.467544,1.328926,0.489545,228.690002,10080.000000
5596.000000,423.069092,0.774780,0.457232,0.914062,0.781128,0.843974,0.469191,1.321238,0.484409,228.460007,10023.000000
5597.000000,426.524963,0.770020,0.455572,0.907471,0.777466,0.837961,0.467831,1.307120,0.482204,229.289993,9948.000000
5598.000000,435.239227,0.773071,0.456569,0.912354,0.781006,0.839904,0.469179,1.308614,0.485349,247.929993,10159.000000
5599.000000,418.557007,0.776367,0.459181,0.916748,0.784180,0.842422,0.471668,1.323522,0.490407,231.110001,10073.000000
5600.000000,412.461395,0.781128,0.460895,0.916626,0.787964,0.845313,0.473421,1.325070,0.490863,224.880005,10011.000000
5601.000000,436.278320,0.782471,0.462569,0.914795,0.789307,0.843728,0.475221,1.318217,0.486583,237.880005,10097.000000
5602.000000,431.244263,0.783203,0.463180,0.914307,0.789795,0.844221,0.475799,1.314626,0.494584,250.589996,10216.000000
5603.000000,412.195435,0.782349,0.464010,0.912476,0.788940,0.843359,0.476362,1.315553,0.493635,235.240005,10041.000000
5604.000000,449.619019,0.784912,0.466208,0.911743,0.790283,0.844335,0.478481,1.315574,0.495213,243.429993,10048.000000
5605.000000,433.929871,0.781128,0.463635,0.911743,0.787842,0.841129,0.475692,1.313223,0.494926,255.410004,10158.000000
5606.000000,424.979553,0.784912,0.467026,0.912842,0.791626,0.844521,0.478631,1.316187,0.507372,239.139999,10007.000000
5607.000000,415.536407,0.782349,0.465005,0.914429,0.788818,0.842637,0.476733,1.322000,0.505629,237.300003,9931.000000
5608.000000,407.009277,0.784912,0.468944,0.915649,0.791504,0.845120,0.480724,1.324414,0.501686,226.710007,10105.000000
5609.000000,428.781372,0.781250,0.468626,0.912842,0.787964,0.842615,0.480091,1.323339,0.503254,239.869995,10027.000000
5610.000000,437.009125,0.779663,0.469588,0.911133,0.785889,0.842065,0.480765,1.321200,0.502905,233.449997,10027.000000
5611.000000,422.859863,0.781006,0.471236,0.914917,0.787231,0.843346,0.482432,1.327010,0.500253,240.649994,9919.000000
5612.000000,440.580414,0.779419,0.472022,0.914429,0.784912,0.843474,0.482935,1.330148,0.500261,256.549988,9989.000000
5613.000000,416.929626,0.772949,0.469252,0.907227,0.779663,0.838095,0.480139,1.317088,0.486820,247.630005,9979.000000
5614.000000,447.244049,0.770630,0.469663,0.905640,0.777710,0.836738,0.480373,1.310292,0.486667,245.860001,10248.000000
5615.000000,440.333923,0.771362,0.472531,0.909180,0.779297,0.838366,0.483039,1.316940,0.493196,237.229996,9880.000000
5616.000000,411.831055,0.772827,0.472855,0.913696,0.779541,0.840569,0.483596,1.317765,0.493186,232.759995,10027.000000
5617.000000,433.452698,0.776733,0.474841,0.915405,0.782837,0.843885,0.485688,1.325581,0.498387,247.539993,9826.000000
5618.000000,425.136658,0.775024,0.474432,0.914917,0.781494,0.843788,0.485174,1.325711,0.504162,234.779999,9907.000000
5619.000000,440.410797,0.779175,0.477709,0.916260,0.786255,0.847372,0.488474,1.329740,0.512165,246.630005,9847.000000
5620.000000,438.600983,0.781616,0.478744,0.919800,0.788452,0.849383,0.489620,1.340503,0.512636,258.700012,9862.000000
5621.000000,424.045349,0.779907,0.476020,0.918945,0.786377,0.848745,0.487049,1.336249,0.501563,245.369995,9891.000000
5622.000000,432.431213,0.779297,0.474985,0.918091,0.786377,0.848585,0.486049,1.335971,0.494512,252.630005,10018.000000
5623.000000,409.719543,0.776367,0.471696,0.914307,0.783813,0.845589,0.482802,1.328921,0.491580,237.830002,9892.000000
5624.000000,439.890747,0.776001,0.470290,0.915527,0.783813,0.844827,0.481642,1.323967,0.487894,224.039993,10114.000000
5625.000000,435.749542,0.776245,0.470190,0.915039,0.782593,0.844347,0.481416,1.327305,0.484476,233.320007,9985.000000
5626.000000,430.448303,0.778687,0.470358,0.917114,0.785767,0.846137,0.481823,1.323698,0.485336,236.850006,9870.000000
5627.000000,427.306549,0.775635,0.468952,0.913696,0.782104,0.841470,0.480740,1.321261,0.485327,242.669998,9791.000000
5628.000000,436.442169,0.777954,0.470665,0.909302,0.783691,0.841464,0.482268,1.311350,0.481645,239.580002,9850.000000
5629.000000,427.988251,0.776733,0.468566,0.907349,0.784180,0.838471,0.480161,1.308604,0.475273,229.460007,9881.000000
5630.000000,438.739319,0.778564,0.469473,0.909180,0.785767,0.840003,0.481071,1.314410,0.483286,229.669998,10083.000000
5631.000000,446.450226,0.784058,0.473049,0.915283,0.790405,0.845258,0.484655,1.322214,0.491999,261.679993,9829.000000
5632.000000,420.627289,0.788086,0.475756,0.916138,0.794922,0.847907,0.487526,1.325324,0.494652,234.619995,9788.000000
5633.000000,445.469055,0.792480,0.478413,0.919189,0.799438,0.851412,0.490491,1.323816,0.496370,232.979996,9810.000000
5634.000000,443.747925,0.790283,0.473929,0.918335,0.796265,0.848393,0.485830,1.328869,0.489558,238.410004,9812.000000
5635.000000,431.368286,0.791748,0.473537,0.918213,0.797729,0.848524,0.485619,1.326795,0.484229,233.600006,9697.000000
5636.000000,423.713928,0.787598,0.468937,0.913574,0.795410,0.845426,0.480902,1.317900,0.480574,236.139999,9974.000000
5637.000000,414.056549,0.787231,0.468345,0.911987,0.793945,0.843368,0.480375,1.310246,0.476967,231.389999,9848.000000
5638.000000,424.722107,0.785400,0.467438,0.909790,0.791992,0.840190,0.479649,1.309520,0.471694,242.089996,10067.000000
5639.000000,408.181000,0.781860,0.465268,0.906738,0.787720,0.836261,0.477373,1.297289,0.464138,225.199997,9849.000000
5640.000000,419.597687,0.781128,0.463095,0.906738,0.787720,0.834689,0.475399,1.297239,0.468020,226.240005,10011.000000
5641.000000,415.669830,0.779175,0.465302,0.907227,0.785522,0.834754,0.477502,1.302780,0.469689,225.490005,9980.000000
5642.000000,440.173218,0.778687,0.465401,0.909058,0.783936,0.836778,0.477249,1.304585,0.471385,239.470001,9864.000000
5643.000000,439.265076,0.777954,0.465575,0.912109,0.783325,0.838057,0.477169,1.311404,0.471983,250.509995,9834.000000
5644.000000,420.141998,0.780151,0.466088,0.915527,0.786133,0.840325,0.477851,1.319676,0.473959,238.250000,9949.000000
5645.000000,429.739594,0.781494,0.467252,0.916504,0.787842,0.843561,0.479035,1.324594,0.483564,238.089996,9781.000000
5646.000000,442.623322,0.780273,0.469057,0.915405,0.786621,0.842700,0.480817,1.319749,0.485850,245.529999,9952.000000
5647.000000,425.139984,0.779419,0.468027,0.913818,0.785034,0.840331,0.479703,1.316908,0.487383,242.470001,9801.000000
5648.000000,417.942108,0.780762,0.469170,0.915649,0.786133,0.841953,0.480813,1.316045,0.484731,228.350006,9855.000000
5649.000000,418.996002,0.777832,0.467942,0.911499,0.783691,0.839741,0.479714,1.309652,0.480473,234.639999,9962.000000
5650.000000,405.010864,0.777710,0.468436,0.912231,0.783691,0.839359,0.480134,1.313820,0.484811,229.279999,9748.000000
5651.000000,426.668121,0.777954,0.470518,0.913696,0.783691,0.840324,0.482073,1.318063,0.487360,238.610001,9948.000000
5652.000000,416.578735,0.781494,0.472117,0.916748,0.786865,0.843524,0.483586,1.319013,0.487613,235.179993,9557.000000
5653.000000,414.528809,0.787231,0.473898,0.918335,0.793823,0.847325,0.485839,1.327305,0.492193,247.759995,9815.000000
5654.000000,428.818512,0.784668,0.472969,0.918579,0.790527,0.845393,0.485035,1.327935,0.486168,239.649994,9903.000000
5655.000000,428.384796,0.781738,0.470872,0.915283,0.786865,0.842436,0.482985,1.318222,0.488889,240.500000,9788.000000
5656.000000,423.626770,0.779419,0.471126,0.910767,0.784790,0.840048,0.482976,1.309532,0.489131,242.029999,10035.000000
5657.000000,441.426788,0.779175,0.472396,0.912109,0.784912,0.839774,0.484094,1.314302,0.490554,255.610001,9997.000000
5658.000000,415.735107,0.782349,0.475298,0.912964,0.787231,0.839930,0.487182,1.315262,0.491756,230.509995,9923.000000
5659.000000,411.155334,0.780273,0.476416,0.912354,0.786011,0.838550,0.488174,1.314443,0.491969,229.229996,9923.000000
5660.000000,418.614563,0.784180,0.481162,0.913208,0.790161,0.841622,0.493215,1.315101,0.490856,229.169998,9867.000000
5661.000000,384.864441,0.787231,0.483226,0.916260,0.792847,0.844907,0.494989,1.319414,0.501450,232.240005,10031.000000
5662.000000,420.370178,0.789551,0.485197,0.915649,0.796021,0.845516,0.497469,1.326692,0.508981,223.789993,10066.000000
5663.000000,421.393951,0.790039,0.485419,0.917236,0.795776,0.845991,0.497735,1.327688,0.509276,220.660004,10043.000000
5664.000000,410.120789,0.789673,0.485382,0.916260,0.796143,0.845773,0.497965,1.325080,0.505523,226.009995,10009.000000
5665.000000,409.096313,0.791992,0.486452,0.915894,0.797485,0.846799,0.498761,1.326231,0.503430,224.710007,10039.000000
5666.000000,418.345612,0.789795,0.485223,0.914551,0.795898,0.843357,0.497499,1.319703,0.495823,242.059998,10001.000000
5667.000000,430.197876,0.786499,0.485409,0.911133,0.792480,0.840983,0.497785,1.316178,0.500344,244.639999,10125.000000
5668.000000,435.833527,0.784424,0.483539,0.908325,0.790161,0.837143,0.496066,1.310048,0.496101,238.350006,9845.000000
5669.000000,424.060303,0.781006,0.479945,0.908447,0.786865,0.835208,0.492371,1.307248,0.487697,231.509995,10017.000000
5670.000000,427.178894,0.782349,0.480349,0.911865,0.788208,0.836646,0.492865,1.306988,0.487540,224.919998,9979.000000
5671.000000,411.141144,0.782959,0.481661,0.913940,0.789551,0.838974,0.494310,1.318837,0.496322,241.259995,9934.000000
5672.000000,402.056488,0.782349,0.481678,0.914185,0.788452,0.839863,0.494197,1.319194,0.490940,232.889999,10244.000000
5673.000000,423.758331,0.781128,0.481949,0.915283,0.787476,0.839584,0.494311,1.321105,0.495157,235.559998,10189.000000
5674.000000,436.661102,0.779053,0.482657,0.913452,0.785522,0.839137,0.494900,1.321998,0.496639,234.839996,10151.000000
5675.000000,423.404724,0.776611,0.481540,0.910034,0.782837,0.836914,0.493971,1.317800,0.496114,234.169998,10124.000000
5676.000000,446.115845,0.775879,0.481127,0.909790,0.783203,0.835931,0.493639,1.316003,0.492004,252.460007,10176.000000
5677.000000,431.540802,0.776855,0.483659,0.911255,0.783081,0.837338,0.495856,1.317619,0.493657,226.419998,10076.000000
5678.000000,417.641724,0.774048,0.482580,0.911011,0.780518,0.834707,0.494608,1.309301,0.488074,230.130005,10074.000000
5679.000000,416.502747,0.773438,0.484571,0.907837,0.780151,0.835904,0.496359,1.314495,0.489070,232.229996,10115.000000
5680.000000,421.383514,0.773193,0.481815,0.908813,0.780640,0.835874,0.493749,1.311969,0.485120,242.229996,10152.000000
5681.000000,428.288452,0.777588,0.483045,0.915283,0.785522,0.840459,0.495428,1.323000,0.489494,233.220001,10194.000000
5682.000000,421.914124,0.782471,0.484876,0.919556,0.788940,0.843497,0.497322,1.328848,0.487241,223.929993,10026.000000
5683.000000,410.616302,0.784912,0.483960,0.918457,0.791260,0.845696,0.496374,1.334160,0.484215,224.009995,10044.000000
5684.000000,418.939972,0.786987,0.484090,0.917480,0.793457,0.846652,0.496610,1.335400,0.484278,224.000000,9847.000000
5685.000000,408.169159,0.787354,0.482899,0.913574,0.793945,0.845740,0.495383,1.331085,0.480176,226.029999,10255.000000
5686.000000,410.680511,0.784546,0.480989,0.913086,0.791992,0.842490,0.493531,1.322862,0.476873,228.880005,10087.000000
5687.000000,432.618225,0.782104,0.476698,0.910889,0.788696,0.840290,0.489141,1.323351,0.474270,233.429993,9935.000000
5688.000000,422.734833,0.781128,0.474505,0.912109,0.788330,0.839950,0.486974,1.326379,0.470555,241.160004,10009.000000
5689.000000,424.552582,0.784668,0.476136,0.912598,0.790649,0.841722,0.488506,1.322173,0.471541,224.559998,9950.000000
5690.000000,407.463776,0.785278,0.475784,0.913574,0.791504,0.841837,0.488315,1.327312,0.477876,220.070007,9930.000000
5691.000000,426.881653,0.785645,0.477285,0.914429,0.792725,0.842642,0.489891,1.330076,0.480871,230.940002,10006.000000
5692.000000,414.172150,0.786011,0.478998,0.911499,0.792969,0.843360,0.491431,1.325658,0.479459,232.380005,9933.000000
5693.000000,432.952606,0.780640,0.475399,0.911255,0.788452,0.838049,0.488221,1.319819,0.476064,233.770004,10196.000000
5694.000000,440.559021,0.782593,0.476505,0.913330,0.789673,0.839497,0.489133,1.326998,0.475808,242.350006,10098.000000
5695.000000,439.885956,0.783203,0.477391,0.914062,0.790649,0.841986,0.489924,1.324897,0.478084,225.470001,10149.000000
5696.000000,426.070282,0.783447,0.476090,0.912720,0.791504,0.841939,0.488852,1.329864,0.481176,227.220001,10155.000000
5697.000000,436.999115,0.781982,0.473596,0.913452,0.790039,0.839409,0.486621,1.324363,0.473781,230.429993,10155.000000
5698.000000,448.196289,0.780151,0.472158,0.911255,0.787231,0.837963,0.484986,1.320980,0.471450,238.830002,9910.000000
5699.000000,447.382446,0.780273,0.470042,0.911255,0.788086,0.838205,0.482744,1.318388,0.469581,247.690002,9937.000000
5700.000000,426.587250,0.778931,0.468421,0.913086,0.785767,0.836756,0.481197,1.320608,0.466922,232.220001,9961.000000
5701.000000,445.775757,0.781738,0.471289,0.912354,0.789062,0.838728,0.483969,1.317805,0.468811,260.730011,10061.000000
5702.000000,424.510223,0.778198,0.471064,0.909912,0.785889,0.836185,0.483839,1.317937,0.468332,236.130005,9840.000000
5703.000000,407.284485,0.773926,0.471712,0.907715,0.780396,0.832705,0.483946,1.312373,0.471062,221.429993,10209.000000
5704.000000,451.390625,0.776489,0.473440,0.911011,0.784058,0.835485,0.485825,1.319430,0.479487,251.190002,10036.000000
5705.000000,452.674713,0.774414,0.473305,0.912109,0.782227,0.833315,0.485779,1.322406,0.483675,249.649994,10053.000000
5706.000000,415.020081,0.777832,0.475751,0.909912,0.785400,0.836065,0.488449,1.319524,0.481003,235.750000,9928.000000
5707.000000,436.448456,0.779541,0.477286,0.912354,0.787476,0.837398,0.490063,1.320549,0.482921,227.559998,9897.000000
5708.000000,430.542908,0.784546,0.481512,0.914551,0.792114,0.842103,0.494158,1.326793,0.490234,236.199997,9911.000000
5709.000000,404.281708,0.779663,0.477574,0.911499,0.786743,0.837305,0.490358,1.319625,0.482881,237.759995,10106.000000
5710.000000,414.849609,0.777954,0.475975,0.907959,0.786743,0.836020,0.488769,1.312224,0.476860,248.330002,9969.000000
5711.000000,417.072632,0.781372,0.477992,0.909302,0.789673,0.837088,0.490659,1.310592,0.483326,224.880005,10079.000000
5712.000000,392.679047,0.783569,0.478545,0.911499,0.790771,0.837871,0.491245,1.311073,0.490838,224.270004,9958.000000
5713.000000,410.803436,0.788574,0.481903,0.916504,0.796265,0.841625,0.494657,1.318220,0.497729,234.419998,9867.000000
5714.000000,391.025818,0.791748,0.484445,0.920166,0.799683,0.846017,0.497509,1.334601,0.502578,217.130005,9739.000000
5715.000000,387.290588,0.792725,0.483055,0.916504,0.800415,0.845370,0.496356,1.331351,0.495405,227.929993,10062.000000
5716.000000,403.387817,0.789917,0.479700,0.914917,0.796509,0.842564,0.492561,1.324948,0.487411,224.779999,9845.000000
5717.000000,397.312469,0.784058,0.474499,0.911865,0.791016,0.838081,0.487505,1.312752,0.476975,229.190002,9920.000000
5718.000000,434.798676,0.781250,0.475567,0.907349,0.788452,0.834202,0.488403,1.306285,0.475018,235.949997,9996.000000
5719.000000,422.690674,0.783203,0.478333,0.911255,0.790161,0.836637,0.491002,1.313859,0.471742,234.449997,9916.000000
5720.000000,440.090759,0.781494,0.476262,0.913086,0.787964,0.835963,0.488646,1.314947,0.465710,228.789993,10050.000000
5721.000000,419.545654,0.786743,0.478259,0.913208,0.792725,0.839432,0.490480,1.317997,0.475567,229.770004,10300.000000
5722.000000,419.594391,0.785278,0.476201,0.913208,0.791748,0.837753,0.488674,1.319814,0.479496,225.610001,10135.000000
5723.000000,406.794037,0.788086,0.477295,0.914673,0.794556,0.840320,0.489600,1.323969,0.479373,231.949997,9743.000000
5724.000000,412.951385,0.787231,0.475677,0.913818,0.793579,0.839475,0.487921,1.325884,0.478938,231.080002,10144.000000
5725.000000,415.948608,0.790771,0.478335,0.914917,0.798096,0.842970,0.490498,1.324150,0.477384,226.690002,10103.000000
5726.000000,416.317749,0.790894,0.478679,0.913452,0.797607,0.842313,0.490743,1.326533,0.485451,237.350006,10083.000000
5727.000000,416.113037,0.791748,0.479146,0.914673,0.798584,0.842474,0.491222,1.330243,0.489430,229.770004,9995.000000
5728.000000,408.214783,0.788940,0.477674,0.910522,0.796143,0.840225,0.490027,1.323770,0.483324,219.399994,10183.000000
5729.000000,427.956482,0.788452,0.475410,0.912720,0.795532,0.838640,0.488104,1.324436,0.483219,242.550003,10090.000000
5730.000000,422.429932,0.784912,0.474130,0.910522,0.791504,0.836741,0.486966,1.318041,0.477546,230.699997,10020.000000
5731.000000,426.589264,0.786133,0.475536,0.911621,0.792603,0.837706,0.488394,1.320410,0.480159,248.199997,9973.000000
5732.000000,409.858093,0.787598,0.476639,0.911255,0.794434,0.837365,0.489312,1.322841,0.479965,254.779999,10009.000000
5733.000000,432.685760,0.792480,0.478840,0.913696,0.798584,0.841815,0.491273,1.322978,0.480239,248.330002,10018.000000
5734.000000,419.295471,0.787964,0.475912,0.911255,0.793579,0.837747,0.488369,1.323920,0.483727,230.789993,10040.000000
5735.000000,436.605255,0.785400,0.474310,0.912354,0.791016,0.836720,0.486457,1.321675,0.483662,242.460007,9887.000000
5736.000000,415.891998,0.789551,0.477163,0.911499,0.795410,0.838763,0.489371,1.323714,0.491057,239.210007,9817.000000
5737.000000,418.242554,0.790039,0.479524,0.913452,0.795776,0.839149,0.491872,1.322309,0.494826,244.369995,10014.000000
5738.000000,415.649933,0.790649,0.483496,0.910767,0.796143,0.839213,0.495626,1.319529,0.493596,223.360001,10016.000000
5739.000000,438.727051,0.788452,0.481802,0.909912,0.795044,0.837211,0.494261,1.315992,0.497573,244.889999,9950.000000
5740.000000,448.038147,0.788208,0.481840,0.910645,0.794556,0.836447,0.494240,1.318769,0.493543,247.149994,9816.000000
5741.000000,428.051239,0.787231,0.482365,0.910645,0.793091,0.836639,0.494371,1.315755,0.498358,237.639999,9824.000000
5742.000000,418.099121,0.788940,0.485660,0.913574,0.794434,0.839702,0.497177,1.320777,0.493275,231.490005,9988.000000
5743.000000,416.382050,0.789917,0.484965,0.913208,0.795898,0.841195,0.496898,1.328770,0.498818,234.830002,10059.000000
5744.000000,443.529785,0.794800,0.485875,0.918701,0.801147,0.843791,0.498021,1.331786,0.505929,236.220001,10118.000000
5745.000000,392.186157,0.792603,0.485945,0.913696,0.798950,0.842127,0.498033,1.329829,0.503712,226.479996,9983.000000
5746.000000,429.933044,0.794067,0.487909,0.912109,0.801025,0.842562,0.500112,1.326433,0.502099,239.210007,10064.000000
5747.000000,403.751617,0.790283,0.487143,0.911987,0.797363,0.839301,0.499644,1.327867,0.505140,229.789993,10183.000000
5748.000000,422.039764,0.794678,0.490132,0.914429,0.800293,0.842252,0.502604,1.327533,0.503467,224.020004,10006.000000
5749.000000,446.552948,0.789795,0.484851,0.910889,0.796509,0.838133,0.497200,1.322166,0.493115,248.479996,9947.000000
5750.000000,429.519012,0.789673,0.483645,0.911011,0.797363,0.837539,0.496124,1.319944,0.492007,236.789993,10293.000000
5751.000000,411.013794,0.792847,0.488445,0.911011,0.799927,0.838727,0.500939,1.318281,0.497957,244.220001,10145.000000
5752.000000,466.431763,0.796509,0.490553,0.912720,0.804321,0.840580,0.503544,1.324517,0.501678,258.470001,10075.000000
5753.000000,441.722076,0.797974,0.491587,0.914917,0.805054,0.843243,0.504709,1.334038,0.503902,235.050003,9959.000000
5754.000000,426.212799,0.798706,0.493138,0.914795,0.805786,0.843915,0.506148,1.333655,0.499962,228.660004,9957.000000
5755.000000,415.724548,0.791382,0.488307,0.906372,0.799072,0.837730,0.501320,1.323254,0.495129,229.229996,10108.000000
5756.000000,411.595428,0.791748,0.488644,0.910400,0.799316,0.838993,0.501708,1.329739,0.496171,234.490005,9871.000000
5757.000000,401.873718,0.791260,0.491004,0.911499,0.798462,0.839994,0.503397,1.330007,0.502813,228.869995,10025.000000
5758.000000,407.142761,0.792725,0.491451,0.912476,0.800293,0.841741,0.503851,1.335487,0.505588,226.309998,9954.000000
5759.000000,423.533173,0.795288,0.492581,0.915405,0.801392,0.843508,0.504620,1.339416,0.502853,220.110001,10015.000000
5760.000000,439.590118,0.799072,0.494602,0.914673,0.805908,0.846736,0.506341,1.337666,0.503339,232.630005,10061.000000
5761.000000,440.721832,0.799805,0.493866,0.916016,0.806274,0.846933,0.505825,1.338832,0.505364,231.600006,10005.000000
5762.000000,427.371124,0.796143,0.489318,0.914062,0.802856,0.843419,0.501652,1.333993,0.493633,236.770004,9959.000000
5763.000000,403.595917,0.789429,0.487627,0.906250,0.796753,0.838558,0.499586,1.327000,0.486638,224.130005,10118.000000
5764.000000,428.977142,0.787720,0.487963,0.909546,0.794189,0.837816,0.499980,1.324088,0.481283,233.839996,9939.000000
5765.000000,438.289062,0.785156,0.487032,0.906860,0.792603,0.834843,0.498981,1.324462,0.481748,254.220001,9932.000000
5766.000000,432.112946,0.784912,0.486738,0.908447,0.792358,0.835190,0.498622,1.325693,0.489594,233.529999,9764.000000
5767.000000,435.593140,0.788086,0.489582,0.911133,0.796753,0.837860,0.501823,1.329058,0.498951,233.940002,10005.000000
5768.000000,426.512390,0.788452,0.489593,0.910889,0.797119,0.838501,0.501760,1.332741,0.500027,229.020004,9955.000000
5769.000000,400.525421,0.789673,0.491103,0.910156,0.797607,0.839240,0.503297,1.333147,0.499596,232.520004,9734.000000
5770.000000,434.393188,0.789917,0.490989,0.910889,0.797607,0.840915,0.503036,1.333871,0.502356,230.130005,10033.000000
5771.000000,428.278748,0.790039,0.491755,0.911865,0.796875,0.841222,0.503789,1.328818,0.505023,238.830002,9969.000000
5772.000000,434.533997,0.786133,0.489068,0.909302,0.793945,0.836946,0.501249,1.322201,0.500569,231.220001,10153.000000
5773.000000,431.215424,0.789307,0.492820,0.910400,0.797241,0.839472,0.505172,1.327943,0.508640,221.419998,9940.000000
5774.000000,430.649078,0.792969,0.495239,0.913940,0.801025,0.842744,0.507727,1.336979,0.513529,235.279999,9946.000000
5775.000000,413.222443,0.793701,0.494651,0.916138,0.801025,0.844741,0.507100,1.347865,0.510677,220.960007,9998.000000
5776.000000,443.941437,0.796509,0.496543,0.917358,0.803833,0.847986,0.508918,1.349165,0.509832,236.759995,9827.000000
5777.000000,421.445923,0.795166,0.495733,0.914551,0.802612,0.846227,0.507939,1.339113,0.506414,227.570007,9874.000000
5778.000000,453.735992,0.796387,0.495975,0.914429,0.804443,0.846112,0.508239,1.334714,0.505262,243.979996,9939.000000
5779.000000,440.411652,0.799194,0.494427,0.917236,0.805908,0.847143,0.506655,1.339749,0.503988,226.490005,9876.000000
5780.000000,426.952789,0.795166,0.491044,0.913696,0.802368,0.843621,0.503252,1.334047,0.492615,232.970001,10045.000000
5781.000000,434.818176,0.791382,0.489515,0.907471,0.799805,0.839705,0.501889,1.323861,0.485946,235.929993,9909.000000
5782.000000,411.218597,0.791260,0.487457,0.909546,0.800903,0.839917,0.500064,1.322153,0.488941,236.330002,9988.000000
5783.000000,414.529999,0.794800,0.487921,0.916382,0.803711,0.843461,0.500449,1.330335,0.491392,222.320007,9949.000000
5784.000000,415.067078,0.794067,0.488145,0.911865,0.803101,0.843284,0.500410,1.325731,0.488766,222.210007,9950.000000
5785.000000,427.703949,0.788696,0.488766,0.904541,0.796875,0.838519,0.501032,1.316447,0.488112,237.779999,9840.000000
5786.000000,412.521149,0.784424,0.487193,0.904419,0.791870,0.834871,0.499345,1.310588,0.486827,229.820007,9810.000000
5787.000000,435.790558,0.787598,0.489469,0.909302,0.795166,0.839001,0.501409,1.321850,0.494162,236.669998,10253.000000
5788.000000,423.778595,0.789795,0.488598,0.913574,0.797119,0.841487,0.500441,1.338085,0.497790,219.500000,9863.000000
5789.000000,437.966736,0.792725,0.491949,0.914795,0.800049,0.845685,0.503759,1.341047,0.508930,233.059998,9903.000000
5790.000000,431.069427,0.791748,0.489636,0.913696,0.798828,0.843887,0.501208,1.337184,0.499288,232.089996,10040.000000
5791.000000,428.506409,0.788818,0.491065,0.909424,0.795654,0.840731,0.502421,1.334093,0.495571,233.110001,9828.000000
5792.000000,439.167542,0.790894,0.493552,0.910156,0.798096,0.842006,0.504972,1.327948,0.498325,234.169998,9940.000000
5793.000000,421.890442,0.783081,0.488676,0.905762,0.791382,0.834774,0.500333,1.316948,0.493598,222.949997,9971.000000
5794.000000,428.519958,0.782959,0.491817,0.907349,0.790527,0.836894,0.503301,1.314887,0.491830,238.449997,9819.000000
5795.000000,415.671661,0.781006,0.488921,0.907471,0.788208,0.834983,0.500601,1.314793,0.485317,229.020004,9692.000000
5796.000000,418.149567,0.783081,0.489522,0.909546,0.790649,0.837638,0.501456,1.320682,0.486363,222.149994,9902.000000
5797.000000,418.110443,0.786255,0.489266,0.912720,0.793457,0.840591,0.501469,1.325330,0.486456,236.229996,9867.000000
5798.000000,428.292725,0.785645,0.488802,0.911621,0.792480,0.840353,0.500655,1.327829,0.486911,227.639999,9729.000000
5799.000000,429.938965,0.789185,0.490973,0.914062,0.795410,0.842417,0.502765,1.328624,0.488025,236.130005,9802.000000
5800.000000,448.492584,0.790649,0.488624,0.915283,0.797607,0.843010,0.500935,1.331919,0.483047,252.860001,9918.000000
5801.000000,419.402832,0.794189,0.489383,0.914673,0.801147,0.844094,0.501724,1.328385,0.487701,219.399994,9960.000000
5802.000000,411.417694,0.795654,0.489612,0.912964,0.802490,0.843825,0.501891,1.324694,0.495664,234.089996,10052.000000
5803.000000,446.715118,0.794434,0.489557,0.910522,0.801392,0.840955,0.501942,1.323159,0.499376,232.740005,9766.000000
5804.000000,410.778564,0.797241,0.492622,0.912598,0.804565,0.842216,0.505161,1.324772,0.501036,227.889999,10193.000000
5805.000000,405.262695,0.798584,0.493759,0.912354,0.806396,0.842433,0.506347,1.322767,0.502329,219.339996,9712.000000
5806.000000,411.892181,0.796021,0.489973,0.911987,0.803223,0.840846,0.502413,1.325712,0.492194,228.509995,9895.000000
5807.000000,425.221222,0.798340,0.491905,0.916504,0.805298,0.844318,0.504416,1.333722,0.494461,245.929993,10008.000000
5808.000000,421.889069,0.798950,0.491607,0.916138,0.806030,0.844979,0.504372,1.336660,0.488076,235.600006,10015.000000
5809.000000,420.298248,0.801270,0.491482,0.916016,0.808228,0.846266,0.504182,1.333229,0.484549,223.669998,9966.000000
5810.000000,438.947327,0.796143,0.487820,0.912231,0.802612,0.841593,0.500426,1.330133,0.480753,246.039993,10163.000000
5811.000000,417.555145,0.794067,0.487285,0.908813,0.801025,0.839702,0.499872,1.319105,0.477554,225.309998,10132.000000
5812.000000,423.910675,0.791626,0.486647,0.907959,0.798218,0.837577,0.499165,1.315505,0.482737,231.809998,9956.000000
5813.000000,414.449829,0.793823,0.488944,0.909302,0.800415,0.837877,0.501519,1.312296,0.485290,235.380005,10369.000000
5814.000000,417.663147,0.796753,0.492222,0.911255,0.802856,0.840042,0.504732,1.314984,0.488557,221.199997,10005.000000
5815.000000,404.992401,0.793213,0.488480,0.910278,0.799438,0.835766,0.501061,1.317336,0.483019,235.220001,10263.000000
5816.000000,428.702972,0.791748,0.489132,0.908447,0.797729,0.833862,0.501810,1.311139,0.477335,242.160004,10108.000000
5817.000000,418.911713,0.790039,0.489599,0.907837,0.797485,0.832914,0.502303,1.305258,0.479213,239.059998,9892.000000
5818.000000,433.502106,0.789795,0.491769,0.907837,0.797363,0.832774,0.504466,1.308239,0.482712,229.240005,9992.000000
5819.000000,407.442261,0.793213,0.493560,0.911621,0.800171,0.836668,0.505928,1.312228,0.484626,237.839996,10055.000000
5820.000000,443.890381,0.790161,0.492605,0.910889,0.797363,0.834990,0.504879,1.323221,0.485740,245.960007,10123.000000
5821.000000,413.320282,0.793579,0.494154,0.914185,0.800537,0.839539,0.506205,1.324528,0.491153,251.639999,10125.000000
5822.000000,418.069305,0.790527,0.492077,0.911255,0.796509,0.837344,0.503753,1.324830,0.486375,236.600006,9983.000000
5823.000000,407.481567,0.797974,0.496100,0.914307,0.804077,0.844136,0.507875,1.324508,0.484487,222.710007,10051.000000
5824.000000,426.607513,0.793945,0.494990,0.914551,0.799805,0.841175,0.506338,1.334472,0.487483,243.210007,9990.000000
5825.000000,420.166779,0.791504,0.493614,0.910278,0.798462,0.838941,0.505173,1.321180,0.484855,233.350006,10040.000000
5826.000000,433.186615,0.787720,0.491287,0.905396,0.794312,0.835372,0.502932,1.311201,0.480116,239.860001,9909.000000
5827.000000,408.798889,0.791016,0.492013,0.909058,0.797363,0.836584,0.503784,1.316002,0.476322,226.720001,10110.000000
5828.000000,393.560547,0.795288,0.494874,0.911743,0.801270,0.840388,0.506422,1.324954,0.479975,230.179993,10060.000000
5829.000000,421.865051,0.798828,0.495738,0.914795,0.805420,0.843812,0.507525,1.329094,0.488010,232.360001,10034.000000
5830.000000,416.764801,0.801025,0.497538,0.913818,0.808716,0.844468,0.509441,1.330746,0.498558,250.199997,10048.000000
5831.000000,418.679779,0.798950,0.497868,0.910278,0.806152,0.841016,0.509758,1.326809,0.497999,232.169998,10123.000000
5832.000000,433.609680,0.792480,0.492209,0.907104,0.799316,0.834455,0.504403,1.318377,0.487466,229.089996,10182.000000
5833.000000,427.076996,0.792847,0.493593,0.906738,0.800537,0.834880,0.505838,1.315991,0.489037,231.880005,10240.000000
5834.000000,407.642609,0.799316,0.497079,0.914429,0.806030,0.841501,0.509356,1.329788,0.489280,235.259995,10267.000000
5835.000000,429.045044,0.806396,0.500022,0.919922,0.813354,0.846422,0.512559,1.347216,0.495322,225.860001,9940.000000
5836.000000,423.221161,0.803467,0.496011,0.914673,0.811401,0.844192,0.508812,1.338071,0.482519,231.770004,9843.000000
5837.000000,433.390533,0.802124,0.493588,0.909180,0.809204,0.841208,0.506719,1.325146,0.482813,235.360001,10020.000000
5838.000000,412.468048,0.801147,0.492375,0.911255,0.807007,0.840400,0.505577,1.324577,0.484949,229.100006,9963.000000
5839.000000,411.430969,0.802734,0.492580,0.912231,0.809814,0.840874,0.506034,1.326917,0.490145,225.589996,10043.000000
5840.000000,410.649963,0.803101,0.492794,0.912598,0.810547,0.841212,0.506255,1.327278,0.489040,231.320007,10073.000000
5841.000000,401.264740,0.806030,0.493034,0.915649,0.812500,0.843840,0.506402,1.334322,0.485801,224.789993,9826.000000
5842.000000,422.448425,0.799194,0.487410,0.911133,0.805298,0.838281,0.500566,1.332331,0.479424,233.350006,9956.000000
5843.000000,428.105835,0.799683,0.486873,0.911987,0.806152,0.838463,0.500093,1.325094,0.479029,251.550003,10170.000000
5844.000000,432.792328,0.796265,0.486030,0.910767,0.801636,0.835036,0.499222,1.326870,0.482873,240.449997,10155.000000
5845.000000,410.392456,0.792969,0.485854,0.906860,0.800537,0.833435,0.499352,1.324327,0.481966,223.979996,10184.000000
5846.000000,403.574829,0.793457,0.486176,0.907837,0.800171,0.833972,0.499716,1.323017,0.481996,234.360001,9956.000000
5847.000000,412.756775,0.792236,0.487279,0.906250,0.798950,0.833636,0.500639,1.323734,0.483162,221.490005,10116.000000
5848.000000,417.735565,0.790283,0.488165,0.904541,0.796265,0.832180,0.501162,1.319512,0.483356,232.270004,10194.000000
5849.000000,420.639557,0.793579,0.488755,0.911621,0.800049,0.836716,0.501661,1.333517,0.487585,226.559998,10081.000000
5850.000000,407.650543,0.793457,0.490464,0.912476,0.799561,0.838294,0.503193,1.339791,0.488448,218.539993,10163.000000
5851.000000,413.151917,0.794678,0.491675,0.911377,0.801392,0.839297,0.504785,1.337790,0.494053,227.080002,10012.000000
5852.000000,415.601654,0.791626,0.490505,0.909424,0.799805,0.836425,0.503868,1.332387,0.496018,223.240005,9896.000000
5853.000000,430.824463,0.797363,0.494211,0.911133,0.804688,0.840845,0.507535,1.326883,0.501458,227.710007,9995.000000
5854.000000,431.114990,0.797119,0.494264,0.913452,0.804688,0.841088,0.507669,1.330656,0.509210,232.199997,10001.000000
5855.000000,439.159790,0.801758,0.497163,0.916748,0.808350,0.844913,0.510506,1.339090,0.506544,245.039993,10023.000000
5856.000000,411.190857,0.799072,0.495449,0.912109,0.806763,0.840921,0.509202,1.334192,0.497007,224.229996,9886.000000
5857.000000,406.349579,0.793579,0.494098,0.905396,0.800781,0.835424,0.507846,1.323183,0.497617,224.949997,10259.000000
5858.000000,419.719147,0.794922,0.496416,0.908325,0.802368,0.837398,0.509915,1.321572,0.493522,231.440002,10134.000000
5859.000000,416.746094,0.792236,0.495598,0.908325,0.800293,0.834315,0.509257,1.328669,0.498144,225.300003,10110.000000
5860.000000,440.119324,0.792236,0.497270,0.906860,0.799683,0.834276,0.510797,1.322927,0.488812,238.490005,9942.000000
5861.000000,426.193665,0.796631,0.502089,0.908691,0.803955,0.837194,0.515440,1.325291,0.491179,222.470001,10120.000000
5862.000000,437.281036,0.796387,0.503001,0.908813,0.805298,0.836711,0.516737,1.329196,0.498396,240.630005,9939.000000
5863.000000,419.097839,0.795898,0.500616,0.907715,0.805176,0.836323,0.514282,1.330241,0.493081,231.429993,10015.000000
5864.000000,422.014740,0.797974,0.500070,0.909668,0.807617,0.838781,0.514076,1.328979,0.488385,221.100006,10085.000000
5865.000000,411.310150,0.796021,0.497065,0.909668,0.805908,0.837561,0.511151,1.328523,0.487440,218.839996,10141.000000
5866.000000,403.567413,0.797607,0.495504,0.911865,0.807495,0.839461,0.510046,1.333725,0.488906,222.889999,9856.000000
5867.000000,402.705231,0.800903,0.497297,0.915161,0.809570,0.843081,0.511393,1.340003,0.495630,218.520004,10145.000000
5868.000000,424.786224,0.800293,0.497438,0.913574,0.809082,0.842808,0.511294,1.343793,0.498883,224.600006,10155.000000
5869.000000,424.373505,0.796875,0.495755,0.910767,0.804810,0.840951,0.509427,1.337511,0.493325,222.050003,10227.000000
5870.000000,419.950653,0.797729,0.495093,0.912109,0.805664,0.842153,0.508383,1.337468,0.488755,224.740005,10041.000000
5871.000000,396.539368,0.796265,0.493842,0.912476,0.804688,0.841898,0.506921,1.340729,0.494678,236.910004,9958.000000
5872.000000,421.701660,0.792603,0.492848,0.906738,0.800903,0.838806,0.505381,1.330912,0.494974,241.559998,9991.000000
5873.000000,434.407196,0.793213,0.494632,0.905762,0.801147,0.838557,0.507344,1.323730,0.489244,231.169998,10143.000000
5874.000000,427.528625,0.786621,0.492641,0.905029,0.794556,0.833779,0.505056,1.325030,0.486162,235.660004,9975.000000
5875.000000,420.598022,0.788574,0.493179,0.907837,0.797974,0.837565,0.505624,1.331867,0.492812,229.270004,9929.000000
5876.000000,416.162964,0.789673,0.494404,0.911499,0.797607,0.839377,0.506550,1.345107,0.498011,236.830002,10332.000000
5877.000000,407.085938,0.793091,0.497169,0.909302,0.801147,0.842305,0.509287,1.337607,0.495051,221.449997,10131.000000
5878.000000,440.998657,0.791504,0.496365,0.906616,0.800049,0.838980,0.508855,1.328351,0.494299,240.710007,10175.000000
5879.000000,430.826843,0.791382,0.497322,0.906738,0.799438,0.838246,0.510033,1.328444,0.496498,238.820007,10063.000000
5880.000000,420.731445,0.791504,0.498992,0.907471,0.800293,0.838797,0.511635,1.327780,0.496562,240.649994,10008.000000
5881.000000,456.649841,0.796143,0.500627,0.909546,0.805420,0.842003,0.513205,1.333349,0.498570,257.769989,10139.000000
5882.000000,434.075073,0.800415,0.503149,0.913574,0.807251,0.845897,0.515280,1.340925,0.506171,229.729996,9969.000000
5883.000000,410.678284,0.799927,0.505134,0.913818,0.806885,0.846364,0.517008,1.343611,0.508209,230.360001,9974.000000
5884.000000,434.828705,0.797974,0.504756,0.910522,0.805054,0.845336,0.516264,1.341662,0.509861,239.169998,9912.000000
5885.000000,414.659119,0.801270,0.508079,0.914185,0.807861,0.847979,0.519296,1.349221,0.511706,231.860001,9982.000000
5886.000000,424.763458,0.798584,0.505510,0.914062,0.806519,0.844820,0.517289,1.344682,0.505336,225.029999,10010.000000
5887.000000,403.933136,0.796997,0.504301,0.907593,0.804565,0.842288,0.516183,1.333443,0.497361,227.119995,10093.000000
5888.000000,428.612946,0.800171,0.506523,0.911621,0.807007,0.844786,0.518249,1.341095,0.506439,234.979996,9940.000000
5889.000000,431.047119,0.798218,0.505147,0.912720,0.805908,0.843019,0.516874,1.340688,0.503479,234.919998,9983.000000
5890.000000,459.747406,0.795898,0.502952,0.905884,0.803223,0.840017,0.514350,1.326310,0.487065,257.709991,9820.000000
5891.000000,465.606079,0.796631,0.503065,0.908325,0.804443,0.839712,0.514625,1.329468,0.487650,237.970001,10117.000000
5892.000000,428.127960,0.794800,0.501372,0.906738,0.802490,0.837305,0.513141,1.332843,0.492666,236.869995,10056.000000
5893.000000,399.652069,0.793213,0.499945,0.907471,0.800659,0.836085,0.511957,1.333932,0.487156,220.880005,10154.000000
5894.000000,426.325989,0.792358,0.500610,0.908325,0.799683,0.837350,0.512829,1.331015,0.492849,235.050003,10023.000000
5895.000000,417.445770,0.795410,0.502750,0.910278,0.803467,0.840615,0.515205,1.333416,0.496460,233.729996,10015.000000
5896.000000,420.592865,0.796387,0.502640,0.912476,0.804199,0.841258,0.515416,1.333014,0.496407,235.470001,10161.000000
5897.000000,439.470428,0.795044,0.499339,0.911987,0.801880,0.839734,0.512167,1.341563,0.495779,246.710007,10002.000000
5898.000000,391.532776,0.794434,0.500052,0.910400,0.801392,0.839196,0.513172,1.336427,0.498283,215.820007,10082.000000
5899.000000,447.507904,0.791016,0.496980,0.905518,0.798706,0.835961,0.510465,1.323426,0.493980,239.660004,9907.000000
5900.000000,408.811523,0.791382,0.497687,0.907959,0.799561,0.837034,0.511270,1.328281,0.493547,221.199997,10046.000000
5901.000000,412.557465,0.792725,0.498183,0.911499,0.801147,0.839021,0.511785,1.340600,0.495571,229.589996,10134.000000
5902.000000,418.294861,0.793213,0.498465,0.908691,0.801514,0.839523,0.511983,1.336537,0.494436,232.000000,10067.000000
5903.000000,422.313324,0.792114,0.496115,0.908325,0.800903,0.838019,0.509751,1.336666,0.495336,233.410004,10317.000000
5904.000000,432.517731,0.792480,0.496579,0.911133,0.800659,0.838826,0.510327,1.343095,0.495052,231.000000,10026.000000
5905.000000,402.835907,0.792847,0.498003,0.909058,0.802124,0.838469,0.512374,1.340105,0.501808,228.190002,9937.000000
5906.000000,438.581848,0.792603,0.498589,0.909668,0.800171,0.839208,0.512895,1.335630,0.498991,239.250000,10187.000000
5907.000000,445.385284,0.790527,0.495630,0.909302,0.797974,0.837603,0.509877,1.336756,0.498387,228.589996,10011.000000
5908.000000,416.594788,0.790161,0.496644,0.909546,0.799194,0.836869,0.511088,1.330264,0.500371,229.300003,10025.000000
5909.000000,423.959381,0.788330,0.494458,0.906860,0.796387,0.834816,0.508764,1.333745,0.489716,246.020004,9943.000000
5910.000000,439.634155,0.791016,0.498048,0.908813,0.799927,0.836604,0.512467,1.334341,0.493987,231.919998,10088.000000
5911.000000,431.270050,0.793701,0.501082,0.909058,0.801392,0.840024,0.515005,1.337160,0.499331,239.169998,10082.000000
5912.000000,446.103485,0.794189,0.500841,0.911255,0.801880,0.840608,0.514345,1.342007,0.496754,247.070007,9943.000000
5913.000000,425.172241,0.790405,0.497554,0.906860,0.798340,0.837111,0.510682,1.336247,0.487406,238.899994,9979.000000
5914.000000,422.912659,0.795654,0.500968,0.910400,0.803101,0.842103,0.513829,1.337066,0.494206,224.119995,9915.000000
5915.000000,418.515503,0.799072,0.502053,0.913208,0.806641,0.845281,0.514755,1.341096,0.496909,233.779999,10014.000000
5916.000000,442.631409,0.800781,0.503453,0.913452,0.808228,0.846364,0.516042,1.345783,0.501390,244.839996,10019.000000
5917.000000,418.788818,0.798584,0.499955,0.913452,0.805908,0.845009,0.512362,1.341266,0.498479,222.259995,10144.000000
5918.000000,443.055817,0.795776,0.497743,0.910889,0.802734,0.841617,0.509898,1.336777,0.488816,225.089996,9969.000000
5919.000000,434.700439,0.790649,0.495954,0.905518,0.797852,0.837686,0.507925,1.326205,0.481575,230.479996,9983.000000
5920.000000,418.906738,0.786499,0.491283,0.905884,0.794434,0.834908,0.503566,1.319771,0.476449,239.380005,9960.000000
5921.000000,427.145691,0.787842,0.492864,0.906616,0.796753,0.836288,0.505293,1.321483,0.481538,242.130005,9914.000000
5922.000000,415.326843,0.790283,0.494812,0.908325,0.798828,0.839114,0.507325,1.325728,0.478063,230.100006,9916.000000
5923.000000,407.549591,0.786133,0.491026,0.904541,0.795166,0.834421,0.503717,1.317312,0.473783,230.889999,10128.000000
5924.000000,433.070984,0.783325,0.489097,0.902954,0.792969,0.831551,0.501820,1.313587,0.477765,231.710007,9948.000000
5925.000000,410.713989,0.779419,0.485117,0.904541,0.789062,0.829284,0.497684,1.312754,0.478130,220.270004,10063.000000
5926.000000,415.580292,0.780884,0.486208,0.907471,0.790039,0.832754,0.498568,1.319634,0.483731,244.020004,9999.000000
5927.000000,431.822205,0.787842,0.492525,0.910767,0.797974,0.839846,0.504938,1.323862,0.495409,241.399994,9876.000000
5928.000000,414.841583,0.791870,0.493779,0.912476,0.801147,0.844624,0.505739,1.331129,0.497633,230.300003,10156.000000
5929.000000,416.806610,0.795776,0.495263,0.915527,0.803833,0.847304,0.507121,1.335644,0.496909,225.710007,10133.000000
5930.000000,431.350464,0.796143,0.493315,0.917603,0.806030,0.847840,0.505552,1.342140,0.496751,231.380005,10124.000000
5931.000000,412.180328,0.791870,0.490751,0.913696,0.800781,0.844561,0.502510,1.338564,0.492189,231.110001,10060.000000
5932.000000,435.078644,0.788330,0.488749,0.911011,0.797729,0.841034,0.500700,1.328472,0.491599,225.970001,9939.000000
5933.000000,409.512726,0.785522,0.488332,0.906982,0.795044,0.838728,0.500424,1.320520,0.487486,219.839996,9978.000000
5934.000000,407.821503,0.785156,0.487863,0.908569,0.792969,0.836865,0.499553,1.321742,0.485555,229.750000,9970.000000
5935.000000,409.500580,0.790161,0.490954,0.910278,0.799805,0.840842,0.503041,1.325522,0.485543,222.779999,9733.000000
5936.000000,424.894806,0.791504,0.493049,0.911011,0.799561,0.842135,0.504666,1.330925,0.489638,232.529999,9884.000000
5937.000000,397.331085,0.793335,0.494058,0.912598,0.801270,0.843766,0.505635,1.326809,0.483726,219.839996,10031.000000
5938.000000,424.341278,0.790283,0.491568,0.908813,0.798828,0.841335,0.503056,1.324757,0.481197,227.490005,9976.000000
5939.000000,427.370941,0.788696,0.490321,0.909912,0.796753,0.840855,0.501821,1.326671,0.478466,227.869995,9822.000000
5940.000000,419.147949,0.787964,0.489401,0.910278,0.796265,0.839749,0.501029,1.324484,0.473063,233.250000,9822.000000
5941.000000,423.513641,0.789429,0.490542,0.908325,0.797974,0.840577,0.502109,1.319959,0.477253,237.119995,9996.000000
5942.000000,418.453949,0.787598,0.488913,0.907715,0.796143,0.838869,0.500582,1.319903,0.480045,228.229996,9953.000000
5943.000000,426.649231,0.787842,0.488064,0.909668,0.795898,0.838908,0.499708,1.319251,0.479003,222.440002,9893.000000
5944.000000,423.934296,0.793579,0.491102,0.911011,0.801758,0.842020,0.502660,1.326856,0.487843,231.809998,9985.000000
5945.000000,385.444824,0.793823,0.491753,0.911743,0.802002,0.842079,0.503387,1.332606,0.494795,237.470001,9958.000000
5946.000000,423.225586,0.794067,0.492357,0.912231,0.801147,0.842679,0.503814,1.329218,0.491478,240.179993,9790.000000
5947.000000,418.657196,0.794922,0.493539,0.910522,0.803223,0.842905,0.505160,1.328912,0.495730,228.059998,9855.000000
5948.000000,428.094574,0.789795,0.490647,0.911011,0.797852,0.839208,0.502406,1.327129,0.489307,234.410004,9963.000000
5949.000000,407.527924,0.788696,0.489798,0.909546,0.795654,0.839016,0.501232,1.327456,0.486970,220.639999,9875.000000
5950.000000,414.725403,0.785522,0.488310,0.907104,0.793091,0.836194,0.499892,1.325123,0.485398,231.720001,10233.000000
5951.000000,426.194031,0.785156,0.488382,0.908691,0.792236,0.836237,0.500003,1.319473,0.479511,248.789993,10011.000000
5952.000000,407.272095,0.782227,0.487075,0.906128,0.789917,0.833046,0.498731,1.315033,0.482429,220.750000,9928.000000
5953.000000,431.861633,0.779907,0.485267,0.906250,0.787354,0.830740,0.497040,1.310531,0.478870,226.149994,9971.000000
5954.000000,405.446503,0.780762,0.485907,0.908813,0.789185,0.833609,0.498197,1.312874,0.483779,231.869995,9793.000000
5955.000000,428.039581,0.785889,0.489896,0.912964,0.792480,0.837428,0.502398,1.319831,0.486788,232.830002,10105.000000
5956.000000,410.224640,0.790771,0.492062,0.916016,0.797974,0.843078,0.504693,1.329659,0.487793,225.360001,10231.000000
5957.000000,414.139038,0.793091,0.493653,0.915771,0.800171,0.843878,0.506585,1.330531,0.491256,238.910004,9937.000000
5958.000000,408.272064,0.795044,0.495128,0.916870,0.802612,0.846330,0.507785,1.333683,0.493618,220.470001,10013.000000
5959.000000,422.552948,0.794189,0.495085,0.915649,0.800781,0.845075,0.507834,1.333275,0.498206,221.270004,9880.000000
5960.000000,411.887360,0.790771,0.493405,0.909058,0.798340,0.840133,0.506045,1.321443,0.484789,230.029999,9880.000000
5961.000000,420.192902,0.789429,0.490342,0.909180,0.796631,0.837754,0.502914,1.316752,0.475120,221.199997,9966.000000
5962.000000,404.822632,0.792603,0.491840,0.913696,0.800171,0.839653,0.504276,1.321070,0.473669,227.000000,10060.000000
5963.000000,386.177063,0.796631,0.493318,0.918701,0.803345,0.845870,0.505565,1.331743,0.480659,224.250000,9968.000000
5964.000000,439.260559,0.799438,0.494462,0.918213,0.806641,0.847136,0.507117,1.335618,0.482834,238.639999,9990.000000
5965.000000,426.451111,0.796143,0.491010,0.909546,0.803223,0.841710,0.503840,1.318715,0.474795,230.350006,10043.000000
5966.000000,415.057739,0.795044,0.488496,0.911377,0.802734,0.840993,0.501236,1.319135,0.465500,227.820007,10012.000000
5967.000000,402.751404,0.791260,0.484966,0.912231,0.798950,0.838236,0.497932,1.326569,0.456428,218.229996,9995.000000
5968.000000,424.305084,0.791992,0.485710,0.910034,0.799683,0.837991,0.499107,1.321470,0.455172,228.690002,9996.000000
5969.000000,426.639282,0.793091,0.485454,0.909058,0.802124,0.838470,0.499148,1.316741,0.456568,226.360001,10117.000000
5970.000000,438.131622,0.788452,0.482128,0.905762,0.796387,0.833870,0.495427,1.309844,0.451227,234.110001,9941.000000
5971.000000,418.938080,0.784424,0.476045,0.906006,0.791504,0.830989,0.489130,1.308190,0.447405,228.429993,9879.000000
5972.000000,426.247467,0.785645,0.477865,0.905151,0.792603,0.831614,0.490997,1.306845,0.452105,229.649994,9975.000000
5973.000000,395.886078,0.782715,0.477980,0.904175,0.790405,0.830905,0.490931,1.303782,0.457797,233.289993,9997.000000
5974.000000,416.532562,0.784790,0.480287,0.906982,0.792480,0.833179,0.493175,1.307194,0.465864,219.559998,9871.000000
5975.000000,408.939148,0.787598,0.480229,0.913818,0.794312,0.836728,0.493166,1.317968,0.475118,218.619995,9964.000000
5976.000000,402.727753,0.791016,0.483203,0.915527,0.798584,0.840430,0.496319,1.319289,0.486633,224.990005,9843.000000
5977.000000,386.721863,0.788940,0.482783,0.908447,0.796021,0.837120,0.496007,1.310141,0.488311,220.289993,9775.000000
5978.000000,399.886047,0.785156,0.481525,0.906616,0.792847,0.834178,0.494852,1.299245,0.481539,230.130005,9948.000000
5979.000000,413.109863,0.783936,0.479025,0.909302,0.791626,0.834252,0.492688,1.308534,0.482129,216.889999,9849.000000
5980.000000,405.373840,0.784302,0.480600,0.911255,0.792603,0.835125,0.494286,1.310002,0.480566,232.399994,9813.000000
5981.000000,391.752747,0.784790,0.479082,0.911743,0.792358,0.836721,0.492619,1.309767,0.472170,218.160004,9810.000000
5982.000000,398.981445,0.786377,0.480843,0.911499,0.793945,0.837421,0.494319,1.313010,0.478471,227.429993,10075.000000
5983.000000,419.138489,0.789062,0.482271,0.913818,0.795532,0.838607,0.496421,1.314310,0.481180,237.220001,10183.000000
5984.000000,425.200867,0.788574,0.480782,0.914185,0.795654,0.838051,0.495007,1.320109,0.478474,231.059998,10135.000000
5985.000000,402.259216,0.790894,0.484148,0.914429,0.797607,0.840055,0.498408,1.317444,0.473365,226.770004,10034.000000
5986.000000,411.691559,0.788330,0.479338,0.913086,0.795166,0.837024,0.493538,1.314885,0.468964,223.970001,9958.000000
5987.000000,411.371277,0.785400,0.478193,0.913452,0.792847,0.834653,0.492359,1.310040,0.466268,234.039993,9858.000000
5988.000000,422.146240,0.787842,0.479606,0.912231,0.794556,0.837012,0.493602,1.307177,0.463674,226.350006,10192.000000
5989.000000,380.856262,0.791626,0.482378,0.914307,0.798462,0.839916,0.495834,1.315144,0.464074,216.669998,9869.000000
5990.000000,408.247040,0.791016,0.482386,0.911987,0.797119,0.838891,0.495915,1.313737,0.463291,239.759995,9975.000000
5991.000000,410.854523,0.794922,0.482985,0.910645,0.802612,0.840401,0.496818,1.308250,0.465042,221.710007,9747.000000
5992.000000,420.369263,0.791748,0.479623,0.912598,0.798828,0.839035,0.493162,1.310058,0.460365,224.330002,9625.000000
5993.000000,423.872223,0.792847,0.480328,0.913696,0.800293,0.839604,0.494195,1.310621,0.461166,248.160004,9822.000000
5994.000000,413.067688,0.794678,0.481038,0.915527,0.800659,0.841549,0.494517,1.313862,0.462808,222.699997,9860.000000
5995.000000,400.570129,0.793579,0.479534,0.912476,0.800903,0.839795,0.493057,1.308433,0.461205,227.940002,9857.000000
5996.000000,419.528931,0.788818,0.475978,0.909302,0.795044,0.835613,0.489562,1.300368,0.457309,230.399994,9693.000000
5997.000000,423.564880,0.786987,0.472507,0.909302,0.793823,0.834638,0.486127,1.300360,0.448763,255.229996,9815.000000
5998.000000,411.634155,0.786987,0.474932,0.911621,0.793579,0.835810,0.488242,1.306540,0.453619,233.559998,9888.000000
5999.000000,405.763947,0.788818,0.477331,0.912598,0.795410,0.837453,0.490541,1.307219,0.463924,225.699997,9898.000000
6000.000000,415.873199,0.787598,0.476933,0.908325,0.794312,0.835167,0.490331,1.306179,0.461667,232.919998,9840.000000
6001.000000,428.751129,0.786011,0.474919,0.911255,0.793213,0.834974,0.488488,1.307628,0.460584,230.960007,9781.000000
6002.000000,419.951904,0.787109,0.476308,0.912476,0.794434,0.835968,0.489780,1.308254,0.460383,259.970001,10012.000000
6003.000000,417.420959,0.785889,0.477307,0.910278,0.791992,0.834584,0.490545,1.305578,0.458894,227.300003,9888.000000
6004.000000,425.219696,0.780884,0.475111,0.904907,0.788208,0.831360,0.487899,1.297593,0.456428,230.270004,9836.000000
6005.000000,399.988556,0.780273,0.475705,0.906616,0.788086,0.830534,0.488421,1.300589,0.467901,227.710007,10144.000000
6006.000000,423.853424,0.784058,0.479829,0.911011,0.791504,0.834358,0.492312,1.308713,0.476595,225.389999,9906.000000
6007.000000,427.400452,0.785889,0.480829,0.911133,0.792358,0.837223,0.493100,1.309193,0.469440,236.179993,9684.000000
6008.000000,406.691223,0.785156,0.479687,0.910767,0.792114,0.837027,0.492238,1.311757,0.468182,233.789993,9550.000000
6009.000000,399.113495,0.787720,0.481781,0.913208,0.794678,0.840535,0.494101,1.312946,0.469817,230.869995,9740.000000
6010.000000,398.983429,0.786987,0.480297,0.914429,0.793701,0.841280,0.492260,1.318173,0.470109,224.449997,9350.000000
6011.000000,414.089661,0.788208,0.482951,0.915771,0.794678,0.842379,0.494631,1.322180,0.474518,230.149994,9927.000000
6012.000000,407.129547,0.785645,0.479807,0.913086,0.792114,0.841037,0.491381,1.316579,0.475611,221.229996,9767.000000
6013.000000,421.342102,0.787354,0.481194,0.914062,0.794067,0.842521,0.492899,1.312418,0.474488,227.559998,9703.000000
6014.000000,412.899658,0.787231,0.479500,0.915894,0.794800,0.842279,0.491316,1.318886,0.471836,231.809998,9781.000000
6015.000000,403.418152,0.786377,0.479069,0.913696,0.793091,0.840976,0.490964,1.312380,0.465463,223.539993,9708.000000
6016.000000,378.748169,0.786377,0.478468,0.912109,0.793457,0.841154,0.490388,1.304580,0.461376,230.210007,10019.000000
6017.000000,415.547882,0.786743,0.478170,0.911865,0.793457,0.840260,0.490299,1.310841,0.464165,232.160004,9749.000000
6018.000000,394.946472,0.787109,0.480581,0.914429,0.793335,0.841181,0.492618,1.317213,0.467591,227.160004,9956.000000
6019.000000,400.667542,0.785278,0.480259,0.911133,0.790771,0.839793,0.492101,1.313152,0.462542,232.029999,9824.000000
6020.000000,400.364441,0.786377,0.479286,0.911133,0.792480,0.840856,0.491036,1.318178,0.452575,225.360001,9781.000000
6021.000000,432.579437,0.786499,0.478625,0.915283,0.792847,0.841840,0.490288,1.325796,0.454583,241.889999,9780.000000
6022.000000,390.276520,0.787476,0.479664,0.915527,0.793091,0.843118,0.491085,1.329579,0.467513,224.929993,9760.000000
6023.000000,416.299225,0.781860,0.477225,0.909424,0.788452,0.838783,0.488571,1.317565,0.468385,228.500000,10169.000000
6024.000000,430.092468,0.780151,0.475932,0.909058,0.787476,0.838193,0.487140,1.313231,0.466574,263.390015,9926.000000
6025.000000,430.420807,0.785156,0.477939,0.912598,0.790283,0.841605,0.488743,1.320433,0.470437,240.449997,9872.000000
6026.000000,415.617096,0.788452,0.481274,0.913208,0.794189,0.843927,0.491968,1.324477,0.476354,243.559998,9834.000000
6027.000000,413.150269,0.785400,0.482861,0.909302,0.790894,0.840799,0.493455,1.316553,0.474062,222.899994,10106.000000
6028.000000,410.572510,0.786621,0.481393,0.912964,0.793091,0.842814,0.491900,1.316949,0.472293,221.369995,9945.000000
6029.000000,391.280945,0.782593,0.480092,0.910767,0.789429,0.839945,0.490537,1.317133,0.471887,226.630005,9867.000000
6030.000000,425.459839,0.786133,0.482373,0.913696,0.792847,0.843342,0.492905,1.321182,0.477870,223.440002,10021.000000
6031.000000,414.000671,0.787720,0.484451,0.911621,0.794678,0.844725,0.495235,1.317803,0.478817,232.720001,10067.000000
6032.000000,418.750610,0.784058,0.482104,0.911255,0.790527,0.841255,0.493063,1.316173,0.479242,242.270004,9988.000000
6033.000000,424.433014,0.787842,0.485622,0.911865,0.794800,0.842423,0.496688,1.316301,0.481514,256.579987,9652.000000
6034.000000,409.735596,0.785034,0.484145,0.911865,0.791138,0.838990,0.495275,1.315364,0.478032,257.670013,10092.000000
6035.000000,423.620941,0.783325,0.484738,0.909180,0.789185,0.836796,0.496212,1.314808,0.477144,252.210007,9944.000000
6036.000000,407.479156,0.785156,0.486526,0.911987,0.792480,0.839424,0.497847,1.315386,0.478754,232.470001,9995.000000
6037.000000,412.450012,0.786255,0.488113,0.913452,0.791870,0.840373,0.499482,1.322486,0.483266,225.320007,9392.000000
6038.000000,407.458710,0.789185,0.489319,0.917236,0.795410,0.843860,0.500772,1.330660,0.483500,234.279999,10032.000000
6039.000000,410.598724,0.792114,0.492522,0.918579,0.797729,0.846967,0.503885,1.332880,0.485705,238.100006,10090.000000
6040.000000,415.192993,0.786499,0.488878,0.910156,0.791992,0.841444,0.499836,1.323735,0.480593,232.050003,9858.000000
6041.000000,424.189240,0.790405,0.489269,0.910889,0.796753,0.843708,0.500487,1.320905,0.481689,253.800003,10096.000000
6042.000000,412.099457,0.790405,0.490052,0.914185,0.796143,0.843431,0.501169,1.327611,0.481195,226.369995,9998.000000
6043.000000,423.737915,0.793701,0.491481,0.917725,0.799072,0.848129,0.502711,1.332516,0.488307,225.220001,10023.000000
6044.000000,423.973694,0.794800,0.490258,0.920410,0.801270,0.849728,0.501676,1.341335,0.492971,240.080002,9940.000000
6045.000000,426.931244,0.796387,0.492026,0.920288,0.802246,0.851383,0.503248,1.344011,0.492011,228.860001,9896.000000
6046.000000,392.780670,0.793213,0.488750,0.915771,0.798828,0.848200,0.499769,1.331472,0.477006,231.839996,9933.000000
6047.000000,412.656860,0.789551,0.485908,0.913086,0.796509,0.844653,0.497055,1.325134,0.470139,238.429993,10041.000000
6048.000000,385.577789,0.783569,0.482671,0.907349,0.789551,0.838071,0.493835,1.319651,0.463075,220.029999,9918.000000
6049.000000,433.695251,0.780762,0.480702,0.905762,0.788330,0.836251,0.491621,1.312410,0.454382,235.470001,10108.000000
6050.000000,414.918243,0.782715,0.480622,0.909180,0.789307,0.837646,0.491434,1.314133,0.456766,219.919998,10387.000000
6051.000000,413.912720,0.785034,0.482531,0.913208,0.791626,0.841721,0.493302,1.324465,0.462003,231.889999,10072.000000
6052.000000,425.116058,0.791504,0.487302,0.916992,0.798218,0.848626,0.497991,1.335705,0.473200,239.059998,10034.000000
6053.000000,414.344910,0.790649,0.486696,0.914795,0.797119,0.846720,0.497232,1.334095,0.478271,242.779999,9992.000000
6054.000000,415.500244,0.785034,0.484409,0.907837,0.791016,0.841592,0.494394,1.322347,0.476380,225.479996,10005.000000
6055.000000,419.907532,0.785156,0.483293,0.911011,0.790894,0.842707,0.493155,1.324656,0.471967,227.179993,10096.000000
6056.000000,405.363434,0.786377,0.483229,0.915405,0.793213,0.844435,0.493261,1.333590,0.470462,229.089996,10078.000000
6057.000000,410.762756,0.788940,0.483899,0.915527,0.795044,0.847768,0.493576,1.338451,0.474615,249.600006,9996.000000
6058.000000,403.036652,0.787964,0.485805,0.912598,0.795166,0.847716,0.495386,1.338626,0.477518,250.699997,9956.000000
6059.000000,414.686127,0.782349,0.485234,0.908691,0.788818,0.843097,0.494569,1.328719,0.475003,225.889999,9911.000000
6060.000000,400.648743,0.781006,0.483722,0.910522,0.786621,0.843188,0.493177,1.321928,0.469545,231.559998,10332.000000
6061.000000,447.728729,0.783325,0.485212,0.912964,0.789185,0.843919,0.494827,1.331434,0.475669,251.889999,10379.000000
6062.000000,436.989899,0.782104,0.484923,0.913208,0.788086,0.844205,0.494470,1.337828,0.477181,244.300003,10079.000000
6063.000000,431.095825,0.782471,0.485760,0.911011,0.787964,0.844557,0.495288,1.335863,0.474630,231.949997,9920.000000
6064.000000,414.754364,0.778687,0.482852,0.907471,0.787231,0.841401,0.492780,1.332871,0.479030,223.380005,10181.000000
6065.000000,433.069824,0.783691,0.487172,0.914673,0.791870,0.847754,0.496891,1.340649,0.481811,231.860001,10073.000000
6066.000000,424.927002,0.780762,0.486469,0.911255,0.788330,0.845542,0.496549,1.343056,0.490179,231.610001,10095.000000
6067.000000,423.705261,0.779907,0.485942,0.910156,0.787598,0.843580,0.496104,1.328563,0.479245,228.550003,10392.000000
6068.000000,428.185883,0.779297,0.483364,0.909790,0.786987,0.843262,0.493721,1.331615,0.471138,230.399994,9879.000000
6069.000000,418.825928,0.776855,0.482199,0.910767,0.784668,0.841898,0.492804,1.331383,0.465030,238.699997,10192.000000
6070.000000,424.193420,0.781494,0.481938,0.912354,0.790405,0.845006,0.493011,1.334863,0.463036,231.779999,10079.000000
6071.000000,441.698547,0.780273,0.479364,0.913940,0.789429,0.843589,0.490581,1.340840,0.463306,239.240005,10080.000000
6072.000000,410.268433,0.783447,0.480736,0.914307,0.792725,0.845390,0.492196,1.338110,0.468019,229.570007,10238.000000
6073.000000,400.024109,0.785156,0.481175,0.914307,0.793945,0.846153,0.492682,1.340053,0.475220,230.529999,9879.000000
6074.000000,415.816376,0.784058,0.481164,0.909302,0.792969,0.842966,0.492800,1.330846,0.471532,221.179993,9629.000000
6075.000000,409.379883,0.784180,0.481835,0.908569,0.791626,0.842586,0.493020,1.323801,0.464473,219.100006,10154.000000
6076.000000,422.795380,0.784180,0.480945,0.910767,0.790405,0.841375,0.491983,1.330001,0.459721,230.679993,10134.000000
6077.000000,418.250671,0.785889,0.483135,0.912598,0.793213,0.843316,0.494233,1.334310,0.468226,227.020004,10172.000000
6078.000000,433.100677,0.787231,0.484222,0.909424,0.795166,0.843686,0.495769,1.328797,0.465713,240.240005,10051.000000
6079.000000,428.110626,0.786255,0.480858,0.909058,0.794312,0.842470,0.492234,1.327396,0.471107,225.929993,9863.000000
6080.000000,421.341553,0.787964,0.482015,0.911621,0.796143,0.842716,0.493595,1.327344,0.474456,223.789993,9871.000000
6081.000000,418.910065,0.788086,0.481629,0.907959,0.795776,0.841576,0.493068,1.321458,0.470931,243.600006,10181.000000
6082.000000,429.197327,0.791260,0.484170,0.912109,0.799927,0.844720,0.495711,1.329099,0.473710,242.320007,10156.000000
6083.000000,418.589264,0.791748,0.485342,0.912720,0.799805,0.844580,0.496684,1.335750,0.476080,227.250000,10124.000000
6084.000000,421.768555,0.791504,0.484414,0.912842,0.799438,0.845150,0.495899,1.329054,0.468731,223.490005,10323.000000
6085.000000,424.193420,0.789917,0.482405,0.910156,0.798462,0.842644,0.493911,1.325335,0.469695,228.720001,10030.000000
6086.000000,405.867981,0.790894,0.483171,0.911621,0.798462,0.843659,0.494628,1.324991,0.470350,232.039993,10019.000000
6087.000000,434.734344,0.785889,0.478499,0.908691,0.795044,0.839969,0.490212,1.318568,0.462448,234.000000,10207.000000
6088.000000,409.560852,0.780273,0.475182,0.904297,0.788330,0.834537,0.486561,1.312237,0.456732,219.199997,10036.000000
6089.000000,396.080627,0.779663,0.474336,0.905029,0.788208,0.834287,0.486275,1.303801,0.456752,225.270004,10109.000000
6090.000000,406.943909,0.776489,0.472116,0.907593,0.784180,0.832500,0.484385,1.306833,0.460178,221.199997,9535.000000
6091.000000,423.766479,0.779907,0.476780,0.911133,0.787842,0.837751,0.488707,1.318576,0.473268,247.300003,9923.000000
6092.000000,382.476318,0.786987,0.482312,0.916870,0.794556,0.843882,0.494261,1.327288,0.485406,233.619995,10046.000000
6093.000000,423.085602,0.783691,0.479607,0.913696,0.791748,0.840706,0.491701,1.324960,0.484061,238.910004,10081.000000
6094.000000,436.447723,0.778442,0.478647,0.907104,0.786499,0.835536,0.490889,1.310561,0.477844,241.080002,9706.000000
6095.000000,413.689941,0.784058,0.480488,0.914062,0.793091,0.841231,0.492976,1.317366,0.475162,251.380005,10016.000000
6096.000000,418.513519,0.780884,0.476453,0.914062,0.790283,0.839409,0.489184,1.318409,0.470102,225.089996,10221.000000
6097.000000,414.040039,0.786377,0.479300,0.914795,0.794067,0.842980,0.492165,1.313426,0.469221,227.089996,9777.000000
6098.000000,405.103668,0.782715,0.478429,0.911865,0.791138,0.839875,0.491310,1.311475,0.471565,225.770004,9863.000000
6099.000000,410.726257,0.779663,0.478340,0.908325,0.787476,0.836442,0.491249,1.309113,0.474202,227.740005,9850.000000
6100.000000,409.626892,0.778687,0.476279,0.909180,0.787964,0.836267,0.489273,1.310191,0.471204,220.809998,9971.000000
6101.000000,416.871124,0.782593,0.478696,0.909180,0.791382,0.837827,0.492132,1.310455,0.473575,226.860001,9911.000000
6102.000000,401.256500,0.779785,0.476329,0.906494,0.788452,0.836085,0.489383,1.306974,0.467720,226.940002,10100.000000
6103.000000,433.200470,0.784668,0.479020,0.911377,0.793579,0.840801,0.492094,1.316473,0.474714,235.229996,10056.000000
6104.000000,439.047363,0.786377,0.478715,0.914551,0.795776,0.841810,0.491971,1.325377,0.478931,232.369995,9735.000000
6105.000000,409.574127,0.787964,0.481515,0.911621,0.797119,0.841370,0.494614,1.319617,0.480477,218.389999,9772.000000
6106.000000,419.566864,0.784546,0.478839,0.907837,0.791504,0.837747,0.491454,1.311689,0.476284,222.500000,10202.000000
6107.000000,415.018463,0.781982,0.476753,0.908325,0.789795,0.835468,0.489411,1.309696,0.474038,231.509995,10129.000000
6108.000000,441.342834,0.781372,0.476907,0.905396,0.789307,0.834720,0.489487,1.301946,0.468703,238.399994,10090.000000
6109.000000,427.464233,0.781372,0.476143,0.906128,0.788696,0.833872,0.488630,1.301769,0.470824,233.080002,10128.000000
6110.000000,393.666016,0.784546,0.478162,0.910278,0.792480,0.835766,0.490913,1.309583,0.468649,227.639999,10172.000000
6111.000000,414.779510,0.786621,0.479655,0.915894,0.794434,0.839546,0.492635,1.326873,0.476791,244.830002,9996.000000
6112.000000,401.719910,0.787964,0.482868,0.915894,0.794922,0.842327,0.495429,1.328898,0.484596,223.449997,10065.000000
6113.000000,417.829315,0.786255,0.480414,0.910522,0.793823,0.839766,0.493356,1.315223,0.481152,233.600006,10098.000000
6114.000000,412.744446,0.783203,0.478062,0.909668,0.791992,0.837318,0.491172,1.309890,0.479832,228.289993,9978.000000
6115.000000,420.790161,0.782593,0.479719,0.910645,0.791138,0.837651,0.492885,1.311593,0.486188,230.960007,9749.000000
6116.000000,422.834808,0.781616,0.479306,0.912109,0.789185,0.837802,0.492329,1.316337,0.477103,240.380005,10085.000000
6117.000000,405.689697,0.779785,0.476591,0.908447,0.788208,0.836387,0.489775,1.311554,0.477343,229.059998,9871.000000
6118.000000,426.021515,0.781006,0.476945,0.909790,0.789795,0.837285,0.490325,1.310259,0.479367,226.220001,9695.000000
6119.000000,419.938538,0.781006,0.480885,0.909912,0.790894,0.836866,0.494819,1.307577,0.481451,232.779999,10177.000000
6120.000000,444.891449,0.782593,0.479684,0.907593,0.791626,0.836781,0.493574,1.305857,0.479649,242.990005,10070.000000
6121.000000,417.657806,0.781860,0.479227,0.912354,0.791382,0.837488,0.493156,1.315872,0.481447,228.009995,10045.000000
6122.000000,412.170654,0.783569,0.479608,0.913574,0.793091,0.840095,0.493482,1.322725,0.478181,222.990005,9968.000000
6123.000000,409.230988,0.781982,0.477806,0.911133,0.790161,0.839268,0.491002,1.321874,0.464402,224.339996,10059.000000
6124.000000,399.655640,0.779419,0.475416,0.910522,0.787598,0.839001,0.488400,1.319060,0.459491,222.759995,9943.000000
6125.000000,429.374298,0.778687,0.474513,0.911133,0.786499,0.839340,0.487141,1.320675,0.464086,224.949997,10112.000000
6126.000000,438.726837,0.780518,0.474323,0.911011,0.789307,0.841112,0.486826,1.316967,0.466401,242.160004,9889.000000
6127.000000,406.224518,0.776123,0.470776,0.908447,0.784668,0.837074,0.483107,1.313498,0.464849,224.580002,9906.000000
6128.000000,416.576904,0.775024,0.470110,0.906494,0.784058,0.835887,0.482425,1.307957,0.450389,219.410004,9796.000000
6129.000000,417.556976,0.778076,0.470635,0.911255,0.786987,0.839291,0.482859,1.309775,0.455619,240.550003,10026.000000
6130.000000,421.070282,0.780640,0.472419,0.916260,0.789429,0.843250,0.484734,1.322321,0.468919,231.500000,9934.000000
6131.000000,424.489197,0.782837,0.474472,0.915771,0.791382,0.843663,0.486918,1.321080,0.475099,223.809998,10098.000000
6132.000000,421.826843,0.780151,0.470963,0.909302,0.788574,0.839145,0.483449,1.310306,0.469541,224.520004,10017.000000
6133.000000,422.578308,0.777832,0.468789,0.906494,0.786621,0.835393,0.481289,1.299677,0.463007,237.949997,9921.000000
6134.000000,424.816345,0.780151,0.469888,0.910767,0.789795,0.838096,0.482468,1.305845,0.465584,247.470001,10218.000000
6135.000000,391.955536,0.778076,0.468833,0.910645,0.786743,0.835998,0.481180,1.312296,0.465280,232.000000,9986.000000
6136.000000,404.375183,0.781128,0.471411,0.910400,0.788452,0.839234,0.483336,1.313989,0.462602,222.779999,9951.000000
6137.000000,417.899231,0.780029,0.470444,0.911255,0.788452,0.838954,0.482554,1.311459,0.457163,229.800003,9988.000000
6138.000000,403.903198,0.780273,0.469606,0.912842,0.788208,0.840125,0.481576,1.317137,0.458204,226.250000,9684.000000
6139.000000,395.938263,0.780151,0.470490,0.911133,0.787476,0.839586,0.482322,1.317485,0.461260,231.720001,9794.000000
6140.000000,396.056946,0.780151,0.468728,0.910645,0.788086,0.839274,0.480323,1.314162,0.459012,225.259995,9827.000000
6141.000000,395.422119,0.783447,0.470566,0.912964,0.790283,0.842174,0.482119,1.315629,0.461244,230.610001,9949.000000
6142.000000,410.260101,0.781616,0.467265,0.914673,0.788574,0.842481,0.478543,1.327503,0.457797,236.410004,9907.000000
6143.000000,457.958984,0.781982,0.468144,0.913818,0.788574,0.842853,0.479391,1.326802,0.457289,261.690002,9941.000000
6144.000000,434.333984,0.781372,0.467018,0.913452,0.788330,0.841540,0.478391,1.319069,0.460716,242.750000,9933.000000
6145.000000,395.042877,0.782227,0.468189,0.913940,0.789673,0.842116,0.479760,1.319849,0.465674,233.000000,10047.000000
6146.000000,418.105011,0.781982,0.469811,0.911987,0.789307,0.842159,0.481461,1.320642,0.465754,220.820007,10064.000000
6147.000000,419.558899,0.778687,0.467160,0.910889,0.786499,0.840203,0.478899,1.319950,0.460960,246.279999,9976.000000
6148.000000,422.244629,0.777588,0.466984,0.907593,0.784546,0.837848,0.478785,1.311807,0.452751,244.539993,10108.000000
6149.000000,407.744141,0.782471,0.469161,0.912720,0.790039,0.841341,0.480913,1.320416,0.455997,222.639999,10114.000000
6150.000000,396.388458,0.780151,0.469894,0.912964,0.788086,0.840474,0.481617,1.324588,0.464618,223.869995,10047.000000
6151.000000,405.569763,0.779907,0.470219,0.911865,0.786743,0.840615,0.481789,1.318665,0.463723,231.210007,9852.000000
6152.000000,402.013702,0.776489,0.468520,0.909058,0.784302,0.837758,0.479979,1.318671,0.462637,224.570007,9887.000000
6153.000000,423.220184,0.774902,0.467190,0.908569,0.782593,0.837083,0.478646,1.311480,0.458148,241.889999,10005.000000
6154.000000,396.819061,0.773682,0.466171,0.907715,0.781494,0.835431,0.477586,1.309999,0.453102,224.139999,10018.000000
6155.000000,396.265442,0.778564,0.468661,0.913696,0.786133,0.840763,0.480370,1.318848,0.460908,233.399994,9899.000000
6156.000000,413.698792,0.778931,0.469936,0.914307,0.786377,0.840466,0.481609,1.325611,0.461044,241.690002,10128.000000
6157.000000,414.804413,0.777710,0.469419,0.910400,0.784912,0.838888,0.481322,1.318604,0.463394,228.419998,9871.000000
6158.000000,414.132843,0.774780,0.466441,0.907715,0.781982,0.835737,0.478437,1.314191,0.457835,229.960007,10112.000000
6159.000000,416.809418,0.774414,0.466988,0.910889,0.781616,0.836581,0.478705,1.315742,0.460206,232.229996,10022.000000
6160.000000,452.036224,0.776001,0.466929,0.911255,0.783203,0.838912,0.478615,1.313367,0.457726,247.820007,10062.000000
6161.000000,405.936279,0.779907,0.467547,0.916870,0.788818,0.843267,0.479422,1.324560,0.462267,222.600006,10167.000000
6162.000000,411.117828,0.780884,0.466843,0.917847,0.789307,0.842948,0.479090,1.327209,0.464094,229.570007,10041.000000
6163.000000,418.341766,0.779175,0.466793,0.913208,0.787354,0.841171,0.479226,1.315866,0.461823,220.059998,10128.000000
6164.000000,410.667938,0.774170,0.464562,0.906616,0.782959,0.836398,0.476994,1.300677,0.456680,225.960007,10135.000000
6165.000000,397.073700,0.774048,0.462694,0.911987,0.783081,0.835897,0.475319,1.310466,0.460344,225.460007,9968.000000
6166.000000,389.878754,0.774292,0.465511,0.913452,0.781738,0.837626,0.478376,1.317459,0.466090,226.889999,10039.000000
6167.000000,420.193420,0.772827,0.466005,0.909668,0.781006,0.836753,0.478964,1.316069,0.471324,230.770004,10018.000000
6168.000000,429.578918,0.773560,0.465945,0.913208,0.782227,0.838332,0.479096,1.320673,0.467232,237.740005,10168.000000
6169.000000,398.127014,0.776978,0.469528,0.913330,0.785767,0.841803,0.482508,1.319882,0.471798,230.179993,10003.000000
6170.000000,424.702271,0.775635,0.467074,0.908813,0.785034,0.838938,0.479890,1.317486,0.469471,225.970001,10168.000000
6171.000000,419.788208,0.772949,0.465932,0.905029,0.782837,0.835401,0.478673,1.309641,0.467168,272.559998,10100.000000
6172.000000,447.234863,0.777954,0.469841,0.911865,0.786377,0.839516,0.482469,1.318516,0.468123,243.160004,9986.000000
6173.000000,435.174683,0.778687,0.470945,0.914551,0.786865,0.841145,0.483708,1.328917,0.471327,231.660004,10079.000000
6174.000000,413.438690,0.776733,0.471255,0.909058,0.784546,0.838298,0.484188,1.321108,0.464092,223.449997,9857.000000
6175.000000,411.933594,0.774658,0.468021,0.907593,0.782715,0.836334,0.480880,1.311519,0.453893,236.509995,10174.000000
6176.000000,407.485779,0.773315,0.466811,0.910156,0.782593,0.834897,0.479941,1.313797,0.461144,226.619995,10191.000000
6177.000000,414.297363,0.777588,0.467999,0.911377,0.786011,0.837913,0.481002,1.322475,0.460364,234.990005,10086.000000
6178.000000,428.807404,0.780884,0.470097,0.913330,0.789917,0.840765,0.483170,1.331664,0.462987,230.000000,10232.000000
6179.000000,433.130035,0.782715,0.472267,0.913574,0.791992,0.843687,0.484449,1.335152,0.459921,237.220001,10035.000000
6180.000000,419.376221,0.784790,0.472559,0.914429,0.794189,0.845545,0.484474,1.338634,0.466511,222.970001,10348.000000
6181.000000,419.203552,0.783813,0.471588,0.915161,0.792480,0.845699,0.483305,1.338960,0.463428,230.369995,10085.000000
6182.000000,404.075378,0.783813,0.469994,0.914307,0.791382,0.845809,0.481649,1.338294,0.460127,226.600006,10124.000000
6183.000000,416.667847,0.776123,0.467046,0.907349,0.783936,0.838877,0.478297,1.323944,0.449204,233.000000,10146.000000
6184.000000,426.953217,0.773315,0.464314,0.905396,0.782349,0.835348,0.475523,1.319781,0.440943,240.050003,10020.000000
6185.000000,434.619507,0.776611,0.466018,0.910889,0.785889,0.837517,0.477519,1.325873,0.445445,241.240005,10100.000000
6186.000000,417.826996,0.779419,0.468846,0.912476,0.787109,0.840858,0.479900,1.330520,0.453478,230.910004,9954.000000
6187.000000,422.216888,0.774414,0.463861,0.906860,0.782715,0.836020,0.474751,1.322643,0.450325,222.690002,10246.000000
6188.000000,414.643463,0.775513,0.462582,0.910889,0.783569,0.839350,0.473333,1.326315,0.446486,230.070007,10115.000000
6189.000000,400.155487,0.777954,0.464154,0.912231,0.785889,0.841367,0.474929,1.335954,0.452673,220.520004,10158.000000
6190.000000,412.759521,0.777222,0.464262,0.913086,0.784302,0.841596,0.474614,1.337304,0.454478,237.630005,9875.000000
6191.000000,415.485382,0.778198,0.463657,0.911865,0.786011,0.842039,0.474127,1.330599,0.453176,230.589996,9911.000000
6192.000000,407.860443,0.781982,0.466724,0.914551,0.789307,0.843680,0.477348,1.332503,0.456974,236.130005,10211.000000
6193.000000,436.662170,0.783081,0.466710,0.916382,0.790894,0.846362,0.477350,1.344660,0.461166,239.960007,9990.000000
6194.000000,426.253540,0.782959,0.467456,0.917847,0.790161,0.847660,0.477945,1.346232,0.464565,226.509995,9867.000000
6195.000000,417.886627,0.777222,0.462999,0.913330,0.783813,0.843224,0.473266,1.336134,0.456144,230.389999,10074.000000
6196.000000,420.048706,0.772705,0.459545,0.911499,0.779419,0.840130,0.470007,1.329020,0.447170,229.369995,10112.000000
6197.000000,421.581573,0.769897,0.458296,0.909790,0.776611,0.836852,0.469022,1.320532,0.445293,244.520004,9720.000000
6198.000000,419.283905,0.775635,0.461562,0.914917,0.781860,0.841547,0.472390,1.324244,0.447716,228.360001,9951.000000
6199.000000,413.592346,0.774658,0.461829,0.914795,0.781128,0.840440,0.472819,1.330233,0.448879,247.830002,10186.000000
6200.000000,419.090057,0.776611,0.464430,0.912964,0.783447,0.841845,0.475589,1.330284,0.450423,225.949997,10047.000000
6201.000000,423.455292,0.774658,0.462350,0.912109,0.781982,0.840145,0.473335,1.324470,0.447748,227.610001,10180.000000
6202.000000,426.973633,0.773560,0.459122,0.913086,0.780518,0.839966,0.470091,1.324889,0.440717,229.339996,10079.000000
6203.000000,426.431366,0.771240,0.458583,0.910767,0.779175,0.838122,0.469805,1.319547,0.447630,230.710007,10004.000000
6204.000000,416.237457,0.770142,0.459755,0.908203,0.777954,0.836352,0.470556,1.315528,0.450853,243.259995,9919.000000
6205.000000,419.940430,0.770142,0.460214,0.906616,0.778198,0.835781,0.470794,1.313995,0.458054,231.919998,10188.000000
6206.000000,433.396942,0.773804,0.462346,0.912354,0.781006,0.839394,0.472728,1.318390,0.464275,225.149994,9961.000000
6207.000000,409.998505,0.779663,0.465488,0.918457,0.786377,0.844979,0.476240,1.332497,0.468705,254.679993,10067.000000
6208.000000,407.870361,0.780884,0.466279,0.915894,0.788208,0.845819,0.477039,1.332864,0.470773,251.570007,10031.000000
6209.000000,421.246399,0.782471,0.466805,0.915771,0.789551,0.847128,0.477330,1.331067,0.465054,231.660004,9927.000000
6210.000000,394.364655,0.779297,0.465338,0.911743,0.786499,0.843943,0.476063,1.322350,0.457486,228.720001,9910.000000
6211.000000,419.396210,0.775391,0.462512,0.909912,0.783813,0.840647,0.473126,1.319311,0.447444,237.399994,9932.000000
6212.000000,424.113464,0.775146,0.460974,0.909424,0.783936,0.840196,0.471898,1.316956,0.445915,235.820007,9918.000000
6213.000000,415.832184,0.781372,0.463874,0.915405,0.789429,0.845955,0.474959,1.328911,0.449559,224.089996,10037.000000
6214.000000,442.751556,0.778687,0.459642,0.915283,0.786499,0.844589,0.470747,1.334487,0.447627,234.020004,10035.000000
6215.000000,439.162079,0.776611,0.456625,0.914185,0.785034,0.843319,0.467906,1.330007,0.446407,251.559998,9961.000000
6216.000000,409.656097,0.777466,0.455369,0.916870,0.785400,0.844986,0.466572,1.333534,0.447366,223.889999,9949.000000
6217.000000,419.511658,0.773804,0.454624,0.912354,0.782349,0.841651,0.466011,1.326966,0.446224,224.139999,9925.000000
6218.000000,421.853790,0.774414,0.455113,0.909424,0.781982,0.840295,0.466718,1.313922,0.445564,234.350006,9975.000000
6219.000000,402.276733,0.772339,0.455292,0.908813,0.780029,0.836894,0.466977,1.307897,0.442891,263.070007,9936.000000
6220.000000,407.356995,0.776733,0.459923,0.911377,0.784668,0.840529,0.471822,1.315863,0.450078,232.949997,9880.000000
6221.000000,405.194519,0.775635,0.459649,0.914062,0.782959,0.840534,0.471653,1.319467,0.453058,227.779999,9758.000000
6222.000000,420.031891,0.775391,0.459309,0.912354,0.782349,0.839515,0.471538,1.317046,0.450848,235.839996,9924.000000
6223.000000,390.989258,0.777954,0.457920,0.917603,0.784424,0.841926,0.470362,1.322251,0.444555,229.039993,10031.000000
6224.000000,435.254059,0.779785,0.460154,0.918091,0.787231,0.844460,0.472847,1.333673,0.449219,236.399994,9779.000000
6225.000000,420.119537,0.777100,0.458810,0.912598,0.784302,0.840837,0.471421,1.324614,0.445917,236.289993,9759.000000
6226.000000,410.956787,0.772217,0.455620,0.906494,0.780273,0.834668,0.468189,1.313813,0.441585,229.770004,10141.000000
6227.000000,422.195831,0.772095,0.457718,0.910278,0.780884,0.834691,0.470430,1.313088,0.447334,221.179993,9991.000000
6228.000000,408.373444,0.769165,0.457339,0.908325,0.776245,0.832995,0.469854,1.311514,0.449364,225.860001,10004.000000
6229.000000,408.439484,0.771606,0.458185,0.911987,0.778931,0.835317,0.470874,1.309887,0.450764,232.300003,9934.000000
6230.000000,405.376007,0.775024,0.462001,0.911255,0.782349,0.837507,0.474551,1.320981,0.457693,221.360001,9938.000000
6231.000000,413.748413,0.780029,0.465502,0.912720,0.787231,0.842140,0.478027,1.319277,0.461414,236.699997,10024.000000
6232.000000,426.811096,0.780273,0.466174,0.911255,0.788452,0.840291,0.479227,1.320272,0.462147,248.339996,10015.000000
6233.000000,417.239838,0.778442,0.465067,0.910034,0.786499,0.838696,0.477925,1.320791,0.459017,225.860001,9983.000000
6234.000000,405.314026,0.774292,0.463897,0.906860,0.781250,0.835600,0.476328,1.314365,0.457833,230.619995,9965.000000
6235.000000,423.918701,0.774780,0.463754,0.907471,0.782471,0.835180,0.476308,1.316839,0.454873,240.169998,10066.000000
6236.000000,400.788269,0.776978,0.465643,0.911377,0.784790,0.837908,0.478354,1.321429,0.456661,224.509995,10030.000000
6237.000000,420.236572,0.779419,0.467145,0.912964,0.786743,0.840222,0.479762,1.328845,0.464860,225.160004,9912.000000
6238.000000,425.375031,0.779053,0.465875,0.914551,0.786499,0.839035,0.478466,1.326631,0.462982,248.289993,9973.000000
6239.000000,434.833832,0.782104,0.466527,0.911499,0.788452,0.840557,0.478812,1.321766,0.456970,251.020004,10145.000000
6240.000000,443.284454,0.782715,0.467045,0.914307,0.789429,0.841106,0.479342,1.321831,0.453780,238.669998,9867.000000
6241.000000,437.491547,0.782837,0.466644,0.909790,0.789917,0.838975,0.479033,1.318913,0.450997,235.179993,9956.000000
6242.000000,404.214081,0.786987,0.467414,0.916382,0.794312,0.843357,0.479527,1.327424,0.452237,245.419998,10073.000000
6243.000000,422.329041,0.789673,0.469014,0.918335,0.797607,0.846672,0.481099,1.338763,0.461013,225.509995,9944.000000
6244.000000,416.127655,0.788452,0.468504,0.919922,0.794556,0.846694,0.480174,1.336925,0.454106,236.250000,9994.000000
6245.000000,400.939301,0.784912,0.464959,0.913330,0.791626,0.841596,0.476782,1.325320,0.440129,231.580002,10006.000000
6246.000000,404.716705,0.785889,0.464214,0.912964,0.792969,0.842350,0.476185,1.318834,0.439990,222.929993,10103.000000
6247.000000,401.532288,0.787842,0.464098,0.918579,0.795898,0.843546,0.476460,1.330066,0.448224,232.000000,9912.000000
6248.000000,429.201813,0.788818,0.467266,0.916016,0.795044,0.843686,0.479090,1.330863,0.444894,242.020004,10048.000000
6249.000000,428.985443,0.789429,0.464331,0.915894,0.796265,0.843987,0.475851,1.326490,0.435602,234.029999,9926.000000
6250.000000,431.379578,0.787842,0.462659,0.913574,0.794434,0.841609,0.474054,1.321856,0.427371,243.679993,9837.000000
6251.000000,438.814880,0.784668,0.462812,0.907715,0.790894,0.837257,0.474015,1.312321,0.428501,239.389999,9787.000000
6252.000000,438.491302,0.780518,0.459871,0.904297,0.787842,0.832699,0.471268,1.308537,0.425783,248.740005,9629.000000
6253.000000,421.178589,0.781494,0.462287,0.907349,0.787842,0.834084,0.473207,1.311180,0.428859,253.669998,9663.000000
6254.000000,427.512970,0.784912,0.465552,0.909424,0.791870,0.837649,0.476513,1.320511,0.438241,243.410004,9851.000000
6255.000000,417.861572,0.785400,0.464689,0.910645,0.792847,0.838110,0.476191,1.313284,0.437270,231.940002,9785.000000
6256.000000,434.558044,0.784790,0.464478,0.908569,0.792236,0.837174,0.475874,1.313506,0.441947,249.860001,9788.000000
6257.000000,412.636505,0.782227,0.462460,0.908691,0.789429,0.835783,0.474113,1.312373,0.442480,229.250000,9604.000000
6258.000000,410.675964,0.783203,0.464354,0.908081,0.789429,0.836604,0.476111,1.310323,0.445018,240.899994,9545.000000
6259.000000,417.773834,0.781982,0.463691,0.909912,0.789307,0.836347,0.475927,1.309387,0.448572,238.880005,9781.000000
6260.000000,433.416595,0.782959,0.464563,0.912231,0.789062,0.836061,0.476987,1.309620,0.453941,232.399994,9926.000000
6261.000000,421.172424,0.787109,0.467690,0.914062,0.793579,0.838726,0.480435,1.311934,0.457982,240.300003,10048.000000
6262.000000,392.380096,0.788452,0.470214,0.912354,0.795044,0.838684,0.483266,1.307308,0.461995,219.029999,9748.000000
6263.000000,400.342773,0.782104,0.467360,0.905396,0.789551,0.832574,0.480192,1.299058,0.454971,233.830002,9847.000000
6264.000000,435.152954,0.777832,0.467534,0.902344,0.785156,0.828861,0.480268,1.295089,0.450185,238.070007,9755.000000
6265.000000,382.699799,0.775391,0.465504,0.904175,0.782104,0.827100,0.478129,1.289945,0.445609,231.649994,9828.000000
6266.000000,411.999115,0.782471,0.467257,0.911133,0.789551,0.833786,0.479948,1.308044,0.452210,261.679993,9987.000000
6267.000000,408.522003,0.786621,0.470728,0.915894,0.793335,0.838769,0.483515,1.319350,0.457338,230.470001,9950.000000
6268.000000,413.424957,0.786621,0.469812,0.912842,0.793579,0.837807,0.482947,1.316213,0.463279,229.110001,9919.000000
6269.000000,433.370148,0.785400,0.467479,0.913208,0.791748,0.836791,0.480729,1.313486,0.460449,257.589996,9838.000000
6270.000000,410.834930,0.788452,0.469015,0.915161,0.796387,0.839615,0.482731,1.318054,0.466348,229.380005,9791.000000
6271.000000,419.383698,0.787964,0.467713,0.917480,0.795166,0.839954,0.481604,1.319374,0.462352,240.460007,9692.000000
6272.000000,417.000183,0.788208,0.467314,0.914185,0.795044,0.838772,0.481413,1.315473,0.462998,236.429993,9849.000000
6273.000000,413.722015,0.786133,0.464593,0.914429,0.793335,0.837075,0.478877,1.316763,0.455513,229.710007,9924.000000
6274.000000,398.412201,0.787720,0.464292,0.915039,0.795776,0.837252,0.479024,1.318957,0.451674,228.899994,9908.000000
6275.000000,412.961670,0.789551,0.465104,0.916016,0.796509,0.836979,0.479611,1.320302,0.450664,231.910004,10000.000000
6276.000000,406.919220,0.789551,0.462626,0.916260,0.797729,0.837629,0.477214,1.318550,0.441809,226.369995,9890.000000
6277.000000,419.842438,0.785889,0.460587,0.912231,0.793701,0.834097,0.474806,1.313824,0.436657,245.660004,10123.000000
6278.000000,425.516052,0.784302,0.460058,0.909180,0.791992,0.832381,0.474184,1.306972,0.433048,226.919998,10109.000000
6279.000000,400.439209,0.779785,0.458335,0.906250,0.787598,0.827836,0.472461,1.301641,0.428259,233.550003,9929.000000
6280.000000,396.638702,0.778809,0.458045,0.904419,0.786865,0.827135,0.472122,1.293544,0.423668,251.960007,10117.000000
6281.000000,419.094055,0.775635,0.456908,0.905884,0.782959,0.824866,0.471021,1.295809,0.425108,239.929993,9924.000000
6282.000000,419.990234,0.776489,0.458263,0.906494,0.783447,0.825386,0.472199,1.294220,0.430714,243.550003,9909.000000
6283.000000,412.948914,0.777344,0.458248,0.908691,0.784790,0.827066,0.472422,1.301106,0.437401,231.520004,9987.000000
6284.000000,397.485931,0.781616,0.461637,0.911133,0.789795,0.830523,0.475861,1.309403,0.440293,230.479996,10108.000000
6285.000000,387.949097,0.783569,0.459778,0.913086,0.791016,0.832069,0.473955,1.309943,0.435170,238.199997,9881.000000
6286.000000,415.794098,0.787598,0.462305,0.912720,0.795410,0.835484,0.476221,1.319928,0.442730,230.210007,9843.000000
6287.000000,416.998047,0.786011,0.463941,0.912720,0.793579,0.834282,0.477827,1.315476,0.448257,226.869995,9989.000000
6288.000000,400.378082,0.783081,0.463239,0.906982,0.791138,0.830749,0.476930,1.307626,0.442840,232.449997,9993.000000
6289.000000,410.431061,0.779663,0.461704,0.907715,0.787476,0.829193,0.475387,1.307362,0.437548,231.029999,10100.000000
6290.000000,395.124146,0.778931,0.462758,0.907471,0.786621,0.829265,0.476058,1.306121,0.436842,229.449997,10014.000000
6291.000000,408.339203,0.776123,0.461805,0.904785,0.784668,0.828400,0.475009,1.301586,0.443802,224.289993,9874.000000
6292.000000,403.618835,0.773804,0.461271,0.903687,0.781616,0.825777,0.474075,1.300267,0.452677,223.839996,9926.000000
6293.000000,388.094666,0.779907,0.463693,0.908081,0.786987,0.831395,0.476407,1.303510,0.450126,223.309998,10135.000000
6294.000000,402.962982,0.778076,0.465456,0.907593,0.785400,0.830273,0.477842,1.304851,0.451233,233.860001,10090.000000
6295.000000,422.809296,0.778564,0.465138,0.908936,0.785400,0.832245,0.477486,1.304996,0.454182,232.729996,10147.000000
6296.000000,414.706329,0.777710,0.464335,0.912476,0.784790,0.832988,0.476689,1.312814,0.453720,232.229996,10129.000000
6297.000000,398.661743,0.782837,0.468624,0.914551,0.789185,0.838415,0.481217,1.321699,0.455626,218.580002,9813.000000
6298.000000,403.274658,0.783203,0.467988,0.916870,0.789429,0.840185,0.480547,1.324743,0.451945,230.830002,9830.000000
6299.000000,414.146942,0.782959,0.466556,0.915527,0.789673,0.839243,0.479012,1.325283,0.450545,221.250000,9875.000000
6300.000000,373.458954,0.785400,0.468313,0.916260,0.791992,0.842922,0.480768,1.322946,0.450526,227.429993,10037.000000
6301.000000,417.774872,0.783081,0.464742,0.917725,0.789795,0.841838,0.477268,1.328742,0.449774,228.220001,9803.000000
6302.000000,404.129761,0.784058,0.466396,0.918945,0.790894,0.842224,0.479033,1.324372,0.453876,226.690002,9772.000000
6303.000000,408.710907,0.781494,0.465161,0.916260,0.788330,0.840263,0.477739,1.321108,0.452069,232.429993,9954.000000
6304.000000,425.408600,0.777466,0.461274,0.914795,0.784424,0.837966,0.473748,1.321727,0.439509,231.619995,9836.000000
6305.000000,402.345123,0.776978,0.460870,0.913452,0.784668,0.837171,0.473428,1.313895,0.433235,232.759995,10284.000000
6306.000000,408.040924,0.773438,0.458313,0.911743,0.781250,0.834671,0.470816,1.316743,0.433903,233.720001,9927.000000
6307.000000,400.828278,0.776855,0.464195,0.911377,0.783813,0.837775,0.476533,1.314361,0.433113,231.990005,9815.000000
6308.000000,400.929443,0.775146,0.464007,0.911865,0.782227,0.837334,0.476048,1.318958,0.434322,233.360001,10032.000000
6309.000000,435.919983,0.774414,0.463018,0.910400,0.782227,0.836404,0.475185,1.316282,0.430747,234.229996,10224.000000
6310.000000,428.734680,0.775146,0.462302,0.910278,0.782837,0.836964,0.474579,1.313706,0.426334,240.050003,10220.000000
6311.000000,419.427094,0.773560,0.460188,0.909058,0.781860,0.835273,0.472760,1.310310,0.425698,238.250000,9899.000000
6312.000000,414.905518,0.773804,0.462756,0.907959,0.782227,0.835081,0.475210,1.309540,0.430783,237.800003,10025.000000
6313.000000,407.547455,0.776001,0.462449,0.911743,0.784912,0.837498,0.475121,1.313360,0.436559,244.979996,9996.000000
6314.000000,410.087738,0.771484,0.459777,0.908691,0.780273,0.833825,0.472335,1.318090,0.437190,230.350006,10152.000000
6315.000000,406.820801,0.774658,0.464007,0.908813,0.783936,0.836048,0.476407,1.314164,0.433580,237.509995,9998.000000
6316.000000,422.510071,0.774048,0.464267,0.905884,0.784180,0.834348,0.476790,1.312696,0.441293,234.940002,10297.000000
6317.000000,412.608093,0.778198,0.466597,0.908325,0.788330,0.838608,0.479169,1.315475,0.447994,227.559998,10184.000000
6318.000000,409.245453,0.772461,0.462677,0.904663,0.781860,0.832175,0.475278,1.312811,0.442487,229.660004,10048.000000
6319.000000,408.840179,0.776489,0.464495,0.905640,0.785034,0.835307,0.476860,1.311435,0.445081,224.509995,10146.000000
6320.000000,433.548431,0.774780,0.463060,0.906372,0.784180,0.834520,0.475618,1.310779,0.444482,245.690002,9775.000000
6321.000000,411.819153,0.774414,0.464121,0.906616,0.783691,0.833481,0.476900,1.306188,0.442363,234.449997,9943.000000
6322.000000,421.246490,0.774292,0.465345,0.905029,0.783325,0.833838,0.478352,1.308258,0.443703,234.220001,10001.000000
6323.000000,408.660736,0.772095,0.463011,0.906738,0.781982,0.832718,0.476045,1.305001,0.440954,232.320007,9739.000000
6324.000000,420.429138,0.776245,0.465670,0.909912,0.785034,0.836094,0.478423,1.308747,0.441067,235.020004,9783.000000
6325.000000,415.762329,0.776978,0.468245,0.909424,0.786865,0.836882,0.480919,1.314645,0.445441,240.160004,9686.000000
6326.000000,417.115265,0.778320,0.467622,0.910278,0.787842,0.837824,0.479847,1.311268,0.441959,254.660004,10033.000000
6327.000000,410.590118,0.776733,0.466181,0.909912,0.786743,0.837102,0.478810,1.306880,0.445524,219.690002,10074.000000
6328.000000,394.447235,0.778931,0.470613,0.911865,0.787964,0.838147,0.482807,1.315297,0.451291,233.710007,10166.000000
6329.000000,394.460144,0.781006,0.471846,0.911499,0.789917,0.839238,0.483955,1.311527,0.446718,227.720001,10038.000000
6330.000000,396.564606,0.779907,0.468239,0.911255,0.789307,0.837854,0.480725,1.316662,0.443721,221.889999,10131.000000
6331.000000,408.440125,0.781860,0.470197,0.910278,0.791382,0.838184,0.482713,1.315549,0.445012,242.699997,9941.000000
6332.000000,427.106018,0.781372,0.469646,0.908569,0.791748,0.836957,0.482666,1.306409,0.440319,234.229996,9904.000000
6333.000000,392.623108,0.776001,0.466974,0.906128,0.786133,0.832838,0.479839,1.301917,0.439810,218.729996,9997.000000
6334.000000,394.896454,0.776733,0.467001,0.905273,0.785767,0.832958,0.479771,1.302236,0.435654,248.500000,10007.000000
6335.000000,408.779816,0.776611,0.465697,0.907837,0.786621,0.834195,0.478470,1.308957,0.438559,232.860001,10120.000000
6336.000000,390.062378,0.778687,0.466854,0.906738,0.787842,0.833887,0.479323,1.308629,0.439307,221.630005,10059.000000
6337.000000,429.842163,0.779053,0.466668,0.907715,0.788574,0.835142,0.479308,1.304846,0.439317,230.309998,10093.000000
6338.000000,423.052216,0.782471,0.468256,0.912354,0.792480,0.837385,0.480964,1.310977,0.445068,231.910004,9969.000000
6339.000000,426.736359,0.782593,0.468456,0.912476,0.792725,0.838799,0.481432,1.315371,0.450907,237.830002,9886.000000
6340.000000,412.783905,0.784180,0.467730,0.914673,0.794434,0.838432,0.480997,1.314307,0.451881,236.770004,9990.000000
6341.000000,393.023071,0.778564,0.464755,0.907593,0.788330,0.834026,0.477572,1.304532,0.445663,221.860001,9860.000000
6342.000000,404.914398,0.775391,0.464088,0.904297,0.786011,0.831261,0.476738,1.299828,0.438107,229.259995,10016.000000
6343.000000,402.390625,0.773804,0.464155,0.906738,0.783569,0.831492,0.476689,1.306366,0.439963,223.009995,10085.000000
6344.000000,395.901428,0.774048,0.463417,0.909790,0.783569,0.832532,0.475675,1.312348,0.441206,233.179993,9933.000000
6345.000000,412.617371,0.773804,0.463582,0.908325,0.783203,0.832865,0.475526,1.313418,0.446616,240.770004,10095.000000
6346.000000,418.346222,0.775146,0.464482,0.909790,0.784790,0.835468,0.476579,1.310477,0.446209,248.809998,9637.000000
6347.000000,397.767029,0.777710,0.468380,0.909912,0.787598,0.836048,0.480796,1.310678,0.449686,230.229996,9894.000000
6348.000000,411.305969,0.780640,0.470669,0.909912,0.790039,0.838378,0.482875,1.317578,0.459294,225.809998,9882.000000
6349.000000,413.710419,0.776733,0.468956,0.906494,0.786011,0.834506,0.481577,1.312722,0.459467,229.460007,10069.000000
6350.000000,405.449951,0.778931,0.469500,0.909058,0.787720,0.836297,0.482278,1.311470,0.462027,225.139999,9992.000000
6351.000000,411.439026,0.773682,0.468533,0.905884,0.783325,0.831807,0.481391,1.310446,0.462907,244.639999,9845.000000
6352.000000,417.705475,0.776001,0.471081,0.903809,0.785522,0.832137,0.484144,1.300310,0.458885,239.789993,10035.000000
6353.000000,418.871429,0.778564,0.472225,0.908203,0.789307,0.834669,0.485228,1.304315,0.459335,220.460007,9907.000000
6354.000000,401.270508,0.784546,0.475909,0.914917,0.794434,0.840178,0.489023,1.318969,0.466988,231.210007,9938.000000
6355.000000,395.404480,0.784912,0.477243,0.912842,0.794434,0.841022,0.490125,1.323851,0.472674,225.869995,9988.000000
6356.000000,422.940552,0.783936,0.475124,0.910645,0.793213,0.840454,0.487929,1.316085,0.464428,223.330002,9838.000000
6357.000000,427.303253,0.781982,0.475005,0.908691,0.791870,0.838634,0.487962,1.308648,0.455778,246.669998,9835.000000
6358.000000,391.522552,0.782227,0.474118,0.909180,0.791992,0.837468,0.487270,1.310637,0.458482,224.589996,9951.000000
6359.000000,416.167389,0.784912,0.475632,0.912720,0.793945,0.841324,0.488748,1.317021,0.461623,228.449997,10039.000000
6360.000000,393.742920,0.783325,0.475567,0.910278,0.792358,0.839706,0.488478,1.312137,0.460319,240.039993,10103.000000
6361.000000,417.198914,0.787720,0.478481,0.912598,0.795288,0.842332,0.491373,1.317568,0.464006,227.800003,10031.000000
6362.000000,407.455261,0.785278,0.477288,0.910522,0.794189,0.840371,0.490104,1.313487,0.464903,223.990005,10107.000000
6363.000000,398.954163,0.779419,0.473366,0.906616,0.787354,0.835014,0.485935,1.309240,0.450724,223.289993,10133.000000
6364.000000,411.494781,0.777832,0.470947,0.908447,0.787476,0.834348,0.483379,1.309815,0.446637,219.649994,10095.000000
6365.000000,403.522308,0.777466,0.473128,0.908813,0.786377,0.835686,0.485141,1.319321,0.448028,240.330002,10107.000000
6366.000000,417.684540,0.782837,0.474941,0.912476,0.790771,0.840715,0.486708,1.326657,0.451769,227.350006,10169.000000
6367.000000,428.397156,0.782593,0.474053,0.911499,0.790527,0.840910,0.485736,1.328303,0.450635,239.690002,9962.000000
6368.000000,419.396210,0.778564,0.471157,0.911133,0.786865,0.837892,0.482910,1.319425,0.449599,234.960007,9929.000000
6369.000000,415.379974,0.777588,0.471513,0.908813,0.786621,0.836500,0.483303,1.312255,0.452969,237.919998,10096.000000
6370.000000,412.235718,0.776489,0.471011,0.906006,0.785156,0.836060,0.482678,1.314060,0.455697,231.050003,10104.000000
6371.000000,398.091278,0.778198,0.472742,0.907959,0.787964,0.837486,0.484656,1.315354,0.463040,226.789993,9962.000000
6372.000000,418.030273,0.776855,0.470206,0.907715,0.786743,0.837010,0.482202,1.316296,0.461657,233.300003,10191.000000
6373.000000,403.752716,0.774536,0.470467,0.908691,0.783203,0.836075,0.482264,1.320446,0.458284,242.169998,9835.000000
6374.000000,402.881714,0.771851,0.469888,0.906250,0.780396,0.834763,0.481767,1.319881,0.461027,245.020004,9853.000000
6375.000000,417.504913,0.772827,0.471822,0.907349,0.781128,0.837651,0.483631,1.318171,0.460367,233.479996,10182.000000
6376.000000,401.005066,0.774780,0.473681,0.911743,0.783203,0.839364,0.485387,1.325774,0.460755,230.350006,10149.000000
6377.000000,409.117523,0.776978,0.474845,0.913574,0.785400,0.842329,0.486402,1.328430,0.462809,226.750000,10138.000000
6378.000000,401.945343,0.775024,0.473772,0.909790,0.783936,0.839382,0.485226,1.324878,0.463554,229.869995,9971.000000
6379.000000,436.650635,0.779663,0.477183,0.909058,0.787964,0.842336,0.488544,1.321872,0.465417,250.119995,10132.000000
6380.000000,403.915344,0.774048,0.474759,0.908569,0.782227,0.838025,0.486157,1.320280,0.466892,225.210007,10226.000000
6381.000000,418.399872,0.772583,0.473141,0.903809,0.780273,0.835961,0.484446,1.318346,0.458185,221.369995,10186.000000
6382.000000,423.678558,0.772949,0.472738,0.905884,0.780640,0.836405,0.484140,1.318235,0.444605,238.119995,10213.000000
6383.000000,437.768585,0.779663,0.477683,0.912720,0.787842,0.842834,0.489268,1.321210,0.456263,236.690002,10326.000000
6384.000000,402.593475,0.782349,0.478988,0.912964,0.790283,0.845177,0.490759,1.329960,0.462669,217.089996,10047.000000
6385.000000,419.887268,0.779419,0.475711,0.913330,0.787720,0.844243,0.487416,1.332530,0.457978,220.009995,10290.000000
6386.000000,425.512878,0.776733,0.474894,0.909790,0.784912,0.840776,0.486427,1.324924,0.458343,240.720001,10183.000000
6387.000000,425.148193,0.781250,0.478300,0.911377,0.788086,0.842999,0.489389,1.321573,0.455503,232.750000,10158.000000
6388.000000,420.916138,0.781494,0.478568,0.910278,0.788818,0.843645,0.489650,1.324274,0.457276,233.600006,10045.000000
6389.000000,411.906891,0.780396,0.477737,0.910278,0.788208,0.841934,0.488956,1.321906,0.462598,225.580002,10173.000000
6390.000000,411.771088,0.777588,0.474587,0.907715,0.785400,0.839711,0.485679,1.319669,0.458687,230.570007,10178.000000
6391.000000,418.656860,0.779419,0.475902,0.908081,0.787842,0.839256,0.487099,1.320351,0.462067,241.529999,10332.000000
6392.000000,410.237915,0.784912,0.479997,0.913208,0.793457,0.845142,0.491322,1.329717,0.463897,232.490005,10291.000000
6393.000000,422.883759,0.777100,0.473169,0.909424,0.785400,0.839206,0.484449,1.330257,0.453219,243.149994,10199.000000
6394.000000,431.017700,0.777100,0.473175,0.906738,0.784790,0.839914,0.484265,1.324118,0.446023,231.820007,10084.000000
6395.000000,405.259216,0.774658,0.470171,0.909180,0.782471,0.840206,0.481158,1.329204,0.451526,217.610001,10024.000000
6396.000000,401.752563,0.775879,0.471090,0.914429,0.783203,0.843524,0.482105,1.339691,0.452161,226.740005,10134.000000
6397.000000,429.157318,0.777710,0.470592,0.913696,0.786133,0.845923,0.481870,1.338530,0.454011,232.820007,9728.000000
6398.000000,410.394470,0.777832,0.470883,0.915649,0.785767,0.846617,0.482057,1.342063,0.460276,228.389999,10014.000000
6399.000000,422.965851,0.778198,0.469613,0.915039,0.784790,0.847402,0.480254,1.344263,0.459134,231.940002,10130.000000
6400.000000,415.165558,0.773071,0.465184,0.912231,0.780396,0.843581,0.475919,1.334509,0.451827,231.899994,10194.000000
6401.000000,412.116486,0.774414,0.467206,0.912231,0.781616,0.844044,0.478217,1.332741,0.456058,224.500000,10213.000000
6402.000000,421.135620,0.770874,0.464923,0.914917,0.779297,0.842829,0.476126,1.338579,0.460447,238.100006,10065.000000
6403.000000,440.122986,0.773315,0.469260,0.913208,0.780396,0.845568,0.480312,1.336381,0.460715,232.389999,10207.000000
6404.000000,407.980042,0.769409,0.467466,0.911377,0.776245,0.841828,0.478493,1.330376,0.462657,235.460007,10165.000000
6405.000000,408.531525,0.768066,0.467662,0.909912,0.774536,0.840155,0.478754,1.330816,0.464604,227.639999,10224.000000
6406.000000,409.426910,0.769043,0.469952,0.910156,0.776001,0.839861,0.481143,1.319591,0.463992,222.979996,10219.000000
6407.000000,424.590057,0.769775,0.471619,0.909180,0.777222,0.840488,0.482520,1.324556,0.475575,227.759995,10290.000000
6408.000000,417.361694,0.771240,0.473869,0.914307,0.778687,0.843062,0.484725,1.330498,0.477966,230.850006,10153.000000
6409.000000,404.560883,0.777832,0.477958,0.915161,0.784912,0.849037,0.488624,1.336211,0.484646,244.970001,10119.000000
6410.000000,408.044525,0.779175,0.479930,0.914062,0.786987,0.848240,0.490815,1.340212,0.487302,224.529999,9931.000000
6411.000000,406.847046,0.780273,0.481603,0.913452,0.786865,0.847684,0.492613,1.333401,0.483587,229.350006,9975.000000
6412.000000,419.042267,0.780029,0.482228,0.913086,0.786987,0.846657,0.493410,1.329211,0.477391,227.160004,10069.000000
6413.000000,427.561523,0.778076,0.482409,0.912109,0.786377,0.843554,0.493775,1.328628,0.477475,240.589996,10203.000000
6414.000000,421.716919,0.781128,0.486574,0.911133,0.789185,0.845853,0.497901,1.330930,0.478543,227.990005,10073.000000
6415.000000,426.853485,0.777344,0.482922,0.909912,0.785400,0.843093,0.494242,1.329230,0.466359,255.020004,10087.000000
6416.000000,424.606476,0.783325,0.485148,0.914917,0.791138,0.848540,0.496444,1.328807,0.464772,229.570007,10151.000000
6417.000000,433.337402,0.781128,0.483597,0.913818,0.790039,0.845655,0.495009,1.334461,0.466588,230.699997,10223.000000
6418.000000,428.564392,0.784546,0.485059,0.912354,0.792847,0.846991,0.496822,1.325180,0.470491,240.559998,10302.000000
6419.000000,421.640656,0.777466,0.479591,0.908447,0.787231,0.840492,0.491320,1.325156,0.464931,232.539993,10074.000000
6420.000000,428.069946,0.779175,0.481111,0.908569,0.787598,0.841672,0.492858,1.326135,0.464774,245.419998,10223.000000
6421.000000,407.148102,0.773315,0.475409,0.905762,0.782471,0.837832,0.487286,1.318617,0.451992,239.229996,10233.000000
6422.000000,441.893433,0.770752,0.475217,0.906494,0.778931,0.836595,0.486925,1.319758,0.446325,242.309998,10128.000000
6423.000000,409.484955,0.772095,0.477626,0.907959,0.780762,0.838988,0.489167,1.324300,0.447689,229.539993,9999.000000
6424.000000,435.734467,0.774414,0.478289,0.912964,0.783569,0.841303,0.490054,1.328688,0.456539,241.869995,9956.000000
6425.000000,427.450165,0.776733,0.477498,0.912231,0.784790,0.842882,0.489343,1.332832,0.457106,228.270004,10126.000000
6426.000000,425.620056,0.775024,0.474929,0.911865,0.783081,0.841752,0.486767,1.329503,0.450201,268.559998,10099.000000
6427.000000,426.523376,0.774536,0.473566,0.911621,0.782471,0.841303,0.485463,1.333390,0.450180,239.169998,10212.000000
6428.000000,408.620453,0.774414,0.472113,0.913086,0.783325,0.842509,0.483702,1.335138,0.445623,233.860001,9805.000000
6429.000000,409.272217,0.775024,0.471461,0.913330,0.783569,0.843864,0.482926,1.340015,0.448831,226.279999,10130.000000
6430.000000,427.304901,0.773804,0.469804,0.915771,0.781860,0.843065,0.481160,1.336815,0.443588,242.320007,9930.000000
6431.000000,422.006775,0.770142,0.468770,0.909302,0.778564,0.840922,0.479862,1.329016,0.443514,230.589996,9920.000000
6432.000000,420.919556,0.770142,0.467578,0.909668,0.777954,0.840532,0.478519,1.326644,0.446591,221.850006,9837.000000
6433.000000,433.431458,0.769409,0.468523,0.908203,0.778198,0.840012,0.479409,1.324315,0.447834,232.009995,10039.000000
6434.000000,417.444733,0.771851,0.470110,0.909790,0.780273,0.842292,0.480906,1.327327,0.448631,225.690002,10036.000000
6435.000000,406.432556,0.777344,0.473576,0.915527,0.786255,0.847714,0.484303,1.337738,0.458243,235.440002,10062.000000
6436.000000,391.925385,0.783203,0.477137,0.917358,0.791382,0.852197,0.487743,1.343613,0.464082,259.920013,9964.000000
6437.000000,416.123138,0.780396,0.473267,0.914795,0.788818,0.848847,0.483852,1.340110,0.459393,232.850006,9949.000000
6438.000000,414.181458,0.780396,0.473601,0.912476,0.788940,0.849567,0.484170,1.330438,0.456743,224.470001,9813.000000
6439.000000,440.446350,0.775024,0.470059,0.906738,0.784180,0.842885,0.480627,1.333086,0.451859,250.059998,9922.000000
6440.000000,415.133667,0.772827,0.469633,0.907349,0.780640,0.841304,0.480132,1.325794,0.446598,226.389999,10086.000000
6441.000000,402.576935,0.775269,0.470588,0.904297,0.784546,0.841627,0.481280,1.323140,0.446639,229.770004,9959.000000
6442.000000,403.188568,0.776855,0.468791,0.914307,0.786377,0.845487,0.479536,1.333878,0.443183,243.520004,10072.000000
6443.000000,431.618164,0.780518,0.472337,0.914062,0.788696,0.847608,0.482901,1.342574,0.445066,241.360001,10158.000000
6444.000000,424.510345,0.774780,0.467591,0.908447,0.783203,0.842470,0.478219,1.332821,0.448904,236.559998,9902.000000
6445.000000,406.354279,0.772949,0.469214,0.905151,0.782837,0.840517,0.479880,1.323629,0.450987,237.419998,10208.000000
6446.000000,418.901245,0.773071,0.470961,0.908691,0.783081,0.841306,0.481731,1.329715,0.454724,235.690002,9925.000000
6447.000000,442.304901,0.774292,0.470369,0.911011,0.783813,0.843110,0.481308,1.331281,0.455053,236.559998,10079.000000
6448.000000,428.174561,0.771362,0.469045,0.907349,0.781006,0.839512,0.480002,1.323002,0.456045,230.970001,10047.000000
6449.000000,417.151245,0.768555,0.467768,0.906128,0.777588,0.836800,0.478730,1.317519,0.456720,227.429993,10140.000000
6450.000000,407.084808,0.769897,0.469732,0.909424,0.779663,0.839474,0.480996,1.320113,0.458747,227.020004,9634.000000
6451.000000,411.671631,0.772827,0.471010,0.914429,0.782715,0.843603,0.482288,1.335074,0.463453,240.000000,9823.000000
6452.000000,446.604919,0.771973,0.469649,0.913818,0.779907,0.842598,0.480956,1.338516,0.464521,253.029999,9802.000000
6453.000000,410.455536,0.777588,0.473507,0.917358,0.785889,0.847822,0.484657,1.338926,0.467436,227.039993,10091.000000
6454.000000,414.250763,0.777100,0.474765,0.913696,0.785889,0.846637,0.485876,1.339217,0.471761,236.520004,9890.000000
6455.000000,414.023499,0.778687,0.475412,0.914429,0.787964,0.846707,0.486691,1.335157,0.465308,235.229996,9779.000000
6456.000000,410.471344,0.774170,0.473293,0.912231,0.782593,0.843426,0.484502,1.334081,0.460835,223.190002,9876.000000
6457.000000,435.596191,0.775269,0.474392,0.911499,0.783081,0.845018,0.485146,1.325346,0.461105,228.970001,9899.000000
6458.000000,426.803619,0.770874,0.471382,0.908691,0.778198,0.841231,0.482091,1.323685,0.461254,226.669998,9932.000000
6459.000000,434.540710,0.769775,0.470668,0.909546,0.778687,0.839713,0.481838,1.320237,0.457274,228.660004,10195.000000
6460.000000,411.443146,0.771240,0.472517,0.911377,0.780396,0.842574,0.483567,1.324399,0.464465,225.529999,9979.000000
6461.000000,403.026672,0.775024,0.474420,0.913330,0.783936,0.845163,0.485617,1.327276,0.469667,250.729996,9949.000000
6462.000000,426.280670,0.776123,0.474638,0.914062,0.784058,0.845522,0.485871,1.330471,0.465616,242.660004,9925.000000
6463.000000,443.433105,0.775879,0.472499,0.914673,0.783813,0.844904,0.483962,1.331275,0.464180,240.169998,10015.000000
6464.000000,410.337769,0.779297,0.474494,0.914185,0.787720,0.847643,0.485933,1.329997,0.462155,235.210007,9956.000000
6465.000000,425.931854,0.781128,0.475927,0.913696,0.789795,0.847528,0.487213,1.328797,0.460566,243.399994,9925.000000
6466.000000,424.168091,0.779419,0.474096,0.911865,0.788330,0.844324,0.485827,1.324791,0.456691,230.539993,9918.000000
6467.000000,443.583466,0.776245,0.473249,0.909546,0.784424,0.840717,0.485077,1.319556,0.460174,237.800003,10148.000000
6468.000000,426.433228,0.777100,0.472855,0.910034,0.786011,0.841099,0.485029,1.312881,0.459939,231.979996,9854.000000
6469.000000,428.053558,0.777954,0.471742,0.912598,0.787354,0.841512,0.484210,1.323370,0.459324,236.130005,9989.000000
6470.000000,436.117981,0.779297,0.473019,0.910522,0.787354,0.841335,0.485658,1.323191,0.454868,239.750000,10032.000000
6471.000000,439.287323,0.780762,0.472021,0.907837,0.789551,0.839417,0.484849,1.312652,0.454136,229.539993,10090.000000
6472.000000,399.936829,0.776245,0.470710,0.906616,0.784546,0.834801,0.483484,1.309720,0.456184,249.589996,9890.000000
6473.000000,422.129883,0.776855,0.471135,0.907837,0.785400,0.835265,0.483704,1.307743,0.455680,231.979996,9887.000000
6474.000000,418.398499,0.779419,0.474583,0.908813,0.787720,0.837633,0.487019,1.308667,0.460027,230.330002,10002.000000
6475.000000,415.289795,0.777100,0.470757,0.908936,0.785889,0.835977,0.483164,1.314277,0.456462,236.809998,10038.000000
6476.000000,396.852264,0.774902,0.470884,0.907593,0.783691,0.834517,0.483327,1.313122,0.453699,230.110001,10043.000000
6477.000000,423.604828,0.774658,0.471697,0.909058,0.783691,0.834927,0.484093,1.307015,0.459294,237.039993,10052.000000
6478.000000,405.872681,0.771240,0.469873,0.908569,0.780273,0.832929,0.482341,1.307089,0.460215,226.880005,9962.000000
6479.000000,430.923645,0.775146,0.471210,0.909546,0.784424,0.836396,0.484115,1.308625,0.459012,228.860001,9786.000000
6480.000000,417.652252,0.772095,0.469816,0.906982,0.782104,0.834414,0.482614,1.312014,0.448410,225.770004,9796.000000
6481.000000,438.313538,0.772583,0.467559,0.911133,0.782349,0.835715,0.480598,1.316968,0.449555,236.639999,9879.000000
6482.000000,420.554382,0.772583,0.468204,0.912720,0.781860,0.837116,0.481237,1.320832,0.456105,237.199997,9594.000000
6483.000000,417.755859,0.770386,0.468025,0.909790,0.779419,0.835357,0.481167,1.318523,0.458489,234.759995,9656.000000
6484.000000,444.290710,0.766724,0.466191,0.907471,0.775269,0.831530,0.479322,1.303220,0.454225,247.830002,9980.000000
6485.000000,416.798584,0.764648,0.465594,0.905029,0.773926,0.830286,0.478760,1.301745,0.453357,232.750000,9683.000000
6486.000000,422.816376,0.771973,0.470379,0.914307,0.781372,0.838424,0.483369,1.313922,0.463756,241.410004,9996.000000
6487.000000,405.091309,0.775879,0.474407,0.916138,0.784424,0.841965,0.487225,1.325850,0.466171,229.279999,10015.000000
6488.000000,407.173157,0.772217,0.470925,0.911621,0.780762,0.838558,0.483497,1.323740,0.464154,229.360001,9992.000000
6489.000000,445.561676,0.772583,0.468990,0.912354,0.780396,0.838598,0.481517,1.316876,0.456103,236.250000,10119.000000
6490.000000,413.591339,0.776489,0.469338,0.915161,0.784546,0.842018,0.481810,1.331642,0.459580,227.570007,10303.000000
6491.000000,409.471619,0.780518,0.470944,0.917480,0.789429,0.844828,0.483615,1.333701,0.460670,224.589996,10041.000000
6492.000000,411.915802,0.778809,0.468724,0.915161,0.787476,0.844333,0.481132,1.332794,0.452134,226.929993,10073.000000
6493.000000,424.843048,0.778809,0.467536,0.916748,0.787354,0.843881,0.480151,1.327712,0.447935,236.979996,9860.000000
6494.000000,436.582550,0.777588,0.466605,0.911987,0.786255,0.842305,0.478761,1.321815,0.451843,236.029999,9977.000000
6495.000000,436.674866,0.777954,0.466399,0.913086,0.786377,0.842560,0.478272,1.314923,0.445016,250.250000,10053.000000
6496.000000,418.645874,0.776733,0.463884,0.909912,0.785156,0.839898,0.475555,1.316907,0.443422,225.070007,9840.000000
6497.000000,422.908417,0.778564,0.464699,0.910889,0.786011,0.840949,0.476216,1.319523,0.442125,235.339996,9987.000000
6498.000000,413.448730,0.776001,0.463901,0.909912,0.783447,0.838285,0.475287,1.316220,0.445224,236.300003,9852.000000
6499.000000,407.689362,0.777588,0.464331,0.910400,0.784790,0.839438,0.475625,1.316428,0.456734,227.300003,9975.000000
6500.000000,414.099854,0.780396,0.470758,0.909424,0.789062,0.840914,0.481909,1.321411,0.462081,235.119995,10016.000000
6501.000000,422.669556,0.778809,0.470424,0.906006,0.785278,0.839130,0.480803,1.314895,0.463638,236.320007,9813.000000
6502.000000,431.866425,0.777100,0.470020,0.906128,0.784058,0.837255,0.480321,1.313780,0.457823,268.839996,10171.000000
6503.000000,416.686890,0.776123,0.470520,0.908691,0.783325,0.837467,0.480841,1.314927,0.458423,247.270004,10010.000000
6504.000000,425.377289,0.778442,0.470878,0.912354,0.785400,0.840479,0.481441,1.320646,0.463278,223.320007,9964.000000
6505.000000,420.563232,0.784912,0.473517,0.917236,0.791382,0.846735,0.484246,1.331646,0.468778,234.089996,9171.000000
6506.000000,441.383911,0.783691,0.473379,0.913940,0.790771,0.843572,0.484207,1.331523,0.474875,243.149994,10050.000000
6507.000000,411.972351,0.785400,0.474007,0.915405,0.791016,0.845755,0.484685,1.329915,0.469619,247.619995,9866.000000
6508.000000,426.611694,0.783569,0.473139,0.915649,0.790405,0.845126,0.483773,1.331847,0.466690,234.190002,10115.000000
6509.000000,426.246399,0.780762,0.471658,0.912231,0.786133,0.842474,0.482035,1.330527,0.464792,236.419998,10097.000000
6510.000000,414.479858,0.775391,0.468408,0.906738,0.781616,0.837302,0.478850,1.320019,0.462177,234.759995,10262.000000
6511.000000,430.046967,0.772949,0.466717,0.907104,0.778442,0.835668,0.477007,1.313800,0.454859,245.639999,10182.000000
6512.000000,401.066498,0.778809,0.470381,0.913696,0.784668,0.841534,0.480827,1.325831,0.459881,241.809998,9711.000000
6513.000000,423.724335,0.781982,0.471910,0.916504,0.787720,0.843885,0.482656,1.337266,0.467873,238.729996,9911.000000
6514.000000,411.377228,0.783813,0.472194,0.916382,0.789429,0.844458,0.483177,1.335203,0.471545,231.039993,10020.000000
6515.000000,430.672791,0.782593,0.470547,0.915771,0.787598,0.843289,0.481467,1.333162,0.471157,248.250000,10166.000000
6516.000000,415.335571,0.785889,0.472404,0.918823,0.791870,0.847457,0.483479,1.342890,0.476714,246.339996,10181.000000
6517.000000,424.651581,0.789185,0.473711,0.919312,0.794678,0.848178,0.484876,1.346704,0.472629,231.259995,10305.000000
6518.000000,415.476746,0.787964,0.472686,0.913696,0.793213,0.845553,0.483972,1.336964,0.468686,251.059998,9916.000000
6519.000000,397.424622,0.786987,0.471968,0.912598,0.791748,0.843971,0.483026,1.331384,0.467352,232.259995,10032.000000
6520.000000,414.967346,0.788330,0.474626,0.915039,0.793335,0.845557,0.485669,1.334736,0.466820,229.690002,10255.000000
6521.000000,445.625366,0.791138,0.476029,0.917358,0.796265,0.848296,0.487038,1.341347,0.470465,234.720001,10330.000000
6522.000000,427.460571,0.790527,0.475397,0.917847,0.795410,0.848190,0.486420,1.344771,0.466220,234.809998,10155.000000
6523.000000,406.030518,0.791138,0.474287,0.916748,0.795898,0.848245,0.485460,1.343334,0.459422,219.679993,9869.000000
6524.000000,433.027313,0.789185,0.472122,0.915771,0.794556,0.846533,0.483456,1.343614,0.457702,240.210007,9973.000000
6525.000000,426.148010,0.783936,0.468791,0.909790,0.789551,0.841057,0.480090,1.328384,0.453617,231.539993,10207.000000
6526.000000,417.734344,0.784424,0.468944,0.908447,0.790161,0.840214,0.480336,1.321297,0.454814,226.179993,10368.000000
6527.000000,409.137726,0.781006,0.468581,0.907104,0.787354,0.837891,0.479703,1.323742,0.450572,229.529999,10152.000000
6528.000000,421.196625,0.782349,0.470698,0.905029,0.788940,0.837680,0.481808,1.317765,0.454691,234.100006,10011.000000
6529.000000,421.275391,0.784912,0.472014,0.909424,0.790161,0.839100,0.483084,1.323026,0.463468,234.619995,10281.000000
6530.000000,431.822144,0.786621,0.475255,0.910034,0.791626,0.840006,0.486242,1.327220,0.477510,234.300003,10238.000000
6531.000000,424.009735,0.789429,0.477744,0.907715,0.795532,0.841061,0.488940,1.322986,0.480737,232.160004,10208.000000
6532.000000,405.279724,0.792236,0.477889,0.912720,0.798950,0.843198,0.489224,1.332830,0.479652,222.229996,10009.000000
6533.000000,430.572723,0.793945,0.479195,0.914185,0.800171,0.844532,0.490449,1.334094,0.478096,240.479996,10269.000000
6534.000000,422.935699,0.792969,0.479446,0.914917,0.798584,0.844943,0.490639,1.330873,0.475671,230.279999,10151.000000
6535.000000,413.291351,0.791992,0.475620,0.916992,0.797363,0.844597,0.486890,1.334082,0.471319,233.410004,10196.000000
6536.000000,392.114258,0.793945,0.477653,0.914185,0.799805,0.846349,0.488636,1.333513,0.473435,215.410004,9941.000000
6537.000000,436.316132,0.791138,0.474831,0.914062,0.797363,0.844062,0.485783,1.332829,0.472805,246.970001,10052.000000
6538.000000,394.515228,0.787842,0.471234,0.913940,0.793213,0.841440,0.482279,1.329059,0.467208,224.720001,10122.000000
6539.000000,397.491486,0.790161,0.474299,0.914917,0.795776,0.844032,0.485140,1.328651,0.470295,240.460007,10211.000000
6540.000000,419.295563,0.788574,0.474645,0.912720,0.794067,0.841936,0.485429,1.325814,0.469038,230.759995,10140.000000
6541.000000,433.868774,0.787109,0.474079,0.909424,0.791748,0.839855,0.484371,1.318552,0.462236,249.669998,10209.000000
6542.000000,426.743866,0.791504,0.475047,0.913818,0.796387,0.843366,0.485582,1.327216,0.463572,242.050003,10150.000000
6543.000000,434.239258,0.790649,0.475078,0.912720,0.795166,0.842617,0.485498,1.326033,0.467764,228.889999,10128.000000
6544.000000,395.728607,0.787354,0.469169,0.912109,0.793579,0.839664,0.479627,1.329784,0.459763,231.679993,10149.000000
6545.000000,408.934967,0.790405,0.470055,0.915283,0.795288,0.842024,0.480630,1.330820,0.460484,225.139999,9899.000000
6546.000000,432.123749,0.791992,0.471645,0.914185,0.796997,0.843662,0.482517,1.329093,0.460698,253.570007,9979.000000
6547.000000,415.738342,0.789185,0.469565,0.913330,0.793823,0.841255,0.480533,1.330550,0.459444,226.089996,9811.000000
6548.000000,437.972626,0.788086,0.467496,0.914062,0.792603,0.841503,0.478299,1.328142,0.455830,240.759995,10034.000000
6549.000000,415.550262,0.785767,0.465123,0.915283,0.790894,0.840982,0.476117,1.332760,0.458017,219.130005,9813.000000
6550.000000,399.641205,0.787354,0.465454,0.918701,0.792480,0.843976,0.476524,1.336935,0.465390,252.210007,9884.000000
6551.000000,424.410461,0.787231,0.466219,0.914307,0.791748,0.842711,0.477186,1.335505,0.460025,236.009995,9881.000000
6552.000000,417.580658,0.791138,0.466901,0.917480,0.795410,0.846187,0.477847,1.333078,0.454394,237.300003,10015.000000
6553.000000,399.368896,0.785034,0.462646,0.914551,0.791016,0.841845,0.474099,1.333826,0.456994,227.169998,10084.000000
6554.000000,404.557190,0.783691,0.463302,0.914185,0.789185,0.841257,0.474910,1.329484,0.452619,224.380005,9917.000000
6555.000000,418.858856,0.778564,0.459599,0.910156,0.783569,0.836433,0.471128,1.321312,0.448836,233.520004,10010.000000
6556.000000,403.715118,0.774780,0.458920,0.905273,0.779785,0.833221,0.470391,1.308692,0.443468,223.139999,9996.000000
6557.000000,427.555145,0.773682,0.456376,0.906738,0.779907,0.831663,0.468212,1.305502,0.438139,229.669998,10145.000000
6558.000000,392.353394,0.775146,0.457150,0.908569,0.782227,0.832982,0.469095,1.312754,0.442459,237.500000,9947.000000
6559.000000,401.478790,0.783447,0.462624,0.915527,0.788574,0.841569,0.474651,1.323115,0.450903,251.889999,10183.000000
6560.000000,414.748199,0.781982,0.461036,0.916016,0.787842,0.841397,0.473173,1.330221,0.458591,251.289993,10149.000000
6561.000000,430.892395,0.784546,0.462855,0.915894,0.790161,0.843118,0.474882,1.330414,0.464602,228.559998,10180.000000
6562.000000,409.770111,0.783081,0.461078,0.913696,0.788696,0.841195,0.473079,1.327048,0.463127,219.630005,10165.000000
6563.000000,428.772827,0.781494,0.459915,0.912476,0.787842,0.839947,0.471691,1.321306,0.458742,228.679993,9945.000000
6564.000000,417.160339,0.781372,0.460967,0.911255,0.786743,0.839517,0.472580,1.320826,0.463148,237.929993,10119.000000
6565.000000,397.735443,0.778076,0.457764,0.912598,0.784058,0.837903,0.469492,1.321996,0.462390,244.119995,9971.000000
6566.000000,420.342529,0.779663,0.457899,0.913574,0.785645,0.840293,0.469849,1.326179,0.464419,231.949997,10068.000000
6567.000000,410.183777,0.782715,0.460021,0.914307,0.788818,0.842468,0.471837,1.329055,0.462599,225.149994,10095.000000
6568.000000,430.310089,0.781860,0.459095,0.914185,0.787964,0.843623,0.470755,1.326431,0.457357,241.500000,10012.000000
6569.000000,404.834900,0.776001,0.455772,0.911865,0.781616,0.839020,0.467287,1.325072,0.456368,234.410004,9879.000000
6570.000000,429.842438,0.776855,0.456017,0.912720,0.782715,0.840112,0.467401,1.323353,0.453476,227.929993,9886.000000
6571.000000,416.076569,0.772827,0.453384,0.910278,0.779297,0.837099,0.464786,1.321242,0.450410,237.240005,10153.000000
6572.000000,436.259308,0.774658,0.456033,0.912231,0.780884,0.838486,0.467461,1.320448,0.450325,252.929993,9927.000000
6573.000000,420.152100,0.779663,0.458016,0.917847,0.785889,0.843880,0.469284,1.334198,0.457671,240.669998,10042.000000
6574.000000,416.130219,0.780151,0.458169,0.918457,0.786743,0.844769,0.469409,1.342881,0.457652,223.169998,9996.000000
6575.000000,414.807251,0.779663,0.458355,0.914551,0.785400,0.842249,0.469436,1.334530,0.452425,222.179993,9948.000000
6576.000000,386.434296,0.775269,0.455487,0.910400,0.780396,0.837199,0.466381,1.318622,0.440779,215.449997,10072.000000
6577.000000,441.768829,0.775024,0.455550,0.907715,0.782104,0.837781,0.466466,1.319232,0.447903,247.429993,10204.000000
6578.000000,425.457001,0.780029,0.458723,0.916138,0.785278,0.843198,0.469559,1.329504,0.453088,229.009995,10148.000000
6579.000000,395.186218,0.781982,0.461331,0.916992,0.788696,0.846192,0.472489,1.335439,0.462468,220.720001,10144.000000
6580.000000,414.858704,0.780518,0.461995,0.913208,0.785645,0.843534,0.473049,1.328647,0.459409,225.649994,10211.000000
6581.000000,409.081421,0.781494,0.462488,0.911621,0.787842,0.843817,0.473335,1.328752,0.465923,235.130005,9895.000000
6582.000000,419.780090,0.783813,0.464569,0.912842,0.790039,0.845980,0.475438,1.326444,0.465423,238.919998,9979.000000
6583.000000,415.113831,0.784424,0.463017,0.915161,0.791016,0.846369,0.473729,1.329790,0.459831,243.500000,9999.000000
6584.000000,415.111389,0.784302,0.462357,0.914185,0.790894,0.845325,0.472831,1.330417,0.461528,231.910004,10090.000000
6585.000000,404.140137,0.786865,0.465425,0.912842,0.793335,0.846871,0.476046,1.330938,0.464104,226.500000,10166.000000
6586.000000,414.244659,0.786011,0.464250,0.910400,0.793335,0.845276,0.474901,1.326862,0.464730,230.449997,10092.000000
6587.000000,406.622955,0.786377,0.463169,0.912354,0.792969,0.844964,0.473830,1.326779,0.458609,220.800003,10153.000000
6588.000000,409.051086,0.783447,0.461165,0.911377,0.789551,0.842070,0.471894,1.326226,0.451695,235.899994,10063.000000
6589.000000,413.426147,0.783936,0.461701,0.911621,0.790405,0.842652,0.472312,1.324954,0.445695,229.169998,10112.000000
6590.000000,412.306915,0.789185,0.464599,0.914307,0.795288,0.847019,0.475127,1.330537,0.452109,224.919998,10055.000000
6591.000000,433.108398,0.784546,0.460656,0.912109,0.790894,0.842937,0.471161,1.325714,0.449160,229.679993,9979.000000
6592.000000,428.059540,0.782471,0.459342,0.911743,0.788940,0.841904,0.469902,1.325967,0.448265,235.880005,9319.000000
6593.000000,399.279419,0.784912,0.462536,0.913452,0.791016,0.843886,0.472990,1.325354,0.448540,228.880005,10032.000000
6594.000000,432.249481,0.785645,0.462276,0.911621,0.792236,0.844469,0.472732,1.322961,0.450385,236.720001,10077.000000
6595.000000,422.520752,0.784912,0.460199,0.912720,0.792480,0.843338,0.471048,1.319761,0.451744,221.940002,9870.000000
6596.000000,423.652283,0.780762,0.458272,0.912476,0.787964,0.841332,0.469155,1.320129,0.451876,234.539993,9832.000000
6597.000000,431.585999,0.780029,0.459419,0.913452,0.786865,0.841475,0.470287,1.317853,0.455786,238.199997,10014.000000
6598.000000,418.265808,0.775146,0.459702,0.906494,0.782104,0.836598,0.470330,1.305459,0.456386,244.059998,10106.000000
6599.000000,405.840485,0.775513,0.460971,0.908203,0.782959,0.836757,0.471651,1.303466,0.461111,235.970001,9921.000000
6600.000000,421.298920,0.774658,0.462960,0.908691,0.781128,0.836059,0.473529,1.306739,0.465711,224.679993,10025.000000
6601.000000,440.917236,0.775269,0.463246,0.909180,0.781616,0.836582,0.473945,1.306898,0.468682,256.369995,9772.000000
6602.000000,416.011139,0.773193,0.464570,0.907593,0.780884,0.835465,0.475491,1.305234,0.468134,231.830002,10018.000000
6603.000000,403.820709,0.771240,0.463412,0.907593,0.778809,0.834866,0.474652,1.302956,0.463167,226.419998,10015.000000
6604.000000,405.351837,0.778687,0.466973,0.912720,0.786499,0.841876,0.478575,1.315297,0.465575,226.100006,9850.000000
6605.000000,424.120331,0.777466,0.466389,0.914551,0.784790,0.841350,0.477999,1.318823,0.467063,248.800003,10083.000000
6606.000000,396.624359,0.777222,0.465836,0.911865,0.784302,0.840768,0.477505,1.309383,0.462919,223.429993,10146.000000
6607.000000,406.617371,0.772217,0.464544,0.907471,0.779297,0.836061,0.476056,1.305743,0.462215,231.149994,9903.000000
6608.000000,408.703430,0.775146,0.466836,0.910400,0.783203,0.838369,0.478518,1.305538,0.468257,227.259995,10050.000000
6609.000000,423.769897,0.774414,0.464400,0.909180,0.782715,0.837165,0.475765,1.309787,0.472316,237.919998,10105.000000
6610.000000,445.981995,0.779175,0.467540,0.912842,0.786011,0.842373,0.478739,1.315073,0.471822,242.139999,10010.000000
6611.000000,442.919891,0.778442,0.467335,0.912720,0.785278,0.841586,0.478959,1.318285,0.473717,244.149994,9919.000000
6612.000000,427.733704,0.782593,0.467185,0.913086,0.789795,0.844016,0.479299,1.315948,0.470524,233.399994,9867.000000
6613.000000,410.926086,0.783325,0.467692,0.912354,0.790771,0.844018,0.479648,1.318115,0.468890,222.929993,9957.000000
6614.000000,405.728943,0.783569,0.467753,0.915405,0.791382,0.845272,0.479698,1.316751,0.469102,230.520004,9908.000000
6615.000000,402.190948,0.783569,0.466717,0.914917,0.792114,0.843586,0.479287,1.320686,0.475543,221.649994,9834.000000
6616.000000,410.117859,0.785156,0.466794,0.917847,0.791016,0.845221,0.478812,1.321893,0.473689,232.029999,9962.000000
6617.000000,420.198730,0.787354,0.468735,0.914307,0.794434,0.845342,0.480972,1.321547,0.473363,224.570007,9942.000000
6618.000000,434.634918,0.788452,0.468847,0.914795,0.795044,0.844663,0.481016,1.318027,0.467750,238.610001,10059.000000
6619.000000,416.613129,0.786743,0.468714,0.912109,0.794189,0.842444,0.480802,1.316040,0.465247,238.259995,9936.000000
6620.000000,419.670471,0.788208,0.468618,0.913574,0.794678,0.843201,0.480549,1.313539,0.458263,229.119995,10087.000000
6621.000000,402.879700,0.785278,0.466354,0.910645,0.792969,0.840542,0.478392,1.309661,0.456709,231.500000,9959.000000
6622.000000,422.447388,0.785156,0.465705,0.911865,0.792358,0.840777,0.477780,1.309106,0.451715,227.410004,10058.000000
6623.000000,415.449707,0.781616,0.463157,0.911865,0.789795,0.838230,0.475472,1.311220,0.454502,238.759995,10236.000000
6624.000000,407.736786,0.783203,0.466089,0.910889,0.791382,0.839616,0.478480,1.309726,0.451006,232.960007,9870.000000
6625.000000,438.456482,0.777710,0.463739,0.907104,0.786255,0.835113,0.476336,1.300960,0.448798,259.250000,10199.000000
6626.000000,424.928192,0.774170,0.462660,0.904419,0.784302,0.832404,0.475116,1.302557,0.449450,229.440002,10102.000000
6627.000000,420.307251,0.773926,0.460815,0.907104,0.782227,0.832615,0.473136,1.306294,0.448055,236.369995,9888.000000
6628.000000,415.141724,0.775513,0.461317,0.909180,0.784546,0.835570,0.473401,1.313634,0.448641,233.009995,10115.000000
6629.000000,422.145050,0.772339,0.461364,0.907471,0.781860,0.833234,0.473270,1.308538,0.447977,222.949997,10189.000000
6630.000000,431.374329,0.771606,0.461925,0.906250,0.780762,0.832011,0.473948,1.302497,0.452534,244.320007,10048.000000
6631.000000,419.319489,0.771240,0.463456,0.904785,0.780396,0.831402,0.475864,1.298980,0.461820,232.990005,10283.000000
6632.000000,413.827423,0.775269,0.466378,0.908691,0.785400,0.835925,0.479003,1.306238,0.468119,229.389999,10059.000000
6633.000000,410.333069,0.776367,0.469511,0.911255,0.784912,0.837220,0.482006,1.314528,0.481839,234.070007,10205.000000
6634.000000,414.573975,0.773071,0.467132,0.907593,0.780884,0.834208,0.479607,1.302796,0.470792,241.979996,10052.000000
6635.000000,437.433136,0.773804,0.466104,0.908569,0.781982,0.835160,0.478517,1.311211,0.470690,247.570007,10224.000000
6636.000000,415.086761,0.776611,0.468626,0.914429,0.785034,0.837631,0.480985,1.318763,0.468023,229.580002,10024.000000
6637.000000,407.030487,0.780884,0.471989,0.913330,0.789062,0.841552,0.484196,1.321507,0.471119,222.210007,10112.000000
6638.000000,414.635559,0.782715,0.472240,0.915039,0.791016,0.842791,0.484513,1.324564,0.470810,231.350006,10049.000000
6639.000000,411.651489,0.782104,0.470418,0.913330,0.789307,0.842181,0.482441,1.322406,0.463831,232.009995,10077.000000
6640.000000,418.248169,0.782227,0.469487,0.911743,0.789307,0.842148,0.481237,1.321682,0.462714,231.619995,10062.000000
6641.000000,413.002563,0.783203,0.468359,0.914551,0.790527,0.843437,0.479931,1.322933,0.461903,224.389999,10071.000000
6642.000000,423.415894,0.784668,0.466513,0.913574,0.792725,0.844539,0.478223,1.322547,0.458039,224.210007,9884.000000
6643.000000,418.019287,0.783569,0.463997,0.912720,0.791748,0.843203,0.475811,1.322385,0.450913,229.320007,9916.000000
6644.000000,412.213898,0.784058,0.463175,0.913574,0.791748,0.844789,0.474907,1.321622,0.452174,227.130005,9938.000000
6645.000000,410.051575,0.791382,0.469387,0.917847,0.799316,0.851427,0.481139,1.331169,0.463376,226.550003,9949.000000
6646.000000,420.340393,0.785767,0.464125,0.917236,0.794922,0.847310,0.476040,1.334921,0.456566,227.699997,10109.000000
6647.000000,418.568237,0.782227,0.462010,0.911499,0.791016,0.844373,0.473838,1.320989,0.451631,234.759995,10281.000000
6648.000000,420.061127,0.778442,0.459421,0.910400,0.788208,0.840788,0.471353,1.318086,0.448904,237.869995,10074.000000
6649.000000,418.885040,0.777954,0.461172,0.909790,0.786621,0.839650,0.473138,1.311727,0.449124,241.919998,9964.000000
6650.000000,421.790710,0.775513,0.460172,0.906860,0.783569,0.837349,0.472017,1.310453,0.448059,242.339996,9982.000000
6651.000000,400.393860,0.774536,0.460296,0.906982,0.783447,0.836810,0.472212,1.308032,0.447162,238.960007,10084.000000
6652.000000,435.595886,0.774536,0.459192,0.907227,0.783325,0.837452,0.470949,1.309479,0.448705,249.350006,9898.000000
6653.000000,414.197601,0.773071,0.458462,0.909424,0.783081,0.836749,0.470319,1.311473,0.452510,238.589996,10144.000000
6654.000000,410.934418,0.772949,0.460767,0.908325,0.782471,0.836907,0.472321,1.314412,0.449721,244.580002,9944.000000
6655.000000,438.441772,0.769531,0.459287,0.906494,0.778931,0.834478,0.470747,1.306104,0.447009,245.750000,10097.000000
6656.000000,398.040771,0.763550,0.458624,0.899658,0.772461,0.829320,0.469812,1.296154,0.449340,228.440002,10058.000000
6657.000000,424.741974,0.764160,0.458171,0.902954,0.773804,0.830614,0.469394,1.295452,0.455430,234.800003,10065.000000
6658.000000,419.740570,0.768799,0.463750,0.906616,0.779297,0.833943,0.475402,1.304361,0.464554,221.850006,10058.000000
6659.000000,408.450134,0.774414,0.467031,0.910034,0.783569,0.839567,0.478615,1.308197,0.472612,234.550003,10106.000000
6660.000000,434.060211,0.775879,0.466434,0.912109,0.784058,0.841316,0.477868,1.312522,0.473035,241.779999,10097.000000
6661.000000,428.504700,0.771606,0.464346,0.909912,0.780029,0.838050,0.475748,1.309641,0.468734,232.369995,10140.000000
6662.000000,411.733215,0.770996,0.464512,0.907593,0.780273,0.836626,0.476218,1.301058,0.470360,247.410004,10190.000000
6663.000000,443.975250,0.769043,0.464576,0.905762,0.777466,0.834991,0.476482,1.298294,0.471642,243.910004,10166.000000
6664.000000,427.398804,0.772339,0.466973,0.907471,0.781982,0.836325,0.479223,1.304308,0.475800,244.000000,10279.000000
6665.000000,420.804077,0.772339,0.467315,0.910889,0.781860,0.836991,0.479379,1.313439,0.476454,229.220001,10065.000000
6666.000000,443.309967,0.775757,0.470499,0.913574,0.784424,0.841162,0.482370,1.319549,0.476376,252.419998,10018.000000
6667.000000,441.309265,0.775879,0.470542,0.911865,0.786499,0.840424,0.482593,1.325782,0.480906,250.860001,10172.000000
6668.000000,421.342896,0.777100,0.471774,0.911255,0.786133,0.842313,0.483175,1.321732,0.476305,245.440002,10166.000000
6669.000000,402.736084,0.778564,0.470868,0.911011,0.786987,0.842993,0.482217,1.325298,0.475200,243.160004,10107.000000
6670.000000,424.227722,0.781128,0.470531,0.912842,0.790527,0.844328,0.482431,1.321896,0.472103,247.369995,10200.000000
6671.000000,422.165649,0.782227,0.471182,0.914062,0.790649,0.845456,0.483015,1.329079,0.475593,229.800003,10053.000000
6672.000000,404.595001,0.783936,0.472611,0.917603,0.791992,0.847848,0.484189,1.334532,0.476607,232.229996,10203.000000
6673.000000,425.806702,0.778076,0.469028,0.911743,0.786377,0.842414,0.480592,1.326317,0.467342,241.320007,10200.000000
6674.000000,406.871002,0.781494,0.467575,0.915161,0.789551,0.844470,0.479184,1.324943,0.462295,234.369995,10082.000000
6675.000000,413.952515,0.777832,0.466553,0.910889,0.786255,0.840227,0.478005,1.321583,0.455216,233.580002,9986.000000
6676.000000,417.588593,0.780762,0.468234,0.910156,0.787476,0.842187,0.479200,1.318760,0.450191,230.559998,10171.000000
6677.000000,412.971283,0.775879,0.465469,0.910645,0.783325,0.838757,0.476162,1.321284,0.447012,247.729996,10283.000000
6678.000000,391.256195,0.778809,0.468368,0.908936,0.786011,0.841390,0.478511,1.319905,0.444424,220.860001,10211.000000
6679.000000,415.626221,0.776123,0.465906,0.911377,0.784180,0.840294,0.476123,1.323760,0.441928,237.000000,10287.000000
6680.000000,428.599335,0.776367,0.466426,0.909424,0.783813,0.840352,0.476385,1.322055,0.442165,249.800003,10089.000000
6681.000000,401.611877,0.777466,0.465635,0.911865,0.784424,0.842146,0.475454,1.325673,0.440580,234.240005,10096.000000
6682.000000,437.548523,0.776489,0.466180,0.910400,0.784058,0.841328,0.475795,1.325922,0.441930,232.149994,10330.000000
6683.000000,441.168640,0.774414,0.463515,0.907349,0.782715,0.839228,0.473130,1.317654,0.437224,233.399994,10092.000000
6684.000000,429.477570,0.773193,0.461890,0.906738,0.781616,0.837694,0.471891,1.306405,0.438245,238.750000,10102.000000
6685.000000,411.713470,0.770630,0.461137,0.905762,0.778931,0.835405,0.470952,1.307765,0.449380,240.229996,9968.000000
6686.000000,428.719574,0.774170,0.463760,0.911011,0.782104,0.840358,0.473589,1.321347,0.456102,241.339996,10240.000000
6687.000000,426.149170,0.773560,0.464910,0.909912,0.781738,0.838772,0.474831,1.325114,0.461753,241.720001,9987.000000
6688.000000,437.678467,0.774048,0.468062,0.907471,0.781494,0.838662,0.477624,1.321904,0.468544,227.789993,10305.000000
6689.000000,424.180847,0.774536,0.470080,0.910889,0.782227,0.840823,0.479679,1.322826,0.474677,224.339996,10055.000000
6690.000000,414.810944,0.774658,0.470700,0.912598,0.781372,0.842074,0.480274,1.327629,0.472542,243.000000,10325.000000
6691.000000,425.173309,0.776611,0.472634,0.913696,0.784180,0.844377,0.482504,1.331586,0.475092,236.190002,10065.000000
6692.000000,423.698975,0.777588,0.473123,0.915894,0.784912,0.845111,0.483111,1.332925,0.471355,233.000000,10148.000000
6693.000000,418.470856,0.774048,0.473679,0.909546,0.781494,0.840978,0.483818,1.323612,0.466917,242.919998,10151.000000
6694.000000,411.092957,0.773315,0.473384,0.908936,0.780762,0.840396,0.483745,1.321412,0.469954,230.500000,10127.000000
6695.000000,421.845215,0.773071,0.474003,0.911377,0.781738,0.840847,0.484807,1.327008,0.471473,238.619995,10125.000000
6696.000000,418.824921,0.777710,0.476839,0.916748,0.785645,0.845592,0.487907,1.335516,0.471748,229.830002,10141.000000
6697.000000,426.213348,0.776367,0.473406,0.914062,0.784180,0.844698,0.484391,1.330657,0.463295,227.410004,10326.000000
6698.000000,416.073181,0.779785,0.475300,0.916748,0.786987,0.847757,0.486122,1.339307,0.468527,253.169998,10267.000000
6699.000000,423.813690,0.778687,0.473962,0.916260,0.786377,0.847088,0.484905,1.339447,0.464130,228.009995,10309.000000
6700.000000,405.744965,0.781616,0.474279,0.914551,0.789673,0.847939,0.485354,1.331493,0.462568,244.059998,10207.000000
6701.000000,420.477539,0.773682,0.468282,0.908813,0.781494,0.839904,0.479504,1.322495,0.457637,229.830002,10229.000000
6702.000000,428.770660,0.775146,0.469588,0.909912,0.782959,0.840295,0.481018,1.320745,0.456948,237.630005,10391.000000
6703.000000,425.747009,0.778931,0.469976,0.911499,0.787842,0.842559,0.481767,1.322587,0.459442,235.199997,10238.000000
6704.000000,419.158051,0.783569,0.471196,0.915771,0.791260,0.846446,0.482954,1.331868,0.458705,228.029999,10120.000000
6705.000000,396.453552,0.787231,0.472527,0.916748,0.794922,0.848222,0.484396,1.326766,0.457051,232.139999,10260.000000
6706.000000,426.285980,0.783203,0.470193,0.913574,0.790527,0.844657,0.482076,1.330120,0.459332,242.470001,10228.000000
6707.000000,391.625977,0.784302,0.471668,0.912964,0.791504,0.844396,0.483457,1.326295,0.461816,232.679993,10132.000000
6708.000000,409.898804,0.784180,0.471679,0.911987,0.792480,0.842674,0.483802,1.324233,0.457932,238.250000,10107.000000
6709.000000,421.100952,0.783325,0.471941,0.912598,0.791260,0.842198,0.483843,1.325557,0.455428,236.830002,10351.000000
6710.000000,437.411346,0.783447,0.471332,0.910767,0.790894,0.840986,0.483489,1.317155,0.455573,232.869995,10200.000000
6711.000000,434.666748,0.780640,0.468639,0.908936,0.787598,0.837526,0.480893,1.307967,0.449115,229.110001,10404.000000
6712.000000,439.063385,0.783569,0.470793,0.909668,0.790649,0.838509,0.483002,1.308698,0.450976,241.720001,10312.000000
6713.000000,404.544861,0.785156,0.473165,0.913940,0.792847,0.841578,0.485352,1.315328,0.463968,220.059998,10120.000000
6714.000000,434.450714,0.785889,0.475424,0.915039,0.791992,0.843684,0.487214,1.322755,0.467697,237.199997,10256.000000
6715.000000,420.464783,0.780640,0.473728,0.907837,0.787720,0.839049,0.485398,1.307244,0.457699,225.479996,10256.000000
6716.000000,416.473541,0.777222,0.469402,0.905884,0.783936,0.836225,0.480992,1.304977,0.456417,232.660004,10227.000000
6717.000000,395.308990,0.777466,0.470517,0.910034,0.785278,0.837936,0.482031,1.309541,0.460527,227.979996,10164.000000
6718.000000,412.215088,0.782471,0.476585,0.913940,0.790771,0.843181,0.488167,1.318523,0.465552,233.669998,10061.000000
6719.000000,420.747253,0.780518,0.476535,0.912231,0.787842,0.842611,0.488122,1.316177,0.464326,237.389999,10120.000000
6720.000000,414.900848,0.777344,0.474484,0.911011,0.783569,0.840058,0.485797,1.308579,0.458393,243.020004,10168.000000
6721.000000,419.219727,0.772095,0.472683,0.908081,0.779297,0.836287,0.483849,1.305871,0.456637,232.919998,10100.000000
6722.000000,416.152832,0.772827,0.471282,0.911743,0.779663,0.837533,0.482563,1.304813,0.454748,234.270004,10229.000000
6723.000000,417.619843,0.774048,0.473468,0.913330,0.780884,0.840147,0.484455,1.312525,0.463086,239.820007,9874.000000
6724.000000,408.026337,0.771362,0.472525,0.911133,0.778320,0.837398,0.483619,1.307851,0.464706,235.460007,9898.000000
6725.000000,407.894135,0.770630,0.471652,0.913696,0.777222,0.838277,0.482662,1.314399,0.465703,231.080002,10085.000000
6726.000000,415.263550,0.769653,0.473081,0.912598,0.776978,0.838187,0.483851,1.318465,0.465589,234.429993,10204.000000
6727.000000,426.019531,0.766968,0.469775,0.910522,0.773438,0.836350,0.480499,1.309198,0.460353,227.309998,10167.000000
6728.000000,409.020966,0.764893,0.465919,0.913086,0.771118,0.836144,0.476370,1.314766,0.459264,224.809998,10092.000000
6729.000000,418.898041,0.769653,0.469856,0.916016,0.776367,0.842293,0.480251,1.323229,0.463980,243.850006,10138.000000
6730.000000,423.836761,0.774536,0.471584,0.920044,0.781494,0.848005,0.482037,1.336486,0.467312,242.270004,10099.000000
6731.000000,417.877899,0.773193,0.469628,0.919556,0.780762,0.846770,0.480122,1.336875,0.471914,226.470001,10039.000000
6732.000000,400.204376,0.778442,0.474192,0.917725,0.785034,0.849848,0.484392,1.331498,0.474069,234.339996,10152.000000
6733.000000,439.628021,0.776733,0.471367,0.917236,0.782349,0.847435,0.481357,1.332037,0.468606,242.940002,10054.000000
6734.000000,386.846497,0.777222,0.472030,0.915527,0.783325,0.848137,0.482144,1.330296,0.467445,238.529999,10084.000000
6735.000000,417.885834,0.779053,0.471944,0.916992,0.785645,0.849253,0.482058,1.329198,0.466600,236.970001,9979.000000
6736.000000,413.007965,0.781982,0.472373,0.916626,0.788452,0.851095,0.482565,1.327907,0.463914,228.039993,9860.000000
6737.000000,428.254852,0.777710,0.469944,0.911621,0.783447,0.844720,0.480092,1.324761,0.458036,224.990005,10181.000000
6738.000000,397.806030,0.776123,0.467884,0.911865,0.782227,0.843240,0.478117,1.316445,0.449693,233.259995,10058.000000
6739.000000,397.852600,0.776367,0.469524,0.911377,0.783081,0.843168,0.479562,1.315117,0.452575,245.460007,9963.000000
6740.000000,393.634460,0.780884,0.473223,0.913208,0.788696,0.845897,0.483400,1.327017,0.461994,229.160004,10156.000000
6741.000000,423.655396,0.784302,0.475581,0.915527,0.790771,0.847724,0.485695,1.331738,0.462044,241.380005,10032.000000
6742.000000,434.539825,0.781372,0.473809,0.911621,0.787720,0.843427,0.484038,1.323947,0.461165,226.399994,10004.000000
6743.000000,412.259430,0.779297,0.473280,0.908691,0.786011,0.841951,0.483531,1.315073,0.460694,228.419998,10114.000000
6744.000000,408.730560,0.776978,0.471938,0.906494,0.784302,0.838747,0.482098,1.310115,0.458088,241.679993,10186.000000
6745.000000,427.089935,0.781128,0.475725,0.910400,0.787598,0.842235,0.485899,1.321714,0.468142,232.929993,9966.000000
6746.000000,442.691223,0.781860,0.477579,0.910645,0.788696,0.841811,0.487938,1.319316,0.475813,246.339996,10100.000000
6747.000000,436.284088,0.784058,0.478111,0.913208,0.790039,0.843793,0.488542,1.320931,0.475664,248.169998,10042.000000
6748.000000,417.936859,0.782593,0.477390,0.913208,0.789185,0.843853,0.488024,1.327134,0.475888,229.630005,10196.000000
6749.000000,420.904327,0.788086,0.480842,0.917358,0.794556,0.847655,0.491790,1.336192,0.483522,239.539993,10181.000000
6750.000000,420.088989,0.786621,0.479254,0.916748,0.792358,0.846299,0.490684,1.337109,0.481414,237.479996,9951.000000
6751.000000,420.164734,0.787109,0.480046,0.914673,0.792847,0.846470,0.491464,1.328465,0.480372,251.179993,10245.000000
6752.000000,399.857880,0.787720,0.479235,0.916138,0.793701,0.846467,0.490910,1.329964,0.481663,246.050003,10164.000000
6753.000000,454.998444,0.784302,0.480077,0.910889,0.790771,0.842192,0.491830,1.321177,0.474511,254.679993,10291.000000
6754.000000,426.377075,0.784302,0.479070,0.912598,0.789307,0.842281,0.490518,1.319521,0.467816,224.339996,10337.000000
6755.000000,390.633911,0.781616,0.478218,0.912842,0.787598,0.840448,0.489866,1.320293,0.464364,225.929993,10052.000000
6756.000000,444.073151,0.785522,0.477577,0.918335,0.791748,0.844328,0.489616,1.328688,0.459904,241.309998,10026.000000
6757.000000,446.197144,0.782837,0.473750,0.916382,0.788208,0.841456,0.485519,1.329107,0.456134,240.899994,10052.000000
6758.000000,403.538513,0.781738,0.473238,0.915039,0.787231,0.841170,0.484873,1.323821,0.454890,237.080002,10064.000000
6759.000000,420.117828,0.780884,0.473204,0.911133,0.787598,0.839305,0.484960,1.315029,0.454068,226.000000,10071.000000
6760.000000,412.198395,0.783203,0.474967,0.912109,0.788452,0.841002,0.486511,1.317149,0.461178,226.679993,10284.000000
6761.000000,411.350830,0.787231,0.474960,0.918213,0.793457,0.845490,0.486966,1.325014,0.468895,236.789993,10182.000000
6762.000000,409.647797,0.791260,0.476741,0.921387,0.797607,0.849545,0.488888,1.336245,0.470121,226.149994,10085.000000
6763.000000,397.839935,0.789307,0.474829,0.919067,0.795410,0.847680,0.486778,1.333173,0.467239,234.529999,10036.000000
6764.000000,423.957733,0.781982,0.471352,0.911133,0.788208,0.841210,0.483301,1.321689,0.455923,236.259995,10022.000000
6765.000000,398.912262,0.782837,0.473500,0.911865,0.789307,0.841235,0.485106,1.315026,0.458371,228.470001,10021.000000
6766.000000,425.052673,0.780518,0.471258,0.911865,0.787598,0.839088,0.482946,1.317895,0.461318,232.800003,10040.000000
6767.000000,439.334930,0.783447,0.474259,0.913086,0.789551,0.842029,0.486304,1.321688,0.463432,230.860001,9765.000000
6768.000000,422.461029,0.783813,0.472202,0.914307,0.791870,0.842318,0.484650,1.323619,0.463465,228.199997,9655.000000
6769.000000,414.328918,0.785034,0.476001,0.913208,0.791260,0.842220,0.488418,1.326320,0.472440,221.889999,9591.000000
6770.000000,415.592255,0.780884,0.473181,0.910767,0.787109,0.839781,0.485650,1.318655,0.460449,226.550003,9739.000000
6771.000000,431.568054,0.779541,0.473516,0.910889,0.786133,0.839498,0.485938,1.315138,0.461787,225.500000,10186.000000
6772.000000,417.921082,0.780273,0.476641,0.911621,0.786987,0.840674,0.488975,1.321096,0.472976,233.789993,10107.000000
6773.000000,415.604004,0.776489,0.475596,0.909058,0.783203,0.838480,0.488112,1.316209,0.476130,230.559998,10190.000000
6774.000000,427.115936,0.777588,0.476687,0.912231,0.784424,0.839893,0.489312,1.321777,0.478580,231.699997,10011.000000
6775.000000,411.234894,0.779053,0.478378,0.913940,0.787231,0.841166,0.491198,1.326190,0.478931,236.220001,10109.000000
6776.000000,423.678986,0.778320,0.478872,0.911621,0.784790,0.840578,0.491551,1.321707,0.474903,235.589996,10071.000000
6777.000000,448.134399,0.775146,0.477244,0.910767,0.781738,0.837799,0.489964,1.317585,0.471406,250.039993,9995.000000
6778.000000,420.386322,0.775513,0.478199,0.906860,0.782959,0.837458,0.490755,1.315922,0.477111,230.770004,9928.000000
6779.000000,412.328125,0.775879,0.478770,0.910156,0.782471,0.837934,0.491015,1.316488,0.477106,228.570007,10023.000000
6780.000000,419.038055,0.777100,0.478617,0.913818,0.784302,0.839663,0.490828,1.325104,0.479820,247.259995,10009.000000
6781.000000,429.461060,0.778442,0.483595,0.914062,0.784790,0.841374,0.495606,1.328492,0.483068,238.080002,9937.000000
6782.000000,409.321594,0.774414,0.481998,0.910889,0.782104,0.839249,0.493940,1.319194,0.476579,230.110001,10288.000000
6783.000000,422.855988,0.777344,0.483577,0.914795,0.784424,0.841640,0.495591,1.326080,0.483731,232.440002,9879.000000
6784.000000,425.667389,0.780762,0.483591,0.918823,0.787842,0.844642,0.496118,1.333147,0.483440,250.699997,10028.000000
6785.000000,399.794342,0.782837,0.483538,0.918091,0.789551,0.846357,0.495938,1.333373,0.483835,228.100006,10015.000000
6786.000000,435.987305,0.781494,0.483101,0.917358,0.788940,0.845251,0.495918,1.333492,0.485930,237.960007,10224.000000
6787.000000,422.018616,0.786865,0.485987,0.919434,0.794434,0.850225,0.498725,1.337153,0.486064,228.899994,9919.000000
6788.000000,426.853271,0.784912,0.483936,0.916870,0.791138,0.847412,0.496213,1.328978,0.475924,232.399994,10063.000000
6789.000000,421.160919,0.783447,0.480473,0.916138,0.789673,0.844903,0.492947,1.329098,0.465651,237.360001,10040.000000
6790.000000,424.770508,0.781372,0.479610,0.912598,0.787964,0.843399,0.491875,1.325886,0.457536,240.509995,9958.000000
6791.000000,416.444214,0.780518,0.478156,0.914551,0.786865,0.843048,0.490157,1.329049,0.461123,229.389999,9976.000000
6792.000000,413.823303,0.780518,0.479138,0.912964,0.787964,0.842960,0.491075,1.331722,0.460107,223.139999,9688.000000
6793.000000,409.513123,0.777344,0.476758,0.908081,0.784180,0.839054,0.488634,1.321251,0.461777,246.440002,9986.000000
6794.000000,432.548492,0.783325,0.481540,0.912354,0.790771,0.843124,0.493441,1.325934,0.471841,235.839996,10043.000000
6795.000000,394.523651,0.784546,0.480740,0.914185,0.792480,0.844866,0.493080,1.332659,0.476815,228.809998,9966.000000
6796.000000,418.439117,0.788940,0.485317,0.913330,0.794922,0.847117,0.497243,1.334853,0.476797,223.619995,9636.000000
6797.000000,444.040100,0.788086,0.484410,0.913940,0.795166,0.845845,0.496264,1.333559,0.472014,241.110001,9990.000000
6798.000000,425.044342,0.791138,0.485139,0.914673,0.798340,0.847655,0.496894,1.330671,0.475695,243.619995,9834.000000
6799.000000,424.006134,0.790283,0.481594,0.916260,0.797852,0.846377,0.493655,1.328305,0.471133,229.639999,9916.000000
6800.000000,445.597046,0.792236,0.482334,0.912109,0.799072,0.845595,0.494567,1.327554,0.471110,247.429993,9286.000000
6801.000000,401.163879,0.787720,0.479985,0.912109,0.794678,0.841995,0.492247,1.319354,0.471581,239.449997,9949.000000
6802.000000,422.878357,0.785400,0.478288,0.909790,0.793823,0.840193,0.490744,1.318382,0.470854,231.740005,9992.000000
6803.000000,416.724274,0.784668,0.478641,0.910889,0.792358,0.839785,0.491163,1.317031,0.468840,233.589996,9886.000000
6804.000000,420.899109,0.783936,0.478115,0.910645,0.791504,0.838858,0.490540,1.319596,0.470291,238.190002,9915.000000
6805.000000,426.763916,0.784668,0.479986,0.911255,0.791870,0.840123,0.492306,1.322870,0.464343,241.949997,10102.000000
6806.000000,408.729706,0.782349,0.479479,0.909302,0.789429,0.836662,0.491841,1.320701,0.464843,229.139999,10055.000000
6807.000000,437.821259,0.783081,0.482070,0.907837,0.789917,0.838098,0.494414,1.317777,0.471252,253.610001,9986.000000
6808.000000,431.035858,0.781860,0.481536,0.912720,0.789185,0.838910,0.493979,1.324501,0.472527,233.889999,10078.000000
6809.000000,437.257721,0.777710,0.478605,0.911011,0.784668,0.835967,0.491073,1.321707,0.469254,250.000000,10238.000000
6810.000000,449.795380,0.776733,0.477487,0.906982,0.783936,0.833247,0.490298,1.311299,0.466374,246.210007,9971.000000
6811.000000,431.890900,0.778442,0.479742,0.908691,0.784790,0.835208,0.492383,1.315535,0.470476,244.970001,10038.000000
6812.000000,410.805206,0.782227,0.484040,0.914307,0.789062,0.839891,0.496504,1.323370,0.476586,227.820007,9734.000000
6813.000000,412.252106,0.784546,0.485374,0.917969,0.790527,0.842909,0.497689,1.330546,0.478059,233.279999,9903.000000
6814.000000,402.170532,0.786377,0.485417,0.916748,0.792969,0.843008,0.497829,1.330091,0.488313,223.410004,9838.000000
6815.000000,425.864105,0.788452,0.484720,0.915649,0.795288,0.843093,0.497254,1.323281,0.482416,246.039993,9766.000000
6816.000000,419.223358,0.786621,0.483379,0.916748,0.793091,0.842494,0.496051,1.325549,0.479524,238.750000,10013.000000
6817.000000,437.469452,0.786255,0.484636,0.914429,0.792847,0.843118,0.497089,1.320336,0.474968,243.139999,10044.000000
6818.000000,413.254425,0.781738,0.480596,0.907349,0.788452,0.838010,0.492891,1.313595,0.466931,228.820007,9787.000000
6819.000000,420.568726,0.777466,0.475851,0.906982,0.783691,0.833610,0.488091,1.306818,0.456761,237.979996,9961.000000
6820.000000,430.196991,0.779907,0.478861,0.907959,0.786987,0.835719,0.491294,1.311004,0.463332,241.759995,9936.000000
6821.000000,418.838013,0.782104,0.479459,0.909790,0.789062,0.835937,0.492051,1.314567,0.467227,222.979996,9876.000000
6822.000000,430.347046,0.785278,0.482963,0.911743,0.792236,0.838912,0.495626,1.318903,0.479955,233.139999,10162.000000
6823.000000,420.827606,0.786499,0.484374,0.911011,0.794067,0.839372,0.497110,1.318248,0.483411,233.289993,10003.000000
6824.000000,408.452820,0.786621,0.483299,0.912109,0.793457,0.838953,0.495781,1.321027,0.481248,227.990005,10102.000000
6825.000000,415.439453,0.789062,0.485127,0.912476,0.795166,0.840547,0.497720,1.320468,0.476635,248.820007,10026.000000
6826.000000,412.933441,0.794067,0.487905,0.917969,0.800049,0.844960,0.500757,1.330976,0.483302,243.740005,9954.000000
6827.000000,406.558685,0.792969,0.487139,0.917603,0.798340,0.844485,0.500005,1.333742,0.482244,225.059998,9999.000000
6828.000000,400.673157,0.791748,0.484513,0.913086,0.798218,0.842821,0.497590,1.327937,0.477436,221.720001,10049.000000
6829.000000,450.232483,0.790405,0.483018,0.913452,0.796509,0.840941,0.496311,1.323448,0.473075,246.360001,10048.000000
6830.000000,412.192841,0.787109,0.480737,0.909790,0.793335,0.837365,0.494060,1.320792,0.470307,249.750000,9933.000000
6831.000000,466.468140,0.788330,0.481550,0.910400,0.795654,0.837758,0.494800,1.314185,0.467963,269.619995,9753.000000
6832.000000,413.884430,0.789551,0.479765,0.910522,0.796509,0.837688,0.492662,1.313414,0.465409,231.190002,9784.000000
6833.000000,401.848083,0.786621,0.481226,0.908569,0.793335,0.836549,0.494090,1.315416,0.471565,228.559998,9878.000000
6834.000000,418.437408,0.786255,0.482599,0.911255,0.792358,0.837701,0.495506,1.315832,0.471596,228.960007,10099.000000
6835.000000,420.688324,0.785522,0.481106,0.908813,0.791382,0.836673,0.494172,1.313731,0.475559,233.100006,9874.000000
6836.000000,392.866821,0.782593,0.478665,0.911499,0.788574,0.834524,0.491635,1.316271,0.469934,235.250000,9899.000000
6837.000000,409.428131,0.783447,0.479746,0.911743,0.789429,0.836513,0.492147,1.323767,0.468313,221.570007,9919.000000
6838.000000,416.571594,0.783936,0.483346,0.910400,0.791016,0.837375,0.495546,1.322004,0.476942,228.850006,10187.000000
6839.000000,394.184937,0.781372,0.481608,0.909302,0.788330,0.836052,0.493659,1.317163,0.480476,244.559998,10012.000000
6840.000000,418.845825,0.779541,0.479279,0.911377,0.785645,0.835072,0.491169,1.318272,0.479087,228.330002,10056.000000
6841.000000,439.621185,0.780396,0.482077,0.913208,0.786621,0.836767,0.494191,1.320481,0.480683,235.229996,10080.000000
6842.000000,413.421783,0.780640,0.484653,0.913208,0.787354,0.837778,0.496640,1.322082,0.486977,228.190002,9879.000000
6843.000000,426.013031,0.781494,0.487510,0.912476,0.787842,0.838649,0.499468,1.321980,0.489014,235.979996,10011.000000
6844.000000,434.952789,0.782349,0.488606,0.911621,0.788208,0.838083,0.500664,1.317257,0.489860,242.039993,9843.000000
6845.000000,409.810120,0.781738,0.489321,0.911621,0.788574,0.837317,0.501375,1.318989,0.490513,253.039993,10054.000000
6846.000000,412.233948,0.777588,0.486947,0.906006,0.785034,0.832944,0.499446,1.306904,0.480701,230.550003,9935.000000
6847.000000,433.979889,0.778442,0.486039,0.906982,0.784424,0.833263,0.498276,1.307644,0.476168,224.190002,9749.000000
6848.000000,397.419403,0.779907,0.486314,0.912964,0.786499,0.835201,0.498174,1.313724,0.475948,222.550003,9873.000000
6849.000000,408.162262,0.786987,0.491981,0.914917,0.793213,0.841569,0.503574,1.322154,0.481404,237.130005,9963.000000
6850.000000,420.045959,0.787109,0.492704,0.914795,0.793091,0.840803,0.504463,1.325500,0.484287,221.649994,9809.000000
6851.000000,428.641663,0.784058,0.489306,0.909912,0.790649,0.837581,0.501271,1.319959,0.476945,230.550003,9915.000000
6852.000000,418.437042,0.786499,0.489053,0.912109,0.793091,0.839682,0.501300,1.316995,0.473962,226.179993,9992.000000
6853.000000,390.439819,0.785400,0.487353,0.912720,0.791626,0.839208,0.499673,1.318031,0.473043,213.740005,9895.000000
6854.000000,404.026642,0.788696,0.489336,0.916016,0.794678,0.842991,0.501571,1.325454,0.471290,219.380005,9701.000000
6855.000000,410.555267,0.788452,0.489846,0.913818,0.794556,0.842333,0.502349,1.327837,0.474277,224.380005,9907.000000
6856.000000,426.141266,0.786499,0.486784,0.912842,0.792847,0.839919,0.499352,1.318660,0.473149,227.910004,9904.000000
6857.000000,424.458344,0.785522,0.486175,0.912354,0.791992,0.840198,0.498564,1.319776,0.475272,234.149994,10084.000000
6858.000000,430.453491,0.782593,0.485260,0.906982,0.790649,0.835052,0.498254,1.312871,0.478267,229.720001,10140.000000
6859.000000,401.845856,0.783691,0.486599,0.906982,0.790649,0.835513,0.499318,1.307439,0.480612,234.929993,9952.000000
6860.000000,428.455109,0.782471,0.485959,0.911377,0.789429,0.834716,0.498886,1.313904,0.488195,230.000000,9992.000000
6861.000000,433.461212,0.782837,0.488588,0.907837,0.789429,0.834720,0.501234,1.312893,0.492278,239.429993,9999.000000
6862.000000,417.912537,0.783447,0.490632,0.908203,0.789917,0.836342,0.503229,1.309381,0.491027,227.559998,9912.000000
6863.000000,407.832489,0.784302,0.490341,0.911377,0.792236,0.837811,0.503065,1.312751,0.489829,220.179993,10042.000000
6864.000000,431.620514,0.784790,0.489136,0.911621,0.792236,0.838139,0.501988,1.320083,0.488926,234.539993,9870.000000
6865.000000,416.653687,0.790771,0.493740,0.918335,0.796265,0.844409,0.506287,1.327815,0.499481,227.039993,9923.000000
6866.000000,402.298523,0.789307,0.492073,0.917603,0.795410,0.843920,0.504811,1.328033,0.501522,227.490005,9956.000000
6867.000000,386.239288,0.789917,0.491444,0.916504,0.796509,0.843055,0.504321,1.329698,0.498183,224.410004,9902.000000
6868.000000,408.817017,0.787964,0.490551,0.910767,0.794434,0.839653,0.503613,1.323079,0.491332,225.169998,9830.000000
6869.000000,416.366791,0.783081,0.488188,0.907959,0.789795,0.835229,0.501512,1.311568,0.484681,226.580002,9854.000000
6870.000000,463.699982,0.782349,0.487351,0.908813,0.789673,0.833712,0.500788,1.310723,0.484503,251.660004,9794.000000
6871.000000,409.055481,0.780762,0.488096,0.905762,0.787964,0.832233,0.501433,1.312985,0.481545,225.660004,9807.000000
6872.000000,428.150848,0.785767,0.492367,0.910400,0.792603,0.836325,0.505691,1.316306,0.486070,228.270004,9937.000000
6873.000000,430.401398,0.785645,0.492737,0.908813,0.792114,0.836005,0.506180,1.316619,0.490740,234.919998,10090.000000
6874.000000,442.257965,0.788574,0.495546,0.911621,0.796143,0.837735,0.509153,1.321629,0.496264,235.979996,10098.000000
6875.000000,425.204315,0.788818,0.496248,0.911255,0.794922,0.837823,0.509559,1.319650,0.489662,223.110001,9963.000000
6876.000000,407.969574,0.786987,0.495928,0.909302,0.794434,0.836871,0.509015,1.320510,0.489554,236.580002,10008.000000
6877.000000,434.705536,0.789673,0.495684,0.913330,0.796753,0.839845,0.508450,1.330330,0.485512,229.369995,9882.000000
6878.000000,427.544922,0.791016,0.495696,0.912109,0.798096,0.841505,0.508422,1.334111,0.481188,248.190002,10076.000000
6879.000000,435.693787,0.793335,0.494000,0.912964,0.801880,0.842843,0.506879,1.332432,0.476818,231.339996,9933.000000
6880.000000,442.491913,0.793579,0.493836,0.914551,0.801514,0.843108,0.506596,1.340972,0.477114,228.410004,10009.000000
6881.000000,414.229156,0.793091,0.494573,0.911133,0.799561,0.842861,0.506960,1.330298,0.473163,223.570007,9796.000000
6882.000000,405.895294,0.789673,0.491086,0.908936,0.796997,0.838667,0.503397,1.323272,0.472453,222.580002,10105.000000
6883.000000,413.500854,0.788452,0.491231,0.908936,0.796387,0.838522,0.503960,1.324806,0.474781,238.550003,9929.000000
6884.000000,414.747681,0.790894,0.491108,0.911255,0.798950,0.841092,0.503509,1.331801,0.479103,227.979996,10139.000000
6885.000000,411.125549,0.790527,0.491202,0.910522,0.797607,0.840343,0.503582,1.332718,0.481718,233.179993,10027.000000
6886.000000,417.884949,0.793213,0.494143,0.912842,0.799805,0.843282,0.506203,1.334937,0.480973,243.929993,10059.000000
6887.000000,410.721954,0.787842,0.491636,0.908936,0.794800,0.839231,0.503510,1.332081,0.479702,229.220001,10111.000000
6888.000000,415.466949,0.789307,0.493769,0.907715,0.796387,0.840752,0.505579,1.328039,0.479117,222.279999,10070.000000
6889.000000,427.639832,0.786255,0.492796,0.909424,0.793701,0.838929,0.504411,1.328581,0.479241,250.429993,9866.000000
6890.000000,413.264709,0.789551,0.495141,0.909424,0.796753,0.841849,0.506465,1.335296,0.483073,223.639999,10018.000000
6891.000000,393.239502,0.787964,0.493617,0.911621,0.795410,0.841616,0.505186,1.333408,0.484709,213.779999,9964.000000
6892.000000,434.698975,0.788574,0.492448,0.913086,0.795898,0.842681,0.504131,1.343879,0.489092,239.279999,9908.000000
6893.000000,423.879974,0.790894,0.493646,0.913818,0.797485,0.845247,0.505396,1.346811,0.485310,239.610001,10122.000000
6894.000000,430.113098,0.788574,0.492741,0.911377,0.794678,0.844252,0.504061,1.341259,0.481081,232.320007,9929.000000
6895.000000,409.881775,0.783936,0.489266,0.910034,0.790894,0.840751,0.500693,1.335837,0.477521,219.570007,10102.000000
6896.000000,426.156586,0.785522,0.490631,0.912842,0.791504,0.842423,0.501747,1.338890,0.473851,237.149994,9840.000000
6897.000000,422.043030,0.784180,0.489556,0.913086,0.790527,0.841625,0.500540,1.338959,0.476051,234.770004,9989.000000
6898.000000,408.714325,0.783691,0.489434,0.911743,0.789795,0.842260,0.500133,1.341367,0.478681,216.880005,9882.000000
6899.000000,420.440979,0.782837,0.488848,0.908447,0.788696,0.841300,0.499395,1.336821,0.481578,238.500000,9829.000000
6900.000000,411.107147,0.782227,0.488214,0.909058,0.788574,0.840908,0.498703,1.336663,0.480757,216.889999,9702.000000
6901.000000,426.283203,0.781494,0.487500,0.909546,0.788086,0.840021,0.498142,1.335278,0.482913,227.479996,9528.000000
6902.000000,432.362091,0.781006,0.489612,0.911377,0.786865,0.840493,0.500193,1.333654,0.485347,235.679993,9917.000000
6903.000000,422.695801,0.786011,0.492879,0.914429,0.792603,0.845516,0.503528,1.340020,0.487146,224.770004,10195.000000
6904.000000,402.866302,0.786621,0.492405,0.915894,0.792969,0.846346,0.503279,1.347358,0.491771,225.119995,9803.000000
6905.000000,409.299072,0.787720,0.493854,0.915161,0.793579,0.847304,0.504767,1.341369,0.488775,222.940002,9664.000000
6906.000000,438.194336,0.787842,0.493432,0.913696,0.794678,0.846918,0.504259,1.345454,0.480365,227.500000,10065.000000
6907.000000,416.513092,0.788452,0.493647,0.915405,0.794556,0.846919,0.504342,1.352403,0.474213,236.580002,10105.000000
6908.000000,428.053802,0.790039,0.494403,0.913696,0.795776,0.848814,0.504636,1.346694,0.473537,230.889999,10184.000000
6909.000000,418.096466,0.789795,0.492796,0.913818,0.795410,0.847424,0.503002,1.350846,0.478662,229.880005,10035.000000
6910.000000,431.897827,0.788330,0.493433,0.911621,0.795044,0.845870,0.503853,1.343691,0.481825,232.059998,9562.000000
6911.000000,426.004639,0.786621,0.490873,0.909302,0.793335,0.843426,0.501227,1.338845,0.477988,231.789993,9879.000000
6912.000000,394.558258,0.788940,0.491481,0.911499,0.796265,0.845452,0.501992,1.338329,0.478357,216.179993,9915.000000
6913.000000,428.877289,0.788940,0.491520,0.913940,0.796021,0.845084,0.501968,1.345482,0.479643,235.320007,9880.000000
6914.000000,417.492828,0.788696,0.493228,0.909302,0.795166,0.843904,0.503240,1.342443,0.484094,239.600006,9986.000000
6915.000000,436.302826,0.792480,0.497345,0.913086,0.799438,0.847477,0.507161,1.345057,0.483895,243.910004,10255.000000
6916.000000,413.368317,0.791626,0.496040,0.913452,0.798218,0.847447,0.505464,1.351993,0.487111,225.649994,9985.000000
6917.000000,435.911285,0.792358,0.496890,0.913452,0.797974,0.847386,0.506067,1.352306,0.482022,238.880005,10025.000000
6918.000000,426.859161,0.792480,0.497180,0.912231,0.798706,0.847404,0.506443,1.349171,0.475236,223.690002,9905.000000
6919.000000,405.398407,0.794067,0.497502,0.913330,0.800781,0.848517,0.506950,1.352841,0.479886,230.789993,9983.000000
6920.000000,426.542664,0.794312,0.498427,0.914551,0.801147,0.848734,0.507772,1.353195,0.483122,220.000000,9915.000000
6921.000000,429.170105,0.794556,0.500010,0.910889,0.802124,0.849235,0.509293,1.351876,0.490329,231.509995,9924.000000
6922.000000,411.838562,0.790039,0.497244,0.912109,0.796631,0.845970,0.506375,1.349973,0.479524,219.979996,9991.000000
6923.000000,411.184387,0.791504,0.497350,0.912231,0.798218,0.846876,0.506657,1.349859,0.472845,229.059998,10056.000000
6924.000000,410.488312,0.791870,0.498453,0.913940,0.798096,0.847727,0.507659,1.349693,0.470383,232.289993,10122.000000
6925.000000,437.485718,0.790039,0.495772,0.910522,0.796387,0.847015,0.504826,1.349529,0.469592,240.490005,9660.000000
6926.000000,428.771881,0.790283,0.494699,0.911377,0.797241,0.846130,0.503852,1.346999,0.464691,224.570007,9582.000000
6927.000000,417.009216,0.786743,0.494784,0.904297,0.794189,0.840961,0.504078,1.334066,0.467720,222.119995,9901.000000
6928.000000,421.183411,0.781494,0.490738,0.901733,0.788452,0.836718,0.499959,1.323654,0.460629,228.880005,10115.000000
6929.000000,425.635468,0.780762,0.490827,0.903320,0.788696,0.836519,0.500054,1.326513,0.467082,232.720001,10165.000000
6930.000000,417.012360,0.781982,0.492125,0.907227,0.789185,0.838991,0.501382,1.336733,0.470716,221.270004,10082.000000
6931.000000,406.197052,0.787720,0.496758,0.910278,0.794678,0.844732,0.506036,1.345249,0.474972,220.089996,9990.000000
6932.000000,439.679565,0.788574,0.496286,0.911133,0.795288,0.845064,0.505855,1.343699,0.475297,235.740005,10147.000000
6933.000000,434.886749,0.788818,0.496208,0.912231,0.796753,0.844956,0.505658,1.345461,0.479743,226.210007,10167.000000
6934.000000,414.954224,0.791138,0.496994,0.914795,0.798340,0.847985,0.506271,1.353046,0.479428,227.179993,9986.000000
6935.000000,408.090515,0.788818,0.493963,0.911011,0.795654,0.845183,0.503063,1.349439,0.475503,226.389999,10035.000000
6936.000000,424.834991,0.787231,0.493396,0.909790,0.794067,0.843707,0.502710,1.342333,0.475087,220.250000,9811.000000
6937.000000,420.458008,0.789062,0.495510,0.911377,0.796509,0.845015,0.504971,1.343664,0.480844,221.110001,9953.000000
6938.000000,412.819244,0.793457,0.498226,0.912231,0.799438,0.846784,0.507480,1.340051,0.477702,233.360001,9996.000000
6939.000000,428.218719,0.787598,0.494727,0.908569,0.794556,0.841201,0.504323,1.337548,0.481442,234.619995,10089.000000
6940.000000,420.916138,0.784180,0.492620,0.907227,0.790649,0.838829,0.502235,1.333498,0.477175,229.800003,10167.000000
6941.000000,434.288513,0.792969,0.499934,0.915405,0.798462,0.847099,0.509559,1.345452,0.489548,246.110001,10211.000000
6942.000000,417.752747,0.794800,0.499964,0.916870,0.801147,0.849419,0.509770,1.354322,0.489186,225.759995,9968.000000
6943.000000,428.555847,0.794678,0.499018,0.915527,0.801270,0.849678,0.508866,1.353709,0.479467,231.070007,10001.000000
6944.000000,419.473877,0.790527,0.494856,0.911743,0.797119,0.844798,0.505036,1.343665,0.472323,231.559998,9869.000000
6945.000000,400.602295,0.786865,0.491029,0.910889,0.793945,0.843562,0.501472,1.339030,0.468028,227.889999,9845.000000
6946.000000,427.857727,0.788086,0.490520,0.913696,0.794312,0.844517,0.501087,1.342092,0.464692,224.729996,9892.000000
6947.000000,408.181030,0.788818,0.490382,0.915161,0.795410,0.845720,0.501121,1.340701,0.468318,230.809998,10061.000000
6948.000000,409.780914,0.787109,0.489755,0.913452,0.794067,0.844815,0.500736,1.343828,0.467690,215.970001,9668.000000
6949.000000,408.321594,0.785645,0.489333,0.911987,0.792358,0.843430,0.500441,1.339825,0.465696,219.809998,10101.000000
6950.000000,408.768402,0.785522,0.488952,0.910522,0.792114,0.843374,0.499837,1.335612,0.459458,224.330002,9824.000000
6951.000000,395.030975,0.789429,0.492315,0.911865,0.795776,0.845058,0.503253,1.335710,0.462353,236.800003,9955.000000
6952.000000,437.678406,0.791382,0.491511,0.913208,0.797241,0.845644,0.502243,1.342221,0.462940,250.880005,9675.000000
6953.000000,408.089447,0.788452,0.489639,0.911621,0.794189,0.842845,0.500337,1.341761,0.460338,220.199997,10054.000000
6954.000000,407.865143,0.786621,0.487610,0.910278,0.791748,0.841529,0.498372,1.329135,0.449260,216.520004,9822.000000
6955.000000,429.292053,0.782593,0.484357,0.907959,0.787231,0.837835,0.494868,1.324695,0.449075,228.619995,9912.000000
6956.000000,418.785797,0.782715,0.485907,0.909058,0.787842,0.837347,0.496607,1.320213,0.452469,231.940002,9907.000000
6957.000000,426.404480,0.781006,0.484410,0.907104,0.787354,0.835859,0.495383,1.320319,0.455984,240.220001,9630.000000
6958.000000,414.616455,0.782837,0.486307,0.908691,0.787720,0.838565,0.496909,1.321939,0.455112,220.449997,9740.000000
6959.000000,410.416260,0.783691,0.486771,0.909668,0.788940,0.839892,0.497092,1.324760,0.453684,247.470001,9965.000000
6960.000000,434.968292,0.783081,0.485353,0.913696,0.787964,0.841494,0.495367,1.332870,0.456465,230.550003,9718.000000
6961.000000,413.328400,0.783813,0.484751,0.912964,0.789917,0.842259,0.495104,1.333543,0.456212,238.110001,9782.000000
6962.000000,407.824951,0.784180,0.484127,0.914551,0.790283,0.842767,0.494616,1.333459,0.467585,227.949997,9400.000000
6963.000000,416.398590,0.789551,0.490067,0.916260,0.795044,0.846849,0.500318,1.340312,0.482680,228.759995,9723.000000
6964.000000,430.101074,0.791382,0.491449,0.914062,0.797485,0.847569,0.501458,1.340035,0.478470,224.259995,9870.000000
6965.000000,428.085510,0.786865,0.488736,0.908569,0.793213,0.842329,0.499045,1.329889,0.474449,223.889999,10011.000000
6966.000000,417.855591,0.788818,0.488052,0.914551,0.794556,0.843517,0.498587,1.329285,0.468242,226.809998,9867.000000
6967.000000,424.852844,0.790649,0.490162,0.915283,0.796143,0.846715,0.500230,1.336439,0.468641,238.009995,10002.000000
6968.000000,415.308350,0.790039,0.490899,0.914307,0.796387,0.845544,0.501044,1.334505,0.474280,221.309998,9906.000000
6969.000000,399.064178,0.786865,0.488665,0.911621,0.793335,0.843082,0.498815,1.330041,0.465789,228.979996,9801.000000
6970.000000,402.414673,0.787476,0.487626,0.912964,0.794678,0.843455,0.497900,1.328989,0.466041,227.429993,10133.000000
6971.000000,404.813141,0.789551,0.486122,0.917969,0.795776,0.846076,0.496487,1.335644,0.465511,228.889999,9870.000000
6972.000000,417.773193,0.792725,0.487769,0.918945,0.799194,0.848400,0.498042,1.338824,0.462905,223.639999,9881.000000
6973.000000,413.033142,0.794678,0.486324,0.918579,0.801514,0.849803,0.496721,1.341159,0.462700,224.500000,9979.000000
6974.000000,414.615631,0.793091,0.485399,0.918091,0.800049,0.849518,0.495650,1.347125,0.461640,230.440002,10076.000000
6975.000000,426.483459,0.792969,0.482193,0.917114,0.799194,0.848395,0.492363,1.346519,0.455470,236.309998,8794.000000
6976.000000,407.284271,0.787720,0.479289,0.914307,0.793701,0.844673,0.489066,1.337627,0.441143,216.440002,9372.000000
6977.000000,417.632629,0.785278,0.478974,0.909790,0.791016,0.842167,0.489044,1.331710,0.441047,237.880005,9639.000000
6978.000000,413.082642,0.780518,0.476508,0.907959,0.786377,0.837470,0.486666,1.329480,0.438776,237.179993,9966.000000
6979.000000,404.374786,0.781616,0.476104,0.909058,0.787231,0.838380,0.486210,1.329646,0.439869,223.050003,9368.000000
6980.000000,406.195160,0.781860,0.474865,0.910522,0.787476,0.839408,0.484808,1.332704,0.441378,221.720001,9895.000000
6981.000000,403.758514,0.780762,0.475046,0.911011,0.786865,0.838950,0.485006,1.331182,0.449342,228.149994,9970.000000
6982.000000,419.975891,0.784790,0.479276,0.912720,0.791138,0.842658,0.489021,1.332791,0.460064,240.559998,9527.000000
6983.000000,397.285828,0.780884,0.478701,0.910522,0.787842,0.840276,0.488746,1.332996,0.464238,231.949997,10050.000000
6984.000000,413.999023,0.783813,0.480724,0.912231,0.790161,0.843301,0.490965,1.334965,0.465214,224.800003,9883.000000
6985.000000,429.089233,0.784912,0.481081,0.914673,0.790649,0.844880,0.491405,1.337115,0.460059,225.479996,10029.000000
6986.000000,430.843018,0.778931,0.476476,0.908569,0.784424,0.838425,0.486720,1.325890,0.450389,223.740005,10026.000000
6987.000000,404.335602,0.776123,0.475488,0.908813,0.781250,0.835287,0.485800,1.317663,0.448254,232.220001,9624.000000
6988.000000,400.788696,0.774658,0.475943,0.909424,0.780884,0.835009,0.486334,1.320888,0.455294,233.169998,9698.000000
6989.000000,430.427704,0.781616,0.482464,0.914307,0.786133,0.840885,0.492411,1.331461,0.467984,235.759995,9975.000000
6990.000000,425.349396,0.782349,0.483839,0.912231,0.787109,0.840201,0.493905,1.325649,0.469385,232.029999,10048.000000
6991.000000,439.508118,0.784546,0.483983,0.912598,0.790161,0.841068,0.494195,1.330405,0.472242,240.399994,9999.000000
6992.000000,405.826294,0.787598,0.486950,0.915527,0.792603,0.844339,0.497119,1.329793,0.470368,231.509995,10003.000000
6993.000000,419.588867,0.784302,0.483877,0.911987,0.790039,0.841799,0.494125,1.329351,0.468709,232.979996,9927.000000
6994.000000,409.138519,0.785156,0.485520,0.910767,0.789795,0.842944,0.495424,1.328281,0.465973,234.910004,10074.000000
6995.000000,423.383820,0.788208,0.488667,0.915405,0.792969,0.846468,0.498528,1.333562,0.470952,228.990005,9979.000000
6996.000000,412.720184,0.790771,0.490250,0.915771,0.795898,0.848005,0.499974,1.339971,0.475296,221.119995,10041.000000
6997.000000,414.224487,0.793335,0.489270,0.916382,0.798096,0.850053,0.499043,1.345146,0.472565,219.880005,9877.000000
6998.000000,398.536438,0.792358,0.487121,0.915283,0.797607,0.848204,0.496976,1.337156,0.467315,223.059998,9914.000000
6999.000000,409.578491,0.792236,0.486891,0.912231,0.797241,0.847068,0.496761,1.335811,0.463605,220.520004,9899.000000
7000.000000,405.785828,0.791382,0.485851,0.914429,0.797119,0.847223,0.495650,1.340171,0.458352,225.350006,9909.000000
7001.000000,416.204803,0.793579,0.485542,0.915771,0.798584,0.848068,0.495654,1.339142,0.458053,236.720001,9788.000000
7002.000000,414.697632,0.791382,0.483328,0.914551,0.796875,0.846674,0.493497,1.343060,0.453125,230.330002,9832.000000
7003.000000,386.013794,0.793579,0.484682,0.913574,0.799194,0.847703,0.494967,1.335661,0.453527,226.570007,10121.000000
7004.000000,414.498413,0.793945,0.485163,0.913208,0.800171,0.846870,0.495853,1.332157,0.455685,218.839996,9890.000000
7005.000000,430.017242,0.793945,0.482624,0.913696,0.799683,0.845314,0.493481,1.336638,0.452765,231.740005,9776.000000
7006.000000,417.915070,0.792847,0.480121,0.916870,0.798828,0.846132,0.491177,1.339506,0.446901,230.300003,9919.000000
7007.000000,430.647003,0.792114,0.480066,0.914551,0.797729,0.845743,0.491127,1.339103,0.447537,233.009995,9771.000000
7008.000000,438.185028,0.789429,0.481941,0.910400,0.794800,0.843221,0.492774,1.326705,0.442976,241.470001,9905.000000
7009.000000,408.721130,0.786865,0.479103,0.909058,0.792603,0.840319,0.490074,1.316752,0.442575,226.399994,9861.000000
7010.000000,418.435303,0.785278,0.479147,0.911377,0.792114,0.840046,0.490121,1.320217,0.446790,240.720001,9972.000000
7011.000000,422.013580,0.789429,0.483411,0.911743,0.794312,0.843348,0.494105,1.329357,0.457999,246.860001,9968.000000
7012.000000,423.189178,0.788452,0.483178,0.910400,0.793579,0.841182,0.494053,1.332814,0.459322,242.919998,10015.000000
7013.000000,413.594177,0.793945,0.486379,0.912720,0.799316,0.845227,0.497356,1.329876,0.463239,233.839996,9378.000000
7014.000000,427.577240,0.791138,0.484512,0.912231,0.796265,0.843358,0.495252,1.329110,0.459287,239.610001,9352.000000
7015.000000,424.524567,0.791016,0.485705,0.909546,0.796875,0.841198,0.496710,1.319393,0.459998,225.169998,9920.000000
7016.000000,394.831146,0.789795,0.485962,0.908813,0.795044,0.839565,0.496764,1.317620,0.464515,229.250000,10225.000000
7017.000000,417.668365,0.788452,0.486079,0.910034,0.793701,0.840342,0.496480,1.321563,0.466623,222.770004,10176.000000
7018.000000,406.321594,0.787598,0.486802,0.912109,0.793213,0.841239,0.497159,1.325442,0.466650,228.380005,10220.000000
7019.000000,433.075195,0.790161,0.487404,0.913940,0.796875,0.844778,0.497805,1.325581,0.465570,242.630005,10052.000000
7020.000000,414.721985,0.786377,0.485249,0.914429,0.792969,0.843346,0.495337,1.327990,0.466911,224.059998,9813.000000
7021.000000,410.975616,0.786133,0.484442,0.913696,0.792236,0.843109,0.494590,1.320423,0.466704,234.000000,10094.000000
7022.000000,395.394165,0.783569,0.483392,0.909912,0.788696,0.840452,0.493238,1.320262,0.466033,232.970001,10121.000000
7023.000000,408.989441,0.784912,0.484465,0.910767,0.791382,0.842387,0.494313,1.319922,0.464683,226.500000,10109.000000
7024.000000,415.696686,0.783081,0.483131,0.914917,0.788208,0.842427,0.492790,1.323658,0.460622,237.360001,10031.000000
7025.000000,433.739563,0.785400,0.485951,0.911865,0.790527,0.843141,0.495809,1.322878,0.460068,232.710007,9449.000000
7026.000000,411.975769,0.789185,0.486656,0.913818,0.794189,0.845316,0.496373,1.320257,0.456476,245.630005,9252.000000
7027.000000,385.818176,0.786255,0.485558,0.910767,0.792236,0.843080,0.495123,1.326594,0.452377,212.130005,9968.000000
7028.000000,389.242310,0.788818,0.487336,0.914917,0.794067,0.846467,0.496875,1.331951,0.449838,214.669998,10242.000000
7029.000000,408.973053,0.786377,0.483995,0.913574,0.791626,0.845023,0.493560,1.330348,0.450008,230.259995,10190.000000
7030.000000,401.620453,0.787476,0.484535,0.914429,0.792358,0.845830,0.494129,1.339757,0.454618,221.059998,10156.000000
7031.000000,408.966949,0.788452,0.483544,0.917847,0.793213,0.848519,0.492900,1.343975,0.461503,224.139999,9960.000000
7032.000000,406.508820,0.789795,0.483981,0.917236,0.796021,0.849402,0.493494,1.344451,0.464662,239.309998,10193.000000
7033.000000,407.934998,0.790283,0.483273,0.916016,0.796387,0.850519,0.492809,1.346461,0.458028,217.210007,9927.000000
7034.000000,410.878204,0.786865,0.480582,0.912598,0.792114,0.847216,0.490572,1.337352,0.453064,226.399994,10077.000000
7035.000000,405.753876,0.782837,0.478537,0.907837,0.789062,0.843284,0.488515,1.327454,0.453462,221.179993,9917.000000
7036.000000,372.069855,0.786499,0.481094,0.912109,0.792236,0.846239,0.490967,1.336754,0.455907,210.119995,10148.000000
7037.000000,404.536957,0.786499,0.481133,0.909912,0.792236,0.844586,0.491231,1.334768,0.455524,230.990005,9625.000000
7038.000000,426.980194,0.785400,0.481288,0.908569,0.790649,0.843565,0.491273,1.328944,0.452219,235.350006,10184.000000
7039.000000,407.438202,0.785522,0.481583,0.910645,0.791138,0.843386,0.491516,1.337012,0.462087,225.570007,9921.000000
7040.000000,418.827484,0.787964,0.482838,0.911987,0.794800,0.844814,0.493158,1.341112,0.460897,232.529999,9976.000000
7041.000000,420.735199,0.790894,0.481815,0.913452,0.797241,0.847233,0.492232,1.343301,0.459151,224.369995,10206.000000
7042.000000,408.229736,0.792847,0.483150,0.915527,0.800293,0.848036,0.494031,1.339731,0.461995,224.089996,9685.000000
7043.000000,408.173187,0.792358,0.483272,0.915161,0.798096,0.848410,0.493562,1.347014,0.464242,218.229996,10024.000000
7044.000000,399.652771,0.794434,0.485134,0.916626,0.799927,0.850301,0.495345,1.344527,0.465188,221.800003,10076.000000
7045.000000,408.607056,0.792114,0.484400,0.912354,0.797974,0.847402,0.494671,1.345091,0.463370,216.850006,10069.000000
7046.000000,415.842499,0.790771,0.484509,0.908569,0.797363,0.845049,0.494747,1.335440,0.458338,236.779999,9727.000000
7047.000000,417.211670,0.787842,0.482156,0.908569,0.793945,0.842704,0.492429,1.332579,0.455764,223.809998,9561.000000
7048.000000,409.855957,0.791260,0.484326,0.915894,0.796753,0.846456,0.494656,1.339638,0.459049,224.149994,10049.000000
7049.000000,426.517029,0.793213,0.487696,0.915161,0.799072,0.849003,0.497891,1.343342,0.467492,230.990005,9913.000000
7050.000000,397.243561,0.788940,0.486735,0.911621,0.794434,0.845865,0.496737,1.338163,0.467606,220.759995,10001.000000
7051.000000,411.714203,0.788208,0.487397,0.909668,0.794800,0.844667,0.497696,1.332090,0.466788,224.139999,9969.000000
7052.000000,418.196075,0.785034,0.484379,0.910278,0.791260,0.841308,0.494712,1.333622,0.460046,231.449997,9542.000000
7053.000000,427.353912,0.781738,0.479926,0.905396,0.788696,0.838393,0.490127,1.327908,0.450799,233.089996,10113.000000
7054.000000,407.829651,0.784424,0.482105,0.910767,0.791382,0.841725,0.492097,1.340469,0.459177,227.860001,10124.000000
7055.000000,414.791016,0.787231,0.484317,0.911865,0.793823,0.844980,0.493751,1.339399,0.463010,230.570007,10145.000000
7056.000000,415.567078,0.786011,0.482391,0.912354,0.791870,0.843889,0.491771,1.341365,0.461239,223.250000,9928.000000
7057.000000,428.844177,0.786987,0.485146,0.913696,0.792480,0.845684,0.494578,1.342511,0.457624,231.070007,9530.000000
7058.000000,415.623535,0.788208,0.485375,0.914429,0.794678,0.847417,0.495098,1.343629,0.461044,229.729996,9883.000000
7059.000000,410.299255,0.787598,0.487310,0.912720,0.793091,0.846339,0.497264,1.344592,0.463845,231.020004,10123.000000
7060.000000,394.766998,0.783936,0.482205,0.912354,0.788818,0.843445,0.492286,1.341026,0.458704,225.750000,10313.000000
7061.000000,423.384369,0.790283,0.487391,0.917603,0.795166,0.849254,0.497394,1.345624,0.465828,220.960007,9883.000000
7062.000000,432.942596,0.790161,0.487813,0.917358,0.795776,0.849126,0.497834,1.346044,0.467497,229.669998,9724.000000
7063.000000,400.768372,0.784668,0.485049,0.909180,0.791260,0.843464,0.495327,1.335772,0.463147,231.660004,10045.000000
7064.000000,404.111877,0.782349,0.482585,0.906372,0.788330,0.840410,0.492740,1.328634,0.458998,239.330002,10124.000000
7065.000000,404.333710,0.786133,0.488057,0.909912,0.792236,0.842689,0.498550,1.328186,0.465348,227.940002,10244.000000
7066.000000,421.853394,0.787964,0.486599,0.913696,0.794434,0.842919,0.497569,1.336221,0.472674,234.350006,10024.000000
7067.000000,406.649963,0.791138,0.489097,0.914795,0.796753,0.845901,0.499766,1.338729,0.469669,220.199997,9836.000000
7068.000000,409.548492,0.790405,0.488524,0.912476,0.795776,0.844191,0.498855,1.335863,0.470733,229.610001,9655.000000
7069.000000,418.862823,0.789917,0.487006,0.911377,0.796509,0.843579,0.497813,1.331838,0.467411,226.139999,10017.000000
7070.000000,426.515930,0.792236,0.489209,0.915649,0.797729,0.846169,0.500033,1.338291,0.473681,233.320007,9924.000000
7071.000000,396.230133,0.792358,0.487774,0.917603,0.797852,0.847104,0.498741,1.344492,0.474959,226.710007,10012.000000
7072.000000,436.332031,0.793335,0.486641,0.917725,0.798096,0.847907,0.497473,1.348860,0.476287,231.289993,9929.000000
7073.000000,415.902710,0.793823,0.486517,0.914307,0.799805,0.848504,0.497358,1.342154,0.469881,237.740005,9689.000000
7074.000000,398.755768,0.791748,0.484614,0.914917,0.798218,0.847711,0.495618,1.341469,0.476246,224.820007,9776.000000
7075.000000,419.368530,0.792603,0.486576,0.914062,0.798950,0.847459,0.497716,1.340073,0.473975,252.279999,9886.000000
7076.000000,420.767059,0.794922,0.487058,0.914185,0.800903,0.849244,0.497998,1.343664,0.470595,251.300003,10143.000000
7077.000000,415.529724,0.792603,0.485996,0.914185,0.798462,0.847677,0.496634,1.345057,0.471961,233.699997,9904.000000
7078.000000,421.614471,0.791748,0.485811,0.910522,0.797241,0.844828,0.496380,1.342659,0.468823,237.740005,9661.000000
7079.000000,424.337952,0.789673,0.485306,0.911499,0.795166,0.843244,0.495916,1.337805,0.468209,229.559998,10076.000000
7080.000000,417.239532,0.787964,0.483895,0.911499,0.793457,0.842422,0.494272,1.342584,0.471323,228.800003,10046.000000
7081.000000,409.659180,0.786987,0.486040,0.909180,0.792969,0.841457,0.496367,1.337077,0.474816,246.039993,10047.000000
7082.000000,418.225037,0.785645,0.485258,0.907959,0.791748,0.839829,0.495799,1.332431,0.478689,240.800003,9877.000000
7083.000000,404.134491,0.788086,0.489927,0.911133,0.794312,0.842106,0.500568,1.338480,0.480273,233.380005,9466.000000
7084.000000,391.961121,0.786743,0.488691,0.911499,0.792969,0.841387,0.499415,1.341782,0.477574,220.779999,9808.000000
7085.000000,425.300781,0.788696,0.491999,0.910400,0.795166,0.843480,0.502683,1.340091,0.479281,229.610001,9860.000000
7086.000000,419.350189,0.791870,0.492647,0.913574,0.798218,0.845913,0.503546,1.345051,0.477484,227.240005,9928.000000
7087.000000,421.287231,0.790771,0.491828,0.912842,0.797119,0.844265,0.502828,1.342045,0.473608,231.589996,10081.000000
7088.000000,397.366608,0.792358,0.494935,0.912476,0.797729,0.845395,0.505639,1.339367,0.474646,223.940002,9489.000000
7089.000000,427.447205,0.785645,0.490236,0.906494,0.792114,0.838565,0.500755,1.331609,0.469598,235.869995,10014.000000
7090.000000,414.216583,0.786987,0.490796,0.907227,0.794312,0.839300,0.501377,1.324355,0.472815,234.080002,10039.000000
7091.000000,415.580048,0.787964,0.491671,0.909180,0.794800,0.840289,0.502547,1.335135,0.479167,236.350006,10099.000000
7092.000000,422.498077,0.792847,0.495158,0.912109,0.800537,0.844630,0.506467,1.342656,0.490535,225.889999,9827.000000
7093.000000,424.857391,0.795410,0.496303,0.915405,0.802856,0.845161,0.507563,1.347836,0.494582,231.509995,9868.000000
7094.000000,435.273407,0.796509,0.498658,0.913696,0.803101,0.846843,0.509756,1.349314,0.494814,245.779999,10052.000000
7095.000000,398.088165,0.792236,0.496339,0.910278,0.799072,0.843085,0.507479,1.341019,0.487605,229.860001,9847.000000
7096.000000,409.660614,0.790283,0.494145,0.910767,0.798706,0.839903,0.506162,1.332413,0.482722,226.600006,10002.000000
7097.000000,413.623749,0.795410,0.496452,0.913208,0.802368,0.843356,0.508505,1.334283,0.485405,224.679993,10184.000000
7098.000000,411.564362,0.796631,0.496665,0.913940,0.802979,0.845278,0.508359,1.341245,0.489057,238.059998,9815.000000
7099.000000,444.340088,0.795898,0.493901,0.910889,0.801880,0.843248,0.505887,1.339677,0.478935,241.289993,9862.000000
7100.000000,400.817688,0.796265,0.493070,0.913086,0.802979,0.844008,0.505204,1.337109,0.477347,233.529999,10128.000000
7101.000000,420.895111,0.796021,0.494909,0.912964,0.803101,0.843866,0.507014,1.339935,0.482141,219.800003,9993.000000
7102.000000,411.815125,0.794312,0.493663,0.911865,0.800415,0.842308,0.505846,1.332852,0.480151,219.940002,9749.000000
