iteration,Train_mean_reward,Episode_stage1_successes,Episode_stage2_successes,Episode_stage1_left_successes,Episode_stage1_right_successes,Episode_stage2_left_successes,Episode_stage2_right_successes,IPPO_left_mean_reward,IPPO_right_mean_reward,Train_mean_episode_length,Computation_fps
1.000000,-216.938644,0.000000,0.000000,0.000000,0.000000,0.000000,0.000000,-1.135056,-1.118586,116.000000,8518.000000
2.000000,-216.938644,0.000000,0.000000,0.000000,0.000000,0.000000,0.000000,-1.151475,-1.134318,116.000000,21061.000000
3.000000,-216.938644,0.000000,0.000000,0.000000,0.000000,0.000000,0.000000,-1.161511,-1.145593,116.000000,20761.000000
4.000000,-216.938644,0.000000,0.000000,0.000000,0.000000,0.000000,0.000000,-1.165182,-1.153824,116.000000,21048.000000
5.000000,-216.938644,0.000000,0.000000,0.000000,0.000000,0.000000,0.000000,-1.166526,-1.157061,116.000000,20900.000000
6.000000,-216.938644,0.000000,0.000000,0.000000,0.000000,0.000000,0.000000,-1.165793,-1.151209,116.000000,20691.000000
7.000000,-216.938644,0.000000,0.000000,0.000000,0.000000,0.000000,0.000000,-1.159774,-1.139315,116.000000,20600.000000
8.000000,-216.938644,0.000000,0.000000,0.000000,0.000000,0.000000,0.000000,-1.145754,-1.115419,116.000000,20451.000000
9.000000,-216.938644,0.000000,0.000000,0.000000,0.000000,0.000000,0.000000,-1.120588,-1.082386,116.000000,20042.000000
10.000000,-216.938644,0.000000,0.000000,0.000000,0.000000,0.000000,0.000000,-1.081451,-1.046062,116.000000,20471.000000
11.000000,-216.938644,0.000000,0.000000,0.000000,0.000000,0.000000,0.000000,-1.027413,-1.008979,116.000000,20402.000000
12.000000,-216.938644,0.000000,0.000000,0.000000,0.000000,0.000000,0.000000,-0.947409,-0.954812,116.000000,19995.000000
13.000000,-216.938644,0.000000,0.000000,0.000000,0.000000,0.000000,0.000000,-0.812134,-0.879304,116.000000,19561.000000
14.000000,-216.938644,0.000000,0.000000,0.000000,0.000000,0.000000,0.000000,-0.648845,-0.784995,116.000000,18536.000000
15.000000,-216.938644,0.000000,0.000000,0.000122,0.000000,0.000002,0.000000,-0.550456,-0.694094,116.000000,18423.000000
16.000000,-229.280609,0.000000,0.000000,0.000610,0.000610,0.000023,0.000008,-0.578173,-0.618948,120.000000,18314.000000
17.000000,-240.922928,0.000000,0.000000,0.001343,0.001709,0.000073,0.000020,-0.697567,-0.543963,123.333336,18657.000000
18.000000,-259.008667,0.000000,0.000000,0.002075,0.003052,0.000132,0.000038,-0.824614,-0.488037,130.866669,18074.000000
19.000000,-274.933441,0.000000,0.000000,0.002319,0.003662,0.000196,0.000048,-0.916069,-0.524243,139.909088,18253.000000
20.000000,-282.757263,0.000000,0.000000,0.002563,0.004150,0.000256,0.000057,-0.929031,-0.683365,144.058136,18048.000000
21.000000,-293.356415,0.000000,0.000000,0.002563,0.004150,0.000307,0.000057,-0.859171,-0.873190,150.369995,17462.000000
22.000000,-301.460114,0.000000,0.000000,0.002563,0.004150,0.000354,0.000055,-0.783711,-1.000110,155.229996,18594.000000
23.000000,-302.687042,0.000000,0.000000,0.002563,0.004150,0.000396,0.000053,-0.731579,-1.066397,157.419998,18353.000000
24.000000,-304.507904,0.000000,0.000000,0.002686,0.004150,0.000452,0.000050,-0.673573,-1.103973,158.779999,18263.000000
25.000000,-307.636719,0.000000,0.000000,0.002686,0.004150,0.000500,0.000048,-0.586729,-1.121400,160.679993,17638.000000
26.000000,-309.901245,0.000000,0.000000,0.003052,0.004150,0.000528,0.000047,-0.469037,-1.125941,162.009995,17174.000000
27.000000,-313.556488,0.000000,0.000000,0.004028,0.004150,0.000563,0.000045,-0.374320,-1.122983,164.729996,16772.000000
28.000000,-328.773773,0.000000,0.000000,0.004761,0.004150,0.000630,0.000043,-0.372297,-1.117091,174.320007,16871.000000
29.000000,-381.818054,0.000000,0.000000,0.005005,0.004150,0.000692,0.000042,-0.457694,-1.110464,206.559998,16975.000000
30.000000,-425.538055,0.000000,0.000000,0.005249,0.004150,0.000742,0.000040,-0.573861,-1.101814,232.279999,17590.000000
31.000000,-433.789673,0.000000,0.000000,0.005127,0.004150,0.000728,0.000039,-0.646788,-1.091174,237.500000,17867.000000
32.000000,-438.394989,0.000000,0.000000,0.005127,0.004150,0.000757,0.000038,-0.599532,-1.075886,241.660004,17260.000000
33.000000,-441.604187,0.000000,0.000000,0.005127,0.004150,0.000786,0.000037,-0.506752,-1.056183,243.910004,17482.000000
34.000000,-443.395172,0.000000,0.000000,0.005737,0.004150,0.000820,0.000036,-0.428937,-1.033241,244.600006,17122.000000
35.000000,-445.683167,0.000122,0.000000,0.007690,0.004150,0.000877,0.000035,-0.362022,-1.008255,245.880005,16475.000000
36.000000,-450.423523,0.000122,0.000000,0.009521,0.004150,0.000966,0.000034,-0.306631,-0.980144,248.880005,15499.000000
37.000000,-449.660400,0.000244,0.000000,0.012085,0.004272,0.001059,0.000035,-0.275881,-0.945732,249.490005,14904.000000
38.000000,-459.484802,0.000244,0.000000,0.015381,0.004272,0.001169,0.000036,-0.265940,-0.905044,256.459991,15443.000000
39.000000,-468.736084,0.000244,0.000000,0.017456,0.004272,0.001289,0.000038,-0.275327,-0.847645,262.209991,15584.000000
40.000000,-473.464905,0.000244,0.000000,0.019531,0.004272,0.001406,0.000042,-0.303780,-0.779225,265.269989,16040.000000
41.000000,-479.123657,0.000244,0.000000,0.020752,0.004395,0.001509,0.000053,-0.324449,-0.710099,270.290009,16551.000000
42.000000,-486.542725,0.000244,0.000000,0.022095,0.004517,0.001569,0.000070,-0.305632,-0.658472,276.309998,16913.000000
43.000000,-495.040802,0.000366,0.000000,0.023315,0.004883,0.001654,0.000090,-0.270657,-0.618949,283.070007,16184.000000
44.000000,-512.155396,0.000488,0.000000,0.024902,0.005615,0.001718,0.000114,-0.236503,-0.574468,297.320007,16630.000000
45.000000,-523.467163,0.000488,0.000000,0.026489,0.005981,0.001735,0.000132,-0.216959,-0.528572,308.540009,16425.000000
46.000000,-541.186584,0.000488,0.000000,0.028076,0.007080,0.001806,0.000150,-0.203367,-0.481908,323.049988,16527.000000
47.000000,-546.764404,0.000610,0.000000,0.029297,0.009277,0.001863,0.000179,-0.197263,-0.436612,330.489990,16232.000000
48.000000,-553.883484,0.000977,0.000000,0.030273,0.011963,0.001918,0.000209,-0.193793,-0.400747,339.959991,16240.000000
49.000000,-557.800476,0.001221,0.000000,0.031250,0.014404,0.001959,0.000233,-0.190136,-0.378805,348.339996,16005.000000
50.000000,-561.828003,0.001221,0.000000,0.031860,0.016113,0.001988,0.000252,-0.187167,-0.363865,352.910004,16047.000000
51.000000,-568.972595,0.001465,0.000092,0.032959,0.017456,0.002128,0.000357,-0.181554,-0.354278,362.779999,16128.000000
52.000000,-577.956848,0.001709,0.000046,0.033936,0.019165,0.002153,0.000321,-0.180507,-0.344743,371.500000,16430.000000
53.000000,-579.712769,0.001953,0.000031,0.034546,0.021484,0.002118,0.000317,-0.178818,-0.336086,379.269989,16049.000000
54.000000,-577.602417,0.002441,0.000047,0.035889,0.024292,0.002165,0.000358,-0.176764,-0.328281,381.690002,16190.000000
55.000000,-576.884033,0.002930,0.000043,0.036377,0.027100,0.002241,0.000372,-0.175788,-0.323399,387.859985,16406.000000
56.000000,-572.074341,0.003418,0.000273,0.037842,0.029053,0.002418,0.000621,-0.172916,-0.321831,392.380005,16051.000000
57.000000,-578.504639,0.003540,0.000133,0.038208,0.031250,0.002397,0.000501,-0.169163,-0.320503,399.359985,15791.000000
58.000000,-602.275452,0.003540,0.000087,0.039185,0.032959,0.002353,0.000469,-0.167221,-0.320562,423.649994,15592.000000
59.000000,-595.548462,0.003540,0.000066,0.039795,0.034302,0.002351,0.000465,-0.166351,-0.318966,427.100006,15516.000000
60.000000,-584.880127,0.003906,0.000053,0.040283,0.037354,0.002333,0.000487,-0.163109,-0.316454,425.450012,15813.000000
61.000000,-583.549622,0.004028,0.000045,0.040771,0.038452,0.002321,0.000488,-0.162588,-0.315849,431.010010,16208.000000
62.000000,-583.084045,0.004028,0.000039,0.041382,0.040527,0.002317,0.000492,-0.162359,-0.312474,436.790009,15886.000000
63.000000,-579.498962,0.004150,0.000034,0.042358,0.042114,0.002312,0.000500,-0.161877,-0.312347,442.049988,16371.000000
64.000000,-565.216919,0.004517,0.000031,0.042603,0.044067,0.002310,0.000510,-0.161718,-0.311585,441.510010,16305.000000
65.000000,-563.542969,0.004517,0.000028,0.042969,0.045898,0.002303,0.000502,-0.161500,-0.312475,443.579987,16016.000000
66.000000,-579.641357,0.004639,0.000025,0.043945,0.046997,0.002299,0.000507,-0.160022,-0.313777,454.839996,16193.000000
67.000000,-608.510742,0.005249,0.000023,0.044678,0.047974,0.002294,0.000513,-0.160111,-0.315448,482.790009,15852.000000
68.000000,-618.148376,0.005127,0.000022,0.045044,0.047974,0.002268,0.000503,-0.159549,-0.315782,491.100006,15998.000000
69.000000,-614.473267,0.005493,0.000020,0.045410,0.048950,0.002279,0.000528,-0.160356,-0.315925,493.109985,16058.000000
70.000000,-628.312561,0.005493,0.000014,0.045898,0.049316,0.002258,0.000501,-0.160970,-0.317596,508.880005,15963.000000
71.000000,-601.183655,0.005493,0.000013,0.047119,0.049805,0.002295,0.000514,-0.159608,-0.319081,491.799988,15809.000000
72.000000,-553.911133,0.005737,0.000013,0.047607,0.050415,0.002319,0.000521,-0.157365,-0.318046,464.440002,16160.000000
73.000000,-635.979736,0.005737,0.000012,0.048340,0.050781,0.002342,0.000534,-0.156817,-0.318251,526.609985,16070.000000
74.000000,-606.590515,0.005615,0.000011,0.048462,0.051270,0.002384,0.000533,-0.155375,-0.317213,515.570007,15858.000000
75.000000,-610.358826,0.005493,0.000001,0.048462,0.051025,0.002346,0.000530,-0.155886,-0.317898,531.809998,15773.000000
76.000000,-616.932495,0.005737,0.000001,0.048096,0.051636,0.002384,0.000555,-0.157978,-0.318292,535.929993,15920.000000
77.000000,-615.471008,0.005737,0.000123,0.048096,0.051392,0.002549,0.000671,-0.158737,-0.317809,537.799988,15937.000000
78.000000,-599.877136,0.006226,0.000123,0.048706,0.051270,0.002625,0.000684,-0.159184,-0.319196,521.599976,15792.000000
79.000000,-641.160889,0.006592,0.000137,0.049805,0.051758,0.002771,0.000758,-0.158286,-0.320524,564.400024,15794.000000
80.000000,-597.030762,0.006958,0.000068,0.050293,0.052490,0.002839,0.000689,-0.158591,-0.321254,540.669983,15657.000000
81.000000,-639.563721,0.007324,0.000172,0.052002,0.052734,0.003179,0.000777,-0.157500,-0.320550,568.559998,15816.000000
82.000000,-618.005737,0.007324,0.000142,0.052246,0.052734,0.003457,0.000807,-0.157362,-0.322327,563.039978,15735.000000
83.000000,-620.000549,0.007446,0.000096,0.052979,0.052856,0.003527,0.000744,-0.155937,-0.321544,573.210022,15980.000000
84.000000,-613.974792,0.007690,0.000068,0.053223,0.053467,0.003558,0.000746,-0.158287,-0.322826,576.859985,15961.000000
85.000000,-619.294800,0.007935,0.000057,0.054443,0.053955,0.003648,0.000724,-0.161279,-0.327873,575.190002,15958.000000
86.000000,-644.959961,0.008179,0.000059,0.055054,0.054321,0.003751,0.000726,-0.157110,-0.325208,611.450012,16019.000000
87.000000,-631.043518,0.008423,0.000055,0.055054,0.055176,0.003844,0.000741,-0.154350,-0.323655,599.280029,15951.000000
88.000000,-570.188477,0.008667,0.000048,0.055786,0.056030,0.003986,0.000765,-0.152552,-0.321921,548.210022,16156.000000
89.000000,-535.044495,0.009033,0.000096,0.056641,0.056152,0.004162,0.000845,-0.152091,-0.321923,533.909973,16211.000000
90.000000,-635.047668,0.009155,0.000094,0.056885,0.056763,0.004386,0.000848,-0.153263,-0.322647,616.099976,15734.000000
91.000000,-597.257324,0.009155,0.000065,0.057251,0.056885,0.004351,0.000809,-0.151991,-0.321722,582.390015,15268.000000
92.000000,-641.939819,0.009277,0.000053,0.057983,0.056641,0.004417,0.000782,-0.150285,-0.322001,629.890015,15178.000000
93.000000,-554.657959,0.009277,0.000047,0.058716,0.057129,0.004562,0.000791,-0.147980,-0.321131,568.190002,15601.000000
94.000000,-554.915283,0.009399,0.000164,0.059448,0.057007,0.004704,0.000962,-0.148134,-0.321119,557.940002,15551.000000
95.000000,-497.901337,0.009155,0.000106,0.060059,0.057129,0.004797,0.000905,-0.146657,-0.319357,524.080017,15399.000000
96.000000,-581.393677,0.009155,0.000085,0.061035,0.057861,0.004933,0.000994,-0.146200,-0.318478,597.090027,15287.000000
97.000000,-550.044006,0.009155,0.000057,0.061401,0.057983,0.005024,0.000924,-0.144128,-0.316571,583.090027,15255.000000
98.000000,-558.474487,0.009277,0.000168,0.062256,0.058594,0.005197,0.001020,-0.143442,-0.315646,584.710022,15425.000000
99.000000,-526.932556,0.009644,0.000093,0.063599,0.059448,0.005268,0.000945,-0.141095,-0.315877,564.169983,15734.000000
100.000000,-521.871826,0.010010,0.000063,0.064697,0.059570,0.005408,0.000924,-0.138325,-0.315416,555.049988,15909.000000
101.000000,-524.528259,0.009888,0.000050,0.064697,0.059082,0.005514,0.000923,-0.135569,-0.314862,574.390015,15426.000000
102.000000,-524.978638,0.009888,0.000043,0.066650,0.059448,0.005657,0.000890,-0.131329,-0.313857,582.140015,15165.000000
103.000000,-469.549072,0.010010,0.000145,0.069336,0.059692,0.006074,0.001001,-0.127927,-0.313335,523.440002,15445.000000
104.000000,-437.881134,0.010010,0.000088,0.069580,0.059326,0.006217,0.000949,-0.128536,-0.314513,509.950012,15236.000000
105.000000,-372.017242,0.010498,0.000270,0.070190,0.059692,0.006415,0.001151,-0.126592,-0.313350,448.070007,15258.000000
106.000000,-402.693054,0.010864,0.000139,0.071045,0.059570,0.006444,0.000999,-0.124400,-0.311602,461.690002,15305.000000
107.000000,-438.699127,0.010620,0.000098,0.072144,0.059570,0.006530,0.000939,-0.123035,-0.310741,502.140015,15380.000000
108.000000,-397.082916,0.010864,0.000160,0.072021,0.060059,0.006560,0.000987,-0.123130,-0.309906,475.739990,15832.000000
109.000000,-430.963135,0.010864,0.000094,0.072266,0.060303,0.006625,0.000941,-0.124677,-0.310277,510.519989,15160.000000
110.000000,-406.138153,0.010620,0.000073,0.072144,0.060059,0.006626,0.000917,-0.124704,-0.310576,477.380005,15560.000000
111.000000,-390.664490,0.010620,0.000059,0.072266,0.060059,0.006663,0.000883,-0.125366,-0.310035,464.320007,15386.000000
112.000000,-417.382141,0.010620,0.000054,0.072632,0.061401,0.006808,0.000931,-0.125367,-0.309874,498.589996,15326.000000
113.000000,-428.063263,0.010864,0.000048,0.072144,0.061401,0.006704,0.000909,-0.126301,-0.309580,518.210022,15242.000000
114.000000,-376.482758,0.010742,0.000040,0.072632,0.061646,0.006652,0.000907,-0.124940,-0.306653,482.209991,15079.000000
115.000000,-405.229401,0.010864,0.000036,0.073730,0.062622,0.006741,0.000927,-0.124629,-0.305754,503.100006,15285.000000
116.000000,-446.851837,0.010864,0.000093,0.074585,0.062500,0.006943,0.000966,-0.125349,-0.305155,556.159973,14906.000000
117.000000,-447.654816,0.011230,0.000051,0.074829,0.063110,0.007000,0.000932,-0.128886,-0.306511,541.099976,15254.000000
118.000000,-405.130402,0.011353,0.000051,0.074829,0.063599,0.007001,0.000950,-0.131063,-0.306876,508.399994,15285.000000
119.000000,-377.813477,0.010986,0.000039,0.073975,0.063354,0.006896,0.000956,-0.132684,-0.306525,481.480011,15123.000000
120.000000,-424.237091,0.010986,0.000036,0.074219,0.063110,0.006889,0.000946,-0.135002,-0.307633,539.700012,15190.000000
121.000000,-399.516998,0.010986,0.000038,0.074097,0.063599,0.006937,0.000957,-0.135760,-0.307052,518.770020,15060.000000
122.000000,-399.687988,0.010986,0.000034,0.074219,0.064331,0.006977,0.001017,-0.135476,-0.305744,535.539978,15146.000000
123.000000,-394.582794,0.011597,0.000031,0.075073,0.064941,0.006925,0.001018,-0.136164,-0.304811,508.279999,15195.000000
124.000000,-453.577759,0.011963,0.000029,0.074585,0.065796,0.006875,0.001029,-0.136464,-0.302700,582.200012,15174.000000
125.000000,-866.285706,0.011597,0.000024,0.074097,0.065552,0.006710,0.001035,-0.138122,-0.303389,1000.000000,15140.000000
126.000000,-362.959991,0.008667,0.000023,0.048828,0.038330,0.005959,0.000842,-0.523576,-0.617263,499.760010,13954.000000
127.000000,-123.088249,0.008667,0.000021,0.049561,0.039307,0.005968,0.000837,-0.384635,-0.478205,250.779999,15410.000000
128.000000,-125.673294,0.008667,0.000142,0.052979,0.041016,0.006433,0.001034,-0.219145,-0.350906,246.710007,14798.000000
129.000000,-122.129692,0.009033,0.000068,0.056641,0.045898,0.007095,0.001261,-0.144445,-0.315589,236.669998,14708.000000
130.000000,-127.503227,0.010132,0.000251,0.060059,0.050659,0.007733,0.001648,-0.113729,-0.301464,250.369995,14541.000000
131.000000,-119.619110,0.010620,0.000421,0.063110,0.055420,0.008100,0.001909,-0.099184,-0.292403,247.889999,14467.000000
132.000000,-115.344513,0.011230,0.000516,0.064453,0.060669,0.008464,0.002208,-0.097320,-0.288159,214.800003,14422.000000
133.000000,-114.774940,0.011353,0.000281,0.065552,0.064087,0.008555,0.002078,-0.096802,-0.287042,210.839996,14558.000000
134.000000,-106.586189,0.011353,0.000198,0.066650,0.066528,0.008363,0.001988,-0.100415,-0.288113,207.460007,14505.000000
135.000000,-108.643944,0.011475,0.000156,0.067505,0.069458,0.008372,0.001974,-0.102243,-0.288278,203.529999,14706.000000
136.000000,-118.999069,0.012207,0.000341,0.069092,0.071045,0.008628,0.002145,-0.102188,-0.288158,232.059998,14787.000000
137.000000,-99.904648,0.012085,0.000198,0.068604,0.072266,0.008331,0.001974,-0.105117,-0.287117,197.830002,14649.000000
138.000000,-110.086006,0.012329,0.000149,0.069092,0.072998,0.008175,0.001912,-0.110011,-0.290582,214.729996,14753.000000
139.000000,-102.597343,0.012329,0.000237,0.069458,0.073486,0.008116,0.001990,-0.113186,-0.292578,203.600006,14874.000000
140.000000,-107.831726,0.012817,0.000168,0.069702,0.075684,0.008026,0.001923,-0.114541,-0.292202,210.589996,14773.000000
141.000000,-97.081734,0.012695,0.000124,0.070068,0.075317,0.007812,0.001808,-0.117733,-0.293804,195.820007,14834.000000
142.000000,-115.369629,0.012573,0.000103,0.069946,0.075317,0.007699,0.001749,-0.117961,-0.295027,226.300003,14686.000000
143.000000,-117.628784,0.012695,0.000213,0.069946,0.075073,0.007639,0.001779,-0.118950,-0.296405,229.419998,14719.000000
144.000000,-132.157822,0.012939,0.000118,0.069580,0.074829,0.007451,0.001665,-0.121176,-0.298025,266.559998,15175.000000
145.000000,-136.093704,0.013062,0.000094,0.070801,0.075317,0.007337,0.001664,-0.120975,-0.297702,273.920013,15343.000000
146.000000,-146.633072,0.013428,0.000082,0.071289,0.075439,0.007233,0.001654,-0.119153,-0.297251,304.630005,15157.000000
147.000000,-113.287529,0.013672,0.000135,0.071533,0.076050,0.007186,0.001729,-0.118421,-0.297064,238.250000,15043.000000
148.000000,-122.481697,0.013550,0.000186,0.071655,0.076172,0.007101,0.001739,-0.117718,-0.296968,261.790009,15274.000000
149.000000,-126.802902,0.014038,0.000141,0.071533,0.076782,0.007026,0.001676,-0.118396,-0.297169,263.279999,15571.000000
150.000000,-115.943687,0.013550,0.000097,0.070801,0.076294,0.006820,0.001659,-0.119083,-0.297907,253.240005,15310.000000
151.000000,-133.900864,0.013672,0.000078,0.071655,0.076538,0.006739,0.001618,-0.119662,-0.298381,278.950012,15627.000000
152.000000,-125.449936,0.013550,0.000267,0.071411,0.077271,0.006833,0.001777,-0.118050,-0.298239,250.080002,15683.000000
153.000000,-148.279892,0.013672,0.000116,0.072510,0.077148,0.006693,0.001634,-0.115785,-0.297612,309.910004,15490.000000
154.000000,-160.833557,0.013550,0.000127,0.072754,0.077393,0.006734,0.001753,-0.115312,-0.297160,329.359985,15312.000000
155.000000,-155.150024,0.013184,0.000076,0.072632,0.077515,0.006492,0.001703,-0.116055,-0.297242,339.540009,15460.000000
156.000000,-147.300140,0.012939,0.000060,0.073242,0.077148,0.006474,0.001638,-0.116530,-0.299160,299.809998,15588.000000
157.000000,-137.642685,0.013062,0.000174,0.072998,0.077026,0.006506,0.001728,-0.116496,-0.298535,287.170013,15711.000000
158.000000,-146.973877,0.013550,0.000273,0.073608,0.077515,0.006623,0.001848,-0.116029,-0.295180,316.600006,15434.000000
159.000000,-112.119370,0.013550,0.000274,0.073486,0.077759,0.006733,0.001856,-0.114699,-0.296594,256.989990,15483.000000
160.000000,-140.203430,0.013550,0.000123,0.074097,0.077637,0.006677,0.001707,-0.114318,-0.297570,283.589996,15478.000000
161.000000,-150.157547,0.013794,0.000177,0.075073,0.078125,0.006733,0.001785,-0.112366,-0.295868,303.269989,15491.000000
162.000000,-129.593948,0.013550,0.000163,0.074463,0.078491,0.006662,0.001800,-0.111873,-0.293147,299.079987,15464.000000
163.000000,-127.494171,0.013550,0.000110,0.074829,0.078613,0.006655,0.001709,-0.113361,-0.292705,282.820007,15559.000000
164.000000,-142.642639,0.013550,0.000211,0.075317,0.078613,0.006722,0.001780,-0.114674,-0.293272,297.839996,15674.000000
165.000000,-151.888275,0.013184,0.000103,0.075317,0.078857,0.006624,0.001792,-0.115287,-0.292859,342.760010,15469.000000
166.000000,-129.876160,0.013550,0.000098,0.075317,0.079712,0.006604,0.001772,-0.116648,-0.294506,294.399994,15506.000000
167.000000,-157.691269,0.013550,0.000074,0.075195,0.079468,0.006410,0.001680,-0.115153,-0.292531,345.390015,15435.000000
168.000000,-127.643135,0.013672,0.000064,0.075317,0.078125,0.006361,0.001589,-0.112970,-0.291221,280.720001,15510.000000
169.000000,-124.379265,0.014160,0.000176,0.076050,0.079346,0.006460,0.001685,-0.113666,-0.290407,298.250000,15507.000000
170.000000,-119.565674,0.014526,0.000201,0.077026,0.081055,0.006566,0.001876,-0.112469,-0.288483,277.299988,15551.000000
171.000000,-132.977417,0.014893,0.000101,0.077881,0.080811,0.006525,0.001731,-0.112405,-0.289293,305.019989,15559.000000
172.000000,-146.305649,0.014648,0.000080,0.077637,0.081421,0.006486,0.001639,-0.113241,-0.289040,311.720001,15163.000000
173.000000,-159.749985,0.015015,0.000205,0.078247,0.081421,0.006598,0.001745,-0.113211,-0.288888,361.309998,15175.000000
174.000000,-133.130692,0.015259,0.000240,0.078857,0.081299,0.006630,0.001719,-0.113917,-0.290443,286.940002,15308.000000
175.000000,-140.116699,0.015503,0.000199,0.079590,0.081665,0.006808,0.001669,-0.115256,-0.291754,309.829987,15381.000000
176.000000,-155.820831,0.015503,0.000127,0.079712,0.082275,0.006824,0.001597,-0.114305,-0.291880,348.779999,15676.000000
177.000000,-159.925888,0.015381,0.000095,0.079834,0.081665,0.006785,0.001534,-0.112161,-0.291306,343.089996,15578.000000
178.000000,-163.406342,0.015503,0.000097,0.079346,0.082031,0.006772,0.001513,-0.109429,-0.289259,391.700012,15692.000000
179.000000,-141.957367,0.015259,0.000073,0.079346,0.082275,0.006793,0.001454,-0.106111,-0.288196,347.510010,15864.000000
180.000000,-145.102966,0.015503,0.000063,0.079956,0.083008,0.006756,0.001447,-0.105641,-0.286838,328.170013,15795.000000
181.000000,-160.199417,0.015503,0.000053,0.080688,0.082764,0.006773,0.001438,-0.106812,-0.286858,358.390015,15888.000000
182.000000,-145.686462,0.015747,0.000047,0.080688,0.083496,0.006879,0.001446,-0.105682,-0.285913,324.609985,15939.000000
183.000000,-151.164780,0.016235,0.000082,0.081177,0.084717,0.007007,0.001536,-0.105787,-0.285431,342.700012,15884.000000
184.000000,-153.351562,0.016235,0.000055,0.082031,0.084839,0.006999,0.001509,-0.105535,-0.285587,351.970001,15873.000000
185.000000,-158.195343,0.016479,0.000046,0.083130,0.084595,0.006997,0.001460,-0.103713,-0.284644,330.700012,15838.000000
186.000000,-157.332840,0.016846,0.000208,0.082886,0.084106,0.007099,0.001545,-0.103138,-0.285305,355.190002,15726.000000
187.000000,-130.962311,0.016968,0.000084,0.083008,0.084595,0.006890,0.001405,-0.102177,-0.285093,302.540009,15653.000000
188.000000,-168.363098,0.016968,0.000184,0.083496,0.085938,0.006925,0.001598,-0.103643,-0.283994,390.679993,15790.000000
189.000000,-150.306793,0.016724,0.000084,0.084473,0.085938,0.006737,0.001496,-0.102691,-0.285394,343.339996,15684.000000
190.000000,-158.353958,0.016724,0.000183,0.084473,0.086426,0.006682,0.001593,-0.103213,-0.284149,380.910004,15573.000000
191.000000,-161.871185,0.016235,0.000223,0.083862,0.085815,0.006665,0.001617,-0.103730,-0.283633,382.440002,15631.000000
192.000000,-155.738098,0.016357,0.000099,0.084229,0.086182,0.006611,0.001502,-0.105051,-0.285686,362.790009,15903.000000
193.000000,-159.030777,0.016602,0.000253,0.084595,0.085938,0.006620,0.001683,-0.104751,-0.284132,362.859985,15767.000000
194.000000,-174.205399,0.016235,0.000091,0.084839,0.085205,0.006499,0.001428,-0.104939,-0.283968,385.059998,15104.000000
195.000000,-173.777695,0.015869,0.000068,0.084351,0.085327,0.006335,0.001396,-0.106864,-0.285088,410.299988,15751.000000
196.000000,-153.439636,0.015747,0.000091,0.084351,0.085083,0.006428,0.001404,-0.108117,-0.285434,349.220001,15763.000000
197.000000,-191.702850,0.016357,0.000048,0.084717,0.086792,0.006170,0.001478,-0.107229,-0.284061,435.140015,15492.000000
198.000000,-150.401474,0.016479,0.000287,0.085083,0.087036,0.006469,0.001693,-0.105379,-0.283964,368.760010,15323.000000
199.000000,-167.001419,0.016602,0.000143,0.084717,0.087402,0.006416,0.001514,-0.105158,-0.283298,376.440002,15198.000000
200.000000,-194.051163,0.016479,0.000075,0.084473,0.087524,0.006350,0.001438,-0.108521,-0.285057,425.940002,15051.000000
201.000000,-171.759995,0.016479,0.000060,0.084961,0.087769,0.006459,0.001383,-0.106815,-0.283505,436.809998,15288.000000
202.000000,-200.885941,0.016357,0.000146,0.084839,0.088379,0.006615,0.001530,-0.103879,-0.280797,447.000000,15368.000000
203.000000,-154.452972,0.016846,0.000110,0.084961,0.089600,0.006757,0.001548,-0.102723,-0.281258,357.029999,14894.000000
204.000000,-176.934601,0.016724,0.000111,0.082520,0.090576,0.006807,0.001561,-0.103564,-0.282028,420.559998,15216.000000
205.000000,-172.042313,0.016602,0.000099,0.083374,0.090210,0.006860,0.001505,-0.103551,-0.281919,423.230011,15091.000000
206.000000,-211.691177,0.016235,0.000084,0.082153,0.089355,0.006771,0.001498,-0.104330,-0.280698,514.099976,15094.000000
207.000000,-181.894669,0.016235,0.000129,0.083130,0.089478,0.006950,0.001546,-0.103165,-0.280082,422.440002,15195.000000
208.000000,-184.878235,0.016479,0.000081,0.082275,0.089478,0.006890,0.001441,-0.103862,-0.281347,427.589996,15539.000000
209.000000,-170.305267,0.016113,0.000053,0.082153,0.089600,0.006622,0.001403,-0.103225,-0.280787,437.750000,15187.000000
210.000000,-157.681458,0.016235,0.000044,0.082275,0.090210,0.006518,0.001431,-0.105108,-0.281908,400.250000,15183.000000
211.000000,-182.926270,0.015869,0.000058,0.082153,0.090576,0.006574,0.001494,-0.105307,-0.281398,456.709991,15102.000000
212.000000,-155.161957,0.016113,0.000075,0.082397,0.091187,0.006603,0.001508,-0.103914,-0.279680,386.380005,15389.000000
213.000000,-188.232986,0.016235,0.000098,0.083252,0.090332,0.006850,0.001456,-0.101236,-0.280426,418.660004,15547.000000
214.000000,-187.564072,0.015259,0.000074,0.082031,0.090210,0.006631,0.001423,-0.103173,-0.282809,440.989990,15338.000000
215.000000,-223.853729,0.015015,0.000026,0.081787,0.090210,0.006362,0.001404,-0.104414,-0.280973,490.529999,14916.000000
216.000000,-177.286057,0.014771,0.000013,0.081421,0.090576,0.006302,0.001438,-0.101282,-0.278647,402.529999,15082.000000
217.000000,-176.516434,0.015137,0.000012,0.081909,0.090454,0.006301,0.001433,-0.101531,-0.278287,423.690002,15068.000000
218.000000,-199.373215,0.015137,0.000112,0.082764,0.090698,0.006472,0.001539,-0.100566,-0.275699,489.579987,15321.000000
219.000000,-172.489044,0.015381,0.000047,0.083008,0.091919,0.006529,0.001529,-0.098390,-0.274179,424.519989,15086.000000
220.000000,-191.935822,0.015625,0.000203,0.083374,0.091675,0.006761,0.001695,-0.101921,-0.277049,471.589996,16018.000000
221.000000,-161.479507,0.015869,0.000214,0.083862,0.092285,0.006740,0.001705,-0.103591,-0.279362,391.570007,15360.000000
222.000000,-171.392960,0.016235,0.000169,0.084106,0.092773,0.006720,0.001666,-0.100937,-0.275976,429.579987,15780.000000
223.000000,-161.702438,0.016724,0.000062,0.084351,0.093628,0.006725,0.001646,-0.098635,-0.273170,385.459991,15538.000000
224.000000,-160.567963,0.016968,0.000032,0.084717,0.095825,0.006708,0.001635,-0.096393,-0.270147,387.899994,15774.000000
225.000000,-180.495163,0.017578,0.000239,0.086182,0.097534,0.007242,0.001912,-0.094655,-0.269816,442.290009,15749.000000
226.000000,-175.611816,0.017334,0.000104,0.085938,0.097046,0.007317,0.001739,-0.093966,-0.271969,494.200012,15662.000000
227.000000,-141.527420,0.017334,0.000054,0.086182,0.096924,0.007240,0.001638,-0.095261,-0.272336,327.380005,15914.000000
228.000000,-175.649094,0.017700,0.000164,0.086304,0.097412,0.007301,0.001801,-0.095978,-0.271320,404.440002,15770.000000
229.000000,-176.928558,0.018188,0.000334,0.086060,0.095825,0.007364,0.001920,-0.096061,-0.270686,437.239990,15523.000000
230.000000,-173.034012,0.018311,0.000220,0.086426,0.096069,0.007391,0.001784,-0.095786,-0.269697,421.519989,15645.000000
231.000000,-181.585754,0.018677,0.000145,0.087280,0.096802,0.007591,0.001713,-0.090853,-0.266640,436.359985,15514.000000
232.000000,-145.804672,0.019043,0.000120,0.087646,0.096069,0.007581,0.001668,-0.091851,-0.267655,372.920013,15461.000000
233.000000,-152.586853,0.020020,0.000253,0.088013,0.097168,0.007816,0.001803,-0.094685,-0.268840,346.250000,15361.000000
234.000000,-149.918915,0.020264,0.000196,0.088135,0.097290,0.007722,0.001756,-0.094845,-0.268793,336.570007,15864.000000
235.000000,-154.170074,0.020386,0.000366,0.088135,0.097168,0.007910,0.001897,-0.090962,-0.267154,356.250000,15625.000000
236.000000,-154.962753,0.020752,0.000236,0.088501,0.097168,0.007766,0.001743,-0.090748,-0.266431,426.350006,15644.000000
237.000000,-155.498642,0.021362,0.000272,0.089233,0.098267,0.007946,0.001795,-0.093169,-0.267573,376.609985,15691.000000
238.000000,-166.909119,0.022339,0.000265,0.089844,0.100342,0.007915,0.001833,-0.091694,-0.264239,387.660004,15628.000000
239.000000,-149.174789,0.021729,0.000246,0.089478,0.099121,0.007630,0.001793,-0.089915,-0.263668,367.440002,15402.000000
240.000000,-170.110229,0.021973,0.000170,0.090576,0.100220,0.007765,0.001697,-0.089375,-0.263429,378.869995,15440.000000
241.000000,-154.972580,0.022461,0.000121,0.091919,0.101440,0.007934,0.001656,-0.089663,-0.263965,369.760010,15526.000000
242.000000,-175.491699,0.021973,0.000092,0.092163,0.101440,0.007739,0.001652,-0.092024,-0.266302,395.309998,15438.000000
243.000000,-155.019180,0.021729,0.000064,0.091431,0.099854,0.007749,0.001567,-0.095022,-0.269754,383.269989,15790.000000
244.000000,-149.088272,0.020996,0.000036,0.090942,0.099487,0.007303,0.001533,-0.093260,-0.265477,392.690002,15858.000000
245.000000,-157.678238,0.020630,0.000216,0.091309,0.098877,0.007607,0.001664,-0.090072,-0.263833,364.029999,15617.000000
246.000000,-147.156189,0.020752,0.000205,0.092041,0.099976,0.007638,0.001670,-0.091598,-0.264361,356.529999,15486.000000
247.000000,-166.471481,0.020508,0.000086,0.092041,0.099854,0.007756,0.001543,-0.089607,-0.263509,371.279999,15526.000000
248.000000,-156.176697,0.020630,0.000133,0.091675,0.099976,0.007698,0.001590,-0.090521,-0.263737,385.929993,15639.000000
249.000000,-156.918747,0.020996,0.000084,0.091675,0.099976,0.007623,0.001585,-0.088558,-0.262235,426.359985,15560.000000
250.000000,-386.500549,0.021240,0.000064,0.091797,0.101074,0.007628,0.001567,-0.088776,-0.261462,988.380005,15475.000000
251.000000,-139.111115,0.019775,0.000075,0.082886,0.092651,0.007321,0.001526,-0.176347,-0.333634,331.769989,15167.000000
252.000000,-137.661652,0.020264,0.000127,0.084473,0.093872,0.007599,0.001652,-0.138829,-0.293073,352.559998,15568.000000
253.000000,-127.994835,0.020386,0.000074,0.085693,0.094727,0.007695,0.001697,-0.101904,-0.267027,311.160004,15399.000000
254.000000,-105.771011,0.021240,0.000189,0.088013,0.099243,0.008104,0.001978,-0.082418,-0.257100,257.609985,15572.000000
255.000000,-110.679039,0.021484,0.000115,0.089600,0.102539,0.008261,0.002045,-0.075611,-0.255175,239.820007,15535.000000
256.000000,-107.615181,0.021606,0.000139,0.091553,0.104492,0.008601,0.002072,-0.073792,-0.255510,241.630005,15404.000000
257.000000,-96.380608,0.021362,0.000046,0.091309,0.105103,0.008577,0.002036,-0.078401,-0.257404,220.759995,15457.000000
258.000000,-106.227928,0.021973,0.000177,0.092285,0.105103,0.008771,0.002131,-0.076255,-0.258315,254.389999,15467.000000
259.000000,-131.165924,0.022095,0.000077,0.091919,0.105347,0.008695,0.002017,-0.075495,-0.256464,320.670013,15092.000000
260.000000,-117.936272,0.022827,0.000030,0.093018,0.107544,0.008626,0.002046,-0.074910,-0.255368,278.140015,15017.000000
261.000000,-107.014404,0.022949,0.000271,0.093140,0.108765,0.009039,0.002298,-0.074280,-0.255977,272.040009,15225.000000
262.000000,-125.169624,0.023560,0.000196,0.094360,0.109253,0.009225,0.002223,-0.072128,-0.255384,311.730011,14997.000000
263.000000,-144.328445,0.022827,0.000225,0.094482,0.107788,0.009286,0.002191,-0.070588,-0.255200,379.640015,15281.000000
264.000000,-123.001045,0.022949,0.000221,0.094971,0.108276,0.009344,0.002195,-0.069116,-0.253489,326.250000,15536.000000
265.000000,-138.279968,0.023315,0.000123,0.095093,0.109253,0.009353,0.002116,-0.065521,-0.251156,367.829987,15348.000000
266.000000,-137.261551,0.023193,0.000142,0.095947,0.108765,0.009530,0.002151,-0.065955,-0.251812,388.040009,15451.000000
267.000000,-132.751801,0.023193,0.000104,0.096313,0.110107,0.009540,0.002081,-0.066063,-0.251245,378.709991,15518.000000
268.000000,-131.857178,0.023438,0.000371,0.096802,0.111084,0.009647,0.002370,-0.066435,-0.251120,367.589996,15570.000000
269.000000,-137.889191,0.023804,0.000288,0.098267,0.112427,0.009688,0.002345,-0.069813,-0.251794,340.869995,15704.000000
270.000000,-146.999435,0.024048,0.000251,0.098877,0.111694,0.009854,0.002256,-0.070537,-0.254219,358.929993,15577.000000
271.000000,-121.273354,0.023804,0.000119,0.098633,0.111206,0.009808,0.002092,-0.066092,-0.251931,304.760010,15506.000000
272.000000,-139.314484,0.024170,0.000144,0.099609,0.110718,0.009899,0.002051,-0.065548,-0.251022,382.619995,15321.000000
273.000000,-142.914185,0.023315,0.000051,0.099854,0.108887,0.009608,0.001930,-0.066297,-0.254271,378.579987,15498.000000
274.000000,-148.282669,0.023193,0.000161,0.099854,0.109497,0.009803,0.002070,-0.066529,-0.252765,399.339996,15333.000000
275.000000,-155.065277,0.023682,0.000117,0.098877,0.112061,0.009756,0.002200,-0.063199,-0.247747,398.230011,15509.000000
276.000000,-143.525909,0.024414,0.000250,0.099854,0.113525,0.009891,0.002446,-0.061857,-0.248576,383.950012,15381.000000
277.000000,-141.166519,0.024414,0.000336,0.100830,0.115356,0.009829,0.002552,-0.060582,-0.249423,392.290009,15572.000000
278.000000,-106.488464,0.025024,0.000404,0.101196,0.116455,0.010262,0.002575,-0.062055,-0.250921,276.619995,15445.000000
279.000000,-120.602119,0.025024,0.000184,0.101807,0.116577,0.010131,0.002333,-0.064523,-0.249749,337.250000,15374.000000
280.000000,-126.582596,0.025269,0.000151,0.102173,0.118286,0.010204,0.002411,-0.064475,-0.247572,380.079987,15367.000000
281.000000,-141.309341,0.025269,0.000191,0.102417,0.118286,0.010266,0.002551,-0.065107,-0.246530,402.179993,15447.000000
282.000000,-154.447800,0.025269,0.000393,0.102539,0.118896,0.010624,0.002742,-0.065990,-0.248833,368.549988,15437.000000
283.000000,-136.300537,0.025513,0.000260,0.102905,0.118408,0.010897,0.002589,-0.063934,-0.248818,363.649994,15531.000000
284.000000,-130.384628,0.025757,0.000177,0.103271,0.119141,0.010994,0.002472,-0.061287,-0.246968,359.609985,15376.000000
285.000000,-133.397247,0.025269,0.000120,0.104370,0.117798,0.011102,0.002351,-0.058858,-0.248078,369.149994,15670.000000
286.000000,-103.302124,0.025879,0.000225,0.104370,0.118530,0.011097,0.002475,-0.057987,-0.247179,341.250000,15266.000000
287.000000,-130.905655,0.026733,0.000142,0.105713,0.119385,0.011245,0.002421,-0.056399,-0.248987,359.570007,15037.000000
288.000000,-132.844131,0.027710,0.000225,0.106689,0.118896,0.011456,0.002507,-0.058097,-0.249268,402.350006,15509.000000
289.000000,-134.767487,0.027832,0.000276,0.106567,0.118774,0.011456,0.002483,-0.060385,-0.249773,398.260010,15450.000000
290.000000,-148.482666,0.028076,0.000113,0.106445,0.118164,0.011410,0.002308,-0.060057,-0.249308,411.279999,15469.000000
291.000000,-123.034134,0.027344,0.000189,0.105713,0.117554,0.011409,0.002375,-0.061810,-0.251136,351.040009,15411.000000
292.000000,-109.292465,0.027344,0.000354,0.106323,0.118408,0.011497,0.002598,-0.057763,-0.249579,301.760010,14937.000000
293.000000,-122.659439,0.027832,0.000292,0.107666,0.119507,0.011723,0.002538,-0.055747,-0.250905,339.489990,15057.000000
294.000000,-108.526550,0.027710,0.000241,0.107910,0.119141,0.011753,0.002535,-0.054075,-0.248326,326.500000,14923.000000
295.000000,-121.344849,0.028076,0.000192,0.107056,0.119873,0.011904,0.002472,-0.053012,-0.247355,357.760010,15117.000000
296.000000,-103.166382,0.028320,0.000158,0.106934,0.120239,0.011997,0.002432,-0.055840,-0.249917,319.279999,15216.000000
297.000000,-130.816742,0.028442,0.000349,0.106812,0.120361,0.012008,0.002657,-0.059316,-0.249213,345.980011,15054.000000
298.000000,-118.394363,0.029175,0.000192,0.108398,0.121216,0.012008,0.002566,-0.057659,-0.248261,394.880005,15070.000000
299.000000,-137.104904,0.029419,0.000300,0.108398,0.122437,0.012188,0.002659,-0.053568,-0.247266,387.959991,15152.000000
300.000000,-133.422852,0.029541,0.000162,0.108032,0.122559,0.012007,0.002537,-0.052302,-0.247203,418.410004,14970.000000
301.000000,-119.701988,0.029785,0.000317,0.107910,0.123413,0.012116,0.002806,-0.053944,-0.247509,355.869995,15108.000000
302.000000,-104.162506,0.029785,0.000185,0.107300,0.124390,0.012091,0.002666,-0.053499,-0.250383,308.420013,15128.000000
303.000000,-109.121292,0.030151,0.000158,0.107178,0.124023,0.012269,0.002548,-0.054346,-0.252160,339.649994,15000.000000
304.000000,-118.460381,0.030273,0.000243,0.107788,0.123901,0.012423,0.002657,-0.055597,-0.251272,353.320007,15045.000000
305.000000,-155.680054,0.029541,0.000434,0.107422,0.123535,0.012757,0.002766,-0.052986,-0.249952,425.739990,15020.000000
306.000000,-134.604477,0.030029,0.000532,0.107544,0.125732,0.013120,0.002983,-0.048658,-0.245284,382.170013,15111.000000
307.000000,-89.522842,0.030396,0.000311,0.107910,0.126953,0.012928,0.002795,-0.049362,-0.245340,314.399994,14968.000000
308.000000,-116.013794,0.030396,0.000394,0.107544,0.126587,0.012559,0.002824,-0.053289,-0.247215,313.200012,15170.000000
309.000000,-122.458916,0.030884,0.000556,0.108643,0.126587,0.012820,0.003000,-0.052710,-0.246732,329.500000,15061.000000
310.000000,-97.391068,0.031738,0.000359,0.109985,0.127441,0.012998,0.002797,-0.048516,-0.243316,293.140015,15018.000000
311.000000,-124.120964,0.031494,0.000251,0.110107,0.128418,0.013071,0.002765,-0.044357,-0.241352,350.869995,15000.000000
312.000000,-116.162933,0.031860,0.000188,0.111206,0.128540,0.013158,0.002675,-0.042521,-0.242411,362.769989,14842.000000
313.000000,-111.679230,0.032227,0.000173,0.111816,0.127686,0.013315,0.002710,-0.043808,-0.242689,334.779999,15056.000000
314.000000,-88.037437,0.032959,0.000361,0.113403,0.128540,0.013615,0.002995,-0.046120,-0.242535,260.519989,15010.000000
315.000000,-117.229744,0.033447,0.000465,0.113281,0.130615,0.013767,0.003094,-0.045232,-0.241236,331.399994,14849.000000
316.000000,-112.101021,0.033447,0.000257,0.113403,0.131714,0.013661,0.002882,-0.043634,-0.240917,315.850006,15071.000000
317.000000,-130.969711,0.034180,0.000205,0.114868,0.132080,0.013639,0.002881,-0.042576,-0.240390,382.179993,15062.000000
318.000000,-127.376678,0.034912,0.000369,0.114990,0.133057,0.014158,0.003049,-0.042421,-0.239107,342.160004,14955.000000
319.000000,-125.213379,0.035278,0.000320,0.115234,0.133179,0.014209,0.002964,-0.041278,-0.239504,332.029999,15084.000000
320.000000,-133.260056,0.035400,0.000340,0.116577,0.132568,0.014422,0.002927,-0.039440,-0.238309,427.720001,15427.000000
321.000000,-123.464569,0.035156,0.000315,0.116333,0.131836,0.014458,0.002859,-0.044100,-0.240433,343.950012,15360.000000
322.000000,-134.247131,0.035767,0.000234,0.115723,0.132080,0.014382,0.002774,-0.049698,-0.242202,374.059998,15352.000000
323.000000,-95.996391,0.035278,0.000416,0.115112,0.131104,0.014644,0.002900,-0.048178,-0.242627,346.100006,15421.000000
324.000000,-131.936951,0.036377,0.000325,0.116943,0.131836,0.014826,0.002858,-0.045959,-0.240673,438.809998,15409.000000
325.000000,-127.592751,0.036133,0.000243,0.117065,0.132812,0.014662,0.002858,-0.045484,-0.239437,378.079987,15377.000000
326.000000,-128.771744,0.036743,0.000179,0.118164,0.132812,0.014697,0.002768,-0.043281,-0.238687,379.989990,15338.000000
327.000000,-102.660507,0.037109,0.000221,0.118286,0.132935,0.014698,0.002862,-0.044284,-0.238860,319.250000,14890.000000
328.000000,-115.144569,0.036743,0.000208,0.118408,0.132202,0.014369,0.002885,-0.044006,-0.239354,330.570007,14883.000000
329.000000,-121.090073,0.036743,0.000192,0.118652,0.131714,0.014417,0.002813,-0.044398,-0.240103,390.109985,14802.000000
330.000000,-110.372536,0.037354,0.000319,0.119385,0.132812,0.014408,0.003010,-0.043506,-0.240369,368.320007,14868.000000
331.000000,-113.522354,0.038086,0.000178,0.119995,0.132690,0.014404,0.002858,-0.041920,-0.240357,380.779999,15014.000000
332.000000,-99.896271,0.037598,0.000356,0.119751,0.133423,0.014522,0.003040,-0.041845,-0.238890,348.899994,14845.000000
333.000000,-120.903259,0.037231,0.000376,0.120850,0.132935,0.014611,0.003119,-0.041920,-0.240340,392.549988,14921.000000
334.000000,-124.929039,0.037476,0.000719,0.120972,0.133667,0.015069,0.003490,-0.042306,-0.240036,425.769989,14813.000000
335.000000,-152.261749,0.037476,0.000462,0.121460,0.133911,0.014968,0.003255,-0.044883,-0.239482,475.950012,14759.000000
336.000000,-147.045212,0.037109,0.000492,0.122070,0.133789,0.015373,0.003309,-0.040774,-0.236914,433.290009,14818.000000
337.000000,-107.071259,0.036987,0.000389,0.123291,0.133911,0.015402,0.003193,-0.037544,-0.237171,334.619995,15035.000000
338.000000,-123.583176,0.036987,0.000505,0.123413,0.134766,0.015357,0.003363,-0.039477,-0.238684,394.649994,14859.000000
339.000000,-149.466583,0.037476,0.000462,0.124878,0.135864,0.015684,0.003385,-0.039783,-0.237790,416.149994,14987.000000
340.000000,-103.711884,0.037842,0.000377,0.126221,0.135376,0.015631,0.003227,-0.039022,-0.239949,359.369995,15166.000000
341.000000,-109.118889,0.037720,0.000522,0.127075,0.134888,0.015877,0.003303,-0.039216,-0.239124,350.510010,15021.000000
342.000000,-127.531059,0.037598,0.000371,0.127563,0.134766,0.015941,0.003131,-0.039864,-0.237539,403.500000,14814.000000
343.000000,-114.780327,0.036743,0.000273,0.127686,0.134155,0.015926,0.003003,-0.037675,-0.236013,409.559998,15046.000000
344.000000,-109.946594,0.036499,0.000213,0.127197,0.134033,0.015861,0.002941,-0.040957,-0.236696,424.239990,14924.000000
345.000000,-107.045868,0.036255,0.000177,0.126953,0.134644,0.015669,0.002980,-0.043845,-0.238413,371.399994,15104.000000
346.000000,-95.255638,0.035889,0.000169,0.127319,0.135010,0.015679,0.003022,-0.045143,-0.238010,335.059998,14897.000000
347.000000,-126.540253,0.036377,0.000340,0.127441,0.134766,0.015656,0.003159,-0.045504,-0.237694,385.350006,15046.000000
348.000000,-98.630112,0.036499,0.000531,0.128540,0.134521,0.015911,0.003379,-0.042686,-0.236348,328.290009,14900.000000
349.000000,-118.082253,0.036865,0.000473,0.128906,0.135620,0.015968,0.003389,-0.042536,-0.236218,394.559998,15017.000000
350.000000,-121.166481,0.037842,0.000516,0.130005,0.136353,0.016307,0.003565,-0.043202,-0.237061,359.149994,14956.000000
351.000000,-131.053940,0.038696,0.000612,0.131592,0.136841,0.016653,0.003561,-0.040370,-0.237809,399.309998,14956.000000
352.000000,-130.285034,0.039673,0.000570,0.132690,0.136353,0.016918,0.003437,-0.039139,-0.237215,383.790009,14826.000000
353.000000,-128.883102,0.040283,0.000371,0.134155,0.136719,0.016871,0.003145,-0.035776,-0.237096,380.910004,14930.000000
354.000000,-100.415268,0.039551,0.000268,0.134521,0.136353,0.016761,0.003001,-0.037623,-0.238355,360.820007,15097.000000
355.000000,-106.053833,0.039795,0.000301,0.135010,0.136475,0.016746,0.003037,-0.041115,-0.238234,346.040009,14803.000000
356.000000,-83.981133,0.040405,0.000616,0.135620,0.136719,0.017339,0.003352,-0.037852,-0.236405,304.799988,14925.000000
357.000000,-108.655685,0.040161,0.000323,0.134766,0.136475,0.017011,0.003114,-0.036570,-0.235822,368.420013,15079.000000
358.000000,-110.190712,0.039673,0.000385,0.134888,0.136963,0.017229,0.003242,-0.036846,-0.237268,317.679993,15023.000000
359.000000,-115.755531,0.040161,0.000363,0.136841,0.138184,0.017490,0.003207,-0.033742,-0.235415,298.630005,15027.000000
360.000000,-100.618134,0.039917,0.000335,0.137695,0.137817,0.017403,0.003163,-0.030028,-0.234987,296.070007,15100.000000
361.000000,-96.047684,0.039917,0.000297,0.138184,0.138672,0.017316,0.003083,-0.032467,-0.236759,349.720001,15139.000000
362.000000,-92.966660,0.040161,0.000586,0.137451,0.139038,0.017716,0.003282,-0.035341,-0.238195,287.290009,14926.000000
363.000000,-79.704643,0.040405,0.000408,0.138672,0.139648,0.017899,0.003136,-0.031584,-0.236471,305.559998,15052.000000
364.000000,-99.064651,0.040039,0.000337,0.139648,0.139648,0.017805,0.003149,-0.032932,-0.235839,333.519989,15023.000000
365.000000,-125.848778,0.040161,0.000272,0.140381,0.139282,0.017883,0.003047,-0.034466,-0.237852,375.869995,15070.000000
366.000000,-95.749115,0.039917,0.000160,0.140015,0.139038,0.017581,0.002919,-0.036056,-0.237830,314.890015,14828.000000
367.000000,-121.880165,0.040894,0.000387,0.140503,0.139526,0.017874,0.003110,-0.037372,-0.236609,375.549988,14961.000000
368.000000,-125.917809,0.040527,0.000439,0.140747,0.138794,0.017585,0.003088,-0.035465,-0.236487,473.359985,14972.000000
369.000000,-94.598938,0.039673,0.000266,0.140137,0.137329,0.017615,0.002928,-0.033656,-0.235362,348.519989,14958.000000
370.000000,-125.463524,0.040039,0.000374,0.141846,0.137939,0.018028,0.003101,-0.034104,-0.235883,351.119995,14980.000000
371.000000,-90.364510,0.040161,0.000201,0.141968,0.137939,0.017951,0.002965,-0.031529,-0.234230,351.119995,14926.000000
372.000000,-96.146744,0.040283,0.000272,0.142212,0.138672,0.017892,0.003028,-0.033825,-0.235634,355.119995,14968.000000
373.000000,-121.444244,0.040771,0.000258,0.143677,0.139404,0.018141,0.003088,-0.033030,-0.234435,367.989990,15039.000000
374.000000,-114.733376,0.040771,0.000155,0.143921,0.140137,0.017934,0.002986,-0.031805,-0.233626,339.869995,15054.000000
375.000000,-254.083313,0.040405,0.000116,0.143433,0.140625,0.017843,0.002989,-0.032221,-0.233625,939.849976,15106.000000
376.000000,-92.326981,0.039551,0.000098,0.139893,0.136841,0.017582,0.002909,-0.054248,-0.251640,305.269989,14969.000000
377.000000,-124.120392,0.039795,0.000116,0.139526,0.137939,0.017815,0.002929,-0.043651,-0.238571,388.190002,15093.000000
378.000000,-67.993378,0.039185,0.000145,0.140747,0.137939,0.017935,0.002946,-0.034668,-0.234568,289.799988,15218.000000
379.000000,-91.406708,0.039185,0.000311,0.141968,0.139526,0.018325,0.003054,-0.029004,-0.232250,288.529999,15159.000000
380.000000,-93.877327,0.038696,0.000135,0.142822,0.138672,0.018277,0.002861,-0.026558,-0.233221,289.589996,15053.000000
381.000000,-100.766068,0.038818,0.000156,0.142212,0.137573,0.018450,0.002863,-0.029770,-0.234992,375.809998,14826.000000
382.000000,-119.103760,0.038330,0.000102,0.141724,0.136230,0.018708,0.002750,-0.029537,-0.235265,395.029999,15250.000000
383.000000,-98.208191,0.038452,0.000097,0.142334,0.136841,0.018858,0.002751,-0.028133,-0.233587,343.399994,15032.000000
384.000000,-100.143105,0.038208,0.000117,0.143433,0.137939,0.019161,0.002830,-0.025059,-0.231300,371.790009,15049.000000
385.000000,-121.416771,0.038208,0.000075,0.143311,0.139282,0.019059,0.002843,-0.027120,-0.230053,459.339996,14878.000000
386.000000,-78.339577,0.038452,0.000216,0.144043,0.138672,0.019118,0.002925,-0.030634,-0.231920,371.510010,15047.000000
387.000000,-72.516357,0.038940,0.000153,0.144409,0.138794,0.019175,0.002869,-0.030799,-0.229236,276.160004,14993.000000
388.000000,-107.048180,0.039185,0.000239,0.143921,0.138794,0.019283,0.002984,-0.032608,-0.230566,369.779999,15205.000000
389.000000,-98.945679,0.040039,0.000260,0.145752,0.139282,0.019498,0.002956,-0.028675,-0.227205,339.500000,15276.000000
390.000000,-95.902946,0.039551,0.000262,0.145752,0.139648,0.019690,0.002953,-0.027484,-0.226426,328.450012,15424.000000
391.000000,-83.667473,0.040405,0.000260,0.147705,0.139893,0.020083,0.002944,-0.027953,-0.228526,300.829987,15285.000000
392.000000,-115.916618,0.040283,0.000240,0.147095,0.139526,0.019957,0.002907,-0.027348,-0.227161,404.519989,15255.000000
393.000000,-132.666138,0.040405,0.000160,0.147949,0.139282,0.020002,0.002824,-0.026681,-0.227424,382.359985,15457.000000
394.000000,-106.736717,0.040894,0.000372,0.147095,0.139648,0.020224,0.002925,-0.027541,-0.226999,345.040009,15307.000000
395.000000,-104.971436,0.041016,0.000463,0.148193,0.139404,0.020335,0.003008,-0.030608,-0.227891,338.589996,15383.000000
396.000000,-69.605576,0.041260,0.000343,0.149414,0.139404,0.020653,0.002883,-0.029437,-0.226044,301.279999,15316.000000
397.000000,-74.581268,0.040771,0.000247,0.149658,0.138794,0.020761,0.002809,-0.029109,-0.226510,270.420013,15205.000000
398.000000,-95.210190,0.040894,0.000524,0.148560,0.136597,0.020809,0.002967,-0.028721,-0.227310,371.579987,15266.000000
399.000000,-110.529755,0.040527,0.000482,0.148315,0.135864,0.020794,0.002872,-0.029898,-0.228543,348.609985,15421.000000
400.000000,-86.574783,0.040283,0.000476,0.148560,0.135254,0.021222,0.002867,-0.031559,-0.230246,278.859985,15086.000000
401.000000,-91.221207,0.040283,0.000295,0.149170,0.133911,0.021278,0.002613,-0.032640,-0.231980,332.359985,15226.000000
402.000000,-113.622269,0.040771,0.000376,0.150757,0.136230,0.021688,0.002805,-0.028071,-0.227283,372.149994,15119.000000
403.000000,-89.690956,0.040649,0.000408,0.151001,0.135742,0.021515,0.002919,-0.028441,-0.227872,371.950012,15144.000000
404.000000,-108.799721,0.040405,0.000493,0.150635,0.134399,0.021684,0.002905,-0.032419,-0.229887,337.950012,15079.000000
405.000000,-81.885223,0.041016,0.000441,0.151001,0.134155,0.021787,0.002794,-0.036941,-0.230638,323.000000,15154.000000
406.000000,-68.013481,0.041626,0.000336,0.151611,0.134888,0.021589,0.002719,-0.033346,-0.227459,314.420013,14958.000000
407.000000,-111.214279,0.041626,0.000340,0.151978,0.134644,0.021781,0.002832,-0.027661,-0.225489,364.820007,15052.000000
408.000000,-82.111366,0.041382,0.000359,0.152466,0.134155,0.021932,0.002817,-0.025411,-0.225943,312.079987,14902.000000
409.000000,-82.909058,0.041504,0.000503,0.152954,0.133179,0.022068,0.002925,-0.027048,-0.228285,314.570007,15046.000000
410.000000,-102.764038,0.041504,0.000313,0.153564,0.135132,0.021912,0.002807,-0.024520,-0.226272,337.239990,15041.000000
411.000000,-83.508575,0.041504,0.000199,0.152344,0.135864,0.021752,0.002705,-0.022922,-0.225919,300.769989,15083.000000
412.000000,-77.851891,0.041870,0.000261,0.152100,0.137329,0.021768,0.002803,-0.024057,-0.226258,284.440002,15036.000000
413.000000,-79.890533,0.042236,0.000383,0.152344,0.137939,0.021842,0.002932,-0.022350,-0.224454,321.049988,15069.000000
414.000000,-111.962326,0.042236,0.000255,0.152222,0.137817,0.021565,0.002809,-0.023079,-0.225494,374.339996,14906.000000
415.000000,-87.597649,0.042480,0.000232,0.153076,0.138550,0.021529,0.002755,-0.021994,-0.227240,342.290009,15024.000000
416.000000,-85.944542,0.041138,0.000255,0.151855,0.135864,0.021266,0.002678,-0.025353,-0.229333,339.450012,15227.000000
417.000000,-104.169434,0.041260,0.000453,0.152710,0.136841,0.021580,0.002949,-0.023633,-0.227357,352.670013,15247.000000
418.000000,-103.858101,0.040649,0.000342,0.152588,0.135620,0.021446,0.002753,-0.021907,-0.226492,301.940002,15219.000000
419.000000,-113.337540,0.040283,0.000354,0.153442,0.136719,0.021706,0.002819,-0.017302,-0.222406,328.130005,15259.000000
420.000000,-80.589905,0.040161,0.000523,0.154541,0.136963,0.022201,0.003014,-0.013311,-0.221038,302.649994,15485.000000
421.000000,-71.696121,0.040527,0.000335,0.155151,0.136963,0.022247,0.002831,-0.012996,-0.220826,311.619995,15418.000000
422.000000,-97.762016,0.040283,0.000458,0.155640,0.137573,0.022355,0.002985,-0.013473,-0.221478,336.899994,15629.000000
423.000000,-90.100662,0.040161,0.000348,0.156372,0.136963,0.022568,0.002866,-0.014338,-0.221396,303.640015,15567.000000
424.000000,-65.857704,0.040283,0.000244,0.155273,0.140137,0.022215,0.002935,-0.013106,-0.218005,310.579987,15536.000000
425.000000,-93.838600,0.040771,0.000474,0.156494,0.138916,0.022278,0.003095,-0.010640,-0.218374,384.570007,15492.000000
426.000000,-92.564629,0.040771,0.000597,0.157593,0.139648,0.022636,0.003186,-0.011714,-0.220590,305.480011,15453.000000
427.000000,-66.831924,0.041260,0.000300,0.158325,0.140991,0.022749,0.002975,-0.008970,-0.219989,333.899994,15589.000000
428.000000,-107.312492,0.041870,0.000471,0.158691,0.140503,0.023150,0.003110,-0.009008,-0.219789,391.700012,15775.000000
429.000000,-87.973541,0.041870,0.000397,0.159058,0.141724,0.023200,0.003084,-0.005887,-0.217519,270.579987,15597.000000
430.000000,-94.846626,0.041870,0.000353,0.159546,0.140137,0.023274,0.002919,-0.006409,-0.219927,325.290009,15579.000000
431.000000,-92.656082,0.042358,0.000298,0.160034,0.142822,0.023640,0.002982,-0.005810,-0.219100,330.529999,15615.000000
432.000000,-86.993134,0.042236,0.000283,0.160034,0.142334,0.023681,0.002904,-0.004103,-0.219553,294.859985,15751.000000
433.000000,-121.830688,0.041870,0.000169,0.158691,0.141357,0.023787,0.002843,-0.006005,-0.219457,381.510010,15685.000000
434.000000,-106.252991,0.041626,0.000213,0.157959,0.142334,0.023658,0.002939,-0.004815,-0.219177,433.299988,15545.000000
435.000000,-82.790260,0.041382,0.000257,0.158569,0.141235,0.024014,0.002918,-0.003448,-0.218824,296.630005,15803.000000
436.000000,-85.085892,0.041992,0.000251,0.158081,0.142090,0.023749,0.002913,-0.003021,-0.216165,380.859985,15544.000000
437.000000,-102.103806,0.042114,0.000428,0.158203,0.143188,0.024160,0.003134,-0.003885,-0.214559,334.570007,15556.000000
438.000000,-89.730194,0.042114,0.000431,0.158813,0.142212,0.024351,0.003068,-0.003648,-0.215951,373.760010,15606.000000
439.000000,-90.060921,0.041748,0.000323,0.158691,0.141602,0.024152,0.002864,-0.003283,-0.217413,345.670013,15628.000000
440.000000,-100.862907,0.042480,0.000317,0.158691,0.142822,0.024261,0.002924,-0.000486,-0.215775,399.519989,15440.000000
441.000000,-57.254444,0.043457,0.000497,0.158081,0.143677,0.024610,0.003104,0.000487,-0.215212,297.429993,15637.000000
442.000000,-106.134514,0.043579,0.000380,0.160156,0.143921,0.024771,0.002979,0.003876,-0.214445,352.140015,15731.000000
443.000000,-91.644669,0.043823,0.000263,0.161987,0.142944,0.025023,0.002816,0.006115,-0.216325,339.890015,15743.000000
444.000000,-105.601845,0.043823,0.000318,0.161133,0.143677,0.025261,0.002911,0.004769,-0.214859,319.750000,15483.000000
445.000000,-76.090027,0.043091,0.000462,0.160400,0.143311,0.025097,0.003010,0.005782,-0.212116,301.720001,15644.000000
446.000000,-71.817635,0.042969,0.000395,0.161011,0.143677,0.025161,0.002968,0.007590,-0.213019,353.399994,15761.000000
447.000000,-105.903564,0.043335,0.000409,0.161255,0.144165,0.025264,0.003017,0.008108,-0.213080,346.049988,15399.000000
448.000000,-90.796333,0.042847,0.000286,0.161133,0.145020,0.025291,0.002892,0.008146,-0.214613,359.140015,15475.000000
449.000000,-99.005775,0.042603,0.000362,0.161865,0.145142,0.025819,0.002914,0.009050,-0.215854,378.429993,15683.000000
450.000000,-97.402588,0.042969,0.000473,0.163452,0.145142,0.026403,0.003050,0.011112,-0.214481,359.700012,15694.000000
451.000000,-90.126846,0.042969,0.000247,0.164673,0.144043,0.026491,0.002855,0.012183,-0.212100,351.690002,15382.000000
452.000000,-103.668106,0.043213,0.000401,0.164917,0.144775,0.026903,0.002998,0.014117,-0.210607,391.570007,15376.000000
453.000000,-87.287292,0.043213,0.000299,0.166748,0.145142,0.027122,0.002894,0.020240,-0.206463,306.000000,15722.000000
454.000000,-109.611305,0.043335,0.000321,0.167358,0.145142,0.027213,0.002903,0.020434,-0.207460,385.109985,15494.000000
455.000000,-111.633179,0.043945,0.000656,0.167114,0.144653,0.027716,0.003137,0.017467,-0.209425,382.500000,15445.000000
456.000000,-80.082436,0.044067,0.000487,0.167725,0.143921,0.027936,0.002917,0.017865,-0.208641,325.480011,15147.000000
457.000000,-81.548531,0.044312,0.000374,0.168213,0.145386,0.028048,0.002833,0.019295,-0.207433,366.000000,15107.000000
458.000000,-92.187584,0.044312,0.000324,0.168701,0.145020,0.027904,0.002826,0.021208,-0.206819,340.399994,15143.000000
459.000000,-100.990791,0.044556,0.000386,0.169800,0.145020,0.028027,0.002918,0.021181,-0.206369,362.299988,14976.000000
460.000000,-98.927231,0.044067,0.000198,0.169922,0.146484,0.027897,0.002831,0.017848,-0.208290,345.359985,15098.000000
461.000000,-78.025475,0.043945,0.000214,0.169678,0.147339,0.027892,0.002904,0.017372,-0.207895,387.700012,15291.000000
462.000000,-74.312782,0.043579,0.000130,0.170288,0.146973,0.027843,0.002697,0.020876,-0.206343,330.399994,15115.000000
463.000000,-104.996826,0.044189,0.000191,0.170166,0.147217,0.028040,0.002856,0.019443,-0.206605,427.540009,15129.000000
464.000000,-68.394608,0.043823,0.000114,0.170654,0.147583,0.028138,0.002731,0.019884,-0.206763,336.130005,15055.000000
465.000000,-90.188698,0.043823,0.000092,0.171997,0.146851,0.028317,0.002656,0.018816,-0.208204,382.350006,15263.000000
466.000000,-77.227562,0.043457,0.000442,0.171631,0.147705,0.028489,0.002985,0.017252,-0.205963,337.190002,15101.000000
467.000000,-81.201958,0.043457,0.000429,0.170776,0.148193,0.028372,0.002970,0.017085,-0.205864,406.250000,15085.000000
468.000000,-93.248184,0.043335,0.000370,0.170776,0.149902,0.028332,0.003001,0.019998,-0.202301,395.029999,15018.000000
469.000000,-65.489555,0.043579,0.000432,0.171387,0.149658,0.028424,0.003036,0.021640,-0.202017,342.260010,15278.000000
470.000000,-87.740601,0.043945,0.000399,0.171631,0.151001,0.028434,0.003053,0.020539,-0.202149,373.220001,15214.000000
471.000000,-69.269745,0.043945,0.000495,0.171631,0.151123,0.028202,0.003267,0.018507,-0.202803,418.140015,15113.000000
472.000000,-73.757736,0.043213,0.000273,0.170776,0.149902,0.027877,0.002930,0.015989,-0.204200,377.100006,15090.000000
473.000000,-111.235718,0.043091,0.000333,0.172241,0.151001,0.028194,0.002923,0.017109,-0.203965,377.149994,14816.000000
474.000000,-94.978600,0.043091,0.000445,0.171631,0.149902,0.028186,0.003014,0.020859,-0.203984,417.420013,14783.000000
475.000000,-94.882080,0.043579,0.000518,0.171387,0.150146,0.028374,0.003095,0.020800,-0.204506,347.359985,14688.000000
476.000000,-98.682106,0.044067,0.000484,0.171509,0.152588,0.028441,0.003052,0.019258,-0.204062,375.130005,15087.000000
477.000000,-100.659103,0.043945,0.000662,0.171021,0.151367,0.028502,0.003253,0.018383,-0.204517,386.149994,15438.000000
478.000000,-70.342323,0.044678,0.000588,0.171753,0.152344,0.028641,0.003184,0.020335,-0.202805,373.809998,15729.000000
479.000000,-106.809570,0.044556,0.000509,0.171509,0.151367,0.028507,0.003103,0.020660,-0.204052,386.420013,15555.000000
480.000000,-71.579803,0.044800,0.000473,0.172241,0.151489,0.028653,0.003056,0.020142,-0.204232,366.149994,15508.000000
481.000000,-96.707771,0.045288,0.000420,0.172485,0.152344,0.029128,0.002998,0.020950,-0.204675,423.299988,15612.000000
482.000000,-81.691399,0.046021,0.000689,0.172974,0.152954,0.029728,0.003262,0.022578,-0.204844,428.529999,15635.000000
483.000000,-60.421360,0.045898,0.000425,0.173584,0.152466,0.029558,0.002952,0.022408,-0.203914,352.239990,15265.000000
484.000000,-93.313622,0.046265,0.000462,0.174805,0.153564,0.029820,0.003006,0.023085,-0.200669,374.559998,15261.000000
485.000000,-47.640434,0.046143,0.000437,0.174561,0.154907,0.029685,0.003023,0.024928,-0.200448,372.829987,15303.000000
486.000000,-88.698387,0.046509,0.000583,0.173462,0.154785,0.029708,0.003158,0.020037,-0.202794,380.339996,15087.000000
487.000000,-86.723579,0.046387,0.000386,0.172852,0.155151,0.029621,0.002973,0.020870,-0.201693,381.380005,15296.000000
488.000000,-98.879509,0.045776,0.000279,0.172119,0.154419,0.029492,0.002810,0.021044,-0.201550,454.760010,15085.000000
489.000000,-101.803543,0.046143,0.000284,0.173218,0.155640,0.029445,0.002872,0.021299,-0.199801,419.329987,15321.000000
490.000000,-76.313354,0.045776,0.000264,0.172974,0.155029,0.029206,0.002892,0.020355,-0.200323,365.989990,15177.000000
491.000000,-101.519646,0.046021,0.000448,0.173584,0.155151,0.029216,0.003052,0.018161,-0.203641,428.420013,14867.000000
492.000000,-56.692509,0.046143,0.000476,0.172607,0.156494,0.029144,0.003149,0.016657,-0.201915,447.089996,15088.000000
493.000000,-84.455193,0.045776,0.000494,0.172119,0.155762,0.029289,0.003158,0.018655,-0.200973,365.149994,15047.000000
494.000000,-52.705318,0.045288,0.000590,0.172241,0.156250,0.029335,0.003278,0.019683,-0.202105,399.640015,15032.000000
495.000000,-105.319099,0.044922,0.000527,0.171997,0.156006,0.029280,0.003211,0.020902,-0.201925,371.470001,15173.000000
496.000000,-84.368912,0.044067,0.000312,0.170410,0.155273,0.028468,0.002989,0.019452,-0.203986,384.679993,15317.000000
497.000000,-88.638588,0.043335,0.000199,0.169678,0.155273,0.028561,0.002949,0.016256,-0.206206,419.260010,15152.000000
498.000000,-53.140553,0.043945,0.000501,0.170410,0.156494,0.029230,0.003227,0.021217,-0.203278,352.690002,14892.000000
499.000000,-61.295139,0.042969,0.000388,0.170288,0.156250,0.028866,0.003161,0.022665,-0.200258,354.760010,14859.000000
500.000000,-88.891426,0.043091,0.000548,0.169922,0.156372,0.029029,0.003380,0.017659,-0.205687,607.750000,14858.000000
501.000000,-78.563683,0.042969,0.000400,0.167480,0.155640,0.028885,0.003283,0.009636,-0.211222,428.420013,14936.000000
502.000000,-37.393375,0.042236,0.000252,0.167480,0.156372,0.028769,0.003107,0.014247,-0.206020,378.239990,14782.000000
503.000000,-61.509651,0.041626,0.000278,0.165405,0.155273,0.028507,0.003056,0.016628,-0.203349,289.899994,15085.000000
504.000000,-64.534637,0.041748,0.000320,0.164307,0.157837,0.028197,0.003218,0.017493,-0.200211,433.410004,15199.000000
505.000000,-88.048973,0.041626,0.000277,0.164673,0.157471,0.028257,0.003203,0.019701,-0.199384,417.959991,15034.000000
506.000000,-52.648148,0.041870,0.000306,0.164185,0.158325,0.028016,0.003317,0.017390,-0.199789,335.100006,15358.000000
507.000000,-99.633934,0.041992,0.000375,0.164062,0.157837,0.027983,0.003390,0.016649,-0.199358,301.329987,15305.000000
508.000000,-79.771568,0.041870,0.000404,0.165649,0.157837,0.028084,0.003382,0.016509,-0.199025,397.010010,14871.000000
509.000000,-87.074203,0.041992,0.000348,0.166504,0.158325,0.027980,0.003257,0.021214,-0.196612,420.279999,14970.000000
510.000000,-75.363716,0.042480,0.000372,0.166626,0.159424,0.028256,0.003356,0.019734,-0.197698,372.390015,15070.000000
511.000000,-83.178810,0.042969,0.000290,0.166992,0.160889,0.028339,0.003278,0.020160,-0.197382,349.299988,15106.000000
512.000000,-85.193459,0.043457,0.000566,0.166626,0.160767,0.028645,0.003450,0.024154,-0.198301,411.059998,15084.000000
513.000000,-84.360527,0.042969,0.000386,0.166626,0.161011,0.028637,0.003219,0.021414,-0.201529,337.720001,15000.000000
514.000000,-82.321350,0.042236,0.000257,0.166504,0.159058,0.028493,0.003018,0.020801,-0.201780,329.880005,15098.000000
515.000000,-40.642429,0.041382,0.000299,0.165405,0.158325,0.028340,0.003126,0.017881,-0.200867,402.820007,15338.000000
516.000000,-77.308914,0.041382,0.000195,0.164917,0.158936,0.028131,0.003086,0.017652,-0.201146,329.200012,15385.000000
517.000000,-60.556248,0.041626,0.000284,0.165771,0.161011,0.028223,0.003279,0.017890,-0.200796,321.470001,15191.000000
518.000000,-96.530312,0.042603,0.000721,0.167603,0.162231,0.029082,0.003635,0.017977,-0.202301,407.220001,15223.000000
519.000000,-86.230728,0.043579,0.000776,0.167603,0.162109,0.029334,0.003577,0.019558,-0.200777,385.910004,15285.000000
520.000000,-70.074585,0.042847,0.000454,0.168701,0.161011,0.029149,0.003226,0.019483,-0.202091,314.029999,15327.000000
521.000000,-63.675808,0.043579,0.000587,0.168701,0.161499,0.029340,0.003235,0.022491,-0.199637,336.980011,15315.000000
522.000000,-54.347130,0.042969,0.000465,0.168579,0.160278,0.029160,0.003088,0.024696,-0.197987,325.730011,15565.000000
523.000000,-66.609833,0.042480,0.000282,0.166992,0.160400,0.028673,0.002902,0.023444,-0.199915,357.260010,15269.000000
524.000000,-62.647057,0.042358,0.000228,0.167847,0.161621,0.028419,0.002984,0.024182,-0.198616,365.309998,15357.000000
525.000000,-99.800262,0.042847,0.000494,0.168945,0.162231,0.028825,0.003279,0.023492,-0.198412,463.950012,15300.000000
526.000000,-50.758541,0.042847,0.000631,0.169312,0.162720,0.029029,0.003458,0.020446,-0.198538,346.119995,15316.000000
527.000000,-62.597401,0.042480,0.000493,0.171021,0.161743,0.029275,0.003367,0.024484,-0.196723,315.489990,15151.000000
528.000000,-71.692131,0.041748,0.000457,0.170898,0.161621,0.029081,0.003303,0.025893,-0.197255,303.700012,15447.000000
529.000000,-79.645050,0.041504,0.000400,0.171021,0.162109,0.028849,0.003290,0.023123,-0.197623,364.350006,15204.000000
530.000000,-67.068993,0.041748,0.000525,0.171753,0.162109,0.029181,0.003437,0.024541,-0.197666,368.320007,15675.000000
531.000000,-57.550713,0.042603,0.000590,0.172974,0.163452,0.029287,0.003553,0.022927,-0.198775,372.209991,15815.000000
532.000000,-79.343071,0.042847,0.000474,0.172974,0.162964,0.029268,0.003485,0.025895,-0.198541,429.200012,15626.000000
533.000000,-72.807991,0.042847,0.000680,0.173828,0.161377,0.029857,0.003576,0.027492,-0.199477,389.369995,15406.000000
534.000000,-73.080254,0.043457,0.000720,0.174194,0.161499,0.030292,0.003593,0.025461,-0.201507,370.160004,15771.000000
535.000000,-65.091301,0.042847,0.000541,0.172363,0.160156,0.029417,0.003398,0.021459,-0.202235,407.119995,15642.000000
536.000000,-83.573921,0.042725,0.000677,0.170776,0.160645,0.029130,0.003627,0.017964,-0.202492,430.679993,15603.000000
537.000000,-43.695637,0.043091,0.000807,0.171631,0.160034,0.029271,0.003651,0.018784,-0.203405,281.100006,15493.000000
538.000000,-63.057144,0.042603,0.000493,0.171753,0.158325,0.029037,0.003281,0.018771,-0.202958,440.070007,15407.000000
539.000000,-66.011528,0.042480,0.000633,0.170898,0.159668,0.029040,0.003585,0.019230,-0.198962,318.079987,15435.000000
540.000000,-66.243637,0.042480,0.000794,0.169800,0.161011,0.029147,0.003764,0.017774,-0.200772,389.820007,15091.000000
541.000000,-75.995590,0.042725,0.000657,0.169556,0.162109,0.029002,0.003753,0.016744,-0.200744,362.089996,15036.000000
542.000000,-100.905258,0.043579,0.000831,0.170532,0.162109,0.029223,0.003958,0.021488,-0.200077,435.339996,15121.000000
543.000000,-81.290459,0.043335,0.000952,0.169312,0.162109,0.029351,0.004049,0.020184,-0.199743,347.940002,14965.000000
544.000000,-70.653168,0.042114,0.000596,0.169556,0.162964,0.028946,0.003727,0.024092,-0.199586,381.480011,15248.000000
545.000000,-53.069851,0.041748,0.000799,0.170532,0.161133,0.029000,0.003943,0.024923,-0.201086,308.600006,15282.000000
546.000000,-66.714127,0.041626,0.000720,0.170654,0.161743,0.029228,0.003806,0.024306,-0.201016,352.420013,15339.000000
547.000000,-70.207306,0.042480,0.000750,0.172363,0.162598,0.029554,0.003878,0.026669,-0.197726,356.480011,14982.000000
548.000000,-62.618015,0.042847,0.001114,0.172241,0.165039,0.029786,0.004316,0.028427,-0.197853,350.089996,15328.000000
549.000000,-66.602493,0.042603,0.001415,0.171753,0.165405,0.029912,0.004555,0.026653,-0.197981,363.700012,15116.000000
550.000000,-68.677116,0.042480,0.000859,0.170410,0.165161,0.029417,0.003862,0.025873,-0.198529,332.079987,14981.000000
551.000000,-57.803619,0.042725,0.000605,0.170166,0.164673,0.029186,0.003648,0.024903,-0.201041,377.029999,15195.000000
552.000000,-62.533634,0.042969,0.000592,0.171875,0.165894,0.029389,0.003707,0.029391,-0.197054,357.809998,15445.000000
553.000000,-61.909451,0.043091,0.000868,0.171753,0.165894,0.029377,0.003999,0.030687,-0.195302,322.809998,15278.000000
554.000000,-105.784401,0.043091,0.000852,0.171387,0.166748,0.029613,0.004107,0.031461,-0.193554,399.690002,15697.000000
555.000000,-86.177452,0.043457,0.001018,0.173218,0.166504,0.030172,0.004210,0.035501,-0.193922,322.179993,15585.000000
556.000000,-58.637123,0.044556,0.000836,0.172974,0.165894,0.030198,0.003955,0.034649,-0.195798,378.709991,15483.000000
557.000000,-40.540771,0.044189,0.000740,0.172607,0.166382,0.029822,0.003877,0.029728,-0.196513,420.269989,15767.000000
558.000000,-68.232964,0.043945,0.000677,0.171753,0.165894,0.029680,0.003799,0.026267,-0.197539,315.299988,15802.000000
559.000000,-90.356255,0.043457,0.000795,0.170898,0.166504,0.029599,0.003976,0.025254,-0.198994,391.640015,15594.000000
560.000000,-64.196594,0.044189,0.000718,0.172852,0.166748,0.029390,0.003975,0.026691,-0.198020,320.239990,15514.000000
561.000000,-56.618904,0.044312,0.000857,0.172241,0.166260,0.029227,0.004150,0.026780,-0.198131,444.549988,15486.000000
562.000000,-56.308029,0.043579,0.000684,0.171997,0.165039,0.028837,0.003973,0.026894,-0.199483,312.980011,15713.000000
563.000000,-87.480942,0.043823,0.000572,0.172729,0.165039,0.029031,0.003771,0.028351,-0.197775,351.350006,15499.000000
564.000000,-54.471947,0.044067,0.000850,0.174316,0.166992,0.029358,0.004067,0.028568,-0.196007,319.010010,15392.000000
565.000000,-63.251316,0.044434,0.000913,0.174316,0.167725,0.029668,0.004026,0.029367,-0.197442,387.769989,15330.000000
566.000000,-73.643723,0.044678,0.000857,0.173218,0.170288,0.029635,0.004072,0.031009,-0.196389,309.869995,15309.000000
567.000000,-64.336319,0.044312,0.000857,0.171143,0.169067,0.029433,0.004000,0.023534,-0.201886,313.579987,15264.000000
568.000000,-68.135704,0.043457,0.000608,0.170532,0.168579,0.029042,0.003710,0.026944,-0.197807,362.570007,15299.000000
569.000000,-77.138535,0.042480,0.000610,0.170898,0.167969,0.029054,0.003744,0.030448,-0.196527,374.950012,15489.000000
570.000000,-44.465679,0.043213,0.001040,0.171753,0.169434,0.029294,0.004193,0.033079,-0.194083,330.119995,15405.000000
571.000000,-51.100967,0.043823,0.001020,0.171509,0.170654,0.029096,0.004246,0.034551,-0.193591,366.579987,15516.000000
572.000000,-67.798203,0.043335,0.000861,0.170532,0.168579,0.029129,0.003948,0.032351,-0.195832,447.559998,15367.000000
573.000000,-74.063187,0.043579,0.000868,0.170288,0.168701,0.029103,0.003941,0.029172,-0.197897,383.130005,15562.000000
574.000000,-53.275768,0.043701,0.000799,0.170898,0.167603,0.029149,0.003878,0.026190,-0.200536,375.589996,15365.000000
575.000000,-82.381157,0.042480,0.000555,0.169800,0.165894,0.028596,0.003657,0.025340,-0.199083,405.670013,15361.000000
576.000000,-56.797848,0.042969,0.000512,0.169312,0.168213,0.028385,0.003696,0.027584,-0.197158,367.980011,15350.000000
577.000000,-49.791988,0.043335,0.000587,0.170410,0.169067,0.028444,0.003824,0.031181,-0.197222,297.790009,15624.000000
578.000000,-83.179710,0.043579,0.000511,0.171753,0.169312,0.028824,0.003662,0.028675,-0.197699,366.309998,15485.000000
579.000000,-86.189186,0.043701,0.000428,0.173096,0.168457,0.029078,0.003643,0.026233,-0.197811,350.559998,15565.000000
580.000000,-79.996681,0.043579,0.000592,0.171875,0.168823,0.029255,0.003803,0.026523,-0.196528,364.750000,15467.000000
581.000000,-57.663071,0.043945,0.000948,0.172974,0.167480,0.029861,0.004085,0.026852,-0.198152,285.040009,15716.000000
582.000000,-42.487579,0.044189,0.001024,0.171631,0.167847,0.029872,0.004171,0.024042,-0.199636,324.239990,15715.000000
583.000000,-67.205162,0.044067,0.001000,0.171875,0.168213,0.029461,0.004176,0.024706,-0.198198,313.279999,15807.000000
584.000000,-82.054771,0.043701,0.000984,0.172241,0.167603,0.029407,0.004134,0.026892,-0.195188,342.290009,15744.000000
585.000000,-41.355453,0.043701,0.000855,0.172363,0.169067,0.029288,0.004081,0.029869,-0.192670,284.950012,15748.000000
586.000000,-40.439674,0.043701,0.000848,0.173340,0.169067,0.029213,0.004091,0.029113,-0.194634,319.970001,15646.000000
587.000000,-76.922859,0.044189,0.001085,0.174927,0.169067,0.029481,0.004280,0.026967,-0.195222,382.839996,15677.000000
588.000000,-85.652222,0.044556,0.000927,0.175171,0.168579,0.029538,0.004117,0.026623,-0.194731,344.369995,15462.000000
589.000000,-56.092022,0.044556,0.000771,0.176758,0.168091,0.029579,0.003891,0.030762,-0.194526,343.640015,15670.000000
590.000000,-81.258331,0.044922,0.000636,0.176514,0.167969,0.029668,0.003704,0.033692,-0.194286,382.779999,15615.000000
591.000000,-81.594635,0.044556,0.000542,0.177490,0.167603,0.029573,0.003611,0.029255,-0.194985,400.269989,15784.000000
592.000000,-34.028042,0.045166,0.001076,0.177246,0.168579,0.030034,0.004252,0.026225,-0.196090,322.130005,15669.000000
593.000000,-59.787437,0.045044,0.000990,0.177490,0.168335,0.029925,0.004094,0.026788,-0.195185,367.339996,15849.000000
594.000000,-70.620811,0.044556,0.000644,0.177979,0.168091,0.029933,0.003741,0.025821,-0.195844,315.070007,15919.000000
595.000000,-50.506710,0.045410,0.000594,0.176880,0.168945,0.030155,0.003726,0.025957,-0.196879,344.720001,15516.000000
596.000000,-38.882549,0.046021,0.000816,0.178101,0.169312,0.030613,0.003922,0.026911,-0.195775,283.040009,15715.000000
597.000000,-75.050453,0.045044,0.000545,0.177002,0.167603,0.029655,0.003670,0.025081,-0.196030,381.070007,15847.000000
598.000000,-38.658871,0.044434,0.000469,0.176270,0.167358,0.029580,0.003634,0.025883,-0.195832,344.910004,15683.000000
599.000000,-68.561249,0.044922,0.000609,0.176147,0.167969,0.029850,0.003716,0.026314,-0.195973,288.750000,15481.000000
600.000000,-53.874733,0.044556,0.000577,0.177490,0.167847,0.029717,0.003693,0.025572,-0.196311,366.970001,15457.000000
601.000000,-55.426273,0.044434,0.000422,0.179199,0.169312,0.029467,0.003596,0.024771,-0.196064,285.279999,15823.000000
602.000000,-52.891720,0.044800,0.000943,0.180176,0.168457,0.029970,0.004050,0.027825,-0.193747,354.670013,15466.000000
603.000000,-64.706245,0.046143,0.000975,0.181763,0.168701,0.030051,0.004021,0.029332,-0.193929,295.510010,15684.000000
604.000000,-73.358467,0.046265,0.000806,0.181641,0.169678,0.029896,0.003990,0.029793,-0.192071,367.230011,15501.000000
605.000000,-79.412560,0.046509,0.000522,0.183105,0.168823,0.030158,0.003597,0.030143,-0.192443,367.940002,15678.000000
606.000000,-52.384155,0.046021,0.000481,0.184082,0.168701,0.030398,0.003585,0.033390,-0.190442,280.910004,15542.000000
607.000000,-53.489590,0.046387,0.000731,0.185303,0.170166,0.030569,0.003917,0.034817,-0.188874,440.839996,15806.000000
608.000000,-41.285885,0.046143,0.000565,0.184814,0.169800,0.030379,0.003707,0.035377,-0.188759,279.230011,15703.000000
609.000000,-72.508194,0.045654,0.000502,0.185181,0.170288,0.030354,0.003614,0.030794,-0.188680,359.410004,15599.000000
610.000000,-57.272999,0.046387,0.000652,0.183472,0.172119,0.030352,0.003911,0.031463,-0.187844,400.299988,15818.000000
611.000000,-55.043568,0.046509,0.000840,0.183228,0.171509,0.030021,0.004072,0.030434,-0.191212,355.190002,15616.000000
612.000000,-36.945198,0.047607,0.000958,0.184937,0.172363,0.029985,0.004216,0.033449,-0.187771,335.660004,15788.000000
613.000000,-80.640907,0.047485,0.000982,0.183350,0.171509,0.029930,0.004184,0.035684,-0.185043,372.239990,15661.000000
614.000000,-54.771942,0.048096,0.000705,0.186157,0.171387,0.030332,0.003830,0.038222,-0.185378,288.890015,15687.000000
615.000000,-40.807152,0.048218,0.001062,0.186401,0.171265,0.030755,0.004169,0.034999,-0.186517,328.910004,15605.000000
616.000000,-76.704308,0.047607,0.000856,0.185913,0.172119,0.030597,0.003980,0.031099,-0.187786,337.279999,15770.000000
617.000000,-68.896179,0.048218,0.000691,0.186768,0.172119,0.030643,0.003887,0.031053,-0.187902,357.679993,15631.000000
618.000000,-53.575314,0.047852,0.000787,0.187988,0.171753,0.030788,0.003937,0.030767,-0.187117,324.119995,15654.000000
619.000000,-28.989250,0.047974,0.000789,0.187744,0.171997,0.030490,0.003904,0.032986,-0.187234,288.100006,15496.000000
620.000000,-80.187424,0.047852,0.000965,0.187134,0.172241,0.030771,0.004088,0.031490,-0.188388,328.920013,15503.000000
621.000000,-56.644020,0.047607,0.000824,0.185669,0.171875,0.030510,0.003898,0.028958,-0.190283,371.959991,15350.000000
622.000000,-79.570511,0.047607,0.000748,0.185547,0.172485,0.030259,0.003833,0.029862,-0.190256,398.070007,15785.000000
623.000000,-64.159363,0.047485,0.000848,0.185181,0.171875,0.030218,0.003925,0.031091,-0.190490,341.100006,15521.000000
624.000000,-69.059082,0.047241,0.000809,0.185181,0.171631,0.030284,0.003801,0.032869,-0.191655,434.190002,15215.000000
625.000000,-60.387913,0.047607,0.000831,0.187500,0.170654,0.030803,0.003734,0.034530,-0.192332,442.420013,15451.000000
626.000000,-86.205162,0.048096,0.000977,0.187622,0.171265,0.031292,0.003935,0.036911,-0.189177,391.929993,15319.000000
627.000000,-64.538757,0.048340,0.001167,0.188354,0.171997,0.031508,0.004124,0.037486,-0.187780,339.489990,15588.000000
628.000000,-37.657207,0.048462,0.000925,0.188843,0.172729,0.031596,0.003938,0.038488,-0.186667,372.170013,15529.000000
629.000000,-50.774441,0.048340,0.000852,0.188232,0.170776,0.031503,0.003791,0.036716,-0.187774,305.420013,15505.000000
630.000000,-60.281906,0.047974,0.000873,0.188110,0.170654,0.031553,0.003791,0.032293,-0.188672,338.089996,15531.000000
631.000000,-62.075336,0.048340,0.000878,0.189209,0.170044,0.031497,0.003833,0.033367,-0.187323,335.630005,15655.000000
632.000000,-81.566055,0.048462,0.000611,0.189087,0.168579,0.031176,0.003607,0.032628,-0.187799,379.989990,15594.000000
633.000000,-68.828316,0.048462,0.000544,0.189819,0.168579,0.031310,0.003551,0.033034,-0.187154,413.559998,15565.000000
634.000000,-50.533554,0.048218,0.000673,0.190063,0.168457,0.031478,0.003621,0.036732,-0.185001,356.820007,15718.000000
635.000000,-55.942314,0.048218,0.000806,0.189819,0.168335,0.031617,0.003743,0.038722,-0.183935,346.049988,15928.000000
636.000000,-86.125885,0.048828,0.001218,0.189697,0.168823,0.032250,0.004103,0.036763,-0.184861,344.510010,15679.000000
637.000000,-82.916214,0.049561,0.001265,0.190430,0.170532,0.032909,0.004153,0.036723,-0.186011,320.790009,15815.000000
638.000000,-52.163933,0.049683,0.001262,0.190308,0.171021,0.032746,0.004166,0.040287,-0.184152,431.200012,15859.000000
639.000000,-68.952362,0.049072,0.000948,0.189697,0.170288,0.032516,0.003815,0.039584,-0.184427,394.410004,15579.000000
640.000000,-72.416313,0.048462,0.000729,0.189209,0.170410,0.032098,0.003618,0.037670,-0.184140,390.809998,15484.000000
641.000000,-60.068504,0.047974,0.000503,0.189209,0.170410,0.031902,0.003401,0.034798,-0.185970,367.510010,15748.000000
642.000000,-64.925407,0.047485,0.000662,0.188232,0.169678,0.032037,0.003480,0.032761,-0.188073,426.000000,15731.000000
643.000000,-76.520447,0.048218,0.000793,0.189209,0.169922,0.032195,0.003639,0.034862,-0.186807,388.890015,15698.000000
644.000000,-48.842110,0.047852,0.000803,0.189087,0.170044,0.032404,0.003611,0.038094,-0.184299,440.700012,15843.000000
645.000000,-68.145012,0.048218,0.000649,0.190430,0.168457,0.032742,0.003415,0.038502,-0.186543,367.350006,15756.000000
646.000000,-48.506157,0.048096,0.000771,0.189331,0.168335,0.032739,0.003492,0.037499,-0.186283,332.000000,15705.000000
647.000000,-67.252434,0.048340,0.000651,0.188843,0.168457,0.032523,0.003397,0.036581,-0.186602,387.010010,15685.000000
648.000000,-70.478951,0.047974,0.000670,0.188354,0.167236,0.032372,0.003361,0.037326,-0.185120,381.029999,15899.000000
649.000000,-51.129196,0.047852,0.000659,0.189575,0.167114,0.032751,0.003288,0.040758,-0.184455,312.459991,15756.000000
650.000000,-74.071800,0.047363,0.000596,0.189453,0.166138,0.032680,0.003308,0.040441,-0.185463,463.459991,15452.000000
651.000000,-91.225449,0.047119,0.000418,0.190552,0.166016,0.032969,0.003135,0.038881,-0.183587,352.450012,15880.000000
652.000000,-38.427647,0.047729,0.000759,0.191406,0.167114,0.033527,0.003479,0.040776,-0.183148,471.640015,15756.000000
653.000000,-51.755917,0.046753,0.000782,0.190186,0.166138,0.033321,0.003493,0.040847,-0.181717,336.679993,15681.000000
654.000000,-65.442909,0.046875,0.000876,0.190308,0.165894,0.033741,0.003592,0.039468,-0.180958,391.350006,15784.000000
655.000000,-49.496567,0.046997,0.000746,0.189941,0.165527,0.033950,0.003428,0.036800,-0.183693,365.299988,15865.000000
656.000000,-93.398285,0.046509,0.000700,0.188843,0.164185,0.033567,0.003357,0.035187,-0.184914,432.989990,15906.000000
657.000000,-56.334858,0.046875,0.000787,0.189941,0.165771,0.034044,0.003494,0.038442,-0.182023,402.910004,15697.000000
658.000000,-66.373924,0.046509,0.000951,0.188599,0.166504,0.034330,0.003727,0.040561,-0.180353,368.149994,15747.000000
659.000000,-66.318680,0.047363,0.000800,0.190063,0.166138,0.034505,0.003593,0.040180,-0.182605,411.660004,15877.000000
660.000000,-58.410976,0.047852,0.000677,0.190674,0.164795,0.034617,0.003482,0.039644,-0.181714,367.739990,15899.000000
661.000000,-54.317001,0.048706,0.000874,0.192261,0.166382,0.034993,0.003805,0.039543,-0.183017,331.750000,15811.000000
662.000000,-48.759621,0.047607,0.000623,0.190308,0.165771,0.034387,0.003576,0.036795,-0.185507,399.700012,15828.000000
663.000000,-91.253777,0.048584,0.000464,0.190796,0.164917,0.034518,0.003396,0.035383,-0.188475,383.809998,15572.000000
664.000000,-44.480194,0.047729,0.000710,0.188721,0.164062,0.034313,0.003606,0.035542,-0.187729,432.529999,15519.000000
665.000000,-41.659691,0.047729,0.000526,0.189575,0.163452,0.034528,0.003416,0.032967,-0.189514,407.130005,15655.000000
666.000000,-41.054344,0.047729,0.000767,0.188232,0.162842,0.034954,0.003623,0.036657,-0.188699,398.140015,15449.000000
667.000000,-62.886299,0.048462,0.001081,0.189331,0.163452,0.035529,0.003946,0.040454,-0.184594,361.899994,15088.000000
668.000000,-62.737396,0.048950,0.001144,0.189819,0.163086,0.035906,0.004008,0.038017,-0.186934,311.359985,15104.000000
669.000000,-52.888866,0.049438,0.001247,0.190186,0.162598,0.036297,0.003995,0.036170,-0.187869,324.459991,15353.000000
670.000000,-56.362755,0.049072,0.001072,0.189453,0.160400,0.036085,0.003799,0.035987,-0.187898,331.100006,15166.000000
671.000000,-51.005066,0.049072,0.001078,0.188232,0.160522,0.036347,0.003774,0.035778,-0.187706,325.309998,15244.000000
672.000000,-72.482574,0.048584,0.000978,0.186768,0.161743,0.036118,0.003760,0.036595,-0.185233,306.839996,15413.000000
673.000000,-48.846844,0.047485,0.000848,0.188232,0.162598,0.035692,0.003703,0.038216,-0.184289,332.019989,15203.000000
674.000000,-56.063965,0.048096,0.001032,0.188232,0.162842,0.036011,0.003849,0.036220,-0.184279,307.869995,15367.000000
675.000000,-105.229897,0.048340,0.000773,0.188599,0.163208,0.036138,0.003647,0.036289,-0.184964,399.500000,15026.000000
676.000000,-50.140953,0.047974,0.000866,0.189697,0.162598,0.036247,0.003657,0.035302,-0.185925,281.399994,15086.000000
677.000000,-35.952278,0.048462,0.000762,0.190674,0.161987,0.036260,0.003564,0.036594,-0.185010,343.190002,15221.000000
678.000000,-81.757835,0.048706,0.000877,0.191528,0.161133,0.036430,0.003599,0.034457,-0.185278,286.809998,15143.000000
679.000000,-67.615715,0.049072,0.000909,0.192627,0.161133,0.036691,0.003657,0.035026,-0.183808,359.170013,15233.000000
680.000000,-59.299938,0.049194,0.000980,0.192627,0.161255,0.036551,0.003702,0.034262,-0.182735,321.589996,15262.000000
681.000000,-70.692848,0.050171,0.001004,0.194946,0.162476,0.037318,0.003750,0.037896,-0.183408,352.790009,15421.000000
682.000000,-31.014004,0.051147,0.001648,0.195068,0.163940,0.038151,0.004443,0.035864,-0.183951,258.510010,15389.000000
683.000000,-48.979366,0.051147,0.001475,0.194092,0.163208,0.038221,0.004201,0.036043,-0.183689,368.260010,15239.000000
684.000000,-60.651726,0.050171,0.000991,0.193115,0.162476,0.037669,0.003766,0.034825,-0.184331,406.410004,15368.000000
685.000000,-51.162098,0.049561,0.000972,0.193726,0.162964,0.037617,0.003764,0.039670,-0.180295,358.250000,15480.000000
686.000000,-50.141026,0.050049,0.000775,0.194458,0.162354,0.037371,0.003524,0.041887,-0.180419,411.929993,15359.000000
687.000000,-54.838303,0.050049,0.000965,0.192993,0.162964,0.037056,0.003785,0.039025,-0.181893,324.130005,15606.000000
688.000000,-81.076180,0.049683,0.000876,0.192871,0.163574,0.036936,0.003756,0.037101,-0.182168,372.500000,15688.000000
689.000000,-46.807343,0.050659,0.000904,0.194336,0.164062,0.037034,0.003794,0.036176,-0.182294,324.600006,15698.000000
690.000000,-59.039043,0.050903,0.001304,0.194580,0.165039,0.037267,0.004206,0.038964,-0.180199,402.350006,15605.000000
691.000000,-71.805435,0.051270,0.001016,0.195435,0.165039,0.037368,0.003962,0.039147,-0.179508,359.209991,15175.000000
692.000000,-57.761032,0.051025,0.001112,0.195801,0.165039,0.037547,0.004092,0.035024,-0.182247,327.130005,15438.000000
693.000000,-49.742157,0.051147,0.001278,0.196167,0.164551,0.037956,0.004251,0.034359,-0.181959,295.369995,15730.000000
694.000000,-40.957924,0.050171,0.001112,0.195068,0.165283,0.037636,0.004089,0.036776,-0.179575,309.779999,15552.000000
695.000000,-63.087475,0.050781,0.001203,0.194702,0.166870,0.037811,0.004200,0.036764,-0.178681,391.630005,15407.000000
696.000000,-73.594284,0.050049,0.000848,0.193726,0.166504,0.036835,0.004006,0.038077,-0.179268,407.820007,15815.000000
697.000000,-45.579311,0.051392,0.000798,0.194824,0.168335,0.036939,0.004043,0.037488,-0.179928,386.209991,15710.000000
698.000000,-51.973705,0.051392,0.000998,0.195190,0.167847,0.036926,0.004212,0.038490,-0.179595,336.130005,15752.000000
699.000000,-63.113342,0.052246,0.000961,0.194824,0.169800,0.036758,0.004073,0.040436,-0.178960,415.179993,15785.000000
700.000000,-37.395603,0.052612,0.000949,0.195435,0.168213,0.036702,0.003930,0.040020,-0.179246,304.010010,15761.000000
701.000000,-59.910290,0.052002,0.000728,0.194702,0.166870,0.036492,0.003683,0.037772,-0.179833,364.929993,15468.000000
702.000000,-64.942604,0.052368,0.000802,0.195923,0.166748,0.036481,0.003778,0.039180,-0.179796,320.429993,15489.000000
703.000000,-26.864246,0.052734,0.001201,0.196777,0.168335,0.037192,0.004184,0.043541,-0.176885,389.529999,15498.000000
704.000000,-65.785164,0.052368,0.000877,0.196411,0.167725,0.036929,0.003917,0.041683,-0.178526,411.619995,15451.000000
705.000000,-61.370960,0.051880,0.000796,0.195679,0.167114,0.036576,0.003844,0.040854,-0.178148,324.079987,15727.000000
706.000000,-30.976379,0.052002,0.001025,0.195801,0.167603,0.036433,0.004035,0.038971,-0.177539,332.029999,15766.000000
707.000000,-33.578518,0.051758,0.001020,0.195190,0.167480,0.035829,0.004031,0.036462,-0.177109,306.660004,15671.000000
708.000000,-38.325928,0.052612,0.001008,0.194824,0.169312,0.036042,0.004128,0.037203,-0.176347,310.019989,15585.000000
709.000000,-67.390167,0.052368,0.001035,0.195068,0.168335,0.035321,0.004029,0.036818,-0.177950,383.290009,15681.000000
710.000000,-67.690559,0.052002,0.001093,0.195557,0.168091,0.035295,0.004040,0.037307,-0.176587,374.269989,15483.000000
711.000000,-58.142078,0.052246,0.001135,0.196411,0.167847,0.035110,0.004083,0.036181,-0.177141,310.910004,15595.000000
712.000000,-47.753349,0.052368,0.001467,0.196167,0.168701,0.035395,0.004373,0.037314,-0.177596,357.790009,15502.000000
713.000000,-51.568504,0.052490,0.001284,0.196167,0.168091,0.035276,0.004147,0.034762,-0.179543,296.839996,15649.000000
714.000000,-64.575844,0.052246,0.001270,0.196167,0.169678,0.035227,0.004221,0.035486,-0.177537,371.820007,15575.000000
715.000000,-67.044975,0.052612,0.001266,0.195801,0.170044,0.035628,0.004187,0.038347,-0.176694,511.609985,15612.000000
716.000000,-73.413574,0.052979,0.001159,0.196655,0.170532,0.035747,0.004128,0.038512,-0.178130,351.690002,15707.000000
717.000000,-57.012379,0.052979,0.001036,0.196899,0.168823,0.035735,0.004016,0.040355,-0.179320,385.570007,15624.000000
718.000000,-62.847588,0.053711,0.000996,0.198608,0.169556,0.035735,0.003940,0.037638,-0.181113,360.269989,15620.000000
719.000000,-60.916626,0.052856,0.000898,0.197876,0.168457,0.035435,0.003790,0.035950,-0.181165,369.899994,15241.000000
720.000000,-51.496304,0.052612,0.001046,0.197144,0.168335,0.035556,0.003926,0.033626,-0.181079,364.779999,15259.000000
721.000000,-67.705536,0.052734,0.000892,0.196167,0.168213,0.035675,0.003783,0.033375,-0.179894,389.519989,15571.000000
722.000000,-62.166836,0.052734,0.000733,0.197144,0.167480,0.035215,0.003576,0.035353,-0.179250,321.290009,15388.000000
723.000000,-68.571747,0.052734,0.000721,0.197266,0.166260,0.035327,0.003474,0.038809,-0.178300,315.190002,15569.000000
724.000000,-59.962437,0.053101,0.001046,0.197144,0.166504,0.035875,0.003800,0.037630,-0.179065,355.989990,15563.000000
725.000000,-57.532608,0.052734,0.000973,0.196167,0.165771,0.035904,0.003728,0.032783,-0.179873,367.470001,15777.000000
726.000000,-52.078300,0.052612,0.000981,0.196899,0.165527,0.035890,0.003678,0.032576,-0.182063,319.160004,15794.000000
727.000000,-55.124317,0.053711,0.001277,0.196289,0.167236,0.036533,0.004026,0.034251,-0.179950,281.660004,15624.000000
728.000000,-53.796810,0.053711,0.001169,0.196289,0.166992,0.036548,0.003940,0.033428,-0.181421,326.359985,15600.000000
729.000000,-46.139629,0.052612,0.000689,0.196411,0.165527,0.035873,0.003419,0.035272,-0.180474,338.670013,15424.000000
730.000000,-64.044815,0.052612,0.000810,0.195679,0.165527,0.035881,0.003529,0.034510,-0.180764,286.500000,15447.000000
731.000000,-61.343113,0.052368,0.000787,0.194946,0.165161,0.035568,0.003529,0.035238,-0.178535,385.260010,15450.000000
732.000000,-40.974220,0.051025,0.000711,0.194336,0.163330,0.035354,0.003340,0.033743,-0.180259,305.179993,15675.000000
733.000000,-54.722309,0.050659,0.000897,0.193115,0.163818,0.035056,0.003632,0.032356,-0.179203,351.559998,15514.000000
734.000000,-45.050953,0.050415,0.000643,0.192505,0.161865,0.034672,0.003320,0.033720,-0.179428,339.230011,15482.000000
735.000000,-27.456476,0.050781,0.000840,0.192993,0.162964,0.034598,0.003545,0.035293,-0.179290,309.320007,15412.000000
736.000000,-39.960335,0.051514,0.000753,0.194824,0.161987,0.034621,0.003456,0.037721,-0.179409,253.729996,15502.000000
737.000000,-56.016640,0.051392,0.000586,0.195923,0.161987,0.034757,0.003326,0.038270,-0.177888,353.290009,15518.000000
738.000000,-61.734734,0.051147,0.000719,0.195679,0.161499,0.034794,0.003455,0.038202,-0.177786,349.429993,15325.000000
739.000000,-45.331753,0.051392,0.000881,0.196167,0.161133,0.034927,0.003594,0.033893,-0.180612,358.640015,15454.000000
740.000000,-48.216469,0.052124,0.001003,0.196655,0.160034,0.035374,0.003730,0.032476,-0.182336,345.079987,15605.000000
741.000000,-66.910881,0.052856,0.001502,0.196533,0.160889,0.036128,0.004193,0.031205,-0.182214,316.220001,15734.000000
742.000000,-67.887489,0.052002,0.001350,0.196777,0.159912,0.036133,0.004024,0.029195,-0.182906,365.489990,15263.000000
743.000000,-45.745209,0.053223,0.001247,0.197144,0.162354,0.036106,0.004133,0.030246,-0.181027,332.399994,15560.000000
744.000000,-53.616074,0.052856,0.000986,0.195679,0.161133,0.035848,0.003750,0.027115,-0.181846,332.790009,15555.000000
745.000000,-68.726562,0.052979,0.000969,0.195557,0.160767,0.036024,0.003733,0.027568,-0.180383,407.450012,15638.000000
746.000000,-23.795902,0.053711,0.001176,0.197144,0.161865,0.036567,0.004013,0.031903,-0.178110,300.369995,15487.000000
747.000000,-37.959824,0.053955,0.001234,0.196411,0.161255,0.035872,0.004127,0.030097,-0.179819,267.450012,15198.000000
748.000000,-45.630493,0.054688,0.000971,0.194092,0.162720,0.035438,0.003874,0.027932,-0.179479,312.000000,15498.000000
749.000000,-49.783035,0.055908,0.001164,0.196533,0.162720,0.035879,0.003995,0.029760,-0.178116,298.980011,15613.000000
750.000000,-58.344730,0.056763,0.001279,0.197754,0.162720,0.036291,0.004063,0.027983,-0.179653,433.059998,15580.000000
751.000000,-60.249912,0.057617,0.001809,0.198120,0.164795,0.037134,0.004614,0.025249,-0.180627,383.040009,15548.000000
752.000000,-36.554146,0.057739,0.001460,0.198853,0.164185,0.037196,0.004305,0.029799,-0.179567,315.850006,15544.000000
753.000000,-23.274019,0.057983,0.001391,0.197876,0.164551,0.036666,0.004239,0.031709,-0.177496,327.190002,15344.000000
754.000000,-70.382164,0.058105,0.000953,0.198242,0.164185,0.036471,0.003725,0.033499,-0.176901,416.890015,15367.000000
755.000000,-33.304623,0.057495,0.001039,0.197510,0.164185,0.035980,0.003725,0.032583,-0.177885,354.160004,15816.000000
756.000000,-33.329803,0.058472,0.001089,0.196655,0.164917,0.036034,0.003812,0.030198,-0.176971,337.049988,15591.000000
757.000000,-62.733532,0.059326,0.000978,0.197144,0.165405,0.035884,0.003764,0.031051,-0.177010,453.720001,15638.000000
758.000000,12.607473,0.058960,0.000891,0.197388,0.164551,0.035354,0.003609,0.030026,-0.178612,391.829987,15532.000000
759.000000,-26.240402,0.059082,0.000693,0.197754,0.164551,0.035168,0.003383,0.031615,-0.177549,311.420013,15734.000000
760.000000,-52.970665,0.057251,0.000534,0.196655,0.163330,0.035013,0.003189,0.030661,-0.177342,355.010010,15482.000000
761.000000,-42.844135,0.056763,0.000572,0.196045,0.162231,0.034886,0.003215,0.025722,-0.180239,319.700012,15289.000000
762.000000,-71.204895,0.056152,0.000650,0.195801,0.161255,0.034859,0.003307,0.022481,-0.180252,349.890015,15625.000000
763.000000,-46.158665,0.056641,0.000774,0.196899,0.161865,0.034997,0.003405,0.030128,-0.176126,370.690002,15522.000000
764.000000,-48.614723,0.057129,0.000951,0.197388,0.162720,0.035252,0.003545,0.029890,-0.176680,371.089996,15581.000000
765.000000,-58.726776,0.057007,0.000922,0.197266,0.161987,0.035089,0.003513,0.028462,-0.176078,333.619995,15764.000000
766.000000,-43.023277,0.056274,0.000686,0.195435,0.159424,0.034479,0.003179,0.022053,-0.181602,386.549988,15487.000000
767.000000,-53.083637,0.055908,0.000543,0.196289,0.158203,0.033965,0.003022,0.020893,-0.181758,411.739990,15594.000000
768.000000,-35.858692,0.055298,0.000723,0.196167,0.158203,0.033713,0.003292,0.025437,-0.175522,342.200012,15646.000000
769.000000,-59.901188,0.056030,0.000874,0.195190,0.158569,0.033498,0.003451,0.027460,-0.175373,383.609985,15872.000000
770.000000,-36.423416,0.055908,0.000951,0.195312,0.159424,0.033063,0.003537,0.025321,-0.175713,227.929993,15976.000000
771.000000,-23.991671,0.055420,0.000976,0.194824,0.158325,0.033163,0.003503,0.022730,-0.176761,350.109985,15844.000000
772.000000,-57.169041,0.055420,0.000878,0.194336,0.158081,0.033017,0.003389,0.020299,-0.178185,382.549988,15779.000000
773.000000,-60.629414,0.055786,0.000967,0.194580,0.159424,0.033044,0.003565,0.020106,-0.177054,376.049988,15572.000000
774.000000,-24.116282,0.056152,0.001206,0.194702,0.160400,0.033206,0.003921,0.023430,-0.176366,351.019989,15600.000000
775.000000,-39.964828,0.056763,0.001044,0.194702,0.160400,0.033454,0.003671,0.025215,-0.179049,275.989990,15821.000000
776.000000,-36.582508,0.056641,0.000912,0.193970,0.160278,0.033268,0.003531,0.022209,-0.179648,393.059998,16004.000000
777.000000,-63.560516,0.057617,0.001469,0.194580,0.161133,0.033764,0.004290,0.022393,-0.177247,342.670013,15556.000000
778.000000,-58.999062,0.058350,0.001410,0.196045,0.162109,0.033891,0.004296,0.024902,-0.174913,324.390015,15853.000000
779.000000,-72.266930,0.058472,0.001103,0.196533,0.161377,0.033714,0.003842,0.023625,-0.176724,304.250000,15839.000000
780.000000,-55.489601,0.059326,0.001103,0.197144,0.164062,0.033908,0.003953,0.024191,-0.176375,376.109985,15713.000000
781.000000,-72.712410,0.059204,0.001185,0.196411,0.164673,0.033712,0.003975,0.022351,-0.178511,375.410004,15943.000000
782.000000,-22.937944,0.058716,0.000760,0.196411,0.165283,0.033271,0.003574,0.021909,-0.178391,307.179993,15718.000000
783.000000,-57.767185,0.058350,0.000652,0.197632,0.165405,0.033231,0.003462,0.020460,-0.178156,266.559998,15094.000000
784.000000,-64.971054,0.058472,0.000782,0.197876,0.163940,0.033365,0.003547,0.020491,-0.176964,328.839996,15461.000000
785.000000,-28.993393,0.058594,0.000881,0.198608,0.164429,0.033432,0.003738,0.024837,-0.174839,358.130005,14982.000000
786.000000,-40.986507,0.058472,0.000924,0.198242,0.164917,0.033349,0.003810,0.022777,-0.177835,329.410004,15428.000000
787.000000,-40.639851,0.057007,0.000869,0.194702,0.163452,0.032532,0.003731,0.017658,-0.180530,348.769989,15338.000000
788.000000,-65.147141,0.056885,0.001110,0.192749,0.162231,0.032424,0.003916,0.016109,-0.181298,334.399994,15245.000000
789.000000,-66.700218,0.056885,0.000932,0.193481,0.161621,0.031995,0.003707,0.018634,-0.179474,358.980011,15315.000000
790.000000,-61.634945,0.056763,0.000773,0.194702,0.163208,0.032011,0.003619,0.018834,-0.179759,279.049988,15391.000000
791.000000,-53.425472,0.057739,0.001083,0.195679,0.163574,0.032393,0.003970,0.019289,-0.181355,389.859985,15381.000000
792.000000,-48.220791,0.059204,0.001152,0.196777,0.163696,0.032482,0.003994,0.019619,-0.180182,336.640015,15458.000000
793.000000,-40.872868,0.059448,0.001013,0.196777,0.163330,0.032507,0.003708,0.014836,-0.183114,289.929993,15365.000000
794.000000,-32.220692,0.059082,0.000737,0.197021,0.163330,0.031998,0.003421,0.012845,-0.182333,346.760010,15251.000000
795.000000,-42.852596,0.059326,0.000957,0.197998,0.164307,0.032226,0.003676,0.013057,-0.181597,327.589996,15330.000000
796.000000,-47.580868,0.059204,0.000887,0.198364,0.165161,0.032028,0.003697,0.016127,-0.179686,271.799988,15301.000000
797.000000,-49.776039,0.059082,0.001161,0.197754,0.165283,0.032032,0.003982,0.015368,-0.180939,312.059998,15336.000000
798.000000,-46.442963,0.059448,0.000997,0.197876,0.167603,0.032015,0.003904,0.012482,-0.182073,311.940002,15319.000000
799.000000,-48.559673,0.059448,0.001019,0.199585,0.166870,0.032480,0.003877,0.012371,-0.184846,350.130005,15535.000000
800.000000,-72.849838,0.059082,0.000972,0.198730,0.166504,0.032820,0.003776,0.012625,-0.182735,393.579987,15151.000000
801.000000,-54.208008,0.058228,0.000873,0.198608,0.165405,0.032861,0.003646,0.017304,-0.180602,270.829987,15433.000000
802.000000,-68.069283,0.059082,0.000780,0.199829,0.165649,0.033070,0.003624,0.017859,-0.181020,365.290009,15370.000000
803.000000,-76.134232,0.058716,0.000763,0.200928,0.164429,0.033197,0.003497,0.015224,-0.182841,294.269989,15423.000000
804.000000,-39.023106,0.058228,0.000681,0.201904,0.164551,0.033039,0.003358,0.014919,-0.181948,309.339996,15228.000000
805.000000,-56.379848,0.058228,0.001007,0.200684,0.165405,0.033060,0.003709,0.015906,-0.179840,305.230011,15002.000000
806.000000,-64.283272,0.058105,0.000648,0.201050,0.166504,0.032809,0.003369,0.013948,-0.181685,298.980011,15348.000000
807.000000,-27.103882,0.058472,0.000585,0.201416,0.166870,0.032552,0.003278,0.012882,-0.184204,301.750000,15221.000000
808.000000,-53.982140,0.058716,0.000928,0.201538,0.168091,0.032845,0.003645,0.012267,-0.184145,318.179993,15326.000000
809.000000,-48.458637,0.058838,0.001022,0.201904,0.167847,0.032957,0.003786,0.012985,-0.183595,291.079987,15282.000000
810.000000,-53.002151,0.059204,0.000781,0.202759,0.167847,0.033007,0.003545,0.012703,-0.185068,310.309998,15146.000000
811.000000,-44.518326,0.058105,0.000599,0.200806,0.167114,0.032275,0.003414,0.010338,-0.184303,314.250000,15428.000000
812.000000,-66.395470,0.057739,0.000655,0.200684,0.166016,0.032388,0.003488,0.006613,-0.185395,275.700012,15546.000000
813.000000,-51.416687,0.057617,0.000804,0.199341,0.166382,0.032436,0.003696,0.006306,-0.183855,308.179993,15497.000000
814.000000,-62.358158,0.059204,0.001383,0.200806,0.167603,0.033256,0.004379,0.005290,-0.185987,334.130005,15820.000000
815.000000,-53.879616,0.058472,0.000917,0.200684,0.166260,0.032992,0.003851,0.005423,-0.188462,325.880005,15394.000000
816.000000,-68.606445,0.057983,0.000919,0.198853,0.165161,0.032649,0.003880,0.006635,-0.185221,404.899994,15235.000000
817.000000,-75.026756,0.057861,0.000911,0.198853,0.165405,0.032263,0.003835,0.005192,-0.183911,365.880005,15568.000000
818.000000,-48.242958,0.057739,0.000763,0.197510,0.164185,0.031973,0.003684,0.003683,-0.186376,297.130005,15497.000000
819.000000,-40.999935,0.057251,0.000663,0.197021,0.163818,0.031615,0.003551,0.003895,-0.187200,289.929993,15759.000000
820.000000,-59.234737,0.057617,0.000578,0.198364,0.164062,0.031471,0.003486,0.007174,-0.184419,294.220001,15516.000000
821.000000,-64.665878,0.057861,0.000801,0.199341,0.164185,0.032008,0.003661,0.010512,-0.183031,309.299988,15553.000000
822.000000,-47.525791,0.057007,0.000704,0.197632,0.163818,0.031537,0.003577,0.010676,-0.183214,419.070007,15573.000000
823.000000,-62.457054,0.057373,0.000881,0.199341,0.165161,0.032025,0.003839,0.010535,-0.182979,278.309998,15599.000000
824.000000,-35.685852,0.057861,0.000905,0.201904,0.165771,0.032016,0.003930,0.012428,-0.182150,369.589996,15579.000000
825.000000,-57.927437,0.058350,0.001124,0.202637,0.165771,0.032199,0.004153,0.014366,-0.180689,423.190002,15494.000000
826.000000,-69.361481,0.058105,0.001111,0.201782,0.165771,0.032537,0.004107,0.014715,-0.183739,332.649994,15308.000000
827.000000,-39.449257,0.057617,0.001134,0.200073,0.164307,0.032057,0.004089,0.011779,-0.184005,265.059998,15639.000000
828.000000,-60.543911,0.057251,0.001060,0.200073,0.164062,0.031799,0.003973,0.013449,-0.183000,339.200012,15751.000000
829.000000,-70.162109,0.057007,0.000805,0.198730,0.163818,0.031355,0.003745,0.010248,-0.185060,322.149994,15526.000000
830.000000,-56.373993,0.056519,0.000858,0.198486,0.163696,0.031312,0.003741,0.013618,-0.182864,289.890015,15636.000000
831.000000,-49.659725,0.056274,0.000937,0.199097,0.163696,0.031193,0.003889,0.014520,-0.182209,352.679993,15637.000000
832.000000,-61.113693,0.056396,0.000867,0.198120,0.164429,0.031379,0.003807,0.014665,-0.181867,336.209991,15683.000000
833.000000,-70.169472,0.057617,0.000906,0.198853,0.165283,0.031581,0.003769,0.016358,-0.181384,311.450012,15578.000000
834.000000,-45.615849,0.057739,0.001161,0.197632,0.165283,0.031285,0.004060,0.015707,-0.181813,343.540009,15709.000000
835.000000,-43.599632,0.057373,0.001166,0.197144,0.164795,0.031316,0.003970,0.014505,-0.184868,364.739990,15098.000000
836.000000,-54.904442,0.058105,0.001517,0.197632,0.165894,0.031920,0.004299,0.017099,-0.181959,259.459991,15332.000000
837.000000,-40.484592,0.057861,0.001455,0.198364,0.166260,0.032273,0.004252,0.018808,-0.181080,313.329987,15533.000000
838.000000,-43.499905,0.057983,0.001319,0.198120,0.166138,0.031937,0.004120,0.020835,-0.181796,254.190002,15778.000000
839.000000,-36.366280,0.058472,0.001694,0.197021,0.165039,0.032187,0.004500,0.019570,-0.182049,258.589996,15552.000000
840.000000,-37.520214,0.058594,0.001352,0.196777,0.167114,0.032258,0.004243,0.018218,-0.181658,319.320007,15499.000000
841.000000,-61.265781,0.058350,0.001311,0.197021,0.168335,0.032417,0.004286,0.019227,-0.181220,303.420013,15523.000000
842.000000,-50.209839,0.058228,0.001535,0.197754,0.168457,0.032354,0.004492,0.019444,-0.181472,317.679993,15486.000000
843.000000,-29.705933,0.059204,0.001614,0.199341,0.168091,0.032718,0.004554,0.020987,-0.182041,355.920013,15588.000000
844.000000,-56.114006,0.059082,0.001226,0.198975,0.167236,0.032188,0.004099,0.020034,-0.183333,282.929993,15831.000000
845.000000,-48.273201,0.058960,0.001080,0.199219,0.167114,0.032333,0.003946,0.021809,-0.181941,314.640015,15559.000000
846.000000,-35.747421,0.058105,0.001046,0.199707,0.166626,0.032747,0.003921,0.023525,-0.181531,293.380005,15836.000000
847.000000,-41.649620,0.058838,0.001131,0.200439,0.167236,0.033087,0.004029,0.025244,-0.181671,279.410004,15771.000000
848.000000,-56.245171,0.058960,0.001408,0.201172,0.166992,0.033174,0.004293,0.024034,-0.181662,326.589996,15639.000000
849.000000,-68.755974,0.059326,0.001053,0.202026,0.167847,0.033527,0.003968,0.025880,-0.182428,313.890015,15808.000000
850.000000,-55.749828,0.059570,0.001123,0.203125,0.167603,0.033464,0.004195,0.026537,-0.180514,404.239990,15645.000000
851.000000,-45.006638,0.059204,0.001120,0.202515,0.169189,0.033361,0.004203,0.025180,-0.181201,362.779999,15671.000000
852.000000,-57.462990,0.059448,0.001098,0.203125,0.169434,0.033450,0.004090,0.023416,-0.181787,342.679993,15312.000000
853.000000,-51.962048,0.059326,0.001265,0.204468,0.171021,0.033654,0.004355,0.023913,-0.180474,351.609985,15529.000000
854.000000,-54.452778,0.059937,0.001041,0.204712,0.171143,0.033336,0.004107,0.026810,-0.178815,329.950012,15745.000000
855.000000,-57.508289,0.060791,0.001460,0.204346,0.170288,0.033765,0.004389,0.023792,-0.178216,308.489990,15590.000000
856.000000,-49.817142,0.060669,0.001159,0.202881,0.171631,0.033393,0.004191,0.020175,-0.179883,299.010010,15522.000000
857.000000,-51.826130,0.060425,0.001303,0.202515,0.170044,0.033696,0.004340,0.019579,-0.181397,286.619995,15910.000000
858.000000,-42.338215,0.060425,0.001552,0.202393,0.169434,0.033568,0.004553,0.017682,-0.182755,317.200012,15892.000000
859.000000,-53.296829,0.059937,0.001059,0.201904,0.169312,0.033338,0.004079,0.017715,-0.181742,272.970001,15642.000000
860.000000,-51.385117,0.060425,0.001136,0.205078,0.168701,0.033599,0.004222,0.021733,-0.180193,178.820007,15395.000000
861.000000,-53.648457,0.060425,0.001275,0.206055,0.168457,0.033558,0.004403,0.024803,-0.178863,356.239990,15677.000000
862.000000,-29.857445,0.060547,0.001265,0.206909,0.167969,0.033497,0.004464,0.023205,-0.181899,333.140015,15659.000000
863.000000,-57.899170,0.060181,0.000965,0.206177,0.167236,0.033016,0.004164,0.022420,-0.182141,295.190002,15523.000000
864.000000,-52.112354,0.060059,0.000706,0.207153,0.166260,0.032583,0.003784,0.021992,-0.181615,295.700012,15646.000000
865.000000,-68.310669,0.060669,0.001190,0.207520,0.167480,0.033343,0.004301,0.022357,-0.181057,392.980011,15768.000000
866.000000,-48.021126,0.060303,0.000943,0.205688,0.168823,0.033083,0.004156,0.021929,-0.181709,304.760010,15890.000000
867.000000,-46.246330,0.059814,0.000974,0.206787,0.166992,0.033387,0.004084,0.023991,-0.181661,295.390015,15636.000000
868.000000,-53.785187,0.059814,0.001269,0.206543,0.169067,0.033449,0.004448,0.023716,-0.179806,296.170013,15275.000000
869.000000,-50.957767,0.059082,0.001505,0.204712,0.167725,0.033696,0.004598,0.025384,-0.180761,321.339996,15492.000000
870.000000,-62.643269,0.059448,0.001526,0.204956,0.167847,0.033727,0.004727,0.023830,-0.180904,286.519989,15416.000000
871.000000,-55.854752,0.059692,0.001374,0.206299,0.169067,0.034087,0.004558,0.024259,-0.181879,317.559998,15512.000000
872.000000,-28.880293,0.060059,0.001068,0.207642,0.169067,0.034126,0.004261,0.025652,-0.183087,318.880005,15322.000000
873.000000,-48.989429,0.060059,0.000974,0.208252,0.167725,0.034240,0.004124,0.026021,-0.184016,370.440002,15517.000000
874.000000,-16.370787,0.059937,0.001112,0.207520,0.168579,0.034407,0.004288,0.028250,-0.181501,292.089996,15537.000000
875.000000,-62.574665,0.060303,0.000944,0.207520,0.168945,0.034690,0.004151,0.031137,-0.181409,346.579987,15592.000000
876.000000,-70.302620,0.061401,0.001409,0.209717,0.170410,0.035588,0.004697,0.029978,-0.182311,364.559998,15530.000000
877.000000,-48.663925,0.062378,0.001489,0.209839,0.169189,0.036352,0.004569,0.029779,-0.183418,282.940002,15129.000000
878.000000,-57.280777,0.061523,0.001030,0.209229,0.168945,0.035593,0.004110,0.028211,-0.183688,241.990005,14901.000000
879.000000,-70.607109,0.061401,0.000897,0.210083,0.168823,0.035890,0.003997,0.032181,-0.180217,343.380005,15265.000000
880.000000,-46.195656,0.061157,0.001082,0.209717,0.169312,0.036120,0.004183,0.035189,-0.180139,357.709991,15100.000000
881.000000,-49.676460,0.060913,0.000928,0.211182,0.169800,0.035996,0.004109,0.036731,-0.177536,265.089996,15246.000000
882.000000,-48.762341,0.061646,0.000941,0.213623,0.170532,0.036382,0.004077,0.039025,-0.176616,305.760010,15422.000000
883.000000,-57.931660,0.061523,0.001033,0.212891,0.169556,0.036519,0.004061,0.038093,-0.178355,308.070007,15085.000000
884.000000,-47.859783,0.061401,0.001063,0.213135,0.169556,0.036490,0.004025,0.037429,-0.177571,357.640015,15210.000000
885.000000,-49.914192,0.061768,0.001327,0.215576,0.169434,0.036986,0.004272,0.038808,-0.179607,326.600006,15150.000000
886.000000,-51.352238,0.061646,0.001181,0.215088,0.169556,0.037224,0.004188,0.036776,-0.180765,404.000000,15029.000000
887.000000,-39.405445,0.062256,0.001449,0.218140,0.169434,0.037889,0.004416,0.042363,-0.177010,290.850006,15101.000000
888.000000,-66.561295,0.062012,0.001075,0.219360,0.170044,0.038009,0.004035,0.045488,-0.176513,318.839996,15010.000000
889.000000,-51.106415,0.062134,0.000874,0.219238,0.170776,0.037879,0.003837,0.040959,-0.179214,288.390015,15023.000000
890.000000,-48.871323,0.060425,0.000821,0.217773,0.169067,0.036849,0.003758,0.036067,-0.180020,285.589996,15121.000000
891.000000,-64.486694,0.060059,0.000756,0.217651,0.166748,0.036768,0.003592,0.034831,-0.181965,352.390015,15238.000000
892.000000,-42.918327,0.060181,0.001155,0.217773,0.165649,0.037241,0.003972,0.035309,-0.179436,400.739990,15233.000000
893.000000,-67.979584,0.060913,0.001339,0.219971,0.166138,0.037595,0.004137,0.039033,-0.176572,370.519989,15108.000000
894.000000,-42.984173,0.060791,0.001019,0.218506,0.165405,0.037626,0.003864,0.041188,-0.176987,280.279999,15115.000000
895.000000,-44.888348,0.059937,0.000885,0.218628,0.165283,0.037354,0.003749,0.039504,-0.176470,408.230011,15080.000000
896.000000,-60.318550,0.059570,0.000759,0.218140,0.166504,0.037067,0.003687,0.040405,-0.175880,321.910004,15153.000000
897.000000,-68.940926,0.060303,0.001012,0.219727,0.165894,0.037794,0.003956,0.042449,-0.177199,311.350006,15303.000000
898.000000,-37.675327,0.060425,0.001398,0.218140,0.166992,0.038383,0.004362,0.044001,-0.176494,352.119995,15393.000000
899.000000,-38.267021,0.061035,0.001696,0.218140,0.168457,0.038796,0.004693,0.042865,-0.176252,311.369995,15293.000000
900.000000,-66.937943,0.060669,0.001307,0.219604,0.168213,0.038990,0.004344,0.045444,-0.174620,376.399994,15343.000000
901.000000,-29.522745,0.059692,0.001105,0.218018,0.167603,0.038549,0.004135,0.051271,-0.172643,277.140015,15245.000000
902.000000,-50.129601,0.059204,0.000957,0.217163,0.167969,0.038539,0.003966,0.047204,-0.176618,308.269989,15376.000000
903.000000,-53.523369,0.060547,0.001352,0.220093,0.167847,0.038870,0.004261,0.045940,-0.177349,332.179993,15341.000000
904.000000,-57.632656,0.060181,0.001219,0.218872,0.166382,0.038807,0.004087,0.043021,-0.177509,376.660004,15148.000000
905.000000,-49.011505,0.059448,0.001188,0.219238,0.166260,0.038552,0.004123,0.044509,-0.175388,370.579987,15286.000000
906.000000,-56.674664,0.060303,0.001669,0.220703,0.166138,0.038921,0.004665,0.046113,-0.173065,334.200012,15250.000000
907.000000,-42.505863,0.060059,0.001224,0.220459,0.167114,0.038732,0.004249,0.044869,-0.174159,367.049988,15016.000000
908.000000,-36.270332,0.059082,0.001132,0.220459,0.166504,0.038543,0.004123,0.044549,-0.173682,308.480011,15181.000000
909.000000,-36.313084,0.058838,0.000923,0.220337,0.166626,0.038054,0.003938,0.040235,-0.175515,302.079987,15281.000000
910.000000,-62.035698,0.058472,0.000804,0.220337,0.166260,0.037860,0.003807,0.042876,-0.175158,354.459991,14979.000000
911.000000,-62.836422,0.058350,0.000803,0.220337,0.166016,0.038052,0.003748,0.043970,-0.175053,368.440002,15344.000000
912.000000,-74.846848,0.058228,0.000944,0.220215,0.166382,0.038396,0.003929,0.044146,-0.175301,348.290009,15186.000000
913.000000,-64.437782,0.058472,0.001208,0.221069,0.166504,0.038340,0.004180,0.044982,-0.176044,322.630005,15288.000000
914.000000,-44.707321,0.059082,0.001115,0.221558,0.165161,0.038778,0.004035,0.043373,-0.178335,299.329987,15401.000000
915.000000,-43.056381,0.058228,0.000937,0.221313,0.164062,0.038548,0.003830,0.040226,-0.180021,330.190002,15436.000000
916.000000,-31.479578,0.058594,0.001097,0.221069,0.163696,0.038521,0.004011,0.044429,-0.175800,272.489990,15576.000000
917.000000,-51.013424,0.059204,0.000985,0.223389,0.162842,0.039072,0.003870,0.043670,-0.176748,317.109985,15024.000000
918.000000,-50.782978,0.059448,0.000953,0.223389,0.163208,0.039285,0.003860,0.040473,-0.178223,268.350006,15331.000000
919.000000,-67.683449,0.058594,0.000660,0.220947,0.162964,0.038583,0.003522,0.037661,-0.179162,306.480011,15270.000000
920.000000,-41.862984,0.058594,0.000794,0.222656,0.163086,0.038872,0.003624,0.038725,-0.176801,342.959991,15433.000000
921.000000,-23.211027,0.058594,0.000647,0.224243,0.162964,0.038848,0.003464,0.039531,-0.177537,345.029999,15050.000000
922.000000,-43.899746,0.058838,0.000953,0.222290,0.162964,0.038694,0.003673,0.037766,-0.178462,308.940002,15596.000000
923.000000,-68.219231,0.057861,0.000859,0.222778,0.161255,0.038380,0.003539,0.035761,-0.179536,335.190002,15578.000000
924.000000,-67.937553,0.059326,0.000897,0.223022,0.163940,0.038396,0.003722,0.033970,-0.179001,362.119995,15584.000000
925.000000,-66.439850,0.059204,0.000817,0.222900,0.162231,0.037986,0.003612,0.034642,-0.179419,296.470001,15599.000000
926.000000,-50.348240,0.059082,0.001143,0.223511,0.164307,0.038220,0.003947,0.036433,-0.177403,373.609985,15461.000000
927.000000,-61.087955,0.059570,0.000985,0.223999,0.162964,0.038612,0.003678,0.039981,-0.177746,290.649994,15502.000000
928.000000,-31.893835,0.060547,0.001079,0.225586,0.163696,0.038871,0.003788,0.040381,-0.179280,272.179993,15622.000000
929.000000,-49.579964,0.060669,0.001120,0.226074,0.163452,0.039247,0.003840,0.039120,-0.177043,220.279999,15714.000000
930.000000,-25.325676,0.060547,0.000805,0.227173,0.163940,0.039177,0.003534,0.041133,-0.175772,267.660004,15400.000000
931.000000,-42.164463,0.060669,0.001063,0.228149,0.164307,0.039462,0.003820,0.041164,-0.175983,300.420013,15497.000000
932.000000,-48.657635,0.061157,0.001089,0.229004,0.163818,0.039965,0.003779,0.037587,-0.178614,321.290009,15330.000000
933.000000,-55.142342,0.060791,0.000958,0.228882,0.163574,0.040153,0.003608,0.037645,-0.178971,306.730011,15645.000000
934.000000,-58.751537,0.061401,0.001000,0.229736,0.163818,0.040244,0.003658,0.036214,-0.181068,272.440002,15580.000000
935.000000,-44.345089,0.062256,0.001068,0.231323,0.166382,0.040170,0.003891,0.037589,-0.179307,324.230011,15428.000000
936.000000,-21.339287,0.062012,0.001063,0.231079,0.164307,0.039780,0.003892,0.036057,-0.180918,390.619995,15397.000000
937.000000,-40.098888,0.062256,0.001337,0.231201,0.164551,0.039844,0.004110,0.034426,-0.181104,314.600006,15527.000000
938.000000,-39.220272,0.062622,0.001138,0.230713,0.164062,0.039598,0.003860,0.031736,-0.182403,315.480011,15373.000000
939.000000,-69.639999,0.062378,0.000935,0.229980,0.163940,0.039472,0.003675,0.030404,-0.182791,290.010010,15586.000000
940.000000,-56.092266,0.062622,0.001411,0.228638,0.163330,0.039944,0.004082,0.030108,-0.183330,352.790009,15644.000000
941.000000,-47.727356,0.062134,0.000903,0.227661,0.162354,0.039631,0.003572,0.028740,-0.185431,304.089996,15381.000000
942.000000,-49.362469,0.061890,0.000892,0.226807,0.162231,0.039883,0.003634,0.029501,-0.182540,372.450012,15442.000000
943.000000,-38.125774,0.061890,0.000942,0.226318,0.162231,0.039574,0.003674,0.030975,-0.183126,300.720001,15066.000000
944.000000,-34.715977,0.061157,0.000958,0.225952,0.161133,0.039242,0.003650,0.028433,-0.184983,297.420013,15642.000000
945.000000,-74.036659,0.060913,0.001178,0.227661,0.161255,0.039321,0.003887,0.031923,-0.180951,333.440002,15300.000000
946.000000,-44.096004,0.059937,0.000826,0.228149,0.159424,0.038793,0.003513,0.030732,-0.182763,273.350006,15236.000000
947.000000,-45.240990,0.059692,0.001233,0.228027,0.159912,0.039050,0.003902,0.032203,-0.181159,310.209991,15228.000000
948.000000,-48.096149,0.060547,0.001322,0.228149,0.160278,0.039273,0.004015,0.030224,-0.180265,276.029999,15302.000000
949.000000,-53.720749,0.060303,0.001413,0.227783,0.161011,0.038964,0.004087,0.032032,-0.180858,331.339996,15306.000000
950.000000,-46.828293,0.059692,0.001219,0.227295,0.161377,0.038621,0.003936,0.032134,-0.179921,308.130005,15627.000000
951.000000,2.757068,0.058838,0.000936,0.225586,0.162354,0.037692,0.003710,0.026840,-0.182308,286.170013,15707.000000
952.000000,-41.189812,0.059204,0.001450,0.225098,0.161987,0.038219,0.004149,0.025551,-0.183392,249.070007,15563.000000
953.000000,-39.601368,0.057861,0.000967,0.223389,0.159912,0.037330,0.003667,0.028459,-0.180642,329.320007,15474.000000
954.000000,-51.374702,0.058105,0.000931,0.225220,0.161133,0.037500,0.003739,0.030089,-0.180381,294.279999,15670.000000
955.000000,-51.402645,0.058594,0.001272,0.225220,0.162109,0.037668,0.004069,0.032746,-0.177941,310.769989,15429.000000
956.000000,-40.871582,0.058716,0.001543,0.225830,0.160889,0.038051,0.004241,0.030071,-0.181151,340.029999,15427.000000
957.000000,-72.388916,0.058228,0.001269,0.226440,0.161865,0.038099,0.004007,0.030440,-0.181209,326.869995,15630.000000
958.000000,-26.766829,0.059204,0.001769,0.227051,0.161255,0.038771,0.004484,0.033465,-0.180813,270.799988,15833.000000
959.000000,-56.037964,0.057495,0.001251,0.224731,0.160645,0.037898,0.003990,0.032685,-0.180377,298.769989,15594.000000
960.000000,-42.986977,0.058716,0.001201,0.225586,0.161011,0.038519,0.003987,0.032866,-0.179711,360.690002,15758.000000
961.000000,-58.144016,0.058716,0.000952,0.226196,0.160400,0.038485,0.003740,0.033342,-0.181537,237.619995,15760.000000
962.000000,-25.869802,0.058594,0.000831,0.225830,0.160522,0.038057,0.003601,0.031310,-0.181815,232.860001,15423.000000
963.000000,-36.100014,0.058594,0.001110,0.225830,0.160034,0.038552,0.003842,0.031813,-0.179914,285.549988,15327.000000
964.000000,-24.120577,0.059204,0.001246,0.226074,0.160034,0.038619,0.003971,0.034759,-0.178787,313.989990,15100.000000
965.000000,-59.698036,0.059326,0.001026,0.224854,0.160889,0.038973,0.003803,0.038040,-0.179141,361.630005,15122.000000
966.000000,-37.460335,0.059937,0.001047,0.225220,0.162109,0.038962,0.003883,0.035664,-0.180876,244.199997,15611.000000
967.000000,-60.317097,0.059814,0.001068,0.225708,0.161011,0.038807,0.003899,0.031999,-0.183615,193.669998,15614.000000
968.000000,-28.653717,0.059937,0.001512,0.225830,0.161499,0.038899,0.004401,0.034595,-0.179829,336.809998,15548.000000
969.000000,-42.262310,0.059937,0.001454,0.226196,0.162354,0.039357,0.004244,0.035646,-0.179717,319.540009,15555.000000
970.000000,-51.109039,0.060425,0.001121,0.226685,0.163330,0.039483,0.003922,0.036139,-0.179762,300.540009,15547.000000
971.000000,-30.933157,0.059937,0.000965,0.225952,0.163696,0.039543,0.003800,0.036623,-0.179769,299.369995,15290.000000
972.000000,-67.747498,0.059814,0.001076,0.224365,0.161987,0.039020,0.003862,0.032451,-0.181607,387.529999,15541.000000
973.000000,-53.655396,0.059082,0.001033,0.223022,0.162109,0.039096,0.003831,0.031493,-0.181353,268.910004,15530.000000
974.000000,-27.450354,0.059326,0.001016,0.223022,0.162231,0.039189,0.003772,0.031395,-0.181788,305.989990,15689.000000
975.000000,-34.467342,0.058838,0.000788,0.223755,0.162109,0.038327,0.003564,0.034090,-0.180008,259.269989,15605.000000
976.000000,-42.943542,0.058716,0.001483,0.226440,0.161987,0.039400,0.004221,0.035175,-0.178483,245.029999,15271.000000
977.000000,-39.203480,0.058105,0.001220,0.225098,0.161377,0.039209,0.003983,0.033826,-0.180232,243.740005,15568.000000
978.000000,-55.296848,0.058472,0.001563,0.226685,0.161011,0.039456,0.004382,0.033475,-0.181212,247.089996,15387.000000
979.000000,-58.234028,0.058350,0.001094,0.226685,0.161987,0.039173,0.004039,0.036175,-0.177363,301.739990,15648.000000
980.000000,-71.891113,0.057983,0.000858,0.226440,0.160156,0.038780,0.003676,0.035707,-0.178936,296.619995,15628.000000
981.000000,-38.319042,0.058716,0.001438,0.225952,0.161865,0.039511,0.004411,0.033766,-0.179104,307.529999,15744.000000
982.000000,-71.402031,0.058716,0.001267,0.225586,0.162354,0.039720,0.004197,0.033971,-0.178085,288.709991,15254.000000
983.000000,-48.993320,0.057983,0.001321,0.225464,0.159058,0.039571,0.004169,0.034390,-0.178937,326.190002,15564.000000
984.000000,-14.494444,0.058105,0.001269,0.226562,0.161865,0.039214,0.004199,0.034441,-0.178009,368.500000,15725.000000
985.000000,-23.216066,0.059082,0.001404,0.227295,0.162231,0.039141,0.004300,0.032747,-0.177378,237.830002,15613.000000
986.000000,-79.619476,0.060425,0.001762,0.229004,0.163574,0.039867,0.004714,0.034265,-0.176918,376.649994,15302.000000
987.000000,-4.425586,0.060669,0.001726,0.228760,0.164795,0.039288,0.004787,0.035063,-0.176190,271.750000,15285.000000
988.000000,-43.816120,0.059814,0.001446,0.228271,0.163940,0.038945,0.004519,0.033446,-0.177051,255.350006,15025.000000
989.000000,-40.820305,0.059570,0.001195,0.227295,0.163330,0.039106,0.004231,0.034136,-0.177358,263.950012,15225.000000
990.000000,-64.616501,0.058960,0.001416,0.226929,0.161743,0.038634,0.004421,0.031755,-0.178233,315.250000,15293.000000
991.000000,-56.379375,0.058716,0.001149,0.228760,0.163330,0.038361,0.004340,0.031723,-0.177652,296.760010,15312.000000
992.000000,-36.685879,0.058350,0.000993,0.226685,0.161743,0.038112,0.004137,0.027012,-0.181399,273.309998,15231.000000
993.000000,-16.306686,0.057495,0.000700,0.225952,0.161255,0.037851,0.003806,0.026357,-0.179539,291.510010,15173.000000
994.000000,-27.833359,0.057007,0.000905,0.224365,0.161621,0.037846,0.004027,0.030830,-0.175832,370.739990,15375.000000
995.000000,-47.252689,0.057007,0.000931,0.225342,0.162109,0.038023,0.004143,0.031967,-0.179234,313.089996,15184.000000
996.000000,-29.617586,0.057007,0.001464,0.224243,0.162354,0.038054,0.004648,0.031091,-0.178976,278.559998,15522.000000
997.000000,-45.514359,0.055908,0.000867,0.222290,0.160645,0.037279,0.003895,0.030539,-0.180766,356.359985,15246.000000
998.000000,-47.651142,0.054810,0.000726,0.222534,0.159180,0.037219,0.003731,0.030169,-0.181013,337.869995,15328.000000
999.000000,-30.283791,0.055176,0.000724,0.223511,0.159790,0.037645,0.003797,0.030942,-0.180512,273.750000,15396.000000
1000.000000,-40.779503,0.055786,0.000828,0.223389,0.160645,0.037773,0.003873,0.034321,-0.178304,342.359985,15349.000000
1001.000000,-74.110321,0.056885,0.001067,0.224976,0.161255,0.038310,0.004182,0.035944,-0.176303,338.940002,15305.000000
1002.000000,-36.466042,0.057251,0.001137,0.224976,0.160278,0.038226,0.004160,0.032365,-0.178726,333.059998,15173.000000
1003.000000,-55.475861,0.057129,0.001047,0.225464,0.160400,0.038014,0.004210,0.034018,-0.178344,253.289993,15200.000000
1004.000000,-44.615395,0.057129,0.000708,0.225342,0.158569,0.037271,0.003847,0.035104,-0.179395,277.429993,15175.000000
1005.000000,-38.655468,0.057251,0.001030,0.224854,0.159302,0.037414,0.004085,0.032632,-0.180323,301.100006,15441.000000
1006.000000,-58.976730,0.057129,0.001170,0.223999,0.160767,0.036892,0.004306,0.034462,-0.177587,329.140015,15319.000000
1007.000000,-39.972042,0.057129,0.001061,0.224731,0.159424,0.036783,0.004123,0.035504,-0.179919,293.359985,15535.000000
1008.000000,-33.331215,0.056885,0.000932,0.225220,0.158081,0.036804,0.003982,0.032493,-0.182026,289.190002,15452.000000
1009.000000,-51.598156,0.057373,0.001189,0.227295,0.158325,0.037083,0.004292,0.030900,-0.180243,252.559998,15352.000000
1010.000000,-54.234791,0.057617,0.000871,0.229004,0.157837,0.037422,0.003949,0.037164,-0.177534,269.809998,15380.000000
1011.000000,-43.354675,0.058228,0.000916,0.229858,0.160767,0.037433,0.004208,0.036896,-0.174193,367.179993,15375.000000
1012.000000,-45.118935,0.057007,0.000701,0.229126,0.158691,0.037275,0.003913,0.039177,-0.175220,273.470001,15288.000000
1013.000000,-30.303160,0.057861,0.001074,0.231323,0.160767,0.037895,0.004426,0.040272,-0.172459,295.480011,15440.000000
1014.000000,-59.949615,0.057617,0.001026,0.230713,0.161377,0.038034,0.004415,0.040163,-0.172897,347.690002,15614.000000
1015.000000,-63.800747,0.057495,0.001347,0.230957,0.160156,0.038216,0.004671,0.041112,-0.174533,354.350006,15616.000000
1016.000000,-67.585213,0.057373,0.001028,0.230469,0.161011,0.038012,0.004273,0.040043,-0.174230,329.299988,15397.000000
1017.000000,-50.599895,0.057861,0.000884,0.230225,0.162109,0.037695,0.004134,0.038922,-0.175824,286.309998,15457.000000
1018.000000,-45.379704,0.058350,0.000977,0.231812,0.164062,0.038161,0.004329,0.038998,-0.176067,335.790009,15526.000000
1019.000000,-35.870617,0.058228,0.000882,0.231934,0.163086,0.038066,0.004264,0.041114,-0.174511,318.149994,15380.000000
1020.000000,-35.853748,0.058594,0.001387,0.232422,0.163696,0.038506,0.004754,0.041939,-0.173110,333.299988,15488.000000
1021.000000,-30.212765,0.058105,0.000907,0.233521,0.163696,0.038243,0.004271,0.045379,-0.172809,335.850006,15590.000000
1022.000000,-43.183605,0.058472,0.000838,0.234619,0.161499,0.037927,0.004116,0.042913,-0.175299,271.089996,15541.000000
1023.000000,-50.362072,0.058960,0.001066,0.236206,0.162598,0.038493,0.004331,0.044534,-0.173600,306.739990,15294.000000
1024.000000,-48.449383,0.057983,0.000770,0.236206,0.163208,0.038190,0.004137,0.045773,-0.172924,259.119995,15286.000000
1025.000000,-54.422970,0.058105,0.000979,0.236694,0.163940,0.038445,0.004302,0.047553,-0.171878,260.989990,15073.000000
1026.000000,-32.081505,0.057129,0.000888,0.235474,0.163208,0.038128,0.004204,0.048080,-0.172647,254.880005,15646.000000
1027.000000,-57.260227,0.057129,0.000823,0.235718,0.164429,0.038496,0.004166,0.048115,-0.172020,276.959991,15585.000000
1028.000000,-63.635406,0.056274,0.000862,0.234619,0.163330,0.038609,0.004176,0.044959,-0.173830,294.890015,15553.000000
1029.000000,-39.561043,0.056396,0.001226,0.233887,0.163940,0.038919,0.004477,0.041774,-0.175042,282.410004,15415.000000
1030.000000,-25.987267,0.057007,0.000917,0.235840,0.163574,0.038805,0.004123,0.045779,-0.173408,285.940002,15703.000000
1031.000000,-27.548172,0.057129,0.000920,0.234863,0.163208,0.038838,0.004194,0.045353,-0.175108,304.320007,15476.000000
1032.000000,-57.213593,0.057861,0.001115,0.235474,0.165283,0.039373,0.004615,0.046875,-0.172103,236.000000,15585.000000
1033.000000,-54.675499,0.057983,0.001016,0.237183,0.166504,0.039255,0.004489,0.050384,-0.169761,302.690002,15112.000000
1034.000000,-25.880650,0.057373,0.000825,0.237305,0.166626,0.039228,0.004224,0.050338,-0.171992,255.389999,15576.000000
1035.000000,-36.865837,0.057373,0.000898,0.236084,0.165771,0.039238,0.004237,0.048150,-0.172729,293.089996,15642.000000
1036.000000,-28.287966,0.058105,0.001116,0.238159,0.165405,0.039380,0.004453,0.045656,-0.174047,178.160004,15554.000000
1037.000000,-39.256378,0.058350,0.000966,0.239258,0.165039,0.039550,0.004280,0.044836,-0.173105,328.679993,15082.000000
1038.000000,-47.786106,0.059082,0.001105,0.240845,0.166626,0.039582,0.004489,0.047399,-0.170791,331.799988,15417.000000
1039.000000,-48.859917,0.058960,0.001471,0.240845,0.167603,0.040297,0.004963,0.048510,-0.169787,268.630005,15379.000000
1040.000000,-26.440273,0.058228,0.001029,0.240112,0.165405,0.040003,0.004386,0.043785,-0.175360,313.640015,15517.000000
1041.000000,-17.127674,0.057495,0.000801,0.238281,0.164062,0.039015,0.004115,0.039814,-0.176608,296.290009,15508.000000
1042.000000,-68.958359,0.057617,0.001231,0.238525,0.165527,0.039160,0.004678,0.039437,-0.175510,364.570007,15530.000000
1043.000000,-51.960384,0.056641,0.000954,0.237183,0.165405,0.038840,0.004416,0.038505,-0.176804,283.320007,15483.000000
1044.000000,-33.715652,0.055298,0.000931,0.235352,0.164795,0.038726,0.004393,0.038468,-0.175888,336.739990,15357.000000
1045.000000,-38.926025,0.055542,0.000986,0.234985,0.165039,0.038596,0.004383,0.039014,-0.176267,278.609985,15639.000000
1046.000000,-25.463840,0.056274,0.000912,0.236450,0.165161,0.038599,0.004303,0.040664,-0.175833,247.300003,15794.000000
1047.000000,-30.826084,0.056030,0.000680,0.234253,0.164795,0.038008,0.004087,0.039211,-0.175777,299.619995,15810.000000
1048.000000,-49.898914,0.055908,0.000782,0.234009,0.165527,0.037566,0.004279,0.036555,-0.176988,270.910004,15724.000000
1049.000000,-51.316418,0.055542,0.000715,0.233398,0.164673,0.037522,0.004132,0.034864,-0.177145,273.000000,15703.000000
1050.000000,-1.810673,0.054932,0.000801,0.232056,0.164429,0.036914,0.004238,0.034972,-0.177447,218.889999,15764.000000
1051.000000,-35.604099,0.054688,0.000607,0.233154,0.166016,0.036889,0.004070,0.040302,-0.174564,256.049988,15606.000000
1052.000000,-34.463028,0.055176,0.000952,0.232910,0.165283,0.037087,0.004357,0.041425,-0.173654,269.820007,15773.000000
1053.000000,-51.248287,0.054810,0.001231,0.232300,0.164673,0.037529,0.004571,0.041174,-0.175370,264.239990,15832.000000
1054.000000,-30.615803,0.054565,0.000879,0.232056,0.165283,0.036737,0.004372,0.036235,-0.175626,205.880005,15434.000000
1055.000000,-42.847839,0.054810,0.000970,0.232300,0.165039,0.036550,0.004453,0.033263,-0.176804,308.149994,15455.000000
1056.000000,-51.550175,0.055176,0.001457,0.231445,0.164795,0.036856,0.004926,0.031035,-0.177014,255.779999,15537.000000
1057.000000,-44.851776,0.054810,0.001137,0.232178,0.165649,0.036801,0.004713,0.030678,-0.174153,313.760010,15458.000000
1058.000000,-37.215202,0.054688,0.001232,0.231323,0.166138,0.036503,0.004835,0.030947,-0.174827,236.830002,15590.000000
1059.000000,-29.760168,0.055786,0.001094,0.232788,0.165649,0.037065,0.004687,0.031841,-0.176825,260.160004,15651.000000
1060.000000,-55.525421,0.055542,0.000951,0.233765,0.166382,0.037188,0.004550,0.031886,-0.175142,270.570007,15374.000000
1061.000000,-43.010941,0.056152,0.001426,0.233887,0.167358,0.037610,0.005040,0.030940,-0.176212,281.940002,15164.000000
1062.000000,-52.677521,0.057129,0.001535,0.234253,0.166992,0.038133,0.005138,0.033333,-0.175041,263.500000,15112.000000
1063.000000,-22.364567,0.056885,0.001448,0.234863,0.167236,0.038028,0.005010,0.030975,-0.175951,274.540009,15163.000000
1064.000000,-41.048340,0.056763,0.001229,0.235352,0.167358,0.038140,0.004815,0.033109,-0.176935,273.790009,15438.000000
1065.000000,-38.269382,0.056152,0.001045,0.233154,0.167358,0.037850,0.004730,0.029562,-0.176725,257.140015,15602.000000
1066.000000,-12.981546,0.057129,0.001395,0.234009,0.166870,0.038360,0.005027,0.027451,-0.177150,356.899994,15689.000000
1067.000000,-43.698837,0.056396,0.000978,0.232788,0.164917,0.037961,0.004488,0.029010,-0.177650,288.239990,15480.000000
1068.000000,-45.057800,0.055786,0.000892,0.233032,0.164551,0.037559,0.004439,0.031816,-0.176592,313.850006,15225.000000
1069.000000,-27.041796,0.056763,0.001236,0.234741,0.166138,0.037902,0.004788,0.029811,-0.177081,274.630005,15696.000000
1070.000000,-40.538525,0.057007,0.001157,0.234985,0.167480,0.038087,0.004670,0.030135,-0.174950,308.519989,15280.000000
1071.000000,-44.158928,0.057129,0.001358,0.232422,0.169800,0.037878,0.004992,0.029146,-0.172256,294.029999,15556.000000
1072.000000,-40.145267,0.056641,0.001134,0.231934,0.169800,0.037928,0.004727,0.029364,-0.173712,307.209991,15594.000000
1073.000000,-39.226089,0.057495,0.000825,0.232422,0.169556,0.037875,0.004342,0.031003,-0.175797,223.190002,15755.000000
1074.000000,-37.950619,0.056885,0.000724,0.229370,0.171021,0.036945,0.004271,0.026681,-0.175827,349.670013,15731.000000
1075.000000,-13.131392,0.057129,0.001206,0.228760,0.169434,0.036779,0.004690,0.023773,-0.178576,252.339996,15624.000000
1076.000000,-38.422722,0.056885,0.001082,0.227905,0.169556,0.036509,0.004518,0.024005,-0.178037,334.940002,15426.000000
1077.000000,-48.783356,0.057007,0.001110,0.227905,0.170166,0.036145,0.004573,0.027327,-0.174919,299.589996,15564.000000
1078.000000,-37.048679,0.056885,0.001085,0.228271,0.171143,0.036250,0.004551,0.028871,-0.173461,295.630005,15507.000000
1079.000000,-43.179897,0.057739,0.001161,0.227905,0.170898,0.036163,0.004555,0.026372,-0.175124,260.660004,15649.000000
1080.000000,-52.321468,0.058105,0.000907,0.228882,0.171021,0.036175,0.004240,0.026611,-0.175562,267.299988,15681.000000
1081.000000,-49.174557,0.057129,0.000975,0.226807,0.169556,0.035626,0.004317,0.024383,-0.175234,301.640015,15275.000000
1082.000000,-23.069874,0.056396,0.000867,0.225342,0.169556,0.034651,0.004287,0.022777,-0.176633,247.050003,15147.000000
1083.000000,-32.758789,0.057495,0.000981,0.226562,0.171143,0.034818,0.004389,0.028328,-0.173261,277.309998,15180.000000
1084.000000,-46.655075,0.056519,0.001045,0.226440,0.169434,0.034798,0.004390,0.027761,-0.174902,312.670013,15584.000000
1085.000000,-40.336071,0.057617,0.001357,0.228760,0.168213,0.035713,0.004639,0.028432,-0.174390,300.010010,15513.000000
1086.000000,-32.995148,0.058350,0.001887,0.226807,0.168335,0.036439,0.005024,0.030190,-0.174241,264.059998,15584.000000
1087.000000,-61.229294,0.058716,0.001855,0.227539,0.168457,0.036709,0.004952,0.027375,-0.177192,229.300003,15730.000000
1088.000000,-47.120872,0.058594,0.001700,0.227417,0.167725,0.036003,0.004689,0.027439,-0.174626,249.550003,15500.000000
1089.000000,-34.389126,0.058472,0.001338,0.227661,0.166870,0.035730,0.004220,0.030267,-0.173338,291.350006,15667.000000
1090.000000,-31.573896,0.057983,0.001354,0.228516,0.168579,0.035474,0.004337,0.033352,-0.170579,267.130005,15585.000000
1091.000000,-21.814983,0.058716,0.001300,0.227295,0.168701,0.035420,0.004263,0.030537,-0.174330,260.660004,15579.000000
1092.000000,-66.061363,0.058472,0.001303,0.227783,0.168335,0.035180,0.004258,0.030118,-0.175019,306.369995,15569.000000
1093.000000,-40.271610,0.058960,0.001546,0.228027,0.168945,0.035614,0.004613,0.031141,-0.174508,291.529999,15505.000000
1094.000000,-57.017735,0.058594,0.001103,0.225464,0.168335,0.035216,0.004047,0.032259,-0.171953,281.559998,15671.000000
1095.000000,-37.913620,0.058716,0.001181,0.225708,0.169800,0.035610,0.004105,0.035902,-0.170086,318.519989,15745.000000
1096.000000,-45.961746,0.057495,0.001277,0.225220,0.168579,0.035363,0.004162,0.035976,-0.170493,298.510010,15622.000000
1097.000000,-63.465786,0.057251,0.001262,0.225220,0.168701,0.035949,0.004114,0.035548,-0.171732,309.339996,15681.000000
1098.000000,-49.469677,0.057495,0.001384,0.225586,0.168823,0.035987,0.004235,0.039677,-0.167621,308.140015,15589.000000
1099.000000,-35.968609,0.057617,0.000876,0.226318,0.170654,0.035883,0.003892,0.039760,-0.166083,287.739990,15692.000000
1100.000000,-64.365974,0.057617,0.001105,0.226562,0.171265,0.036163,0.004177,0.038844,-0.167843,336.149994,15562.000000
1101.000000,-25.790459,0.058105,0.001271,0.228271,0.171265,0.036710,0.004316,0.041396,-0.168957,368.799988,15176.000000
1102.000000,-64.946068,0.057861,0.001226,0.228760,0.170898,0.037123,0.004202,0.039183,-0.171108,354.380005,15671.000000
1103.000000,-58.193966,0.058350,0.001254,0.230957,0.170898,0.037160,0.004206,0.040099,-0.170297,196.130005,15363.000000
1104.000000,-50.159241,0.058472,0.001522,0.229736,0.170288,0.036842,0.004408,0.040630,-0.169213,294.309998,15697.000000
1105.000000,-51.298241,0.057861,0.001420,0.229126,0.169678,0.036667,0.004298,0.035109,-0.171075,297.859985,15541.000000
1106.000000,-42.068687,0.057129,0.001428,0.227295,0.169067,0.036084,0.004295,0.032419,-0.170963,318.079987,15702.000000
1107.000000,-21.312487,0.056763,0.001421,0.227295,0.169067,0.036086,0.004257,0.033434,-0.170788,317.040009,15642.000000
1108.000000,-44.227493,0.056396,0.001403,0.227417,0.169800,0.036181,0.004330,0.036775,-0.170313,294.040009,15514.000000
1109.000000,-53.591900,0.057373,0.001507,0.227783,0.169678,0.036476,0.004350,0.039674,-0.169776,335.709991,15545.000000
1110.000000,-29.767380,0.057739,0.001428,0.229492,0.169800,0.036718,0.004248,0.040549,-0.170324,364.239990,15469.000000
1111.000000,-43.855717,0.058228,0.001369,0.229248,0.169800,0.036493,0.004357,0.038889,-0.169280,327.350006,15438.000000
1112.000000,-41.918819,0.058105,0.001116,0.229492,0.170410,0.035827,0.004185,0.039590,-0.170195,288.980011,15535.000000
1113.000000,-55.579079,0.058960,0.000921,0.231567,0.170898,0.035902,0.004008,0.042398,-0.169785,305.420013,15572.000000
1114.000000,-39.887848,0.059448,0.001115,0.230347,0.171143,0.036265,0.004189,0.043171,-0.168556,320.570007,15422.000000
1115.000000,-42.781975,0.060303,0.001080,0.231689,0.170044,0.036379,0.004091,0.043463,-0.171201,306.880005,15527.000000
1116.000000,-10.759974,0.060547,0.001227,0.231323,0.169922,0.036709,0.004125,0.044305,-0.169779,316.529999,15772.000000
1117.000000,-59.502148,0.061035,0.001247,0.232056,0.170166,0.036546,0.004146,0.042165,-0.169153,371.720001,15264.000000
1118.000000,-51.259026,0.061279,0.001055,0.232544,0.171875,0.036373,0.003977,0.042008,-0.169667,276.299988,15440.000000
1119.000000,-43.527294,0.061035,0.000985,0.233521,0.171509,0.036448,0.003865,0.043703,-0.169642,356.829987,15733.000000
1120.000000,-34.883965,0.060791,0.001436,0.234619,0.171875,0.036840,0.004287,0.044215,-0.169240,345.350006,15405.000000
1121.000000,-61.720619,0.061157,0.001543,0.235352,0.172119,0.037082,0.004360,0.046575,-0.166046,247.220001,15531.000000
1122.000000,-45.033253,0.060669,0.001094,0.236084,0.172119,0.036901,0.003946,0.047887,-0.165279,279.890015,15603.000000
1123.000000,-27.691393,0.061157,0.001424,0.236084,0.172729,0.037030,0.004302,0.047053,-0.164170,292.619995,15527.000000
1124.000000,-52.269615,0.061523,0.001320,0.234619,0.172485,0.037268,0.004108,0.042534,-0.166334,264.859985,15710.000000
1125.000000,-52.501308,0.061401,0.000829,0.237183,0.173584,0.037290,0.003591,0.041636,-0.166940,360.619995,15580.000000
1126.000000,-43.735439,0.061646,0.000952,0.236694,0.172729,0.037896,0.003635,0.046513,-0.165525,332.459991,15360.000000
1127.000000,-55.952892,0.061035,0.001092,0.235840,0.171631,0.037680,0.003799,0.045436,-0.167260,373.230011,15607.000000
1128.000000,-29.985836,0.060425,0.000926,0.234497,0.170410,0.037516,0.003539,0.043219,-0.167608,256.380005,15810.000000
1129.000000,4.501889,0.059937,0.001060,0.232544,0.170166,0.037303,0.003683,0.040175,-0.167316,304.059998,15699.000000
1130.000000,-28.949808,0.060181,0.001155,0.231567,0.171509,0.037078,0.004006,0.040443,-0.164742,359.609985,15205.000000
1131.000000,-51.627518,0.059326,0.001100,0.230713,0.171997,0.037092,0.004011,0.045108,-0.161958,374.950012,15472.000000
1132.000000,-50.148006,0.059326,0.001354,0.229980,0.171631,0.037758,0.004225,0.045466,-0.162987,411.410004,15264.000000
1133.000000,-40.144230,0.060425,0.001473,0.231934,0.172241,0.037952,0.004415,0.045857,-0.165102,356.170013,15389.000000
1134.000000,-51.753422,0.061157,0.001543,0.233032,0.173096,0.038198,0.004421,0.042473,-0.165764,282.299988,15451.000000
1135.000000,-35.807678,0.062012,0.001371,0.233643,0.172852,0.038116,0.004381,0.045476,-0.163500,363.940002,15523.000000
1136.000000,-52.623783,0.061401,0.001125,0.233154,0.172852,0.037679,0.004067,0.045041,-0.165066,289.140015,15425.000000
1137.000000,-17.286043,0.061890,0.001392,0.233643,0.173096,0.038109,0.004396,0.045433,-0.165275,293.619995,15713.000000
1138.000000,-52.879608,0.061890,0.001425,0.232178,0.173462,0.038052,0.004430,0.043855,-0.166264,312.739990,15506.000000
1139.000000,-40.387383,0.061768,0.001493,0.232422,0.172485,0.037979,0.004602,0.045006,-0.165039,315.100006,15430.000000
1140.000000,-37.255890,0.061768,0.001335,0.231445,0.172119,0.037428,0.004477,0.044537,-0.165940,284.290009,15513.000000
1141.000000,-23.002541,0.062134,0.001384,0.233154,0.170898,0.037728,0.004422,0.046585,-0.164020,271.890015,15484.000000
1142.000000,-31.629990,0.062012,0.001569,0.232300,0.170776,0.037781,0.004683,0.047876,-0.163106,296.570007,15616.000000
1143.000000,-52.187859,0.062622,0.001940,0.233765,0.173096,0.038257,0.005139,0.048609,-0.163211,367.010010,15668.000000
1144.000000,-37.070347,0.062256,0.001571,0.233887,0.172485,0.038044,0.004687,0.051260,-0.163565,332.209991,15592.000000
1145.000000,-45.645161,0.061890,0.001550,0.234497,0.170654,0.037647,0.004586,0.049934,-0.163911,296.579987,15570.000000
1146.000000,-31.353706,0.062744,0.001596,0.234741,0.171143,0.037861,0.004666,0.052112,-0.159431,314.779999,15397.000000
1147.000000,-34.478786,0.062622,0.001306,0.235229,0.171265,0.037498,0.004399,0.052757,-0.160207,332.149994,15609.000000
1148.000000,-46.489059,0.063232,0.001617,0.234863,0.173096,0.037715,0.004689,0.052691,-0.161634,265.959991,15233.000000
1149.000000,-49.143173,0.062256,0.001296,0.234863,0.171265,0.037447,0.004370,0.051982,-0.161442,338.679993,15410.000000
1150.000000,-61.610546,0.062744,0.001390,0.234253,0.170166,0.037801,0.004442,0.055004,-0.161226,272.420013,15497.000000
1151.000000,-28.542862,0.062866,0.001649,0.235107,0.171753,0.037863,0.004821,0.054290,-0.160291,317.609985,15523.000000
1152.000000,-38.337875,0.063232,0.001494,0.234863,0.172119,0.038116,0.004719,0.054596,-0.159462,253.139999,15513.000000
1153.000000,-47.578213,0.062256,0.001754,0.236328,0.171387,0.038501,0.004977,0.055231,-0.161674,304.309998,15532.000000
1154.000000,-46.803360,0.062500,0.001427,0.237183,0.172485,0.038606,0.004741,0.055613,-0.161306,205.750000,15453.000000
1155.000000,-51.150028,0.061646,0.001411,0.236450,0.170410,0.038417,0.004605,0.054922,-0.163085,281.299988,15306.000000
1156.000000,-42.049568,0.062500,0.001834,0.237915,0.170532,0.039261,0.004984,0.058607,-0.162685,307.750000,15450.000000
1157.000000,-35.700306,0.062256,0.001543,0.238281,0.169189,0.039253,0.004619,0.057622,-0.164922,254.550003,15712.000000
1158.000000,-31.182631,0.062378,0.002053,0.237915,0.170410,0.039662,0.005139,0.055464,-0.163589,348.989990,15521.000000
1159.000000,-51.526985,0.061646,0.001332,0.236816,0.168823,0.039028,0.004346,0.058367,-0.160955,321.779999,15343.000000
1160.000000,-32.579304,0.061523,0.001445,0.236572,0.168213,0.039083,0.004332,0.058020,-0.161641,299.649994,15639.000000
1161.000000,-67.237488,0.061401,0.001171,0.235352,0.168213,0.039076,0.004041,0.055428,-0.163006,344.739990,15407.000000
1162.000000,-30.359678,0.061890,0.001788,0.236938,0.167480,0.039639,0.004618,0.058476,-0.160121,248.960007,14932.000000
1163.000000,-39.631790,0.061401,0.001398,0.235352,0.168213,0.039231,0.004338,0.059172,-0.158698,312.869995,15562.000000
1164.000000,-42.275185,0.061646,0.001266,0.235107,0.168945,0.038803,0.004159,0.061623,-0.158458,304.959991,15631.000000
1165.000000,-31.683626,0.061279,0.001241,0.236328,0.167969,0.038952,0.004066,0.060367,-0.160449,286.920013,15265.000000
1166.000000,-33.906887,0.061768,0.001320,0.237183,0.167725,0.039317,0.004097,0.057304,-0.161671,296.179993,15648.000000
1167.000000,-41.754620,0.061035,0.001515,0.238281,0.167847,0.039707,0.004336,0.059482,-0.160041,348.399994,15600.000000
1168.000000,-40.170292,0.061646,0.001181,0.238647,0.170166,0.039469,0.004044,0.057816,-0.158846,263.829987,15652.000000
1169.000000,-19.470234,0.061279,0.001673,0.236572,0.169556,0.039303,0.004558,0.058444,-0.157976,295.450012,15592.000000
1170.000000,-43.793732,0.061157,0.001654,0.235840,0.169434,0.038967,0.004561,0.054115,-0.160453,372.700012,15235.000000
1171.000000,-48.996765,0.061035,0.001259,0.236328,0.169189,0.038948,0.004123,0.053514,-0.160321,291.589996,15491.000000
1172.000000,-41.310097,0.060669,0.001051,0.238892,0.171753,0.039018,0.003974,0.059331,-0.156712,302.779999,15407.000000
1173.000000,-27.604403,0.061646,0.001769,0.239136,0.172485,0.039479,0.004662,0.057991,-0.157830,281.019989,15495.000000
1174.000000,-46.590794,0.061768,0.001218,0.240234,0.172607,0.039027,0.004177,0.057687,-0.156839,266.299988,15604.000000
1175.000000,-47.449936,0.062622,0.001535,0.242065,0.172729,0.039720,0.004432,0.057050,-0.156887,285.869995,15469.000000
1176.000000,-42.803982,0.062500,0.001124,0.240723,0.171753,0.039130,0.004017,0.058111,-0.156790,280.519989,15376.000000
1177.000000,-48.404217,0.062256,0.001540,0.241943,0.171021,0.039503,0.004443,0.061736,-0.153038,344.700012,15360.000000
1178.000000,-41.270512,0.061035,0.000946,0.240967,0.170044,0.038935,0.003753,0.063687,-0.154214,279.529999,15396.000000
1179.000000,-41.023830,0.061035,0.001257,0.239136,0.170532,0.038712,0.004166,0.058909,-0.155498,316.529999,15541.000000
1180.000000,-58.522041,0.061646,0.001323,0.239990,0.170166,0.038846,0.004338,0.057068,-0.155996,347.980011,15503.000000
1181.000000,-34.091053,0.061401,0.001028,0.240479,0.169922,0.038603,0.004063,0.060246,-0.156733,350.040009,15340.000000
1182.000000,-41.334778,0.062012,0.001599,0.240479,0.171631,0.039156,0.004657,0.063264,-0.153618,349.750000,15348.000000
1183.000000,-36.832062,0.062134,0.001680,0.239258,0.171875,0.039023,0.004755,0.063559,-0.153831,277.059998,15344.000000
1184.000000,-20.379911,0.061401,0.001373,0.238892,0.171265,0.038825,0.004337,0.063764,-0.155221,338.160004,15475.000000
1185.000000,-8.637959,0.061646,0.001228,0.239258,0.172119,0.038859,0.004169,0.066392,-0.155555,358.100006,15462.000000
1186.000000,-33.908173,0.061035,0.001269,0.238525,0.170044,0.038899,0.004102,0.062091,-0.157232,256.579987,15370.000000
1187.000000,-71.248291,0.062012,0.001974,0.239380,0.171143,0.039716,0.004815,0.060153,-0.156336,406.140015,15104.000000
1188.000000,-44.956059,0.062012,0.001362,0.240112,0.171997,0.039751,0.004247,0.063963,-0.154964,329.690002,15516.000000
1189.000000,-56.028328,0.061890,0.001260,0.239990,0.172729,0.039789,0.004144,0.067129,-0.152939,327.299988,15710.000000
1190.000000,-39.034355,0.062134,0.001358,0.241821,0.171875,0.040189,0.004220,0.070923,-0.153953,277.660004,15631.000000
1191.000000,-52.173996,0.062012,0.001369,0.240479,0.171997,0.040506,0.004227,0.071166,-0.155152,371.089996,15679.000000
1192.000000,-55.863564,0.062012,0.001435,0.241577,0.170288,0.041007,0.004216,0.070654,-0.156022,352.529999,15574.000000
1193.000000,-67.651253,0.061768,0.001480,0.242432,0.170898,0.041227,0.004320,0.073634,-0.153347,353.670013,15311.000000
1194.000000,-34.389229,0.062012,0.001230,0.240479,0.171021,0.040789,0.004075,0.074766,-0.152055,361.000000,15496.000000
1195.000000,-50.902142,0.062012,0.001215,0.240112,0.170776,0.040884,0.004002,0.074378,-0.151873,395.010010,15536.000000
1196.000000,-37.117695,0.062622,0.001640,0.240356,0.171265,0.041167,0.004527,0.074255,-0.152250,412.149994,15395.000000
1197.000000,-25.943884,0.062500,0.001484,0.239746,0.171509,0.041013,0.004459,0.073344,-0.153210,433.100006,15320.000000
1198.000000,-64.021828,0.062256,0.001240,0.240234,0.171631,0.041095,0.004175,0.074958,-0.155122,332.559998,15570.000000
1199.000000,-48.032288,0.061279,0.001288,0.239868,0.171021,0.040810,0.004164,0.075119,-0.155022,369.600006,15288.000000
1200.000000,-43.067089,0.060547,0.001059,0.240356,0.170166,0.040427,0.003921,0.072463,-0.157290,365.600006,14988.000000
1201.000000,-25.885859,0.060181,0.001214,0.242065,0.167969,0.040728,0.004050,0.072700,-0.156976,290.140015,15121.000000
1202.000000,-28.676065,0.060669,0.001371,0.242676,0.170776,0.041265,0.004252,0.075920,-0.154236,369.059998,15068.000000
1203.000000,-38.879673,0.060791,0.001858,0.242554,0.171265,0.041632,0.004859,0.075961,-0.154301,401.519989,14962.000000
1204.000000,-12.712536,0.061401,0.001688,0.242188,0.172119,0.041904,0.004663,0.076690,-0.154343,380.040009,15315.000000
1205.000000,-48.852993,0.062134,0.001426,0.241333,0.172119,0.041286,0.004382,0.071759,-0.157214,327.549988,15098.000000
1206.000000,-1.577909,0.061279,0.001223,0.238770,0.171387,0.040463,0.004214,0.071577,-0.157182,380.959991,15099.000000
1207.000000,-32.577579,0.061768,0.001533,0.239502,0.174316,0.040322,0.004645,0.075047,-0.151992,299.549988,15138.000000
1208.000000,-30.982414,0.062012,0.001562,0.238647,0.176270,0.040273,0.004747,0.077929,-0.152257,340.579987,15202.000000
1209.000000,-48.062683,0.062622,0.001504,0.239624,0.175049,0.040581,0.004621,0.074411,-0.155795,387.070007,15045.000000
1210.000000,-61.343182,0.061890,0.001611,0.239136,0.173950,0.041341,0.004722,0.073417,-0.153644,329.299988,15233.000000
1211.000000,-8.116191,0.061646,0.001651,0.239136,0.174072,0.041766,0.004723,0.074326,-0.154539,371.459991,15248.000000
1212.000000,-43.734180,0.062012,0.001811,0.239136,0.174805,0.042164,0.004992,0.074933,-0.154997,314.589996,14974.000000
1213.000000,-14.024108,0.061768,0.001682,0.239746,0.175659,0.041565,0.004755,0.075021,-0.153850,328.359985,15196.000000
1214.000000,-25.192017,0.062134,0.001508,0.241211,0.176147,0.041787,0.004586,0.076270,-0.151266,310.040009,15118.000000
1215.000000,-28.690571,0.062134,0.001575,0.240112,0.175171,0.041508,0.004652,0.076798,-0.150649,352.040009,15299.000000
1216.000000,-45.015171,0.061890,0.001498,0.240601,0.174927,0.041596,0.004550,0.077376,-0.151848,337.760010,15170.000000
1217.000000,-19.408092,0.062256,0.001634,0.241943,0.174805,0.041636,0.004733,0.078661,-0.149198,344.350006,15475.000000
1218.000000,-4.954169,0.062500,0.001604,0.242188,0.173706,0.041362,0.004645,0.076005,-0.149494,349.940002,15399.000000
1219.000000,-21.003315,0.061768,0.001610,0.240845,0.173096,0.041403,0.004664,0.074669,-0.149612,301.220001,15385.000000
1220.000000,-5.501385,0.061035,0.001556,0.240601,0.171875,0.041625,0.004568,0.075471,-0.149640,406.179993,15506.000000
1221.000000,-65.895500,0.060913,0.001691,0.240479,0.172119,0.041611,0.004744,0.075935,-0.148854,381.149994,15502.000000
1222.000000,-24.282467,0.061646,0.001445,0.241211,0.172485,0.041465,0.004585,0.076039,-0.150853,239.500000,15671.000000
1223.000000,-37.556011,0.061523,0.001406,0.240356,0.172607,0.041334,0.004521,0.076498,-0.150120,355.640015,15422.000000
1224.000000,-25.433126,0.061401,0.001454,0.239990,0.172119,0.041290,0.004479,0.074948,-0.150130,257.609985,15184.000000
1225.000000,-27.726358,0.061768,0.001818,0.239136,0.173218,0.041352,0.004828,0.075484,-0.150713,340.390015,15244.000000
1226.000000,-28.974497,0.062378,0.001627,0.239014,0.175415,0.041777,0.004633,0.076069,-0.149969,347.000000,14950.000000
1227.000000,-45.539043,0.062622,0.001343,0.239380,0.175049,0.041361,0.004370,0.076788,-0.149712,387.940002,15150.000000
1228.000000,-31.012417,0.061646,0.001065,0.237427,0.176514,0.041025,0.004176,0.072748,-0.150905,318.399994,15065.000000
1229.000000,-27.845829,0.061890,0.001179,0.240112,0.176025,0.040957,0.004311,0.076111,-0.149568,359.000000,15327.000000
1230.000000,-60.253948,0.061523,0.001061,0.241455,0.175659,0.040796,0.004129,0.076560,-0.149336,349.140015,15507.000000
1231.000000,-39.870426,0.060913,0.001261,0.241699,0.175171,0.040758,0.004302,0.076713,-0.148757,415.600006,15510.000000
1232.000000,-19.012892,0.060791,0.001090,0.242554,0.175537,0.040811,0.004194,0.077687,-0.148886,323.519989,15224.000000
1233.000000,13.209692,0.060303,0.001021,0.240479,0.175415,0.040280,0.004074,0.073449,-0.150186,390.369995,15221.000000
1234.000000,-36.970589,0.060303,0.001056,0.241821,0.175903,0.039841,0.004093,0.071812,-0.150090,409.600006,15112.000000
1235.000000,-47.080841,0.060669,0.001194,0.242554,0.176147,0.040187,0.004248,0.074146,-0.146011,362.459991,15212.000000
1236.000000,-34.348595,0.060791,0.001107,0.241089,0.178345,0.040108,0.004156,0.076007,-0.146005,424.079987,15177.000000
1237.000000,1.228967,0.061035,0.001014,0.241577,0.179199,0.039981,0.004068,0.075644,-0.146714,350.769989,15327.000000
1238.000000,-49.343796,0.061035,0.001080,0.241211,0.178345,0.040022,0.004071,0.071649,-0.148857,300.850006,15536.000000
1239.000000,-33.328644,0.060547,0.001277,0.239380,0.177856,0.039920,0.004182,0.073043,-0.147933,350.079987,15942.000000
1240.000000,-52.789619,0.059692,0.000996,0.239380,0.176147,0.039816,0.003884,0.074396,-0.147262,382.739990,15641.000000
1241.000000,1.840776,0.059814,0.000908,0.239624,0.176636,0.039558,0.003874,0.073472,-0.146569,367.679993,15511.000000
1242.000000,-49.277382,0.060791,0.001379,0.238403,0.179321,0.040110,0.004435,0.072093,-0.147317,399.570007,15460.000000
1243.000000,-12.368621,0.060791,0.001429,0.238770,0.179077,0.040199,0.004510,0.074680,-0.146970,363.570007,15435.000000
1244.000000,-44.425526,0.060669,0.001006,0.239380,0.180420,0.040009,0.004070,0.074927,-0.149076,387.619995,15339.000000
1245.000000,-52.455048,0.060303,0.001349,0.237549,0.178223,0.039766,0.004269,0.070263,-0.151283,378.339996,15551.000000
1246.000000,-13.657026,0.060425,0.001384,0.237793,0.178589,0.039965,0.004256,0.069358,-0.149438,367.140015,15672.000000
1247.000000,-17.977104,0.060059,0.001234,0.237427,0.178345,0.040028,0.004070,0.068466,-0.148747,395.989990,15637.000000
1248.000000,-31.586651,0.059570,0.001361,0.235962,0.179688,0.039986,0.004238,0.072394,-0.146826,412.010010,15535.000000
1249.000000,-31.253160,0.059937,0.001144,0.236450,0.180908,0.039906,0.004110,0.073369,-0.146118,355.369995,15675.000000
1250.000000,-30.880932,0.058716,0.000982,0.234009,0.179443,0.039556,0.003954,0.072047,-0.148513,353.209991,15617.000000
1251.000000,-36.125790,0.058472,0.001077,0.233398,0.178467,0.039467,0.004048,0.065375,-0.150953,382.750000,15608.000000
1252.000000,-15.267777,0.058838,0.001003,0.234131,0.177002,0.039478,0.003886,0.065150,-0.152473,392.690002,15397.000000
1253.000000,-35.636806,0.058716,0.001001,0.234009,0.176147,0.039841,0.003819,0.067579,-0.151130,354.630005,15323.000000
1254.000000,-8.950767,0.058594,0.001083,0.232300,0.177734,0.039237,0.003988,0.069186,-0.150123,315.410004,15220.000000
1255.000000,-51.195892,0.058716,0.001411,0.232300,0.179077,0.039385,0.004440,0.069942,-0.149126,349.179993,15339.000000
1256.000000,-16.446972,0.058228,0.001255,0.233032,0.178467,0.039031,0.004210,0.070718,-0.149611,361.059998,15288.000000
1257.000000,-10.513885,0.057617,0.001167,0.233032,0.178345,0.038665,0.004166,0.070149,-0.150357,296.950012,15473.000000
1258.000000,-7.346924,0.056641,0.001257,0.231201,0.177612,0.038686,0.004305,0.068399,-0.150041,294.239990,15799.000000
1259.000000,-63.848373,0.056641,0.001378,0.230835,0.177612,0.039186,0.004356,0.068384,-0.150526,290.730011,15749.000000
1260.000000,-21.468019,0.056519,0.001201,0.232178,0.178345,0.039706,0.004217,0.073314,-0.146988,315.480011,15339.000000
1261.000000,-58.451042,0.056519,0.001004,0.231934,0.180054,0.039309,0.004095,0.074698,-0.146979,290.670013,15542.000000
1262.000000,-27.297380,0.056641,0.001245,0.232178,0.179810,0.039408,0.004256,0.071563,-0.150199,347.839996,15476.000000
1263.000000,-39.206982,0.057251,0.001296,0.232178,0.181641,0.039555,0.004323,0.069953,-0.149165,356.369995,15282.000000
1264.000000,-24.921535,0.056885,0.001185,0.233032,0.181396,0.039103,0.004274,0.069769,-0.149080,331.929993,15351.000000
1265.000000,-16.649872,0.056519,0.001017,0.232910,0.181519,0.038820,0.004215,0.069986,-0.148748,273.570007,15292.000000
1266.000000,-28.888481,0.056396,0.001061,0.231201,0.181396,0.038820,0.004273,0.069057,-0.149942,415.000000,15444.000000
1267.000000,-31.498693,0.056396,0.001275,0.229614,0.182739,0.039076,0.004510,0.071500,-0.147873,341.920013,15323.000000
1268.000000,-13.410807,0.056274,0.001443,0.229492,0.182495,0.039052,0.004651,0.072830,-0.148245,341.049988,15085.000000
1269.000000,-47.567230,0.057495,0.001693,0.231934,0.184326,0.039652,0.005095,0.073349,-0.147740,354.769989,14941.000000
1270.000000,-42.965439,0.057007,0.001535,0.233276,0.184326,0.039422,0.004867,0.075601,-0.147939,264.929993,15328.000000
1271.000000,-33.900162,0.057373,0.001493,0.233765,0.184814,0.039351,0.004723,0.075011,-0.145819,379.489990,15191.000000
1272.000000,-25.504652,0.057617,0.001388,0.233765,0.184692,0.039289,0.004574,0.073551,-0.146705,305.420013,15346.000000
1273.000000,-22.050066,0.057739,0.002010,0.233521,0.184937,0.040081,0.005132,0.072730,-0.146523,308.109985,15579.000000
1274.000000,-16.340290,0.058350,0.001920,0.234375,0.184448,0.040109,0.004923,0.074025,-0.145183,357.290009,15106.000000
1275.000000,-16.646683,0.058228,0.002023,0.234375,0.185059,0.040771,0.005042,0.074210,-0.145367,400.540009,15512.000000
1276.000000,-35.061935,0.057739,0.001823,0.233154,0.186157,0.040464,0.004853,0.072121,-0.146408,359.200012,15523.000000
1277.000000,-23.704300,0.058594,0.001795,0.233643,0.186646,0.040080,0.004851,0.069081,-0.147410,354.500000,15534.000000
1278.000000,-41.071030,0.059814,0.001802,0.235229,0.188110,0.039907,0.004961,0.067490,-0.146788,277.839996,15407.000000
1279.000000,-35.643826,0.059204,0.001496,0.234619,0.187500,0.039339,0.004632,0.065996,-0.147790,369.890015,15416.000000
1280.000000,-23.320602,0.058716,0.001449,0.233643,0.186646,0.038889,0.004550,0.062811,-0.150045,276.869995,15257.000000
1281.000000,-41.864864,0.058716,0.001637,0.233398,0.186646,0.038883,0.004692,0.063465,-0.149857,410.049988,15349.000000
1282.000000,-34.242031,0.058472,0.001852,0.232300,0.187012,0.038760,0.004894,0.061170,-0.149304,380.130005,15477.000000
1283.000000,-41.644501,0.057861,0.001444,0.232178,0.187988,0.038267,0.004534,0.059716,-0.148380,269.899994,15492.000000
1284.000000,-50.986431,0.058350,0.001626,0.233643,0.189453,0.038814,0.004763,0.062509,-0.146776,320.989990,15620.000000
1285.000000,-35.371731,0.058594,0.001653,0.234375,0.189819,0.038674,0.004785,0.065755,-0.146124,324.380005,15556.000000
1286.000000,-45.459972,0.058105,0.001496,0.234253,0.188843,0.038565,0.004572,0.064269,-0.147491,218.559998,15548.000000
1287.000000,-34.280346,0.058350,0.001544,0.232666,0.188599,0.037949,0.004594,0.059012,-0.149733,351.079987,15754.000000
1288.000000,-27.779219,0.058105,0.001390,0.233276,0.188232,0.038129,0.004412,0.058150,-0.152036,391.059998,15643.000000
1289.000000,-44.468872,0.058594,0.001447,0.233887,0.188965,0.038199,0.004522,0.063901,-0.149172,327.100006,15465.000000
1290.000000,-35.594627,0.057861,0.001290,0.234009,0.188477,0.037893,0.004448,0.065886,-0.149443,343.160004,15613.000000
1291.000000,-22.144403,0.058472,0.001110,0.234863,0.188354,0.037774,0.004361,0.060622,-0.149611,369.549988,15521.000000
1292.000000,-29.950432,0.057495,0.001087,0.234375,0.187866,0.037714,0.004345,0.059668,-0.150406,292.600006,15713.000000
1293.000000,-37.712952,0.057251,0.001274,0.234009,0.186279,0.037614,0.004497,0.056557,-0.153438,383.880005,15624.000000
1294.000000,-15.007483,0.057007,0.001389,0.234131,0.186523,0.037495,0.004551,0.057869,-0.150505,396.769989,15741.000000
1295.000000,-42.971668,0.056885,0.001311,0.233276,0.186646,0.037739,0.004487,0.057042,-0.150013,421.140015,15850.000000
1296.000000,-30.277760,0.056885,0.001521,0.233276,0.186401,0.037904,0.004667,0.056956,-0.150140,291.670013,15437.000000
1297.000000,-24.870096,0.056519,0.001343,0.233887,0.187012,0.037699,0.004505,0.053292,-0.150855,299.100006,15611.000000
1298.000000,-27.451721,0.057617,0.001330,0.234131,0.188232,0.038127,0.004604,0.054868,-0.150321,318.630005,15636.000000
1299.000000,-13.859640,0.058472,0.001362,0.236328,0.189087,0.038481,0.004657,0.061764,-0.146749,347.679993,15513.000000
1300.000000,-14.881731,0.058350,0.001220,0.237427,0.189331,0.038068,0.004494,0.064343,-0.146462,320.059998,15181.000000
1301.000000,-20.300030,0.057617,0.001239,0.236694,0.188477,0.037384,0.004474,0.062713,-0.147295,318.190002,15407.000000
1302.000000,16.139229,0.058350,0.001089,0.235596,0.187256,0.037445,0.004233,0.058529,-0.149623,334.500000,15634.000000
1303.000000,-36.930054,0.057739,0.001389,0.234619,0.187256,0.037107,0.004604,0.055931,-0.150077,404.809998,15701.000000
1304.000000,-40.706783,0.057495,0.001232,0.235718,0.188477,0.037154,0.004534,0.060779,-0.146508,402.290009,15805.000000
1305.000000,-22.250746,0.057739,0.001562,0.237061,0.187866,0.037463,0.004845,0.062864,-0.146159,357.559998,15533.000000
1306.000000,-14.813946,0.057617,0.001202,0.235840,0.188232,0.037171,0.004466,0.063753,-0.147530,366.230011,15472.000000
1307.000000,-42.364697,0.057739,0.001384,0.233643,0.188843,0.037118,0.004669,0.062740,-0.148560,375.420013,15711.000000
1308.000000,-44.530285,0.057495,0.001124,0.234009,0.188477,0.037071,0.004425,0.066128,-0.147247,393.170013,15629.000000
1309.000000,-33.457455,0.057861,0.001139,0.235718,0.189819,0.037567,0.004522,0.070941,-0.145756,272.369995,15685.000000
1310.000000,-33.913437,0.057983,0.001178,0.234497,0.190063,0.037861,0.004542,0.070953,-0.146905,372.250000,15671.000000
1311.000000,-42.375229,0.058472,0.001074,0.234985,0.189941,0.038086,0.004474,0.064376,-0.150949,368.100006,15622.000000
1312.000000,-11.636055,0.058350,0.001062,0.234741,0.190186,0.037975,0.004493,0.065534,-0.148077,419.630005,15581.000000
1313.000000,-30.308062,0.058105,0.000820,0.236328,0.190552,0.037778,0.004230,0.069810,-0.146483,328.500000,15608.000000
1314.000000,-38.477619,0.057983,0.000813,0.236450,0.190918,0.037366,0.004272,0.070448,-0.146466,338.230011,15663.000000
1315.000000,-48.519421,0.057983,0.001151,0.236572,0.189209,0.037976,0.004572,0.069726,-0.147042,416.609985,15828.000000
1316.000000,-0.543350,0.058472,0.000916,0.236694,0.190186,0.038020,0.004480,0.065546,-0.150510,349.269989,15507.000000
1317.000000,-71.141045,0.058594,0.001049,0.239258,0.189941,0.038495,0.004604,0.068641,-0.146537,432.929993,15755.000000
1318.000000,-34.818047,0.058838,0.001000,0.240845,0.189819,0.038925,0.004533,0.076551,-0.142879,280.880005,15731.000000
1319.000000,-12.874315,0.058350,0.000900,0.241821,0.188110,0.038474,0.004286,0.076213,-0.144509,327.059998,15486.000000
1320.000000,-8.762341,0.060059,0.001384,0.243408,0.191040,0.039398,0.004819,0.073980,-0.143970,325.299988,15177.000000
1321.000000,-43.469410,0.059692,0.000952,0.243408,0.190552,0.039318,0.004376,0.071346,-0.146509,325.630005,15563.000000
1322.000000,-41.327362,0.059326,0.000930,0.244629,0.191162,0.039302,0.004394,0.072129,-0.145033,460.279999,15496.000000
1323.000000,-34.825260,0.059814,0.000902,0.244995,0.190308,0.039438,0.004222,0.075196,-0.144081,382.820007,15370.000000
1324.000000,-17.949484,0.059570,0.000805,0.245117,0.189819,0.039152,0.004110,0.074853,-0.145606,353.440002,15335.000000
1325.000000,-20.757725,0.059082,0.001033,0.244873,0.190308,0.039448,0.004356,0.069772,-0.146574,341.049988,15433.000000
1326.000000,-14.156341,0.058228,0.001044,0.244019,0.190063,0.038881,0.004386,0.071714,-0.143694,379.859985,15591.000000
1327.000000,-22.354521,0.057739,0.001003,0.246094,0.190063,0.038893,0.004316,0.072773,-0.143255,345.279999,15626.000000
1328.000000,-20.860092,0.057983,0.001072,0.247681,0.191528,0.039153,0.004336,0.074308,-0.141309,377.859985,15652.000000
1329.000000,3.628341,0.058105,0.000960,0.247803,0.192139,0.038959,0.004330,0.075317,-0.139925,460.690002,15409.000000
1330.000000,-31.736912,0.058105,0.001269,0.249023,0.192383,0.039036,0.004616,0.073437,-0.140081,361.070007,15184.000000
1331.000000,-13.943082,0.058350,0.001570,0.248901,0.192139,0.039220,0.004873,0.075837,-0.139272,351.329987,15508.000000
1332.000000,-28.767815,0.057983,0.001056,0.247803,0.190796,0.038481,0.004315,0.075063,-0.141318,298.040009,15717.000000
1333.000000,-45.695530,0.058716,0.001657,0.247681,0.190918,0.038855,0.004944,0.072153,-0.142441,402.670013,15612.000000
1334.000000,-33.972034,0.059570,0.001747,0.248291,0.191528,0.039092,0.005088,0.071559,-0.140351,347.859985,15418.000000
1335.000000,-22.725441,0.059448,0.001541,0.250122,0.192017,0.039603,0.004903,0.076760,-0.139501,322.630005,15631.000000
1336.000000,-51.613884,0.060425,0.001503,0.252563,0.191284,0.039989,0.004822,0.081212,-0.139123,393.220001,15493.000000
1337.000000,-35.430992,0.059692,0.001396,0.251587,0.191406,0.040200,0.004783,0.080281,-0.138925,367.149994,15740.000000
1338.000000,-7.235599,0.059448,0.001411,0.250977,0.191772,0.040234,0.004801,0.076490,-0.140792,348.079987,15544.000000
1339.000000,-46.015217,0.058960,0.001117,0.251831,0.192017,0.040223,0.004539,0.076700,-0.140098,337.279999,15678.000000
1340.000000,-2.032621,0.059204,0.001086,0.252563,0.192627,0.040018,0.004527,0.078844,-0.137843,273.040009,15810.000000
1341.000000,-31.054585,0.059570,0.001224,0.254883,0.191528,0.040456,0.004622,0.076495,-0.140520,313.179993,15511.000000
1342.000000,-13.963340,0.060181,0.001439,0.255493,0.192383,0.040394,0.004831,0.077503,-0.139255,351.070007,15595.000000
1343.000000,-37.824203,0.060425,0.001568,0.255859,0.193970,0.041107,0.005031,0.080316,-0.139324,306.910004,15603.000000
1344.000000,-48.973209,0.060425,0.001342,0.255371,0.193604,0.040980,0.004838,0.077129,-0.141599,364.170013,15474.000000
1345.000000,-39.394241,0.060181,0.001072,0.255127,0.192261,0.041082,0.004463,0.074369,-0.144145,287.309998,15660.000000
1346.000000,-39.696720,0.060791,0.001368,0.255005,0.193359,0.041773,0.004863,0.072726,-0.142611,398.769989,15486.000000
1347.000000,-26.991489,0.060791,0.000957,0.255737,0.194458,0.041426,0.004578,0.075652,-0.141488,323.350006,15476.000000
1348.000000,-24.262098,0.061279,0.001225,0.255371,0.194580,0.041574,0.004841,0.076897,-0.141082,375.179993,15656.000000
1349.000000,-8.620543,0.062622,0.001708,0.255493,0.196533,0.042260,0.005331,0.077263,-0.142227,296.480011,15664.000000
1350.000000,-13.849393,0.062866,0.001725,0.256104,0.196899,0.042589,0.005349,0.079390,-0.139645,287.140015,15385.000000
1351.000000,-61.123985,0.063232,0.001720,0.256104,0.197632,0.042514,0.005322,0.078705,-0.139967,339.130005,15441.000000
1352.000000,-10.625576,0.064087,0.001720,0.257812,0.197876,0.042835,0.005271,0.079228,-0.139345,391.589996,15537.000000
1353.000000,1.320359,0.063599,0.001714,0.256348,0.197754,0.042369,0.005167,0.075537,-0.143585,360.649994,15463.000000
1354.000000,-41.268185,0.062866,0.001525,0.256348,0.197021,0.042182,0.004975,0.073094,-0.145362,351.149994,15599.000000
1355.000000,-45.263279,0.062012,0.001098,0.256592,0.196533,0.041578,0.004500,0.075348,-0.144621,354.489990,15724.000000
1356.000000,-2.693560,0.062500,0.001090,0.255981,0.196899,0.041555,0.004573,0.076178,-0.144448,403.660004,15483.000000
1357.000000,-47.475601,0.061768,0.000940,0.255615,0.196411,0.041526,0.004418,0.076824,-0.145745,355.970001,15339.000000
1358.000000,-22.083479,0.062378,0.001607,0.255493,0.196899,0.042190,0.005049,0.076058,-0.147314,381.630005,15502.000000
1359.000000,-49.307331,0.062256,0.001553,0.255981,0.196289,0.042528,0.005049,0.073845,-0.146525,366.429993,15378.000000
1360.000000,-31.288477,0.062378,0.001535,0.256226,0.197510,0.043107,0.005046,0.076152,-0.145834,270.730011,15448.000000
1361.000000,-25.589994,0.062866,0.001799,0.255005,0.201416,0.042850,0.005467,0.079020,-0.142478,348.350006,15504.000000
1362.000000,-15.552439,0.062256,0.001404,0.256226,0.200684,0.042766,0.005099,0.076678,-0.144173,310.119995,15066.000000
1363.000000,-9.050040,0.062988,0.001283,0.257202,0.201660,0.042436,0.004985,0.077765,-0.144606,290.820007,15215.000000
1364.000000,-30.649923,0.061768,0.001036,0.256958,0.199829,0.041457,0.004691,0.076396,-0.145052,314.880005,15683.000000
1365.000000,-35.902412,0.061157,0.001215,0.254395,0.198608,0.041145,0.004888,0.071487,-0.147729,360.709991,15686.000000
1366.000000,2.309083,0.061768,0.001166,0.256226,0.199951,0.041028,0.004734,0.075186,-0.145786,356.929993,15726.000000
1367.000000,-34.165012,0.062744,0.001661,0.256836,0.200439,0.041688,0.005200,0.076383,-0.144770,371.109985,15665.000000
1368.000000,-7.242829,0.063232,0.001888,0.257080,0.198730,0.041709,0.005401,0.072904,-0.146067,323.519989,15696.000000
1369.000000,-25.226505,0.063232,0.001856,0.256958,0.198730,0.041833,0.005440,0.069113,-0.147286,369.480011,15135.000000
1370.000000,-40.468391,0.063354,0.001668,0.255859,0.197021,0.041536,0.005187,0.068413,-0.147877,317.760010,15587.000000
1371.000000,-26.154114,0.062866,0.001503,0.255127,0.197021,0.040927,0.005064,0.070887,-0.145141,350.170013,15578.000000
1372.000000,-13.122838,0.063232,0.001643,0.257568,0.197388,0.041139,0.005270,0.072164,-0.144529,288.380005,15567.000000
1373.000000,-33.621799,0.064453,0.001585,0.258789,0.197388,0.041646,0.005253,0.072233,-0.144830,333.670013,15499.000000
1374.000000,-62.899593,0.064575,0.001748,0.259277,0.198608,0.042108,0.005460,0.073832,-0.143835,276.730011,15831.000000
1375.000000,7.103627,0.065308,0.001679,0.258057,0.198608,0.042226,0.005304,0.072487,-0.143938,295.350006,15781.000000
1376.000000,-45.923470,0.065063,0.001532,0.257324,0.199219,0.041880,0.005113,0.068950,-0.145348,351.079987,15572.000000
1377.000000,-9.159649,0.064819,0.001580,0.256470,0.199829,0.041744,0.005174,0.068649,-0.144474,334.320007,15750.000000
1378.000000,-42.538498,0.064453,0.001211,0.256226,0.199463,0.041180,0.004900,0.070145,-0.144332,298.309998,15659.000000
1379.000000,-25.338821,0.063721,0.001301,0.255493,0.200073,0.040708,0.005051,0.069901,-0.143311,361.570007,15649.000000
1380.000000,-19.873150,0.063843,0.001291,0.254639,0.199829,0.040832,0.004989,0.071610,-0.144054,259.109985,15824.000000
1381.000000,-19.597675,0.063965,0.001768,0.254639,0.199341,0.041537,0.005457,0.073846,-0.143303,299.670013,15432.000000
1382.000000,-37.489437,0.063721,0.001279,0.254639,0.199341,0.041497,0.004996,0.073711,-0.142703,350.339996,15219.000000
1383.000000,-19.690615,0.063232,0.001165,0.253174,0.200317,0.041372,0.004908,0.073496,-0.143439,321.929993,15450.000000
1384.000000,-24.895658,0.063110,0.001571,0.252808,0.200073,0.041945,0.005300,0.073319,-0.145570,326.250000,15186.000000
1385.000000,-15.572571,0.063232,0.001683,0.251465,0.200195,0.041851,0.005409,0.074076,-0.145439,366.200012,15285.000000
1386.000000,-45.678333,0.062744,0.001299,0.250122,0.200439,0.041813,0.005074,0.071797,-0.147956,334.890015,15108.000000
1387.000000,-31.119614,0.062622,0.001258,0.250000,0.200562,0.041394,0.005131,0.073888,-0.144669,312.649994,15375.000000
1388.000000,-28.917358,0.062134,0.001440,0.250122,0.200806,0.041493,0.005403,0.074941,-0.141939,345.299988,15404.000000
1389.000000,-21.815834,0.062744,0.001837,0.249146,0.200439,0.041593,0.005870,0.071529,-0.144876,353.420013,15370.000000
1390.000000,-7.849864,0.062866,0.001762,0.249634,0.201172,0.041587,0.005781,0.073056,-0.145894,380.940002,15383.000000
1391.000000,-18.139715,0.064331,0.001626,0.251465,0.201416,0.042094,0.005681,0.077727,-0.144147,396.899994,15450.000000
1392.000000,5.718883,0.063232,0.001501,0.250244,0.201172,0.041592,0.005573,0.078839,-0.141317,376.450012,15332.000000
1393.000000,-28.499104,0.063477,0.001246,0.249023,0.201660,0.041190,0.005432,0.081905,-0.141924,269.720001,15107.000000
1394.000000,-27.471218,0.063232,0.001298,0.249878,0.201660,0.041266,0.005520,0.080588,-0.143318,330.709991,15108.000000
1395.000000,0.590968,0.063599,0.001487,0.251099,0.202026,0.041445,0.005625,0.080397,-0.145545,337.170013,15091.000000
1396.000000,-37.447830,0.062988,0.001083,0.250732,0.200928,0.041016,0.005275,0.082992,-0.142305,326.010010,15140.000000
1397.000000,-32.060932,0.062134,0.001351,0.249878,0.199341,0.041321,0.005482,0.083272,-0.141987,285.149994,15181.000000
1398.000000,-15.926342,0.062256,0.001261,0.249878,0.199951,0.041713,0.005494,0.086012,-0.139119,352.899994,15057.000000
1399.000000,-42.601154,0.062134,0.001427,0.250732,0.200317,0.041969,0.005669,0.085231,-0.140936,367.230011,15375.000000
1400.000000,-31.548248,0.061890,0.001242,0.250732,0.198975,0.041855,0.005455,0.081280,-0.142718,284.799988,15294.000000
1401.000000,-8.779685,0.061646,0.001141,0.251343,0.198975,0.041671,0.005310,0.081827,-0.140845,336.910004,15380.000000
1402.000000,-61.817558,0.061279,0.000998,0.251831,0.198608,0.041702,0.005218,0.085763,-0.138653,360.869995,15435.000000
1403.000000,-12.129134,0.061157,0.000907,0.252930,0.199463,0.041623,0.005135,0.087621,-0.138056,357.809998,15220.000000
1404.000000,-22.530891,0.061523,0.000963,0.253296,0.200562,0.041478,0.005231,0.085090,-0.138045,308.250000,15109.000000
1405.000000,-51.626766,0.061890,0.001224,0.254517,0.199097,0.042086,0.005360,0.082502,-0.139695,297.839996,15223.000000
1406.000000,-21.895288,0.061768,0.001469,0.253662,0.198730,0.042289,0.005589,0.078771,-0.141366,372.230011,15282.000000
1407.000000,-66.329346,0.062256,0.001188,0.255127,0.199463,0.042165,0.005304,0.080872,-0.138831,305.399994,15269.000000
1408.000000,-8.086824,0.061035,0.000707,0.253540,0.197632,0.040983,0.004794,0.082713,-0.138926,307.820007,15552.000000
1409.000000,-40.343102,0.061035,0.001210,0.253784,0.198608,0.041517,0.005339,0.082930,-0.139228,334.869995,15316.000000
1410.000000,-43.534157,0.061523,0.001136,0.255005,0.199463,0.041836,0.005264,0.082686,-0.139398,327.320007,15326.000000
1411.000000,-36.997330,0.062378,0.001258,0.255127,0.199829,0.042296,0.005387,0.082457,-0.137508,309.160004,15292.000000
1412.000000,-34.312885,0.063232,0.001588,0.255615,0.200195,0.042958,0.005657,0.084336,-0.135828,394.079987,15294.000000
1413.000000,2.541556,0.062988,0.001295,0.254639,0.200073,0.042529,0.005352,0.084188,-0.137815,377.649994,15538.000000
1414.000000,-36.280987,0.062500,0.001167,0.255981,0.199707,0.042141,0.005261,0.088083,-0.137717,312.359985,15686.000000
1415.000000,-33.249973,0.063599,0.001291,0.257202,0.200195,0.042910,0.005343,0.088211,-0.138461,358.809998,15889.000000
1416.000000,-3.088133,0.063354,0.001211,0.257080,0.200195,0.042495,0.005292,0.088209,-0.136925,354.970001,15846.000000
1417.000000,-14.206180,0.063843,0.001790,0.257080,0.200073,0.042850,0.005853,0.088009,-0.134460,427.660004,15616.000000
1418.000000,-33.061733,0.064087,0.001375,0.257690,0.200073,0.043055,0.005439,0.089068,-0.135576,365.010010,15480.000000
1419.000000,-35.291721,0.064087,0.001391,0.257324,0.199951,0.043132,0.005411,0.091003,-0.135698,375.010010,15347.000000
1420.000000,-23.088604,0.064575,0.001480,0.258667,0.199097,0.043181,0.005558,0.089387,-0.138517,378.279999,15689.000000
1421.000000,-42.680996,0.064575,0.001340,0.259399,0.198364,0.043340,0.005415,0.086626,-0.140647,406.809998,15686.000000
1422.000000,-6.314176,0.064575,0.001163,0.258667,0.198486,0.043132,0.005286,0.085798,-0.139262,404.679993,15899.000000
1423.000000,-36.312576,0.064575,0.001044,0.258545,0.199219,0.043154,0.005268,0.088906,-0.135490,364.049988,15852.000000
1424.000000,-36.932270,0.064209,0.000897,0.259155,0.200562,0.042858,0.005117,0.089716,-0.135017,260.140015,15756.000000
1425.000000,-31.688341,0.064941,0.001347,0.261963,0.200806,0.043179,0.005565,0.087138,-0.136853,297.600006,15828.000000
1426.000000,-49.972946,0.065552,0.001123,0.260376,0.200806,0.042904,0.005337,0.080037,-0.141946,399.000000,15825.000000
1427.000000,-2.105013,0.065918,0.001003,0.260620,0.200317,0.043375,0.005161,0.080003,-0.140281,389.829987,15915.000000
1428.000000,-12.497975,0.065308,0.001085,0.257446,0.200195,0.042567,0.005275,0.081098,-0.140161,389.309998,15354.000000
1429.000000,-10.075878,0.065552,0.001160,0.257812,0.200317,0.042061,0.005413,0.079552,-0.140207,363.929993,15518.000000
1430.000000,6.337989,0.065674,0.001057,0.256958,0.199341,0.041453,0.005209,0.077959,-0.141448,295.390015,15699.000000
1431.000000,-10.825916,0.065918,0.000821,0.257324,0.199707,0.041174,0.005016,0.078096,-0.139736,317.750000,15493.000000
1432.000000,-15.432426,0.064819,0.001136,0.257935,0.197754,0.040839,0.005340,0.082012,-0.136765,379.970001,15472.000000
1433.000000,2.821171,0.064209,0.001088,0.257568,0.197266,0.041105,0.005301,0.081607,-0.138214,323.790009,15173.000000
1434.000000,-45.569294,0.063354,0.000824,0.257690,0.197144,0.040509,0.005109,0.079850,-0.139105,338.859985,15158.000000
1435.000000,-14.794866,0.062866,0.000736,0.256714,0.196411,0.040089,0.005058,0.075854,-0.140604,355.600006,15070.000000
1436.000000,-7.795365,0.062256,0.000795,0.257080,0.195068,0.039867,0.005045,0.077460,-0.141329,374.429993,15173.000000
1437.000000,8.556428,0.062500,0.000698,0.257568,0.194214,0.039826,0.004845,0.083267,-0.139473,373.260010,15258.000000
1438.000000,-42.220348,0.063599,0.001192,0.258423,0.194946,0.040681,0.005221,0.084402,-0.139302,310.029999,15536.000000
1439.000000,-37.360298,0.062500,0.000894,0.258667,0.193359,0.040535,0.004900,0.080640,-0.141808,329.200012,15445.000000
1440.000000,-34.465374,0.062866,0.001232,0.260132,0.193604,0.040787,0.005229,0.082222,-0.139342,371.600006,15140.000000
1441.000000,-26.102554,0.062500,0.000990,0.262085,0.194702,0.040931,0.005012,0.085672,-0.138625,331.940002,15574.000000
1442.000000,-36.828171,0.063599,0.001100,0.264771,0.194214,0.041406,0.005048,0.089244,-0.136281,316.890015,15385.000000
1443.000000,-40.693981,0.063843,0.001442,0.265625,0.195312,0.041775,0.005347,0.087874,-0.137635,347.619995,15332.000000
1444.000000,-31.372196,0.063721,0.001768,0.265137,0.194336,0.041942,0.005572,0.080199,-0.140578,294.029999,15585.000000
1445.000000,-29.846107,0.064209,0.001563,0.265503,0.195312,0.042208,0.005441,0.083810,-0.136948,372.549988,15845.000000
1446.000000,-53.418968,0.064087,0.001286,0.265137,0.195068,0.042105,0.005140,0.085495,-0.136702,365.000000,15694.000000
1447.000000,-25.736746,0.064819,0.001358,0.265503,0.197388,0.042401,0.005300,0.086286,-0.135489,333.899994,15495.000000
1448.000000,-15.333709,0.064087,0.001208,0.264526,0.196411,0.042250,0.005079,0.084816,-0.137794,454.880005,15739.000000
1449.000000,-43.669437,0.064453,0.001314,0.264771,0.197388,0.042523,0.005218,0.085434,-0.138144,371.170013,15604.000000
1450.000000,-12.552549,0.063965,0.001293,0.264038,0.195679,0.042688,0.005146,0.084988,-0.137994,341.839996,15468.000000
1451.000000,-24.347708,0.062744,0.001056,0.263550,0.193726,0.041918,0.004823,0.081679,-0.139888,383.799988,15818.000000
1452.000000,-23.263597,0.063110,0.001168,0.263794,0.194336,0.042222,0.004943,0.083342,-0.139492,383.489990,15723.000000
1453.000000,-60.986153,0.064209,0.001103,0.265503,0.195923,0.042971,0.004920,0.085995,-0.134727,382.350006,15785.000000
1454.000000,19.238449,0.064697,0.001523,0.264038,0.197632,0.042833,0.005490,0.088683,-0.131988,343.070007,16031.000000
1455.000000,-40.635429,0.064819,0.001544,0.264771,0.198242,0.043015,0.005431,0.087872,-0.134544,337.480011,15843.000000
1456.000000,-35.474804,0.065308,0.001567,0.263550,0.195801,0.043337,0.005353,0.083959,-0.138349,269.929993,15598.000000
1457.000000,-17.239563,0.065308,0.001246,0.262817,0.195312,0.042749,0.005009,0.080294,-0.139650,411.109985,15760.000000
1458.000000,-20.115065,0.065552,0.001508,0.262939,0.196655,0.042987,0.005275,0.083137,-0.138346,356.779999,15844.000000
1459.000000,-12.328552,0.065796,0.001532,0.263428,0.196899,0.043354,0.005306,0.086299,-0.138602,381.140015,15537.000000
1460.000000,-2.350551,0.065308,0.001350,0.262207,0.195801,0.043114,0.005180,0.088514,-0.136992,373.989990,15644.000000
1461.000000,-38.215054,0.064941,0.001474,0.261719,0.194336,0.043296,0.005126,0.093030,-0.136841,291.040009,15730.000000
1462.000000,-34.913200,0.065308,0.001345,0.262939,0.194214,0.043325,0.005057,0.095783,-0.133711,392.760010,15690.000000
1463.000000,8.721430,0.064819,0.001290,0.263062,0.194946,0.043432,0.005064,0.093633,-0.135595,329.970001,15820.000000
1464.000000,-11.841336,0.064697,0.001018,0.263916,0.196533,0.042807,0.004830,0.094745,-0.134940,387.079987,15970.000000
1465.000000,-0.308535,0.064209,0.001227,0.264771,0.196289,0.043417,0.004992,0.098679,-0.133216,384.989990,15695.000000
1466.000000,-46.490913,0.063965,0.001141,0.265503,0.195679,0.043818,0.004838,0.097776,-0.135137,413.350006,15904.000000
1467.000000,-50.299549,0.064453,0.001547,0.265015,0.195679,0.044165,0.005191,0.094623,-0.136150,359.489990,15579.000000
1468.000000,-14.617922,0.063599,0.001318,0.264404,0.195068,0.043661,0.004952,0.093228,-0.135495,383.750000,15509.000000
1469.000000,-40.938782,0.062622,0.001008,0.262329,0.193970,0.042680,0.004736,0.088897,-0.138015,418.190002,15536.000000
1470.000000,-26.553373,0.064209,0.001341,0.264038,0.195068,0.043427,0.005023,0.090768,-0.136972,379.809998,15523.000000
1471.000000,-19.799128,0.064697,0.001328,0.263794,0.193604,0.043454,0.004901,0.092958,-0.134839,318.660004,15499.000000
1472.000000,-13.391206,0.066528,0.001578,0.265259,0.196289,0.043870,0.005195,0.095615,-0.133081,349.790009,15545.000000
1473.000000,2.189117,0.067749,0.002403,0.267212,0.196777,0.044815,0.005929,0.097370,-0.135043,409.519989,15744.000000
1474.000000,-51.045776,0.068115,0.001662,0.267700,0.198608,0.044617,0.005211,0.095366,-0.136001,350.269989,15868.000000
1475.000000,-28.936010,0.066650,0.001279,0.267334,0.197021,0.044023,0.004856,0.099846,-0.133812,303.420013,15561.000000
1476.000000,-27.286711,0.067505,0.001564,0.267334,0.197510,0.044314,0.005047,0.100959,-0.135308,285.769989,15537.000000
1477.000000,-22.166348,0.066772,0.001516,0.267944,0.195557,0.044189,0.005067,0.105216,-0.134402,307.429993,15671.000000
1478.000000,-61.205074,0.067871,0.002041,0.268311,0.196655,0.044592,0.005594,0.101961,-0.136724,377.399994,15744.000000
1479.000000,3.027052,0.068726,0.002004,0.268555,0.196167,0.045254,0.005606,0.105245,-0.135584,391.029999,15697.000000
1480.000000,-47.676571,0.068726,0.001930,0.270020,0.194458,0.045541,0.005515,0.108852,-0.134605,379.290009,15644.000000
1481.000000,1.077711,0.068481,0.001930,0.269775,0.193848,0.045604,0.005524,0.108934,-0.135499,284.660004,15714.000000
1482.000000,-16.104187,0.069946,0.001619,0.270874,0.194946,0.045699,0.005217,0.107180,-0.135677,343.839996,15465.000000
1483.000000,22.414497,0.069946,0.001807,0.271851,0.194946,0.045665,0.005425,0.107580,-0.134809,368.790009,15456.000000
1484.000000,-6.958067,0.068848,0.001899,0.271362,0.194214,0.045359,0.005482,0.104018,-0.135500,370.769989,15378.000000
1485.000000,-40.219532,0.069580,0.002128,0.271606,0.194214,0.045569,0.005679,0.103621,-0.135426,310.160004,15153.000000
1486.000000,-24.146584,0.069336,0.002034,0.269409,0.192139,0.045321,0.005533,0.102609,-0.135076,342.390015,15489.000000
1487.000000,-21.839544,0.069946,0.002410,0.269165,0.193970,0.045831,0.005999,0.106263,-0.132515,387.850006,15360.000000
1488.000000,-27.481724,0.070557,0.001982,0.271240,0.194702,0.045982,0.005583,0.109643,-0.132349,353.929993,15345.000000
1489.000000,-18.646406,0.070190,0.002050,0.272583,0.194824,0.046652,0.005711,0.111653,-0.132495,350.250000,15227.000000
1490.000000,-20.236639,0.071045,0.001845,0.274536,0.195923,0.046587,0.005478,0.113430,-0.131934,370.880005,15537.000000
1491.000000,-58.442268,0.071045,0.001728,0.276978,0.195801,0.047131,0.005291,0.112444,-0.131160,341.200012,15750.000000
1492.000000,18.911674,0.071045,0.002160,0.276611,0.196289,0.047383,0.005779,0.112027,-0.129461,360.730011,15631.000000
1493.000000,-40.578396,0.071045,0.002460,0.277222,0.196167,0.048432,0.005990,0.110103,-0.131212,371.369995,15568.000000
1494.000000,-9.341835,0.071899,0.001675,0.277832,0.195801,0.048127,0.005098,0.108932,-0.132500,389.619995,15586.000000
1495.000000,-9.625688,0.071655,0.001703,0.278076,0.194458,0.048002,0.005065,0.106803,-0.131298,308.700012,15796.000000
1496.000000,-22.136095,0.070679,0.001026,0.278198,0.192749,0.047035,0.004343,0.109955,-0.130357,322.700012,15609.000000
1497.000000,37.942188,0.070679,0.001664,0.276611,0.192261,0.047055,0.004966,0.107000,-0.131752,320.619995,15663.000000
1498.000000,-32.515175,0.071167,0.001611,0.278198,0.192505,0.047056,0.004902,0.107748,-0.131222,351.309998,15620.000000
1499.000000,14.973222,0.071167,0.001621,0.280151,0.192383,0.047348,0.004919,0.108033,-0.129483,349.640015,15585.000000
1500.000000,-24.510900,0.071167,0.001731,0.281006,0.193481,0.047752,0.005048,0.114157,-0.124408,402.829987,15432.000000
1501.000000,-2.136365,0.071411,0.001555,0.281128,0.192139,0.047479,0.004968,0.113171,-0.127632,348.220001,15614.000000
1502.000000,5.078430,0.071777,0.001530,0.281738,0.192017,0.047207,0.004875,0.108866,-0.130117,398.609985,15771.000000
1503.000000,16.644753,0.071777,0.001460,0.283203,0.192261,0.047250,0.004806,0.110359,-0.129949,446.339996,15338.000000
1504.000000,17.035061,0.072876,0.001833,0.284058,0.192505,0.047929,0.005163,0.111979,-0.129980,406.239990,15718.000000
1505.000000,-8.812136,0.073242,0.002199,0.283569,0.193604,0.047785,0.005642,0.115565,-0.127571,409.140015,15659.000000
1506.000000,-8.173347,0.072876,0.001550,0.285156,0.192505,0.047605,0.004900,0.114783,-0.129852,393.510010,15490.000000
1507.000000,-4.867664,0.072144,0.001887,0.283447,0.189331,0.047609,0.005071,0.110317,-0.132131,380.519989,15597.000000
1508.000000,-17.506573,0.071899,0.001928,0.281860,0.190308,0.047736,0.005174,0.108701,-0.131576,441.109985,15564.000000
1509.000000,-21.918661,0.071777,0.001624,0.283081,0.189209,0.047606,0.004833,0.110274,-0.131324,415.649994,15279.000000
1510.000000,-2.647687,0.071899,0.001704,0.282593,0.190063,0.047833,0.004932,0.113847,-0.130485,462.059998,15262.000000
1511.000000,11.594506,0.071655,0.001538,0.282837,0.189331,0.047659,0.004685,0.114404,-0.132800,408.640015,15173.000000
1512.000000,0.675026,0.070679,0.001127,0.280762,0.188354,0.046739,0.004254,0.112397,-0.133399,338.390015,15198.000000
1513.000000,-23.141115,0.070312,0.001299,0.280762,0.187500,0.046978,0.004348,0.110869,-0.133909,434.540009,15149.000000
1514.000000,-23.029686,0.071045,0.001831,0.281860,0.187500,0.047759,0.004834,0.112158,-0.132962,508.170013,15006.000000
1515.000000,-8.246368,0.071411,0.001562,0.281494,0.189331,0.048011,0.004648,0.111356,-0.131415,435.209991,15107.000000
1516.000000,-14.632577,0.072754,0.001898,0.281006,0.189087,0.048777,0.004977,0.115805,-0.130556,443.880005,15010.000000
1517.000000,-18.617443,0.072998,0.001259,0.281006,0.189819,0.048566,0.004346,0.113916,-0.132826,335.540009,15121.000000
1518.000000,-39.619659,0.072876,0.001904,0.280884,0.188721,0.049050,0.004953,0.117772,-0.132904,376.529999,15323.000000
1519.000000,0.639515,0.071777,0.001325,0.279785,0.187500,0.048378,0.004385,0.118194,-0.132423,420.690002,14964.000000
1520.000000,-6.204808,0.070679,0.001448,0.279663,0.187256,0.048414,0.004496,0.117178,-0.133903,346.220001,15073.000000
1521.000000,-5.985988,0.070435,0.001551,0.281006,0.187378,0.048916,0.004567,0.119194,-0.130876,476.109985,15139.000000
1522.000000,-48.849861,0.071167,0.001795,0.282227,0.188843,0.049954,0.004868,0.121803,-0.128218,432.029999,15297.000000
1523.000000,-32.772205,0.071655,0.002188,0.283081,0.190186,0.050901,0.005245,0.125058,-0.126274,417.809998,15253.000000
1524.000000,22.663919,0.072388,0.001583,0.284058,0.188477,0.050711,0.004700,0.125087,-0.128653,424.649994,15298.000000
1525.000000,-44.803249,0.070801,0.001385,0.283691,0.188110,0.050322,0.004437,0.123579,-0.129238,392.549988,15268.000000
1526.000000,-4.183956,0.072021,0.001511,0.285034,0.189941,0.050440,0.004698,0.126213,-0.125587,361.660004,15237.000000
1527.000000,-4.849476,0.072632,0.001536,0.287231,0.188965,0.050729,0.004537,0.125071,-0.127631,413.709991,15121.000000
1528.000000,-4.156213,0.072144,0.001161,0.288086,0.189575,0.050609,0.004191,0.125558,-0.126339,391.329987,15449.000000
1529.000000,-6.151622,0.073975,0.001742,0.290527,0.190308,0.051716,0.004794,0.127989,-0.126040,401.410004,15619.000000
1530.000000,-28.753962,0.073853,0.001353,0.290283,0.191040,0.051992,0.004449,0.127456,-0.126689,474.350006,15498.000000
1531.000000,-34.688171,0.073364,0.001628,0.288574,0.188965,0.051844,0.004648,0.124892,-0.127678,462.059998,15341.000000
1532.000000,3.302633,0.072754,0.001228,0.286865,0.189697,0.051642,0.004318,0.124140,-0.127906,472.160004,15423.000000
1533.000000,-33.221195,0.071289,0.001118,0.286377,0.188843,0.051188,0.004165,0.123775,-0.127276,355.279999,15574.000000
1534.000000,8.370331,0.070557,0.001108,0.286255,0.187622,0.051136,0.004156,0.121696,-0.127000,433.459991,15658.000000
1535.000000,-13.749291,0.070068,0.001545,0.284790,0.188110,0.051142,0.004637,0.119177,-0.125420,404.750000,15491.000000
1536.000000,1.068310,0.070068,0.001442,0.286255,0.186890,0.051169,0.004459,0.120453,-0.127474,394.750000,15569.000000
1537.000000,14.336647,0.069946,0.001237,0.285889,0.187256,0.050993,0.004200,0.120253,-0.129004,435.750000,15703.000000
1538.000000,-11.883091,0.068848,0.001410,0.282715,0.186768,0.050485,0.004338,0.118384,-0.130646,472.140015,15553.000000
1539.000000,-21.346617,0.068237,0.001135,0.281982,0.186401,0.050397,0.004086,0.118960,-0.129765,424.279999,15489.000000
1540.000000,-14.660665,0.067749,0.001492,0.282349,0.186523,0.050732,0.004418,0.120172,-0.128583,391.309998,15562.000000
1541.000000,1.911884,0.068359,0.001768,0.282593,0.187012,0.050623,0.004753,0.119637,-0.127082,407.269989,15448.000000
1542.000000,-4.104622,0.067871,0.001537,0.282715,0.187012,0.050403,0.004485,0.122719,-0.127548,414.149994,15602.000000
1543.000000,-15.245624,0.068481,0.001404,0.284058,0.187256,0.050204,0.004400,0.121697,-0.129208,377.040009,15566.000000
1544.000000,-38.658352,0.067627,0.001232,0.284180,0.187012,0.050255,0.004230,0.120910,-0.129015,436.309998,15639.000000
1545.000000,-51.904591,0.067261,0.001195,0.283569,0.185425,0.050629,0.004172,0.120087,-0.128645,414.279999,15808.000000
1546.000000,-31.991604,0.067017,0.001173,0.284790,0.186279,0.051234,0.004205,0.121113,-0.124968,352.600006,15573.000000
1547.000000,-41.144936,0.066895,0.001111,0.285156,0.185669,0.051223,0.004103,0.126268,-0.123317,393.779999,15535.000000
1548.000000,-0.446160,0.067627,0.001149,0.286255,0.185547,0.050979,0.004119,0.124191,-0.126375,348.089996,15373.000000
1549.000000,6.185273,0.066650,0.001167,0.284790,0.184692,0.050596,0.004114,0.119778,-0.128004,447.279999,15416.000000
1550.000000,8.448243,0.067261,0.001509,0.286377,0.184692,0.051491,0.004380,0.119343,-0.128905,456.510010,15620.000000
1551.000000,-5.968757,0.067627,0.001781,0.284912,0.185303,0.051238,0.004708,0.117041,-0.129128,469.359985,15626.000000
1552.000000,11.425664,0.067871,0.002140,0.285034,0.185669,0.051718,0.005076,0.117265,-0.127864,472.070007,15622.000000
1553.000000,0.871938,0.067871,0.001730,0.284180,0.184937,0.051589,0.004739,0.116515,-0.129625,459.640015,15341.000000
1554.000000,-27.839277,0.067993,0.001542,0.283081,0.184814,0.051463,0.004617,0.112489,-0.131718,373.540009,15681.000000
1555.000000,2.663768,0.067871,0.001429,0.281738,0.184326,0.050918,0.004535,0.111751,-0.133124,378.619995,15218.000000
1556.000000,12.417732,0.067749,0.001102,0.283447,0.182983,0.050430,0.004180,0.113352,-0.133500,404.239990,15755.000000
1557.000000,6.626976,0.067261,0.001060,0.282593,0.182251,0.050082,0.004141,0.115541,-0.132544,429.390015,15612.000000
1558.000000,-29.066948,0.067139,0.000985,0.284058,0.182739,0.050042,0.004058,0.116358,-0.131730,346.489990,15710.000000
1559.000000,-22.001987,0.067627,0.001399,0.284790,0.183716,0.050708,0.004483,0.116427,-0.132922,396.600006,15541.000000
1560.000000,25.268047,0.066895,0.001116,0.282471,0.183472,0.050398,0.004307,0.115020,-0.131805,408.619995,15500.000000
1561.000000,1.170692,0.067505,0.001533,0.281006,0.184937,0.050640,0.004721,0.111397,-0.132340,463.190002,15542.000000
1562.000000,-20.222374,0.067505,0.001322,0.280273,0.184570,0.050542,0.004424,0.112826,-0.132632,339.660004,15193.000000
1563.000000,-13.959055,0.067871,0.001416,0.280518,0.184814,0.050494,0.004616,0.112726,-0.132818,391.899994,15081.000000
1564.000000,-21.010784,0.068237,0.001134,0.279663,0.185425,0.050659,0.004324,0.111347,-0.135080,427.450012,15042.000000
1565.000000,-34.640099,0.068726,0.001548,0.279541,0.186157,0.050725,0.004726,0.111793,-0.133763,372.529999,15175.000000
1566.000000,-5.311954,0.068481,0.001564,0.279419,0.186523,0.051036,0.004703,0.114919,-0.129743,329.529999,15131.000000
1567.000000,-20.609793,0.068359,0.001595,0.278198,0.185791,0.051186,0.004672,0.117380,-0.128868,381.130005,15082.000000
1568.000000,-15.905869,0.068359,0.001315,0.278564,0.185669,0.051232,0.004386,0.116471,-0.129630,414.799988,14966.000000
1569.000000,-16.468145,0.067627,0.001264,0.276611,0.184570,0.051135,0.004287,0.111165,-0.131470,321.950012,15200.000000
1570.000000,1.005100,0.066895,0.001168,0.274902,0.184814,0.050730,0.004254,0.110907,-0.130313,366.410004,15147.000000
1571.000000,2.761358,0.066650,0.001458,0.275146,0.183594,0.050814,0.004421,0.111356,-0.129603,373.980011,15093.000000
1572.000000,-3.232826,0.066650,0.001328,0.274536,0.184448,0.050464,0.004289,0.112125,-0.129746,425.670013,15172.000000
1573.000000,20.382629,0.067139,0.001190,0.275024,0.185913,0.050659,0.004227,0.116666,-0.128457,490.500000,15216.000000
1574.000000,1.168726,0.067139,0.001702,0.275635,0.185547,0.050964,0.004680,0.114747,-0.131065,400.989990,15285.000000
1575.000000,-17.997124,0.068237,0.001643,0.277344,0.186035,0.051861,0.004582,0.113390,-0.131726,415.149994,15364.000000
1576.000000,-0.374176,0.068970,0.001837,0.276855,0.186523,0.052167,0.004765,0.116486,-0.128367,443.279999,15419.000000
1577.000000,-26.383335,0.067993,0.001574,0.276855,0.186646,0.052036,0.004544,0.120455,-0.127744,379.140015,15245.000000
1578.000000,-2.771256,0.067993,0.001417,0.277710,0.187256,0.051981,0.004414,0.120352,-0.130149,368.450012,15316.000000
1579.000000,-29.374340,0.067017,0.001459,0.276978,0.185791,0.051843,0.004440,0.118887,-0.129960,457.399994,15410.000000
1580.000000,7.375863,0.066040,0.001378,0.276733,0.184204,0.051567,0.004313,0.119719,-0.131023,415.549988,15299.000000
1581.000000,-41.554474,0.066772,0.001608,0.277588,0.182739,0.052260,0.004570,0.120098,-0.131552,516.419983,15437.000000
1582.000000,25.608450,0.066650,0.001687,0.276978,0.182861,0.052381,0.004680,0.118692,-0.131349,432.089996,15228.000000
1583.000000,-45.685913,0.066162,0.001562,0.277222,0.183350,0.051954,0.004548,0.118631,-0.134052,476.529999,15149.000000
1584.000000,42.319111,0.065918,0.001604,0.276489,0.183228,0.051557,0.004612,0.118455,-0.133658,406.179993,15152.000000
1585.000000,-26.959059,0.065186,0.001543,0.275024,0.183228,0.051504,0.004627,0.119976,-0.132755,464.730011,15310.000000
1586.000000,4.123549,0.065063,0.001298,0.276001,0.182251,0.051356,0.004342,0.117869,-0.135894,366.380005,15398.000000
1587.000000,-11.344059,0.064453,0.001103,0.274658,0.182007,0.051106,0.004204,0.116780,-0.136153,449.279999,15376.000000
1588.000000,-8.275120,0.064087,0.001494,0.274170,0.182983,0.051446,0.004596,0.116598,-0.136076,404.220001,15361.000000
1589.000000,11.956243,0.063721,0.001505,0.272827,0.183838,0.051243,0.004592,0.119414,-0.133877,420.829987,15284.000000
1590.000000,43.384048,0.063477,0.001849,0.271362,0.184082,0.051280,0.004834,0.119219,-0.133249,467.510010,15091.000000
1591.000000,14.063204,0.064331,0.001326,0.271851,0.184448,0.050951,0.004302,0.118025,-0.135948,450.540009,15396.000000
1592.000000,-12.017800,0.064453,0.001627,0.269897,0.185059,0.050781,0.004577,0.117410,-0.135671,395.540009,15138.000000
1593.000000,7.882961,0.064819,0.001439,0.270264,0.185425,0.050614,0.004522,0.118203,-0.135468,563.320007,15175.000000
1594.000000,45.884510,0.063965,0.001591,0.268311,0.184204,0.050577,0.004561,0.119261,-0.133490,452.369995,15269.000000
1595.000000,1.078134,0.062378,0.001414,0.266968,0.183960,0.049867,0.004371,0.118560,-0.133334,454.320007,15281.000000
1596.000000,1.972116,0.063477,0.001450,0.268799,0.185791,0.050282,0.004472,0.123070,-0.130743,385.410004,15190.000000
1597.000000,-19.126253,0.062378,0.001092,0.268433,0.184814,0.049763,0.004118,0.123607,-0.133068,373.100006,15027.000000
1598.000000,-16.309793,0.063354,0.001658,0.267822,0.186035,0.050267,0.004672,0.119047,-0.133684,504.470001,15226.000000
1599.000000,-3.188243,0.062134,0.001101,0.267944,0.184448,0.049689,0.004075,0.119577,-0.132383,439.489990,15077.000000
1600.000000,-7.288517,0.061035,0.000987,0.267822,0.183594,0.049848,0.003963,0.122604,-0.130600,361.920013,15201.000000
1601.000000,9.330472,0.062012,0.001074,0.269897,0.185669,0.050592,0.004156,0.122760,-0.129223,393.640015,15233.000000
1602.000000,14.038744,0.061768,0.001013,0.270142,0.185547,0.050088,0.004174,0.122427,-0.130405,461.200012,15633.000000
1603.000000,-6.959793,0.061646,0.001403,0.269531,0.184326,0.049921,0.004544,0.114064,-0.135363,401.760010,15665.000000
1604.000000,5.660942,0.061646,0.001312,0.268677,0.183594,0.050127,0.004346,0.115281,-0.132929,410.470001,15399.000000
1605.000000,15.307961,0.062012,0.001267,0.269775,0.182739,0.049761,0.004221,0.120424,-0.131212,453.230011,15689.000000
1606.000000,10.716977,0.062622,0.001502,0.270508,0.183960,0.050184,0.004501,0.120127,-0.131684,381.570007,15587.000000
1607.000000,-9.609426,0.062134,0.001478,0.270142,0.184204,0.050134,0.004568,0.115343,-0.134367,370.339996,15368.000000
1608.000000,-27.925259,0.061646,0.001290,0.269165,0.184204,0.050202,0.004381,0.113278,-0.133692,484.980011,15259.000000
1609.000000,-21.774767,0.061523,0.001011,0.269775,0.184082,0.050336,0.004083,0.114329,-0.134396,472.549988,15717.000000
1610.000000,5.625554,0.061279,0.001103,0.267212,0.184692,0.049795,0.004182,0.113731,-0.133489,400.850006,15647.000000
1611.000000,-13.057054,0.060547,0.000936,0.264648,0.183594,0.049092,0.004010,0.112215,-0.135958,386.559998,15661.000000
1612.000000,-8.976863,0.060303,0.000842,0.264648,0.184204,0.049042,0.003926,0.114209,-0.135478,482.859985,15811.000000
1613.000000,-24.355967,0.059937,0.000638,0.264404,0.182983,0.048862,0.003730,0.115110,-0.135354,426.429993,15586.000000
1614.000000,1.835570,0.060303,0.001095,0.264893,0.183716,0.049363,0.004240,0.115807,-0.134277,477.450012,15598.000000
1615.000000,-21.858067,0.059814,0.000915,0.264160,0.183105,0.049112,0.004033,0.117910,-0.134753,405.720001,15848.000000
1616.000000,-13.990767,0.060181,0.000892,0.265503,0.185547,0.049634,0.004096,0.117894,-0.131921,359.709991,15806.000000
1617.000000,22.232899,0.060547,0.000942,0.265503,0.184692,0.049118,0.004112,0.117576,-0.131456,464.890015,15763.000000
1618.000000,3.735054,0.060913,0.001011,0.265991,0.185059,0.049324,0.004277,0.117143,-0.130175,441.369995,15860.000000
1619.000000,1.373076,0.061035,0.001280,0.264893,0.185913,0.049441,0.004623,0.115925,-0.128903,470.269989,15879.000000
1620.000000,-13.802511,0.059814,0.001054,0.264160,0.183716,0.049101,0.004340,0.117251,-0.131005,395.109985,15270.000000
1621.000000,-41.031696,0.059570,0.001323,0.262573,0.183716,0.049086,0.004699,0.115827,-0.129868,369.529999,15344.000000
1622.000000,26.432512,0.058960,0.001381,0.262573,0.184570,0.048834,0.004781,0.110017,-0.131677,436.839996,15197.000000
1623.000000,14.209884,0.058472,0.001185,0.261353,0.183960,0.048319,0.004580,0.108199,-0.131127,460.630005,15434.000000
1624.000000,12.788398,0.058960,0.001234,0.260986,0.185425,0.048025,0.004701,0.109175,-0.131317,368.829987,15519.000000
1625.000000,-19.258564,0.059082,0.001396,0.260986,0.186035,0.048395,0.004904,0.110919,-0.130517,409.149994,15749.000000
1626.000000,6.250915,0.059326,0.001734,0.258179,0.186401,0.048692,0.005310,0.110118,-0.131889,395.529999,15490.000000
1627.000000,-19.070402,0.059448,0.001476,0.256226,0.187622,0.048417,0.005095,0.105843,-0.132343,402.839996,15742.000000
1628.000000,-21.023163,0.060425,0.001539,0.257690,0.188110,0.048624,0.005095,0.107050,-0.132171,363.209991,15680.000000
1629.000000,-9.619854,0.061768,0.001621,0.258545,0.187988,0.049240,0.005129,0.111594,-0.130691,424.940002,15619.000000
1630.000000,-2.829388,0.060425,0.001068,0.259155,0.186279,0.048385,0.004501,0.111601,-0.133717,403.809998,15814.000000
1631.000000,-1.649985,0.060425,0.000921,0.259644,0.185547,0.048112,0.004338,0.106708,-0.135724,404.720001,15631.000000
1632.000000,-7.932723,0.060791,0.001057,0.259033,0.184692,0.048168,0.004375,0.105985,-0.134937,420.799988,15787.000000
1633.000000,28.407238,0.061157,0.001509,0.258911,0.185425,0.048002,0.004914,0.106577,-0.133163,433.640015,15484.000000
1634.000000,27.300282,0.061890,0.001791,0.260010,0.187378,0.048547,0.005192,0.105573,-0.133222,462.739990,15249.000000
1635.000000,-32.069862,0.061890,0.001394,0.260986,0.185425,0.047990,0.004709,0.103088,-0.134197,450.149994,15783.000000
1636.000000,-18.496885,0.062134,0.001724,0.260376,0.185913,0.048130,0.005013,0.102912,-0.134730,420.980011,15610.000000
1637.000000,-23.180504,0.062256,0.001490,0.262451,0.185791,0.047999,0.004720,0.103298,-0.134999,344.660004,15403.000000
1638.000000,2.409127,0.062256,0.001327,0.261841,0.186768,0.047537,0.004640,0.103906,-0.133250,452.440002,15444.000000
1639.000000,-42.160755,0.063599,0.001505,0.262329,0.188477,0.048370,0.004904,0.105076,-0.132085,417.890015,15779.000000
1640.000000,16.998663,0.063843,0.001252,0.260986,0.188354,0.047992,0.004591,0.106269,-0.132147,408.869995,15604.000000
1641.000000,40.102409,0.063477,0.001440,0.259766,0.187988,0.047437,0.004802,0.101509,-0.133617,365.179993,15607.000000
1642.000000,-22.245806,0.063477,0.001208,0.259644,0.187988,0.047067,0.004623,0.096578,-0.136198,364.649994,15783.000000
1643.000000,-4.121845,0.062500,0.001135,0.259277,0.187500,0.046654,0.004558,0.098432,-0.134251,440.769989,15646.000000
1644.000000,-19.198593,0.063354,0.001312,0.257812,0.189331,0.046622,0.004801,0.096768,-0.134332,486.910004,15749.000000
1645.000000,31.286289,0.063843,0.001501,0.258789,0.189453,0.046568,0.004923,0.097685,-0.135037,462.940002,15753.000000
1646.000000,-30.431675,0.062134,0.001186,0.257690,0.187256,0.045807,0.004468,0.099531,-0.133912,444.279999,15615.000000
1647.000000,-37.670376,0.062622,0.001033,0.257690,0.189331,0.046188,0.004346,0.102362,-0.132020,448.459991,15767.000000
1648.000000,-22.662371,0.063232,0.001501,0.259155,0.188843,0.046885,0.004802,0.105286,-0.131663,312.820007,15605.000000
1649.000000,0.547565,0.063110,0.001853,0.258667,0.188354,0.046805,0.005092,0.103397,-0.130576,482.089996,15270.000000
1650.000000,-28.792055,0.063477,0.001794,0.259888,0.189819,0.046835,0.005134,0.098742,-0.130892,409.109985,15269.000000
1651.000000,-5.385808,0.063477,0.001300,0.260010,0.191528,0.046514,0.004699,0.102689,-0.129044,410.100006,15444.000000
1652.000000,-56.812920,0.063354,0.001667,0.260498,0.190918,0.046582,0.005035,0.105994,-0.130063,439.700012,15237.000000
1653.000000,-23.663103,0.064209,0.001538,0.260620,0.191528,0.046849,0.004932,0.107679,-0.129497,380.179993,15722.000000
1654.000000,28.845274,0.063599,0.001354,0.259399,0.191284,0.046223,0.004816,0.106892,-0.129759,416.200012,15667.000000
1655.000000,-38.224163,0.063110,0.001070,0.260864,0.189697,0.045420,0.004512,0.108242,-0.128963,409.890015,15710.000000
1656.000000,-8.003158,0.063599,0.001540,0.261719,0.188721,0.045729,0.004950,0.104084,-0.130646,350.079987,15715.000000
1657.000000,-16.456831,0.062622,0.001348,0.262085,0.187622,0.045354,0.004769,0.099697,-0.130297,392.690002,15464.000000
1658.000000,-30.795708,0.062622,0.001172,0.261963,0.187256,0.044848,0.004599,0.099023,-0.130141,422.779999,15696.000000
1659.000000,-2.400509,0.062622,0.001097,0.261353,0.187134,0.044510,0.004488,0.101964,-0.130545,433.380005,15597.000000
1660.000000,-18.875267,0.062744,0.001250,0.261719,0.187622,0.044565,0.004743,0.102403,-0.131375,362.540009,15717.000000
1661.000000,-17.411055,0.064087,0.001243,0.262451,0.187988,0.044504,0.004831,0.102088,-0.129800,420.450012,15720.000000
1662.000000,-0.571971,0.064697,0.001272,0.261963,0.187988,0.044076,0.004868,0.100885,-0.131780,388.250000,15462.000000
1663.000000,-30.386593,0.065674,0.001487,0.262085,0.188599,0.044355,0.005153,0.102938,-0.130978,364.489990,15718.000000
1664.000000,-37.863537,0.066650,0.001281,0.262207,0.189209,0.044296,0.005048,0.103796,-0.129236,373.859985,15766.000000
1665.000000,-11.879795,0.064941,0.001042,0.261353,0.189209,0.043564,0.004845,0.103412,-0.131103,409.130005,15674.000000
1666.000000,-34.113449,0.066284,0.001479,0.262939,0.190186,0.043956,0.005267,0.107222,-0.130317,348.500000,15954.000000
1667.000000,-19.956163,0.065430,0.001367,0.262207,0.189697,0.043812,0.005059,0.106709,-0.129819,409.529999,15725.000000
1668.000000,0.210532,0.064453,0.001185,0.260010,0.188843,0.043194,0.004962,0.106180,-0.131246,446.209991,15683.000000
1669.000000,-22.153036,0.064209,0.001070,0.261475,0.189209,0.042902,0.004797,0.107229,-0.131233,389.899994,15812.000000
1670.000000,-7.710227,0.064697,0.001546,0.261597,0.190796,0.043351,0.005279,0.107796,-0.130274,416.190002,15723.000000
1671.000000,-20.976038,0.065063,0.001493,0.262329,0.190674,0.044070,0.005194,0.110080,-0.129645,361.959991,15705.000000
1672.000000,-46.469017,0.065796,0.001758,0.263306,0.191528,0.044796,0.005488,0.112320,-0.126950,361.100006,15810.000000
1673.000000,-19.232740,0.065918,0.001664,0.263306,0.192139,0.044861,0.005407,0.112665,-0.125828,441.959991,15697.000000
1674.000000,-7.292435,0.065430,0.001390,0.263184,0.192017,0.044726,0.005036,0.111668,-0.127757,402.049988,15634.000000
1675.000000,-34.451263,0.065308,0.001225,0.262573,0.191895,0.044933,0.004878,0.112107,-0.128107,358.070007,15793.000000
1676.000000,-16.621050,0.064941,0.001002,0.261475,0.192627,0.044407,0.004696,0.112049,-0.127646,359.730011,15707.000000
1677.000000,-14.921120,0.064697,0.001158,0.261963,0.191650,0.044331,0.004847,0.113871,-0.125598,490.510010,15698.000000
1678.000000,-8.603180,0.065063,0.001583,0.262573,0.191650,0.044951,0.005250,0.114904,-0.128058,453.720001,15666.000000
1679.000000,18.027336,0.066650,0.001680,0.263428,0.194458,0.045411,0.005492,0.114876,-0.127548,417.739990,15766.000000
1680.000000,-4.413923,0.066528,0.001394,0.264038,0.192627,0.045211,0.005138,0.113289,-0.128322,364.570007,15814.000000
1681.000000,6.307159,0.067261,0.001739,0.263062,0.193237,0.045487,0.005479,0.111174,-0.128787,435.519989,15709.000000
1682.000000,-8.856862,0.065430,0.001607,0.260254,0.191528,0.044220,0.005403,0.108571,-0.127695,438.559998,15685.000000
1683.000000,-10.881964,0.064331,0.001126,0.260864,0.190308,0.044069,0.004934,0.109575,-0.128791,406.890015,15838.000000
1684.000000,-26.413553,0.065308,0.001327,0.262329,0.189819,0.044248,0.005082,0.114799,-0.127875,450.769989,15751.000000
1685.000000,38.124310,0.065918,0.001242,0.265015,0.189575,0.044639,0.004999,0.118852,-0.126096,492.320007,15789.000000
1686.000000,14.654901,0.066040,0.001170,0.264160,0.188110,0.044093,0.004869,0.114775,-0.127772,464.709991,15599.000000
1687.000000,0.648220,0.066284,0.001410,0.263794,0.187988,0.044080,0.005053,0.114913,-0.127048,474.429993,15613.000000
1688.000000,-35.896770,0.067261,0.001550,0.265747,0.188110,0.044258,0.005104,0.113081,-0.127223,459.880005,15790.000000
1689.000000,21.998804,0.067505,0.001610,0.265747,0.188721,0.044360,0.005225,0.110251,-0.127682,494.200012,15636.000000
1690.000000,0.021642,0.067749,0.001677,0.265991,0.190552,0.044278,0.005409,0.111395,-0.125499,426.950012,15707.000000
1691.000000,-1.889773,0.067871,0.001385,0.266357,0.188965,0.044392,0.005042,0.116085,-0.127082,362.089996,15821.000000
1692.000000,-20.556110,0.067017,0.001110,0.265137,0.188965,0.043947,0.004798,0.115147,-0.126220,424.339996,15741.000000
1693.000000,7.529319,0.067261,0.001280,0.264648,0.188843,0.043339,0.005018,0.111911,-0.125465,452.369995,15576.000000
1694.000000,-18.514177,0.067627,0.001583,0.264893,0.188843,0.044043,0.005333,0.111987,-0.126189,428.790009,15796.000000
1695.000000,-37.234013,0.066650,0.001582,0.264160,0.189209,0.043852,0.005398,0.112180,-0.126172,431.519989,15635.000000
1696.000000,-12.219365,0.067017,0.001620,0.265381,0.188110,0.044168,0.005351,0.116585,-0.124906,435.799988,15584.000000
1697.000000,-6.409843,0.066528,0.001949,0.264893,0.189209,0.044544,0.005743,0.115543,-0.125470,463.640015,15627.000000
1698.000000,-30.319540,0.066895,0.002065,0.266357,0.189941,0.044952,0.005892,0.117921,-0.122896,442.299988,15841.000000
1699.000000,8.067151,0.066162,0.001781,0.265259,0.189697,0.044568,0.005521,0.120037,-0.123520,412.720001,15767.000000
1700.000000,8.260907,0.066650,0.001984,0.265503,0.189209,0.045184,0.005689,0.118546,-0.124199,408.510010,15658.000000
1701.000000,20.462048,0.067017,0.001793,0.265747,0.190918,0.045035,0.005514,0.117751,-0.122367,419.640015,15759.000000
1702.000000,-46.226906,0.067017,0.001209,0.264648,0.192139,0.044672,0.005030,0.115798,-0.120895,406.670013,15641.000000
1703.000000,25.771057,0.066528,0.001325,0.262817,0.192505,0.044108,0.005255,0.113894,-0.121707,435.750000,15718.000000
1704.000000,22.612581,0.067017,0.001475,0.263672,0.193115,0.044087,0.005445,0.114888,-0.121247,426.730011,15602.000000
1705.000000,-10.392101,0.067627,0.001473,0.264038,0.192505,0.044108,0.005319,0.113433,-0.122516,405.600006,15794.000000
1706.000000,17.726719,0.068237,0.001336,0.264648,0.192993,0.044374,0.005167,0.114653,-0.121465,467.760010,15887.000000
1707.000000,-25.040503,0.068848,0.001452,0.265747,0.193970,0.044661,0.005258,0.116433,-0.121150,378.779999,15838.000000
1708.000000,-8.620695,0.068481,0.001491,0.264648,0.193726,0.044026,0.005314,0.115746,-0.121699,438.399994,15841.000000
1709.000000,-21.234100,0.068726,0.001678,0.265381,0.193848,0.044115,0.005579,0.114367,-0.121290,463.779999,15629.000000
1710.000000,-15.578892,0.068848,0.001030,0.266235,0.193604,0.044113,0.004907,0.116439,-0.119574,493.190002,15599.000000
1711.000000,-4.247949,0.069336,0.001328,0.265869,0.193726,0.044272,0.005177,0.119390,-0.118368,529.960022,15583.000000
1712.000000,23.207914,0.069946,0.001367,0.265625,0.195068,0.044498,0.005303,0.118842,-0.118838,494.750000,15427.000000
1713.000000,6.268080,0.069580,0.001435,0.264526,0.194580,0.044344,0.005343,0.115095,-0.121311,516.140015,15589.000000
1714.000000,-35.423424,0.069336,0.001288,0.264404,0.194824,0.044740,0.005132,0.117244,-0.121378,418.429993,15611.000000
1715.000000,-7.006880,0.068237,0.000839,0.263428,0.194092,0.043635,0.004690,0.117428,-0.121153,401.769989,15690.000000
1716.000000,-10.912751,0.069092,0.001059,0.263306,0.194458,0.043846,0.004902,0.115975,-0.121127,395.829987,15452.000000
1717.000000,21.469688,0.068237,0.001257,0.261108,0.194092,0.043387,0.005139,0.113564,-0.120887,469.440002,15574.000000
1718.000000,5.197811,0.067749,0.001057,0.260864,0.193115,0.043115,0.004932,0.111006,-0.121536,449.040009,15428.000000
1719.000000,-31.155106,0.067139,0.001310,0.260010,0.192749,0.043624,0.005203,0.113985,-0.121246,474.040009,15264.000000
1720.000000,-1.229202,0.066772,0.001530,0.259033,0.193604,0.043500,0.005574,0.116991,-0.120298,438.859985,15140.000000
1721.000000,-27.299561,0.067139,0.001467,0.260498,0.192993,0.043835,0.005430,0.119089,-0.121225,412.959991,15235.000000
1722.000000,-41.333561,0.068726,0.001552,0.261963,0.194092,0.044710,0.005631,0.122255,-0.117253,420.670013,15272.000000
1723.000000,22.592968,0.068848,0.002234,0.261963,0.193970,0.044901,0.006274,0.120751,-0.116979,491.299988,15383.000000
1724.000000,7.991336,0.068970,0.001860,0.261841,0.195557,0.044834,0.005876,0.122679,-0.116842,410.559998,15290.000000
1725.000000,-29.955278,0.069214,0.001884,0.262085,0.194702,0.044949,0.005834,0.127375,-0.116410,435.359985,15289.000000
1726.000000,33.168514,0.069214,0.001921,0.262573,0.195435,0.044957,0.005913,0.128725,-0.116143,442.940002,15239.000000
1727.000000,-25.775776,0.069092,0.001408,0.261963,0.196533,0.044306,0.005500,0.126307,-0.117806,502.809998,15172.000000
1728.000000,7.915217,0.069336,0.001593,0.261475,0.197876,0.044438,0.005808,0.123583,-0.120252,421.670013,15409.000000
1729.000000,-52.536095,0.069824,0.001622,0.262573,0.197144,0.045067,0.005705,0.127774,-0.118770,467.899994,15517.000000
1730.000000,-17.659458,0.068970,0.001618,0.262085,0.195801,0.045079,0.005520,0.130579,-0.118621,366.209991,15239.000000
1731.000000,1.063729,0.068726,0.001580,0.262817,0.195312,0.044928,0.005441,0.129445,-0.119938,461.209991,15112.000000
1732.000000,37.725567,0.068848,0.001550,0.261963,0.195312,0.044865,0.005386,0.125358,-0.121293,422.929993,15565.000000
1733.000000,18.825327,0.068481,0.001863,0.261719,0.196899,0.045091,0.005781,0.127579,-0.118917,460.329987,15158.000000
1734.000000,-20.357197,0.069214,0.001897,0.262939,0.198120,0.045945,0.005838,0.131564,-0.116956,429.450012,15136.000000
1735.000000,-29.217791,0.070068,0.001834,0.264526,0.199097,0.046586,0.005797,0.130214,-0.119554,378.809998,15162.000000
1736.000000,-8.248144,0.069702,0.002326,0.262939,0.197510,0.047375,0.006249,0.126837,-0.121009,466.290009,15285.000000
1737.000000,-34.533890,0.070190,0.001818,0.262695,0.199951,0.047800,0.005774,0.129935,-0.118713,446.160004,15261.000000
1738.000000,-26.083748,0.070068,0.001709,0.262817,0.198975,0.048193,0.005620,0.138005,-0.116649,462.730011,15245.000000
1739.000000,-52.698204,0.069580,0.001815,0.262573,0.197876,0.048765,0.005715,0.136851,-0.118135,436.820007,15314.000000
1740.000000,3.355923,0.069824,0.001668,0.260742,0.197998,0.049116,0.005501,0.135004,-0.119880,467.760010,15292.000000
1741.000000,-10.280623,0.069214,0.001527,0.262573,0.197510,0.049258,0.005434,0.133160,-0.118727,456.299988,15340.000000
1742.000000,-7.773593,0.069336,0.001736,0.263184,0.198975,0.049714,0.005820,0.135859,-0.114650,578.840027,15281.000000
1743.000000,-1.650431,0.069580,0.001766,0.265747,0.198853,0.050305,0.005828,0.141404,-0.115280,438.290009,15172.000000
1744.000000,30.620634,0.069336,0.001631,0.266724,0.197998,0.050379,0.005603,0.139859,-0.117888,418.730011,15228.000000
1745.000000,-23.695086,0.069336,0.001367,0.267090,0.196777,0.050252,0.005314,0.136534,-0.118407,377.769989,15528.000000
1746.000000,53.704559,0.069824,0.001572,0.266968,0.196411,0.050411,0.005524,0.136108,-0.117369,474.290009,15334.000000
1747.000000,7.146436,0.068359,0.001564,0.267700,0.197144,0.050257,0.005550,0.134929,-0.117666,419.980011,15210.000000
1748.000000,14.941674,0.068481,0.001216,0.267334,0.195679,0.049754,0.005157,0.130162,-0.119453,406.320007,15304.000000
1749.000000,7.774585,0.068237,0.001254,0.267944,0.196045,0.049685,0.005218,0.130170,-0.116475,442.589996,15335.000000
1750.000000,-5.829064,0.068115,0.001205,0.267456,0.196533,0.049580,0.005260,0.130526,-0.114117,384.970001,15230.000000
1751.000000,-3.819837,0.067505,0.001689,0.266113,0.197754,0.049169,0.005750,0.128042,-0.116210,408.589996,15187.000000
1752.000000,3.001531,0.067017,0.001215,0.265015,0.196655,0.048434,0.005321,0.123286,-0.118972,463.010010,15202.000000
1753.000000,-8.586265,0.067627,0.001589,0.265381,0.196533,0.048607,0.005604,0.122904,-0.118996,412.769989,15310.000000
1754.000000,2.402570,0.067627,0.001760,0.265747,0.195801,0.048888,0.005730,0.123218,-0.118753,400.299988,15248.000000
1755.000000,-18.194576,0.067139,0.001697,0.266479,0.195679,0.048793,0.005659,0.123418,-0.119155,469.989990,15316.000000
1756.000000,-6.618788,0.067017,0.002072,0.265991,0.196411,0.048257,0.006117,0.124576,-0.117852,400.100006,15172.000000
1757.000000,-45.396027,0.067383,0.001492,0.267456,0.196289,0.048473,0.005582,0.121769,-0.119648,482.820007,15382.000000
1758.000000,38.951393,0.066040,0.001606,0.265747,0.196045,0.048237,0.005738,0.121165,-0.119026,489.390015,15399.000000
1759.000000,-9.809886,0.066772,0.002040,0.266479,0.196411,0.048871,0.006199,0.120375,-0.119853,454.700012,15401.000000
1760.000000,3.197509,0.067749,0.002245,0.268433,0.197021,0.049607,0.006378,0.121410,-0.120525,528.109985,15396.000000
1761.000000,13.602199,0.067383,0.001593,0.267456,0.198730,0.049117,0.005773,0.119976,-0.121079,410.690002,15244.000000
1762.000000,-8.818501,0.066284,0.001089,0.266113,0.197754,0.048343,0.005223,0.120694,-0.120824,399.709991,15516.000000
1763.000000,-16.697248,0.066528,0.001514,0.267456,0.197754,0.048297,0.005596,0.118520,-0.121351,449.769989,15346.000000
1764.000000,20.581827,0.066772,0.001600,0.269165,0.198120,0.048260,0.005692,0.115622,-0.121990,358.149994,15316.000000
1765.000000,27.259287,0.067627,0.001496,0.269043,0.198608,0.048314,0.005651,0.114911,-0.121662,433.609985,15307.000000
1766.000000,69.188744,0.067017,0.001795,0.266724,0.197388,0.047718,0.005877,0.110848,-0.124364,593.070007,15329.000000
1767.000000,-5.431853,0.067383,0.001742,0.266968,0.196899,0.047596,0.005856,0.108320,-0.125430,394.670013,15357.000000
1768.000000,-10.909405,0.066650,0.001670,0.266235,0.197632,0.047252,0.005771,0.110736,-0.121109,457.250000,15297.000000
1769.000000,-20.362293,0.066772,0.001867,0.266479,0.197998,0.047153,0.005998,0.109997,-0.120515,413.260010,15361.000000
1770.000000,2.845648,0.067749,0.002057,0.266846,0.198853,0.047796,0.006257,0.108955,-0.121642,424.079987,15302.000000
1771.000000,-18.383522,0.068115,0.002441,0.266235,0.198608,0.048479,0.006575,0.110509,-0.122120,417.260010,15957.000000
1772.000000,-0.741340,0.067261,0.002315,0.266113,0.198730,0.048243,0.006398,0.111820,-0.122087,413.200012,16070.000000
1773.000000,5.117620,0.067993,0.002158,0.267944,0.199829,0.048946,0.006209,0.114698,-0.122688,351.989990,15888.000000
1774.000000,13.870881,0.066772,0.001728,0.266357,0.198120,0.048005,0.005775,0.113811,-0.122910,428.299988,16058.000000
1775.000000,-27.098402,0.065796,0.001665,0.266113,0.197388,0.047817,0.005679,0.112324,-0.125381,397.190002,15939.000000
1776.000000,-11.034978,0.065674,0.001727,0.267456,0.195679,0.048026,0.005621,0.111445,-0.125227,373.279999,15775.000000
1777.000000,-10.933902,0.065552,0.001849,0.268066,0.197266,0.048557,0.005807,0.113356,-0.122496,432.079987,16031.000000
1778.000000,25.188013,0.064575,0.001781,0.268066,0.195923,0.048730,0.005763,0.117081,-0.121338,405.600006,15872.000000
1779.000000,-4.605395,0.064087,0.001704,0.265747,0.195923,0.048374,0.005708,0.113248,-0.122673,453.959991,15985.000000
1780.000000,-13.698436,0.063965,0.001724,0.266113,0.195679,0.048396,0.005695,0.112646,-0.122810,465.220001,15755.000000
1781.000000,0.825071,0.063965,0.001703,0.265869,0.194458,0.048138,0.005572,0.112267,-0.123400,396.850006,15816.000000
1782.000000,-35.604683,0.064209,0.001814,0.265747,0.196167,0.048358,0.005678,0.107117,-0.125404,493.160004,15725.000000
1783.000000,6.607140,0.063110,0.001458,0.264771,0.194580,0.047815,0.005277,0.106676,-0.124630,364.190002,15795.000000
1784.000000,12.867899,0.063232,0.001496,0.264893,0.194458,0.047438,0.005385,0.107211,-0.122695,515.280029,15879.000000
1785.000000,-14.508200,0.063721,0.001823,0.266357,0.195068,0.047663,0.005753,0.112669,-0.120476,397.250000,16008.000000
1786.000000,1.695191,0.063477,0.001490,0.265625,0.193604,0.047237,0.005390,0.111764,-0.122349,376.359985,15795.000000
1787.000000,1.537392,0.063599,0.001364,0.265747,0.192627,0.046830,0.005190,0.108878,-0.122958,417.239990,15285.000000
1788.000000,13.273246,0.063232,0.001572,0.265137,0.192383,0.046555,0.005322,0.108308,-0.122990,360.640015,15509.000000
1789.000000,-5.798611,0.063477,0.001709,0.265137,0.193359,0.046849,0.005556,0.105819,-0.123571,501.109985,15456.000000
1790.000000,-18.846769,0.064087,0.001593,0.265747,0.194458,0.047148,0.005467,0.105935,-0.122348,419.989990,15427.000000
1791.000000,4.439582,0.063599,0.001532,0.266113,0.194336,0.046863,0.005487,0.106604,-0.123193,442.359985,15964.000000
1792.000000,-31.374226,0.063843,0.001763,0.266235,0.194824,0.047137,0.005803,0.104001,-0.124569,352.260010,16051.000000
1793.000000,-24.845018,0.063354,0.001810,0.266235,0.193115,0.047073,0.005728,0.101785,-0.125086,374.910004,16055.000000
1794.000000,5.693918,0.063721,0.001661,0.266357,0.192383,0.046936,0.005527,0.099761,-0.124969,456.450012,15622.000000
1795.000000,-2.226385,0.063354,0.001483,0.265625,0.191772,0.046641,0.005302,0.104585,-0.123093,389.980011,15905.000000
1796.000000,-7.139497,0.063110,0.001662,0.265625,0.192017,0.046666,0.005504,0.105208,-0.122930,391.480011,15983.000000
1797.000000,-15.943261,0.063843,0.002036,0.264160,0.193481,0.047057,0.005884,0.106595,-0.120216,422.450012,16071.000000
1798.000000,-46.667492,0.063843,0.001615,0.265991,0.193481,0.047118,0.005489,0.108496,-0.121439,408.130005,16234.000000
1799.000000,-25.019798,0.064575,0.001884,0.266602,0.194702,0.047660,0.005908,0.110435,-0.120726,407.049988,16216.000000
1800.000000,-28.914171,0.064941,0.002154,0.265625,0.194336,0.048106,0.006153,0.110420,-0.121195,455.329987,16110.000000
1801.000000,22.899559,0.064209,0.001645,0.263550,0.192017,0.047848,0.005535,0.109984,-0.123269,433.940002,15970.000000
1802.000000,10.068769,0.062866,0.001239,0.263428,0.190430,0.046498,0.005107,0.108417,-0.121838,368.359985,16273.000000
1803.000000,-21.478313,0.063721,0.001194,0.264526,0.192383,0.046665,0.005132,0.107569,-0.122555,453.739990,15831.000000
1804.000000,-3.594973,0.063477,0.001630,0.265991,0.193359,0.046824,0.005506,0.111032,-0.120169,390.489990,16063.000000
1805.000000,-16.193474,0.062988,0.001685,0.266113,0.193848,0.047037,0.005632,0.112316,-0.118202,426.029999,15647.000000
1806.000000,31.582260,0.063599,0.001879,0.266113,0.196045,0.047248,0.005881,0.111172,-0.118164,407.940002,15861.000000
1807.000000,-0.953578,0.062988,0.001698,0.264771,0.195557,0.046870,0.005624,0.108316,-0.120691,382.100006,16084.000000
1808.000000,4.879259,0.062622,0.001745,0.264526,0.194336,0.046680,0.005534,0.107571,-0.120955,412.420013,16433.000000
1809.000000,-15.188815,0.062744,0.001415,0.264648,0.193726,0.046338,0.005139,0.108094,-0.120075,365.279999,15931.000000
1810.000000,0.558143,0.062866,0.001354,0.265137,0.193481,0.046357,0.005069,0.105996,-0.120393,458.350006,16069.000000
1811.000000,-10.513060,0.062866,0.001219,0.263550,0.193237,0.046160,0.004953,0.105535,-0.118018,456.290009,16027.000000
1812.000000,-22.075451,0.062256,0.001167,0.264160,0.192383,0.045930,0.004980,0.103804,-0.117889,417.140015,16046.000000
1813.000000,-1.086182,0.062134,0.001629,0.262695,0.192505,0.045973,0.005432,0.100086,-0.118205,445.209991,15988.000000
1814.000000,16.460773,0.062500,0.001371,0.262207,0.193115,0.046125,0.005239,0.105294,-0.117403,450.070007,15847.000000
1815.000000,11.231288,0.062500,0.001438,0.263672,0.192749,0.045934,0.005286,0.109231,-0.119008,371.820007,15824.000000
1816.000000,15.139872,0.062500,0.001489,0.265503,0.191528,0.046171,0.005180,0.110140,-0.118479,377.750000,16171.000000
1817.000000,-28.522924,0.063232,0.001819,0.265015,0.192627,0.046709,0.005572,0.108765,-0.116973,411.320007,16205.000000
1818.000000,-13.509914,0.063721,0.001648,0.265259,0.192627,0.047113,0.005327,0.109291,-0.120492,403.109985,15995.000000
1819.000000,21.793789,0.063354,0.001832,0.264771,0.191406,0.046946,0.005501,0.110011,-0.120461,427.369995,15922.000000
1820.000000,4.039622,0.062500,0.001461,0.262085,0.190063,0.046029,0.005134,0.107089,-0.121398,380.350006,15920.000000
1821.000000,-8.384901,0.063721,0.001542,0.262085,0.190918,0.046623,0.005289,0.104754,-0.119744,414.380005,15780.000000
1822.000000,-22.523502,0.063843,0.001529,0.261108,0.191284,0.046599,0.005274,0.105680,-0.119557,339.350006,16217.000000
1823.000000,22.574366,0.063354,0.001268,0.260498,0.191772,0.046006,0.004994,0.107855,-0.119701,410.279999,15808.000000
1824.000000,-20.001984,0.063110,0.001430,0.259888,0.191528,0.046376,0.005226,0.105578,-0.119698,416.269989,15824.000000
1825.000000,5.326852,0.062988,0.001285,0.259033,0.190674,0.046412,0.005043,0.105171,-0.120765,412.630005,16241.000000
1826.000000,-17.306545,0.063721,0.001745,0.260254,0.191772,0.047123,0.005505,0.104458,-0.119432,420.010010,16171.000000
1827.000000,1.145159,0.064087,0.001596,0.262817,0.192505,0.047652,0.005406,0.109275,-0.118724,399.399994,15387.000000
1828.000000,1.729251,0.064941,0.002333,0.260254,0.193237,0.047391,0.006148,0.109985,-0.118726,463.470001,15164.000000
1829.000000,2.688216,0.065552,0.002344,0.260864,0.193970,0.047566,0.006119,0.112151,-0.118272,428.429993,15217.000000
1830.000000,6.590969,0.065063,0.001980,0.260010,0.193237,0.047605,0.005693,0.110340,-0.119411,399.209991,15434.000000
1831.000000,-10.299448,0.065918,0.001946,0.262207,0.194214,0.047820,0.005695,0.110464,-0.118382,356.119995,15400.000000
1832.000000,-19.438852,0.065552,0.001967,0.261353,0.193481,0.047503,0.005653,0.110857,-0.116919,348.630005,15482.000000
1833.000000,-46.888355,0.066772,0.002120,0.262329,0.192871,0.047615,0.005738,0.107421,-0.118548,431.220001,15334.000000
1834.000000,-17.509401,0.067627,0.002004,0.262207,0.194092,0.047657,0.005591,0.106528,-0.120975,403.170013,15237.000000
1835.000000,-45.270569,0.067505,0.001827,0.261719,0.194824,0.047422,0.005560,0.110153,-0.118294,400.619995,15427.000000
1836.000000,22.634760,0.066650,0.001623,0.261719,0.196045,0.047439,0.005375,0.114147,-0.115015,360.420013,15331.000000
1837.000000,-33.020603,0.067505,0.001959,0.262451,0.196533,0.047969,0.005689,0.111365,-0.118626,417.500000,15563.000000
1838.000000,-23.783579,0.067749,0.002021,0.261353,0.195679,0.048207,0.005647,0.107791,-0.121207,382.239990,15324.000000
1839.000000,7.305390,0.067871,0.002000,0.260010,0.197021,0.048719,0.005722,0.106752,-0.120039,405.309998,15490.000000
1840.000000,-32.192062,0.067017,0.001972,0.259155,0.196533,0.049210,0.005700,0.109268,-0.119066,445.149994,15323.000000
1841.000000,-27.634840,0.066528,0.001834,0.260864,0.197266,0.049585,0.005585,0.113993,-0.117646,383.820007,15373.000000
1842.000000,-27.977634,0.066528,0.001502,0.260864,0.197510,0.049351,0.005284,0.115985,-0.116815,453.160004,15397.000000
1843.000000,8.615927,0.067017,0.001654,0.261963,0.197754,0.049617,0.005461,0.115567,-0.117710,409.380005,15395.000000
1844.000000,-13.296601,0.067993,0.002239,0.263062,0.198364,0.050182,0.006067,0.114178,-0.116400,416.700012,15730.000000
1845.000000,29.969398,0.067993,0.002188,0.262329,0.196533,0.049750,0.005967,0.112679,-0.118060,429.000000,15641.000000
1846.000000,-16.479345,0.066895,0.001657,0.261597,0.196045,0.049546,0.005439,0.116069,-0.117880,373.579987,15447.000000
1847.000000,-9.142325,0.066895,0.001618,0.261963,0.195557,0.049562,0.005417,0.116605,-0.115810,340.850006,15596.000000
1848.000000,-15.863674,0.066895,0.001905,0.261230,0.196045,0.049351,0.005679,0.116001,-0.114617,362.399994,15189.000000
1849.000000,11.305269,0.065430,0.001745,0.260498,0.194580,0.048667,0.005558,0.116402,-0.113743,401.579987,15251.000000
1850.000000,-26.464596,0.066162,0.002203,0.260986,0.196655,0.049189,0.006111,0.115236,-0.111805,425.609985,15182.000000
1851.000000,-12.644598,0.066284,0.001798,0.263306,0.196655,0.048862,0.005725,0.117178,-0.110114,415.070007,15770.000000
1852.000000,-12.722079,0.067505,0.002259,0.263672,0.197388,0.049520,0.006270,0.117619,-0.111321,401.630005,15931.000000
1853.000000,46.597046,0.067383,0.002428,0.263184,0.195923,0.049383,0.006460,0.115034,-0.114049,381.929993,15825.000000
1854.000000,-31.593454,0.067139,0.001911,0.263794,0.196411,0.049040,0.005909,0.117035,-0.113815,341.980011,15746.000000
1855.000000,-24.756021,0.066406,0.001849,0.264282,0.194946,0.048957,0.005766,0.119019,-0.113013,402.230011,15591.000000
1856.000000,-21.788809,0.066284,0.002619,0.265503,0.193237,0.049775,0.006452,0.118704,-0.114917,394.040009,15470.000000
1857.000000,0.824725,0.067383,0.002692,0.266724,0.194824,0.050521,0.006569,0.113651,-0.116633,391.640015,15748.000000
1858.000000,22.047089,0.067993,0.002417,0.267090,0.196045,0.050666,0.006353,0.112535,-0.117403,348.640015,15384.000000
1859.000000,-13.830194,0.068726,0.002390,0.268311,0.196411,0.050849,0.006390,0.114530,-0.116953,402.720001,15197.000000
1860.000000,6.925040,0.068848,0.002231,0.269043,0.196655,0.050952,0.006259,0.113115,-0.117971,382.450012,15105.000000
1861.000000,-12.651684,0.068481,0.001803,0.269409,0.196777,0.050815,0.005852,0.108557,-0.120003,379.940002,15051.000000
1862.000000,15.333353,0.069214,0.001934,0.269409,0.197144,0.050999,0.006004,0.106647,-0.118504,364.209991,15135.000000
1863.000000,31.198895,0.070435,0.002243,0.269897,0.199097,0.051279,0.006320,0.110315,-0.114746,328.059998,15239.000000
1864.000000,8.057190,0.070923,0.001966,0.270508,0.199951,0.051281,0.006067,0.110639,-0.115982,412.709991,15168.000000
1865.000000,-17.061234,0.070801,0.001992,0.270508,0.198975,0.051285,0.006144,0.108441,-0.118706,409.309998,15132.000000
1866.000000,-10.811472,0.069946,0.001681,0.270630,0.198486,0.050951,0.005851,0.110774,-0.117800,375.190002,15346.000000
1867.000000,-9.943574,0.070435,0.001572,0.272583,0.198120,0.051061,0.005708,0.112352,-0.117171,327.779999,15020.000000
1868.000000,-3.514837,0.070312,0.001846,0.273071,0.197876,0.051305,0.005932,0.111049,-0.118410,365.029999,15189.000000
1869.000000,11.382676,0.069214,0.001801,0.271118,0.196899,0.050082,0.005920,0.107242,-0.119058,338.869995,15118.000000
1870.000000,2.509490,0.068359,0.001806,0.270264,0.197754,0.049387,0.005941,0.106256,-0.118234,341.029999,15004.000000
1871.000000,1.648657,0.067749,0.002140,0.269409,0.196899,0.048503,0.006411,0.107749,-0.116652,399.950012,15145.000000
1872.000000,-15.766388,0.067993,0.002463,0.270996,0.198608,0.048667,0.006747,0.108186,-0.117244,409.809998,15069.000000
1873.000000,-35.026680,0.067993,0.002210,0.270752,0.196533,0.049242,0.006526,0.107292,-0.117918,354.500000,15161.000000
1874.000000,-33.005913,0.068359,0.002930,0.270752,0.196777,0.049790,0.007221,0.102760,-0.121077,365.720001,15186.000000
1875.000000,23.936632,0.069214,0.002647,0.270752,0.195068,0.049625,0.006947,0.107415,-0.120264,323.450012,15300.000000
1876.000000,8.226974,0.068726,0.002550,0.267944,0.194946,0.049481,0.006851,0.106837,-0.121184,358.799988,15446.000000
1877.000000,-31.240959,0.068726,0.002208,0.268677,0.196655,0.049461,0.006612,0.106283,-0.119201,340.130005,15404.000000
1878.000000,31.077192,0.068970,0.002198,0.270142,0.197144,0.049904,0.006624,0.109091,-0.119101,331.380005,15599.000000
1879.000000,-6.223608,0.069336,0.002237,0.271606,0.196411,0.050237,0.006647,0.110186,-0.120482,376.920013,15259.000000
1880.000000,-12.334283,0.069702,0.002652,0.271118,0.196655,0.050674,0.007083,0.108375,-0.119744,370.290009,15505.000000
1881.000000,1.620146,0.070435,0.002682,0.272339,0.197876,0.051571,0.007077,0.111469,-0.119410,371.630005,15471.000000
1882.000000,-6.781633,0.069946,0.002312,0.272095,0.198364,0.051194,0.006754,0.113358,-0.118396,437.880005,15104.000000
1883.000000,24.888687,0.069336,0.002013,0.273315,0.197754,0.050428,0.006319,0.112391,-0.119038,377.839996,15520.000000
1884.000000,42.727360,0.069092,0.002209,0.272461,0.197021,0.050261,0.006435,0.113007,-0.118531,386.600006,15559.000000
1885.000000,2.081054,0.069458,0.001994,0.273682,0.198120,0.050457,0.006222,0.115700,-0.118672,316.880005,15640.000000
1886.000000,-26.748533,0.069092,0.001969,0.271484,0.198608,0.050406,0.006197,0.112644,-0.119403,366.820007,15434.000000
1887.000000,-28.974165,0.069214,0.002207,0.271484,0.198242,0.050698,0.006488,0.107847,-0.122630,417.059998,15158.000000
1888.000000,6.484080,0.069458,0.001646,0.270996,0.198242,0.050838,0.005892,0.108144,-0.122902,387.299988,15403.000000
1889.000000,-21.332273,0.069824,0.001908,0.271729,0.198364,0.051215,0.006186,0.111965,-0.120124,394.529999,15536.000000
1890.000000,16.640831,0.070679,0.001904,0.273438,0.198975,0.051333,0.006205,0.116723,-0.119814,398.440002,15670.000000
1891.000000,23.303045,0.072021,0.001589,0.272827,0.200806,0.051257,0.005900,0.114474,-0.122172,273.940002,15664.000000
1892.000000,16.164534,0.071045,0.001565,0.273193,0.198364,0.051330,0.005703,0.113903,-0.122831,336.820007,15485.000000
1893.000000,-18.654621,0.070312,0.001440,0.274292,0.197754,0.050944,0.005510,0.114397,-0.121846,291.600006,15422.000000
1894.000000,4.898458,0.069946,0.001787,0.273071,0.198364,0.051216,0.005894,0.114310,-0.120354,383.880005,15597.000000
1895.000000,0.746722,0.069946,0.001544,0.273071,0.199707,0.050817,0.005726,0.112690,-0.118896,374.010010,15602.000000
1896.000000,4.696874,0.069824,0.001606,0.272339,0.200806,0.050850,0.005814,0.111136,-0.119565,337.890015,15630.000000
1897.000000,-23.971352,0.070801,0.001702,0.273315,0.202148,0.050632,0.005892,0.109150,-0.122220,395.619995,15438.000000
1898.000000,-29.030258,0.071045,0.002083,0.273560,0.200806,0.050719,0.006218,0.107575,-0.122358,398.170013,15327.000000
1899.000000,35.594643,0.070435,0.001822,0.272339,0.200317,0.050018,0.006010,0.107260,-0.122941,429.549988,15568.000000
1900.000000,-19.866201,0.070435,0.002015,0.272705,0.199951,0.050005,0.006111,0.105127,-0.123243,324.510010,15637.000000
1901.000000,-41.932491,0.071655,0.002014,0.272827,0.202026,0.050617,0.006118,0.103800,-0.121636,416.059998,15616.000000
1902.000000,-2.787655,0.071655,0.002391,0.271484,0.201172,0.051073,0.006469,0.104873,-0.121775,428.220001,15619.000000
1903.000000,3.276024,0.072021,0.002404,0.271240,0.200806,0.050800,0.006330,0.110566,-0.118949,364.220001,15551.000000
1904.000000,-39.460419,0.071167,0.001741,0.270630,0.201050,0.050231,0.005669,0.107580,-0.122213,322.339996,15435.000000
1905.000000,7.678338,0.071777,0.002462,0.271606,0.202026,0.050596,0.006395,0.107894,-0.122292,392.549988,15303.000000
1906.000000,-20.308577,0.071655,0.002156,0.271606,0.203003,0.049799,0.006101,0.105126,-0.121849,336.350006,15253.000000
1907.000000,4.614207,0.072144,0.002578,0.270264,0.203979,0.050205,0.006552,0.102378,-0.122358,356.519989,15151.000000
1908.000000,-13.077543,0.072510,0.002340,0.269287,0.203003,0.049957,0.006285,0.104274,-0.123136,308.440002,15071.000000
1909.000000,18.893541,0.071167,0.001804,0.267944,0.203003,0.049034,0.005810,0.105112,-0.122046,348.040009,15182.000000
1910.000000,-5.082703,0.072510,0.002003,0.268677,0.204346,0.049300,0.005993,0.102788,-0.123059,351.100006,15226.000000
1911.000000,-23.924999,0.071289,0.002203,0.269287,0.202881,0.049285,0.006261,0.102391,-0.121349,345.040009,15264.000000
1912.000000,1.463082,0.071655,0.002616,0.268921,0.202271,0.049137,0.006743,0.100759,-0.121513,362.980011,15662.000000
1913.000000,1.463346,0.072021,0.002421,0.268555,0.202515,0.049569,0.006447,0.105005,-0.119621,363.429993,15598.000000
1914.000000,-2.999582,0.071777,0.002043,0.268188,0.203613,0.048753,0.006116,0.106866,-0.118236,399.489990,15650.000000
1915.000000,-11.440952,0.072754,0.002031,0.270386,0.204346,0.048970,0.006208,0.106594,-0.119489,441.640015,15600.000000
1916.000000,37.753269,0.072266,0.002270,0.270020,0.202393,0.048606,0.006417,0.108039,-0.118582,447.869995,15582.000000
1917.000000,15.473527,0.071655,0.001884,0.269287,0.200806,0.048384,0.005799,0.105067,-0.120480,509.459991,15509.000000
1918.000000,-23.230995,0.072266,0.001965,0.269775,0.201904,0.048695,0.005970,0.107217,-0.118369,407.390015,15587.000000
1919.000000,21.778603,0.072266,0.002286,0.270142,0.202515,0.049153,0.006408,0.106565,-0.120756,360.899994,15713.000000
1920.000000,16.274033,0.071533,0.002480,0.268555,0.201172,0.049084,0.006632,0.107979,-0.116712,432.489990,15712.000000
1921.000000,-8.543621,0.072021,0.002553,0.267700,0.200317,0.049399,0.006687,0.107600,-0.117268,376.929993,15625.000000
1922.000000,-11.546933,0.072510,0.002858,0.267944,0.202271,0.049526,0.007086,0.108555,-0.115594,336.899994,15589.000000
1923.000000,-9.092669,0.073120,0.002360,0.268188,0.203003,0.049348,0.006693,0.106772,-0.117741,452.049988,15518.000000
1924.000000,-24.474133,0.073364,0.002624,0.268311,0.203979,0.049954,0.006905,0.106837,-0.119093,336.929993,15654.000000
1925.000000,-8.083268,0.072266,0.002295,0.266602,0.203247,0.049352,0.006561,0.107511,-0.118932,433.980011,15590.000000
1926.000000,-30.537104,0.071899,0.002421,0.266357,0.203247,0.049894,0.006537,0.107473,-0.118968,375.869995,15509.000000
1927.000000,-45.775093,0.072632,0.002101,0.267212,0.202759,0.049976,0.006196,0.109507,-0.118448,374.820007,15569.000000
1928.000000,5.692430,0.072998,0.001795,0.268066,0.201416,0.050069,0.005864,0.109127,-0.119776,373.290009,15191.000000
1929.000000,-7.290881,0.072876,0.001778,0.268066,0.201782,0.049323,0.005859,0.111168,-0.117386,315.459991,15158.000000
1930.000000,-48.439350,0.073364,0.002315,0.268677,0.201904,0.049798,0.006457,0.111176,-0.116926,351.570007,15233.000000
1931.000000,-20.786314,0.072632,0.002307,0.266846,0.201050,0.049633,0.006378,0.108498,-0.117111,452.329987,15107.000000
1932.000000,-7.111690,0.070923,0.002008,0.266113,0.200195,0.048502,0.006099,0.110924,-0.115934,355.119995,15243.000000
1933.000000,14.415581,0.071533,0.002169,0.266724,0.201782,0.048781,0.006416,0.112547,-0.115215,417.429993,15154.000000
1934.000000,-16.488508,0.070801,0.002046,0.266113,0.200806,0.048342,0.006263,0.111685,-0.115443,387.730011,15009.000000
1935.000000,4.464960,0.071167,0.002231,0.266479,0.202148,0.048593,0.006554,0.115235,-0.113512,364.600006,15041.000000
1936.000000,9.389807,0.070923,0.001941,0.265991,0.202393,0.048191,0.006241,0.115911,-0.114858,377.730011,14929.000000
1937.000000,-39.576584,0.072021,0.001913,0.267700,0.202881,0.048046,0.006252,0.112396,-0.116073,438.329987,15103.000000
1938.000000,10.299135,0.073120,0.002437,0.267700,0.203735,0.048907,0.006712,0.113519,-0.114459,378.369995,15359.000000
1939.000000,-7.361850,0.072998,0.002564,0.267944,0.203613,0.049272,0.006802,0.116520,-0.113428,376.220001,15220.000000
1940.000000,18.935532,0.072754,0.002605,0.266724,0.202881,0.048978,0.006778,0.115499,-0.114572,392.630005,15121.000000
1941.000000,-18.438284,0.073364,0.002674,0.267090,0.204346,0.049632,0.006964,0.112607,-0.116114,409.440002,15109.000000
1942.000000,-9.645961,0.072510,0.002411,0.268555,0.202515,0.049227,0.006597,0.111847,-0.117770,366.630005,15214.000000
1943.000000,15.235420,0.071899,0.001942,0.269043,0.202393,0.048713,0.006220,0.112102,-0.116292,381.420013,15229.000000
1944.000000,-5.375544,0.072388,0.002380,0.267578,0.203613,0.048956,0.006662,0.110844,-0.116264,457.290009,15046.000000
1945.000000,-31.165623,0.071777,0.001937,0.268921,0.201660,0.048933,0.006146,0.111801,-0.118608,396.459991,15066.000000
1946.000000,-13.763395,0.072021,0.002584,0.268188,0.201172,0.049595,0.006746,0.111389,-0.119585,365.700012,15216.000000
1947.000000,-19.439844,0.071899,0.002403,0.267334,0.201660,0.050112,0.006605,0.109531,-0.119351,392.290009,15169.000000
1948.000000,0.050507,0.072388,0.002478,0.267212,0.202515,0.050267,0.006694,0.113304,-0.116072,375.679993,15193.000000
1949.000000,-4.149719,0.072510,0.002294,0.267822,0.203857,0.050135,0.006574,0.114421,-0.116139,365.029999,15078.000000
1950.000000,5.163296,0.072510,0.002426,0.268311,0.203735,0.050564,0.006682,0.114771,-0.117931,316.579987,14982.000000
1951.000000,17.843906,0.072754,0.002111,0.268921,0.202393,0.050641,0.006336,0.112719,-0.121497,393.869995,15157.000000
1952.000000,16.285692,0.072876,0.002041,0.269165,0.201660,0.051185,0.006198,0.110660,-0.122406,383.070007,15102.000000
1953.000000,21.838055,0.072754,0.002215,0.267700,0.201904,0.051166,0.006380,0.111381,-0.118236,399.130005,15115.000000
1954.000000,30.803907,0.073608,0.002410,0.267334,0.202637,0.050842,0.006633,0.110882,-0.119397,342.130005,15138.000000
1955.000000,-29.496687,0.072510,0.002049,0.266113,0.201050,0.049924,0.006139,0.108764,-0.120255,438.690002,15122.000000
1956.000000,-28.976345,0.072510,0.002258,0.266479,0.199829,0.049576,0.006222,0.105645,-0.121438,277.429993,15154.000000
1957.000000,-6.106269,0.072632,0.002041,0.266846,0.201904,0.049810,0.006047,0.107855,-0.117290,350.959991,15108.000000
1958.000000,-17.732206,0.072632,0.002490,0.267090,0.201660,0.049841,0.006474,0.107216,-0.118430,378.160004,15269.000000
1959.000000,-1.972961,0.072754,0.002841,0.267334,0.203125,0.050281,0.006897,0.105931,-0.117908,352.130005,15112.000000
1960.000000,-18.998899,0.072876,0.002418,0.266968,0.202271,0.049963,0.006501,0.103923,-0.116905,317.779999,15037.000000
1961.000000,-22.744015,0.073242,0.002468,0.266968,0.201416,0.049948,0.006549,0.107404,-0.114863,329.109985,15053.000000
1962.000000,8.257018,0.072266,0.002003,0.266968,0.201416,0.049103,0.006093,0.106900,-0.114671,381.250000,15176.000000
1963.000000,-9.393362,0.072632,0.002185,0.267456,0.201538,0.049063,0.006257,0.105563,-0.116312,361.500000,15078.000000
1964.000000,54.805298,0.071777,0.002082,0.265503,0.201050,0.048477,0.006152,0.104755,-0.117377,426.570007,15053.000000
1965.000000,24.899717,0.071289,0.001941,0.266235,0.201782,0.048283,0.006039,0.105586,-0.114163,376.019989,14921.000000
1966.000000,-26.767832,0.071899,0.002015,0.266479,0.203857,0.048472,0.006181,0.109562,-0.113007,364.179993,14982.000000
1967.000000,12.795170,0.071899,0.001677,0.266968,0.204956,0.048567,0.005891,0.110586,-0.114613,343.690002,15122.000000
1968.000000,-4.236242,0.072632,0.002142,0.268188,0.204712,0.048732,0.006226,0.109673,-0.115410,393.820007,15148.000000
1969.000000,30.994741,0.072632,0.002198,0.267090,0.205322,0.048624,0.006332,0.106874,-0.116672,372.440002,15035.000000
1970.000000,15.288467,0.072876,0.001692,0.266479,0.205444,0.048712,0.005732,0.108357,-0.116900,354.859985,15213.000000
1971.000000,-34.709999,0.072876,0.001639,0.267700,0.205200,0.049112,0.005638,0.108583,-0.118566,312.950012,15177.000000
1972.000000,-3.503388,0.072754,0.001295,0.267212,0.203125,0.049158,0.005190,0.108725,-0.118794,339.630005,14964.000000
1973.000000,-15.895772,0.072266,0.001104,0.266235,0.202759,0.048938,0.004950,0.107249,-0.119890,324.630005,15170.000000
1974.000000,-4.429399,0.072388,0.001728,0.266235,0.203613,0.049390,0.005597,0.107985,-0.117344,364.929993,15159.000000
1975.000000,-15.552457,0.073975,0.001661,0.268555,0.204590,0.049923,0.005588,0.111400,-0.116252,389.679993,15001.000000
1976.000000,-21.912710,0.074097,0.001697,0.269531,0.205444,0.050338,0.005628,0.112382,-0.116309,390.459991,15210.000000
1977.000000,-17.060333,0.073364,0.001822,0.268555,0.206055,0.050307,0.005785,0.111422,-0.115928,335.119995,15057.000000
1978.000000,-3.645256,0.074341,0.001691,0.269775,0.206543,0.050424,0.005673,0.109425,-0.115909,423.059998,15082.000000
1979.000000,-9.357626,0.075562,0.001891,0.272095,0.207520,0.050912,0.006012,0.110998,-0.112664,308.980011,15029.000000
1980.000000,-19.921335,0.075317,0.001540,0.272095,0.208618,0.050665,0.005659,0.111656,-0.111359,380.529999,15067.000000
1981.000000,-8.621998,0.074829,0.001890,0.271729,0.207275,0.050404,0.005951,0.109471,-0.113508,394.250000,14926.000000
1982.000000,-11.741735,0.073853,0.001825,0.270630,0.206177,0.050505,0.005830,0.106912,-0.116184,415.739990,15236.000000
1983.000000,39.757740,0.074341,0.001490,0.270142,0.205200,0.049456,0.005439,0.104261,-0.118628,458.799988,15169.000000
1984.000000,1.775876,0.075317,0.002362,0.270874,0.205811,0.050024,0.006498,0.103464,-0.117413,464.059998,14957.000000
1985.000000,-15.629273,0.075684,0.002567,0.270752,0.206909,0.050282,0.006768,0.105470,-0.115777,368.630005,15130.000000
1986.000000,-27.593683,0.075928,0.002051,0.270630,0.207397,0.049863,0.006265,0.105797,-0.115740,348.059998,15261.000000
1987.000000,9.795891,0.076294,0.002054,0.270142,0.207520,0.049172,0.006234,0.102958,-0.117090,365.690002,14949.000000
1988.000000,-4.375196,0.077759,0.002706,0.272095,0.209106,0.050109,0.006869,0.103984,-0.117002,294.040009,15159.000000
1989.000000,-32.687515,0.078613,0.002679,0.273193,0.208984,0.049769,0.006950,0.104310,-0.116050,289.350006,14945.000000
1990.000000,-17.106024,0.078979,0.001886,0.272949,0.208618,0.049039,0.006056,0.101137,-0.117792,397.059998,15197.000000
1991.000000,-32.263725,0.078369,0.002192,0.271606,0.208496,0.049098,0.006377,0.098302,-0.118737,426.910004,15312.000000
1992.000000,-3.626305,0.078247,0.001950,0.270752,0.207764,0.048656,0.006073,0.097272,-0.119489,351.809998,15030.000000
1993.000000,-28.764683,0.078857,0.002105,0.273071,0.207886,0.048881,0.006225,0.099160,-0.118224,402.440002,14968.000000
1994.000000,0.739746,0.078003,0.002073,0.273193,0.207520,0.048113,0.006281,0.097015,-0.117130,351.589996,15186.000000
1995.000000,1.992929,0.077759,0.002059,0.271729,0.207275,0.047943,0.006421,0.098126,-0.116102,380.130005,14946.000000
1996.000000,-3.888277,0.078125,0.002154,0.272095,0.207275,0.048770,0.006571,0.099343,-0.116388,354.559998,15180.000000
1997.000000,-7.881773,0.077881,0.002409,0.270874,0.208496,0.048952,0.006832,0.099563,-0.116183,406.989990,15164.000000
1998.000000,-9.278859,0.078369,0.002345,0.271484,0.207031,0.049615,0.006726,0.102328,-0.115189,369.859985,15225.000000
1999.000000,-5.564199,0.078491,0.002229,0.269653,0.208496,0.049715,0.006690,0.100764,-0.114763,350.690002,14956.000000
2000.000000,7.116325,0.078735,0.002749,0.268188,0.209106,0.049967,0.007338,0.098774,-0.114646,304.130005,15108.000000
2001.000000,11.486376,0.076538,0.002300,0.266479,0.207031,0.048622,0.006842,0.099533,-0.115734,330.709991,15015.000000
2002.000000,-1.872759,0.077881,0.002660,0.268311,0.209717,0.049233,0.007138,0.098685,-0.114984,424.200012,15278.000000
2003.000000,-22.347498,0.078491,0.002068,0.269409,0.211182,0.048313,0.006625,0.103399,-0.112502,360.839996,14927.000000
2004.000000,-35.475502,0.079224,0.002532,0.272095,0.211304,0.048378,0.007187,0.106196,-0.111804,387.220001,14907.000000
2005.000000,-29.791119,0.078857,0.003056,0.272583,0.211060,0.048889,0.007757,0.106661,-0.112180,343.510010,14957.000000
2006.000000,4.644049,0.079346,0.002534,0.272583,0.209351,0.048956,0.007175,0.107645,-0.112963,361.809998,14864.000000
2007.000000,3.865899,0.078003,0.002148,0.272461,0.207397,0.048473,0.006706,0.107045,-0.114707,387.049988,14918.000000
2008.000000,11.099649,0.078979,0.002681,0.275269,0.208252,0.048942,0.007214,0.111559,-0.111667,384.700012,15209.000000
2009.000000,-0.756454,0.079224,0.002589,0.274536,0.208374,0.048942,0.007107,0.108566,-0.111914,386.720001,15237.000000
2010.000000,-5.831114,0.078125,0.002539,0.272705,0.209229,0.048873,0.007171,0.104115,-0.113042,414.019989,15528.000000
2011.000000,7.797372,0.078979,0.002403,0.273315,0.210083,0.049066,0.007001,0.106019,-0.113970,431.320007,15417.000000
2012.000000,-1.766165,0.079468,0.002416,0.274414,0.210449,0.049574,0.006998,0.106372,-0.115145,415.549988,15736.000000
2013.000000,2.839402,0.080933,0.002595,0.275146,0.211914,0.049520,0.007310,0.109817,-0.112359,348.040009,15443.000000
2014.000000,-15.295668,0.079834,0.002357,0.274536,0.210083,0.049067,0.007114,0.108855,-0.115382,429.429993,15189.000000
2015.000000,-9.638195,0.079224,0.002051,0.274902,0.209351,0.048651,0.006833,0.106187,-0.118659,430.910004,15336.000000
2016.000000,7.472815,0.080566,0.002143,0.275391,0.210693,0.048749,0.006919,0.103874,-0.118556,463.500000,15328.000000
2017.000000,14.361486,0.081055,0.002821,0.274170,0.210449,0.048706,0.007635,0.104230,-0.117043,389.709991,15200.000000
2018.000000,-20.014811,0.081421,0.002663,0.275513,0.212524,0.049342,0.007519,0.106921,-0.114737,354.140015,15404.000000
2019.000000,-8.956266,0.080688,0.002393,0.275757,0.210938,0.048792,0.007358,0.106402,-0.115364,361.880005,15439.000000
2020.000000,-5.233387,0.082031,0.002924,0.276611,0.212646,0.049566,0.007903,0.103863,-0.117452,390.089996,15321.000000
2021.000000,16.024199,0.081055,0.002472,0.274414,0.210938,0.048881,0.007340,0.103214,-0.118043,399.589996,15199.000000
2022.000000,23.732214,0.081055,0.002830,0.275635,0.212036,0.049412,0.007736,0.104892,-0.114199,340.959991,15162.000000
2023.000000,1.397068,0.081665,0.002548,0.276001,0.214478,0.049433,0.007571,0.105227,-0.111985,382.390015,15140.000000
2024.000000,-5.174549,0.081421,0.002575,0.276367,0.214600,0.049578,0.007680,0.106033,-0.114029,459.399994,15515.000000
2025.000000,-4.354351,0.081543,0.002609,0.275513,0.212891,0.049557,0.007838,0.104716,-0.113667,425.220001,15270.000000
2026.000000,-23.155226,0.081055,0.002123,0.274780,0.211304,0.049438,0.007232,0.102263,-0.118622,387.959991,15604.000000
2027.000000,-20.586191,0.081909,0.002327,0.277100,0.211304,0.049742,0.007386,0.100289,-0.118028,307.600006,15710.000000
2028.000000,-8.407398,0.081421,0.002254,0.276367,0.212158,0.049298,0.007482,0.103683,-0.115225,378.589996,15668.000000
2029.000000,-5.512073,0.080688,0.002281,0.276001,0.211304,0.049502,0.007401,0.105527,-0.115546,373.820007,15614.000000
2030.000000,9.739412,0.081543,0.002544,0.277344,0.212280,0.049493,0.007732,0.106422,-0.113354,405.619995,15608.000000
2031.000000,19.633823,0.082153,0.002301,0.278198,0.212036,0.049225,0.007478,0.104933,-0.116485,400.450012,15674.000000
2032.000000,12.971242,0.082031,0.002607,0.279175,0.213379,0.049173,0.007879,0.103575,-0.116196,431.839996,15733.000000
2033.000000,24.920046,0.082520,0.002376,0.278320,0.213013,0.049213,0.007629,0.103781,-0.116814,444.720001,15533.000000
2034.000000,-6.230848,0.082764,0.002505,0.279053,0.213379,0.049557,0.007736,0.103933,-0.118578,438.500000,15642.000000
2035.000000,5.160330,0.082642,0.002258,0.278687,0.213135,0.048761,0.007572,0.102832,-0.118719,470.809998,15499.000000
2036.000000,-3.053299,0.083252,0.002605,0.278564,0.213989,0.048985,0.007918,0.099586,-0.117693,408.779999,15636.000000
2037.000000,-3.585703,0.082886,0.002081,0.277832,0.212524,0.048163,0.007342,0.099431,-0.119985,405.410004,15654.000000
2038.000000,-38.553158,0.082886,0.002327,0.278442,0.212646,0.048409,0.007568,0.099091,-0.120146,386.769989,15618.000000
2039.000000,-17.578581,0.083618,0.002477,0.279907,0.213013,0.048783,0.007761,0.099055,-0.118160,440.040009,15658.000000
2040.000000,18.512205,0.083252,0.002120,0.278564,0.213257,0.048405,0.007556,0.100601,-0.116445,452.649994,15450.000000
2041.000000,-13.136088,0.083862,0.002632,0.280151,0.214355,0.049295,0.008034,0.100862,-0.118865,399.239990,15143.000000
2042.000000,24.377207,0.083740,0.002275,0.278809,0.214355,0.048784,0.007528,0.099178,-0.122013,390.750000,15645.000000
2043.000000,-25.671091,0.082153,0.001984,0.277344,0.213013,0.048419,0.007148,0.097145,-0.123324,297.200012,15548.000000
2044.000000,12.397698,0.080322,0.002166,0.276245,0.210693,0.048062,0.007231,0.100197,-0.121434,424.420013,15569.000000
2045.000000,-22.960896,0.080200,0.002649,0.274414,0.209839,0.048232,0.007685,0.098837,-0.121695,347.940002,15687.000000
2046.000000,1.810960,0.079956,0.002591,0.273071,0.210815,0.048182,0.007883,0.096005,-0.120498,377.190002,15464.000000
2047.000000,-37.582352,0.080688,0.002188,0.272949,0.210449,0.048641,0.007458,0.097816,-0.119664,391.549988,15586.000000
2048.000000,39.424110,0.080322,0.001828,0.273315,0.209595,0.047900,0.007089,0.098399,-0.121214,463.869995,15557.000000
2049.000000,25.431866,0.079712,0.002141,0.271606,0.210205,0.047580,0.007364,0.098735,-0.120578,354.799988,15562.000000
2050.000000,7.202263,0.078369,0.001751,0.271362,0.207764,0.047253,0.006966,0.100286,-0.120980,416.890015,15466.000000
2051.000000,-1.492691,0.078491,0.001714,0.271729,0.206909,0.047652,0.006913,0.098614,-0.122441,327.559998,15486.000000
2052.000000,-19.171904,0.078613,0.001939,0.271240,0.207397,0.047886,0.007022,0.101631,-0.120722,470.209991,15484.000000
2053.000000,11.731273,0.078369,0.001601,0.270874,0.208374,0.048127,0.006793,0.101633,-0.120357,399.809998,15576.000000
2054.000000,-4.084208,0.077881,0.001972,0.269409,0.209717,0.048058,0.007170,0.102009,-0.119976,376.850006,15488.000000
2055.000000,-28.448839,0.078613,0.002002,0.269409,0.208496,0.048255,0.007166,0.102904,-0.119607,387.350006,15745.000000
2056.000000,-12.786249,0.079102,0.002138,0.270630,0.209961,0.049377,0.007359,0.103235,-0.116818,427.100006,15523.000000
2057.000000,-9.724509,0.079224,0.001888,0.272705,0.210327,0.049204,0.007260,0.106635,-0.115885,358.119995,15477.000000
2058.000000,10.148458,0.079468,0.001932,0.273804,0.211182,0.049862,0.007378,0.105601,-0.115577,416.929993,15726.000000
2059.000000,-30.008024,0.079468,0.001893,0.273315,0.209839,0.049612,0.007356,0.105511,-0.116422,389.779999,15585.000000
2060.000000,-7.234554,0.078979,0.002056,0.272949,0.209839,0.049888,0.007535,0.105753,-0.114547,371.540009,15294.000000
2061.000000,-28.850998,0.077515,0.001870,0.271118,0.208374,0.049118,0.007325,0.104127,-0.115069,324.359985,14796.000000
2062.000000,-3.057226,0.077515,0.001685,0.270752,0.209106,0.049225,0.007252,0.102956,-0.115271,415.519989,14979.000000
2063.000000,12.915671,0.077393,0.001788,0.270020,0.210327,0.049539,0.007403,0.103985,-0.115084,328.850006,15116.000000
2064.000000,-10.960097,0.078003,0.001669,0.272827,0.211914,0.049804,0.007293,0.107268,-0.114954,399.910004,15206.000000
2065.000000,-9.294971,0.078125,0.002160,0.273071,0.212524,0.049833,0.007753,0.106564,-0.114244,340.559998,15095.000000
2066.000000,14.082187,0.077881,0.001972,0.272095,0.211914,0.049812,0.007532,0.106205,-0.113724,395.809998,15312.000000
2067.000000,21.877979,0.078247,0.001878,0.271484,0.212524,0.049885,0.007455,0.107234,-0.113793,407.369995,15433.000000
2068.000000,-13.336398,0.077515,0.002077,0.270874,0.212891,0.049268,0.007766,0.104758,-0.113860,276.290009,15455.000000
2069.000000,-7.881048,0.078979,0.002303,0.270996,0.213257,0.049621,0.007965,0.105528,-0.113557,386.079987,14958.000000
2070.000000,-10.617860,0.079468,0.002276,0.270630,0.213013,0.049841,0.007833,0.105298,-0.115446,425.670013,15136.000000
2071.000000,11.958047,0.078857,0.002183,0.270264,0.212646,0.049764,0.007704,0.106295,-0.115156,403.470001,15323.000000
2072.000000,-19.947174,0.078369,0.001909,0.268677,0.212402,0.049498,0.007469,0.103490,-0.116874,371.750000,15270.000000
2073.000000,-31.765923,0.078491,0.001921,0.268555,0.211304,0.049250,0.007419,0.102950,-0.116976,436.040009,15292.000000
2074.000000,3.007109,0.079346,0.002224,0.269531,0.212158,0.049800,0.007665,0.102738,-0.117240,345.579987,14889.000000
2075.000000,6.520977,0.079712,0.001882,0.269775,0.212524,0.049596,0.007455,0.105695,-0.113046,413.019989,14846.000000
2076.000000,-23.025093,0.080078,0.002357,0.269775,0.213379,0.049904,0.007966,0.104340,-0.114880,459.989990,15021.000000
2077.000000,3.434280,0.079834,0.002210,0.269287,0.213135,0.049676,0.007805,0.102907,-0.116690,315.220001,14824.000000
2078.000000,-0.204643,0.080200,0.002005,0.268555,0.212891,0.049695,0.007602,0.102228,-0.114347,479.299988,14989.000000
2079.000000,9.506499,0.079468,0.001637,0.269775,0.211792,0.049396,0.007169,0.104680,-0.115222,394.410004,14911.000000
2080.000000,-40.922226,0.079956,0.001589,0.270874,0.211792,0.049435,0.007036,0.103856,-0.116021,370.410004,15145.000000
2081.000000,6.947580,0.081299,0.002339,0.272339,0.213379,0.050433,0.007782,0.104792,-0.112989,357.920013,14984.000000
2082.000000,17.058302,0.080688,0.001844,0.271729,0.211548,0.049998,0.007255,0.106453,-0.113884,478.630005,15036.000000
2083.000000,-22.468504,0.079834,0.001868,0.272705,0.210449,0.050388,0.007239,0.107688,-0.112596,374.079987,15035.000000
2084.000000,0.754355,0.079224,0.002143,0.271606,0.211060,0.050643,0.007413,0.104635,-0.114632,445.089996,15080.000000
2085.000000,-6.769998,0.079102,0.002100,0.270752,0.210693,0.050602,0.007409,0.105547,-0.114669,354.019989,15195.000000
2086.000000,36.930679,0.079224,0.002021,0.270264,0.209961,0.050722,0.007368,0.107672,-0.113674,455.790009,15075.000000
2087.000000,13.236647,0.077881,0.001747,0.268799,0.207520,0.049910,0.006930,0.107072,-0.113841,380.670013,15028.000000
2088.000000,5.617012,0.077759,0.002043,0.269287,0.206543,0.048959,0.007246,0.106625,-0.114198,370.890015,14799.000000
2089.000000,13.957949,0.077026,0.001740,0.268433,0.206665,0.048905,0.007006,0.107865,-0.112325,404.750000,15203.000000
2090.000000,20.301720,0.077393,0.001901,0.270386,0.207520,0.049276,0.007175,0.107799,-0.112813,347.910004,15085.000000
2091.000000,-1.581353,0.078613,0.002620,0.271729,0.208984,0.050281,0.007995,0.110353,-0.111736,368.829987,14806.000000
2092.000000,1.560633,0.079468,0.002242,0.273438,0.208374,0.050273,0.007598,0.111409,-0.111250,434.459991,15005.000000
2093.000000,-8.894768,0.079712,0.002097,0.273071,0.208618,0.049945,0.007471,0.110132,-0.112746,393.510010,14983.000000
2094.000000,-4.040151,0.079712,0.002129,0.272827,0.209229,0.049730,0.007465,0.112491,-0.113591,334.390015,15054.000000
2095.000000,2.082143,0.079346,0.001495,0.271973,0.208618,0.049422,0.006816,0.112634,-0.113548,433.649994,14978.000000
2096.000000,-29.108931,0.078247,0.001753,0.272217,0.207886,0.048786,0.007015,0.111003,-0.114035,383.359985,14980.000000
2097.000000,-40.609234,0.078369,0.001808,0.272705,0.208618,0.049039,0.007014,0.110134,-0.114743,430.619995,15186.000000
2098.000000,-32.685905,0.079102,0.002781,0.273071,0.208740,0.049782,0.007914,0.110061,-0.115124,414.179993,14964.000000
2099.000000,-22.152006,0.079102,0.002337,0.273560,0.208130,0.049936,0.007476,0.109364,-0.114944,368.890015,15000.000000
2100.000000,10.879472,0.079956,0.002639,0.273071,0.208252,0.049830,0.007853,0.108693,-0.116057,408.570007,15119.000000
2101.000000,-21.032669,0.079590,0.002375,0.271118,0.209839,0.049990,0.007564,0.106637,-0.116872,424.359985,15204.000000
2102.000000,37.365582,0.079468,0.002356,0.269653,0.209351,0.049997,0.007460,0.109652,-0.117046,445.989990,14897.000000
2103.000000,-0.047485,0.079468,0.002278,0.269775,0.209229,0.050051,0.007485,0.112626,-0.117490,392.880005,15135.000000
2104.000000,-22.902636,0.080811,0.002722,0.270996,0.208862,0.050450,0.007908,0.112727,-0.117792,361.910004,15120.000000
2105.000000,11.009133,0.079956,0.002160,0.270142,0.208130,0.050282,0.007160,0.111755,-0.118053,419.809998,15169.000000
2106.000000,-15.880737,0.078979,0.002129,0.270508,0.208008,0.050026,0.007053,0.108894,-0.119934,351.720001,14985.000000
2107.000000,-6.204504,0.078613,0.002263,0.270874,0.208130,0.050318,0.007114,0.112885,-0.118652,378.859985,15115.000000
2108.000000,-21.049137,0.078857,0.002428,0.270996,0.208496,0.050497,0.007363,0.111293,-0.117443,362.929993,14964.000000
2109.000000,-11.397191,0.079834,0.001976,0.271240,0.208862,0.050437,0.006818,0.110361,-0.117664,369.290009,15237.000000
2110.000000,24.074894,0.079468,0.002389,0.268677,0.209351,0.050263,0.007274,0.110379,-0.114659,408.350006,15117.000000
2111.000000,0.282287,0.078491,0.001915,0.267212,0.208374,0.049393,0.006738,0.109017,-0.116084,403.869995,15154.000000
2112.000000,-14.947402,0.077881,0.002028,0.266846,0.206787,0.049274,0.006889,0.108903,-0.115820,329.269989,15056.000000
2113.000000,21.099316,0.077637,0.002096,0.267334,0.206787,0.048960,0.006970,0.110653,-0.116554,390.109985,15414.000000
2114.000000,-5.180583,0.076294,0.001527,0.264893,0.204346,0.047686,0.006333,0.107720,-0.117262,446.989990,15536.000000
2115.000000,-0.417515,0.077393,0.001564,0.264648,0.205566,0.047578,0.006352,0.108645,-0.115581,414.529999,15408.000000
2116.000000,-14.264713,0.077393,0.001986,0.263794,0.205811,0.047992,0.006778,0.110261,-0.114552,385.299988,15434.000000
2117.000000,-16.120867,0.077759,0.001968,0.263550,0.206787,0.048228,0.006881,0.111613,-0.112457,317.809998,15402.000000
2118.000000,4.301581,0.078125,0.001923,0.264893,0.206909,0.048452,0.006700,0.112110,-0.114488,414.850006,15327.000000
2119.000000,-15.161736,0.077515,0.001410,0.265015,0.206177,0.048320,0.006138,0.113255,-0.114754,294.700012,15132.000000
2120.000000,-9.413676,0.078003,0.002095,0.263916,0.205933,0.048896,0.006689,0.111767,-0.116209,412.760010,15264.000000
2121.000000,27.941904,0.077759,0.002000,0.265625,0.205566,0.049054,0.006587,0.113118,-0.117016,415.329987,15253.000000
2122.000000,16.375206,0.077881,0.001892,0.264404,0.206055,0.049020,0.006521,0.116109,-0.113572,361.320007,15230.000000
2123.000000,15.275256,0.076904,0.001934,0.263184,0.204956,0.048347,0.006628,0.113458,-0.115591,374.190002,15122.000000
2124.000000,0.061829,0.077271,0.001834,0.262451,0.205200,0.048100,0.006621,0.108146,-0.115956,391.359985,15443.000000
2125.000000,-2.727716,0.077637,0.001732,0.262695,0.206055,0.048417,0.006530,0.113024,-0.114035,312.380005,15280.000000
2126.000000,-5.598346,0.077881,0.002136,0.262695,0.206055,0.049151,0.006925,0.114966,-0.114426,421.700012,15217.000000
2127.000000,-15.521898,0.077881,0.001398,0.262695,0.205688,0.048438,0.006242,0.114296,-0.114708,322.760010,15471.000000
2128.000000,-10.337560,0.078125,0.001404,0.261719,0.205933,0.048061,0.006259,0.112499,-0.115774,357.959991,15270.000000
2129.000000,-2.296235,0.077881,0.001331,0.263062,0.204590,0.047825,0.006133,0.113706,-0.114649,378.100006,15179.000000
2130.000000,-1.632879,0.077271,0.001488,0.263184,0.204834,0.048128,0.006299,0.113695,-0.115367,411.619995,15571.000000
2131.000000,-5.981688,0.078735,0.001625,0.264893,0.204346,0.048709,0.006398,0.117080,-0.114299,451.369995,15094.000000
2132.000000,-25.284357,0.078125,0.001711,0.265381,0.204102,0.048855,0.006519,0.117711,-0.114390,346.799988,15110.000000
2133.000000,-19.717470,0.077393,0.001907,0.264771,0.203979,0.048946,0.006681,0.114446,-0.113773,377.600006,15335.000000
2134.000000,-2.229306,0.076782,0.001806,0.264648,0.203613,0.048935,0.006617,0.116415,-0.110762,322.899994,15383.000000
2135.000000,-12.772871,0.077271,0.001817,0.265625,0.203003,0.049170,0.006551,0.115267,-0.112667,445.839996,15470.000000
2136.000000,-5.694522,0.077026,0.002030,0.264526,0.202393,0.049252,0.006673,0.114474,-0.113891,313.019989,15343.000000
2137.000000,-10.562825,0.077271,0.001843,0.265259,0.201294,0.049320,0.006521,0.113717,-0.114413,289.619995,15512.000000
2138.000000,-21.900824,0.077637,0.001762,0.267944,0.202637,0.049684,0.006517,0.115572,-0.112524,296.579987,15460.000000
2139.000000,7.142067,0.078857,0.002188,0.268921,0.202393,0.050477,0.006884,0.118610,-0.110834,394.109985,15507.000000
2140.000000,-14.259910,0.078003,0.001945,0.268188,0.202271,0.049819,0.006619,0.114770,-0.112629,398.420013,15407.000000
2141.000000,2.143176,0.077637,0.001737,0.266846,0.203125,0.049202,0.006469,0.110445,-0.113353,426.510010,15355.000000
2142.000000,-19.854353,0.076050,0.001349,0.264648,0.201172,0.048021,0.006009,0.103067,-0.116262,360.730011,15450.000000
2143.000000,18.821964,0.075806,0.001433,0.264404,0.200562,0.047448,0.006145,0.102333,-0.115381,401.179993,15404.000000
2144.000000,-17.556734,0.074829,0.001475,0.263794,0.200195,0.047012,0.006246,0.106211,-0.113118,387.309998,15440.000000
2145.000000,-19.178288,0.075317,0.001546,0.263428,0.201538,0.047420,0.006367,0.110009,-0.111982,372.399994,15326.000000
2146.000000,0.882029,0.075317,0.001512,0.262939,0.201172,0.047338,0.006370,0.112472,-0.110915,389.100006,15343.000000
2147.000000,5.662695,0.075684,0.001646,0.263550,0.202026,0.047418,0.006585,0.111962,-0.112676,301.690002,15186.000000
2148.000000,-1.705109,0.074707,0.001240,0.263428,0.201782,0.046908,0.006201,0.115380,-0.111448,461.519989,15259.000000
2149.000000,-6.511693,0.074585,0.001428,0.263550,0.201294,0.047039,0.006392,0.117159,-0.112150,366.200012,15087.000000
2150.000000,6.341479,0.073608,0.001616,0.263062,0.201294,0.047066,0.006519,0.120123,-0.111711,453.619995,15012.000000
2151.000000,-10.823248,0.074097,0.001937,0.262451,0.202393,0.047247,0.006861,0.118226,-0.114448,384.160004,14951.000000
2152.000000,28.221447,0.073730,0.001725,0.262085,0.203125,0.047656,0.006642,0.117729,-0.114052,379.109985,15147.000000
2153.000000,25.303423,0.073608,0.001366,0.262939,0.201782,0.047018,0.006204,0.119064,-0.112474,389.299988,15226.000000
2154.000000,-2.295852,0.073853,0.001913,0.263550,0.201782,0.047305,0.006752,0.122986,-0.111211,334.790009,14916.000000
2155.000000,-13.230709,0.073486,0.001735,0.264648,0.201782,0.047996,0.006664,0.128582,-0.108175,372.040009,15101.000000
2156.000000,5.653488,0.073608,0.002042,0.264526,0.203003,0.047916,0.007070,0.126254,-0.107837,345.760010,14977.000000
2157.000000,-10.720444,0.074463,0.002088,0.267822,0.203491,0.048390,0.007156,0.124518,-0.109954,385.290009,15023.000000
2158.000000,-5.250724,0.074951,0.001961,0.267212,0.202759,0.048373,0.006980,0.124399,-0.110534,504.119995,15108.000000
2159.000000,16.665340,0.075562,0.001986,0.266968,0.203613,0.048541,0.007006,0.120771,-0.110753,459.040009,15106.000000
2160.000000,21.407082,0.075562,0.002390,0.267334,0.204224,0.048640,0.007415,0.122061,-0.107793,375.119995,15124.000000
2161.000000,-6.252321,0.076294,0.003076,0.268311,0.205688,0.049580,0.007974,0.123445,-0.106700,405.980011,14974.000000
2162.000000,-30.334520,0.076172,0.002289,0.267456,0.203979,0.049897,0.007151,0.124359,-0.108590,423.190002,15211.000000
2163.000000,-7.833905,0.074585,0.001920,0.265747,0.203003,0.049449,0.006811,0.120410,-0.111734,373.579987,14953.000000
2164.000000,-25.053673,0.074219,0.001769,0.266113,0.204224,0.049430,0.006722,0.120726,-0.108287,359.709991,15205.000000
2165.000000,14.052101,0.074951,0.001848,0.266846,0.205322,0.049594,0.006813,0.123378,-0.107916,425.779999,15454.000000
2166.000000,-3.856551,0.076172,0.001945,0.266724,0.206665,0.049722,0.006923,0.124870,-0.107406,408.899994,15373.000000
2167.000000,-20.033289,0.076660,0.001807,0.267212,0.205322,0.050036,0.006823,0.122977,-0.109633,436.690002,15551.000000
2168.000000,-28.248898,0.076294,0.001514,0.266602,0.205933,0.049794,0.006562,0.120877,-0.110670,363.109985,15742.000000
2169.000000,-2.866732,0.076904,0.001922,0.266235,0.205566,0.050403,0.006904,0.125984,-0.107984,455.429993,15490.000000
2170.000000,20.766140,0.076294,0.001515,0.265503,0.205322,0.050001,0.006428,0.129710,-0.108570,421.470001,15468.000000
2171.000000,10.138985,0.075684,0.001338,0.264160,0.205322,0.049501,0.006323,0.128248,-0.109810,441.230011,15499.000000
2172.000000,-17.610306,0.075195,0.001731,0.265137,0.205322,0.049975,0.006727,0.130100,-0.108080,342.720001,15802.000000
2173.000000,-20.672426,0.074585,0.001469,0.264404,0.202759,0.049546,0.006439,0.129951,-0.109529,382.609985,15104.000000
2174.000000,22.013353,0.075317,0.001316,0.265747,0.202637,0.049785,0.006335,0.126226,-0.111832,342.559998,15438.000000
2175.000000,53.399727,0.075562,0.001612,0.266235,0.203125,0.049246,0.006663,0.126874,-0.109471,390.179993,15608.000000
2176.000000,4.309518,0.075073,0.001600,0.265137,0.202759,0.049161,0.006685,0.124557,-0.110450,404.410004,15523.000000
2177.000000,16.654985,0.075317,0.001847,0.266235,0.203735,0.049538,0.006914,0.124318,-0.110745,367.500000,15624.000000
2178.000000,-21.668779,0.075439,0.002081,0.265991,0.202637,0.050089,0.007126,0.125136,-0.111987,407.519989,15446.000000
2179.000000,-4.062779,0.075562,0.001999,0.265991,0.203735,0.050624,0.006987,0.123294,-0.112736,425.010010,15561.000000
2180.000000,28.002779,0.073975,0.001377,0.265259,0.201904,0.049242,0.006385,0.123035,-0.114401,335.609985,15610.000000
2181.000000,-5.584334,0.074097,0.001474,0.265381,0.201416,0.048798,0.006526,0.122318,-0.114402,346.630005,15468.000000
2182.000000,-9.422747,0.075928,0.001914,0.266357,0.202393,0.049669,0.006933,0.124228,-0.113177,430.920013,15538.000000
2183.000000,-35.977718,0.076782,0.002265,0.267822,0.202759,0.050315,0.007297,0.122846,-0.113550,384.859985,15036.000000
2184.000000,32.053333,0.077515,0.002047,0.268921,0.204346,0.050615,0.007140,0.121456,-0.114463,367.910004,15515.000000
2185.000000,16.196198,0.077881,0.002258,0.268921,0.204834,0.051193,0.007302,0.118899,-0.115800,347.049988,15679.000000
2186.000000,-2.161017,0.077515,0.002120,0.269287,0.204834,0.051209,0.007122,0.118654,-0.115748,420.329987,15686.000000
2187.000000,-0.960710,0.077515,0.002080,0.269287,0.205322,0.051321,0.007152,0.117799,-0.114236,393.399994,15570.000000
2188.000000,-20.344919,0.077637,0.001739,0.269653,0.203613,0.050787,0.006852,0.115492,-0.115380,349.739990,15532.000000
2189.000000,17.713720,0.076416,0.001682,0.267578,0.202148,0.050093,0.006748,0.113538,-0.117635,323.339996,15601.000000
2190.000000,-9.589582,0.076782,0.001617,0.267944,0.203735,0.050483,0.006784,0.114276,-0.115361,364.959991,15712.000000
2191.000000,5.416621,0.076782,0.001626,0.268921,0.203857,0.049747,0.006778,0.114895,-0.115809,350.670013,15615.000000
2192.000000,-16.323195,0.077515,0.001781,0.268921,0.205322,0.050171,0.007000,0.114447,-0.114764,427.929993,15374.000000
2193.000000,1.890849,0.077148,0.001655,0.267334,0.205566,0.050323,0.006870,0.112955,-0.116968,437.130005,15504.000000
2194.000000,-13.210686,0.076172,0.001506,0.267944,0.204468,0.049708,0.006682,0.109295,-0.117870,395.170013,15628.000000
2195.000000,-26.335989,0.076050,0.001744,0.269409,0.204468,0.050023,0.006958,0.111213,-0.117154,436.440002,15659.000000
2196.000000,1.355436,0.076294,0.001561,0.268066,0.205322,0.049815,0.006848,0.113735,-0.115020,424.649994,15522.000000
2197.000000,6.056718,0.075195,0.001088,0.267944,0.204956,0.048951,0.006429,0.109978,-0.119024,387.299988,15499.000000
2198.000000,52.156311,0.074585,0.001204,0.265381,0.204102,0.048201,0.006468,0.106618,-0.122562,491.959991,15388.000000
2199.000000,-5.913323,0.074707,0.001298,0.265381,0.204468,0.048595,0.006460,0.104930,-0.122975,390.309998,15183.000000
2200.000000,-26.243010,0.075439,0.001456,0.266968,0.204468,0.049099,0.006544,0.107666,-0.117929,407.140015,15449.000000
2201.000000,4.085313,0.075317,0.001588,0.265503,0.205811,0.048832,0.006797,0.110663,-0.116692,438.440002,15376.000000
2202.000000,26.613354,0.074463,0.001303,0.266235,0.204712,0.048100,0.006463,0.109883,-0.118666,354.839996,15816.000000
2203.000000,3.579062,0.075317,0.001923,0.265503,0.204712,0.048619,0.006986,0.107621,-0.118791,406.959991,15599.000000
2204.000000,36.322659,0.074829,0.001316,0.265869,0.204224,0.048162,0.006256,0.104084,-0.120405,415.260010,15407.000000
2205.000000,3.910482,0.074951,0.001278,0.266235,0.205566,0.048108,0.006260,0.109284,-0.116652,417.220001,15617.000000
2206.000000,-2.903764,0.076050,0.002068,0.267700,0.207275,0.049560,0.007097,0.114043,-0.116644,338.089996,15592.000000
2207.000000,0.563823,0.075195,0.001721,0.267578,0.207275,0.049247,0.006724,0.112662,-0.117737,368.380005,15448.000000
2208.000000,-6.832032,0.075684,0.001847,0.268555,0.207886,0.049927,0.006883,0.112323,-0.118766,411.049988,15540.000000
2209.000000,-14.191852,0.076172,0.002391,0.267578,0.207275,0.050063,0.007287,0.108820,-0.120468,403.279999,15619.000000
2210.000000,15.728278,0.076050,0.001654,0.267212,0.206299,0.049190,0.006558,0.109699,-0.119315,343.640015,15482.000000
2211.000000,5.209929,0.076660,0.001952,0.267822,0.207031,0.049423,0.006861,0.111084,-0.119055,363.010010,14946.000000
2212.000000,28.669022,0.076904,0.002244,0.267090,0.207886,0.049458,0.007129,0.106558,-0.119899,421.429993,14843.000000
2213.000000,2.671671,0.077148,0.002111,0.266846,0.206177,0.049065,0.006853,0.110482,-0.119515,309.519989,15036.000000
2214.000000,-3.795216,0.076416,0.001755,0.266846,0.206787,0.048774,0.006451,0.111067,-0.118581,329.700012,15120.000000
2215.000000,48.214947,0.076538,0.001698,0.268311,0.208496,0.049110,0.006338,0.112704,-0.117629,426.649994,15134.000000
2216.000000,-5.117517,0.076172,0.001500,0.268677,0.208252,0.048914,0.006096,0.115927,-0.116666,320.250000,15156.000000
2217.000000,-20.075123,0.076416,0.001885,0.268799,0.207397,0.049602,0.006503,0.117556,-0.116716,369.989990,15194.000000
2218.000000,22.158796,0.075928,0.001619,0.270996,0.207275,0.049590,0.006305,0.117653,-0.116831,426.649994,15181.000000
2219.000000,-2.767362,0.076904,0.001592,0.272583,0.210083,0.049863,0.006425,0.118253,-0.113806,349.359985,15183.000000
2220.000000,-24.416836,0.077148,0.001706,0.271729,0.211426,0.050254,0.006485,0.120132,-0.112354,436.380005,15170.000000
2221.000000,8.118598,0.076782,0.001263,0.271118,0.210205,0.049608,0.005925,0.117395,-0.116073,413.339996,15385.000000
2222.000000,-25.493135,0.076416,0.001433,0.270996,0.208984,0.049758,0.005960,0.117087,-0.114699,356.929993,15143.000000
2223.000000,-11.168351,0.076782,0.001584,0.271118,0.207764,0.049429,0.006052,0.115019,-0.115823,497.290009,15174.000000
2224.000000,2.356076,0.077271,0.001746,0.269531,0.208984,0.049635,0.006189,0.114333,-0.115637,373.160004,15093.000000
2225.000000,19.898106,0.076172,0.001385,0.269531,0.207642,0.048948,0.005908,0.112443,-0.116078,502.299988,15241.000000
2226.000000,13.102353,0.076294,0.002080,0.268677,0.207031,0.049427,0.006502,0.111775,-0.115525,399.160004,15331.000000
2227.000000,27.573450,0.075684,0.001545,0.268799,0.207520,0.048959,0.005987,0.112696,-0.112830,486.380005,15252.000000
2228.000000,4.770261,0.074951,0.001469,0.267456,0.208008,0.048525,0.005925,0.110763,-0.113234,386.269989,15194.000000
2229.000000,0.058717,0.075195,0.001848,0.266724,0.208008,0.048577,0.006340,0.107484,-0.114802,384.630005,15153.000000
2230.000000,8.383338,0.075073,0.001691,0.267212,0.208374,0.048310,0.006232,0.107121,-0.114837,349.470001,15002.000000
2231.000000,-25.916639,0.074707,0.001520,0.266968,0.207275,0.048137,0.006004,0.106043,-0.116388,336.440002,15205.000000
2232.000000,10.267871,0.073853,0.001740,0.266235,0.206299,0.047701,0.006234,0.102508,-0.117335,419.079987,15345.000000
2233.000000,19.159826,0.073730,0.001657,0.266235,0.206543,0.047812,0.006083,0.104141,-0.116199,414.559998,15519.000000
2234.000000,6.648067,0.073853,0.002202,0.266602,0.207275,0.047946,0.006640,0.108307,-0.110684,350.089996,15205.000000
2235.000000,21.947693,0.074585,0.001942,0.266602,0.208984,0.047885,0.006514,0.110046,-0.110466,387.950012,15022.000000
2236.000000,-18.208197,0.073853,0.001684,0.266357,0.208618,0.047317,0.006410,0.106835,-0.113622,381.899994,15159.000000
2237.000000,-16.738880,0.073608,0.001597,0.266113,0.207764,0.047330,0.006250,0.105776,-0.114142,404.739990,15314.000000
2238.000000,-4.317513,0.073608,0.001927,0.266846,0.208618,0.047538,0.006555,0.108926,-0.111933,410.339996,15112.000000
2239.000000,-11.156470,0.073486,0.001861,0.267700,0.209229,0.047895,0.006492,0.115485,-0.108439,375.559998,15249.000000
2240.000000,9.228763,0.073486,0.001705,0.265747,0.210205,0.047227,0.006550,0.112964,-0.110535,372.070007,15219.000000
2241.000000,9.736468,0.073730,0.001591,0.265503,0.209106,0.046664,0.006387,0.107566,-0.115292,339.440002,15444.000000
2242.000000,12.147743,0.073120,0.001480,0.263794,0.209106,0.046601,0.006248,0.104651,-0.115439,295.350006,15282.000000
2243.000000,3.670949,0.073975,0.001389,0.264771,0.209229,0.046858,0.006124,0.108481,-0.113736,449.480011,15151.000000
2244.000000,4.442369,0.074707,0.001649,0.266602,0.209351,0.047589,0.006361,0.114438,-0.109793,417.130005,15072.000000
2245.000000,38.947609,0.072388,0.001580,0.263916,0.209229,0.045807,0.006402,0.111911,-0.109434,383.079987,15027.000000
2246.000000,-11.435168,0.072632,0.001641,0.263550,0.209351,0.046237,0.006440,0.106501,-0.113047,372.359985,15159.000000
2247.000000,-22.669085,0.072876,0.001405,0.263550,0.208984,0.045925,0.006299,0.107398,-0.110891,309.779999,15006.000000
2248.000000,29.662323,0.073730,0.001461,0.265137,0.209595,0.046031,0.006517,0.109461,-0.110898,447.679993,15087.000000
2249.000000,34.288239,0.073975,0.001949,0.265381,0.210571,0.046156,0.007039,0.111485,-0.111425,393.799988,15043.000000
2250.000000,-15.609177,0.074219,0.001449,0.265625,0.210571,0.046441,0.006512,0.114113,-0.112581,377.010010,14755.000000
2251.000000,1.030182,0.074463,0.001783,0.265991,0.209961,0.046429,0.006728,0.113556,-0.113423,349.429993,14917.000000
2252.000000,-4.169926,0.074463,0.001662,0.265991,0.209961,0.046819,0.006595,0.108537,-0.116837,328.220001,14916.000000
2253.000000,-26.342255,0.072998,0.001575,0.264526,0.208862,0.046507,0.006495,0.109236,-0.114287,366.679993,15101.000000
2254.000000,-18.715939,0.073242,0.001609,0.264648,0.209351,0.046237,0.006603,0.110967,-0.114413,383.579987,15151.000000
2255.000000,-10.509311,0.073364,0.001484,0.264893,0.209839,0.046476,0.006451,0.110146,-0.115444,388.670013,14961.000000
2256.000000,-33.051285,0.073608,0.001860,0.266113,0.209839,0.046912,0.006788,0.107358,-0.116319,294.760010,14870.000000
2257.000000,-9.313549,0.073608,0.001509,0.267456,0.209229,0.046988,0.006358,0.111441,-0.112668,393.029999,14982.000000
2258.000000,14.168268,0.074829,0.002195,0.268677,0.208252,0.047181,0.006965,0.112780,-0.112707,370.000000,14979.000000
2259.000000,-14.005900,0.075195,0.001918,0.270264,0.209351,0.047505,0.006737,0.111763,-0.112920,400.160004,15036.000000
2260.000000,11.134256,0.074219,0.001907,0.268677,0.207520,0.047084,0.006688,0.109718,-0.116280,322.190002,15098.000000
2261.000000,8.491525,0.074097,0.001946,0.269287,0.207153,0.047448,0.006696,0.107831,-0.117446,393.450012,15014.000000
2262.000000,6.707696,0.074463,0.002113,0.268555,0.207153,0.047510,0.006982,0.108000,-0.116483,335.339996,15027.000000
2263.000000,-31.987820,0.074585,0.002137,0.267700,0.207886,0.047808,0.007087,0.110709,-0.113844,289.630005,15080.000000
2264.000000,-10.684106,0.074463,0.002269,0.267334,0.207153,0.048386,0.007219,0.110578,-0.115397,454.559998,15108.000000
2265.000000,-22.080748,0.074341,0.001947,0.267822,0.206665,0.048536,0.006905,0.109839,-0.117329,360.000000,15031.000000
2266.000000,8.642935,0.074463,0.001639,0.266724,0.206299,0.047939,0.006677,0.108358,-0.118997,414.839996,15098.000000
2267.000000,-15.389447,0.073608,0.001602,0.266602,0.205322,0.047364,0.006560,0.106345,-0.121187,369.890015,15011.000000
2268.000000,-34.843796,0.072998,0.001885,0.266113,0.205688,0.047339,0.006943,0.107883,-0.118734,370.790009,15071.000000
2269.000000,23.927641,0.074463,0.002130,0.267822,0.208496,0.047859,0.007255,0.114890,-0.115360,354.149994,14934.000000
2270.000000,-16.490744,0.075562,0.001969,0.269531,0.208496,0.048606,0.006995,0.119275,-0.116349,307.049988,14886.000000
2271.000000,3.503124,0.075684,0.002254,0.268677,0.208618,0.048983,0.007353,0.112307,-0.119070,390.179993,15082.000000
2272.000000,3.363193,0.074707,0.001668,0.266235,0.207031,0.048070,0.006726,0.106899,-0.121882,300.369995,15164.000000
2273.000000,-19.875685,0.073242,0.001366,0.265747,0.205078,0.047398,0.006200,0.109850,-0.120626,388.799988,15004.000000
2274.000000,5.607872,0.073242,0.001812,0.266357,0.204346,0.047785,0.006672,0.108325,-0.118649,404.130005,14928.000000
2275.000000,-26.059885,0.074829,0.002603,0.267456,0.207153,0.049256,0.007512,0.110626,-0.114170,316.380005,14915.000000
2276.000000,-15.259242,0.074585,0.002833,0.266602,0.207275,0.049360,0.007854,0.109531,-0.117266,442.250000,15045.000000
2277.000000,-19.251783,0.073975,0.002249,0.267212,0.205566,0.049365,0.007194,0.111447,-0.120061,359.019989,14868.000000
2278.000000,10.815678,0.072632,0.001887,0.265625,0.205078,0.048596,0.006863,0.111504,-0.117350,435.059998,14847.000000
2279.000000,-18.857067,0.072998,0.002122,0.265625,0.205933,0.049254,0.007056,0.111085,-0.117468,393.190002,15097.000000
2280.000000,-6.046277,0.072754,0.001678,0.265991,0.206055,0.048590,0.006748,0.115856,-0.115640,387.619995,14825.000000
2281.000000,-3.817082,0.072510,0.001804,0.266846,0.206543,0.048431,0.006762,0.112772,-0.117003,351.369995,15010.000000
2282.000000,-10.646934,0.071655,0.001977,0.266357,0.205811,0.048331,0.006892,0.112053,-0.117162,363.459991,15006.000000
2283.000000,5.495224,0.072021,0.002114,0.268066,0.206055,0.048400,0.007090,0.115019,-0.116213,380.609985,15004.000000
2284.000000,-13.250002,0.072754,0.002360,0.267822,0.205933,0.048840,0.007387,0.115073,-0.116874,373.179993,15003.000000
2285.000000,-1.346039,0.073853,0.002302,0.268433,0.207397,0.049080,0.007329,0.118607,-0.114935,342.640015,15004.000000
2286.000000,-24.129206,0.074341,0.002112,0.270386,0.208984,0.049438,0.007209,0.119912,-0.115616,341.000000,14916.000000
2287.000000,-1.021468,0.074097,0.002268,0.268677,0.208496,0.049967,0.007209,0.117985,-0.118647,373.519989,15065.000000
2288.000000,-0.721472,0.074097,0.002138,0.267212,0.207642,0.049386,0.006990,0.115290,-0.119498,333.350006,14909.000000
2289.000000,8.008475,0.073730,0.002022,0.265625,0.207397,0.049473,0.006925,0.115269,-0.118808,304.459991,15147.000000
2290.000000,25.672766,0.073242,0.001947,0.264648,0.207397,0.048513,0.006747,0.118019,-0.117269,456.989990,14902.000000
2291.000000,3.214037,0.073730,0.001932,0.264893,0.210083,0.048476,0.006917,0.121131,-0.116282,289.149994,14862.000000
2292.000000,-19.991720,0.074585,0.002049,0.265869,0.209839,0.049335,0.006966,0.121407,-0.118102,366.380005,14964.000000
2293.000000,-57.882458,0.076538,0.002265,0.267578,0.210693,0.050105,0.007247,0.119881,-0.117440,350.459991,15125.000000
2294.000000,-7.799578,0.075317,0.002205,0.264893,0.209351,0.049383,0.007120,0.120952,-0.116276,370.600006,14976.000000
2295.000000,-2.152455,0.074463,0.001934,0.265381,0.209717,0.049265,0.006728,0.121286,-0.115623,385.640015,14922.000000
2296.000000,-29.359978,0.073486,0.001707,0.263916,0.209106,0.048756,0.006459,0.122155,-0.116366,387.170013,15239.000000
2297.000000,-5.287426,0.073486,0.001582,0.265869,0.209473,0.049181,0.006361,0.124160,-0.114276,340.200012,15088.000000
2298.000000,1.583776,0.073730,0.002008,0.265137,0.208862,0.049284,0.006771,0.125325,-0.114258,419.480011,14977.000000
2299.000000,17.269169,0.072632,0.002213,0.262451,0.208740,0.048978,0.006959,0.120485,-0.116507,359.329987,15175.000000
2300.000000,44.400055,0.072754,0.001921,0.262329,0.209961,0.048891,0.006744,0.120599,-0.116621,415.260010,15016.000000
2301.000000,-16.282991,0.071777,0.001788,0.260132,0.208618,0.048217,0.006639,0.122462,-0.116404,388.970001,15034.000000
2302.000000,-26.207024,0.070923,0.001646,0.259399,0.209229,0.047835,0.006454,0.121298,-0.116139,399.529999,15098.000000
2303.000000,-18.241041,0.070435,0.001154,0.258789,0.208252,0.047072,0.005990,0.119221,-0.118312,394.049988,14970.000000
2304.000000,-10.872197,0.069824,0.001917,0.259033,0.206787,0.047492,0.006637,0.115782,-0.119424,355.820007,14966.000000
2305.000000,29.508766,0.070068,0.001957,0.260254,0.206055,0.047452,0.006651,0.119281,-0.116199,430.899994,15046.000000
2306.000000,-8.525768,0.070557,0.002014,0.261230,0.207275,0.047649,0.006768,0.120606,-0.115157,384.769989,15260.000000
2307.000000,-12.310606,0.071289,0.002115,0.262695,0.208740,0.048461,0.006836,0.121855,-0.115678,370.059998,15181.000000
2308.000000,-23.620548,0.072021,0.002452,0.264648,0.208252,0.049159,0.007106,0.120811,-0.116685,356.989990,15228.000000
2309.000000,-8.955451,0.072754,0.001804,0.265625,0.208252,0.049342,0.006451,0.118931,-0.118574,389.890015,15186.000000
2310.000000,41.330288,0.073242,0.002104,0.266602,0.208618,0.049513,0.006771,0.117781,-0.119796,385.019989,15130.000000
2311.000000,3.666240,0.072632,0.002101,0.264893,0.208374,0.049281,0.006706,0.120400,-0.119998,377.200012,15148.000000
2312.000000,-10.433444,0.072998,0.001961,0.265503,0.209106,0.049129,0.006567,0.116016,-0.122894,319.220001,15337.000000
2313.000000,26.073488,0.072144,0.001840,0.264526,0.208252,0.048935,0.006491,0.114145,-0.122854,458.269989,15434.000000
2314.000000,-20.348661,0.071899,0.001702,0.265503,0.206177,0.047999,0.006243,0.111415,-0.125236,406.059998,15292.000000
2315.000000,1.279193,0.070923,0.001404,0.264648,0.205566,0.047679,0.005960,0.111984,-0.123184,419.899994,15253.000000
2316.000000,-14.500698,0.071167,0.002200,0.263550,0.206787,0.048326,0.006758,0.115882,-0.122079,381.269989,15280.000000
2317.000000,17.135708,0.072021,0.002095,0.264160,0.209106,0.048530,0.006756,0.117846,-0.121760,426.549988,15092.000000
2318.000000,24.016304,0.071533,0.002192,0.263184,0.208740,0.048451,0.006762,0.114770,-0.123695,453.279999,14963.000000
2319.000000,10.658459,0.071411,0.002160,0.263306,0.207886,0.048763,0.006777,0.112843,-0.125582,434.459991,14995.000000
2320.000000,-16.471121,0.071045,0.001811,0.263062,0.207275,0.048690,0.006367,0.116838,-0.122350,290.670013,15030.000000
2321.000000,3.727208,0.070068,0.001562,0.261963,0.207275,0.048004,0.006242,0.117204,-0.122717,418.149994,14968.000000
2322.000000,-4.783743,0.070190,0.002051,0.262085,0.207886,0.048854,0.006651,0.112563,-0.125508,401.119995,15110.000000
2323.000000,23.850964,0.069702,0.001830,0.260864,0.205933,0.048256,0.006241,0.113121,-0.126440,427.130005,15048.000000
2324.000000,19.817926,0.069824,0.001914,0.260864,0.206299,0.048165,0.006354,0.110817,-0.128147,393.799988,15063.000000
2325.000000,-16.459150,0.069336,0.001863,0.261597,0.207153,0.048329,0.006271,0.115681,-0.125213,331.040009,15013.000000
2326.000000,-10.976684,0.068359,0.001786,0.260986,0.204834,0.048128,0.006059,0.115665,-0.127390,394.540009,15026.000000
2327.000000,-34.311272,0.069458,0.001756,0.262573,0.205200,0.048307,0.005983,0.113250,-0.128562,372.959991,15098.000000
2328.000000,28.762182,0.068604,0.001391,0.259766,0.204102,0.047466,0.005600,0.112387,-0.129398,456.190002,15461.000000
2329.000000,20.908136,0.067871,0.001229,0.259277,0.203003,0.047168,0.005491,0.111432,-0.131741,421.709991,15442.000000
2330.000000,-20.024490,0.069214,0.002493,0.260986,0.203003,0.048248,0.006557,0.111796,-0.129985,312.890015,15406.000000
2331.000000,-16.079514,0.069214,0.002000,0.261475,0.204468,0.048203,0.006061,0.115669,-0.127290,447.679993,15363.000000
2332.000000,-18.830418,0.068604,0.001870,0.261597,0.203979,0.048502,0.005778,0.116812,-0.130740,390.649994,15335.000000
2333.000000,3.879833,0.067505,0.001601,0.260132,0.203491,0.048004,0.005478,0.111904,-0.133835,391.000000,15418.000000
2334.000000,-6.821532,0.067383,0.002186,0.259521,0.204468,0.048531,0.006049,0.111298,-0.133336,462.100006,15456.000000
2335.000000,-4.618044,0.067871,0.002283,0.259644,0.204712,0.048615,0.006094,0.112860,-0.132095,353.140015,15640.000000
2336.000000,6.382339,0.067139,0.002320,0.259644,0.203491,0.048410,0.006139,0.116463,-0.131214,410.399994,15313.000000
2337.000000,-8.262133,0.066772,0.002600,0.259277,0.203125,0.048570,0.006375,0.115052,-0.132238,374.410004,15295.000000
2338.000000,5.451347,0.067139,0.002294,0.258545,0.203857,0.048524,0.006159,0.113815,-0.130651,400.279999,15320.000000
2339.000000,-20.790207,0.067139,0.002252,0.257080,0.203003,0.048215,0.006084,0.112739,-0.132544,385.730011,15379.000000
2340.000000,-4.043993,0.069092,0.002816,0.256348,0.205078,0.049378,0.006698,0.112913,-0.132277,363.980011,15298.000000
2341.000000,47.107796,0.069336,0.002255,0.255371,0.203857,0.048822,0.006059,0.116872,-0.130428,321.399994,14964.000000
2342.000000,12.808431,0.068848,0.001972,0.254761,0.202148,0.048487,0.005810,0.114048,-0.132883,396.320007,15062.000000
2343.000000,-30.451952,0.068726,0.001708,0.254395,0.203003,0.048041,0.005581,0.109556,-0.133829,325.049988,14930.000000
2344.000000,3.934582,0.067383,0.001711,0.252808,0.203491,0.047124,0.005729,0.108645,-0.133732,340.019989,15005.000000
2345.000000,-18.535219,0.068237,0.001573,0.252808,0.204712,0.047137,0.005620,0.110390,-0.132622,425.269989,15003.000000
2346.000000,17.584709,0.066772,0.001567,0.251709,0.203613,0.046535,0.005575,0.112002,-0.131806,383.220001,15009.000000
2347.000000,-12.978846,0.067383,0.001636,0.252808,0.203979,0.047050,0.005626,0.112964,-0.132420,297.390015,15093.000000
2348.000000,20.196426,0.067017,0.001879,0.251953,0.203979,0.046793,0.005685,0.115350,-0.131834,366.720001,15003.000000
2349.000000,-23.759413,0.067993,0.001967,0.253296,0.205200,0.047698,0.005745,0.118026,-0.130993,328.079987,14920.000000
2350.000000,-33.506252,0.067505,0.001957,0.254028,0.205200,0.047501,0.005772,0.118167,-0.132508,368.160004,14979.000000
2351.000000,-20.854979,0.068115,0.002159,0.254028,0.203979,0.047647,0.005986,0.116745,-0.133357,367.450012,14928.000000
2352.000000,-32.488064,0.069092,0.001628,0.255127,0.205444,0.047602,0.005518,0.117165,-0.132505,370.239990,15067.000000
2353.000000,-51.724098,0.069824,0.001939,0.257568,0.205566,0.048044,0.005828,0.119961,-0.132973,407.160004,14939.000000
2354.000000,-7.438765,0.069580,0.001843,0.256470,0.205200,0.047995,0.005697,0.119103,-0.132998,361.100006,14926.000000
2355.000000,-3.365871,0.069824,0.002054,0.257935,0.204712,0.047867,0.005853,0.121205,-0.135009,362.970001,14858.000000
2356.000000,16.682108,0.069580,0.001626,0.257202,0.205322,0.047253,0.005524,0.114651,-0.137176,327.450012,14895.000000
2357.000000,9.889179,0.069336,0.001411,0.256714,0.205200,0.046996,0.005346,0.113751,-0.135554,411.660004,15050.000000
2358.000000,-5.348050,0.069946,0.001879,0.256348,0.205811,0.047691,0.005696,0.115768,-0.133925,344.029999,15057.000000
2359.000000,13.227818,0.070190,0.002225,0.255737,0.205566,0.047880,0.006014,0.115940,-0.131744,308.839996,14947.000000
2360.000000,13.119572,0.069824,0.002213,0.254639,0.205444,0.047494,0.006016,0.114530,-0.132659,355.290009,14836.000000
2361.000000,43.272846,0.068970,0.001787,0.254761,0.203979,0.047059,0.005541,0.115440,-0.135844,367.429993,14950.000000
2362.000000,-9.433503,0.070190,0.002466,0.255615,0.205444,0.047789,0.006342,0.116912,-0.132744,361.380005,14772.000000
2363.000000,-17.029156,0.070801,0.002335,0.256226,0.206177,0.048384,0.006322,0.118067,-0.132664,339.290009,14795.000000
2364.000000,14.133347,0.070557,0.002110,0.255127,0.207642,0.048342,0.006176,0.119134,-0.130065,351.630005,15051.000000
2365.000000,-19.065130,0.070801,0.001854,0.255005,0.209351,0.048652,0.006023,0.117727,-0.131817,370.369995,15086.000000
2366.000000,-16.814653,0.071411,0.001908,0.255615,0.210571,0.048799,0.006086,0.119001,-0.132335,326.570007,14870.000000
2367.000000,-10.591326,0.070435,0.001865,0.254761,0.207764,0.048569,0.005945,0.119113,-0.134883,407.890015,14997.000000
2368.000000,9.468412,0.069824,0.001806,0.254272,0.207153,0.048692,0.005723,0.117415,-0.136362,319.959991,15059.000000
2369.000000,-23.447264,0.070068,0.002001,0.253662,0.207886,0.049423,0.005842,0.115246,-0.133945,315.269989,15005.000000
2370.000000,6.337116,0.069092,0.001903,0.252319,0.208496,0.048412,0.005909,0.112678,-0.134642,371.540009,15044.000000
2371.000000,-11.340073,0.069580,0.001947,0.252808,0.208252,0.049012,0.005972,0.114606,-0.134937,290.459991,15127.000000
2372.000000,-29.978203,0.069702,0.001969,0.252930,0.207642,0.049150,0.005985,0.117801,-0.133647,275.369995,14977.000000
2373.000000,19.947540,0.070312,0.002439,0.253052,0.209351,0.049360,0.006464,0.119431,-0.132301,328.420013,15025.000000
2374.000000,-10.109033,0.071045,0.002083,0.253052,0.210205,0.049271,0.006183,0.119001,-0.132344,294.660004,15064.000000
2375.000000,-15.249873,0.071899,0.002193,0.255859,0.209839,0.049328,0.006302,0.121999,-0.133967,316.910004,15231.000000
2376.000000,-25.608820,0.072388,0.002206,0.257080,0.210693,0.049691,0.006486,0.122012,-0.133126,364.429993,15120.000000
2377.000000,6.488592,0.071777,0.002101,0.256836,0.209106,0.049524,0.006304,0.120796,-0.134166,334.579987,14984.000000
2378.000000,-12.752400,0.071655,0.001939,0.257202,0.207642,0.049298,0.005949,0.119227,-0.134785,315.510010,15417.000000
2379.000000,-6.029778,0.072754,0.001981,0.257446,0.209595,0.049342,0.006077,0.122053,-0.130727,365.709991,15465.000000
2380.000000,4.730855,0.072266,0.001624,0.258545,0.209961,0.049239,0.005829,0.123396,-0.133986,378.929993,15253.000000
2381.000000,-13.865759,0.072754,0.002028,0.260620,0.211426,0.049228,0.006295,0.124323,-0.133413,315.970001,15366.000000
2382.000000,-12.844530,0.072998,0.002295,0.260498,0.211426,0.049537,0.006452,0.126612,-0.130718,378.179993,15462.000000
2383.000000,-26.902182,0.073730,0.002202,0.262451,0.212280,0.050462,0.006272,0.126175,-0.130887,383.929993,15590.000000
2384.000000,-15.501797,0.073608,0.002080,0.261963,0.211182,0.050086,0.006111,0.126011,-0.131082,402.450012,15298.000000
2385.000000,3.790672,0.072510,0.001504,0.260376,0.210815,0.049410,0.005524,0.123096,-0.132905,325.480011,15329.000000
2386.000000,-11.969269,0.072632,0.001639,0.261841,0.211548,0.049585,0.005695,0.123620,-0.131215,283.220001,15322.000000
2387.000000,1.565429,0.072876,0.002063,0.262207,0.212891,0.049991,0.006145,0.125500,-0.131715,334.510010,15374.000000
2388.000000,11.935372,0.073608,0.002333,0.262573,0.212280,0.050386,0.006275,0.125921,-0.131464,393.970001,15387.000000
2389.000000,-10.549336,0.072876,0.001791,0.263184,0.212524,0.050594,0.005744,0.124293,-0.133256,392.899994,15333.000000
2390.000000,1.934039,0.072632,0.001948,0.262329,0.211060,0.050676,0.005845,0.117709,-0.136346,331.290009,15227.000000
2391.000000,8.540682,0.072021,0.001853,0.261597,0.211548,0.050208,0.005831,0.117634,-0.133720,387.220001,15049.000000
2392.000000,1.782197,0.072144,0.001797,0.262573,0.210938,0.050335,0.005791,0.119916,-0.132362,383.600006,15245.000000
2393.000000,-26.172695,0.072144,0.002082,0.261597,0.212280,0.050806,0.006040,0.121581,-0.131372,327.299988,15317.000000
2394.000000,-0.024106,0.071533,0.001802,0.261108,0.211914,0.050802,0.005683,0.124785,-0.132030,314.440002,15225.000000
2395.000000,13.850875,0.071899,0.002064,0.260864,0.212646,0.051162,0.005925,0.121110,-0.134129,392.450012,15471.000000
2396.000000,26.410109,0.072388,0.001857,0.259644,0.213623,0.050572,0.005750,0.115889,-0.134880,436.510010,15195.000000
2397.000000,26.884750,0.070923,0.001448,0.257812,0.212036,0.049664,0.005309,0.114067,-0.135148,330.799988,15521.000000
2398.000000,-28.544832,0.070923,0.001707,0.259033,0.212280,0.049835,0.005573,0.117301,-0.133847,458.209991,15583.000000
2399.000000,-10.419638,0.071899,0.001794,0.259277,0.213379,0.050555,0.005745,0.118078,-0.133692,406.980011,15294.000000
2400.000000,22.954697,0.071899,0.001930,0.259888,0.212891,0.050674,0.005833,0.117963,-0.133289,362.209991,15483.000000
2401.000000,-16.916069,0.071899,0.002096,0.259033,0.213135,0.050830,0.006088,0.117314,-0.134199,359.140015,15347.000000
2402.000000,8.464197,0.072754,0.002063,0.257446,0.212646,0.050504,0.006059,0.115087,-0.134982,379.200012,15457.000000
2403.000000,8.038814,0.072998,0.001680,0.258057,0.213501,0.050548,0.005730,0.117543,-0.133133,307.899994,15408.000000
2404.000000,-5.422185,0.074585,0.001831,0.260620,0.215088,0.051028,0.005894,0.120803,-0.130649,350.399994,15668.000000
2405.000000,-14.857701,0.074219,0.001758,0.260376,0.215576,0.050681,0.005842,0.121330,-0.129883,342.119995,15522.000000
2406.000000,-0.641464,0.072754,0.001915,0.258179,0.214111,0.050316,0.005913,0.122033,-0.130686,293.200012,15615.000000
2407.000000,-4.553829,0.072144,0.001501,0.257568,0.213989,0.050299,0.005530,0.118525,-0.132202,345.239990,15427.000000
2408.000000,-3.716885,0.072388,0.001195,0.258667,0.213013,0.049893,0.005191,0.119084,-0.131483,432.500000,15491.000000
2409.000000,-28.316706,0.072266,0.001475,0.258911,0.212769,0.050739,0.005469,0.116831,-0.132582,317.290009,15506.000000
2410.000000,9.552069,0.072021,0.001156,0.259399,0.212402,0.050441,0.005113,0.120255,-0.130002,333.239990,15709.000000
2411.000000,21.744017,0.072144,0.001868,0.260010,0.212280,0.050825,0.005883,0.119235,-0.130567,324.070007,15509.000000
2412.000000,-13.458149,0.071289,0.001839,0.258545,0.211792,0.050139,0.005869,0.114789,-0.131782,385.130005,15393.000000
2413.000000,-26.024698,0.071045,0.001841,0.257812,0.211182,0.050550,0.005791,0.113707,-0.131863,346.910004,15244.000000
2414.000000,26.916695,0.070923,0.001865,0.258057,0.212646,0.050718,0.005837,0.117180,-0.127580,287.519989,15475.000000
2415.000000,-57.672058,0.070923,0.002009,0.257568,0.212402,0.050498,0.005998,0.114641,-0.129060,364.070007,15470.000000
2416.000000,25.385094,0.071045,0.001862,0.258545,0.211792,0.050748,0.005824,0.115978,-0.131904,339.089996,15318.000000
2417.000000,-19.780794,0.070068,0.001713,0.256714,0.210449,0.050379,0.005696,0.115394,-0.133019,347.570007,15363.000000
2418.000000,12.541903,0.070679,0.002184,0.255981,0.210571,0.050584,0.006160,0.114853,-0.132002,343.640015,15393.000000
2419.000000,-26.725145,0.070190,0.002211,0.255493,0.212524,0.050493,0.006348,0.118493,-0.128168,378.529999,15496.000000
2420.000000,-6.856795,0.070312,0.002049,0.256958,0.210815,0.050493,0.006198,0.120409,-0.130698,390.489990,15461.000000
2421.000000,29.173717,0.071045,0.002251,0.257446,0.211792,0.050988,0.006452,0.119864,-0.130008,345.320007,15442.000000
2422.000000,-25.865614,0.071167,0.002102,0.258789,0.212524,0.051008,0.006316,0.120719,-0.129535,355.380005,15307.000000
2423.000000,-15.854918,0.071655,0.001949,0.260620,0.212524,0.051649,0.006165,0.123886,-0.128541,396.420013,15408.000000
2424.000000,-21.083820,0.071167,0.002017,0.260620,0.213989,0.051802,0.006221,0.124569,-0.127624,339.290009,15446.000000
2425.000000,8.841676,0.071655,0.002093,0.261963,0.215088,0.051764,0.006352,0.124416,-0.127811,380.000000,15533.000000
2426.000000,-2.406807,0.070801,0.001520,0.261719,0.213623,0.050835,0.005754,0.121603,-0.128302,312.799988,15469.000000
2427.000000,-20.265049,0.071533,0.001714,0.262573,0.213379,0.051366,0.005813,0.123288,-0.126319,356.869995,15432.000000
2428.000000,-3.593226,0.071533,0.001692,0.263428,0.212158,0.051416,0.005628,0.119997,-0.129117,436.079987,15327.000000
2429.000000,-57.775429,0.072021,0.002154,0.265259,0.213135,0.052160,0.006095,0.119087,-0.126234,327.730011,15376.000000
2430.000000,8.987956,0.072144,0.002036,0.263916,0.212891,0.052298,0.005941,0.119562,-0.126551,366.880005,15340.000000
2431.000000,-14.604638,0.071899,0.001843,0.262573,0.211792,0.051708,0.005668,0.116605,-0.128529,345.760010,15436.000000
2432.000000,21.644682,0.071533,0.001591,0.261963,0.210449,0.050542,0.005421,0.115059,-0.128664,388.079987,15058.000000
2433.000000,-27.327618,0.070923,0.001590,0.262573,0.211304,0.050443,0.005454,0.116130,-0.127184,344.880005,15085.000000
2434.000000,-10.749308,0.071533,0.001792,0.264160,0.210938,0.050819,0.005651,0.121116,-0.125603,345.640015,15148.000000
2435.000000,-26.421413,0.072021,0.002029,0.266479,0.212158,0.051311,0.005924,0.120935,-0.126369,322.950012,15151.000000
2436.000000,-10.692759,0.072266,0.001838,0.266235,0.213013,0.051246,0.005739,0.118529,-0.126765,444.299988,15114.000000
2437.000000,-12.627080,0.072021,0.001605,0.267212,0.213501,0.051262,0.005564,0.118882,-0.126921,336.910004,15123.000000
2438.000000,3.344981,0.072266,0.002183,0.266479,0.215210,0.051055,0.006265,0.119670,-0.124463,422.260010,15198.000000
2439.000000,-39.218159,0.073364,0.001912,0.268921,0.215088,0.051289,0.005923,0.123097,-0.122199,345.649994,14963.000000
2440.000000,-17.001551,0.073853,0.002683,0.268921,0.217529,0.052240,0.006675,0.124935,-0.122792,306.709991,14866.000000
2441.000000,-6.374737,0.073730,0.002427,0.267700,0.216187,0.051877,0.006428,0.123546,-0.121733,319.160004,14879.000000
2442.000000,5.146085,0.074097,0.001789,0.266968,0.216431,0.051550,0.005702,0.119114,-0.123722,368.049988,14911.000000
2443.000000,14.383739,0.074097,0.001647,0.267700,0.216553,0.051325,0.005578,0.118487,-0.123496,374.829987,15117.000000
2444.000000,-20.037510,0.074097,0.001765,0.268433,0.214478,0.051866,0.005564,0.119919,-0.124506,356.589996,15032.000000
2445.000000,9.063036,0.074463,0.002055,0.267700,0.213257,0.052435,0.005716,0.121512,-0.123391,378.920013,15300.000000
2446.000000,-11.084933,0.075073,0.001809,0.267212,0.214966,0.052432,0.005520,0.121215,-0.122721,468.910004,15171.000000
2447.000000,-1.549511,0.074707,0.001859,0.266846,0.214600,0.052615,0.005546,0.122227,-0.122197,392.309998,15017.000000
2448.000000,8.225714,0.074829,0.002072,0.266968,0.215210,0.052833,0.005853,0.122905,-0.122408,459.230011,15287.000000
2449.000000,-20.291553,0.074463,0.001684,0.266479,0.214844,0.052722,0.005445,0.122088,-0.123885,371.859985,15344.000000
2450.000000,4.648160,0.074097,0.001717,0.267090,0.214844,0.052737,0.005580,0.122244,-0.122688,348.170013,15266.000000
2451.000000,-18.670176,0.074097,0.001465,0.266846,0.215332,0.052485,0.005327,0.122656,-0.120795,400.380005,15365.000000
2452.000000,8.560695,0.074097,0.001504,0.268188,0.216919,0.052673,0.005345,0.122787,-0.119479,359.839996,15263.000000
2453.000000,-3.216537,0.074097,0.001652,0.267334,0.217407,0.053178,0.005533,0.126201,-0.119389,428.470001,15298.000000
2454.000000,45.532013,0.074585,0.001534,0.266357,0.217285,0.052435,0.005517,0.124915,-0.119509,391.799988,15456.000000
2455.000000,-19.636553,0.073975,0.001459,0.264771,0.216919,0.051168,0.005464,0.122059,-0.118582,334.940002,15448.000000
2456.000000,25.106339,0.073730,0.001602,0.263916,0.215820,0.050972,0.005599,0.121424,-0.119501,379.829987,15421.000000
2457.000000,7.787102,0.073120,0.001578,0.264771,0.217651,0.050843,0.005659,0.121324,-0.117028,401.149994,15269.000000
2458.000000,3.451181,0.073242,0.002220,0.264893,0.217529,0.050908,0.006377,0.119454,-0.116777,400.339996,15185.000000
2459.000000,5.398945,0.072876,0.002094,0.263916,0.216797,0.050628,0.006189,0.116054,-0.118788,444.250000,15324.000000
2460.000000,16.662439,0.073364,0.002028,0.265259,0.217041,0.050577,0.006179,0.117438,-0.118988,347.600006,15384.000000
2461.000000,-2.968695,0.072876,0.001960,0.265503,0.216309,0.050100,0.006242,0.118662,-0.118117,384.459991,15299.000000
2462.000000,-25.953066,0.072754,0.002222,0.264648,0.215454,0.049798,0.006455,0.118166,-0.120023,430.670013,15369.000000
2463.000000,1.656457,0.073364,0.002345,0.267456,0.215210,0.050372,0.006569,0.120556,-0.117481,485.309998,15387.000000
2464.000000,23.744602,0.074585,0.002498,0.269043,0.217041,0.051219,0.006797,0.123147,-0.115397,482.910004,15367.000000
2465.000000,-15.134944,0.073853,0.002250,0.270020,0.216797,0.051493,0.006499,0.124426,-0.116537,334.230011,15433.000000
2466.000000,4.865899,0.073975,0.002238,0.268799,0.217285,0.051272,0.006552,0.122221,-0.116375,355.489990,15457.000000
2467.000000,-20.946110,0.074341,0.002163,0.269287,0.216431,0.051089,0.006460,0.118511,-0.120724,397.579987,15277.000000
2468.000000,-16.094498,0.074585,0.002350,0.268799,0.215820,0.051074,0.006733,0.119690,-0.120677,446.140015,15265.000000
2469.000000,16.021086,0.074951,0.002212,0.270142,0.216187,0.051148,0.006454,0.122829,-0.119306,399.410004,15361.000000
2470.000000,41.649273,0.074951,0.002207,0.270264,0.217285,0.051526,0.006549,0.127230,-0.117367,402.529999,15309.000000
2471.000000,7.809008,0.075073,0.001880,0.270264,0.216797,0.051600,0.006211,0.130434,-0.117523,436.399994,15424.000000
2472.000000,5.839060,0.076294,0.002209,0.270386,0.217773,0.051698,0.006445,0.129514,-0.117305,359.519989,15183.000000
2473.000000,-4.710402,0.075195,0.001961,0.269043,0.215576,0.051758,0.006089,0.127252,-0.118032,377.829987,15245.000000
2474.000000,9.704576,0.075195,0.001816,0.270386,0.215698,0.051712,0.005861,0.127869,-0.118644,390.600006,15274.000000
2475.000000,-4.235552,0.075317,0.002208,0.272339,0.214966,0.052271,0.006279,0.130650,-0.117748,434.899994,15390.000000
2476.000000,-14.911282,0.074829,0.001908,0.269775,0.214722,0.052117,0.005976,0.131150,-0.119166,386.910004,15329.000000
2477.000000,38.661003,0.074463,0.001764,0.270020,0.214844,0.051937,0.005781,0.130160,-0.119998,372.010010,15325.000000
2478.000000,-42.881229,0.074829,0.002025,0.271118,0.215332,0.053214,0.005941,0.129361,-0.119537,341.750000,15239.000000
2479.000000,8.895024,0.074707,0.001810,0.270996,0.214844,0.052683,0.005726,0.129676,-0.119242,417.320007,15164.000000
2480.000000,18.475513,0.074829,0.001364,0.270264,0.216064,0.052592,0.005355,0.130779,-0.117581,446.390015,15064.000000
2481.000000,-3.725959,0.074707,0.001340,0.270996,0.216187,0.052338,0.005339,0.127220,-0.119839,369.519989,15224.000000
2482.000000,-8.768251,0.075195,0.001622,0.271484,0.215942,0.052557,0.005536,0.125642,-0.119067,399.649994,15225.000000
2483.000000,-1.784786,0.075073,0.001510,0.273804,0.216309,0.052539,0.005397,0.128356,-0.117997,393.459991,15143.000000
2484.000000,-29.468800,0.074707,0.002008,0.273315,0.215088,0.052657,0.005881,0.127419,-0.118765,409.200012,15073.000000
2485.000000,11.457788,0.075317,0.001485,0.274414,0.216064,0.052641,0.005402,0.130330,-0.117874,459.269989,15141.000000
2486.000000,0.782333,0.075317,0.001752,0.274658,0.216187,0.052591,0.005692,0.126431,-0.121825,343.410004,15166.000000
2487.000000,7.019300,0.075073,0.001882,0.275513,0.215576,0.052828,0.005874,0.126850,-0.120580,372.880005,15060.000000
2488.000000,19.504671,0.075195,0.002260,0.276123,0.214722,0.053041,0.006165,0.129890,-0.118704,450.130005,15142.000000
2489.000000,-3.600572,0.074707,0.002195,0.275269,0.214600,0.053005,0.006108,0.132366,-0.117586,452.489990,15073.000000
2490.000000,11.951413,0.074463,0.001905,0.275391,0.214111,0.052605,0.005841,0.130965,-0.117801,404.649994,15086.000000
2491.000000,-14.711269,0.074097,0.001878,0.274536,0.213745,0.051873,0.005830,0.128653,-0.118203,410.730011,15103.000000
2492.000000,11.182643,0.073364,0.001868,0.274292,0.212769,0.051697,0.005779,0.123809,-0.119542,455.299988,15179.000000
2493.000000,16.457918,0.073364,0.001915,0.273926,0.211792,0.052008,0.005787,0.122826,-0.119167,470.339996,15230.000000
2494.000000,-17.634817,0.073730,0.001773,0.273926,0.211426,0.051802,0.005614,0.125195,-0.118909,428.690002,15213.000000
2495.000000,23.810593,0.073364,0.001863,0.273804,0.211792,0.051462,0.005803,0.124148,-0.119972,482.790009,15255.000000
2496.000000,6.090985,0.073486,0.001886,0.272705,0.212891,0.051471,0.005880,0.124982,-0.119647,402.010010,15214.000000
2497.000000,-5.365293,0.073486,0.001883,0.273071,0.212891,0.050987,0.005842,0.128009,-0.119160,349.019989,15098.000000
2498.000000,-2.298272,0.073364,0.002260,0.275024,0.212646,0.051334,0.006201,0.132133,-0.116801,389.160004,15126.000000
2499.000000,-10.150831,0.073486,0.002139,0.275146,0.212891,0.051382,0.006083,0.134303,-0.115244,391.989990,15138.000000
2500.000000,-0.528848,0.074097,0.001632,0.276245,0.214600,0.051407,0.005772,0.132226,-0.115683,403.910004,14980.000000
2501.000000,-3.622947,0.074097,0.001833,0.275635,0.214355,0.051364,0.006074,0.132917,-0.116264,428.329987,15084.000000
2502.000000,4.765700,0.074341,0.002293,0.276123,0.215088,0.051698,0.006498,0.128941,-0.118918,442.920013,15243.000000
2503.000000,-41.662659,0.073608,0.001581,0.275879,0.215942,0.051700,0.005664,0.128039,-0.118622,392.739990,15512.000000
2504.000000,4.310867,0.074097,0.001504,0.277466,0.215820,0.051497,0.005634,0.132278,-0.116476,451.480011,15479.000000
2505.000000,37.426941,0.074951,0.001758,0.277466,0.216797,0.051938,0.005901,0.132572,-0.119102,415.160004,15137.000000
2506.000000,-19.549927,0.074219,0.001612,0.278076,0.215332,0.052055,0.005647,0.128997,-0.122364,439.609985,15430.000000
2507.000000,-3.973428,0.074463,0.002062,0.278687,0.215088,0.052272,0.006078,0.128678,-0.120538,475.859985,15418.000000
2508.000000,2.548536,0.074341,0.001648,0.278442,0.215698,0.051988,0.005741,0.127990,-0.120640,333.529999,15559.000000
2509.000000,-4.846130,0.074585,0.001954,0.279175,0.215332,0.052364,0.006029,0.127516,-0.118855,395.109985,15193.000000
2510.000000,-13.064783,0.074097,0.001896,0.278442,0.216187,0.052440,0.006000,0.129583,-0.119438,351.239990,15423.000000
2511.000000,8.065190,0.074219,0.002094,0.279541,0.214844,0.052918,0.006167,0.128008,-0.120303,360.359985,15466.000000
2512.000000,15.724663,0.074341,0.002570,0.278687,0.215088,0.053198,0.006765,0.127569,-0.117876,458.549988,15646.000000
2513.000000,20.760515,0.073730,0.002163,0.278076,0.213501,0.052797,0.006379,0.127201,-0.118914,402.089996,15354.000000
2514.000000,51.705502,0.074463,0.002374,0.278320,0.213623,0.053101,0.006598,0.126567,-0.119950,511.049988,15361.000000
2515.000000,3.136030,0.075317,0.002683,0.277344,0.214722,0.053542,0.006990,0.125013,-0.119576,409.649994,15404.000000
2516.000000,8.372871,0.076172,0.002981,0.276978,0.215820,0.053620,0.007262,0.124252,-0.118018,386.640015,15552.000000
2517.000000,24.406216,0.075806,0.002247,0.276001,0.214722,0.052694,0.006419,0.120504,-0.121361,382.019989,15594.000000
2518.000000,0.793699,0.075317,0.002247,0.277344,0.214966,0.052480,0.006447,0.122233,-0.119972,377.359985,15435.000000
2519.000000,-11.082532,0.075195,0.002096,0.277222,0.214966,0.052217,0.006299,0.124358,-0.117646,461.600006,15508.000000
2520.000000,38.208714,0.074707,0.002208,0.276611,0.215942,0.051973,0.006491,0.123738,-0.119336,444.369995,15472.000000
2521.000000,-14.944971,0.075073,0.002381,0.277100,0.216553,0.052234,0.006725,0.124819,-0.118900,401.250000,15528.000000
2522.000000,-21.681887,0.074707,0.002248,0.277710,0.215210,0.051966,0.006572,0.123927,-0.120084,380.100006,15344.000000
2523.000000,12.580312,0.074707,0.002242,0.277588,0.214966,0.052231,0.006477,0.122340,-0.121256,400.619995,15416.000000
2524.000000,19.731771,0.075195,0.002512,0.276733,0.215576,0.052211,0.006625,0.123739,-0.117638,478.209991,15289.000000
2525.000000,-10.251974,0.075073,0.002417,0.275391,0.215820,0.052140,0.006458,0.123571,-0.116165,407.839996,15304.000000
2526.000000,53.672680,0.074585,0.002379,0.274780,0.216553,0.051626,0.006521,0.120438,-0.115775,456.799988,15384.000000
2527.000000,-8.340821,0.074463,0.002487,0.273926,0.215210,0.051567,0.006640,0.120120,-0.118614,424.279999,15501.000000
2528.000000,18.601753,0.074463,0.002203,0.274902,0.215088,0.051313,0.006327,0.118309,-0.117688,395.480011,15585.000000
2529.000000,3.224550,0.074585,0.002400,0.275024,0.216553,0.051503,0.006594,0.120601,-0.114321,392.269989,15497.000000
2530.000000,-3.432905,0.074829,0.002675,0.274048,0.218262,0.051097,0.006975,0.118683,-0.113949,437.059998,15371.000000
2531.000000,4.939573,0.073242,0.002025,0.272705,0.215698,0.049854,0.006195,0.115097,-0.115473,400.019989,15382.000000
2532.000000,-8.804775,0.073364,0.001832,0.273071,0.214844,0.049699,0.005924,0.113475,-0.116235,337.799988,15348.000000
2533.000000,30.315268,0.073242,0.002160,0.271362,0.214233,0.049949,0.006309,0.112823,-0.115412,480.299988,15432.000000
2534.000000,-6.679107,0.073486,0.002527,0.270508,0.215332,0.050463,0.006737,0.114353,-0.115845,447.250000,15341.000000
2535.000000,26.504658,0.073853,0.002398,0.269897,0.216187,0.050525,0.006674,0.115115,-0.117428,410.929993,15440.000000
2536.000000,42.891766,0.073853,0.002037,0.271484,0.216675,0.050466,0.006302,0.117773,-0.118480,404.829987,15846.000000
2537.000000,-3.217136,0.073120,0.001795,0.268799,0.214600,0.049588,0.005959,0.118074,-0.119129,384.519989,15725.000000
2538.000000,4.724849,0.072021,0.001623,0.267944,0.214478,0.048961,0.005780,0.116265,-0.120092,416.630005,15657.000000
2539.000000,-16.853575,0.072754,0.001879,0.268188,0.214233,0.049052,0.005947,0.117705,-0.119915,403.470001,15681.000000
2540.000000,-2.423316,0.071899,0.001719,0.268677,0.214355,0.048567,0.005813,0.117933,-0.120253,378.070007,15429.000000
2541.000000,5.787980,0.071899,0.001863,0.268066,0.213989,0.048882,0.005966,0.116271,-0.121048,392.230011,15497.000000
2542.000000,5.233142,0.071899,0.002316,0.267578,0.212646,0.048877,0.006385,0.118491,-0.119664,357.450012,15598.000000
2543.000000,-2.227048,0.072754,0.002385,0.269043,0.212036,0.049545,0.006399,0.118064,-0.120802,434.290009,15641.000000
2544.000000,-22.174938,0.072876,0.002089,0.270630,0.211426,0.049631,0.005980,0.120774,-0.118805,448.769989,15446.000000
2545.000000,1.165673,0.072754,0.002556,0.271851,0.212158,0.050137,0.006399,0.122459,-0.118760,426.339996,15601.000000
2546.000000,-9.092836,0.072876,0.002438,0.272339,0.213135,0.050345,0.006369,0.124629,-0.117237,438.359985,15649.000000
2547.000000,-17.438728,0.073242,0.002051,0.274536,0.214355,0.050213,0.006025,0.125151,-0.118095,373.890015,15621.000000
2548.000000,5.697674,0.074219,0.001788,0.275391,0.215576,0.050611,0.005704,0.126410,-0.116585,483.980011,15619.000000
2549.000000,-3.982314,0.072754,0.001568,0.273193,0.215332,0.050027,0.005476,0.124725,-0.118582,454.950012,15616.000000
2550.000000,12.829930,0.072388,0.001862,0.272583,0.214478,0.049698,0.005645,0.120322,-0.119721,465.709991,15562.000000
2551.000000,-22.612112,0.073120,0.001682,0.273193,0.213501,0.049812,0.005362,0.118423,-0.120148,395.019989,15335.000000
2552.000000,23.192287,0.073120,0.001780,0.274048,0.213135,0.050061,0.005447,0.119639,-0.116875,483.529999,15414.000000
2553.000000,22.077303,0.073364,0.001830,0.274292,0.214233,0.049717,0.005546,0.120486,-0.114418,453.049988,15640.000000
2554.000000,-7.834354,0.073242,0.001525,0.274048,0.214722,0.049253,0.005359,0.119186,-0.113812,420.130005,15433.000000
2555.000000,-8.394407,0.073242,0.001222,0.275146,0.214844,0.049410,0.005041,0.121176,-0.113735,441.339996,15440.000000
2556.000000,-37.104767,0.072876,0.001610,0.274536,0.213989,0.049381,0.005431,0.118476,-0.115910,384.549988,15524.000000
2557.000000,-2.116973,0.073242,0.001835,0.274170,0.214478,0.049780,0.005715,0.117965,-0.117046,450.160004,15463.000000
2558.000000,-11.797350,0.073486,0.001432,0.274170,0.213623,0.049723,0.005298,0.119097,-0.117273,504.109985,15256.000000
2559.000000,-7.359624,0.074341,0.001518,0.275024,0.214600,0.049660,0.005432,0.119814,-0.115825,356.589996,15165.000000
2560.000000,27.802021,0.074585,0.001697,0.275635,0.215454,0.049568,0.005618,0.118377,-0.118448,432.609985,15298.000000
2561.000000,11.514074,0.074097,0.001409,0.275269,0.215820,0.049669,0.005394,0.119227,-0.117117,429.679993,15412.000000
2562.000000,11.800875,0.073364,0.001625,0.273804,0.216431,0.049718,0.005608,0.117605,-0.117186,352.420013,15322.000000
2563.000000,19.244860,0.071899,0.001278,0.272949,0.214722,0.048829,0.005222,0.114817,-0.117511,435.100006,15419.000000
2564.000000,-29.221764,0.072754,0.001849,0.274780,0.216431,0.049905,0.005731,0.117421,-0.113709,398.309998,15260.000000
2565.000000,-9.314260,0.071655,0.001242,0.274170,0.215942,0.048956,0.005127,0.118984,-0.113888,374.369995,15460.000000
2566.000000,-5.258791,0.072998,0.001935,0.275024,0.216797,0.049432,0.005758,0.120768,-0.114652,375.760010,15447.000000
2567.000000,25.629047,0.072998,0.001721,0.275024,0.217651,0.049276,0.005576,0.119848,-0.115391,468.359985,15430.000000
2568.000000,16.618208,0.073364,0.001954,0.274780,0.219238,0.049863,0.005788,0.118637,-0.116044,519.830017,15800.000000
2569.000000,13.032508,0.073853,0.002009,0.272827,0.219849,0.049711,0.005842,0.118440,-0.114541,379.230011,15426.000000
2570.000000,1.437478,0.074219,0.001842,0.272949,0.217773,0.049307,0.005665,0.116755,-0.116514,411.070007,15426.000000
2571.000000,27.956207,0.073853,0.001729,0.272827,0.217896,0.049049,0.005536,0.116213,-0.118077,436.089996,15457.000000
2572.000000,-2.667413,0.073120,0.001843,0.271240,0.217407,0.048857,0.005792,0.115034,-0.117750,403.679993,15383.000000
2573.000000,0.272445,0.074219,0.001776,0.273804,0.217896,0.049264,0.005765,0.114963,-0.116544,475.549988,15428.000000
2574.000000,27.934673,0.074463,0.001711,0.272827,0.218018,0.049345,0.005688,0.116367,-0.117011,442.549988,15496.000000
2575.000000,-1.240484,0.074463,0.001989,0.274170,0.217163,0.049824,0.005899,0.118051,-0.117255,353.779999,15441.000000
2576.000000,-0.110822,0.074463,0.001609,0.274414,0.216309,0.049625,0.005461,0.116743,-0.117476,359.529999,15581.000000
2577.000000,8.168947,0.075073,0.001854,0.275391,0.216675,0.049868,0.005671,0.116797,-0.117625,413.339996,15260.000000
2578.000000,-12.834823,0.074463,0.001573,0.276733,0.217041,0.049374,0.005508,0.118119,-0.115997,458.899994,15330.000000
2579.000000,15.475403,0.074097,0.001854,0.275146,0.217041,0.048825,0.005844,0.114840,-0.115570,484.320007,15663.000000
2580.000000,-6.160727,0.073730,0.001843,0.273926,0.217041,0.048789,0.005983,0.113545,-0.116927,443.959991,15770.000000
2581.000000,-2.169761,0.073975,0.001787,0.274902,0.217896,0.048837,0.005896,0.113765,-0.116072,389.350006,15550.000000
2582.000000,-13.314914,0.075562,0.002216,0.274536,0.220337,0.049224,0.006411,0.114172,-0.115235,400.079987,15526.000000
2583.000000,-5.170343,0.075684,0.002097,0.272827,0.219482,0.048760,0.006240,0.113018,-0.117133,431.609985,15395.000000
2584.000000,9.803246,0.074585,0.001924,0.272461,0.217041,0.048463,0.005890,0.110787,-0.120448,421.720001,15690.000000
2585.000000,6.698128,0.074463,0.001692,0.272095,0.216431,0.048054,0.005645,0.111972,-0.119176,323.489990,15512.000000
2586.000000,7.374179,0.074219,0.001901,0.272095,0.217285,0.048145,0.005835,0.113642,-0.116793,414.579987,15526.000000
2587.000000,29.103237,0.073975,0.002005,0.271606,0.218140,0.048533,0.005940,0.114492,-0.116937,423.890015,15488.000000
2588.000000,11.337457,0.074219,0.002099,0.272583,0.217041,0.048748,0.006040,0.118192,-0.116121,389.730011,15451.000000
2589.000000,-12.706862,0.073853,0.002267,0.271362,0.217285,0.049066,0.006346,0.116000,-0.117450,435.589996,15661.000000
2590.000000,1.816853,0.074707,0.002167,0.272339,0.217896,0.049601,0.006130,0.116456,-0.118151,344.700012,15633.000000
2591.000000,21.939503,0.074463,0.002133,0.272583,0.216064,0.049499,0.006090,0.116084,-0.117961,483.549988,15547.000000
2592.000000,-3.845061,0.073853,0.002073,0.270264,0.215210,0.049064,0.005995,0.111771,-0.118994,470.920013,15037.000000
2593.000000,11.815463,0.072876,0.002457,0.267700,0.213623,0.048661,0.006279,0.109035,-0.122143,403.410004,15113.000000
2594.000000,-13.863709,0.072632,0.001971,0.268921,0.213867,0.048731,0.005722,0.112305,-0.121016,344.399994,15189.000000
2595.000000,-16.438740,0.073608,0.002354,0.269043,0.216675,0.049568,0.006215,0.115202,-0.116246,412.170013,15483.000000
2596.000000,7.156105,0.074829,0.002388,0.271973,0.218750,0.050889,0.006285,0.120791,-0.114838,436.600006,15504.000000
2597.000000,4.707400,0.075562,0.002429,0.271851,0.218384,0.050707,0.006240,0.122145,-0.116024,361.790009,15621.000000
2598.000000,-8.647958,0.075073,0.002151,0.269897,0.217041,0.050245,0.005817,0.119535,-0.119027,329.970001,15452.000000
2599.000000,-5.906705,0.074097,0.001760,0.269409,0.215088,0.049974,0.005327,0.118789,-0.120235,395.859985,15606.000000
2600.000000,16.275955,0.073486,0.001604,0.269409,0.216919,0.049631,0.005413,0.119461,-0.118372,464.149994,15525.000000
2601.000000,-30.628325,0.071655,0.001813,0.266968,0.216187,0.049288,0.005700,0.118648,-0.116770,490.720001,15506.000000
2602.000000,21.196646,0.071777,0.002043,0.269165,0.216431,0.049327,0.005942,0.118128,-0.117758,425.489990,15491.000000
2603.000000,2.516188,0.071899,0.001918,0.269409,0.216919,0.049436,0.005763,0.119324,-0.117920,437.160004,15335.000000
2604.000000,25.117382,0.071411,0.002311,0.270020,0.216919,0.049975,0.006171,0.122191,-0.115348,379.940002,15701.000000
2605.000000,-6.193738,0.071899,0.002614,0.270386,0.218384,0.050156,0.006517,0.124224,-0.114437,370.000000,15494.000000
2606.000000,0.449827,0.072144,0.002410,0.272217,0.217773,0.049977,0.006210,0.123774,-0.114238,474.290009,15402.000000
2607.000000,28.087984,0.071411,0.002111,0.271851,0.218384,0.049484,0.005880,0.126308,-0.113595,376.450012,15311.000000
2608.000000,2.633708,0.071045,0.001902,0.272583,0.217651,0.049562,0.005656,0.128397,-0.113693,424.059998,15164.000000
2609.000000,-16.579432,0.070679,0.002183,0.272461,0.216919,0.050143,0.005807,0.126589,-0.115429,461.920013,15143.000000
2610.000000,13.246469,0.070923,0.002052,0.274414,0.217285,0.050286,0.005684,0.124091,-0.117061,491.440002,15212.000000
2611.000000,-3.119927,0.071289,0.002270,0.275024,0.216309,0.050684,0.005863,0.122417,-0.118224,378.179993,15150.000000
2612.000000,6.607287,0.070557,0.002065,0.275269,0.215820,0.050514,0.005652,0.123675,-0.115238,460.269989,15170.000000
2613.000000,8.849721,0.071167,0.002066,0.275513,0.215820,0.050758,0.005641,0.125062,-0.116252,453.940002,15550.000000
2614.000000,0.781145,0.071655,0.002058,0.275879,0.216797,0.050476,0.005677,0.124594,-0.116013,452.760010,15323.000000
2615.000000,-36.332462,0.072510,0.002094,0.277710,0.217529,0.051071,0.005748,0.122857,-0.116344,390.709991,15375.000000
2616.000000,2.230842,0.072021,0.001880,0.276245,0.216431,0.050369,0.005625,0.124928,-0.114837,463.690002,15394.000000
2617.000000,6.319500,0.071655,0.002408,0.276733,0.215576,0.050224,0.006121,0.124322,-0.116211,436.109985,15399.000000
2618.000000,2.658471,0.071777,0.002031,0.277100,0.216064,0.050367,0.005748,0.123140,-0.116432,389.829987,15653.000000
2619.000000,-2.524973,0.071899,0.002007,0.277954,0.216553,0.050153,0.005809,0.122411,-0.114946,508.799988,15508.000000
2620.000000,32.355400,0.070923,0.002005,0.277954,0.215210,0.050140,0.005792,0.120908,-0.115656,413.200012,15720.000000
2621.000000,1.809854,0.071655,0.002424,0.278198,0.216431,0.050701,0.006329,0.121725,-0.113157,421.230011,15689.000000
2622.000000,19.507786,0.072021,0.002784,0.277588,0.216309,0.050743,0.006641,0.121187,-0.113311,429.829987,15795.000000
2623.000000,-10.492112,0.071411,0.002307,0.276489,0.215454,0.050363,0.006052,0.122206,-0.112717,369.049988,15751.000000
2624.000000,-4.279675,0.071655,0.002927,0.277100,0.216064,0.050565,0.006645,0.121234,-0.113407,421.220001,15024.000000
2625.000000,-10.309929,0.071045,0.003172,0.275635,0.215942,0.050319,0.006950,0.118270,-0.114910,378.609985,14883.000000
2626.000000,28.465864,0.071045,0.002765,0.276123,0.215942,0.050328,0.006593,0.117030,-0.113779,448.760010,15821.000000
2627.000000,-24.771694,0.070312,0.002740,0.275269,0.215576,0.050655,0.006540,0.117280,-0.114266,372.149994,15758.000000
2628.000000,-21.428602,0.071533,0.003037,0.277954,0.215942,0.051176,0.006807,0.120202,-0.112714,426.369995,15734.000000
2629.000000,-1.614123,0.070923,0.002949,0.276978,0.214233,0.051253,0.006602,0.121604,-0.111219,385.859985,15595.000000
2630.000000,-5.694867,0.070679,0.002820,0.278564,0.214966,0.051279,0.006507,0.121864,-0.110211,450.040009,15764.000000
2631.000000,-14.390734,0.069824,0.002848,0.277832,0.211792,0.050987,0.006467,0.115221,-0.112034,461.619995,15651.000000
2632.000000,14.241217,0.070679,0.002717,0.278320,0.211670,0.051419,0.006350,0.117830,-0.112232,437.950012,15463.000000
2633.000000,-27.553614,0.071167,0.003050,0.280640,0.213135,0.052063,0.006693,0.120370,-0.111422,397.739990,15630.000000
2634.000000,-1.565502,0.071655,0.002808,0.280640,0.213989,0.052300,0.006540,0.122804,-0.109582,481.709991,15792.000000
2635.000000,24.854031,0.072021,0.003237,0.280396,0.212646,0.052172,0.006934,0.123003,-0.112438,409.589996,15579.000000
2636.000000,4.397025,0.072144,0.003291,0.280396,0.213135,0.052502,0.007010,0.121169,-0.112887,390.100006,15849.000000
2637.000000,-29.472723,0.071533,0.003428,0.279419,0.212280,0.052350,0.007210,0.119229,-0.114321,395.779999,15460.000000
2638.000000,21.563169,0.071411,0.002792,0.279419,0.211182,0.052064,0.006688,0.119568,-0.113741,513.950012,15637.000000
2639.000000,40.062115,0.071411,0.002965,0.278809,0.209473,0.052088,0.006838,0.119276,-0.114431,545.690002,15552.000000
2640.000000,-7.141638,0.071045,0.002308,0.277832,0.210083,0.051400,0.006256,0.119263,-0.116950,470.309998,15744.000000
2641.000000,11.732133,0.070679,0.002166,0.276978,0.208740,0.051072,0.006097,0.119524,-0.115400,446.540009,15637.000000
2642.000000,-41.350288,0.070312,0.001897,0.276489,0.208252,0.051204,0.005905,0.121023,-0.113840,436.790009,15655.000000
2643.000000,17.417080,0.070801,0.002508,0.277588,0.207764,0.051737,0.006533,0.124860,-0.112318,421.540009,15593.000000
2644.000000,26.666113,0.071167,0.002419,0.279053,0.207397,0.052055,0.006310,0.125715,-0.114663,439.859985,15675.000000
2645.000000,-3.983855,0.070557,0.002373,0.279053,0.208496,0.052022,0.006270,0.127599,-0.112766,449.940002,15522.000000
2646.000000,-3.433728,0.071411,0.002248,0.278931,0.209351,0.052285,0.006202,0.124941,-0.114468,415.959991,15431.000000
2647.000000,39.826923,0.071289,0.002460,0.278198,0.209839,0.052304,0.006471,0.124803,-0.115206,386.350006,15593.000000
2648.000000,-27.598154,0.072144,0.002641,0.279053,0.210205,0.052645,0.006702,0.123727,-0.113848,375.070007,15666.000000
2649.000000,-7.903976,0.070801,0.002078,0.278076,0.209229,0.052197,0.006023,0.124640,-0.114614,410.339996,15597.000000
2650.000000,10.212503,0.070435,0.002299,0.277954,0.208252,0.052466,0.006307,0.127156,-0.112724,376.820007,15612.000000
2651.000000,-9.012130,0.070557,0.002507,0.279053,0.208008,0.053084,0.006452,0.125698,-0.113409,450.359985,15645.000000
2652.000000,36.263409,0.070557,0.002083,0.278931,0.206177,0.052750,0.005990,0.123337,-0.114605,431.260010,15704.000000
2653.000000,-18.630581,0.071655,0.002084,0.280884,0.208252,0.053290,0.006080,0.120708,-0.114080,402.429993,15526.000000
2654.000000,14.644190,0.071167,0.001895,0.279297,0.207764,0.052743,0.005938,0.118465,-0.114625,387.809998,15737.000000
2655.000000,-11.023338,0.070312,0.001506,0.278320,0.205444,0.052139,0.005454,0.117435,-0.115678,421.519989,15551.000000
2656.000000,13.715966,0.069214,0.001570,0.276978,0.203613,0.051446,0.005515,0.116922,-0.116086,362.670013,15565.000000
2657.000000,14.548467,0.069214,0.001831,0.276489,0.203369,0.051243,0.005802,0.112637,-0.118110,505.630005,15871.000000
2658.000000,-29.331219,0.069580,0.001965,0.276489,0.205322,0.051468,0.005990,0.115366,-0.115407,441.760010,15543.000000
2659.000000,-39.406574,0.070068,0.002567,0.276733,0.205322,0.052316,0.006599,0.115289,-0.116979,434.149994,15658.000000
2660.000000,17.038071,0.070435,0.002537,0.277588,0.207153,0.052942,0.006543,0.118367,-0.115178,417.380005,15776.000000
2661.000000,-22.119808,0.071289,0.002296,0.278320,0.206909,0.053636,0.006386,0.119347,-0.113988,381.130005,15784.000000
2662.000000,29.763483,0.071045,0.001872,0.277466,0.207275,0.053155,0.005949,0.118301,-0.114898,378.369995,15580.000000
2663.000000,-10.546583,0.070923,0.001716,0.277466,0.205933,0.052932,0.005704,0.121025,-0.115732,420.609985,15681.000000
2664.000000,-32.945309,0.071045,0.001763,0.277222,0.206543,0.052543,0.005754,0.118418,-0.117471,382.559998,15717.000000
2665.000000,6.707960,0.070435,0.001510,0.276855,0.205688,0.051773,0.005490,0.117179,-0.117426,480.350006,15812.000000
2666.000000,-8.066996,0.070435,0.002046,0.276733,0.206299,0.052075,0.006060,0.116494,-0.116960,396.140015,15637.000000
2667.000000,-3.239665,0.069946,0.001891,0.276245,0.205811,0.051885,0.005874,0.113457,-0.118618,411.200012,15782.000000
2668.000000,4.446793,0.070312,0.001930,0.276978,0.206665,0.052097,0.005868,0.115696,-0.116436,408.420013,15314.000000
2669.000000,8.267336,0.069946,0.001872,0.279785,0.206543,0.051808,0.005882,0.119475,-0.115767,331.170013,15287.000000
2670.000000,-1.733660,0.070923,0.001958,0.279663,0.208374,0.052442,0.006153,0.118223,-0.116229,399.519989,15141.000000
2671.000000,-27.118069,0.071167,0.002347,0.279053,0.207642,0.052892,0.006484,0.118404,-0.118070,386.670013,15163.000000
2672.000000,25.410109,0.071655,0.001952,0.279419,0.208618,0.053227,0.006103,0.120504,-0.115282,404.149994,15147.000000
2673.000000,-24.700714,0.072754,0.002247,0.280029,0.209961,0.053270,0.006510,0.124103,-0.113892,425.320007,13919.000000
2674.000000,-14.598985,0.072998,0.002333,0.279053,0.211792,0.053735,0.006625,0.122152,-0.117420,358.339996,15113.000000
2675.000000,-6.036963,0.072266,0.002018,0.277100,0.212158,0.053345,0.006224,0.120453,-0.119646,439.630005,15310.000000
2676.000000,-19.108042,0.071899,0.001726,0.276733,0.209229,0.053050,0.005757,0.121792,-0.119773,392.760010,15307.000000
2677.000000,10.905517,0.071045,0.001773,0.275879,0.207764,0.052510,0.005824,0.119952,-0.120479,313.910004,15303.000000
2678.000000,-28.005114,0.071411,0.002142,0.277710,0.208984,0.053019,0.006248,0.122131,-0.118004,412.220001,15077.000000
2679.000000,-14.618723,0.071045,0.001636,0.277710,0.209839,0.053145,0.005829,0.122645,-0.117545,357.839996,15044.000000
2680.000000,9.078236,0.070923,0.002057,0.277710,0.209473,0.053341,0.006244,0.123432,-0.115560,441.329987,15404.000000
2681.000000,-38.486546,0.070679,0.001951,0.277588,0.209839,0.053928,0.006104,0.124943,-0.115069,294.269989,15136.000000
2682.000000,-5.952222,0.070923,0.001968,0.277832,0.210815,0.053429,0.006131,0.124608,-0.115102,392.359985,14835.000000
2683.000000,-17.903402,0.070801,0.001901,0.278687,0.208862,0.053340,0.005978,0.125877,-0.116056,356.190002,14404.000000
2684.000000,-1.512586,0.071411,0.002256,0.279541,0.209839,0.053371,0.006291,0.124973,-0.116782,522.880005,14491.000000
2685.000000,7.852582,0.071533,0.002145,0.278809,0.209595,0.053761,0.006120,0.123137,-0.118363,395.929993,14497.000000
2686.000000,19.896584,0.071533,0.001663,0.279785,0.209595,0.053178,0.005596,0.124244,-0.118152,377.140015,15031.000000
2687.000000,5.050194,0.071777,0.001860,0.279541,0.210327,0.053039,0.005802,0.123855,-0.117921,443.529999,14996.000000
2688.000000,-1.306973,0.072144,0.001917,0.281128,0.210205,0.053469,0.005735,0.126791,-0.116228,455.630005,14978.000000
2689.000000,8.349137,0.071533,0.002046,0.282593,0.209839,0.053584,0.005900,0.133495,-0.114091,330.510010,15196.000000
2690.000000,-14.941858,0.072510,0.002760,0.282959,0.211304,0.054951,0.006625,0.134151,-0.114826,431.739990,14974.000000
2691.000000,-29.493053,0.071899,0.002525,0.282471,0.209351,0.054866,0.006491,0.129113,-0.119398,442.690002,14875.000000
2692.000000,-22.235483,0.071167,0.001735,0.281006,0.208252,0.053918,0.005654,0.129626,-0.119101,418.190002,15287.000000
2693.000000,5.958576,0.070679,0.002061,0.279297,0.208008,0.053744,0.005984,0.126041,-0.119676,436.929993,15180.000000
2694.000000,19.285248,0.071533,0.001880,0.279663,0.208740,0.053530,0.005835,0.127332,-0.117659,384.119995,15016.000000
2695.000000,21.907162,0.072754,0.002056,0.280518,0.210205,0.053657,0.006037,0.130701,-0.116361,381.160004,15173.000000
2696.000000,-4.294369,0.072632,0.001793,0.280640,0.211426,0.053709,0.005875,0.134613,-0.116727,449.320007,15223.000000
2697.000000,13.637342,0.071777,0.001450,0.280029,0.209961,0.053139,0.005543,0.132878,-0.118961,394.329987,14956.000000
2698.000000,10.421618,0.071289,0.001275,0.279053,0.209961,0.052680,0.005269,0.126794,-0.121243,323.500000,15162.000000
2699.000000,5.086495,0.070801,0.001531,0.278076,0.208130,0.052316,0.005436,0.123248,-0.122045,366.579987,15248.000000
2700.000000,-1.622677,0.071045,0.001935,0.279663,0.207275,0.053279,0.005715,0.126144,-0.120510,394.040009,15853.000000
2701.000000,-14.883907,0.071411,0.001618,0.280762,0.207031,0.053094,0.005422,0.128012,-0.118767,311.630005,15786.000000
2702.000000,-14.032915,0.071045,0.001491,0.280396,0.207153,0.052855,0.005431,0.129854,-0.117502,369.850006,16013.000000
2703.000000,2.419018,0.071289,0.001378,0.279907,0.208008,0.052854,0.005426,0.129012,-0.118040,393.109985,15735.000000
2704.000000,49.313587,0.070312,0.001168,0.280151,0.208252,0.051874,0.005290,0.127625,-0.119456,435.859985,15758.000000
2705.000000,1.950731,0.071045,0.001757,0.281860,0.209839,0.052638,0.005885,0.130805,-0.117762,449.260010,15612.000000
2706.000000,-0.662755,0.071045,0.001527,0.281006,0.209229,0.052547,0.005623,0.131909,-0.119345,348.700012,15763.000000
2707.000000,20.317240,0.071533,0.001629,0.282104,0.210693,0.053079,0.005662,0.132268,-0.120682,407.589996,15711.000000
2708.000000,-11.284894,0.070923,0.001869,0.281982,0.209839,0.053749,0.005807,0.135489,-0.117801,466.899994,15787.000000
2709.000000,-10.671144,0.069580,0.001318,0.280396,0.208862,0.053032,0.005251,0.135249,-0.121350,366.679993,15798.000000
2710.000000,14.509275,0.069214,0.001373,0.279663,0.209839,0.053122,0.005267,0.134810,-0.121392,376.720001,15543.000000
2711.000000,-6.110116,0.069092,0.001303,0.278442,0.211182,0.053288,0.005276,0.133339,-0.119566,371.450012,15691.000000
2712.000000,-23.349989,0.069336,0.001592,0.278931,0.211060,0.053793,0.005587,0.134991,-0.120794,411.059998,15671.000000
2713.000000,-3.242624,0.070435,0.001522,0.281494,0.211426,0.054509,0.005475,0.135965,-0.121338,476.779999,15254.000000
2714.000000,-19.490604,0.070557,0.001830,0.281128,0.211792,0.055130,0.005730,0.141748,-0.118486,373.410004,15443.000000
2715.000000,-23.901651,0.070190,0.001660,0.280884,0.211182,0.055241,0.005528,0.140876,-0.120089,394.519989,15284.000000
2716.000000,17.877457,0.069946,0.001880,0.279053,0.211182,0.055572,0.005796,0.137157,-0.121522,402.029999,15146.000000
2717.000000,2.133349,0.070557,0.001522,0.281006,0.211426,0.056139,0.005427,0.138710,-0.121402,447.410004,15883.000000
2718.000000,-6.643189,0.070923,0.001665,0.279785,0.210571,0.055494,0.005523,0.137438,-0.121114,369.600006,15705.000000
2719.000000,2.099981,0.070923,0.001839,0.279785,0.209961,0.055425,0.005690,0.140594,-0.118088,316.420013,15768.000000
2720.000000,-3.757683,0.070923,0.001581,0.280884,0.209839,0.055875,0.005305,0.142408,-0.119051,408.359985,15689.000000
2721.000000,28.302713,0.071289,0.002006,0.281982,0.209473,0.056527,0.005730,0.140760,-0.117624,412.130005,15935.000000
2722.000000,23.012123,0.070679,0.002002,0.280518,0.210205,0.056580,0.005878,0.140198,-0.116903,382.130005,15590.000000
2723.000000,1.323712,0.071533,0.002376,0.281494,0.210327,0.057219,0.006107,0.141387,-0.118588,422.269989,15674.000000
2724.000000,-9.405897,0.070679,0.002000,0.280273,0.208618,0.056904,0.005757,0.140254,-0.117483,459.980011,15994.000000
2725.000000,-6.164164,0.071167,0.002143,0.280396,0.211060,0.057220,0.006034,0.140523,-0.117466,403.100006,16070.000000
2726.000000,-2.356246,0.070557,0.002596,0.280273,0.209595,0.057475,0.006311,0.144322,-0.117148,454.750000,15790.000000
2727.000000,-11.911969,0.069824,0.002375,0.280273,0.208130,0.057344,0.006026,0.142115,-0.116982,353.519989,15818.000000
2728.000000,25.481165,0.070190,0.002140,0.278198,0.207642,0.057068,0.005795,0.137761,-0.117284,475.109985,16001.000000
2729.000000,-11.659746,0.070801,0.002198,0.279907,0.208618,0.057442,0.005890,0.140874,-0.115280,377.540009,15958.000000
2730.000000,-15.949700,0.070801,0.001959,0.281250,0.208252,0.057682,0.005703,0.141779,-0.115457,423.980011,15829.000000
2731.000000,-18.940287,0.071899,0.002307,0.282715,0.208618,0.058449,0.005965,0.140908,-0.114091,304.440002,16090.000000
2732.000000,19.002941,0.071411,0.001988,0.282715,0.207764,0.058178,0.005685,0.140663,-0.114996,422.869995,15754.000000
2733.000000,-9.271338,0.072388,0.002240,0.283203,0.208740,0.058442,0.005939,0.139791,-0.114559,433.350006,15531.000000
2734.000000,31.252586,0.072266,0.001991,0.282593,0.209595,0.058247,0.005671,0.139641,-0.115687,406.200012,15890.000000
2735.000000,6.917696,0.073242,0.001814,0.283203,0.210571,0.058322,0.005614,0.139483,-0.115449,409.500000,15710.000000
2736.000000,-10.220603,0.072754,0.001881,0.283813,0.209839,0.058204,0.005585,0.140582,-0.116037,391.470001,15831.000000
2737.000000,15.992187,0.072998,0.001464,0.284790,0.209473,0.058122,0.005051,0.140152,-0.116789,365.739990,15828.000000
2738.000000,7.939288,0.071777,0.001533,0.281982,0.208740,0.057115,0.005044,0.136316,-0.118581,361.589996,15782.000000
2739.000000,7.720342,0.072266,0.001746,0.281616,0.209229,0.057363,0.005317,0.134685,-0.119337,431.369995,15872.000000
2740.000000,-25.260948,0.071899,0.001535,0.281372,0.207764,0.057119,0.005067,0.137611,-0.118745,439.959991,16114.000000
2741.000000,12.945092,0.070190,0.001559,0.279541,0.206055,0.056475,0.005187,0.139499,-0.115997,358.119995,15846.000000
2742.000000,4.166817,0.069702,0.001528,0.280640,0.206421,0.056942,0.005222,0.138924,-0.116749,479.609985,15950.000000
2743.000000,-5.106657,0.069336,0.001555,0.281738,0.206909,0.056336,0.005260,0.140771,-0.117174,443.809998,15770.000000
2744.000000,-15.835475,0.070679,0.002085,0.281982,0.209961,0.057706,0.005882,0.139879,-0.116708,478.899994,16053.000000
2745.000000,-13.327702,0.072388,0.002490,0.283569,0.211060,0.058862,0.006164,0.140905,-0.116674,420.959991,15821.000000
2746.000000,2.866134,0.072388,0.001893,0.284546,0.210083,0.058777,0.005505,0.141169,-0.118680,363.239990,15643.000000
2747.000000,3.131586,0.072754,0.002165,0.281982,0.210205,0.058828,0.005707,0.139565,-0.117796,312.070007,16114.000000
2748.000000,17.445633,0.071777,0.001512,0.281250,0.209961,0.057801,0.005012,0.141883,-0.117623,401.260010,15969.000000
2749.000000,-6.160720,0.071777,0.001427,0.281006,0.211182,0.057908,0.004976,0.138770,-0.117523,430.790009,16035.000000
2750.000000,-3.605453,0.073120,0.001806,0.281738,0.212036,0.058639,0.005365,0.141872,-0.115960,424.540009,16348.000000
2751.000000,16.976273,0.074219,0.002063,0.281982,0.211792,0.059271,0.005607,0.143948,-0.117356,503.250000,15635.000000
2752.000000,-4.352834,0.073975,0.001626,0.282837,0.210693,0.059655,0.005100,0.147391,-0.118756,376.670013,15993.000000
2753.000000,-22.212040,0.074463,0.001641,0.283691,0.209839,0.060436,0.005038,0.151073,-0.116801,349.489990,15812.000000
2754.000000,-6.506879,0.074097,0.001614,0.283447,0.210693,0.061131,0.005022,0.153280,-0.115819,455.739990,16144.000000
2755.000000,-6.348599,0.073853,0.001785,0.284668,0.211182,0.061691,0.005132,0.153036,-0.115111,408.779999,15875.000000
2756.000000,10.845045,0.073120,0.001939,0.284302,0.211914,0.062228,0.005323,0.153297,-0.113553,377.049988,16012.000000
2757.000000,59.395454,0.074219,0.001640,0.284424,0.212769,0.062343,0.005058,0.149569,-0.115488,458.820007,16139.000000
2758.000000,5.550151,0.074341,0.001467,0.284058,0.213135,0.062221,0.004881,0.149622,-0.116854,502.190002,15998.000000
2759.000000,-12.140060,0.074219,0.001437,0.284424,0.214111,0.062293,0.004895,0.150549,-0.114454,438.369995,15969.000000
2760.000000,9.919185,0.074707,0.001415,0.283325,0.213501,0.062530,0.004761,0.150839,-0.114705,491.980011,15959.000000
2761.000000,-17.536043,0.074951,0.001322,0.282227,0.213013,0.062412,0.004673,0.147571,-0.116421,414.799988,15973.000000
2762.000000,0.804646,0.074707,0.001298,0.281372,0.212280,0.062166,0.004574,0.142954,-0.119197,431.380005,15981.000000
2763.000000,13.381283,0.074585,0.001083,0.281738,0.213013,0.061599,0.004421,0.144789,-0.115967,402.950012,16128.000000
2764.000000,37.191265,0.073730,0.001236,0.279663,0.212402,0.060420,0.004623,0.143912,-0.116733,437.380005,15985.000000
2765.000000,22.418835,0.074219,0.001563,0.281006,0.213257,0.060536,0.005047,0.142414,-0.117211,412.029999,16029.000000
2766.000000,22.069883,0.072632,0.001533,0.278564,0.211548,0.059907,0.004879,0.140988,-0.119502,389.140015,16021.000000
2767.000000,-1.728097,0.073486,0.001504,0.280884,0.211060,0.060269,0.004822,0.139644,-0.121991,407.230011,15967.000000
2768.000000,24.968235,0.074097,0.001936,0.280640,0.211060,0.060484,0.005224,0.139562,-0.118968,335.339996,16038.000000
2769.000000,5.530663,0.073364,0.001869,0.281372,0.210327,0.059883,0.005294,0.139951,-0.116998,354.809998,15898.000000
2770.000000,25.915243,0.072388,0.001231,0.281372,0.210693,0.059406,0.004689,0.140425,-0.118315,385.600006,15815.000000
2771.000000,34.611408,0.072510,0.001534,0.278809,0.209839,0.058929,0.004973,0.137463,-0.119249,377.720001,16038.000000
2772.000000,48.645103,0.074585,0.002308,0.281006,0.211914,0.060352,0.005750,0.137573,-0.119819,423.380005,15834.000000
2773.000000,9.627904,0.074829,0.002190,0.281616,0.212036,0.061030,0.005697,0.139348,-0.117743,407.559998,15804.000000
2774.000000,50.048927,0.073608,0.001763,0.280640,0.211426,0.060377,0.005333,0.141953,-0.117219,475.470001,15879.000000
2775.000000,-29.547619,0.073486,0.001611,0.279785,0.211060,0.060334,0.005142,0.143581,-0.115592,480.519989,15937.000000
2776.000000,2.952905,0.072876,0.001350,0.279297,0.210571,0.060097,0.004821,0.141754,-0.118485,371.959991,15860.000000
2777.000000,29.569088,0.072998,0.001383,0.280151,0.209961,0.060045,0.004830,0.140590,-0.118870,508.559998,15408.000000
2778.000000,3.506421,0.074219,0.001802,0.282227,0.210815,0.061382,0.005323,0.142428,-0.118590,432.170013,15900.000000
2779.000000,2.568072,0.074585,0.001422,0.283447,0.211792,0.061807,0.005039,0.146418,-0.115714,381.950012,15880.000000
2780.000000,35.186798,0.075195,0.001511,0.284302,0.213989,0.061387,0.005198,0.149173,-0.113284,421.660004,16016.000000
2781.000000,-7.732525,0.074707,0.001195,0.283325,0.213501,0.061070,0.004847,0.145603,-0.116333,404.320007,15884.000000
2782.000000,15.380920,0.073730,0.001059,0.281372,0.212280,0.060375,0.004706,0.140641,-0.120062,402.239990,15759.000000
2783.000000,17.062515,0.073120,0.000977,0.281616,0.209717,0.060122,0.004462,0.140823,-0.119934,434.649994,15948.000000
2784.000000,-19.071413,0.072754,0.001447,0.279907,0.208740,0.060157,0.004892,0.139759,-0.118277,398.260010,15709.000000
2785.000000,-12.498401,0.073242,0.001153,0.281250,0.208740,0.060361,0.004616,0.144042,-0.117754,450.649994,16137.000000
2786.000000,-3.593892,0.073486,0.001591,0.281616,0.209229,0.060847,0.005125,0.146952,-0.115558,413.570007,15729.000000
2787.000000,-1.465780,0.073730,0.001625,0.280884,0.209351,0.060880,0.005146,0.147167,-0.114942,394.839996,15944.000000
2788.000000,49.059315,0.073364,0.001777,0.280640,0.209229,0.060750,0.005257,0.144507,-0.115946,478.920013,16103.000000
2789.000000,16.695461,0.073120,0.001567,0.280762,0.210205,0.060492,0.005116,0.146765,-0.113573,394.670013,16103.000000
2790.000000,9.377476,0.073120,0.001682,0.281372,0.209839,0.060715,0.005220,0.147530,-0.114841,442.049988,16036.000000
2791.000000,9.514845,0.072388,0.001595,0.279785,0.208984,0.060121,0.005246,0.143400,-0.117598,473.380005,15833.000000
2792.000000,-4.800470,0.072510,0.001548,0.280396,0.207764,0.059775,0.005281,0.139909,-0.120666,323.260010,16031.000000
2793.000000,4.428758,0.072021,0.001700,0.280518,0.206909,0.059918,0.005381,0.141722,-0.117945,450.920013,16084.000000
2794.000000,27.099926,0.072144,0.001761,0.281250,0.206055,0.060130,0.005349,0.146033,-0.115503,398.049988,15925.000000
2795.000000,-17.678082,0.072998,0.002100,0.284790,0.206177,0.060768,0.005712,0.146961,-0.116415,391.809998,15658.000000
2796.000000,-13.397799,0.073242,0.001657,0.285156,0.207642,0.060979,0.005302,0.146535,-0.117284,402.890015,16125.000000
2797.000000,49.076454,0.073730,0.002162,0.283813,0.207886,0.061050,0.005829,0.140672,-0.119212,409.750000,16039.000000
2798.000000,49.269596,0.072266,0.001517,0.283203,0.207397,0.059986,0.005212,0.140801,-0.120084,518.109985,16111.000000
2799.000000,3.909386,0.071411,0.001485,0.283325,0.207275,0.059577,0.005188,0.143107,-0.119364,432.709991,15620.000000
2800.000000,5.334021,0.071289,0.001636,0.282715,0.206787,0.059661,0.005247,0.142916,-0.117973,437.649994,15843.000000
2801.000000,-12.001658,0.071411,0.002007,0.281616,0.206055,0.059962,0.005547,0.141742,-0.119171,445.720001,15797.000000
2802.000000,-28.378286,0.072510,0.002176,0.281006,0.207642,0.060520,0.005825,0.139395,-0.120046,449.820007,15790.000000
2803.000000,9.647740,0.071411,0.002011,0.280029,0.206787,0.060194,0.005705,0.139772,-0.117259,420.660004,15908.000000
2804.000000,16.547798,0.071655,0.002713,0.280640,0.206421,0.060465,0.006334,0.140430,-0.117038,395.230011,15933.000000
2805.000000,42.566608,0.070923,0.002161,0.280029,0.206177,0.059905,0.005657,0.139712,-0.117331,456.480011,15971.000000
2806.000000,-5.683550,0.070557,0.002199,0.277954,0.207520,0.059443,0.005779,0.142073,-0.113716,358.450012,15810.000000
2807.000000,75.079185,0.070190,0.002584,0.277344,0.207031,0.058812,0.006223,0.141562,-0.115239,435.480011,15945.000000
2808.000000,15.166968,0.070557,0.002420,0.278442,0.206787,0.059241,0.006010,0.141639,-0.114484,484.420013,16077.000000
2809.000000,60.912952,0.070068,0.002359,0.277344,0.205322,0.059216,0.005890,0.142714,-0.114087,432.299988,16141.000000
2810.000000,3.392359,0.070435,0.002475,0.278442,0.205811,0.059305,0.005979,0.139207,-0.114385,398.589996,15885.000000
2811.000000,30.306520,0.071045,0.002446,0.280151,0.207153,0.059807,0.006039,0.142672,-0.112209,373.559998,16008.000000
2812.000000,-6.689209,0.071777,0.002570,0.281860,0.207153,0.060571,0.006096,0.142238,-0.111879,445.109985,15646.000000
2813.000000,5.366022,0.072266,0.002606,0.283081,0.206787,0.060336,0.006121,0.143011,-0.111289,475.079987,16143.000000
2814.000000,1.061875,0.072632,0.002333,0.283936,0.207153,0.060437,0.005949,0.143911,-0.110896,388.200012,15718.000000
2815.000000,16.307367,0.072998,0.002444,0.285767,0.206909,0.060933,0.005979,0.143866,-0.110144,485.470001,16004.000000
2816.000000,-9.769289,0.072510,0.002412,0.284546,0.206177,0.060879,0.005925,0.140219,-0.112159,366.290009,15972.000000
2817.000000,27.199009,0.072632,0.002070,0.285645,0.205933,0.060793,0.005564,0.141679,-0.111679,472.000000,16160.000000
2818.000000,-2.274927,0.072754,0.001812,0.286255,0.206665,0.060808,0.005311,0.146389,-0.109874,418.179993,15957.000000
2819.000000,-35.619419,0.072144,0.001831,0.286499,0.206177,0.060916,0.005275,0.147174,-0.110034,396.140015,15811.000000
2820.000000,50.190033,0.071899,0.001816,0.286865,0.207153,0.060569,0.005330,0.146152,-0.110325,455.799988,16234.000000
2821.000000,29.259277,0.072021,0.002164,0.286743,0.206909,0.061027,0.005674,0.144815,-0.109998,469.869995,16033.000000
2822.000000,51.915707,0.072388,0.002291,0.285767,0.207153,0.061238,0.005780,0.146932,-0.108584,476.079987,15790.000000
2823.000000,3.230216,0.071899,0.001869,0.286987,0.206909,0.060425,0.005385,0.146924,-0.110628,428.299988,16249.000000
2824.000000,24.486355,0.071655,0.002090,0.286133,0.207031,0.059962,0.005617,0.143898,-0.110202,521.830017,16106.000000
2825.000000,11.986761,0.071899,0.002329,0.286255,0.205688,0.059982,0.005781,0.139940,-0.112025,411.390015,15984.000000
2826.000000,6.456756,0.072266,0.002424,0.287354,0.206421,0.059988,0.005836,0.142046,-0.110737,430.980011,15863.000000
2827.000000,-17.333176,0.071899,0.002275,0.288086,0.206177,0.059868,0.005718,0.144269,-0.108964,499.390015,15975.000000
2828.000000,-14.680099,0.072021,0.002334,0.289062,0.205811,0.060187,0.005766,0.145540,-0.109065,520.390015,16048.000000
2829.000000,-7.716820,0.070923,0.002092,0.286987,0.205200,0.059907,0.005519,0.143471,-0.111850,473.799988,15766.000000
2830.000000,40.383457,0.070923,0.001978,0.286255,0.204346,0.059398,0.005407,0.140829,-0.113703,383.890015,15858.000000
2831.000000,54.115807,0.071167,0.002157,0.286621,0.205322,0.059052,0.005625,0.141345,-0.111272,504.269989,16097.000000
2832.000000,39.263531,0.069946,0.001970,0.285889,0.205078,0.058879,0.005481,0.144757,-0.110474,424.079987,16060.000000
2833.000000,54.204754,0.069458,0.001950,0.284546,0.204834,0.058469,0.005546,0.142513,-0.109840,519.349976,16053.000000
2834.000000,37.500332,0.069580,0.002248,0.284180,0.204590,0.058802,0.005959,0.143862,-0.108792,458.600006,16122.000000
2835.000000,42.468792,0.069702,0.001958,0.285645,0.205200,0.058322,0.005819,0.141818,-0.108708,419.309998,16017.000000
2836.000000,76.375748,0.070801,0.002153,0.285400,0.204956,0.058349,0.005905,0.141913,-0.109783,478.750000,16094.000000
2837.000000,22.311741,0.070312,0.001845,0.287109,0.205200,0.058534,0.005555,0.145037,-0.110365,507.690002,15811.000000
2838.000000,12.484916,0.069946,0.001797,0.286743,0.204224,0.058609,0.005446,0.143276,-0.111792,429.679993,15772.000000
2839.000000,14.606829,0.070068,0.001547,0.286987,0.204224,0.058444,0.005216,0.141112,-0.112225,476.510010,16080.000000
2840.000000,-0.796449,0.070312,0.001396,0.286621,0.203613,0.058006,0.005034,0.140103,-0.114046,486.869995,15985.000000
2841.000000,50.062645,0.070435,0.001930,0.286621,0.203613,0.058006,0.005520,0.136196,-0.114184,472.929993,15978.000000
2842.000000,-30.451134,0.070557,0.001951,0.287598,0.203735,0.058203,0.005555,0.137348,-0.111089,414.260010,15727.000000
2843.000000,-5.888436,0.070557,0.001553,0.288330,0.203369,0.058466,0.005135,0.140174,-0.111188,460.440002,16072.000000
2844.000000,14.410841,0.071167,0.002032,0.288574,0.203491,0.058735,0.005558,0.140199,-0.110836,492.660004,15891.000000
2845.000000,-27.830378,0.070557,0.001880,0.287354,0.203491,0.058205,0.005467,0.138727,-0.110448,435.940002,16025.000000
2846.000000,21.873627,0.069824,0.001361,0.287720,0.202393,0.057846,0.004961,0.139447,-0.111725,477.890015,15863.000000
2847.000000,14.774091,0.070923,0.001939,0.288086,0.203613,0.057936,0.005558,0.139746,-0.110218,505.049988,15897.000000
2848.000000,22.229292,0.070801,0.001505,0.289551,0.204590,0.057668,0.005154,0.140975,-0.110986,403.850006,15936.000000
2849.000000,9.496688,0.070557,0.001359,0.289551,0.204712,0.057320,0.004983,0.141397,-0.112051,434.170013,16168.000000
2850.000000,-4.492847,0.070435,0.001643,0.288818,0.205566,0.057430,0.005264,0.138294,-0.112542,414.829987,15613.000000
2851.000000,11.486130,0.069824,0.002015,0.288696,0.204102,0.057374,0.005590,0.138025,-0.112208,403.750000,16033.000000
2852.000000,30.150927,0.069580,0.001654,0.288208,0.204956,0.056808,0.005289,0.137843,-0.110702,507.690002,15989.000000
2853.000000,-21.712553,0.069824,0.001718,0.288574,0.203979,0.057015,0.005302,0.139700,-0.109929,405.260010,15808.000000
2854.000000,3.034685,0.070557,0.002489,0.291382,0.205200,0.057982,0.006020,0.139406,-0.111915,334.519989,15524.000000
2855.000000,-4.615973,0.069824,0.001987,0.290771,0.204956,0.057724,0.005583,0.135314,-0.112794,403.190002,16142.000000
2856.000000,7.759675,0.069458,0.001912,0.289551,0.204102,0.057786,0.005493,0.138295,-0.111325,437.519989,15932.000000
2857.000000,-17.144747,0.069458,0.002036,0.289673,0.204590,0.057714,0.005637,0.137356,-0.110274,477.049988,16020.000000
2858.000000,25.471586,0.068970,0.002101,0.289673,0.203857,0.058110,0.005682,0.134995,-0.111809,426.820007,15793.000000
2859.000000,48.404026,0.069580,0.001742,0.289062,0.205933,0.057647,0.005390,0.134709,-0.111806,414.190002,15954.000000
2860.000000,6.298279,0.069458,0.001720,0.287842,0.206543,0.057581,0.005368,0.136091,-0.112235,387.320007,15912.000000
2861.000000,-39.227150,0.068970,0.001559,0.286011,0.205688,0.057295,0.005155,0.137718,-0.111738,453.390015,16183.000000
2862.000000,-13.299268,0.069946,0.002053,0.286621,0.205811,0.057921,0.005459,0.136882,-0.112416,403.619995,15660.000000
2863.000000,24.367252,0.068726,0.001859,0.285400,0.204956,0.056987,0.005333,0.137268,-0.111675,523.809998,15890.000000
2864.000000,25.851088,0.068726,0.001995,0.286011,0.205078,0.057063,0.005535,0.135331,-0.114082,464.380005,15745.000000
2865.000000,12.445511,0.068726,0.001872,0.286255,0.204712,0.057346,0.005426,0.135626,-0.113781,474.049988,16125.000000
2866.000000,-24.780779,0.068848,0.001747,0.287598,0.204102,0.057252,0.005344,0.142676,-0.109908,425.880005,15865.000000
2867.000000,-1.869062,0.069336,0.001721,0.288086,0.203735,0.057768,0.005224,0.143320,-0.110933,453.980011,15769.000000
2868.000000,-8.299709,0.070557,0.001959,0.288940,0.204712,0.057780,0.005482,0.141436,-0.111605,428.709991,15236.000000
2869.000000,-0.853970,0.070679,0.001966,0.288574,0.204346,0.057415,0.005542,0.141360,-0.112471,403.869995,15470.000000
2870.000000,35.725216,0.070679,0.001913,0.288452,0.202515,0.056482,0.005499,0.139937,-0.112934,499.959991,15189.000000
2871.000000,9.323342,0.069092,0.001890,0.286011,0.201660,0.055890,0.005501,0.137744,-0.114419,481.940002,15330.000000
2872.000000,-9.165149,0.068970,0.001546,0.285889,0.201660,0.056040,0.005074,0.136599,-0.116242,366.170013,15171.000000
2873.000000,25.612757,0.068848,0.001610,0.286377,0.202515,0.056023,0.005128,0.138168,-0.115504,411.380005,14997.000000
2874.000000,12.283170,0.068848,0.001952,0.286377,0.201416,0.056218,0.005391,0.137329,-0.116435,489.359985,15141.000000
2875.000000,-11.111703,0.067871,0.001757,0.286621,0.200317,0.056214,0.005166,0.137886,-0.115252,474.649994,15596.000000
2876.000000,22.823328,0.067261,0.001727,0.284912,0.200806,0.056171,0.005171,0.136009,-0.115198,470.160004,15638.000000
2877.000000,-18.839527,0.068604,0.001911,0.286621,0.201050,0.056497,0.005398,0.138422,-0.112504,394.010010,15722.000000
2878.000000,24.614985,0.068970,0.002000,0.286499,0.201416,0.056746,0.005533,0.138922,-0.111700,356.859985,15734.000000
2879.000000,4.639987,0.068115,0.001674,0.285767,0.202393,0.056298,0.005236,0.140405,-0.111287,372.750000,15699.000000
2880.000000,52.691326,0.067627,0.001778,0.285645,0.201904,0.056248,0.005329,0.138995,-0.111993,464.959991,15575.000000
2881.000000,4.094986,0.067383,0.001805,0.285278,0.200928,0.055934,0.005413,0.138278,-0.113779,391.720001,15686.000000
2882.000000,34.293850,0.067261,0.002045,0.284302,0.201538,0.055757,0.005734,0.138618,-0.113250,458.570007,15643.000000
2883.000000,-21.844202,0.067139,0.001920,0.285034,0.201782,0.056436,0.005596,0.140496,-0.114543,394.399994,15590.000000
2884.000000,8.233651,0.067505,0.001968,0.286255,0.202271,0.056841,0.005664,0.147813,-0.111950,414.920013,15431.000000
2885.000000,19.039881,0.067017,0.001773,0.285767,0.203247,0.056911,0.005576,0.149740,-0.110883,362.369995,15382.000000
2886.000000,-4.435626,0.067505,0.001724,0.284912,0.201782,0.056917,0.005420,0.145999,-0.112757,406.510010,15397.000000
2887.000000,24.911629,0.066284,0.001614,0.283691,0.201660,0.056278,0.005351,0.142549,-0.111627,444.450012,15753.000000
2888.000000,-31.954170,0.065674,0.001540,0.284424,0.201050,0.056486,0.005227,0.143697,-0.110700,370.910004,15512.000000
2889.000000,-16.678883,0.065674,0.001378,0.283936,0.203125,0.056665,0.005151,0.144505,-0.106603,464.910004,15340.000000
2890.000000,4.473681,0.066040,0.001371,0.283569,0.203735,0.056727,0.005202,0.146837,-0.106790,422.260010,15247.000000
2891.000000,12.777703,0.065430,0.001413,0.282837,0.203003,0.056355,0.005235,0.144442,-0.106664,483.940002,15281.000000
2892.000000,1.377040,0.065918,0.002049,0.282593,0.202881,0.057073,0.005788,0.141686,-0.108700,416.540009,15335.000000
2893.000000,1.080248,0.065186,0.001568,0.281860,0.202881,0.056410,0.005292,0.140295,-0.110106,436.600006,15226.000000
2894.000000,-5.665136,0.065430,0.002241,0.280640,0.202271,0.056917,0.005879,0.140830,-0.109401,544.500000,15260.000000
2895.000000,-6.561971,0.065796,0.001712,0.281250,0.203003,0.056602,0.005403,0.141130,-0.108991,498.019989,15247.000000
2896.000000,4.890028,0.065674,0.001622,0.280762,0.203369,0.056436,0.005350,0.142275,-0.108233,463.829987,15198.000000
2897.000000,42.147736,0.065674,0.001525,0.281738,0.204102,0.056416,0.005265,0.140685,-0.109185,407.459991,15236.000000
2898.000000,2.082268,0.065430,0.001715,0.279663,0.203613,0.056319,0.005414,0.136767,-0.110343,389.000000,15552.000000
2899.000000,41.079983,0.066040,0.001689,0.279541,0.204224,0.055920,0.005285,0.138223,-0.109418,411.500000,15290.000000
2900.000000,-6.876452,0.065552,0.001583,0.280396,0.204834,0.055609,0.005214,0.138803,-0.108146,460.109985,15328.000000
2901.000000,24.685480,0.067017,0.001699,0.282349,0.204956,0.055907,0.005381,0.141623,-0.108267,391.489990,15163.000000
2902.000000,20.902815,0.067139,0.001905,0.280640,0.205444,0.055992,0.005580,0.141929,-0.108823,406.079987,15215.000000
2903.000000,-8.103601,0.068115,0.002155,0.281738,0.205933,0.056625,0.005734,0.142910,-0.109625,361.730011,15236.000000
2904.000000,-25.439999,0.068237,0.001978,0.281738,0.205322,0.056737,0.005565,0.143388,-0.108332,379.670013,15696.000000
2905.000000,3.873649,0.067749,0.002120,0.281006,0.206299,0.056439,0.005748,0.143201,-0.108048,458.890015,15233.000000
2906.000000,37.187607,0.067749,0.001939,0.280273,0.205933,0.056337,0.005531,0.141579,-0.109458,488.119995,15309.000000
2907.000000,43.000294,0.067505,0.001506,0.280273,0.204834,0.055957,0.005043,0.138458,-0.111271,414.489990,15174.000000
2908.000000,23.735044,0.066895,0.001465,0.277710,0.204956,0.055448,0.005124,0.134634,-0.111575,458.589996,14918.000000
2909.000000,-13.378972,0.068115,0.001923,0.278076,0.207520,0.055976,0.005681,0.135980,-0.109962,347.059998,15189.000000
2910.000000,-0.519091,0.067749,0.001453,0.276978,0.207031,0.055637,0.005269,0.138628,-0.108932,453.399994,15457.000000
2911.000000,35.063717,0.067383,0.001188,0.278442,0.206543,0.055256,0.005043,0.138461,-0.110309,409.799988,15249.000000
2912.000000,-1.542125,0.067505,0.001790,0.279419,0.207520,0.055953,0.005672,0.142039,-0.106879,392.140015,15112.000000
2913.000000,4.284648,0.067383,0.001637,0.278687,0.206787,0.055256,0.005534,0.143186,-0.107490,361.559998,15287.000000
2914.000000,12.198148,0.067261,0.001734,0.278687,0.206177,0.055190,0.005601,0.140644,-0.110791,388.440002,15484.000000
2915.000000,5.655028,0.068115,0.001887,0.281860,0.205688,0.055874,0.005694,0.142244,-0.109874,365.769989,15345.000000
2916.000000,16.617844,0.068604,0.001641,0.282471,0.205811,0.055874,0.005512,0.146050,-0.108364,421.739990,15257.000000
2917.000000,37.039597,0.069092,0.002107,0.282227,0.207764,0.056004,0.006142,0.145392,-0.106951,492.160004,15222.000000
2918.000000,-8.783635,0.069458,0.001782,0.282715,0.208496,0.056330,0.005749,0.145785,-0.107266,425.500000,15402.000000
2919.000000,-15.573433,0.069092,0.001794,0.280762,0.208862,0.056512,0.005817,0.143168,-0.108125,419.980011,15627.000000
2920.000000,0.866548,0.068848,0.001342,0.281616,0.208008,0.055690,0.005394,0.143423,-0.110127,428.200012,15285.000000
2921.000000,64.517097,0.069458,0.001643,0.280640,0.207764,0.055674,0.005675,0.145606,-0.109072,511.299988,15062.000000
2922.000000,17.022430,0.069092,0.001625,0.280518,0.207153,0.055556,0.005499,0.145712,-0.109353,502.350006,15341.000000
2923.000000,-0.955233,0.069336,0.001608,0.280884,0.207520,0.056175,0.005489,0.148637,-0.108198,410.769989,15264.000000
2924.000000,-19.328148,0.068726,0.001682,0.280640,0.205200,0.056394,0.005436,0.146124,-0.110928,387.880005,15571.000000
2925.000000,-19.745188,0.067993,0.001760,0.281982,0.204468,0.056528,0.005523,0.147095,-0.109256,503.940002,15598.000000
2926.000000,-13.755943,0.068115,0.001382,0.281372,0.204224,0.056513,0.005162,0.144680,-0.109129,508.970001,15348.000000
2927.000000,21.626442,0.069824,0.001800,0.282471,0.205322,0.057189,0.005695,0.142976,-0.109164,441.000000,16145.000000
2928.000000,13.890448,0.069214,0.001722,0.281982,0.205688,0.056989,0.005655,0.143033,-0.109765,439.809998,15892.000000
2929.000000,34.642410,0.070435,0.001616,0.283569,0.205688,0.057451,0.005502,0.145125,-0.108335,396.470001,16154.000000
2930.000000,9.029860,0.070801,0.001310,0.283203,0.206787,0.057592,0.005219,0.144419,-0.108532,478.329987,16071.000000
2931.000000,13.186098,0.070435,0.001379,0.282593,0.207275,0.057266,0.005393,0.144475,-0.108456,418.380005,16168.000000
2932.000000,-28.691013,0.071167,0.001485,0.283447,0.208252,0.057635,0.005591,0.140214,-0.111115,328.309998,15937.000000
2933.000000,14.287986,0.071899,0.001616,0.283203,0.208374,0.057975,0.005670,0.139039,-0.111930,349.570007,16025.000000
2934.000000,-11.206101,0.070923,0.001449,0.282471,0.208984,0.057395,0.005463,0.139725,-0.111487,481.609985,15853.000000
2935.000000,14.719997,0.070923,0.001797,0.282593,0.208984,0.057267,0.005820,0.141788,-0.109308,345.309998,15833.000000
2936.000000,15.236971,0.069458,0.001392,0.280762,0.208008,0.055856,0.005397,0.140307,-0.109430,417.309998,16119.000000
2937.000000,-8.557568,0.069580,0.001526,0.281616,0.208130,0.055918,0.005513,0.139278,-0.109640,355.359985,16658.000000
2938.000000,-7.703115,0.070679,0.001737,0.282227,0.207642,0.056744,0.005752,0.140358,-0.109613,415.890015,16211.000000
2939.000000,23.626328,0.070068,0.001595,0.282715,0.207520,0.056254,0.005709,0.140933,-0.110130,422.549988,16017.000000
2940.000000,6.623041,0.070801,0.001933,0.282715,0.208618,0.056754,0.006051,0.146154,-0.106759,394.429993,16193.000000
2941.000000,3.138377,0.070923,0.001952,0.281128,0.209595,0.056743,0.006120,0.142968,-0.109755,376.130005,16033.000000
2942.000000,50.682583,0.070312,0.001817,0.281738,0.208984,0.056398,0.005960,0.142071,-0.109942,366.739990,16088.000000
2943.000000,30.893799,0.070557,0.001499,0.280029,0.208374,0.056257,0.005598,0.139426,-0.109809,390.170013,16228.000000
2944.000000,22.699692,0.071411,0.001746,0.281250,0.209717,0.056454,0.005915,0.144926,-0.106751,366.619995,16046.000000
2945.000000,29.780312,0.072021,0.001767,0.282593,0.208740,0.056921,0.005945,0.143774,-0.110335,381.790009,16334.000000
2946.000000,3.309420,0.072266,0.002091,0.283081,0.208374,0.057336,0.006245,0.143777,-0.111376,313.500000,16152.000000
2947.000000,42.849522,0.071899,0.001941,0.282227,0.208008,0.057299,0.006116,0.146902,-0.108638,542.750000,16088.000000
2948.000000,-11.632028,0.072510,0.001626,0.282837,0.208984,0.057611,0.005859,0.147807,-0.109286,387.200012,16083.000000
2949.000000,47.517841,0.071533,0.001323,0.283203,0.207642,0.057134,0.005596,0.146368,-0.109649,430.359985,16333.000000
2950.000000,19.626009,0.071533,0.001593,0.283325,0.206909,0.057461,0.005802,0.140722,-0.110354,437.869995,16170.000000
2951.000000,-2.807944,0.071533,0.001286,0.282715,0.207153,0.057227,0.005501,0.139466,-0.109043,372.589996,16152.000000
2952.000000,9.001128,0.071167,0.001071,0.283447,0.206421,0.057009,0.005215,0.140906,-0.107967,445.070007,15795.000000
2953.000000,10.214035,0.072021,0.001697,0.283813,0.206909,0.057521,0.005969,0.141378,-0.108314,368.630005,16125.000000
2954.000000,-0.409525,0.071899,0.001454,0.283691,0.208130,0.057456,0.005893,0.143824,-0.106406,428.350006,15800.000000
2955.000000,-6.262604,0.071289,0.001447,0.284058,0.208374,0.057497,0.005859,0.142670,-0.107957,428.480011,16216.000000
2956.000000,28.891886,0.072388,0.001557,0.284058,0.208374,0.057590,0.005960,0.144453,-0.107276,419.799988,16017.000000
2957.000000,14.609302,0.071167,0.001510,0.283813,0.206177,0.057297,0.005715,0.145055,-0.109685,362.559998,16013.000000
2958.000000,-8.005270,0.071289,0.001580,0.284790,0.207397,0.057772,0.005827,0.144742,-0.107846,381.649994,15855.000000
2959.000000,-7.197616,0.071411,0.001507,0.285767,0.207520,0.058244,0.005732,0.146367,-0.107451,447.250000,15935.000000
2960.000000,30.460360,0.072021,0.001551,0.285522,0.207275,0.058109,0.005763,0.147451,-0.106456,478.570007,16212.000000
2961.000000,2.704499,0.072388,0.001660,0.286499,0.207642,0.058579,0.005959,0.146397,-0.106714,466.130005,16006.000000
2962.000000,12.419921,0.071411,0.001808,0.286743,0.207031,0.058818,0.006157,0.147008,-0.106760,428.630005,15933.000000
2963.000000,17.922070,0.071533,0.001738,0.286499,0.207397,0.059013,0.006063,0.144351,-0.108594,489.260010,16135.000000
2964.000000,26.030207,0.071899,0.001714,0.286011,0.207153,0.059160,0.006137,0.147526,-0.106630,444.170013,16071.000000
2965.000000,31.846378,0.072144,0.001870,0.286377,0.206909,0.059207,0.006285,0.145550,-0.105310,462.579987,16091.000000
2966.000000,23.315418,0.072266,0.001772,0.286865,0.207764,0.058866,0.006242,0.141943,-0.105673,452.709991,15906.000000
2967.000000,43.419842,0.072021,0.001388,0.286377,0.206787,0.058625,0.005843,0.143622,-0.107693,374.920013,15938.000000
2968.000000,-1.999647,0.071899,0.001627,0.286499,0.207397,0.058938,0.006051,0.146353,-0.105314,437.119995,16157.000000
2969.000000,38.810787,0.072998,0.001843,0.287842,0.208984,0.058751,0.006395,0.149400,-0.104250,387.869995,15947.000000
2970.000000,24.977720,0.072510,0.001567,0.286255,0.208496,0.058001,0.006043,0.143356,-0.109354,396.260010,15986.000000
2971.000000,40.397038,0.072144,0.001374,0.285767,0.207031,0.058461,0.005825,0.138959,-0.111316,417.570007,15802.000000
2972.000000,25.440437,0.071533,0.001341,0.285156,0.206909,0.058170,0.005742,0.138249,-0.111736,464.679993,16313.000000
2973.000000,18.519703,0.072388,0.001298,0.287598,0.207642,0.058543,0.005717,0.140581,-0.110148,404.760010,16061.000000
2974.000000,10.242828,0.073242,0.001466,0.287720,0.206421,0.058715,0.005824,0.142772,-0.110628,411.529999,15877.000000
2975.000000,43.390198,0.072632,0.001380,0.287842,0.206909,0.058522,0.005823,0.143729,-0.109161,409.010010,16137.000000
2976.000000,-12.294908,0.072388,0.001328,0.285645,0.207275,0.058109,0.005804,0.142885,-0.109425,400.410004,16183.000000
2977.000000,19.566217,0.072388,0.001219,0.286255,0.207397,0.058757,0.005669,0.143971,-0.108190,388.480011,16067.000000
2978.000000,-14.247307,0.073608,0.001806,0.289795,0.207642,0.060085,0.006212,0.149793,-0.105862,431.450012,16149.000000
2979.000000,14.847778,0.073242,0.001759,0.288452,0.207031,0.060029,0.006237,0.147492,-0.106455,466.510010,15999.000000
2980.000000,-8.270882,0.072632,0.002190,0.288818,0.207031,0.060082,0.006764,0.144140,-0.106825,440.170013,15968.000000
2981.000000,25.278091,0.072632,0.002082,0.288208,0.206543,0.059706,0.006650,0.143175,-0.107030,381.230011,15956.000000
2982.000000,-1.748705,0.072510,0.001682,0.288574,0.205688,0.058997,0.006279,0.146598,-0.107211,482.260010,16012.000000
2983.000000,8.008835,0.072510,0.002101,0.288086,0.205811,0.059730,0.006715,0.145674,-0.107081,404.049988,16036.000000
2984.000000,53.617317,0.072876,0.002010,0.289795,0.206665,0.059904,0.006665,0.145901,-0.106784,427.670013,16008.000000
2985.000000,-5.988854,0.073242,0.001888,0.289551,0.206543,0.059335,0.006582,0.145777,-0.106540,457.709991,15981.000000
2986.000000,17.697170,0.073120,0.002011,0.287720,0.206543,0.059374,0.006710,0.143019,-0.108167,451.519989,16183.000000
2987.000000,5.621119,0.072754,0.001820,0.286621,0.205322,0.058929,0.006458,0.140043,-0.108142,404.179993,15903.000000
2988.000000,35.041073,0.072876,0.001951,0.288696,0.205444,0.059220,0.006568,0.145159,-0.106346,445.170013,16065.000000
2989.000000,20.986652,0.073364,0.001695,0.288696,0.204956,0.058722,0.006234,0.145163,-0.106906,439.839996,16010.000000
2990.000000,20.745165,0.073364,0.001582,0.288452,0.204102,0.058652,0.006063,0.143312,-0.108281,342.279999,16081.000000
2991.000000,8.953429,0.073853,0.001995,0.288574,0.205322,0.059616,0.006495,0.147285,-0.106600,429.679993,15571.000000
2992.000000,-6.974725,0.073730,0.002120,0.289185,0.206665,0.060058,0.006679,0.150220,-0.104975,338.760010,15783.000000
2993.000000,12.985970,0.074097,0.002089,0.288574,0.207520,0.060214,0.006679,0.150847,-0.106905,420.950012,16067.000000
2994.000000,-22.347528,0.074097,0.001775,0.289185,0.206421,0.060101,0.006519,0.148296,-0.109921,443.019989,15838.000000
2995.000000,41.075993,0.073853,0.001646,0.287964,0.207153,0.060183,0.006396,0.146759,-0.109531,475.190002,15832.000000
2996.000000,31.527475,0.073730,0.001758,0.287842,0.207642,0.060235,0.006541,0.145070,-0.109770,439.140015,15844.000000
2997.000000,27.274679,0.073975,0.001927,0.286499,0.207153,0.060113,0.006606,0.141859,-0.112426,422.600006,15928.000000
2998.000000,48.350452,0.073730,0.001801,0.284424,0.206177,0.059440,0.006442,0.138914,-0.111435,506.640015,15789.000000
2999.000000,20.678293,0.072998,0.001481,0.284302,0.205688,0.058794,0.006110,0.137265,-0.113000,390.549988,15849.000000
3000.000000,75.741943,0.072510,0.001564,0.282349,0.205566,0.058185,0.006272,0.135295,-0.112194,438.559998,15998.000000
3001.000000,-1.910367,0.071899,0.001372,0.281860,0.204102,0.057471,0.006138,0.134087,-0.113990,333.799988,15987.000000
3002.000000,15.329381,0.070679,0.001572,0.279907,0.202881,0.056339,0.006359,0.136026,-0.110915,437.230011,15957.000000
3003.000000,-21.794489,0.072388,0.002319,0.282104,0.206055,0.057121,0.007258,0.137036,-0.110756,283.500000,16154.000000
3004.000000,33.218269,0.072876,0.002096,0.283325,0.207642,0.057308,0.006988,0.142045,-0.110543,383.570007,15533.000000
3005.000000,30.021288,0.072266,0.001920,0.282837,0.207153,0.057171,0.006652,0.141901,-0.110294,472.790009,16066.000000
3006.000000,7.986064,0.073120,0.001957,0.283447,0.206421,0.057584,0.006684,0.143844,-0.113772,427.459991,15891.000000
3007.000000,45.945312,0.073242,0.001570,0.282593,0.207397,0.057678,0.006366,0.144978,-0.112900,494.760010,15826.000000
3008.000000,17.225904,0.072876,0.001493,0.282959,0.206299,0.057594,0.006290,0.141447,-0.114633,330.570007,16026.000000
3009.000000,16.088425,0.072876,0.001507,0.282837,0.206421,0.057653,0.006369,0.140908,-0.112246,441.510010,16186.000000
3010.000000,27.788080,0.072754,0.001109,0.281128,0.206665,0.057076,0.006070,0.140451,-0.110839,397.079987,16084.000000
3011.000000,-7.350025,0.072388,0.001223,0.281372,0.206055,0.057334,0.006174,0.145118,-0.109612,380.190002,15923.000000
3012.000000,16.048254,0.071777,0.001638,0.281250,0.204834,0.057242,0.006445,0.146370,-0.109664,383.410004,16017.000000
3013.000000,0.010971,0.072632,0.001687,0.282837,0.206177,0.058246,0.006537,0.146921,-0.108898,443.720001,15266.000000
3014.000000,1.751171,0.072876,0.001560,0.282349,0.206421,0.058989,0.006396,0.149092,-0.108524,343.720001,15236.000000
3015.000000,-3.581428,0.073242,0.002047,0.283691,0.207153,0.059508,0.006807,0.149831,-0.107511,477.799988,15237.000000
3016.000000,25.060415,0.073120,0.001658,0.282959,0.207031,0.059451,0.006450,0.151561,-0.108385,447.700012,15247.000000
3017.000000,28.740620,0.072754,0.001599,0.282959,0.207642,0.059165,0.006475,0.148905,-0.108000,418.510010,15189.000000
3018.000000,-26.422832,0.072510,0.001486,0.282837,0.206909,0.059156,0.006303,0.149287,-0.107350,365.420013,15485.000000
3019.000000,2.285880,0.073120,0.001421,0.283691,0.207275,0.059510,0.006258,0.153116,-0.104472,403.640015,15265.000000
3020.000000,-0.418200,0.073975,0.001753,0.284058,0.208008,0.060603,0.006617,0.154535,-0.104009,406.500000,15482.000000
3021.000000,-28.063139,0.074097,0.001853,0.283936,0.208740,0.060923,0.006785,0.153617,-0.104646,366.239990,15370.000000
3022.000000,25.716820,0.072510,0.001749,0.283447,0.207275,0.060149,0.006674,0.152732,-0.105589,422.549988,15359.000000
3023.000000,6.199083,0.073120,0.001860,0.283569,0.206787,0.060186,0.006780,0.149994,-0.107147,389.859985,15282.000000
3024.000000,31.223757,0.072876,0.001715,0.283569,0.207275,0.060068,0.006673,0.145961,-0.108475,398.220001,15578.000000
3025.000000,-8.361687,0.072632,0.001930,0.283447,0.207642,0.060141,0.006887,0.144341,-0.109860,437.190002,15483.000000
3026.000000,10.049052,0.073120,0.001429,0.282471,0.209229,0.060133,0.006434,0.147135,-0.106971,428.559998,15399.000000
3027.000000,-5.468036,0.072998,0.001626,0.284912,0.209839,0.060030,0.006705,0.151157,-0.104267,404.480011,15298.000000
3028.000000,15.842176,0.073242,0.001888,0.286255,0.209351,0.060616,0.006890,0.154533,-0.105061,376.820007,15244.000000
3029.000000,-30.091671,0.073486,0.001853,0.286377,0.206665,0.060895,0.006780,0.150635,-0.108242,340.940002,15403.000000
3030.000000,33.767334,0.073486,0.001749,0.287354,0.206665,0.060954,0.006633,0.151108,-0.107395,420.600006,15532.000000
3031.000000,27.032383,0.073853,0.001819,0.287720,0.209351,0.061337,0.006735,0.154051,-0.104104,488.380005,15589.000000
3032.000000,-12.786499,0.072998,0.001494,0.286743,0.208984,0.060909,0.006432,0.153047,-0.107469,450.890015,15121.000000
3033.000000,19.608566,0.072266,0.001155,0.284790,0.208252,0.060428,0.006116,0.151387,-0.110637,454.100006,15147.000000
3034.000000,27.287323,0.071289,0.001253,0.282593,0.206543,0.059569,0.006194,0.146490,-0.112715,366.359985,15313.000000
3035.000000,1.324080,0.071289,0.001495,0.282837,0.206299,0.059739,0.006432,0.146525,-0.110758,402.989990,15238.000000
3036.000000,25.497227,0.071167,0.001344,0.283813,0.205688,0.059942,0.006221,0.146890,-0.108416,480.459991,15396.000000
3037.000000,36.415665,0.071655,0.001618,0.283447,0.207642,0.060376,0.006574,0.150037,-0.107813,395.549988,15423.000000
3038.000000,38.802422,0.070801,0.001653,0.281860,0.208252,0.059983,0.006491,0.147883,-0.110436,435.160004,15326.000000
3039.000000,12.395406,0.070679,0.001616,0.283203,0.207642,0.060226,0.006443,0.146578,-0.111375,347.510010,15232.000000
3040.000000,-4.579023,0.071045,0.001561,0.283081,0.206909,0.060602,0.006342,0.148643,-0.108879,467.410004,15215.000000
3041.000000,46.264072,0.069824,0.001310,0.281128,0.204834,0.059629,0.005939,0.147535,-0.109986,436.559998,15253.000000
3042.000000,18.692122,0.069824,0.001476,0.282593,0.205811,0.060272,0.006079,0.148655,-0.108029,415.220001,15180.000000
3043.000000,-12.938211,0.069702,0.001119,0.282593,0.206421,0.060506,0.005812,0.150556,-0.107238,412.600006,15121.000000
3044.000000,1.521244,0.069458,0.001382,0.283691,0.206543,0.061020,0.006148,0.150143,-0.108961,415.679993,15070.000000
3045.000000,5.919054,0.069702,0.001485,0.282349,0.205811,0.061289,0.006126,0.150316,-0.109974,400.799988,15257.000000
3046.000000,-1.930172,0.069824,0.001572,0.283325,0.205566,0.062111,0.006166,0.151690,-0.110108,435.500000,15341.000000
3047.000000,2.329994,0.070068,0.001330,0.283203,0.204834,0.062113,0.005780,0.153068,-0.110693,352.420013,15145.000000
3048.000000,-6.592946,0.070190,0.001637,0.282593,0.205078,0.062234,0.006130,0.151440,-0.112336,444.600006,15253.000000
3049.000000,6.626765,0.070435,0.001672,0.283081,0.206665,0.062462,0.006210,0.149544,-0.112582,396.859985,15573.000000
3050.000000,50.076736,0.070557,0.001526,0.283447,0.206177,0.062568,0.006050,0.151391,-0.111427,438.589996,15200.000000
3051.000000,25.463392,0.070923,0.001812,0.283081,0.208130,0.062304,0.006385,0.148554,-0.110852,419.190002,15240.000000
3052.000000,5.414496,0.071167,0.002086,0.283203,0.209351,0.062487,0.006655,0.147755,-0.112933,389.850006,15318.000000
3053.000000,16.686579,0.071045,0.001914,0.282349,0.208252,0.062691,0.006313,0.143759,-0.115120,354.579987,15288.000000
3054.000000,25.126440,0.071289,0.001835,0.281982,0.209229,0.062430,0.006280,0.143102,-0.114483,359.290009,15246.000000
3055.000000,-15.093949,0.070190,0.001897,0.280518,0.207520,0.061822,0.006304,0.144007,-0.113128,411.570007,15112.000000
3056.000000,33.616341,0.070068,0.001976,0.280396,0.207886,0.061622,0.006352,0.145020,-0.113149,470.450012,15208.000000
3057.000000,18.678720,0.070190,0.001869,0.280273,0.207642,0.061214,0.006315,0.144258,-0.111504,373.299988,15043.000000
3058.000000,33.174728,0.070679,0.001723,0.282104,0.206909,0.061258,0.006248,0.143512,-0.111554,338.570007,15039.000000
3059.000000,-1.087555,0.070801,0.001777,0.280396,0.208252,0.061341,0.006336,0.142178,-0.110892,417.910004,15346.000000
3060.000000,12.338593,0.070679,0.001404,0.280151,0.208984,0.061376,0.006014,0.144861,-0.110061,438.329987,15501.000000
3061.000000,-22.119787,0.069946,0.001444,0.279541,0.207886,0.061414,0.006040,0.144327,-0.110717,362.769989,15344.000000
3062.000000,11.178402,0.069702,0.001298,0.279175,0.208374,0.061223,0.005964,0.145218,-0.109462,452.140015,15205.000000
3063.000000,52.798027,0.070190,0.001165,0.279541,0.208984,0.061044,0.005905,0.146109,-0.110267,541.950012,15248.000000
3064.000000,-1.263639,0.070557,0.001266,0.279419,0.209961,0.061222,0.006043,0.146642,-0.111158,413.630005,15213.000000
3065.000000,-6.103107,0.070190,0.001085,0.279663,0.209839,0.061285,0.005673,0.145783,-0.111291,468.730011,15378.000000
3066.000000,18.364548,0.070068,0.000913,0.279785,0.208252,0.060658,0.005372,0.145756,-0.112031,407.519989,15190.000000
3067.000000,-2.182298,0.070068,0.001326,0.280151,0.209595,0.061168,0.005862,0.146128,-0.109270,428.170013,15860.000000
3068.000000,-20.651157,0.069824,0.001463,0.281128,0.208984,0.061559,0.005962,0.147016,-0.110844,321.160004,15563.000000
3069.000000,30.579607,0.070557,0.001613,0.282837,0.209961,0.062307,0.006168,0.149544,-0.108648,401.850006,15647.000000
3070.000000,3.096095,0.070923,0.001800,0.281982,0.208862,0.062336,0.006290,0.148965,-0.111254,426.899994,15658.000000
3071.000000,-4.678829,0.070435,0.001718,0.282104,0.208740,0.062319,0.006169,0.146075,-0.113408,343.160004,15702.000000
3072.000000,3.544365,0.070923,0.001485,0.282349,0.207642,0.062517,0.005865,0.146269,-0.113217,445.820007,15511.000000
3073.000000,13.727422,0.070557,0.001547,0.282227,0.207764,0.062162,0.005982,0.142677,-0.114043,360.890015,15587.000000
3074.000000,13.428946,0.070679,0.001793,0.282593,0.209229,0.062112,0.006343,0.141283,-0.112836,442.200012,15731.000000
3075.000000,14.793889,0.070801,0.001419,0.280884,0.207275,0.061618,0.005754,0.135144,-0.117523,286.269989,15766.000000
3076.000000,86.882034,0.071167,0.001874,0.280396,0.207520,0.061069,0.006255,0.136399,-0.115389,426.190002,15593.000000
3077.000000,-7.183494,0.072266,0.001832,0.282104,0.209717,0.061717,0.006293,0.139063,-0.114048,426.540009,15681.000000
3078.000000,-11.674920,0.072876,0.002222,0.282959,0.209839,0.062401,0.006614,0.142954,-0.113024,464.079987,15652.000000
3079.000000,24.082834,0.073242,0.002119,0.283813,0.212036,0.062461,0.006528,0.144583,-0.112001,449.149994,15574.000000
3080.000000,15.879906,0.072388,0.001768,0.282837,0.211182,0.062077,0.006128,0.142636,-0.113958,368.899994,15599.000000
3081.000000,23.128855,0.072266,0.001543,0.283081,0.211548,0.062160,0.005897,0.140978,-0.113064,470.869995,15560.000000
3082.000000,9.418080,0.072021,0.001588,0.281616,0.209717,0.061838,0.005921,0.140268,-0.112642,336.850006,15588.000000
3083.000000,-27.557499,0.072388,0.001744,0.282471,0.210815,0.061528,0.006140,0.139157,-0.112971,431.910004,15765.000000
3084.000000,5.999524,0.072754,0.001866,0.281982,0.211914,0.061763,0.006338,0.138376,-0.111058,313.109985,15630.000000
3085.000000,0.595162,0.072388,0.001563,0.282349,0.212524,0.061800,0.006065,0.140031,-0.110916,397.299988,15637.000000
3086.000000,23.994396,0.072632,0.002176,0.282104,0.212891,0.062138,0.006671,0.141785,-0.108307,365.910004,15471.000000
3087.000000,49.148792,0.072632,0.001952,0.281860,0.213257,0.061841,0.006465,0.144984,-0.107922,381.480011,15420.000000
3088.000000,21.529537,0.072876,0.002085,0.281128,0.214478,0.061580,0.006585,0.143345,-0.108623,423.079987,15705.000000
3089.000000,70.377007,0.072388,0.001915,0.279907,0.212891,0.060912,0.006256,0.140788,-0.110321,429.700012,15576.000000
3090.000000,11.872312,0.070801,0.001633,0.277100,0.211670,0.059804,0.005893,0.135009,-0.112311,376.559998,15468.000000
3091.000000,-6.211388,0.071289,0.001937,0.277100,0.211914,0.059908,0.006111,0.134543,-0.111710,365.570007,15359.000000
3092.000000,17.292120,0.072021,0.001873,0.278076,0.213623,0.059885,0.006264,0.136360,-0.109473,368.109985,15284.000000
3093.000000,-31.056156,0.072388,0.002019,0.279053,0.214478,0.059739,0.006388,0.137832,-0.109453,303.609985,15277.000000
3094.000000,49.390404,0.072876,0.002089,0.279053,0.216187,0.059937,0.006514,0.140836,-0.108762,447.380005,15317.000000
3095.000000,28.160055,0.072510,0.001722,0.276611,0.213501,0.059186,0.005966,0.138598,-0.110999,411.630005,15286.000000
3096.000000,13.536460,0.072021,0.001896,0.278809,0.213135,0.059463,0.006039,0.133757,-0.113318,403.269989,15368.000000
3097.000000,34.686104,0.071655,0.001683,0.277222,0.211182,0.058798,0.005803,0.131853,-0.111614,424.429993,15371.000000
3098.000000,31.392576,0.072266,0.001835,0.277954,0.213257,0.059192,0.006039,0.134081,-0.109241,370.829987,15633.000000
3099.000000,27.958902,0.073364,0.002031,0.277832,0.215088,0.059522,0.006221,0.135991,-0.107236,396.420013,15668.000000
3100.000000,-9.366750,0.074219,0.001770,0.279419,0.217285,0.059824,0.006058,0.139606,-0.105932,430.429993,15551.000000
3101.000000,-10.466031,0.075317,0.002610,0.279663,0.217529,0.060815,0.006830,0.136864,-0.109455,392.160004,15539.000000
3102.000000,-0.370584,0.074585,0.002337,0.280396,0.216553,0.061096,0.006530,0.140083,-0.108210,374.450012,15395.000000
3103.000000,-3.259619,0.072876,0.001521,0.278809,0.216064,0.060431,0.005730,0.139297,-0.107089,367.320007,15704.000000
3104.000000,24.927774,0.073975,0.001911,0.280518,0.216675,0.060989,0.006119,0.140267,-0.106932,449.290009,15861.000000
3105.000000,22.098230,0.073364,0.001697,0.278198,0.215820,0.060176,0.005894,0.136651,-0.109485,353.450012,15918.000000
3106.000000,-27.451385,0.073608,0.002144,0.278564,0.215576,0.060852,0.006331,0.133543,-0.111445,391.970001,15684.000000
3107.000000,27.252373,0.073730,0.001765,0.278687,0.214844,0.060918,0.005898,0.135713,-0.111226,406.589996,15515.000000
3108.000000,29.651056,0.073242,0.001741,0.278320,0.214111,0.060993,0.005754,0.134873,-0.110153,348.089996,15796.000000
3109.000000,51.533329,0.073608,0.001847,0.277222,0.215576,0.060878,0.005905,0.132488,-0.110317,455.600006,15580.000000
3110.000000,19.474012,0.073364,0.001628,0.276123,0.214355,0.060129,0.005697,0.131008,-0.111259,349.809998,15748.000000
3111.000000,33.150150,0.072876,0.001484,0.275513,0.216064,0.059711,0.005732,0.130572,-0.109173,435.869995,15631.000000
3112.000000,11.092114,0.073486,0.002005,0.275269,0.217285,0.060034,0.006326,0.129777,-0.108376,343.170013,15600.000000
3113.000000,15.180438,0.072754,0.001361,0.273926,0.218262,0.059130,0.005816,0.128447,-0.107317,418.500000,15314.000000
3114.000000,14.695467,0.073364,0.001713,0.273315,0.218628,0.059393,0.006203,0.127796,-0.108925,391.920013,15697.000000
3115.000000,-3.702229,0.074219,0.001867,0.274048,0.218750,0.059716,0.006259,0.129421,-0.109774,308.799988,15439.000000
3116.000000,19.980724,0.074951,0.001877,0.276245,0.219238,0.059694,0.006235,0.132048,-0.106933,392.350006,15678.000000
3117.000000,-3.523174,0.075317,0.001844,0.275635,0.218628,0.059773,0.006157,0.132463,-0.108073,345.589996,16022.000000
3118.000000,4.076959,0.075562,0.002149,0.276001,0.218628,0.059917,0.006516,0.131353,-0.107916,371.410004,15584.000000
3119.000000,-6.287025,0.075073,0.001734,0.276733,0.218628,0.059727,0.006064,0.131625,-0.108359,353.320007,15612.000000
3120.000000,-6.679811,0.074707,0.001736,0.276733,0.218994,0.060085,0.006185,0.133193,-0.106387,443.910004,16066.000000
3121.000000,26.101851,0.075806,0.002313,0.276611,0.219727,0.059716,0.006798,0.131414,-0.106277,432.929993,15562.000000
3122.000000,-9.351235,0.076172,0.002815,0.275757,0.219116,0.060071,0.007345,0.128284,-0.107784,373.040009,15766.000000
3123.000000,43.599270,0.075684,0.002321,0.274780,0.219238,0.059745,0.006871,0.126485,-0.109249,423.339996,15487.000000
3124.000000,38.262276,0.075562,0.002003,0.273926,0.219849,0.059263,0.006682,0.128129,-0.106974,404.559998,15674.000000
3125.000000,0.391083,0.076050,0.002379,0.273682,0.221558,0.059467,0.007162,0.128435,-0.105552,365.119995,15867.000000
3126.000000,-30.995636,0.076172,0.001862,0.275269,0.220093,0.059788,0.006633,0.128954,-0.107333,433.339996,15841.000000
3127.000000,-0.253872,0.074829,0.001796,0.276001,0.219116,0.059040,0.006601,0.128752,-0.105563,399.119995,15503.000000
3128.000000,2.503851,0.074341,0.001464,0.275146,0.219727,0.058308,0.006268,0.128156,-0.106548,397.799988,15840.000000
3129.000000,15.219353,0.074463,0.001850,0.276367,0.218628,0.058482,0.006583,0.132692,-0.104621,399.790009,15520.000000
3130.000000,29.620916,0.075195,0.002133,0.274780,0.219482,0.058538,0.006851,0.132315,-0.105746,496.140015,15690.000000
3131.000000,4.187044,0.074829,0.001927,0.274780,0.219849,0.058774,0.006704,0.133633,-0.104809,390.170013,15647.000000
3132.000000,21.705523,0.075073,0.002504,0.273438,0.219727,0.059137,0.007201,0.135392,-0.103803,445.529999,15661.000000
3133.000000,19.732510,0.074829,0.002356,0.273438,0.220459,0.058876,0.007182,0.132138,-0.103717,355.399994,15684.000000
3134.000000,7.936584,0.075562,0.002457,0.273926,0.222412,0.059700,0.007386,0.136306,-0.103639,410.829987,15833.000000
3135.000000,21.047543,0.074707,0.002114,0.273315,0.222412,0.058915,0.007251,0.134164,-0.105338,370.660004,15816.000000
3136.000000,-10.136616,0.075684,0.002244,0.273193,0.223267,0.059465,0.007411,0.135479,-0.103272,350.500000,15703.000000
3137.000000,13.921293,0.076172,0.002277,0.273682,0.221924,0.059781,0.007315,0.138372,-0.103910,428.390015,15572.000000
3138.000000,56.006153,0.075928,0.002060,0.272339,0.222168,0.059166,0.007102,0.138163,-0.104057,389.839996,15432.000000
3139.000000,25.200901,0.075684,0.002103,0.272583,0.221680,0.058905,0.007161,0.137423,-0.104778,412.399994,15767.000000
3140.000000,-9.071193,0.074707,0.002344,0.271484,0.221436,0.058984,0.007426,0.139169,-0.102810,390.480011,15605.000000
3141.000000,2.311674,0.074829,0.001889,0.272705,0.220947,0.058878,0.006958,0.140577,-0.101881,363.579987,15647.000000
3142.000000,-10.988203,0.074585,0.001937,0.272949,0.219360,0.058818,0.006897,0.135287,-0.104189,385.440002,15944.000000
3143.000000,18.060860,0.073975,0.001765,0.270874,0.220093,0.058447,0.006796,0.130822,-0.103389,403.149994,16002.000000
3144.000000,35.628601,0.073364,0.001466,0.270630,0.219116,0.057976,0.006527,0.127935,-0.103839,386.079987,15471.000000
3145.000000,17.617357,0.073730,0.001459,0.270386,0.219360,0.057913,0.006550,0.128544,-0.103854,431.089996,15375.000000
3146.000000,-6.074620,0.074097,0.001773,0.269897,0.221680,0.057807,0.007037,0.130194,-0.103658,371.459991,15337.000000
3147.000000,-37.056126,0.074951,0.002130,0.271240,0.223389,0.058492,0.007423,0.128561,-0.104794,344.459991,15351.000000
3148.000000,31.777676,0.074951,0.001948,0.272583,0.222168,0.058666,0.007128,0.131631,-0.103265,389.970001,15210.000000
3149.000000,19.210159,0.075073,0.001580,0.271851,0.220947,0.058404,0.006738,0.129762,-0.104917,465.089996,15641.000000
3150.000000,14.412678,0.075317,0.001617,0.272339,0.221436,0.058592,0.006803,0.132123,-0.103141,466.880005,15378.000000
3151.000000,44.087494,0.075684,0.001826,0.271729,0.222412,0.058390,0.006896,0.128843,-0.102667,402.769989,15575.000000
3152.000000,-15.816133,0.075684,0.001714,0.272705,0.223511,0.058401,0.006815,0.126506,-0.101982,344.049988,15308.000000
3153.000000,1.200713,0.074585,0.001512,0.272461,0.222290,0.057996,0.006559,0.129571,-0.100863,392.980011,15410.000000
3154.000000,-3.302773,0.074219,0.001361,0.272461,0.222656,0.057689,0.006578,0.128605,-0.100976,358.730011,15325.000000
3155.000000,18.692585,0.074463,0.001412,0.273804,0.222168,0.057340,0.006535,0.129079,-0.101906,362.279999,15160.000000
3156.000000,43.686787,0.074951,0.001930,0.273804,0.222290,0.057384,0.007174,0.131166,-0.099038,377.369995,15482.000000
3157.000000,11.661241,0.075195,0.002519,0.272949,0.223267,0.057745,0.007618,0.128319,-0.100181,478.209991,15390.000000
3158.000000,7.121177,0.075806,0.002215,0.273193,0.223633,0.058613,0.007146,0.130296,-0.101524,459.690002,15147.000000
3159.000000,29.175352,0.075317,0.002526,0.271606,0.223755,0.058491,0.007478,0.132022,-0.100957,387.829987,15217.000000
3160.000000,35.052433,0.075562,0.002340,0.271606,0.222534,0.058254,0.007261,0.130487,-0.101905,391.450012,15480.000000
3161.000000,39.319790,0.075562,0.002255,0.271240,0.221802,0.058375,0.007082,0.126546,-0.103760,364.480011,15805.000000
3162.000000,24.319733,0.076538,0.002197,0.271606,0.222900,0.058495,0.007134,0.126553,-0.101472,425.890015,15968.000000
3163.000000,-8.535469,0.077026,0.002108,0.271973,0.223511,0.058836,0.007147,0.127469,-0.101151,407.679993,15818.000000
3164.000000,-9.120611,0.077515,0.002255,0.274048,0.223633,0.059471,0.007462,0.129392,-0.099553,371.660004,15852.000000
3165.000000,6.620970,0.078003,0.002021,0.271973,0.223755,0.059108,0.007289,0.129580,-0.097916,349.420013,15726.000000
3166.000000,4.669868,0.076904,0.001951,0.271240,0.222412,0.058481,0.007162,0.129304,-0.099007,384.010010,16186.000000
3167.000000,1.734424,0.076904,0.001877,0.272217,0.223267,0.058417,0.007216,0.131168,-0.097757,339.570007,16170.000000
3168.000000,12.956735,0.077881,0.002208,0.273682,0.223022,0.059267,0.007394,0.131714,-0.098263,369.779999,15790.000000
3169.000000,8.175077,0.077515,0.001690,0.273682,0.222412,0.059240,0.006905,0.130784,-0.101468,360.829987,16183.000000
3170.000000,13.056810,0.078369,0.002015,0.274414,0.222900,0.059332,0.007247,0.129969,-0.101962,443.250000,16186.000000
3171.000000,-6.079500,0.078125,0.001897,0.274902,0.221436,0.059400,0.007095,0.131313,-0.099453,389.320007,15786.000000
3172.000000,21.725967,0.077393,0.002009,0.272949,0.221313,0.059020,0.007130,0.127948,-0.100964,382.850006,15802.000000
3173.000000,-26.048613,0.078491,0.001555,0.275513,0.221313,0.059064,0.006716,0.130365,-0.099944,382.980011,16098.000000
3174.000000,10.818188,0.079224,0.001707,0.275757,0.223267,0.059600,0.006964,0.133462,-0.097767,356.700012,16063.000000
3175.000000,-7.107366,0.078979,0.001903,0.275269,0.222168,0.059757,0.007047,0.132859,-0.098243,384.040009,15854.000000
3176.000000,19.180540,0.078735,0.002076,0.276245,0.221680,0.059218,0.007161,0.131391,-0.098683,414.950012,15990.000000
3177.000000,6.629022,0.078125,0.001914,0.275757,0.222412,0.058905,0.006990,0.131197,-0.096358,428.160004,16032.000000
3178.000000,45.504620,0.078003,0.001823,0.273560,0.222656,0.057788,0.006966,0.128537,-0.097234,454.230011,15888.000000
3179.000000,41.905060,0.077271,0.001750,0.272461,0.222534,0.056858,0.006954,0.126013,-0.097998,432.109985,16190.000000
3180.000000,-30.045765,0.077515,0.001806,0.270264,0.222046,0.056739,0.006989,0.123599,-0.099819,321.549988,16163.000000
3181.000000,-12.330821,0.077393,0.001716,0.269409,0.223022,0.055995,0.006932,0.120508,-0.101533,423.779999,16025.000000
3182.000000,-19.762339,0.078979,0.002239,0.270752,0.222778,0.057090,0.007354,0.121803,-0.101942,396.029999,15729.000000
3183.000000,22.337521,0.078369,0.002306,0.270386,0.223022,0.056892,0.007515,0.122672,-0.099850,411.579987,15199.000000
3184.000000,15.615871,0.078003,0.002225,0.270508,0.222168,0.056418,0.007322,0.119645,-0.102257,389.399994,15594.000000
3185.000000,-4.461141,0.077515,0.001587,0.270630,0.221558,0.056081,0.006725,0.123764,-0.102267,342.529999,15317.000000
3186.000000,21.726864,0.077759,0.001493,0.271973,0.220947,0.056364,0.006598,0.125073,-0.101393,428.679993,15457.000000
3187.000000,21.761948,0.077637,0.002379,0.273193,0.222046,0.057048,0.007423,0.128100,-0.098718,383.790009,15734.000000
3188.000000,74.131493,0.078369,0.001861,0.273682,0.222778,0.057283,0.007032,0.127077,-0.099367,450.790009,15657.000000
3189.000000,-26.049330,0.077759,0.001949,0.272583,0.222412,0.056743,0.007121,0.124553,-0.099374,345.619995,15395.000000
3190.000000,-8.530159,0.078247,0.002013,0.273071,0.223145,0.057353,0.007252,0.124665,-0.098044,324.140015,15527.000000
3191.000000,29.654133,0.078247,0.002185,0.272949,0.224609,0.057292,0.007421,0.129536,-0.096342,410.209991,15667.000000
3192.000000,-4.201892,0.078979,0.002305,0.273926,0.225586,0.057104,0.007593,0.129392,-0.097705,351.339996,15898.000000
3193.000000,8.202415,0.078735,0.002440,0.273804,0.224731,0.057456,0.007701,0.125397,-0.099220,363.220001,15804.000000
3194.000000,-13.364880,0.079346,0.002780,0.274536,0.225098,0.057721,0.008010,0.127117,-0.097611,264.500000,15851.000000
3195.000000,-6.547157,0.079102,0.002191,0.276367,0.224609,0.057666,0.007510,0.130460,-0.096920,411.350006,15639.000000
3196.000000,-4.576978,0.079712,0.002398,0.276855,0.225952,0.058390,0.007759,0.129002,-0.096996,333.579987,15181.000000
3197.000000,8.859040,0.078613,0.001884,0.274780,0.226074,0.057510,0.007231,0.126272,-0.098425,406.950012,15313.000000
3198.000000,19.437834,0.077759,0.001814,0.273438,0.223877,0.056840,0.007042,0.120130,-0.102006,435.019989,15265.000000
3199.000000,16.984337,0.078613,0.001810,0.273682,0.223877,0.057155,0.007053,0.118397,-0.101116,484.029999,15353.000000
3200.000000,22.428961,0.077759,0.002181,0.272339,0.224243,0.056794,0.007478,0.115897,-0.101026,356.809998,15407.000000
3201.000000,9.362662,0.077637,0.002092,0.270508,0.223267,0.056646,0.007428,0.114606,-0.101968,351.429993,15308.000000
3202.000000,1.479406,0.077637,0.002326,0.270996,0.223022,0.057095,0.007571,0.114257,-0.101502,336.600006,15530.000000
3203.000000,8.055673,0.077637,0.002504,0.271240,0.223267,0.057371,0.007678,0.116995,-0.100012,372.779999,15155.000000
3204.000000,-50.381927,0.078247,0.001967,0.273560,0.224365,0.057578,0.007161,0.121788,-0.099149,338.570007,15458.000000
3205.000000,15.914431,0.078247,0.002541,0.273682,0.224487,0.058204,0.007796,0.122225,-0.098363,379.679993,15537.000000
3206.000000,19.695616,0.079102,0.002322,0.273804,0.225464,0.058245,0.007567,0.119566,-0.100545,356.690002,15564.000000
3207.000000,12.615828,0.079346,0.002027,0.273804,0.223999,0.057686,0.007221,0.116581,-0.103235,344.980011,15543.000000
3208.000000,22.014128,0.079224,0.001843,0.273438,0.224854,0.056890,0.007020,0.115495,-0.103540,413.920013,15425.000000
3209.000000,-14.571692,0.079224,0.001683,0.273560,0.224976,0.056767,0.006821,0.117332,-0.101499,448.690002,15496.000000
3210.000000,9.255978,0.079346,0.001760,0.273560,0.225220,0.056583,0.006934,0.116950,-0.102754,329.640015,15292.000000
3211.000000,15.380615,0.079834,0.001925,0.273926,0.226685,0.057232,0.007088,0.117013,-0.102389,300.350006,15304.000000
3212.000000,-15.546470,0.080688,0.002298,0.274414,0.226440,0.057848,0.007354,0.119284,-0.101836,365.170013,15322.000000
3213.000000,-8.385435,0.081177,0.002045,0.275391,0.225220,0.058042,0.007014,0.121390,-0.101269,432.269989,15388.000000
3214.000000,9.485041,0.080444,0.001441,0.275269,0.223633,0.057127,0.006423,0.122817,-0.100915,405.100006,15292.000000
3215.000000,-23.904984,0.080933,0.001477,0.275513,0.222900,0.056727,0.006394,0.122386,-0.103659,358.190002,15643.000000
3216.000000,9.030398,0.080444,0.001522,0.274902,0.223267,0.056528,0.006482,0.117145,-0.103132,438.339996,15536.000000
3217.000000,55.744949,0.080322,0.001613,0.272949,0.223145,0.056270,0.006468,0.115542,-0.102539,340.579987,15406.000000
3218.000000,-21.586777,0.080811,0.001894,0.273438,0.223999,0.056534,0.006802,0.116086,-0.100525,377.989990,15430.000000
3219.000000,-13.489838,0.080811,0.002558,0.273682,0.225220,0.056857,0.007486,0.119713,-0.098708,389.799988,15504.000000
3220.000000,15.538035,0.080688,0.002498,0.272339,0.224731,0.056443,0.007477,0.117446,-0.100481,411.980011,15169.000000
3221.000000,22.044296,0.080200,0.002026,0.272217,0.223999,0.056075,0.006975,0.116033,-0.100956,419.329987,15447.000000
3222.000000,-5.478457,0.078857,0.002142,0.270142,0.223877,0.055482,0.007074,0.116658,-0.099907,407.859985,15361.000000
3223.000000,-16.859800,0.079712,0.002849,0.272217,0.223511,0.056221,0.007764,0.119847,-0.098936,396.170013,15432.000000
3224.000000,24.036320,0.079224,0.002650,0.270996,0.223145,0.055796,0.007721,0.120013,-0.099134,387.429993,15225.000000
3225.000000,2.013383,0.080078,0.002747,0.273438,0.224487,0.056377,0.007928,0.121100,-0.098779,324.899994,15626.000000
3226.000000,2.272262,0.080322,0.002322,0.273682,0.225098,0.056143,0.007600,0.122012,-0.098564,428.970001,15714.000000
3227.000000,3.640506,0.082031,0.002564,0.276123,0.226074,0.056939,0.007820,0.124040,-0.097649,378.299988,15883.000000
3228.000000,-4.482923,0.082153,0.002404,0.275513,0.226440,0.057528,0.007493,0.127144,-0.099631,348.260010,15735.000000
3229.000000,-0.619277,0.081787,0.002070,0.275391,0.224854,0.057142,0.007096,0.124450,-0.102516,351.839996,15846.000000
3230.000000,3.168819,0.081055,0.001805,0.273560,0.223267,0.056771,0.006702,0.122200,-0.103555,418.239990,15595.000000
3231.000000,15.213703,0.079590,0.001647,0.273071,0.221313,0.056125,0.006460,0.121642,-0.101845,330.720001,15829.000000
3232.000000,-11.093130,0.079956,0.001725,0.273193,0.220947,0.056052,0.006500,0.122958,-0.099172,411.230011,15965.000000
3233.000000,35.055981,0.078369,0.001734,0.269897,0.219971,0.055748,0.006420,0.122641,-0.100405,427.619995,15981.000000
3234.000000,-11.558414,0.078613,0.002153,0.272339,0.219482,0.056518,0.006780,0.125324,-0.101340,420.850006,15660.000000
3235.000000,7.462766,0.078857,0.002091,0.272217,0.220703,0.056757,0.006736,0.124830,-0.101014,403.600006,15736.000000
3236.000000,19.066761,0.079102,0.002051,0.273193,0.221069,0.056272,0.006745,0.125196,-0.102134,330.540009,15917.000000
3237.000000,43.803516,0.080078,0.002122,0.275024,0.221069,0.056669,0.006791,0.125718,-0.102992,397.790009,15651.000000
3238.000000,8.155553,0.078003,0.001546,0.273560,0.221313,0.055516,0.006159,0.121152,-0.102195,447.029999,15721.000000
3239.000000,36.440151,0.076904,0.001532,0.272339,0.219238,0.054776,0.006104,0.119898,-0.103646,424.500000,15638.000000
3240.000000,17.469172,0.076782,0.001687,0.273071,0.217896,0.055149,0.006074,0.119026,-0.105569,405.880005,16025.000000
3241.000000,-15.753323,0.076416,0.001794,0.272949,0.219116,0.055295,0.006288,0.117274,-0.104980,367.049988,15833.000000
3242.000000,-21.669220,0.076294,0.001951,0.274170,0.218872,0.055427,0.006482,0.118615,-0.103519,289.339996,15787.000000
3243.000000,15.678030,0.075317,0.001945,0.273926,0.218750,0.055391,0.006503,0.120160,-0.101471,396.309998,15826.000000
3244.000000,-17.639561,0.075073,0.001859,0.274780,0.218140,0.055476,0.006265,0.118248,-0.101780,312.160004,16125.000000
3245.000000,-11.363672,0.076172,0.002220,0.276733,0.220459,0.056567,0.006741,0.120584,-0.099810,378.880005,15852.000000
3246.000000,39.446392,0.076172,0.002447,0.276733,0.220459,0.056442,0.007075,0.119970,-0.100227,334.299988,15962.000000
3247.000000,-6.896892,0.076660,0.002206,0.276123,0.220337,0.056455,0.006813,0.116929,-0.102809,416.029999,15730.000000
3248.000000,12.178424,0.076416,0.001931,0.274902,0.220093,0.056274,0.006416,0.117092,-0.103498,486.420013,15717.000000
3249.000000,-3.599343,0.076904,0.001995,0.275635,0.220703,0.056697,0.006504,0.117761,-0.103329,364.970001,15805.000000
3250.000000,-16.142143,0.076782,0.001863,0.275513,0.221558,0.056466,0.006389,0.121132,-0.102625,414.890015,15945.000000
3251.000000,15.157027,0.077881,0.002346,0.276489,0.222290,0.057153,0.006799,0.119864,-0.102093,374.089996,15768.000000
3252.000000,29.505955,0.075806,0.001514,0.275024,0.220337,0.055675,0.006106,0.114166,-0.104021,354.799988,16073.000000
3253.000000,-9.969968,0.075684,0.001571,0.273438,0.218750,0.055360,0.005996,0.112285,-0.104183,339.100006,16084.000000
3254.000000,16.767313,0.075073,0.001528,0.272583,0.219116,0.054585,0.006025,0.113816,-0.102422,391.410004,15846.000000
3255.000000,19.627386,0.074951,0.001734,0.272705,0.218994,0.054543,0.006223,0.113864,-0.101452,405.549988,15981.000000
3256.000000,10.191545,0.075928,0.002036,0.274048,0.221069,0.055309,0.006712,0.117331,-0.100173,400.290009,16011.000000
3257.000000,18.677816,0.076416,0.002368,0.274048,0.221069,0.055483,0.006950,0.117448,-0.099552,381.269989,16139.000000
3258.000000,15.161120,0.076538,0.001889,0.276367,0.220459,0.055263,0.006455,0.117014,-0.100155,317.320007,15958.000000
3259.000000,-17.835655,0.076782,0.001875,0.275879,0.220459,0.055407,0.006423,0.116979,-0.101892,357.420013,16012.000000
3260.000000,-14.812037,0.075684,0.001719,0.274048,0.220947,0.054552,0.006406,0.115238,-0.102173,392.040009,15979.000000
3261.000000,-7.441182,0.075195,0.001565,0.274170,0.220337,0.054611,0.006302,0.115511,-0.102813,456.179993,15764.000000
3262.000000,7.432327,0.074951,0.001464,0.273804,0.218018,0.054332,0.006069,0.115313,-0.103352,363.700012,15916.000000
3263.000000,-7.628849,0.075562,0.001555,0.273193,0.219971,0.054560,0.006248,0.117605,-0.100442,322.739990,15889.000000
3264.000000,-3.902928,0.075806,0.001826,0.274536,0.219238,0.054308,0.006534,0.119083,-0.099878,343.059998,16085.000000
3265.000000,-4.203299,0.075562,0.001666,0.275879,0.217163,0.054743,0.006335,0.118459,-0.102421,351.609985,16002.000000
3266.000000,48.216789,0.076538,0.002204,0.274414,0.216797,0.054358,0.006799,0.114595,-0.104727,355.799988,15485.000000
3267.000000,-5.772936,0.077881,0.002416,0.275757,0.217041,0.054422,0.007005,0.117835,-0.102043,401.779999,15978.000000
3268.000000,31.502895,0.077637,0.002367,0.273682,0.218262,0.054277,0.007092,0.114471,-0.102516,436.670013,15813.000000
3269.000000,3.695709,0.076538,0.002152,0.273560,0.218628,0.053281,0.006931,0.112502,-0.103106,371.450012,15730.000000
3270.000000,10.947744,0.076660,0.002318,0.272949,0.217407,0.053123,0.007025,0.113298,-0.103621,315.350006,15865.000000
3271.000000,6.696126,0.077026,0.002173,0.272949,0.218628,0.053074,0.007001,0.110461,-0.102982,381.720001,15964.000000
3272.000000,-2.569303,0.076904,0.002036,0.273682,0.220459,0.053061,0.006970,0.114530,-0.099398,311.540009,15768.000000
3273.000000,-14.674973,0.076416,0.001921,0.272583,0.221436,0.053110,0.006917,0.118900,-0.099530,382.670013,15808.000000
3274.000000,-39.033989,0.077148,0.002164,0.273071,0.220703,0.053738,0.007166,0.118254,-0.102015,422.269989,15664.000000
3275.000000,-22.284349,0.077393,0.002188,0.273560,0.221069,0.053753,0.007143,0.119141,-0.100653,278.260010,15918.000000
3276.000000,50.840675,0.076782,0.002402,0.273560,0.220459,0.053729,0.007390,0.119819,-0.100021,436.970001,15960.000000
3277.000000,-10.727670,0.076904,0.002768,0.273315,0.220947,0.054574,0.007840,0.119984,-0.099786,355.799988,15897.000000
3278.000000,21.971207,0.077271,0.002265,0.273926,0.220093,0.054367,0.007274,0.122486,-0.101058,320.019989,15989.000000
3279.000000,13.114410,0.076416,0.002152,0.273926,0.219360,0.054174,0.007159,0.123898,-0.103393,434.250000,15620.000000
3280.000000,-0.424129,0.076782,0.002223,0.273804,0.220581,0.054670,0.007202,0.127456,-0.102757,302.690002,15799.000000
3281.000000,28.703213,0.077148,0.002488,0.274536,0.222412,0.054866,0.007571,0.127897,-0.101145,373.130005,16166.000000
3282.000000,49.435638,0.076538,0.002287,0.273071,0.222168,0.054590,0.007412,0.127376,-0.099406,448.859985,15667.000000
3283.000000,-17.494061,0.076904,0.002090,0.272339,0.221924,0.054855,0.007225,0.126851,-0.102177,323.529999,15825.000000
3284.000000,9.828585,0.076538,0.001681,0.272705,0.220947,0.054241,0.006732,0.125633,-0.102664,341.100006,15918.000000
3285.000000,-11.288529,0.075928,0.001854,0.273315,0.219360,0.053967,0.006807,0.126166,-0.103098,307.679993,16027.000000
3286.000000,16.581713,0.074585,0.001574,0.270630,0.219116,0.053509,0.006502,0.123268,-0.102439,404.390015,15687.000000
3287.000000,14.622337,0.074219,0.002030,0.270386,0.220703,0.053628,0.007045,0.124708,-0.100911,412.709991,15987.000000
3288.000000,14.221220,0.073853,0.001892,0.271118,0.219604,0.053593,0.006806,0.127564,-0.100638,344.260010,15660.000000
3289.000000,-20.308527,0.073242,0.001810,0.270752,0.219727,0.053572,0.006734,0.127300,-0.101508,314.589996,16037.000000
3290.000000,-14.368799,0.073975,0.001814,0.270874,0.218872,0.053335,0.006796,0.127745,-0.101322,287.029999,16086.000000
3291.000000,25.545277,0.074341,0.002369,0.271484,0.218018,0.053871,0.007426,0.125805,-0.102152,496.820007,15779.000000
3292.000000,-3.931068,0.074341,0.002367,0.270996,0.218262,0.053865,0.007457,0.126501,-0.101564,393.100006,15962.000000
3293.000000,40.080833,0.073975,0.002098,0.271240,0.217529,0.054233,0.007147,0.129826,-0.101892,389.029999,15913.000000
3294.000000,8.624727,0.074097,0.002211,0.270996,0.219238,0.055058,0.007338,0.128771,-0.103535,386.799988,15953.000000
3295.000000,-7.518962,0.074707,0.002124,0.271484,0.218994,0.055032,0.007182,0.126637,-0.106393,295.570007,15924.000000
3296.000000,39.061420,0.074463,0.002205,0.271362,0.219238,0.054750,0.007261,0.122896,-0.105252,383.239990,15669.000000
3297.000000,30.598015,0.074341,0.002050,0.271118,0.219727,0.054070,0.007182,0.122042,-0.104358,387.040009,15532.000000
3298.000000,-13.874309,0.074219,0.002121,0.271118,0.221924,0.054596,0.007434,0.124420,-0.103444,377.670013,15840.000000
3299.000000,-3.922583,0.074585,0.002298,0.271729,0.222290,0.054633,0.007470,0.126025,-0.104418,410.869995,16126.000000
3300.000000,26.951784,0.074463,0.002146,0.271240,0.220947,0.054500,0.007247,0.129110,-0.104805,374.029999,16086.000000
3301.000000,-13.246883,0.074585,0.001986,0.272217,0.221313,0.054754,0.007195,0.128593,-0.105837,385.579987,15846.000000
3302.000000,17.804201,0.075195,0.002067,0.272827,0.222046,0.054940,0.007229,0.131587,-0.105084,358.850006,15774.000000
3303.000000,8.883053,0.076050,0.002389,0.273193,0.223145,0.054702,0.007664,0.129845,-0.102685,370.529999,16078.000000
3304.000000,15.362672,0.076660,0.002205,0.273438,0.224243,0.054695,0.007415,0.130719,-0.103213,433.470001,15820.000000
3305.000000,-12.095234,0.076172,0.002223,0.273560,0.223145,0.054565,0.007408,0.132390,-0.104299,310.950012,15729.000000
3306.000000,2.703583,0.075684,0.002521,0.273071,0.221802,0.054827,0.007638,0.129804,-0.105396,379.359985,15967.000000
3307.000000,23.775309,0.074463,0.002437,0.272095,0.219116,0.054100,0.007457,0.123898,-0.106994,479.859985,15778.000000
3308.000000,-3.267781,0.074707,0.002772,0.271729,0.219727,0.054345,0.007813,0.124223,-0.104096,345.320007,15967.000000
3309.000000,2.436743,0.074219,0.002846,0.270386,0.220581,0.054388,0.007861,0.125373,-0.103247,390.410004,15904.000000
3310.000000,26.599493,0.073975,0.002761,0.269653,0.221313,0.054117,0.007788,0.125532,-0.102456,409.489990,15915.000000
3311.000000,-19.705381,0.073608,0.002326,0.270630,0.219727,0.053979,0.007300,0.124234,-0.105054,421.540009,16097.000000
3312.000000,-43.205967,0.073853,0.002514,0.270630,0.220825,0.054320,0.007560,0.124723,-0.105707,398.750000,15934.000000
3313.000000,13.836190,0.072876,0.002200,0.270874,0.221191,0.053998,0.007194,0.127337,-0.103732,465.540009,15849.000000
3314.000000,19.666414,0.072876,0.002750,0.271240,0.219482,0.054362,0.007683,0.125848,-0.103908,342.429993,15933.000000
3315.000000,18.437180,0.072388,0.002048,0.271240,0.218628,0.053535,0.007044,0.125825,-0.102150,354.440002,15814.000000
3316.000000,-11.673965,0.071533,0.002012,0.269653,0.218506,0.053493,0.006994,0.127729,-0.102295,380.049988,15928.000000
3317.000000,2.750665,0.071167,0.002274,0.270386,0.219238,0.053521,0.007267,0.127002,-0.103904,410.570007,16086.000000
3318.000000,49.080952,0.070923,0.002351,0.269531,0.220215,0.053403,0.007515,0.122734,-0.102178,382.690002,15776.000000
3319.000000,-10.111739,0.071777,0.002128,0.270630,0.220581,0.053217,0.007441,0.124037,-0.099301,380.190002,15921.000000
3320.000000,1.310036,0.073608,0.002545,0.271240,0.220947,0.054057,0.007774,0.128600,-0.099353,295.059998,15715.000000
3321.000000,11.179848,0.073364,0.002239,0.271973,0.221680,0.053921,0.007559,0.129032,-0.099604,385.640015,15262.000000
3322.000000,20.010775,0.074463,0.002338,0.271851,0.222534,0.054681,0.007619,0.129087,-0.101589,490.429993,15133.000000
3323.000000,-10.232269,0.074097,0.002173,0.271362,0.221802,0.055149,0.007415,0.125625,-0.102893,465.829987,15108.000000
3324.000000,-1.324607,0.074585,0.002162,0.270386,0.223022,0.054940,0.007403,0.123970,-0.103366,407.799988,15175.000000
3325.000000,11.293210,0.075195,0.002035,0.271240,0.221924,0.054666,0.007175,0.127254,-0.104229,375.480011,15597.000000
3326.000000,28.221407,0.073730,0.001830,0.270264,0.221313,0.053984,0.006827,0.128769,-0.102922,413.130005,15448.000000
3327.000000,1.247081,0.074585,0.002296,0.269775,0.222534,0.053634,0.007366,0.126020,-0.102198,291.119995,15517.000000
3328.000000,26.702736,0.074829,0.002540,0.268555,0.223145,0.053880,0.007748,0.122878,-0.102245,417.359985,15464.000000
3329.000000,18.603216,0.075806,0.002627,0.268066,0.224609,0.054280,0.007857,0.122055,-0.102852,317.899994,15850.000000
3330.000000,22.212532,0.074951,0.002082,0.267944,0.223022,0.053913,0.007205,0.125470,-0.103381,374.869995,15695.000000
3331.000000,7.482999,0.075439,0.002373,0.268555,0.222534,0.054475,0.007442,0.123888,-0.104379,389.179993,15589.000000
3332.000000,-7.223042,0.075806,0.002885,0.267578,0.222778,0.054770,0.008018,0.120608,-0.106358,367.630005,15610.000000
3333.000000,19.849939,0.074097,0.002021,0.265137,0.221191,0.053504,0.007173,0.119912,-0.106455,418.799988,15789.000000
3334.000000,7.950582,0.074097,0.002292,0.266113,0.220703,0.054086,0.007415,0.122784,-0.106256,466.170013,15549.000000
3335.000000,14.060699,0.073975,0.002634,0.266479,0.220337,0.054244,0.007719,0.123550,-0.105440,425.470001,15680.000000
3336.000000,10.047985,0.074829,0.002558,0.267334,0.220093,0.054911,0.007644,0.125415,-0.104776,363.209991,15864.000000
3337.000000,-1.497148,0.073608,0.002161,0.267090,0.221313,0.054550,0.007357,0.124517,-0.104555,324.380005,15651.000000
3338.000000,16.232586,0.074463,0.002371,0.267090,0.222900,0.054644,0.007659,0.122231,-0.104247,386.130005,15636.000000
3339.000000,18.988136,0.074097,0.002125,0.266602,0.222168,0.054370,0.007321,0.122794,-0.104300,400.109985,15475.000000
3340.000000,-20.122032,0.074219,0.002174,0.267578,0.220093,0.053930,0.007284,0.119974,-0.105217,386.339996,15361.000000
3341.000000,-0.580188,0.073975,0.001721,0.267212,0.219360,0.053427,0.006689,0.121240,-0.104848,436.149994,15208.000000
3342.000000,-45.810947,0.074707,0.002105,0.269043,0.219482,0.054020,0.007037,0.123334,-0.103756,383.100006,15436.000000
3343.000000,-19.064270,0.075562,0.002138,0.270996,0.221436,0.054254,0.007117,0.126709,-0.102701,350.959991,15233.000000
3344.000000,12.793106,0.076172,0.002703,0.273071,0.222290,0.055040,0.007636,0.126392,-0.101695,480.059998,15815.000000
3345.000000,52.225227,0.076538,0.002262,0.271484,0.222778,0.055197,0.007261,0.123767,-0.101626,439.440002,15354.000000
3346.000000,8.841447,0.077271,0.002088,0.272583,0.222900,0.055015,0.007087,0.124616,-0.101640,458.529999,15616.000000
3347.000000,-28.276834,0.076294,0.002317,0.273560,0.221558,0.054799,0.007354,0.125229,-0.101937,401.839996,15660.000000
3348.000000,-3.290156,0.077271,0.002347,0.274536,0.220459,0.054723,0.007295,0.123582,-0.103557,381.420013,15296.000000
3349.000000,-17.039560,0.077148,0.001960,0.275757,0.220459,0.054417,0.006932,0.124749,-0.103305,371.500000,15503.000000
3350.000000,-0.345574,0.077515,0.002097,0.275635,0.220337,0.054669,0.007104,0.124888,-0.102439,437.690002,15144.000000
3351.000000,30.290693,0.077026,0.001837,0.273193,0.220337,0.054020,0.006755,0.122366,-0.102460,415.730011,15456.000000
3352.000000,-7.395186,0.077148,0.001697,0.274048,0.222046,0.054091,0.006772,0.123589,-0.100479,389.059998,15623.000000
3353.000000,15.554682,0.076782,0.001244,0.273438,0.222168,0.053121,0.006306,0.123889,-0.100497,327.540009,15752.000000
3354.000000,25.875216,0.076050,0.001471,0.272217,0.219971,0.052423,0.006540,0.117533,-0.103811,419.720001,15701.000000
3355.000000,10.134474,0.075684,0.001775,0.270142,0.218750,0.052238,0.006781,0.112405,-0.105181,488.000000,15511.000000
3356.000000,31.730911,0.074585,0.001845,0.269409,0.218140,0.051732,0.006885,0.114821,-0.102993,367.730011,15123.000000
3357.000000,9.146150,0.074829,0.001811,0.270630,0.219727,0.051907,0.006887,0.118755,-0.100714,379.109985,15152.000000
3358.000000,-5.941801,0.075439,0.002194,0.270630,0.220825,0.052247,0.007313,0.117627,-0.101109,420.290009,15166.000000
3359.000000,1.364731,0.076538,0.002169,0.270630,0.220825,0.052409,0.007248,0.118116,-0.101168,413.640015,15624.000000
3360.000000,23.425318,0.075684,0.002147,0.271240,0.221069,0.052105,0.007260,0.118542,-0.101890,477.679993,15509.000000
3361.000000,-4.484387,0.074951,0.002181,0.269653,0.220337,0.052467,0.007279,0.118406,-0.101724,386.579987,15519.000000
3362.000000,15.447418,0.075073,0.001970,0.270020,0.219482,0.052648,0.007195,0.121599,-0.099677,387.500000,15373.000000
3363.000000,-15.740123,0.073853,0.001705,0.268188,0.218750,0.051445,0.006870,0.119933,-0.100420,498.970001,15342.000000
3364.000000,51.262070,0.073975,0.001988,0.267334,0.218750,0.051220,0.007207,0.119296,-0.098727,502.869995,15204.000000
3365.000000,11.555772,0.073975,0.002204,0.267578,0.220337,0.051298,0.007425,0.119634,-0.099807,431.720001,15618.000000
3366.000000,-2.074597,0.073853,0.002320,0.267334,0.220581,0.051402,0.007459,0.115379,-0.101614,372.149994,15276.000000
3367.000000,6.796179,0.074707,0.002068,0.269653,0.218506,0.051513,0.007185,0.117368,-0.101283,386.049988,15534.000000
3368.000000,5.593682,0.075195,0.002644,0.270264,0.217773,0.052140,0.007696,0.118161,-0.098234,504.279999,15309.000000
3369.000000,-5.671247,0.074585,0.001865,0.270874,0.216553,0.051902,0.006960,0.119286,-0.098049,414.000000,15689.000000
3370.000000,21.300631,0.074341,0.001895,0.271484,0.216309,0.051635,0.007027,0.116235,-0.100890,405.769989,15490.000000
3371.000000,2.919744,0.074219,0.002225,0.271240,0.216431,0.051777,0.007396,0.112645,-0.101429,374.179993,15338.000000
3372.000000,33.622555,0.075439,0.002392,0.272583,0.216797,0.052392,0.007559,0.111000,-0.100447,505.420013,15475.000000
3373.000000,9.693798,0.075562,0.001846,0.271362,0.215698,0.051849,0.006924,0.112454,-0.103703,470.679993,15708.000000
3374.000000,23.606857,0.075195,0.001582,0.270874,0.216187,0.051160,0.006689,0.113224,-0.104830,428.190002,15540.000000
3375.000000,-15.565076,0.074707,0.001406,0.269165,0.216431,0.051311,0.006522,0.113842,-0.102612,404.380005,15145.000000
3376.000000,24.867203,0.074951,0.001814,0.268555,0.217041,0.051385,0.007025,0.112740,-0.104138,509.910004,15507.000000
3377.000000,19.637074,0.074585,0.001880,0.269897,0.217163,0.050991,0.007124,0.115713,-0.101321,448.670013,15226.000000
3378.000000,13.271271,0.074097,0.001697,0.268799,0.214722,0.050766,0.006811,0.120506,-0.101788,421.200012,15136.000000
3379.000000,48.945152,0.073486,0.002135,0.268433,0.215820,0.051010,0.007188,0.118765,-0.102153,372.709991,15219.000000
3380.000000,47.975620,0.072388,0.001552,0.267212,0.214478,0.050092,0.006670,0.117755,-0.104211,348.510010,14968.000000
3381.000000,4.394063,0.072388,0.002181,0.266357,0.214478,0.050330,0.007308,0.114907,-0.105939,430.519989,15365.000000
3382.000000,14.396623,0.071533,0.002175,0.265381,0.213623,0.050447,0.007428,0.118125,-0.101350,484.760010,15057.000000
3383.000000,-0.871933,0.072266,0.001771,0.265137,0.213989,0.050777,0.007078,0.119584,-0.102850,384.140015,15149.000000
3384.000000,-1.909891,0.072632,0.001727,0.266479,0.214355,0.050641,0.007109,0.121134,-0.101298,409.000000,15366.000000
3385.000000,-8.533801,0.071899,0.001869,0.264526,0.213745,0.050639,0.007239,0.120308,-0.100837,362.720001,14914.000000
3386.000000,24.041004,0.072632,0.001910,0.264526,0.214844,0.050916,0.007280,0.118939,-0.101530,432.220001,15406.000000
3387.000000,-16.648750,0.071777,0.001583,0.264160,0.214844,0.050453,0.007039,0.119697,-0.101375,353.950012,15247.000000
3388.000000,-10.805955,0.072388,0.001629,0.263428,0.216553,0.051047,0.007190,0.119271,-0.100268,406.929993,15166.000000
3389.000000,1.917321,0.073486,0.001485,0.265747,0.215576,0.051571,0.006957,0.119756,-0.101276,411.589996,15221.000000
3390.000000,2.605214,0.074463,0.001571,0.266968,0.215820,0.052028,0.007104,0.122495,-0.101038,400.369995,14975.000000
3391.000000,20.774511,0.074585,0.001769,0.267822,0.215454,0.052061,0.007274,0.122221,-0.101031,426.369995,15366.000000
3392.000000,26.145891,0.075562,0.001511,0.267334,0.216553,0.051818,0.007064,0.118842,-0.101469,402.570007,15155.000000
3393.000000,-3.650904,0.075684,0.001368,0.266968,0.216064,0.051731,0.006836,0.120141,-0.102069,442.269989,15160.000000
3394.000000,24.671888,0.075928,0.002006,0.265991,0.217896,0.052030,0.007496,0.119236,-0.102692,439.980011,15653.000000
3395.000000,31.420189,0.075195,0.001853,0.265625,0.216187,0.051458,0.007187,0.117944,-0.105456,354.480011,15203.000000
3396.000000,-7.629053,0.074585,0.001923,0.265015,0.215820,0.050844,0.007285,0.120013,-0.104838,400.000000,15313.000000
3397.000000,27.996431,0.074585,0.001783,0.265137,0.214355,0.051137,0.007185,0.122519,-0.105260,459.160004,15269.000000
3398.000000,8.341166,0.075195,0.001844,0.266724,0.214600,0.051453,0.007194,0.125271,-0.102919,386.299988,15221.000000
3399.000000,-27.242067,0.074585,0.001753,0.267456,0.215454,0.051848,0.007105,0.125589,-0.101824,367.000000,15373.000000
3400.000000,11.702130,0.075073,0.002249,0.267578,0.215576,0.052236,0.007577,0.124752,-0.100747,471.720001,15433.000000
3401.000000,-23.649393,0.074707,0.002172,0.267456,0.216797,0.052467,0.007656,0.120510,-0.100825,550.080017,15312.000000
3402.000000,-4.564662,0.074463,0.001702,0.268433,0.217407,0.052287,0.007282,0.121806,-0.099826,324.779999,15015.000000
3403.000000,0.401411,0.074707,0.001305,0.269531,0.215332,0.052390,0.006711,0.123377,-0.102310,371.600006,15035.000000
3404.000000,-20.363861,0.075684,0.001591,0.269165,0.215454,0.052619,0.007043,0.123252,-0.101650,404.829987,15172.000000
3405.000000,-17.754192,0.075195,0.001371,0.268555,0.215454,0.052316,0.006893,0.122392,-0.101013,431.410004,15335.000000
3406.000000,-7.765119,0.074585,0.001162,0.268555,0.215210,0.051876,0.006774,0.122084,-0.100939,405.500000,15103.000000
3407.000000,7.287436,0.074585,0.001589,0.267822,0.216431,0.052123,0.007157,0.122315,-0.099961,412.190002,15086.000000
3408.000000,-2.519573,0.076294,0.001691,0.268066,0.216309,0.052523,0.007239,0.122739,-0.101463,355.160004,15229.000000
3409.000000,-14.243514,0.076416,0.001570,0.269531,0.216187,0.052506,0.007130,0.122445,-0.100807,443.529999,15352.000000
3410.000000,5.817512,0.075806,0.001575,0.270386,0.214966,0.052289,0.007039,0.123914,-0.102014,360.220001,15302.000000
3411.000000,36.085159,0.074951,0.001615,0.268799,0.214722,0.051750,0.007062,0.122631,-0.102435,456.820007,15228.000000
3412.000000,6.973820,0.075806,0.001858,0.270996,0.214478,0.051961,0.007321,0.119806,-0.103501,363.200012,15215.000000
3413.000000,-7.420662,0.075684,0.001759,0.270874,0.215088,0.051930,0.007109,0.122516,-0.101734,436.640015,15085.000000
3414.000000,2.197676,0.075928,0.002073,0.272461,0.216675,0.052479,0.007445,0.125577,-0.099232,394.899994,15389.000000
3415.000000,31.497633,0.076050,0.001806,0.272705,0.217285,0.052198,0.007059,0.126855,-0.097849,381.959991,15052.000000
3416.000000,21.252405,0.076782,0.001395,0.273804,0.218750,0.052111,0.006725,0.126759,-0.100286,454.429993,15083.000000
3417.000000,-13.206070,0.075439,0.001040,0.272949,0.217773,0.051070,0.006334,0.122029,-0.102254,444.709991,15220.000000
3418.000000,20.025036,0.076416,0.001438,0.274048,0.218750,0.051791,0.006835,0.122193,-0.100003,422.010010,15120.000000
3419.000000,37.184380,0.075684,0.001374,0.275024,0.217041,0.051238,0.006748,0.122096,-0.099431,451.420013,15147.000000
3420.000000,19.269802,0.074463,0.001778,0.273682,0.217529,0.050507,0.007118,0.123261,-0.098192,388.700012,15045.000000
3421.000000,-0.026973,0.074951,0.001981,0.276245,0.217163,0.050882,0.007239,0.123163,-0.099514,435.019989,15035.000000
3422.000000,8.230322,0.075317,0.001555,0.276978,0.216553,0.051216,0.006884,0.120754,-0.102070,515.599976,15028.000000
3423.000000,32.916584,0.074829,0.002183,0.276123,0.217163,0.051913,0.007463,0.121144,-0.100735,384.170013,15417.000000
3424.000000,-11.380015,0.074951,0.002296,0.276855,0.217285,0.052320,0.007479,0.122683,-0.100319,475.390015,15236.000000
3425.000000,-20.310760,0.075684,0.002238,0.277466,0.216553,0.053271,0.007411,0.124380,-0.099453,470.380005,15217.000000
3426.000000,-2.241030,0.075317,0.001919,0.276855,0.215820,0.052712,0.007054,0.121390,-0.101189,445.260010,15111.000000
3427.000000,11.196324,0.076172,0.002613,0.276489,0.215942,0.053005,0.007680,0.117351,-0.099977,370.440002,15018.000000
3428.000000,-0.811933,0.076294,0.002360,0.276001,0.215576,0.052188,0.007441,0.119039,-0.100010,379.299988,15168.000000
3429.000000,19.792091,0.076172,0.002475,0.276733,0.215088,0.052019,0.007558,0.119687,-0.099315,427.649994,15314.000000
3430.000000,-17.785986,0.076538,0.002046,0.276855,0.215698,0.052091,0.007175,0.118004,-0.098380,451.700012,15635.000000
3431.000000,6.652756,0.075684,0.001852,0.275879,0.215210,0.051555,0.006951,0.117590,-0.100459,466.250000,15442.000000
3432.000000,-27.978216,0.075195,0.001696,0.274902,0.215576,0.051903,0.006841,0.117352,-0.101743,330.290009,15624.000000
3433.000000,21.506075,0.075073,0.002141,0.275024,0.215942,0.052126,0.007364,0.118751,-0.098493,394.399994,15517.000000
3434.000000,15.191703,0.074951,0.001936,0.275024,0.216187,0.052042,0.007171,0.121618,-0.097624,417.299988,15555.000000
3435.000000,19.309870,0.074829,0.001604,0.275757,0.215454,0.051742,0.006762,0.118769,-0.097832,546.719971,15500.000000
3436.000000,5.212150,0.073975,0.001701,0.274170,0.214722,0.051335,0.006774,0.117201,-0.099537,449.209991,15595.000000
3437.000000,47.563068,0.074097,0.001603,0.273926,0.214478,0.050885,0.006647,0.114557,-0.100511,495.980011,15564.000000
3438.000000,15.188871,0.074219,0.001707,0.273071,0.214844,0.050790,0.006832,0.112966,-0.097479,458.869995,15725.000000
3439.000000,53.392075,0.073853,0.001700,0.273560,0.214844,0.050576,0.006919,0.114334,-0.097269,486.239990,15506.000000
3440.000000,38.799568,0.072388,0.002188,0.272705,0.213989,0.050460,0.007376,0.116454,-0.098535,423.170013,15467.000000
3441.000000,-4.774465,0.072998,0.002244,0.274292,0.213379,0.050895,0.007346,0.118284,-0.097902,452.109985,15483.000000
3442.000000,-25.379910,0.072632,0.002377,0.273071,0.212158,0.051318,0.007458,0.115272,-0.098535,508.420013,15743.000000
3443.000000,10.439259,0.072388,0.002358,0.273682,0.210938,0.050679,0.007496,0.114704,-0.097002,392.500000,15596.000000
3444.000000,-0.533524,0.072510,0.002237,0.275269,0.210815,0.050555,0.007458,0.117800,-0.094102,403.480011,15602.000000
3445.000000,0.969826,0.073608,0.002650,0.275879,0.213257,0.051099,0.007921,0.120509,-0.091312,400.059998,15863.000000
3446.000000,-3.541860,0.073486,0.002499,0.276978,0.214600,0.050735,0.007881,0.122968,-0.089568,303.019989,15562.000000
3447.000000,-17.450144,0.073120,0.002502,0.276855,0.215332,0.050799,0.007894,0.121080,-0.090779,402.010010,15810.000000
3448.000000,42.603275,0.073486,0.002481,0.276245,0.215332,0.050716,0.007876,0.116947,-0.093262,465.929993,15776.000000
3449.000000,16.283648,0.074585,0.002208,0.277100,0.215698,0.050732,0.007653,0.116337,-0.092883,469.750000,15861.000000
3450.000000,58.609631,0.073364,0.001921,0.276123,0.214844,0.050044,0.007320,0.116313,-0.092973,516.039978,15610.000000
3451.000000,49.237946,0.073853,0.001892,0.276978,0.214966,0.049835,0.007290,0.116661,-0.093697,476.119995,15475.000000
3452.000000,26.135227,0.073120,0.002197,0.276245,0.213745,0.050043,0.007530,0.115768,-0.094557,464.859985,15562.000000
3453.000000,3.230114,0.073364,0.002317,0.276489,0.214111,0.050457,0.007693,0.111377,-0.095816,480.079987,15772.000000
3454.000000,21.832199,0.073975,0.002453,0.277344,0.215088,0.051051,0.007841,0.114914,-0.095102,442.940002,15890.000000
3455.000000,4.222014,0.074341,0.002381,0.276978,0.214966,0.051278,0.007733,0.117102,-0.093215,543.380005,15645.000000
3456.000000,-2.350391,0.074829,0.002374,0.276001,0.216919,0.051560,0.007852,0.117551,-0.091419,487.859985,15638.000000
3457.000000,6.089118,0.073853,0.002060,0.273804,0.216919,0.050890,0.007618,0.113843,-0.095163,501.709991,15893.000000
3458.000000,15.551458,0.073975,0.001868,0.274658,0.215576,0.050983,0.007339,0.114239,-0.096330,455.130005,15604.000000
3459.000000,25.896048,0.073608,0.001969,0.276245,0.215454,0.050828,0.007406,0.118689,-0.093621,498.410004,15833.000000
3460.000000,-30.451397,0.073975,0.002152,0.275757,0.214844,0.051262,0.007550,0.116925,-0.095153,430.179993,15552.000000
3461.000000,25.403481,0.073730,0.001791,0.275146,0.215942,0.050693,0.007371,0.117609,-0.094493,491.579987,15618.000000
3462.000000,-22.234489,0.073486,0.001637,0.276855,0.215454,0.050856,0.007140,0.119309,-0.096485,452.250000,15684.000000
3463.000000,29.283978,0.072998,0.001616,0.276367,0.214600,0.050633,0.007112,0.118315,-0.095525,488.010010,15673.000000
3464.000000,0.231167,0.071899,0.002061,0.275513,0.213745,0.050487,0.007580,0.117677,-0.095030,465.750000,15509.000000
3465.000000,-12.485193,0.072632,0.002018,0.275146,0.214844,0.050955,0.007725,0.117783,-0.095365,524.049988,15530.000000
3466.000000,-7.896226,0.072510,0.002083,0.275146,0.214600,0.050591,0.007710,0.121075,-0.096332,489.549988,15628.000000
3467.000000,-18.699268,0.073608,0.002115,0.276367,0.216919,0.051325,0.007890,0.121811,-0.093284,426.950012,15708.000000
3468.000000,-1.109741,0.073853,0.002331,0.275757,0.217285,0.051676,0.008057,0.122803,-0.092618,438.000000,15529.000000
3469.000000,30.277460,0.074463,0.002095,0.275391,0.217651,0.051393,0.007858,0.123446,-0.093162,433.470001,15590.000000
3470.000000,8.886750,0.073975,0.001768,0.273682,0.216675,0.050957,0.007473,0.119180,-0.095533,499.649994,15799.000000
3471.000000,15.983145,0.074463,0.001557,0.276489,0.214478,0.050886,0.007058,0.118752,-0.098640,402.489990,15682.000000
3472.000000,-7.940662,0.073853,0.001561,0.274170,0.213867,0.050076,0.007038,0.116743,-0.098270,419.160004,15369.000000
3473.000000,18.953360,0.073608,0.001550,0.274170,0.213135,0.049661,0.007084,0.116456,-0.096899,502.410004,15413.000000
3474.000000,14.137211,0.073608,0.001904,0.274414,0.213379,0.050020,0.007432,0.120103,-0.094977,532.479980,15516.000000
3475.000000,33.577076,0.074341,0.002216,0.274780,0.214355,0.050324,0.007872,0.122357,-0.093218,462.000000,15736.000000
3476.000000,19.104717,0.073975,0.001955,0.275146,0.214233,0.050141,0.007671,0.122071,-0.094969,450.769989,15748.000000
3477.000000,11.890030,0.074463,0.002129,0.275513,0.215576,0.050480,0.007851,0.121244,-0.095019,396.859985,15774.000000
3478.000000,41.737419,0.073486,0.001576,0.274170,0.214844,0.049760,0.007207,0.120642,-0.095141,486.429993,15701.000000
3479.000000,-15.805603,0.073608,0.001737,0.273682,0.215698,0.049672,0.007288,0.116037,-0.095292,455.179993,15473.000000
3480.000000,13.341173,0.072632,0.001506,0.274048,0.213623,0.049672,0.007076,0.115333,-0.097649,463.140015,15381.000000
3481.000000,26.090031,0.072144,0.001700,0.274170,0.214355,0.049190,0.007344,0.118156,-0.094572,410.269989,15424.000000
3482.000000,3.998922,0.073608,0.001931,0.275391,0.215942,0.049435,0.007582,0.115243,-0.094800,443.809998,15136.000000
3483.000000,28.495419,0.074219,0.002022,0.275391,0.216309,0.049387,0.007605,0.113618,-0.096559,456.200012,15362.000000
3484.000000,-11.042354,0.073853,0.001532,0.274414,0.215576,0.048447,0.007080,0.113373,-0.098258,412.890015,15385.000000
3485.000000,-28.758257,0.074463,0.001671,0.274414,0.215454,0.048682,0.007283,0.111301,-0.098081,521.780029,15505.000000
3486.000000,-12.786808,0.073853,0.001575,0.273315,0.214966,0.048354,0.007205,0.112811,-0.099258,387.820007,15855.000000
3487.000000,0.961053,0.074829,0.001585,0.274658,0.218140,0.048491,0.007321,0.121151,-0.094451,407.609985,15827.000000
3488.000000,35.945164,0.075195,0.001848,0.274658,0.217163,0.048620,0.007472,0.121173,-0.096508,493.470001,15874.000000
3489.000000,14.765394,0.074951,0.001493,0.273926,0.216553,0.048238,0.007136,0.122683,-0.097106,512.820007,15828.000000
3490.000000,3.449136,0.075195,0.001335,0.274658,0.216675,0.048505,0.006955,0.124037,-0.097534,445.320007,15482.000000
3491.000000,7.564007,0.075073,0.001390,0.273682,0.218262,0.048814,0.007209,0.124602,-0.096883,429.100006,15610.000000
3492.000000,-24.960016,0.075073,0.001475,0.273193,0.217407,0.049153,0.007252,0.123963,-0.096947,501.500000,15548.000000
3493.000000,-16.251560,0.074219,0.001636,0.273315,0.217163,0.049202,0.007292,0.126730,-0.094892,474.390015,15019.000000
3494.000000,-9.223398,0.073486,0.001453,0.274536,0.217163,0.049158,0.007082,0.131384,-0.093098,464.970001,15258.000000
3495.000000,-24.102818,0.074341,0.001616,0.276123,0.217041,0.049571,0.007230,0.127068,-0.097224,467.230011,15270.000000
3496.000000,29.495930,0.073730,0.001453,0.275757,0.216675,0.049058,0.007020,0.123884,-0.097527,456.239990,15392.000000
3497.000000,25.780195,0.074219,0.001230,0.275635,0.218262,0.048849,0.006834,0.122870,-0.097084,470.760010,15076.000000
3498.000000,47.979385,0.074707,0.001662,0.275269,0.218140,0.049397,0.007249,0.121174,-0.099659,467.250000,15386.000000
3499.000000,-7.178545,0.075317,0.001770,0.274536,0.219727,0.049746,0.007396,0.118489,-0.102723,431.739990,15481.000000
3500.000000,-6.562017,0.075562,0.001861,0.274902,0.219360,0.050218,0.007431,0.119786,-0.101827,421.019989,15203.000000
3501.000000,10.995487,0.075317,0.001814,0.274658,0.218018,0.049949,0.007281,0.117259,-0.103027,436.519989,15137.000000
3502.000000,-39.050369,0.074707,0.001473,0.274292,0.218262,0.050254,0.006984,0.119974,-0.100977,325.140015,15565.000000
3503.000000,50.940941,0.074341,0.001343,0.273438,0.218262,0.050144,0.006800,0.121375,-0.100996,484.720001,15233.000000
3504.000000,15.289749,0.074829,0.001801,0.273315,0.218628,0.050557,0.007210,0.119792,-0.100432,436.859985,15245.000000
3505.000000,12.574646,0.074829,0.001776,0.273315,0.219482,0.050488,0.007085,0.120941,-0.099750,483.369995,15184.000000
3506.000000,-5.389678,0.074951,0.001861,0.272583,0.219360,0.050520,0.007154,0.114860,-0.103163,481.480011,15447.000000
3507.000000,36.566387,0.074829,0.001766,0.271729,0.218384,0.050155,0.007107,0.115567,-0.102680,530.489990,15396.000000
3508.000000,-7.039789,0.075684,0.001629,0.271362,0.218628,0.050198,0.006967,0.116461,-0.101572,427.630005,15511.000000
3509.000000,56.788475,0.075562,0.001837,0.271729,0.218018,0.049518,0.007169,0.118024,-0.100127,340.390015,15381.000000
3510.000000,-5.781137,0.074585,0.001959,0.270264,0.218384,0.049362,0.007317,0.116596,-0.099191,369.950012,15309.000000
3511.000000,-3.123442,0.074219,0.001913,0.269897,0.218262,0.048850,0.007266,0.116597,-0.100384,452.660004,15337.000000
3512.000000,51.780048,0.074829,0.001682,0.271362,0.218384,0.048707,0.007026,0.115250,-0.102715,442.859985,14966.000000
3513.000000,23.285637,0.074341,0.001743,0.270874,0.218018,0.048645,0.007077,0.116833,-0.101036,420.040009,15040.000000
3514.000000,-11.950219,0.075317,0.002384,0.273193,0.218140,0.049638,0.007717,0.117132,-0.099380,386.230011,15371.000000
3515.000000,-13.335627,0.075073,0.001774,0.273193,0.217896,0.049613,0.007149,0.115901,-0.099346,389.579987,15291.000000
3516.000000,43.526386,0.076660,0.002315,0.273560,0.218750,0.050300,0.007760,0.116195,-0.097790,489.170013,15280.000000
3517.000000,7.004869,0.075928,0.001707,0.273071,0.218872,0.049752,0.007184,0.119173,-0.097170,476.940002,15266.000000
3518.000000,5.746878,0.075317,0.001784,0.272461,0.218994,0.049718,0.007181,0.117458,-0.098433,476.329987,15272.000000
3519.000000,31.524870,0.074951,0.001941,0.271851,0.218506,0.049888,0.007226,0.117592,-0.098974,459.779999,14917.000000
3520.000000,26.426739,0.075073,0.001701,0.271606,0.218628,0.049569,0.007031,0.115063,-0.098420,411.390015,14933.000000
3521.000000,-16.459982,0.075073,0.001763,0.270508,0.217773,0.049683,0.006903,0.117479,-0.097791,413.470001,15084.000000
3522.000000,24.987204,0.075073,0.001773,0.271362,0.217529,0.049804,0.006903,0.117056,-0.098278,398.170013,15258.000000
3523.000000,38.838310,0.074707,0.001765,0.271973,0.219727,0.049666,0.007041,0.116939,-0.096638,454.880005,15004.000000
3524.000000,-4.981225,0.074463,0.001879,0.271362,0.219482,0.049668,0.007106,0.114715,-0.099605,430.700012,15148.000000
3525.000000,-9.778499,0.075684,0.002028,0.271606,0.221191,0.050194,0.007254,0.117996,-0.097756,543.590027,15315.000000
3526.000000,22.663702,0.076172,0.001968,0.270630,0.221924,0.050022,0.007313,0.119359,-0.097380,461.079987,15172.000000
3527.000000,7.970170,0.075684,0.001649,0.270996,0.220947,0.049818,0.006975,0.119775,-0.099152,496.760010,14862.000000
3528.000000,9.688905,0.075806,0.001618,0.270264,0.220093,0.049864,0.006956,0.118458,-0.098732,413.209991,15031.000000
3529.000000,-24.818884,0.075439,0.001692,0.268311,0.220581,0.049505,0.007093,0.118101,-0.098505,452.200012,15058.000000
3530.000000,12.666451,0.075317,0.001907,0.268066,0.220337,0.049888,0.007292,0.120485,-0.096925,513.320007,15232.000000
3531.000000,29.837122,0.076050,0.001631,0.268311,0.222046,0.049730,0.007156,0.120653,-0.096989,410.720001,15061.000000
3532.000000,-2.793456,0.075684,0.002031,0.268433,0.221313,0.049521,0.007415,0.119907,-0.099240,404.980011,15109.000000
3533.000000,14.601025,0.075073,0.002277,0.267212,0.220093,0.049785,0.007568,0.119443,-0.098430,384.709991,15074.000000
3534.000000,-7.331304,0.074097,0.001681,0.265137,0.218262,0.049284,0.007182,0.115535,-0.100162,434.029999,15164.000000
3535.000000,26.641411,0.072754,0.001558,0.264282,0.218628,0.048543,0.007121,0.112927,-0.100787,462.630005,14842.000000
3536.000000,10.899430,0.073364,0.001460,0.265991,0.217651,0.048695,0.006908,0.113115,-0.102882,491.910004,15192.000000
3537.000000,9.868156,0.072876,0.001481,0.265625,0.218628,0.048169,0.007011,0.111842,-0.101917,432.170013,15443.000000
3538.000000,-0.348238,0.072144,0.001808,0.264526,0.217773,0.048199,0.007292,0.110907,-0.101805,444.559998,15072.000000
3539.000000,21.402203,0.072632,0.001856,0.265259,0.218262,0.048751,0.007315,0.108562,-0.101258,412.220001,15105.000000
3540.000000,14.351938,0.072388,0.002056,0.265015,0.218506,0.048944,0.007508,0.109879,-0.102743,398.489990,14885.000000
3541.000000,24.533073,0.072632,0.002063,0.263062,0.217896,0.048730,0.007488,0.109397,-0.101387,469.079987,15184.000000
3542.000000,49.359592,0.072021,0.001880,0.261108,0.217773,0.048241,0.007373,0.109898,-0.100072,508.760010,15142.000000
3543.000000,10.780171,0.072266,0.001982,0.262207,0.218140,0.048611,0.007581,0.113414,-0.098924,415.079987,15258.000000
3544.000000,-23.518030,0.073242,0.002280,0.264648,0.217651,0.049745,0.007829,0.117639,-0.098882,393.929993,15001.000000
3545.000000,-19.373016,0.073730,0.002288,0.266357,0.218872,0.050295,0.008009,0.117048,-0.100514,299.899994,15099.000000
3546.000000,-16.667484,0.073975,0.002656,0.267212,0.218872,0.050779,0.008381,0.117246,-0.098808,495.769989,15003.000000
3547.000000,11.259681,0.074097,0.002515,0.267944,0.219116,0.051208,0.008241,0.118231,-0.099358,412.920013,15184.000000
3548.000000,-9.314651,0.074463,0.002342,0.268066,0.219971,0.051488,0.008002,0.117127,-0.100676,419.510010,15124.000000
3549.000000,-9.460042,0.073853,0.002160,0.267456,0.218994,0.051102,0.007755,0.115553,-0.101317,362.269989,15109.000000
3550.000000,28.254398,0.074951,0.002069,0.269775,0.219482,0.051578,0.007668,0.115896,-0.102309,420.299988,14890.000000
3551.000000,17.708794,0.074585,0.002358,0.269287,0.218018,0.051620,0.007943,0.115076,-0.101972,435.970001,15277.000000
3552.000000,-19.529373,0.074951,0.002395,0.269897,0.218018,0.052056,0.007933,0.116914,-0.100501,406.420013,15137.000000
3553.000000,15.408316,0.075195,0.002509,0.270386,0.220337,0.052199,0.008096,0.115855,-0.100033,414.540009,15002.000000
3554.000000,49.512562,0.074829,0.002433,0.269043,0.219360,0.051968,0.007950,0.114694,-0.102300,430.540009,15430.000000
3555.000000,-22.942976,0.073853,0.002051,0.269287,0.216797,0.051790,0.007440,0.112143,-0.104294,450.950012,15215.000000
3556.000000,17.930046,0.074219,0.002283,0.269653,0.216431,0.051854,0.007690,0.110584,-0.105349,426.089996,15195.000000
3557.000000,-3.033068,0.073853,0.001870,0.269043,0.216064,0.051157,0.007290,0.110861,-0.104210,391.380005,15285.000000
3558.000000,-7.936147,0.073608,0.002261,0.268311,0.216187,0.051207,0.007718,0.110911,-0.100373,340.959991,15469.000000
3559.000000,22.905746,0.074097,0.002033,0.268311,0.216553,0.051163,0.007523,0.110758,-0.101021,449.470001,14915.000000
3560.000000,1.115120,0.073364,0.002103,0.267090,0.215698,0.050487,0.007602,0.108250,-0.100066,423.119995,15203.000000
3561.000000,35.055038,0.073730,0.002613,0.265869,0.216919,0.050045,0.008174,0.106818,-0.102649,382.089996,15231.000000
3562.000000,26.104307,0.073364,0.002523,0.265747,0.217041,0.049830,0.007983,0.105567,-0.102858,415.519989,15647.000000
3563.000000,18.244694,0.073364,0.002296,0.265137,0.215942,0.049516,0.007630,0.105116,-0.103536,408.970001,15420.000000
3564.000000,-4.925692,0.073364,0.002120,0.264893,0.217285,0.049555,0.007530,0.105021,-0.104486,482.670013,15317.000000
3565.000000,-3.872838,0.073242,0.002271,0.264771,0.216919,0.049553,0.007789,0.106857,-0.103224,457.459991,15425.000000
3566.000000,4.577107,0.074219,0.002575,0.265869,0.216675,0.049832,0.008121,0.106702,-0.104744,365.559998,15432.000000
3567.000000,-14.977656,0.074463,0.002638,0.267822,0.216064,0.050337,0.008106,0.106666,-0.105120,368.809998,15567.000000
3568.000000,4.340963,0.074585,0.002930,0.267334,0.215942,0.051110,0.008355,0.108463,-0.103398,346.049988,15581.000000
3569.000000,16.790215,0.074707,0.002394,0.267822,0.216431,0.051276,0.007822,0.112116,-0.101730,436.940002,15313.000000
3570.000000,17.489943,0.074951,0.002432,0.268311,0.217407,0.051398,0.007863,0.113723,-0.101407,397.869995,15919.000000
3571.000000,-0.797008,0.074585,0.002121,0.268433,0.217529,0.050701,0.007563,0.114643,-0.100728,368.769989,15871.000000
3572.000000,-2.222756,0.074097,0.002152,0.266235,0.217041,0.050370,0.007577,0.108833,-0.104076,404.049988,15907.000000
3573.000000,0.737415,0.074341,0.002075,0.266113,0.216919,0.050267,0.007441,0.104650,-0.103763,390.049988,15703.000000
3574.000000,2.790184,0.074707,0.002271,0.267822,0.217163,0.050740,0.007693,0.107726,-0.103552,421.109985,15579.000000
3575.000000,-6.856396,0.076294,0.002417,0.269165,0.219849,0.051194,0.007936,0.111251,-0.100053,456.010010,15608.000000
3576.000000,0.886725,0.076782,0.002300,0.271240,0.221802,0.051683,0.007909,0.111649,-0.101220,426.899994,15500.000000
3577.000000,11.460765,0.076660,0.002377,0.270996,0.219849,0.051580,0.007836,0.109388,-0.104766,389.279999,15543.000000
3578.000000,6.701435,0.075928,0.002034,0.271118,0.218628,0.051534,0.007415,0.107299,-0.105690,394.200012,15330.000000
3579.000000,-36.124550,0.076050,0.002187,0.272217,0.218872,0.051667,0.007564,0.108736,-0.102710,405.209991,15368.000000
3580.000000,21.923653,0.075317,0.001742,0.270386,0.219238,0.051318,0.007150,0.110421,-0.101972,397.200012,15598.000000
3581.000000,7.485906,0.074829,0.001885,0.271484,0.220459,0.051252,0.007355,0.109109,-0.102658,432.290009,15667.000000
3582.000000,6.560471,0.074097,0.002323,0.270020,0.221191,0.051271,0.007755,0.108173,-0.103544,409.859985,15486.000000
3583.000000,30.262159,0.074829,0.002438,0.268921,0.221558,0.051429,0.007825,0.107432,-0.104964,426.910004,15419.000000
3584.000000,-14.154011,0.075562,0.002019,0.268921,0.222534,0.051684,0.007415,0.106888,-0.102043,432.869995,15890.000000
3585.000000,0.120269,0.075195,0.002052,0.268677,0.223877,0.051362,0.007482,0.108822,-0.101025,367.510010,15219.000000
3586.000000,48.420494,0.075317,0.002664,0.268799,0.224609,0.051620,0.008252,0.109987,-0.100024,427.010010,15490.000000
3587.000000,-12.690508,0.074219,0.002063,0.267578,0.223267,0.051283,0.007512,0.111687,-0.103226,383.170013,15390.000000
3588.000000,-6.541876,0.073730,0.002084,0.266479,0.221802,0.051245,0.007408,0.107437,-0.105656,438.619995,15435.000000
3589.000000,-3.551898,0.072998,0.002425,0.265991,0.222656,0.051016,0.007814,0.105054,-0.104766,462.559998,15543.000000
3590.000000,-4.430309,0.071899,0.001945,0.265259,0.220825,0.050312,0.007367,0.103352,-0.104493,451.420013,15434.000000
3591.000000,-9.126663,0.072632,0.002127,0.265625,0.221802,0.050542,0.007616,0.105782,-0.101133,408.959991,15304.000000
3592.000000,-5.752145,0.073120,0.002417,0.266602,0.223755,0.050729,0.007878,0.108519,-0.100856,372.829987,15294.000000
3593.000000,5.338078,0.073608,0.002648,0.266357,0.225220,0.050873,0.008245,0.107113,-0.099724,385.880005,15475.000000
3594.000000,-1.055115,0.072632,0.001817,0.266479,0.223022,0.050027,0.007363,0.105661,-0.102786,422.100006,15436.000000
3595.000000,1.001687,0.071777,0.001750,0.265137,0.221191,0.049249,0.007217,0.104878,-0.102357,431.359985,15347.000000
3596.000000,-6.008535,0.071777,0.001409,0.265259,0.220947,0.048918,0.006911,0.105526,-0.101539,405.070007,15343.000000
3597.000000,-0.723871,0.072510,0.001924,0.266357,0.222168,0.049692,0.007405,0.107966,-0.101139,385.850006,15547.000000
3598.000000,12.113144,0.072632,0.002396,0.265137,0.223633,0.049875,0.007925,0.108594,-0.099098,351.390015,15741.000000
3599.000000,-11.769427,0.072754,0.002257,0.265137,0.224243,0.050112,0.007951,0.110576,-0.099121,402.399994,15318.000000
3600.000000,18.287174,0.072266,0.001936,0.264038,0.223267,0.049750,0.007550,0.110522,-0.102782,382.899994,15375.000000
3601.000000,3.204847,0.073364,0.002394,0.265259,0.224609,0.050028,0.008102,0.107664,-0.104096,427.609985,15461.000000
3602.000000,15.404355,0.072876,0.002184,0.264404,0.225342,0.049983,0.007995,0.109484,-0.101773,369.359985,15625.000000
3603.000000,0.295371,0.073853,0.002297,0.266113,0.226318,0.050238,0.008039,0.111814,-0.100375,409.019989,15468.000000
3604.000000,-26.634056,0.074707,0.001978,0.268188,0.227173,0.050839,0.007585,0.114680,-0.100308,437.089996,15621.000000
3605.000000,34.871403,0.073975,0.001943,0.266968,0.225830,0.050056,0.007517,0.114849,-0.100835,398.980011,15418.000000
3606.000000,-31.807074,0.073608,0.002208,0.266846,0.224731,0.050652,0.007764,0.109747,-0.105618,391.480011,15216.000000
3607.000000,-34.023849,0.074097,0.001820,0.266846,0.224976,0.050704,0.007378,0.109639,-0.104504,378.760010,15466.000000
3608.000000,1.342597,0.072754,0.001563,0.265503,0.224121,0.049870,0.007154,0.109634,-0.103326,418.179993,15399.000000
3609.000000,7.791417,0.073364,0.002599,0.264160,0.225464,0.050824,0.008304,0.107242,-0.103107,466.029999,15339.000000
3610.000000,2.872309,0.073120,0.002369,0.263428,0.224854,0.050894,0.008089,0.108877,-0.103381,389.899994,15392.000000
3611.000000,-2.338603,0.072998,0.001941,0.264526,0.223633,0.050680,0.007633,0.109378,-0.102368,350.720001,15541.000000
3612.000000,5.374632,0.074219,0.002976,0.264771,0.226562,0.051864,0.008776,0.112177,-0.097939,390.119995,15294.000000
3613.000000,21.406809,0.073730,0.002420,0.263672,0.226196,0.051418,0.008253,0.109709,-0.100234,402.510010,14835.000000
3614.000000,7.773872,0.074219,0.002829,0.263306,0.226929,0.052375,0.008578,0.110592,-0.101885,411.559998,14940.000000
3615.000000,-1.120823,0.074951,0.002448,0.263550,0.228271,0.052509,0.008118,0.110090,-0.101609,393.959991,15004.000000
3616.000000,5.648434,0.074585,0.002215,0.263550,0.228516,0.052129,0.007914,0.112680,-0.100599,382.549988,15084.000000
3617.000000,18.932629,0.075439,0.002244,0.263062,0.229370,0.051197,0.007940,0.112638,-0.100734,303.950012,15815.000000
3618.000000,-25.313148,0.073853,0.001979,0.261963,0.227661,0.050796,0.007621,0.111300,-0.101471,370.140015,15876.000000
3619.000000,-4.200789,0.074585,0.002090,0.263306,0.229492,0.051383,0.007780,0.114254,-0.098894,381.779999,15969.000000
3620.000000,-0.909837,0.074463,0.001926,0.262695,0.230225,0.050939,0.007751,0.112752,-0.099574,338.160004,15894.000000
3621.000000,1.217949,0.074829,0.002442,0.262939,0.230103,0.051193,0.008257,0.109296,-0.100639,404.670013,15835.000000
3622.000000,28.588655,0.074463,0.002182,0.263794,0.230103,0.051230,0.007979,0.110986,-0.100399,352.070007,15947.000000
3623.000000,-1.469398,0.074829,0.002579,0.262939,0.228638,0.051460,0.008232,0.111286,-0.101249,420.359985,15957.000000
3624.000000,0.325128,0.074097,0.002384,0.263916,0.227905,0.051020,0.008042,0.110518,-0.101872,385.170013,15923.000000
3625.000000,-21.500101,0.075073,0.003126,0.265747,0.228638,0.052186,0.008725,0.112902,-0.100338,408.220001,15895.000000
3626.000000,-7.550162,0.075562,0.003400,0.265625,0.227539,0.052319,0.008945,0.112620,-0.101430,394.329987,15714.000000
3627.000000,19.711035,0.076172,0.003078,0.267700,0.226196,0.052922,0.008477,0.115895,-0.100617,372.959991,15709.000000
3628.000000,-26.651144,0.075928,0.002604,0.265747,0.224731,0.052377,0.007970,0.115134,-0.099995,345.420013,15957.000000
3629.000000,-11.509749,0.074707,0.002311,0.263916,0.223755,0.051570,0.007662,0.107365,-0.103690,330.769989,15698.000000
3630.000000,-39.422009,0.075806,0.002537,0.262817,0.224243,0.052257,0.007823,0.107606,-0.103611,482.859985,15776.000000
3631.000000,-19.440725,0.075195,0.002521,0.263794,0.223267,0.051725,0.007826,0.110695,-0.101106,405.739990,15824.000000
3632.000000,-8.980716,0.074951,0.002560,0.263794,0.224243,0.051794,0.007925,0.115395,-0.100220,446.309998,15916.000000
3633.000000,-11.996419,0.075073,0.002682,0.261353,0.224243,0.051588,0.007987,0.114044,-0.100792,363.660004,15471.000000
3634.000000,-21.979116,0.074707,0.002800,0.262573,0.224243,0.051610,0.008021,0.113682,-0.101723,370.019989,15359.000000
3635.000000,-20.172972,0.075562,0.002827,0.262207,0.225830,0.051918,0.008130,0.113551,-0.099543,447.029999,15377.000000
3636.000000,-18.986542,0.075439,0.002275,0.262573,0.225220,0.051646,0.007654,0.113931,-0.099955,405.170013,15342.000000
3637.000000,9.922396,0.075073,0.002198,0.261841,0.225464,0.051734,0.007635,0.111795,-0.101830,319.630005,15360.000000
3638.000000,15.346982,0.075073,0.002107,0.262695,0.223999,0.051630,0.007538,0.111136,-0.102530,448.260010,14974.000000
3639.000000,23.718254,0.075562,0.002184,0.262207,0.223999,0.051316,0.007580,0.108537,-0.101627,407.359985,15199.000000
3640.000000,-24.285244,0.075806,0.001838,0.262573,0.223877,0.051150,0.007171,0.111615,-0.100678,473.000000,15237.000000
3641.000000,-8.299515,0.075684,0.001847,0.264648,0.223511,0.050975,0.007185,0.115661,-0.100479,348.429993,15293.000000
3642.000000,-7.895223,0.074707,0.001672,0.263672,0.223389,0.050780,0.006982,0.113957,-0.102236,342.750000,15394.000000
3643.000000,30.907906,0.074219,0.002124,0.263550,0.222778,0.051230,0.007282,0.109140,-0.103207,433.380005,15104.000000
3644.000000,4.087597,0.073853,0.002472,0.261719,0.222656,0.051240,0.007615,0.106771,-0.103830,446.190002,15288.000000
3645.000000,-12.364329,0.073486,0.002223,0.261108,0.221191,0.051225,0.007269,0.109984,-0.103754,397.500000,15162.000000
3646.000000,27.232056,0.073486,0.002317,0.262085,0.220215,0.051276,0.007341,0.111667,-0.103397,430.589996,15220.000000
3647.000000,1.794362,0.073730,0.002437,0.260986,0.220337,0.051484,0.007492,0.111097,-0.102698,386.470001,15554.000000
3648.000000,14.189778,0.073730,0.002417,0.259888,0.221069,0.051132,0.007528,0.111971,-0.101866,392.140015,15193.000000
3649.000000,-4.219790,0.072876,0.001836,0.260864,0.221558,0.050986,0.007033,0.112159,-0.102663,434.959991,15542.000000
3650.000000,3.130535,0.071533,0.001682,0.259277,0.220581,0.050832,0.006737,0.112134,-0.104784,387.959991,15118.000000
3651.000000,1.318500,0.071167,0.002225,0.259644,0.222778,0.051450,0.007301,0.110643,-0.103581,434.200012,15390.000000
3652.000000,-3.451588,0.071411,0.002844,0.259644,0.221558,0.051521,0.007948,0.112530,-0.102698,325.510010,15510.000000
3653.000000,-25.362993,0.072021,0.002957,0.260498,0.221924,0.052102,0.007948,0.112572,-0.103062,311.279999,15286.000000
3654.000000,-19.774908,0.071899,0.002945,0.259399,0.223022,0.052440,0.007976,0.112570,-0.103144,301.459991,15408.000000
3655.000000,35.385998,0.072144,0.002849,0.260376,0.222778,0.052849,0.007837,0.113511,-0.103657,352.220001,15302.000000
3656.000000,-13.859522,0.072388,0.002506,0.261597,0.223877,0.053225,0.007525,0.113950,-0.102438,424.179993,15281.000000
3657.000000,24.436888,0.073120,0.002602,0.261597,0.224976,0.053186,0.007645,0.116116,-0.101494,430.869995,15350.000000
3658.000000,13.452073,0.072998,0.002486,0.261230,0.224365,0.053150,0.007520,0.117451,-0.100352,432.720001,15378.000000
3659.000000,-20.206202,0.072266,0.002290,0.260254,0.224976,0.052850,0.007499,0.117230,-0.100183,368.820007,15122.000000
3660.000000,22.219576,0.072998,0.002521,0.259888,0.223755,0.053021,0.007653,0.116319,-0.101721,382.470001,15230.000000
3661.000000,-28.937845,0.072998,0.002211,0.260620,0.225220,0.053379,0.007385,0.117587,-0.100515,431.519989,15532.000000
3662.000000,37.531834,0.071777,0.002372,0.259277,0.225830,0.052841,0.007509,0.117575,-0.100393,384.760010,15639.000000
3663.000000,8.652827,0.071167,0.001939,0.260010,0.225220,0.052665,0.007082,0.114324,-0.103665,372.839996,15533.000000
3664.000000,-7.309023,0.070312,0.001505,0.258545,0.223511,0.051697,0.006649,0.111879,-0.103234,386.850006,15383.000000
3665.000000,10.062258,0.070068,0.001878,0.257080,0.223755,0.051651,0.006976,0.111255,-0.103350,342.799988,15337.000000
3666.000000,28.391888,0.069458,0.002094,0.255737,0.224121,0.051883,0.007209,0.111157,-0.102027,485.309998,15403.000000
3667.000000,-3.716511,0.069824,0.001845,0.256958,0.225342,0.051755,0.006958,0.114649,-0.101743,410.109985,15152.000000
3668.000000,2.612847,0.069092,0.001242,0.257935,0.225464,0.051112,0.006428,0.118677,-0.100294,359.299988,15285.000000
3669.000000,8.327645,0.069580,0.001989,0.258057,0.224609,0.051969,0.007241,0.115889,-0.101950,404.100006,15408.000000
3670.000000,-2.394187,0.069824,0.002322,0.258057,0.223389,0.052316,0.007373,0.112769,-0.102252,334.079987,15183.000000
3671.000000,20.856936,0.069580,0.002287,0.256958,0.223022,0.052238,0.007338,0.112490,-0.099736,398.220001,15347.000000
3672.000000,-7.201392,0.069824,0.002539,0.256226,0.225098,0.052160,0.007727,0.114141,-0.098663,332.309998,15489.000000
3673.000000,-4.602042,0.069946,0.002351,0.257324,0.223389,0.051967,0.007450,0.110929,-0.103137,410.799988,15444.000000
3674.000000,5.058052,0.069214,0.002695,0.256226,0.222290,0.052208,0.007869,0.109513,-0.103477,380.359985,15668.000000
3675.000000,-1.848526,0.069214,0.002024,0.255981,0.221069,0.052061,0.007256,0.106946,-0.104017,394.750000,15439.000000
3676.000000,-10.041269,0.068604,0.002126,0.256104,0.220215,0.051769,0.007360,0.112724,-0.100715,352.000000,15521.000000
3677.000000,-7.237661,0.069336,0.002557,0.257446,0.220581,0.052639,0.007769,0.114369,-0.100962,378.799988,15325.000000
3678.000000,-27.246233,0.070435,0.003048,0.259277,0.221191,0.053663,0.008287,0.113005,-0.102598,354.929993,15256.000000
3679.000000,-6.872727,0.070801,0.002861,0.259277,0.221680,0.054048,0.008133,0.114101,-0.100584,364.940002,15309.000000
3680.000000,-8.343959,0.069336,0.003001,0.256592,0.219360,0.053505,0.008178,0.111133,-0.103689,406.709991,15278.000000
3681.000000,27.622595,0.069336,0.002539,0.257202,0.219604,0.053517,0.007724,0.114239,-0.102724,406.170013,15217.000000
3682.000000,14.359541,0.068726,0.001876,0.256714,0.219482,0.052385,0.007094,0.112803,-0.104268,348.980011,15334.000000
3683.000000,10.430860,0.070435,0.002874,0.258179,0.220703,0.053374,0.008090,0.113994,-0.101012,347.829987,15222.000000
3684.000000,13.783690,0.070068,0.002477,0.257080,0.220215,0.053261,0.007693,0.113682,-0.100701,371.929993,15178.000000
3685.000000,22.341780,0.068970,0.002401,0.255249,0.219238,0.052446,0.007568,0.110707,-0.103844,384.329987,15073.000000
3686.000000,-12.168140,0.068359,0.001881,0.255005,0.219116,0.051860,0.007108,0.108883,-0.103759,307.619995,15306.000000
3687.000000,-2.495634,0.067993,0.001420,0.255371,0.219238,0.051278,0.006741,0.113270,-0.102839,374.619995,15328.000000
3688.000000,10.228285,0.069702,0.002621,0.257080,0.221313,0.052410,0.007988,0.113617,-0.101727,413.640015,15249.000000
3689.000000,-23.747643,0.071045,0.003203,0.259644,0.221069,0.053611,0.008570,0.115826,-0.100895,416.339996,15544.000000
3690.000000,15.168899,0.071533,0.002942,0.259521,0.219849,0.054250,0.008163,0.115570,-0.101882,383.429993,15422.000000
3691.000000,39.917225,0.070190,0.002190,0.257812,0.219727,0.053275,0.007384,0.115615,-0.102218,403.130005,15625.000000
3692.000000,13.641656,0.069702,0.001973,0.257446,0.219482,0.052865,0.007117,0.115488,-0.102885,355.929993,15524.000000
3693.000000,-21.667620,0.070312,0.002192,0.257935,0.218506,0.053226,0.007326,0.112947,-0.103640,322.570007,15676.000000
3694.000000,-16.102421,0.070312,0.002236,0.258423,0.218750,0.053081,0.007429,0.114938,-0.101670,451.779999,15500.000000
3695.000000,-21.801807,0.069824,0.001858,0.257812,0.218018,0.053268,0.007133,0.114121,-0.103780,397.410004,15556.000000
3696.000000,8.816174,0.069580,0.002266,0.258301,0.218628,0.053487,0.007590,0.115174,-0.102492,430.820007,15485.000000
3697.000000,-7.419815,0.068359,0.002190,0.257812,0.216675,0.053743,0.007430,0.115542,-0.103534,393.899994,15096.000000
3698.000000,-10.383746,0.067749,0.002110,0.256714,0.218018,0.053469,0.007389,0.112728,-0.105325,402.339996,15050.000000
3699.000000,24.427729,0.067383,0.001728,0.256958,0.218384,0.053075,0.007038,0.112669,-0.104642,350.269989,15201.000000
3700.000000,15.102624,0.068115,0.002164,0.257935,0.219482,0.053298,0.007372,0.110632,-0.104009,343.489990,15147.000000
3701.000000,14.292678,0.068726,0.002086,0.259033,0.220093,0.053611,0.007371,0.113954,-0.102447,402.269989,14931.000000
3702.000000,4.022599,0.068237,0.002099,0.258789,0.218750,0.053499,0.007337,0.112430,-0.105568,372.950012,15033.000000
3703.000000,11.749872,0.068848,0.002683,0.259399,0.220337,0.054332,0.007914,0.114002,-0.105221,368.279999,14932.000000
3704.000000,16.352777,0.069458,0.002358,0.259888,0.221558,0.054499,0.007507,0.116556,-0.103646,333.899994,15357.000000
3705.000000,7.045041,0.069092,0.002364,0.258911,0.220703,0.054733,0.007418,0.115879,-0.104805,457.390015,15208.000000
3706.000000,-7.516398,0.069580,0.002047,0.259888,0.222534,0.054892,0.007328,0.117469,-0.102321,433.559998,15113.000000
3707.000000,15.606219,0.069702,0.002259,0.259521,0.221191,0.054290,0.007389,0.116598,-0.106004,278.809998,15317.000000
3708.000000,4.731768,0.068115,0.001588,0.258179,0.218994,0.052770,0.006758,0.110496,-0.108401,322.000000,15210.000000
3709.000000,-14.045617,0.067505,0.001740,0.256836,0.218872,0.052024,0.006896,0.108284,-0.107264,397.019989,15409.000000
3710.000000,2.725107,0.067871,0.001918,0.256714,0.217896,0.051951,0.007055,0.109666,-0.106464,445.559998,15325.000000
3711.000000,-26.547331,0.068726,0.001945,0.256348,0.218750,0.052191,0.007131,0.113548,-0.105034,392.480011,15366.000000
3712.000000,-6.564816,0.068848,0.002224,0.257324,0.218994,0.052625,0.007458,0.112393,-0.106112,353.130005,15504.000000
3713.000000,24.669600,0.070923,0.002770,0.258789,0.219727,0.053143,0.008015,0.113756,-0.106063,490.790009,15236.000000
3714.000000,24.403856,0.071167,0.002116,0.259521,0.219849,0.052910,0.007357,0.114557,-0.105969,498.119995,15200.000000
3715.000000,-4.980378,0.071045,0.002248,0.258423,0.221680,0.052366,0.007521,0.113262,-0.105214,390.279999,15231.000000
3716.000000,-28.401588,0.070923,0.002501,0.260620,0.221191,0.052277,0.007706,0.113233,-0.105376,369.970001,15128.000000
3717.000000,23.240318,0.070801,0.002459,0.259399,0.221191,0.052157,0.007764,0.110726,-0.105183,444.089996,15432.000000
3718.000000,-2.219071,0.070312,0.002267,0.257690,0.221191,0.051562,0.007493,0.109760,-0.105763,360.220001,15366.000000
3719.000000,46.662849,0.069946,0.002098,0.257080,0.222168,0.050832,0.007428,0.113950,-0.102639,416.739990,15425.000000
3720.000000,5.566078,0.070312,0.002502,0.257080,0.222290,0.050960,0.007735,0.113284,-0.103936,354.899994,15215.000000
3721.000000,13.777764,0.069824,0.002165,0.257446,0.220825,0.050790,0.007289,0.111484,-0.105917,338.989990,15339.000000
3722.000000,1.593390,0.071167,0.002549,0.259155,0.221191,0.051171,0.007640,0.109021,-0.104972,417.679993,15587.000000
3723.000000,25.772425,0.070190,0.002413,0.259155,0.221436,0.051065,0.007449,0.110162,-0.104560,408.200012,14997.000000
3724.000000,-17.438639,0.071777,0.003211,0.260742,0.223145,0.052136,0.008370,0.112122,-0.101753,373.350006,15060.000000
3725.000000,40.484661,0.071533,0.002509,0.259766,0.222900,0.051707,0.007644,0.110552,-0.102346,471.589996,14892.000000
3726.000000,-2.564512,0.071655,0.002702,0.259766,0.223999,0.051403,0.007775,0.108292,-0.102914,300.390015,15147.000000
3727.000000,21.403095,0.072266,0.002919,0.260376,0.224609,0.051849,0.008054,0.107263,-0.103500,364.040009,14846.000000
3728.000000,4.087892,0.072876,0.002764,0.261597,0.224487,0.052068,0.007838,0.107494,-0.101941,423.339996,15106.000000
3729.000000,21.346258,0.073120,0.002764,0.261963,0.225342,0.052018,0.007825,0.109453,-0.101397,344.309998,15085.000000
3730.000000,10.246265,0.073486,0.002408,0.262085,0.224854,0.051617,0.007495,0.107165,-0.104194,417.540009,15167.000000
3731.000000,-13.350561,0.072998,0.002265,0.261475,0.222656,0.051304,0.007207,0.102855,-0.108716,335.649994,15372.000000
3732.000000,-16.250986,0.072876,0.002207,0.261353,0.221680,0.050869,0.006990,0.100994,-0.108706,366.920013,15136.000000
3733.000000,20.182056,0.074097,0.002515,0.261230,0.222900,0.051361,0.007338,0.102590,-0.107300,437.920013,15404.000000
3734.000000,-3.885212,0.075195,0.001785,0.262085,0.223755,0.051240,0.006639,0.103230,-0.107826,355.709991,15387.000000
3735.000000,1.382778,0.075073,0.002201,0.261353,0.224731,0.051311,0.007156,0.102933,-0.106509,349.000000,15224.000000
3736.000000,-18.223711,0.075439,0.001935,0.262451,0.224854,0.051278,0.006931,0.101971,-0.109211,320.739990,15210.000000
3737.000000,-15.706997,0.075928,0.001527,0.261963,0.224487,0.051116,0.006608,0.102575,-0.108742,340.880005,15204.000000
3738.000000,-29.243078,0.075195,0.001345,0.261719,0.225098,0.050880,0.006438,0.104743,-0.106902,378.339996,15272.000000
3739.000000,20.222681,0.074829,0.002254,0.260742,0.226074,0.050613,0.007350,0.102523,-0.106561,383.570007,15258.000000
3740.000000,-13.793401,0.075195,0.002154,0.260010,0.226685,0.050661,0.007237,0.100188,-0.106939,377.920013,15565.000000
3741.000000,-29.647375,0.075928,0.002082,0.260498,0.224854,0.050942,0.007021,0.101516,-0.109172,355.500000,15448.000000
3742.000000,34.542488,0.076050,0.001799,0.260254,0.224976,0.050522,0.006760,0.106098,-0.106273,431.369995,15424.000000
3743.000000,-9.393670,0.075439,0.001728,0.259644,0.224731,0.050330,0.006571,0.106037,-0.106991,314.630005,15498.000000
3744.000000,-20.282940,0.076294,0.002274,0.260376,0.224243,0.050410,0.007057,0.103377,-0.108204,321.760010,15481.000000
3745.000000,13.864704,0.075806,0.002062,0.259644,0.223022,0.050465,0.006771,0.101005,-0.109705,383.230011,15419.000000
3746.000000,7.583541,0.074707,0.002295,0.260254,0.222778,0.050612,0.006937,0.099795,-0.109047,399.250000,15328.000000
3747.000000,-15.336877,0.074219,0.002012,0.259277,0.223267,0.050259,0.006780,0.098276,-0.109833,347.089996,15420.000000
3748.000000,11.134157,0.073486,0.001604,0.258057,0.221313,0.049451,0.006155,0.095777,-0.110185,388.230011,15496.000000
3749.000000,-2.653061,0.073608,0.001553,0.258911,0.219971,0.049863,0.006148,0.092680,-0.110380,375.980011,15319.000000
3750.000000,-19.077539,0.074097,0.001464,0.259644,0.222290,0.050473,0.006171,0.092484,-0.108731,381.450012,15498.000000
3751.000000,41.277676,0.074219,0.001405,0.258423,0.223511,0.049818,0.006276,0.095051,-0.107983,370.500000,15353.000000
3752.000000,19.953608,0.075317,0.002186,0.259888,0.223755,0.050837,0.006923,0.097220,-0.107591,410.540009,15286.000000
3753.000000,21.176029,0.074829,0.001788,0.259155,0.223755,0.049977,0.006562,0.096910,-0.107046,406.160004,15179.000000
3754.000000,32.078732,0.074707,0.001598,0.258179,0.224854,0.049187,0.006451,0.094815,-0.108541,388.630005,14956.000000
3755.000000,5.441094,0.075439,0.001520,0.258789,0.226196,0.049137,0.006477,0.095318,-0.109331,440.200012,15220.000000
3756.000000,40.452801,0.075562,0.001516,0.258301,0.226807,0.049160,0.006431,0.097606,-0.108264,373.950012,15335.000000
3757.000000,-5.549726,0.075928,0.001695,0.259155,0.226074,0.048864,0.006585,0.096899,-0.108365,451.549988,15198.000000
3758.000000,-2.500712,0.077026,0.001741,0.260010,0.227173,0.049199,0.006731,0.098733,-0.107980,353.910004,14930.000000
3759.000000,-4.152802,0.076050,0.001743,0.258545,0.227295,0.049017,0.006717,0.096262,-0.109212,380.899994,14896.000000
3760.000000,-19.786909,0.077148,0.002518,0.257812,0.227783,0.049675,0.007319,0.096769,-0.109462,428.829987,15163.000000
3761.000000,-18.629023,0.075928,0.001881,0.256348,0.225952,0.048551,0.006563,0.098438,-0.111004,333.859985,14923.000000
3762.000000,12.110044,0.074951,0.001792,0.257080,0.225952,0.048633,0.006491,0.099021,-0.110175,268.649994,14762.000000
3763.000000,-30.299143,0.074341,0.001806,0.255371,0.224976,0.048142,0.006565,0.096704,-0.107539,418.519989,15028.000000
3764.000000,-13.712165,0.073608,0.002058,0.256226,0.223633,0.048034,0.006861,0.095936,-0.109955,376.269989,15237.000000
3765.000000,12.837517,0.074951,0.002307,0.257324,0.224731,0.048702,0.007108,0.099202,-0.106355,379.750000,15503.000000
3766.000000,-4.027401,0.075195,0.002270,0.257446,0.224976,0.048298,0.007104,0.100600,-0.105504,365.899994,15327.000000
3767.000000,-12.612341,0.076660,0.002480,0.259277,0.226196,0.048962,0.007440,0.099245,-0.106557,365.040009,15345.000000
3768.000000,20.668650,0.077515,0.002719,0.258911,0.227173,0.049326,0.007661,0.100107,-0.107464,404.820007,15292.000000
3769.000000,20.164318,0.077637,0.003220,0.259644,0.226196,0.049883,0.008059,0.098340,-0.109025,422.929993,15683.000000
3770.000000,-46.130356,0.077148,0.002683,0.258423,0.225586,0.050408,0.007403,0.100143,-0.108396,404.230011,15494.000000
3771.000000,-11.557775,0.076538,0.002305,0.256836,0.224243,0.049508,0.007103,0.099082,-0.108685,356.769989,15209.000000
3772.000000,-11.759027,0.076782,0.002397,0.258179,0.225342,0.049581,0.007309,0.097845,-0.108623,397.000000,15393.000000
3773.000000,1.820111,0.077637,0.002434,0.260132,0.226074,0.050357,0.007296,0.100748,-0.107265,397.250000,15272.000000
3774.000000,-16.595558,0.078735,0.002630,0.261108,0.227417,0.051461,0.007604,0.101817,-0.107001,347.179993,15284.000000
3775.000000,30.232126,0.078857,0.002595,0.259888,0.225708,0.051097,0.007498,0.101161,-0.108441,354.899994,15017.000000
3776.000000,-3.737228,0.078613,0.002291,0.259277,0.225220,0.050438,0.007254,0.095154,-0.110830,330.989990,15043.000000
3777.000000,-12.710211,0.078125,0.002012,0.260620,0.224731,0.050241,0.006964,0.097065,-0.109166,462.940002,15502.000000
3778.000000,-18.838810,0.078735,0.002331,0.261841,0.225464,0.050577,0.007440,0.101208,-0.106187,396.130005,15296.000000
3779.000000,-25.796947,0.078979,0.002245,0.262695,0.227295,0.051241,0.007418,0.103670,-0.104378,401.220001,15171.000000
3780.000000,-25.334957,0.079712,0.002079,0.262695,0.227417,0.051342,0.007259,0.103101,-0.108528,432.989990,15296.000000
3781.000000,7.198738,0.079590,0.002013,0.262573,0.225586,0.051784,0.007038,0.102922,-0.110718,377.899994,15713.000000
3782.000000,4.430956,0.079590,0.001987,0.261963,0.224976,0.051361,0.007032,0.102895,-0.109233,397.570007,15309.000000
3783.000000,42.438019,0.079224,0.002358,0.261108,0.224609,0.051043,0.007390,0.100965,-0.108874,342.709991,15357.000000
3784.000000,29.884480,0.077393,0.002242,0.260254,0.221191,0.050273,0.007196,0.099116,-0.110763,394.820007,15307.000000
3785.000000,-15.383049,0.077515,0.002226,0.259277,0.222900,0.050049,0.007388,0.097420,-0.108273,431.609985,15307.000000
3786.000000,-1.269396,0.077515,0.001947,0.258789,0.223755,0.050422,0.007135,0.099701,-0.106550,352.809998,15114.000000
3787.000000,0.549324,0.077759,0.002441,0.260132,0.223755,0.050410,0.007799,0.102335,-0.106390,340.420013,15200.000000
3788.000000,7.486924,0.078003,0.002573,0.259277,0.225586,0.050640,0.007934,0.099974,-0.106936,360.940002,15549.000000
3789.000000,21.587362,0.077637,0.002327,0.259033,0.225220,0.049946,0.007730,0.099093,-0.106843,401.489990,15336.000000
3790.000000,55.546707,0.077515,0.002014,0.258301,0.225708,0.049404,0.007441,0.098323,-0.107538,399.359985,15252.000000
3791.000000,-15.180997,0.077637,0.002147,0.259033,0.225830,0.050045,0.007607,0.097993,-0.108332,342.429993,15511.000000
3792.000000,-20.348215,0.078491,0.002218,0.259766,0.226685,0.050434,0.007709,0.100253,-0.107636,353.779999,15379.000000
3793.000000,-37.205505,0.077759,0.001846,0.259766,0.225830,0.050407,0.007310,0.102239,-0.104284,422.290009,15227.000000
3794.000000,2.711329,0.077881,0.001678,0.260132,0.226196,0.050724,0.007325,0.098634,-0.106957,409.790009,15551.000000
3795.000000,-9.831802,0.076782,0.001944,0.259766,0.224121,0.051024,0.007479,0.098097,-0.108898,322.070007,15335.000000
3796.000000,10.883028,0.077393,0.002316,0.259521,0.225464,0.051553,0.007932,0.096971,-0.107316,399.399994,15409.000000
3797.000000,3.204352,0.078857,0.002452,0.261353,0.227661,0.052127,0.008132,0.100301,-0.106996,400.809998,15576.000000
3798.000000,5.797095,0.078125,0.002180,0.260498,0.227417,0.051226,0.008004,0.101558,-0.105306,384.420013,15476.000000
3799.000000,8.686865,0.079102,0.002165,0.261230,0.227661,0.051630,0.007998,0.100990,-0.106897,455.730011,15513.000000
3800.000000,-21.127562,0.079834,0.002406,0.261475,0.226196,0.052049,0.008220,0.099934,-0.109622,438.859985,15312.000000
3801.000000,-34.535419,0.079712,0.002462,0.262207,0.226685,0.052118,0.008177,0.101840,-0.108670,358.470001,15458.000000
3802.000000,4.500015,0.079224,0.001961,0.262329,0.226440,0.052336,0.007579,0.102374,-0.108771,390.000000,15548.000000
3803.000000,-1.099520,0.079834,0.002070,0.261963,0.227783,0.052202,0.007772,0.101479,-0.108325,285.959991,15354.000000
3804.000000,9.439528,0.080688,0.002195,0.261841,0.228638,0.052255,0.007876,0.104010,-0.108103,435.489990,15334.000000
3805.000000,6.966562,0.081055,0.002039,0.260864,0.226440,0.051970,0.007586,0.105364,-0.109745,361.290009,15486.000000
3806.000000,-26.942062,0.080688,0.002197,0.259399,0.227051,0.052248,0.007761,0.101816,-0.111915,440.029999,15277.000000
3807.000000,-8.215760,0.079590,0.001975,0.259277,0.226318,0.051764,0.007580,0.101749,-0.111202,457.380005,15409.000000
3808.000000,-50.888599,0.079468,0.001730,0.259033,0.226196,0.051443,0.007440,0.100435,-0.111844,375.089996,15602.000000
3809.000000,-6.462092,0.080811,0.002621,0.260620,0.226929,0.052784,0.008428,0.104545,-0.108272,337.920013,15340.000000
3810.000000,-1.618799,0.081421,0.002424,0.263306,0.226562,0.053065,0.008102,0.106792,-0.110106,356.140015,15423.000000
3811.000000,7.225361,0.082764,0.003212,0.264038,0.226807,0.053845,0.008816,0.107375,-0.109016,380.790009,15401.000000
3812.000000,-14.793437,0.082031,0.002949,0.264038,0.226074,0.053953,0.008348,0.106742,-0.109917,327.890015,15414.000000
3813.000000,1.902658,0.081055,0.002168,0.263550,0.226318,0.053209,0.007712,0.105439,-0.109929,403.380005,15080.000000
3814.000000,0.943996,0.080444,0.001912,0.262817,0.227295,0.052312,0.007470,0.104564,-0.110056,389.980011,15356.000000
3815.000000,-0.031871,0.080444,0.002005,0.261719,0.228516,0.052148,0.007660,0.104159,-0.110478,349.829987,15169.000000
3816.000000,-5.041651,0.081177,0.001780,0.263794,0.228394,0.051948,0.007385,0.108185,-0.109539,417.190002,15295.000000
3817.000000,19.110842,0.081787,0.002338,0.266968,0.229126,0.052715,0.007878,0.109591,-0.108763,321.140015,15468.000000
3818.000000,9.240294,0.082031,0.002354,0.268799,0.229126,0.052579,0.007946,0.112039,-0.107531,403.489990,15373.000000
3819.000000,4.959020,0.083252,0.002438,0.269897,0.229736,0.053231,0.008004,0.112820,-0.108836,428.619995,15285.000000
3820.000000,-6.332138,0.082397,0.002170,0.269775,0.228760,0.053102,0.007652,0.113325,-0.110417,346.239990,15326.000000
3821.000000,6.256279,0.082031,0.001749,0.270264,0.227417,0.053154,0.007089,0.112130,-0.112541,399.660004,15391.000000
3822.000000,-3.648908,0.081665,0.002091,0.270264,0.225952,0.053606,0.007320,0.108626,-0.112610,444.980011,15450.000000
3823.000000,-8.533088,0.080688,0.001887,0.269775,0.226929,0.053258,0.007197,0.108687,-0.111488,337.790009,15648.000000
3824.000000,4.568149,0.081909,0.002486,0.271240,0.229004,0.054144,0.007926,0.110752,-0.109190,384.820007,15620.000000
3825.000000,5.905039,0.081787,0.002279,0.269287,0.229004,0.053847,0.007744,0.111675,-0.109165,370.920013,15284.000000
3826.000000,5.227250,0.082642,0.002353,0.270508,0.230225,0.054104,0.007825,0.112510,-0.109580,373.279999,14851.000000
3827.000000,-22.043671,0.083008,0.002222,0.270386,0.229858,0.054397,0.007579,0.111496,-0.110205,297.010010,14702.000000
3828.000000,12.672413,0.082642,0.002279,0.270508,0.229492,0.054221,0.007529,0.111561,-0.109096,422.950012,14926.000000
3829.000000,-17.941992,0.082153,0.001723,0.270020,0.228271,0.053703,0.006875,0.109441,-0.111302,356.850006,14900.000000
3830.000000,-16.215361,0.082886,0.002473,0.270752,0.230591,0.054335,0.007728,0.109452,-0.109257,343.019989,14823.000000
3831.000000,-9.137356,0.081909,0.001721,0.270020,0.229736,0.053700,0.007083,0.112822,-0.109124,386.600006,15043.000000
3832.000000,-21.603682,0.082031,0.001877,0.269775,0.230957,0.053824,0.007318,0.113042,-0.109394,404.809998,14907.000000
3833.000000,11.831788,0.083496,0.002232,0.271118,0.232910,0.054319,0.007758,0.115742,-0.107337,429.709991,14798.000000
3834.000000,-15.161637,0.083862,0.002327,0.270752,0.232056,0.054656,0.007832,0.117390,-0.109050,329.630005,14744.000000
3835.000000,16.182159,0.085205,0.002802,0.271362,0.231812,0.055700,0.008311,0.115107,-0.109941,347.019989,15001.000000
3836.000000,3.340385,0.084351,0.002269,0.271118,0.231079,0.055320,0.007682,0.114743,-0.108969,428.079987,15064.000000
3837.000000,22.581224,0.084961,0.002190,0.272339,0.231567,0.055825,0.007589,0.116477,-0.108643,412.559998,14966.000000
3838.000000,5.351019,0.083618,0.001844,0.270508,0.231934,0.054843,0.007292,0.112339,-0.110999,393.799988,14987.000000
3839.000000,9.719780,0.083740,0.002083,0.270386,0.231812,0.055378,0.007466,0.111173,-0.112328,338.549988,15127.000000
3840.000000,-4.080743,0.083496,0.001892,0.270386,0.232300,0.055454,0.007226,0.111939,-0.109906,353.890015,14934.000000
3841.000000,-10.282805,0.083374,0.001995,0.270508,0.233154,0.054928,0.007352,0.115000,-0.107876,433.660004,15010.000000
3842.000000,-10.927312,0.082397,0.001745,0.270630,0.230591,0.054979,0.007062,0.116634,-0.108072,406.329987,15089.000000
3843.000000,14.295507,0.083374,0.001974,0.270630,0.232056,0.054796,0.007301,0.114273,-0.110112,407.440002,15165.000000
3844.000000,-3.391467,0.082275,0.001565,0.269897,0.231445,0.054381,0.006869,0.115570,-0.109666,347.859985,14842.000000
3845.000000,-7.484862,0.082520,0.002113,0.270508,0.231689,0.054866,0.007339,0.116166,-0.111014,366.070007,14919.000000
3846.000000,-24.477625,0.082153,0.001807,0.270508,0.231689,0.054795,0.007032,0.118009,-0.110101,346.920013,14917.000000
3847.000000,3.518101,0.080933,0.001501,0.269897,0.231567,0.053893,0.006800,0.114793,-0.111901,341.540009,15145.000000
3848.000000,-12.607677,0.081299,0.002078,0.270142,0.232056,0.054651,0.007409,0.112272,-0.110300,338.250000,15113.000000
3849.000000,-16.524761,0.081787,0.002085,0.271851,0.231079,0.054933,0.007290,0.118385,-0.107430,303.600006,14809.000000
3850.000000,-6.646277,0.082397,0.002680,0.273560,0.233521,0.055284,0.008110,0.117936,-0.106840,355.019989,14903.000000
3851.000000,-12.662504,0.081543,0.002307,0.272461,0.230591,0.055404,0.007617,0.116680,-0.109991,388.809998,14940.000000
3852.000000,-2.220979,0.081421,0.002200,0.273315,0.231079,0.055843,0.007573,0.116712,-0.109039,312.829987,15038.000000
3853.000000,1.473178,0.082153,0.002242,0.274292,0.230957,0.056078,0.007664,0.116479,-0.108645,407.890015,14888.000000
3854.000000,-9.150212,0.081665,0.002155,0.274292,0.229492,0.055422,0.007634,0.118136,-0.105523,434.679993,15067.000000
3855.000000,4.469561,0.081665,0.002319,0.274170,0.230469,0.055657,0.007625,0.115382,-0.107645,396.809998,14866.000000
3856.000000,-20.267176,0.081909,0.001988,0.273315,0.229248,0.054971,0.007222,0.109356,-0.111171,342.109985,14785.000000
3857.000000,-0.021759,0.081177,0.001712,0.272705,0.228882,0.054003,0.006958,0.108506,-0.111336,351.989990,15143.000000
3858.000000,2.630558,0.081787,0.002186,0.273438,0.229736,0.054511,0.007464,0.109125,-0.110434,450.149994,15225.000000
3859.000000,-29.638395,0.082153,0.002240,0.274414,0.230347,0.054684,0.007469,0.114507,-0.109620,442.809998,15201.000000
3860.000000,-19.125692,0.082764,0.002570,0.275269,0.231445,0.055189,0.007776,0.115488,-0.109669,344.670013,15007.000000
3861.000000,-3.584671,0.083130,0.002715,0.275269,0.232300,0.056005,0.007933,0.116737,-0.108927,350.980011,14919.000000
3862.000000,18.079212,0.083618,0.002487,0.275146,0.232056,0.055848,0.007654,0.111699,-0.111924,312.829987,15109.000000
3863.000000,-4.303902,0.083862,0.002318,0.274292,0.230469,0.055642,0.007481,0.109210,-0.112094,370.019989,14889.000000
3864.000000,17.599733,0.084106,0.002023,0.275146,0.230347,0.055644,0.007225,0.116964,-0.106931,401.640015,15007.000000
3865.000000,-1.992426,0.083496,0.002106,0.274658,0.230347,0.055244,0.007290,0.117018,-0.109587,388.390015,15145.000000
3866.000000,-12.414499,0.083862,0.002540,0.274292,0.230957,0.056043,0.007738,0.114667,-0.111574,339.010010,14864.000000
3867.000000,14.700977,0.085083,0.002271,0.276733,0.231567,0.056271,0.007605,0.116130,-0.111512,319.359985,15144.000000
3868.000000,-9.795474,0.086426,0.002756,0.277466,0.233032,0.057063,0.008051,0.117422,-0.109807,468.089996,15188.000000
3869.000000,21.704090,0.084351,0.002385,0.274658,0.232666,0.056705,0.007685,0.120826,-0.107554,381.510010,15319.000000
3870.000000,-19.925159,0.083740,0.002511,0.275024,0.230957,0.056783,0.007645,0.120210,-0.111874,320.540009,15309.000000
3871.000000,14.582124,0.083252,0.002221,0.276245,0.232788,0.056849,0.007517,0.117126,-0.112448,402.269989,15164.000000
3872.000000,-13.481405,0.082275,0.001853,0.276001,0.230225,0.056530,0.007156,0.118305,-0.112246,355.029999,15280.000000
3873.000000,18.501606,0.083374,0.002334,0.276855,0.229858,0.057267,0.007589,0.118707,-0.110324,427.679993,15284.000000
3874.000000,18.383615,0.084351,0.002317,0.276855,0.230835,0.057678,0.007610,0.119884,-0.109004,302.010010,15143.000000
3875.000000,-16.503365,0.084229,0.001901,0.276489,0.230713,0.056958,0.007278,0.116045,-0.112354,372.369995,15187.000000
3876.000000,11.077162,0.083496,0.001951,0.274902,0.230469,0.057098,0.007233,0.110755,-0.112932,385.980011,15143.000000
3877.000000,-14.755256,0.084351,0.002034,0.277344,0.230957,0.057243,0.007241,0.114066,-0.111545,312.799988,15393.000000
3878.000000,16.347301,0.084106,0.002254,0.276001,0.232300,0.057170,0.007552,0.115422,-0.110203,350.209991,15337.000000
3879.000000,16.247051,0.084106,0.002572,0.275391,0.232544,0.057267,0.007732,0.115569,-0.110759,467.859985,15413.000000
3880.000000,17.090343,0.084351,0.002810,0.276001,0.232056,0.057820,0.007880,0.112493,-0.112379,387.739990,15449.000000
3881.000000,-4.933927,0.084351,0.002234,0.276855,0.232788,0.057417,0.007325,0.112595,-0.112453,275.839996,15250.000000
3882.000000,9.213275,0.083984,0.002021,0.276367,0.232056,0.056633,0.007075,0.111116,-0.114141,348.959991,15244.000000
3883.000000,-10.676326,0.084961,0.002414,0.277344,0.233276,0.056996,0.007473,0.113583,-0.110917,408.899994,15044.000000
3884.000000,23.373749,0.085449,0.002396,0.277466,0.234619,0.057324,0.007482,0.113574,-0.110649,339.410004,15204.000000
3885.000000,-16.922915,0.084106,0.002048,0.275269,0.234863,0.056357,0.007105,0.111864,-0.110969,383.059998,15322.000000
3886.000000,11.009495,0.084839,0.002157,0.276245,0.233887,0.056277,0.007085,0.113800,-0.111270,296.049988,15022.000000
3887.000000,-28.150511,0.085083,0.002591,0.276123,0.232910,0.056478,0.007481,0.114655,-0.109565,360.279999,15001.000000
3888.000000,0.620252,0.083984,0.001918,0.275757,0.231445,0.055745,0.006792,0.113690,-0.109791,416.670013,14936.000000
3889.000000,1.324321,0.084595,0.002369,0.276367,0.231812,0.056308,0.007263,0.115145,-0.108916,324.100006,15131.000000
3890.000000,-9.152893,0.085205,0.002551,0.276855,0.233887,0.056274,0.007517,0.116070,-0.107427,359.929993,15278.000000
3891.000000,5.680944,0.085449,0.002647,0.276611,0.234619,0.056751,0.007689,0.115721,-0.108029,408.140015,15259.000000
3892.000000,-10.414258,0.085449,0.002299,0.276001,0.235718,0.056905,0.007421,0.115143,-0.108146,402.470001,15370.000000
3893.000000,1.941972,0.084595,0.002306,0.274536,0.234253,0.056443,0.007376,0.115451,-0.109922,401.100006,15303.000000
3894.000000,-21.527262,0.085205,0.002242,0.276123,0.233765,0.057070,0.007288,0.116292,-0.111075,379.850006,15367.000000
3895.000000,45.801006,0.084473,0.002303,0.274902,0.232910,0.056904,0.007240,0.118003,-0.110122,379.230011,15242.000000
3896.000000,33.757221,0.084229,0.002164,0.274780,0.233276,0.056748,0.007125,0.118073,-0.109105,466.220001,15195.000000
3897.000000,-18.866129,0.084717,0.002278,0.274048,0.234863,0.056310,0.007305,0.116978,-0.109339,326.769989,14956.000000
3898.000000,21.891953,0.084717,0.002188,0.273438,0.233154,0.055990,0.007168,0.111996,-0.111804,383.059998,15407.000000
3899.000000,-0.823683,0.083984,0.002247,0.274048,0.232178,0.056167,0.007318,0.113892,-0.110460,346.980011,15623.000000
3900.000000,-23.666389,0.083618,0.002221,0.272827,0.232544,0.056278,0.007251,0.114810,-0.110323,314.570007,15227.000000
3901.000000,32.015251,0.082642,0.001756,0.271240,0.232056,0.055402,0.006803,0.118133,-0.109251,419.540009,15440.000000
3902.000000,-13.217134,0.083130,0.001913,0.272583,0.231934,0.055065,0.007025,0.118969,-0.109822,393.040009,15565.000000
3903.000000,18.009941,0.083618,0.002501,0.272095,0.232422,0.055295,0.007618,0.112585,-0.113328,429.429993,15209.000000
3904.000000,18.183790,0.083618,0.001937,0.272339,0.232178,0.054593,0.007149,0.113790,-0.112686,413.869995,15159.000000
3905.000000,53.013626,0.083984,0.002052,0.272217,0.234131,0.054475,0.007280,0.118168,-0.108895,387.339996,15319.000000
3906.000000,22.042580,0.083862,0.001871,0.270630,0.234375,0.053854,0.007062,0.119730,-0.109185,350.359985,14967.000000
3907.000000,40.067253,0.084106,0.002241,0.271606,0.235718,0.053614,0.007601,0.117671,-0.109372,339.299988,14729.000000
3908.000000,-3.061242,0.084229,0.001922,0.270752,0.233643,0.053251,0.007071,0.115224,-0.113076,432.739990,14856.000000
3909.000000,-1.355557,0.082642,0.001745,0.269775,0.232910,0.052446,0.006799,0.113579,-0.113105,413.660004,15196.000000
3910.000000,0.482393,0.081787,0.001743,0.271606,0.233398,0.052468,0.006843,0.116778,-0.110710,408.959991,15051.000000
3911.000000,9.381763,0.082642,0.002144,0.271729,0.232788,0.052748,0.007316,0.118167,-0.107976,384.619995,14802.000000
3912.000000,14.614388,0.083130,0.002322,0.271851,0.233643,0.053199,0.007536,0.117038,-0.108527,387.500000,14886.000000
3913.000000,24.398487,0.082520,0.002448,0.270752,0.233398,0.052936,0.007593,0.114488,-0.109997,362.209991,15034.000000
3914.000000,33.807995,0.083130,0.002264,0.271362,0.233154,0.053393,0.007381,0.113633,-0.110401,410.309998,15053.000000
3915.000000,-9.846299,0.083252,0.001857,0.272095,0.234863,0.052939,0.007048,0.112363,-0.108386,378.480011,15068.000000
3916.000000,13.280406,0.083252,0.002123,0.271973,0.233154,0.053156,0.007134,0.116035,-0.110282,350.480011,15080.000000
3917.000000,27.247349,0.083008,0.002281,0.271118,0.233521,0.053517,0.007239,0.116807,-0.108953,372.250000,15250.000000
3918.000000,-15.350860,0.083008,0.001905,0.272095,0.233643,0.053346,0.006897,0.118799,-0.108197,420.769989,15535.000000
3919.000000,25.528011,0.082520,0.002102,0.272827,0.232666,0.053200,0.007126,0.117128,-0.109129,475.869995,15299.000000
3920.000000,13.316532,0.083008,0.002291,0.271973,0.231445,0.053244,0.007201,0.116831,-0.107704,397.220001,15396.000000
3921.000000,-36.469196,0.083496,0.001900,0.272705,0.232422,0.053264,0.006907,0.116083,-0.106837,383.260010,15527.000000
3922.000000,30.621967,0.083740,0.002162,0.273193,0.232666,0.053428,0.007155,0.114792,-0.105913,385.829987,15366.000000
3923.000000,-25.985250,0.084473,0.002219,0.273193,0.234131,0.053993,0.007298,0.115853,-0.103564,396.119995,15589.000000
3924.000000,31.356247,0.084595,0.001904,0.272339,0.234375,0.053146,0.007094,0.114803,-0.103610,421.820007,15666.000000
3925.000000,28.922165,0.084717,0.001810,0.274170,0.233521,0.052898,0.007092,0.114070,-0.104366,364.730011,15620.000000
3926.000000,-27.695269,0.083496,0.001519,0.272583,0.232910,0.052467,0.006710,0.112655,-0.107197,329.059998,15657.000000
3927.000000,-30.483103,0.083862,0.002104,0.272583,0.232422,0.053213,0.007218,0.111802,-0.109332,416.040009,15586.000000
3928.000000,1.954124,0.084473,0.002624,0.273560,0.232910,0.054442,0.007750,0.113009,-0.106436,393.420013,15683.000000
3929.000000,6.250622,0.084595,0.002048,0.271973,0.234253,0.053610,0.007290,0.111686,-0.105069,352.339996,15447.000000
3930.000000,39.958939,0.084595,0.002058,0.271118,0.236328,0.053015,0.007458,0.112177,-0.104698,372.130005,15452.000000
3931.000000,15.086117,0.084595,0.001931,0.270874,0.236694,0.052723,0.007285,0.112429,-0.106611,338.869995,15362.000000
3932.000000,-2.588595,0.083130,0.002009,0.268433,0.235107,0.051840,0.007337,0.111468,-0.106733,412.720001,15330.000000
3933.000000,-2.687824,0.083130,0.002223,0.269775,0.234741,0.051921,0.007485,0.109373,-0.109628,326.149994,15499.000000
3934.000000,-21.305834,0.083252,0.002215,0.269775,0.234741,0.052377,0.007564,0.109602,-0.106987,391.700012,15446.000000
3935.000000,-3.485433,0.083374,0.002203,0.268921,0.235474,0.052762,0.007676,0.110938,-0.105565,389.850006,15430.000000
3936.000000,20.375860,0.083374,0.002353,0.268311,0.235962,0.052538,0.007766,0.113646,-0.106518,376.940002,15650.000000
3937.000000,-30.221401,0.084106,0.002211,0.269653,0.234497,0.052773,0.007527,0.116433,-0.106344,316.010010,15378.000000
3938.000000,-17.740652,0.084473,0.001802,0.270386,0.235107,0.052935,0.007153,0.117098,-0.105972,401.279999,15084.000000
3939.000000,23.154642,0.085327,0.002226,0.270752,0.236084,0.053474,0.007636,0.118724,-0.103815,383.470001,14973.000000
3940.000000,-14.553819,0.084961,0.002236,0.270386,0.236328,0.053322,0.007670,0.120759,-0.103147,392.089996,15170.000000
3941.000000,29.713194,0.086182,0.002104,0.270386,0.235962,0.053364,0.007512,0.121185,-0.104492,404.839996,15270.000000
3942.000000,17.564096,0.086304,0.002625,0.269653,0.236816,0.053573,0.007991,0.119978,-0.103724,396.600006,14948.000000
3943.000000,-10.419008,0.085083,0.002482,0.268555,0.235718,0.053423,0.007727,0.120608,-0.104506,343.720001,14971.000000
3944.000000,-7.581825,0.084106,0.002207,0.268433,0.233765,0.053385,0.007396,0.123002,-0.104491,349.829987,15112.000000
3945.000000,-8.741978,0.085205,0.002885,0.268677,0.233398,0.054579,0.008003,0.123401,-0.103721,472.929993,15405.000000
3946.000000,-16.505342,0.084106,0.002260,0.267944,0.232056,0.054210,0.007423,0.121619,-0.104266,482.980011,15146.000000
3947.000000,38.296688,0.082642,0.002165,0.265259,0.230957,0.053754,0.007343,0.116942,-0.107008,343.269989,15179.000000
3948.000000,-10.306370,0.082031,0.001928,0.264648,0.230957,0.053012,0.007064,0.116578,-0.104752,352.890015,15208.000000
3949.000000,-8.526667,0.082031,0.002130,0.265869,0.231689,0.053428,0.007274,0.118193,-0.104043,367.549988,15213.000000
3950.000000,-4.418512,0.082764,0.002159,0.266968,0.232666,0.054152,0.007347,0.119424,-0.102136,446.190002,15349.000000
3951.000000,-3.792144,0.083374,0.002611,0.266602,0.233887,0.054723,0.007937,0.119576,-0.102345,320.489990,15370.000000
3952.000000,-16.602118,0.082764,0.002091,0.265503,0.234375,0.054490,0.007572,0.117010,-0.103955,417.140015,15245.000000
3953.000000,-3.235811,0.082153,0.001639,0.264893,0.233521,0.053289,0.007145,0.114531,-0.104486,413.559998,15011.000000
3954.000000,24.697926,0.082153,0.001580,0.265747,0.230713,0.053103,0.007008,0.110567,-0.108973,407.109985,15091.000000
3955.000000,-9.871977,0.082275,0.001634,0.262451,0.233276,0.053146,0.007228,0.110272,-0.105046,405.190002,15255.000000
3956.000000,29.375984,0.082886,0.001985,0.263428,0.233765,0.053147,0.007629,0.116110,-0.104451,342.609985,15141.000000
3957.000000,-4.186316,0.083252,0.002619,0.261841,0.235962,0.054159,0.008313,0.116843,-0.103250,397.299988,15080.000000
3958.000000,-6.355673,0.082275,0.002044,0.262451,0.233521,0.053249,0.007676,0.114314,-0.104877,378.119995,15116.000000
3959.000000,7.341204,0.081909,0.001924,0.260376,0.231689,0.052769,0.007565,0.109498,-0.106153,392.040009,15116.000000
3960.000000,35.944897,0.081055,0.001799,0.260498,0.229858,0.052825,0.007469,0.108851,-0.106238,396.010010,15081.000000
3961.000000,18.936642,0.080566,0.001972,0.258667,0.229126,0.051794,0.007569,0.108367,-0.106898,398.829987,14920.000000
3962.000000,12.170026,0.078979,0.002111,0.257446,0.228149,0.051120,0.007826,0.107502,-0.106082,306.839996,15109.000000
3963.000000,16.690922,0.079834,0.002334,0.256714,0.229126,0.051212,0.008059,0.108836,-0.106663,427.790009,15203.000000
3964.000000,-20.960743,0.079102,0.002078,0.255981,0.229248,0.050624,0.007855,0.109116,-0.107172,330.029999,15363.000000
3965.000000,52.823860,0.079346,0.002103,0.256348,0.230225,0.050374,0.008024,0.111747,-0.103816,437.690002,15585.000000
3966.000000,2.276543,0.078979,0.002245,0.256714,0.229004,0.050671,0.008103,0.115162,-0.102550,384.739990,15297.000000
3967.000000,-10.182241,0.078979,0.002232,0.257935,0.229370,0.050897,0.008004,0.118405,-0.100995,355.929993,15596.000000
3968.000000,-24.340483,0.079102,0.002139,0.259766,0.229614,0.051199,0.007921,0.117291,-0.100339,352.709991,15212.000000
3969.000000,-8.924981,0.078125,0.001890,0.258911,0.227905,0.050724,0.007707,0.114866,-0.101369,399.140015,15112.000000
3970.000000,-19.297264,0.078369,0.002279,0.258545,0.226929,0.051030,0.008133,0.114377,-0.102497,351.850006,15439.000000
3971.000000,-0.921460,0.077637,0.001918,0.257446,0.227295,0.050916,0.007786,0.113861,-0.101629,371.779999,15497.000000
3972.000000,-0.907580,0.078979,0.002445,0.257446,0.227905,0.051467,0.008364,0.115751,-0.102310,386.320007,15464.000000
3973.000000,-27.526655,0.079834,0.002460,0.256836,0.230225,0.052064,0.008480,0.115484,-0.102710,399.989990,15549.000000
3974.000000,34.976826,0.080688,0.002106,0.258423,0.230713,0.051837,0.008141,0.121195,-0.101208,368.609985,15534.000000
3975.000000,7.560142,0.082275,0.002500,0.258789,0.231201,0.052644,0.008361,0.121580,-0.100174,463.040009,15492.000000
3976.000000,0.755724,0.082397,0.001873,0.260132,0.231689,0.051744,0.007848,0.120336,-0.101864,383.149994,15356.000000
3977.000000,8.227884,0.081665,0.001709,0.259888,0.230591,0.050999,0.007617,0.117571,-0.103590,394.899994,15140.000000
3978.000000,-9.117543,0.081543,0.001651,0.259766,0.229980,0.051154,0.007546,0.115448,-0.103972,361.130005,15243.000000
3979.000000,2.075373,0.082275,0.001765,0.261230,0.228882,0.051423,0.007707,0.115159,-0.104708,354.410004,15150.000000
3980.000000,-11.411230,0.082520,0.002102,0.261108,0.229736,0.052306,0.008053,0.113910,-0.103416,423.059998,15018.000000
3981.000000,-12.626740,0.082764,0.001936,0.262085,0.229614,0.052626,0.007777,0.119594,-0.100518,334.690002,15266.000000
3982.000000,-0.391746,0.083252,0.002262,0.262207,0.229248,0.052950,0.008097,0.117955,-0.100555,427.850006,15214.000000
3983.000000,-5.730403,0.082764,0.002415,0.260620,0.229858,0.053045,0.008286,0.117514,-0.099964,379.420013,15076.000000
3984.000000,22.972126,0.081299,0.002046,0.259155,0.228149,0.052206,0.007871,0.113199,-0.103191,417.950012,15056.000000
3985.000000,-11.457357,0.082520,0.002422,0.260620,0.229736,0.053081,0.008237,0.114175,-0.101778,323.809998,15168.000000
3986.000000,43.584175,0.082520,0.002371,0.260620,0.227661,0.053134,0.008054,0.116838,-0.101072,364.570007,15492.000000
3987.000000,12.018767,0.081665,0.002181,0.259399,0.226685,0.052896,0.007811,0.114279,-0.104058,382.739990,15393.000000
3988.000000,1.406187,0.081299,0.002547,0.260254,0.225464,0.052966,0.008067,0.115410,-0.102727,360.140015,15457.000000
3989.000000,21.602571,0.080933,0.002538,0.259766,0.225586,0.053098,0.008062,0.115780,-0.102267,396.779999,15508.000000
3990.000000,5.350042,0.081299,0.002517,0.260132,0.226196,0.052900,0.008035,0.113488,-0.101680,390.380005,15769.000000
3991.000000,46.150017,0.081299,0.002264,0.258667,0.225830,0.052287,0.007741,0.110788,-0.103099,376.380005,15867.000000
3992.000000,-2.261131,0.080933,0.002116,0.257568,0.225098,0.051950,0.007596,0.111020,-0.103948,464.119995,16000.000000
3993.000000,15.628400,0.081543,0.002422,0.256958,0.224609,0.052078,0.007804,0.113486,-0.103863,378.769989,15841.000000
3994.000000,4.891080,0.081299,0.002499,0.256836,0.224609,0.052219,0.007810,0.112278,-0.104799,335.049988,15845.000000
3995.000000,4.637777,0.081055,0.002773,0.255859,0.225464,0.052640,0.008126,0.113084,-0.103286,409.220001,15609.000000
3996.000000,9.228938,0.082153,0.002769,0.256592,0.226807,0.053275,0.008177,0.116801,-0.100213,375.799988,15579.000000
3997.000000,17.349802,0.081421,0.002363,0.256958,0.225830,0.052896,0.007740,0.117581,-0.099337,432.709991,15703.000000
3998.000000,1.985512,0.082397,0.003078,0.257080,0.227905,0.053411,0.008422,0.115655,-0.098585,419.420013,15682.000000
3999.000000,-12.270750,0.082520,0.002991,0.257690,0.228149,0.053375,0.008327,0.115724,-0.098910,397.950012,15357.000000
4000.000000,19.875225,0.082886,0.002568,0.257935,0.228516,0.053308,0.007934,0.116084,-0.099586,461.170013,15323.000000
4001.000000,10.869241,0.082886,0.002313,0.260742,0.227417,0.053127,0.007656,0.120545,-0.099976,442.790009,15071.000000
4002.000000,-2.111113,0.083008,0.002569,0.262939,0.226807,0.053702,0.007826,0.121190,-0.098730,359.040009,15116.000000
4003.000000,23.687386,0.081787,0.002129,0.261719,0.227905,0.053002,0.007500,0.118681,-0.098946,389.950012,15327.000000
4004.000000,33.018879,0.082031,0.002128,0.259644,0.227173,0.052671,0.007444,0.119080,-0.100666,456.790009,15761.000000
4005.000000,-6.663259,0.082153,0.002348,0.260376,0.227417,0.052831,0.007769,0.116405,-0.102847,410.790009,15818.000000
4006.000000,-26.280684,0.083008,0.002516,0.261475,0.227905,0.053400,0.008016,0.118028,-0.101604,500.089996,15779.000000
4007.000000,7.486008,0.082886,0.002067,0.262939,0.227661,0.053635,0.007419,0.119683,-0.102341,435.609985,15452.000000
4008.000000,-1.053343,0.082520,0.002567,0.261597,0.226929,0.053361,0.007846,0.121851,-0.100261,431.170013,15679.000000
4009.000000,-10.843851,0.082153,0.002365,0.261841,0.227173,0.053136,0.007693,0.120568,-0.101061,349.899994,15628.000000
4010.000000,3.085606,0.080933,0.001652,0.260864,0.225220,0.052289,0.006962,0.121863,-0.099925,423.670013,15732.000000
4011.000000,21.141239,0.081177,0.001616,0.263062,0.225098,0.052227,0.006905,0.120059,-0.100184,430.390015,15232.000000
4012.000000,-8.852574,0.081665,0.002412,0.262817,0.225708,0.052575,0.007674,0.122206,-0.098002,412.059998,15520.000000
4013.000000,22.262310,0.081299,0.002259,0.263306,0.226196,0.051841,0.007664,0.121397,-0.097577,385.579987,15603.000000
4014.000000,10.593987,0.081909,0.002365,0.263672,0.226074,0.051634,0.007687,0.120234,-0.099265,389.609985,15711.000000
4015.000000,-15.208068,0.081421,0.002144,0.264893,0.226685,0.051124,0.007610,0.121097,-0.099019,392.489990,15348.000000
4016.000000,26.431093,0.081665,0.002376,0.264404,0.226440,0.051593,0.007828,0.119711,-0.100109,429.420013,15272.000000
4017.000000,9.702528,0.081787,0.001902,0.264771,0.226562,0.050909,0.007379,0.120084,-0.100782,366.690002,15219.000000
4018.000000,47.199085,0.081299,0.002002,0.264648,0.226685,0.050895,0.007417,0.119744,-0.101383,456.649994,15392.000000
4019.000000,-19.032589,0.081177,0.002164,0.263794,0.225952,0.050965,0.007430,0.115189,-0.102793,378.859985,15511.000000
4020.000000,-18.851282,0.081421,0.002062,0.263184,0.226562,0.051019,0.007347,0.117648,-0.100416,385.980011,15509.000000
4021.000000,11.931912,0.082642,0.002773,0.265381,0.228027,0.051801,0.008025,0.121139,-0.098873,462.359985,15759.000000
4022.000000,20.280319,0.083862,0.002973,0.266602,0.229492,0.052269,0.008221,0.122682,-0.096874,478.260010,15451.000000
4023.000000,-27.820601,0.083374,0.002438,0.265869,0.229248,0.051802,0.007528,0.119814,-0.099953,368.769989,15454.000000
4024.000000,34.194210,0.082642,0.002149,0.266602,0.227295,0.051490,0.007317,0.118218,-0.101830,404.429993,15616.000000
4025.000000,-3.928724,0.082153,0.002247,0.266357,0.225342,0.051519,0.007247,0.119295,-0.101587,384.769989,15653.000000
4026.000000,-33.166298,0.083130,0.002382,0.267090,0.224976,0.052120,0.007339,0.121364,-0.099715,470.070007,15556.000000
4027.000000,-1.349701,0.083008,0.002578,0.266602,0.227295,0.052435,0.007779,0.123579,-0.097801,515.229980,15127.000000
4028.000000,-5.392509,0.083130,0.002421,0.267090,0.227051,0.052216,0.007472,0.122827,-0.100065,439.880005,15315.000000
4029.000000,33.088459,0.084106,0.002859,0.267334,0.227539,0.052763,0.007837,0.121406,-0.101030,363.269989,15265.000000
4030.000000,-17.012556,0.084595,0.002657,0.267700,0.227905,0.053135,0.007660,0.121893,-0.098925,425.290009,15691.000000
4031.000000,13.932238,0.083374,0.002762,0.266357,0.226440,0.052702,0.007725,0.123353,-0.097950,445.390015,15390.000000
4032.000000,70.526459,0.082764,0.002338,0.266846,0.225708,0.052095,0.007279,0.119612,-0.103557,470.079987,15352.000000
4033.000000,11.277485,0.082886,0.002378,0.266357,0.225830,0.051939,0.007366,0.117736,-0.103295,450.640015,15617.000000
4034.000000,6.737083,0.082397,0.002314,0.266846,0.226807,0.051957,0.007262,0.119873,-0.100289,404.329987,15487.000000
4035.000000,4.580776,0.082520,0.002413,0.267334,0.227661,0.051727,0.007425,0.121339,-0.099091,425.920013,15289.000000
4036.000000,9.633847,0.082031,0.002498,0.268311,0.227173,0.051523,0.007661,0.124291,-0.097962,491.660004,15425.000000
4037.000000,52.537521,0.081543,0.002699,0.268188,0.226807,0.051300,0.007799,0.123013,-0.098786,477.809998,15241.000000
4038.000000,24.188412,0.082153,0.002553,0.267700,0.227417,0.051430,0.007623,0.118451,-0.099025,523.940002,15330.000000
4039.000000,44.203156,0.081909,0.002399,0.265991,0.227295,0.051219,0.007540,0.119179,-0.098282,480.079987,15502.000000
4040.000000,35.564861,0.081055,0.002013,0.266113,0.225830,0.050361,0.007131,0.118424,-0.100502,464.720001,15098.000000
4041.000000,7.381453,0.081909,0.002589,0.264038,0.224854,0.050612,0.007579,0.114903,-0.103543,412.510010,15388.000000
4042.000000,-2.345747,0.081299,0.002243,0.262207,0.224609,0.050351,0.007222,0.114609,-0.103372,395.290009,15472.000000
4043.000000,-23.293056,0.079834,0.001944,0.261841,0.223389,0.050470,0.006888,0.117176,-0.101008,431.260010,15596.000000
4044.000000,-2.390781,0.080078,0.002613,0.262573,0.223267,0.051235,0.007562,0.118615,-0.099162,429.260010,15633.000000
4045.000000,15.201983,0.080566,0.002745,0.264160,0.222656,0.051444,0.007663,0.122351,-0.097205,426.940002,15546.000000
4046.000000,9.706861,0.080811,0.002691,0.264282,0.223877,0.052037,0.007612,0.124212,-0.097229,401.049988,15396.000000
4047.000000,-27.240992,0.080322,0.002729,0.263062,0.221802,0.051774,0.007541,0.120679,-0.099530,381.390015,15676.000000
4048.000000,6.779748,0.079712,0.003059,0.261963,0.222900,0.051530,0.007936,0.122480,-0.096125,412.019989,15418.000000
4049.000000,58.143326,0.080200,0.003116,0.262695,0.223022,0.050979,0.008084,0.122817,-0.094894,474.929993,15580.000000
4050.000000,-3.336390,0.079956,0.002897,0.264526,0.222412,0.050832,0.007849,0.123776,-0.095630,389.670013,15453.000000
4051.000000,-9.372247,0.080200,0.003130,0.264038,0.223999,0.051461,0.008085,0.122389,-0.094805,381.570007,15485.000000
4052.000000,2.570418,0.079712,0.002681,0.263428,0.223999,0.050891,0.007700,0.121616,-0.096965,422.170013,15449.000000
4053.000000,4.813731,0.079956,0.002566,0.266235,0.223633,0.050949,0.007571,0.124078,-0.095236,364.269989,15567.000000
4054.000000,-32.833046,0.080200,0.002425,0.265015,0.224365,0.050804,0.007405,0.124403,-0.093366,422.170013,15514.000000
4055.000000,57.254810,0.079590,0.002222,0.264526,0.226929,0.050770,0.007310,0.127820,-0.092071,520.440002,15725.000000
4056.000000,44.922794,0.079590,0.002471,0.263306,0.226440,0.050655,0.007611,0.125372,-0.095467,418.709991,15502.000000
4057.000000,-17.726460,0.078857,0.002755,0.260132,0.224121,0.049955,0.007904,0.116257,-0.099652,528.760010,15417.000000
4058.000000,-8.150689,0.079224,0.002396,0.261108,0.224609,0.049742,0.007530,0.114969,-0.099067,396.600006,15465.000000
4059.000000,9.213946,0.079224,0.002855,0.262695,0.223877,0.049919,0.007851,0.119642,-0.096578,392.940002,15485.000000
4060.000000,-0.426373,0.078003,0.002320,0.262207,0.225708,0.049832,0.007515,0.123310,-0.094424,448.709991,15416.000000
4061.000000,45.775562,0.078125,0.002180,0.261841,0.225342,0.049996,0.007408,0.122706,-0.095018,420.920013,15571.000000
4062.000000,-9.930292,0.078247,0.002258,0.261841,0.224976,0.049682,0.007525,0.122551,-0.095102,419.799988,15569.000000
4063.000000,11.050476,0.078247,0.002480,0.262695,0.227783,0.049474,0.007941,0.122374,-0.093716,408.950012,15045.000000
4064.000000,11.914152,0.078735,0.002270,0.262939,0.228516,0.049786,0.007757,0.119481,-0.095056,429.959991,14996.000000
4065.000000,-20.749760,0.078735,0.002148,0.263062,0.229126,0.049613,0.007736,0.120817,-0.094511,418.899994,15044.000000
4066.000000,19.062336,0.079346,0.002222,0.262695,0.229370,0.049606,0.007785,0.119685,-0.095929,451.660004,14856.000000
4067.000000,28.789679,0.078735,0.002073,0.261475,0.227783,0.048956,0.007532,0.121247,-0.097598,351.130005,14953.000000
4068.000000,-0.805975,0.077759,0.002218,0.260864,0.226929,0.048876,0.007503,0.120326,-0.097246,334.209991,14968.000000
4069.000000,-3.659415,0.077026,0.001831,0.260376,0.226440,0.048529,0.007100,0.122329,-0.095209,444.890015,14902.000000
4070.000000,-15.684178,0.076660,0.001836,0.260254,0.226196,0.048839,0.007107,0.123629,-0.094842,399.730011,15249.000000
4071.000000,15.980810,0.076416,0.001979,0.260742,0.226562,0.048983,0.007307,0.123625,-0.095612,436.369995,15183.000000
4072.000000,-4.906110,0.076660,0.002102,0.262695,0.224365,0.049450,0.007342,0.121964,-0.097718,421.540009,14981.000000
4073.000000,8.011752,0.076416,0.002109,0.263062,0.224243,0.049296,0.007300,0.118024,-0.097066,396.190002,15055.000000
4074.000000,0.800097,0.075684,0.002484,0.261597,0.225342,0.049694,0.007648,0.121211,-0.094613,417.559998,15266.000000
4075.000000,-2.921326,0.075928,0.002201,0.262085,0.226196,0.050424,0.007330,0.125106,-0.093832,417.309998,15051.000000
4076.000000,-15.468933,0.076416,0.001952,0.261597,0.226685,0.049779,0.007057,0.125371,-0.093275,416.809998,15051.000000
4077.000000,8.074883,0.077148,0.001566,0.261841,0.226807,0.049420,0.006677,0.128473,-0.094430,382.970001,15137.000000
4078.000000,11.686437,0.077026,0.001659,0.261963,0.225342,0.049046,0.006663,0.128120,-0.094755,415.619995,15521.000000
4079.000000,40.909687,0.077026,0.001638,0.260864,0.226318,0.048662,0.006817,0.125612,-0.094159,442.089996,15397.000000
4080.000000,30.402143,0.077026,0.001780,0.261597,0.226807,0.048986,0.007082,0.125278,-0.093565,455.339996,15022.000000
4081.000000,-26.515526,0.077148,0.002060,0.262451,0.225708,0.049178,0.007303,0.125448,-0.093890,449.440002,15250.000000
4082.000000,23.046946,0.077637,0.001994,0.262817,0.228149,0.049407,0.007304,0.128048,-0.092047,454.220001,15032.000000
4083.000000,-7.708856,0.077271,0.001818,0.260498,0.229126,0.049002,0.007209,0.123900,-0.094776,444.959991,15068.000000
4084.000000,21.300325,0.078125,0.002291,0.259521,0.229004,0.049427,0.007584,0.120852,-0.096369,424.410004,14944.000000
4085.000000,-28.174101,0.079102,0.001957,0.261719,0.228027,0.049670,0.007214,0.124710,-0.093920,484.549988,14964.000000
4086.000000,17.504498,0.079346,0.002380,0.260864,0.229126,0.049870,0.007745,0.129123,-0.093841,483.500000,15050.000000
4087.000000,-13.374442,0.078491,0.002163,0.260864,0.229248,0.049969,0.007545,0.128594,-0.094818,453.000000,15158.000000
4088.000000,26.877163,0.078003,0.001687,0.260498,0.229858,0.049117,0.007098,0.127733,-0.094312,473.480011,15463.000000
4089.000000,-12.771902,0.077026,0.001549,0.260376,0.226929,0.048634,0.006975,0.121240,-0.097564,400.190002,15164.000000
4090.000000,-17.150190,0.077881,0.001976,0.261597,0.227783,0.049113,0.007459,0.119638,-0.095464,350.980011,15138.000000
4091.000000,-14.134871,0.077637,0.001708,0.261963,0.226929,0.048992,0.007193,0.122132,-0.095857,479.739990,15348.000000
4092.000000,14.316881,0.077271,0.001941,0.261108,0.226929,0.048796,0.007443,0.124797,-0.094065,427.950012,15034.000000
4093.000000,4.641865,0.077881,0.001971,0.262573,0.227661,0.048956,0.007570,0.124536,-0.092964,410.059998,15122.000000
4094.000000,-5.274044,0.078857,0.002921,0.264648,0.228516,0.050255,0.008511,0.126964,-0.090467,394.230011,15204.000000
4095.000000,11.245101,0.079346,0.003340,0.264160,0.229004,0.050886,0.008947,0.128070,-0.091518,464.500000,15396.000000
4096.000000,15.305916,0.078613,0.002796,0.263184,0.229736,0.051146,0.008383,0.125631,-0.092390,431.420013,15006.000000
4097.000000,5.860756,0.077759,0.002425,0.260986,0.227783,0.050781,0.007993,0.120898,-0.094422,422.700012,15015.000000
4098.000000,5.044574,0.078613,0.002789,0.261230,0.227905,0.051095,0.008255,0.120300,-0.096749,372.230011,15225.000000
4099.000000,3.527662,0.078979,0.003072,0.260864,0.230103,0.051721,0.008626,0.121287,-0.094043,467.630005,15189.000000
4100.000000,-11.327644,0.079102,0.002556,0.261108,0.233154,0.051697,0.008244,0.126493,-0.090431,471.859985,15431.000000
4101.000000,-21.793047,0.079590,0.002597,0.260132,0.231934,0.052143,0.008150,0.129920,-0.091223,408.649994,15941.000000
4102.000000,20.054438,0.080566,0.002678,0.260620,0.232300,0.052701,0.008190,0.129916,-0.094626,411.880005,15801.000000
4103.000000,-3.028456,0.080322,0.002717,0.261841,0.230225,0.052817,0.008053,0.128941,-0.097219,415.470001,15474.000000
4104.000000,26.585268,0.080078,0.002757,0.261719,0.229858,0.053001,0.008041,0.127421,-0.096773,522.130005,15995.000000
4105.000000,1.171091,0.079712,0.002660,0.260864,0.229614,0.052890,0.007978,0.128262,-0.095952,472.089996,15754.000000
4106.000000,7.622501,0.079102,0.002385,0.261230,0.228638,0.052296,0.007688,0.129017,-0.095594,424.250000,15511.000000
4107.000000,-17.332634,0.078735,0.002218,0.262085,0.227783,0.052014,0.007571,0.127609,-0.094825,395.529999,15860.000000
4108.000000,7.536992,0.079834,0.002497,0.262085,0.229248,0.052492,0.007820,0.129273,-0.092417,436.859985,15920.000000
4109.000000,7.902294,0.081177,0.002619,0.262939,0.230713,0.052905,0.007946,0.129252,-0.092510,457.170013,15895.000000
4110.000000,11.505621,0.081421,0.002561,0.262939,0.233276,0.053151,0.007926,0.128281,-0.091148,399.570007,15563.000000
4111.000000,30.275772,0.080200,0.002029,0.261719,0.232178,0.052402,0.007424,0.127882,-0.090582,491.079987,15650.000000
4112.000000,39.252319,0.079590,0.002067,0.261475,0.231079,0.051650,0.007366,0.128016,-0.091484,403.000000,15978.000000
4113.000000,26.399721,0.078857,0.002460,0.262085,0.229980,0.051453,0.007718,0.125246,-0.093726,464.040009,15997.000000
4114.000000,47.733303,0.078125,0.002390,0.259888,0.229126,0.050707,0.007632,0.119703,-0.096090,401.519989,15992.000000
4115.000000,28.288143,0.076904,0.002136,0.258179,0.229248,0.049901,0.007489,0.116178,-0.094055,463.529999,16120.000000
4116.000000,3.243762,0.077271,0.003019,0.257446,0.229858,0.050436,0.008420,0.121631,-0.089733,476.600006,15749.000000
4117.000000,-7.294114,0.078369,0.003619,0.260010,0.230835,0.051138,0.008988,0.125532,-0.088421,409.660004,15708.000000
4118.000000,14.973881,0.076904,0.002858,0.258301,0.229614,0.050671,0.008164,0.123909,-0.092755,404.019989,15549.000000
4119.000000,35.085258,0.076538,0.002737,0.258057,0.229614,0.050231,0.007983,0.119245,-0.094736,417.230011,15759.000000
4120.000000,16.731537,0.076538,0.002773,0.258057,0.230591,0.050004,0.008171,0.118792,-0.092803,429.329987,15658.000000
4121.000000,6.027996,0.077271,0.002555,0.259399,0.231689,0.050717,0.008002,0.124380,-0.090818,414.119995,15677.000000
4122.000000,20.284414,0.077637,0.002689,0.260620,0.229980,0.050644,0.008031,0.127436,-0.092864,428.619995,15875.000000
4123.000000,35.067970,0.077393,0.002782,0.259277,0.229004,0.050474,0.008004,0.122932,-0.094896,458.589996,15557.000000
4124.000000,-17.786621,0.077637,0.002934,0.259033,0.228149,0.050655,0.008051,0.119479,-0.094948,385.959991,15584.000000
4125.000000,31.066137,0.078735,0.002974,0.260864,0.229614,0.051189,0.008076,0.122854,-0.091639,504.929993,15570.000000
4126.000000,6.409880,0.079224,0.003042,0.263428,0.228882,0.051483,0.008137,0.126938,-0.091522,394.859985,15620.000000
4127.000000,25.269821,0.078491,0.003059,0.263672,0.228149,0.051730,0.008051,0.125945,-0.091852,434.230011,15673.000000
4128.000000,20.008480,0.077637,0.002612,0.263062,0.227783,0.051117,0.007686,0.122459,-0.093291,432.140015,15932.000000
4129.000000,42.959053,0.078125,0.002583,0.262207,0.227783,0.050855,0.007729,0.118828,-0.094646,497.369995,15649.000000
4130.000000,14.196508,0.078979,0.002452,0.263916,0.229614,0.050897,0.007660,0.120433,-0.095426,525.200012,15665.000000
4131.000000,14.074564,0.079834,0.002495,0.266113,0.230103,0.051915,0.007802,0.124679,-0.093076,395.029999,16008.000000
4132.000000,11.580705,0.079590,0.002624,0.265137,0.230103,0.052751,0.007885,0.127914,-0.092456,462.839996,15447.000000
4133.000000,-23.759413,0.078857,0.002325,0.264893,0.229370,0.052432,0.007519,0.128028,-0.094034,397.209991,15573.000000
4134.000000,26.053844,0.078003,0.002234,0.265625,0.228638,0.052728,0.007337,0.125792,-0.095513,357.809998,15738.000000
4135.000000,3.627933,0.077271,0.001930,0.266113,0.229004,0.052260,0.006946,0.125050,-0.094798,444.140015,16032.000000
4136.000000,28.861946,0.077026,0.002115,0.264648,0.229126,0.052337,0.007107,0.122278,-0.093857,370.940002,15735.000000
4137.000000,-8.175792,0.077026,0.002381,0.264404,0.228760,0.052397,0.007378,0.123046,-0.092411,409.970001,15534.000000
4138.000000,-0.704369,0.076538,0.002013,0.264771,0.228760,0.051955,0.007022,0.124433,-0.092977,380.019989,15933.000000
4139.000000,9.544678,0.077393,0.001809,0.267822,0.228149,0.052037,0.006849,0.126457,-0.091709,403.119995,15859.000000
4140.000000,12.888862,0.077881,0.001992,0.267334,0.229126,0.051816,0.007096,0.125334,-0.089469,441.149994,15595.000000
4141.000000,-4.593971,0.078735,0.002430,0.267456,0.230103,0.052411,0.007640,0.123117,-0.090369,441.369995,15777.000000
4142.000000,40.637043,0.077515,0.001942,0.264404,0.229614,0.051363,0.007249,0.118652,-0.094635,517.280029,15814.000000
4143.000000,45.611397,0.076050,0.001837,0.262207,0.227051,0.050295,0.007072,0.115079,-0.095428,443.029999,15840.000000
4144.000000,44.231739,0.074219,0.001806,0.259888,0.226807,0.049426,0.007124,0.115251,-0.093761,457.700012,15810.000000
4145.000000,-7.930984,0.074585,0.002203,0.260498,0.226807,0.049139,0.007558,0.117323,-0.092884,410.989990,15692.000000
4146.000000,-20.853241,0.075317,0.002531,0.260620,0.229126,0.049444,0.007990,0.118609,-0.091056,452.980011,15935.000000
4147.000000,20.973959,0.076294,0.002706,0.262573,0.229248,0.049873,0.008180,0.119825,-0.092947,431.149994,15792.000000
4148.000000,8.582740,0.077515,0.002832,0.265015,0.230591,0.050810,0.008335,0.120815,-0.092475,467.359985,15721.000000
4149.000000,10.299495,0.078247,0.002713,0.265991,0.230225,0.051281,0.008169,0.118679,-0.092759,401.489990,15491.000000
4150.000000,6.386322,0.078491,0.002671,0.267212,0.230591,0.050835,0.008074,0.116598,-0.094019,453.540009,15786.000000
4151.000000,60.305607,0.078247,0.002364,0.267334,0.229614,0.050392,0.007556,0.115898,-0.095508,422.059998,15639.000000
4152.000000,-13.435684,0.078491,0.002333,0.267700,0.229858,0.050962,0.007623,0.112677,-0.095880,556.909973,16000.000000
4153.000000,14.175113,0.078979,0.002623,0.268066,0.231201,0.051501,0.007992,0.113615,-0.094884,573.929993,15641.000000
4154.000000,11.093735,0.078369,0.002170,0.268311,0.231201,0.051648,0.007623,0.112585,-0.096689,435.130005,15723.000000
4155.000000,4.050303,0.078857,0.001958,0.267700,0.231445,0.051326,0.007480,0.110367,-0.097846,466.559998,15622.000000
4156.000000,20.215181,0.078979,0.001936,0.267944,0.230591,0.051291,0.007382,0.112784,-0.096945,526.349976,15616.000000
4157.000000,24.330240,0.079712,0.001987,0.267822,0.232544,0.051301,0.007462,0.111334,-0.095814,474.589996,15807.000000
4158.000000,15.622583,0.079346,0.001727,0.268188,0.231567,0.051158,0.007207,0.112938,-0.095471,496.779999,15709.000000
4159.000000,14.099399,0.079346,0.001732,0.267822,0.229736,0.050577,0.007050,0.113067,-0.095123,389.149994,15523.000000
4160.000000,21.351992,0.079346,0.001527,0.268921,0.230103,0.050550,0.006870,0.112230,-0.097574,418.910004,15712.000000
4161.000000,24.929733,0.080078,0.001495,0.270874,0.230347,0.050712,0.006838,0.116165,-0.094621,469.630005,15742.000000
4162.000000,9.793074,0.080566,0.001894,0.269165,0.232910,0.051412,0.007361,0.117061,-0.091615,435.619995,15748.000000
4163.000000,6.498138,0.080566,0.001911,0.270020,0.232300,0.051904,0.007365,0.117225,-0.093297,438.209991,15708.000000
4164.000000,6.816379,0.080566,0.001638,0.269653,0.230713,0.052046,0.006932,0.115383,-0.095953,460.649994,15547.000000
4165.000000,35.395004,0.079712,0.001633,0.269531,0.230347,0.051845,0.006925,0.112123,-0.097322,518.469971,15701.000000
4166.000000,36.074780,0.078369,0.001302,0.268066,0.228271,0.050672,0.006530,0.111728,-0.098763,395.820007,15560.000000
4167.000000,12.098351,0.077393,0.001374,0.267212,0.228027,0.050303,0.006503,0.110668,-0.098084,411.769989,16113.000000
4168.000000,-0.199347,0.076904,0.001840,0.267090,0.229736,0.050033,0.007059,0.109893,-0.095146,465.010010,15743.000000
4169.000000,15.819419,0.077026,0.001596,0.267578,0.229126,0.049582,0.006895,0.107248,-0.099805,342.329987,15361.000000
4170.000000,-1.083368,0.077881,0.001681,0.268677,0.230469,0.049976,0.007091,0.110284,-0.097000,368.040009,15852.000000
4171.000000,25.633482,0.077637,0.001699,0.269531,0.230225,0.050363,0.007062,0.113583,-0.096145,442.010010,16056.000000
4172.000000,25.902157,0.078247,0.001936,0.270386,0.231567,0.050658,0.007376,0.110609,-0.097196,430.959991,15722.000000
4173.000000,-1.426085,0.078491,0.002167,0.270752,0.231567,0.051251,0.007541,0.113078,-0.095878,442.290009,15612.000000
4174.000000,22.118727,0.078369,0.002282,0.271973,0.230469,0.051671,0.007653,0.117132,-0.095237,395.589996,15532.000000
4175.000000,29.895924,0.078979,0.002456,0.270630,0.229370,0.051651,0.007866,0.111859,-0.097747,359.850006,15558.000000
4176.000000,-2.621140,0.078613,0.002042,0.270630,0.229126,0.051475,0.007587,0.110274,-0.097467,459.649994,15596.000000
4177.000000,5.202879,0.078247,0.002210,0.270630,0.227905,0.051174,0.007752,0.109613,-0.097740,436.730011,15750.000000
4178.000000,-15.610202,0.078491,0.002192,0.271118,0.228149,0.051506,0.007735,0.109067,-0.096158,402.390015,15796.000000
4179.000000,-8.253675,0.078491,0.001944,0.271118,0.229736,0.051007,0.007552,0.111345,-0.095727,447.529999,15871.000000
4180.000000,17.489843,0.079712,0.001844,0.272461,0.230835,0.051121,0.007469,0.113252,-0.095525,355.510010,15777.000000
4181.000000,8.892995,0.079712,0.001534,0.272217,0.229980,0.050467,0.007126,0.111536,-0.097439,390.029999,15738.000000
4182.000000,7.488022,0.078491,0.001491,0.270264,0.228882,0.049233,0.007054,0.106362,-0.100543,465.510010,15727.000000
4183.000000,28.077259,0.078247,0.001512,0.269653,0.230103,0.049264,0.007028,0.106484,-0.099755,376.299988,15724.000000
4184.000000,-14.558219,0.078735,0.002121,0.271606,0.229370,0.050023,0.007507,0.109271,-0.098808,388.670013,15648.000000
4185.000000,-15.694134,0.078979,0.002072,0.272461,0.228394,0.050457,0.007373,0.110360,-0.096485,443.049988,15635.000000
4186.000000,4.542815,0.079712,0.002096,0.274414,0.228027,0.050732,0.007455,0.110783,-0.097960,477.899994,15504.000000
4187.000000,-12.273099,0.079468,0.001847,0.272583,0.229736,0.050231,0.007352,0.109823,-0.096527,396.570007,15538.000000
4188.000000,-18.415844,0.078735,0.001391,0.273438,0.229980,0.049533,0.007039,0.108570,-0.097529,398.160004,15870.000000
4189.000000,27.035698,0.078247,0.001653,0.272705,0.227661,0.049222,0.007027,0.109275,-0.098525,396.640015,15860.000000
4190.000000,14.394925,0.078613,0.001830,0.271606,0.229370,0.049574,0.007315,0.109907,-0.096800,436.989990,15911.000000
4191.000000,17.189081,0.078491,0.002004,0.272461,0.229370,0.049029,0.007335,0.108505,-0.099973,349.890015,15741.000000
4192.000000,-17.760628,0.077881,0.002202,0.271118,0.227051,0.049117,0.007383,0.108761,-0.101122,336.429993,15693.000000
4193.000000,22.271667,0.076172,0.001806,0.270874,0.227417,0.048111,0.007000,0.110625,-0.099362,443.470001,15445.000000
4194.000000,23.895126,0.075928,0.002225,0.270508,0.227173,0.047866,0.007349,0.113825,-0.096114,411.480011,15519.000000
4195.000000,7.541191,0.076904,0.002600,0.271484,0.227417,0.048963,0.007702,0.114694,-0.095699,428.010010,15575.000000
4196.000000,-19.466988,0.078003,0.003007,0.272827,0.228271,0.050307,0.008076,0.114487,-0.096729,386.910004,15714.000000
4197.000000,29.291128,0.077393,0.002722,0.272583,0.227417,0.049644,0.007845,0.110096,-0.098406,428.339996,15586.000000
4198.000000,20.748865,0.078247,0.002995,0.273071,0.229126,0.050135,0.008154,0.106852,-0.099729,366.329987,15606.000000
4199.000000,-2.490303,0.077881,0.002319,0.273193,0.228027,0.049793,0.007380,0.111706,-0.097870,422.760010,15089.000000
4200.000000,19.848774,0.078857,0.002803,0.273926,0.229004,0.050684,0.007905,0.114927,-0.095776,455.149994,14951.000000
4201.000000,-1.417890,0.080078,0.002822,0.276001,0.229736,0.051461,0.007875,0.118383,-0.095020,336.630005,15123.000000
4202.000000,-12.882434,0.079224,0.002239,0.275635,0.228394,0.051092,0.007349,0.116890,-0.095113,398.040009,15419.000000
4203.000000,11.704315,0.078125,0.002536,0.275269,0.225708,0.051016,0.007579,0.115110,-0.095923,444.750000,15671.000000
4204.000000,6.104691,0.078125,0.002301,0.274902,0.226196,0.051014,0.007434,0.114652,-0.095887,455.559998,15673.000000
4205.000000,-6.498336,0.078003,0.002235,0.276245,0.226440,0.050937,0.007477,0.117920,-0.094022,354.420013,15511.000000
4206.000000,36.826778,0.078003,0.002426,0.276611,0.229614,0.050920,0.007820,0.120334,-0.092173,388.329987,15454.000000
4207.000000,14.310536,0.078003,0.002489,0.277710,0.229492,0.051480,0.007827,0.120478,-0.093682,485.489990,15405.000000
4208.000000,8.309064,0.078979,0.002748,0.278320,0.229370,0.052053,0.008024,0.119915,-0.096132,467.899994,15599.000000
4209.000000,25.998871,0.079346,0.002655,0.278564,0.227783,0.051889,0.007982,0.120094,-0.097613,452.450012,15456.000000
4210.000000,-4.234427,0.079346,0.002461,0.280273,0.228027,0.051985,0.007676,0.120273,-0.096590,448.470001,15443.000000
4211.000000,4.425829,0.079468,0.002310,0.279785,0.229492,0.051951,0.007683,0.116236,-0.097433,460.390015,15638.000000
4212.000000,2.691482,0.078979,0.002367,0.279907,0.229614,0.051895,0.007770,0.118093,-0.095282,368.420013,15932.000000
4213.000000,50.200855,0.079102,0.002643,0.281128,0.230469,0.051601,0.008053,0.118634,-0.095805,509.119995,15431.000000
4214.000000,21.951952,0.077393,0.002459,0.279785,0.228394,0.050786,0.007949,0.118397,-0.097267,504.429993,15401.000000
4215.000000,4.022485,0.077881,0.002303,0.279785,0.228149,0.050432,0.007841,0.117855,-0.096652,416.600006,15504.000000
4216.000000,16.073296,0.078735,0.002239,0.280762,0.229370,0.050214,0.008000,0.119203,-0.094732,400.359985,15707.000000
4217.000000,5.587277,0.078857,0.002377,0.281616,0.231079,0.050587,0.008097,0.120512,-0.093770,440.410004,15649.000000
4218.000000,31.912298,0.079224,0.002629,0.282837,0.231201,0.050997,0.008440,0.122131,-0.092828,402.769989,15736.000000
4219.000000,-17.520300,0.079590,0.002751,0.283447,0.231323,0.051510,0.008443,0.123192,-0.093028,414.920013,15477.000000
4220.000000,5.216599,0.079834,0.002482,0.283447,0.230713,0.051790,0.008079,0.121574,-0.093880,440.619995,15036.000000
4221.000000,-36.841633,0.080322,0.001981,0.285278,0.232422,0.052218,0.007627,0.120682,-0.094193,388.760010,15487.000000
4222.000000,-8.380797,0.080933,0.001796,0.287964,0.232300,0.052498,0.007368,0.125033,-0.091394,452.040009,14916.000000
4223.000000,18.192848,0.081421,0.002008,0.288330,0.231934,0.053164,0.007471,0.125152,-0.091424,429.609985,14876.000000
4224.000000,2.175647,0.081421,0.001678,0.287964,0.232422,0.052881,0.007157,0.122991,-0.092713,436.549988,14799.000000
4225.000000,12.023343,0.080811,0.001909,0.285767,0.233154,0.052299,0.007520,0.120092,-0.093187,388.940002,14900.000000
4226.000000,17.443895,0.080078,0.001784,0.284302,0.232544,0.051472,0.007284,0.110988,-0.095942,519.330017,15222.000000
4227.000000,13.914771,0.079468,0.001652,0.283569,0.231689,0.050784,0.007146,0.114866,-0.096116,418.769989,15164.000000
4228.000000,-2.341479,0.079590,0.002274,0.283447,0.231567,0.051518,0.007728,0.113907,-0.096729,462.209991,15103.000000
4229.000000,-41.549885,0.078491,0.002179,0.283081,0.230469,0.050913,0.007480,0.112985,-0.097829,462.170013,15159.000000
4230.000000,-11.866675,0.079590,0.003097,0.283691,0.229980,0.052056,0.008442,0.112747,-0.095302,419.970001,15137.000000
4231.000000,-5.667126,0.080078,0.002726,0.284912,0.230835,0.052384,0.008030,0.115633,-0.096251,486.190002,15031.000000
4232.000000,-14.597036,0.080078,0.002748,0.284912,0.230103,0.052607,0.007915,0.116282,-0.098288,371.140015,14891.000000
4233.000000,-3.035786,0.080811,0.002486,0.286255,0.230713,0.052385,0.007747,0.117621,-0.096876,437.760010,14924.000000
4234.000000,-1.529520,0.080688,0.002537,0.285156,0.230347,0.052813,0.007629,0.115465,-0.097518,454.820007,14784.000000
4235.000000,25.348822,0.080688,0.002387,0.286011,0.229858,0.052019,0.007418,0.115681,-0.100375,402.570007,14964.000000
4236.000000,17.116005,0.079834,0.001992,0.286255,0.229248,0.052062,0.006934,0.118123,-0.100168,444.920013,14797.000000
4237.000000,23.468122,0.078735,0.001991,0.284058,0.228394,0.051735,0.007040,0.119924,-0.098754,470.089996,14919.000000
4238.000000,43.785614,0.078857,0.002228,0.283569,0.230591,0.051150,0.007352,0.119745,-0.096410,458.519989,14927.000000
4239.000000,-24.014400,0.079346,0.002067,0.283325,0.230469,0.050848,0.007304,0.118465,-0.098121,427.320007,15155.000000
4240.000000,-25.100338,0.079102,0.002464,0.281860,0.231079,0.050930,0.007752,0.114993,-0.100184,362.910004,14805.000000
4241.000000,1.605982,0.079102,0.002545,0.283203,0.232178,0.051481,0.007921,0.120893,-0.096281,453.980011,14883.000000
4242.000000,9.304971,0.080078,0.002664,0.284180,0.233032,0.052483,0.007936,0.125869,-0.095137,432.239990,15025.000000
4243.000000,49.167561,0.080811,0.002318,0.285400,0.233643,0.052451,0.007725,0.126178,-0.095430,445.959991,15384.000000
4244.000000,-2.870078,0.080811,0.001973,0.284912,0.233887,0.052252,0.007303,0.124864,-0.097264,415.140015,14878.000000
4245.000000,-0.166532,0.080444,0.001999,0.285645,0.233887,0.052405,0.007255,0.124432,-0.099044,438.239990,15044.000000
4246.000000,11.513558,0.080078,0.001900,0.285522,0.235352,0.052524,0.007284,0.128188,-0.096163,456.179993,14973.000000
4247.000000,63.603497,0.081177,0.002576,0.285767,0.237183,0.053071,0.007895,0.127286,-0.095000,488.890015,15177.000000
4248.000000,11.319728,0.082153,0.002799,0.284180,0.236450,0.053400,0.007995,0.124049,-0.096286,412.230011,15269.000000
4249.000000,-1.622185,0.081299,0.002450,0.282837,0.235718,0.052516,0.007610,0.121569,-0.097713,429.160004,15154.000000
4250.000000,19.162458,0.081299,0.002321,0.281982,0.236694,0.052216,0.007478,0.120792,-0.098226,384.200012,15043.000000
4251.000000,54.999519,0.081543,0.001909,0.281616,0.236084,0.051719,0.007022,0.120683,-0.097783,454.309998,15097.000000
4252.000000,-8.224680,0.080566,0.001899,0.279907,0.235596,0.050642,0.007006,0.120077,-0.098142,414.470001,15196.000000
4253.000000,3.839947,0.080688,0.001569,0.281128,0.237061,0.050181,0.006760,0.120681,-0.098330,387.109985,15205.000000
4254.000000,-7.125632,0.081543,0.001469,0.281372,0.234863,0.050201,0.006517,0.120278,-0.100482,395.630005,15037.000000
4255.000000,17.029245,0.081299,0.001890,0.281738,0.235718,0.050660,0.006992,0.119768,-0.098004,391.739990,15339.000000
4256.000000,19.547373,0.082031,0.002253,0.280518,0.236328,0.050910,0.007433,0.121412,-0.098527,441.410004,15332.000000
4257.000000,1.988829,0.082031,0.001544,0.280029,0.235962,0.050562,0.006615,0.121917,-0.101270,426.910004,15556.000000
4258.000000,15.312940,0.081787,0.001629,0.279785,0.235474,0.050463,0.006560,0.121232,-0.102491,377.829987,15380.000000
4259.000000,-15.112157,0.081665,0.001481,0.279907,0.233521,0.050173,0.006298,0.123058,-0.102802,370.880005,15720.000000
4260.000000,28.450222,0.080688,0.001637,0.280762,0.232788,0.049983,0.006439,0.120023,-0.102472,423.730011,15394.000000
4261.000000,1.173079,0.080933,0.001967,0.281128,0.234375,0.050141,0.006851,0.121100,-0.100393,423.200012,15998.000000
4262.000000,-45.129387,0.079956,0.001589,0.280884,0.234253,0.049757,0.006505,0.119072,-0.099994,398.279999,15789.000000
4263.000000,-0.204955,0.080688,0.001848,0.279785,0.234863,0.050070,0.006932,0.118883,-0.099629,447.079987,15734.000000
4264.000000,-11.049034,0.080078,0.001741,0.280029,0.232910,0.050018,0.006722,0.122116,-0.099596,365.839996,15789.000000
4265.000000,8.190099,0.080200,0.002007,0.280273,0.233032,0.050439,0.006917,0.119146,-0.099834,450.670013,15634.000000
4266.000000,-4.070465,0.080200,0.001841,0.279907,0.233032,0.049828,0.006847,0.117844,-0.100686,388.390015,15973.000000
4267.000000,36.120998,0.080078,0.002122,0.277710,0.232178,0.049646,0.007144,0.115687,-0.100535,413.899994,15672.000000
4268.000000,26.064695,0.079590,0.002047,0.276855,0.232422,0.049282,0.007234,0.113164,-0.101609,485.470001,15700.000000
4269.000000,34.327999,0.080078,0.002147,0.276489,0.233154,0.049276,0.007405,0.114524,-0.100796,432.700012,15628.000000
4270.000000,-23.236217,0.081177,0.002118,0.278320,0.234741,0.049493,0.007496,0.117509,-0.098584,408.410004,15789.000000
4271.000000,0.408871,0.081177,0.002059,0.276978,0.235229,0.049971,0.007506,0.119485,-0.098402,397.619995,15685.000000
4272.000000,-4.130059,0.082153,0.002233,0.278687,0.236206,0.050251,0.007643,0.121947,-0.099534,371.380005,15675.000000
4273.000000,-16.015305,0.083374,0.002553,0.279419,0.236816,0.051441,0.007861,0.123342,-0.100447,383.359985,15751.000000
4274.000000,-25.246992,0.082886,0.002329,0.280029,0.236206,0.051237,0.007728,0.123000,-0.100756,360.649994,15861.000000
4275.000000,-25.333580,0.082642,0.002456,0.279053,0.236694,0.051435,0.007829,0.121717,-0.100703,416.890015,15953.000000
4276.000000,11.595942,0.080933,0.002272,0.276611,0.234253,0.051263,0.007543,0.121638,-0.100544,483.929993,15826.000000
4277.000000,9.965452,0.080933,0.001990,0.277100,0.234009,0.051621,0.007279,0.124039,-0.100580,476.850006,15619.000000
4278.000000,28.832169,0.081177,0.002193,0.276611,0.235229,0.052113,0.007545,0.123020,-0.102206,497.100006,15752.000000
4279.000000,11.766982,0.080200,0.001902,0.276367,0.235718,0.051905,0.007325,0.123077,-0.102402,342.279999,15876.000000
4280.000000,-7.393791,0.079590,0.001846,0.276489,0.235229,0.051745,0.007271,0.123474,-0.102382,393.410004,15415.000000
4281.000000,24.624046,0.080444,0.002092,0.277100,0.236450,0.051868,0.007521,0.124661,-0.102005,432.119995,15572.000000
4282.000000,4.897251,0.080078,0.002170,0.276001,0.235474,0.051856,0.007527,0.125716,-0.103066,463.459991,15707.000000
4283.000000,45.195786,0.080200,0.002075,0.275635,0.235840,0.051763,0.007345,0.124079,-0.104209,446.739990,15714.000000
4284.000000,16.191574,0.080200,0.002623,0.274170,0.236328,0.051962,0.007961,0.124314,-0.102944,471.829987,15646.000000
4285.000000,-9.670639,0.080566,0.002627,0.275146,0.236694,0.052017,0.007942,0.124018,-0.102433,370.200012,15824.000000
4286.000000,25.789158,0.080444,0.002549,0.274292,0.236328,0.052157,0.007797,0.123630,-0.101576,428.350006,15616.000000
4287.000000,-14.836530,0.080444,0.002197,0.274658,0.237793,0.052345,0.007522,0.126859,-0.100971,372.970001,15769.000000
4288.000000,25.060789,0.080078,0.002092,0.275146,0.238403,0.051902,0.007388,0.126482,-0.101594,436.440002,15729.000000
4289.000000,8.611102,0.079956,0.002252,0.272949,0.239746,0.051573,0.007734,0.126149,-0.100520,483.820007,15657.000000
4290.000000,23.183203,0.080078,0.002164,0.274170,0.238403,0.051688,0.007486,0.126916,-0.103401,438.470001,15521.000000
4291.000000,12.258778,0.078613,0.001848,0.271362,0.235962,0.050938,0.007014,0.121220,-0.104317,440.570007,15841.000000
4292.000000,25.525879,0.078979,0.001795,0.272217,0.237915,0.051052,0.007081,0.120395,-0.102210,393.209991,15586.000000
4293.000000,34.294426,0.078979,0.001918,0.271729,0.239502,0.050933,0.007213,0.122537,-0.100428,488.980011,15544.000000
4294.000000,-7.307120,0.079224,0.002344,0.272095,0.238770,0.051606,0.007578,0.119698,-0.103373,423.100006,15439.000000
4295.000000,1.765790,0.078979,0.002358,0.270874,0.237793,0.051534,0.007548,0.119516,-0.104663,406.910004,15609.000000
4296.000000,28.049484,0.077759,0.001991,0.269409,0.236816,0.051500,0.007187,0.120505,-0.103171,501.869995,15785.000000
4297.000000,-23.222321,0.078491,0.002053,0.268555,0.237427,0.051590,0.007276,0.119257,-0.103729,380.609985,15425.000000
4298.000000,13.822029,0.077759,0.001756,0.266357,0.238037,0.051165,0.007079,0.121185,-0.102434,421.200012,15703.000000
4299.000000,-15.451838,0.079224,0.002428,0.268311,0.239014,0.052357,0.007739,0.122797,-0.101747,417.940002,15831.000000
4300.000000,34.848408,0.079834,0.002569,0.268066,0.239014,0.052521,0.007895,0.123979,-0.102171,436.079987,15569.000000
4301.000000,29.362009,0.079346,0.002054,0.266602,0.239014,0.052074,0.007447,0.122742,-0.102977,435.709991,15114.000000
4302.000000,24.749218,0.078369,0.001689,0.266235,0.237305,0.051508,0.007022,0.119379,-0.105260,407.489990,14732.000000
4303.000000,0.224051,0.079468,0.001914,0.265991,0.237549,0.051657,0.007165,0.121746,-0.103709,443.959991,15150.000000
4304.000000,-17.681831,0.078369,0.001775,0.265015,0.236938,0.051312,0.007057,0.121575,-0.103802,428.700012,14861.000000
4305.000000,38.705021,0.078247,0.002031,0.264404,0.236084,0.050962,0.007259,0.119421,-0.105428,447.320007,15095.000000
4306.000000,22.396769,0.078979,0.001816,0.265381,0.235840,0.050582,0.006979,0.116211,-0.105579,484.029999,15248.000000
4307.000000,-6.820623,0.077393,0.001469,0.262573,0.236694,0.049758,0.006791,0.115678,-0.103767,472.459991,15057.000000
4308.000000,11.944891,0.077759,0.001886,0.263428,0.238403,0.050443,0.007112,0.120630,-0.102263,368.179993,15375.000000
4309.000000,-2.642577,0.078979,0.002379,0.263672,0.237671,0.050764,0.007487,0.119986,-0.102166,312.959991,15574.000000
4310.000000,7.614814,0.079468,0.001737,0.263794,0.238281,0.050379,0.006959,0.117447,-0.103051,461.700012,15582.000000
4311.000000,-3.854841,0.079834,0.001917,0.264038,0.237793,0.050744,0.007174,0.116859,-0.104296,365.369995,15489.000000
4312.000000,3.566691,0.080078,0.002226,0.263916,0.237671,0.051131,0.007477,0.116931,-0.104799,371.760010,15566.000000
4313.000000,1.538771,0.080078,0.001959,0.263062,0.238281,0.050705,0.007147,0.116776,-0.105339,401.559998,15567.000000
4314.000000,14.055667,0.079712,0.002161,0.262939,0.236694,0.050761,0.007155,0.114617,-0.108298,431.769989,16003.000000
4315.000000,27.152000,0.079834,0.001784,0.262573,0.236084,0.050300,0.006763,0.112469,-0.107767,538.669983,15552.000000
4316.000000,-0.748190,0.079590,0.001596,0.263062,0.234741,0.050001,0.006472,0.113796,-0.107757,425.100006,15897.000000
4317.000000,2.337659,0.081055,0.002425,0.263184,0.237061,0.050886,0.007346,0.116265,-0.105820,419.070007,15784.000000
4318.000000,-21.262428,0.080444,0.001942,0.264038,0.238159,0.050875,0.007025,0.118044,-0.107101,364.730011,15498.000000
4319.000000,-2.319621,0.079590,0.001726,0.261963,0.238037,0.050191,0.006844,0.117579,-0.108158,359.899994,15807.000000
4320.000000,20.515255,0.079834,0.001555,0.261475,0.237915,0.050034,0.006606,0.117172,-0.109647,404.410004,15666.000000
4321.000000,23.431021,0.080200,0.001502,0.263550,0.238403,0.050137,0.006515,0.119707,-0.110005,495.630005,15647.000000
4322.000000,11.524694,0.080444,0.002040,0.264404,0.238281,0.050702,0.007191,0.121106,-0.108553,462.019989,15635.000000
4323.000000,11.159291,0.079834,0.001806,0.263794,0.239014,0.050553,0.006870,0.121697,-0.108469,407.079987,15724.000000
4324.000000,-5.533568,0.079956,0.001486,0.264648,0.238647,0.050710,0.006502,0.123451,-0.107923,346.000000,15462.000000
4325.000000,-3.864496,0.080444,0.001469,0.264282,0.238892,0.050510,0.006454,0.120883,-0.107410,357.260010,15767.000000
4326.000000,1.141344,0.080566,0.001764,0.264160,0.238525,0.050801,0.006757,0.120239,-0.108008,371.929993,15574.000000
4327.000000,-11.064492,0.080078,0.001482,0.263916,0.236572,0.050629,0.006454,0.118112,-0.109622,402.320007,15810.000000
4328.000000,-30.366646,0.080200,0.001406,0.265381,0.236084,0.051201,0.006389,0.118828,-0.108100,375.799988,15354.000000
4329.000000,9.214997,0.079956,0.001291,0.266357,0.235840,0.051239,0.006335,0.123280,-0.103918,428.839996,15561.000000
4330.000000,20.981285,0.080688,0.001448,0.266602,0.238159,0.051361,0.006678,0.125519,-0.103045,376.070007,15712.000000
4331.000000,26.865246,0.082031,0.001471,0.267212,0.238647,0.051312,0.006646,0.123708,-0.105317,428.429993,15543.000000
4332.000000,5.605679,0.081543,0.002020,0.266846,0.239868,0.051491,0.007314,0.120321,-0.106234,501.950012,16155.000000
4333.000000,24.528749,0.081421,0.002086,0.266357,0.236206,0.051507,0.007164,0.118037,-0.109169,404.730011,15713.000000
4334.000000,5.413326,0.080566,0.001950,0.266846,0.235596,0.051415,0.007005,0.116262,-0.107265,389.049988,16067.000000
4335.000000,29.888081,0.081421,0.002480,0.266235,0.237183,0.051939,0.007534,0.116863,-0.107590,443.709991,16101.000000
4336.000000,-8.939349,0.081177,0.001997,0.265259,0.236450,0.051419,0.006975,0.114377,-0.110294,454.429993,15983.000000
4337.000000,21.723602,0.080688,0.001676,0.264160,0.237549,0.050452,0.006782,0.111741,-0.108914,421.279999,15603.000000
4338.000000,-27.251013,0.080566,0.001490,0.264282,0.236816,0.049957,0.006561,0.112600,-0.109824,389.420013,15745.000000
4339.000000,27.839167,0.080078,0.001867,0.264282,0.236450,0.050285,0.006991,0.112808,-0.109382,390.320007,15789.000000
4340.000000,-5.513229,0.080811,0.001839,0.263550,0.236938,0.050763,0.007041,0.113582,-0.109702,449.359985,15613.000000
4341.000000,-1.972665,0.080566,0.001961,0.263794,0.236816,0.051223,0.007209,0.114565,-0.109825,322.720001,15803.000000
4342.000000,16.796904,0.081177,0.001967,0.263794,0.237793,0.051397,0.007238,0.114896,-0.109033,440.440002,15868.000000
4343.000000,-14.861806,0.080933,0.002296,0.264404,0.238403,0.051786,0.007533,0.115561,-0.107689,366.720001,15741.000000
4344.000000,-23.310728,0.082031,0.002082,0.266968,0.239380,0.052187,0.007300,0.119407,-0.105771,370.720001,15781.000000
4345.000000,-8.521027,0.082031,0.002237,0.266235,0.239746,0.052056,0.007490,0.118955,-0.106301,423.790009,15965.000000
4346.000000,36.082497,0.082153,0.002002,0.267822,0.238281,0.051997,0.007224,0.115580,-0.109315,402.399994,15958.000000
4347.000000,-18.358862,0.081787,0.001711,0.267090,0.237793,0.051990,0.006932,0.118991,-0.106417,333.260010,15742.000000
4348.000000,-19.787434,0.081909,0.001486,0.266968,0.238892,0.051812,0.006828,0.119348,-0.105592,380.200012,15666.000000
4349.000000,1.461231,0.082520,0.001843,0.269043,0.240479,0.052190,0.007080,0.118297,-0.106185,421.480011,15772.000000
4350.000000,36.774837,0.083008,0.001781,0.268677,0.239502,0.051941,0.007093,0.120208,-0.104435,406.570007,15600.000000
4351.000000,19.206268,0.082275,0.001403,0.268066,0.238281,0.051033,0.006744,0.117978,-0.105691,448.369995,16092.000000
4352.000000,5.915598,0.082275,0.001793,0.268677,0.239258,0.051068,0.007092,0.120192,-0.105635,450.070007,15486.000000
4353.000000,13.032300,0.081909,0.001815,0.268188,0.239502,0.051204,0.007085,0.119615,-0.106884,401.279999,15897.000000
4354.000000,-28.943426,0.081909,0.001589,0.267944,0.240479,0.050872,0.006875,0.119310,-0.106297,419.570007,15850.000000
4355.000000,-0.716111,0.082275,0.001381,0.268066,0.240967,0.050506,0.006710,0.120545,-0.105407,406.559998,15864.000000
4356.000000,-15.614695,0.084229,0.001928,0.270752,0.241821,0.051702,0.007247,0.126826,-0.102594,450.720001,15980.000000
4357.000000,15.039824,0.085083,0.001786,0.272217,0.242065,0.052405,0.007035,0.128906,-0.104066,456.920013,15555.000000
4358.000000,-1.601579,0.085327,0.001997,0.272705,0.243408,0.052716,0.007315,0.127719,-0.104312,405.390015,15657.000000
4359.000000,13.985957,0.085815,0.001714,0.273804,0.241455,0.052582,0.006998,0.124741,-0.106748,471.839996,15663.000000
4360.000000,-0.573016,0.084961,0.001669,0.272217,0.239380,0.052315,0.006905,0.121123,-0.108111,469.130005,15878.000000
4361.000000,12.659236,0.085327,0.001387,0.272339,0.241333,0.051968,0.006771,0.123801,-0.105215,436.149994,15635.000000
4362.000000,-1.530818,0.084839,0.001580,0.271484,0.241333,0.051956,0.007009,0.126877,-0.103854,436.500000,15762.000000
4363.000000,22.326931,0.083984,0.001408,0.271362,0.240356,0.051233,0.006751,0.128485,-0.105021,445.980011,15889.000000
4364.000000,49.679031,0.082886,0.001456,0.269897,0.239746,0.050965,0.006736,0.126409,-0.107489,373.179993,15771.000000
4365.000000,51.810143,0.082520,0.001584,0.270264,0.239746,0.051124,0.006787,0.125518,-0.107801,493.709991,15757.000000
4366.000000,-1.722796,0.083618,0.001763,0.272461,0.238647,0.051324,0.006974,0.129948,-0.104578,461.679993,15828.000000
4367.000000,19.531809,0.084595,0.001553,0.272339,0.239136,0.051503,0.006746,0.132177,-0.104910,408.720001,15823.000000
4368.000000,6.280318,0.085327,0.001897,0.273315,0.238647,0.052147,0.006946,0.133682,-0.103962,319.299988,16014.000000
4369.000000,18.497890,0.084717,0.001549,0.272705,0.239624,0.051597,0.006650,0.132529,-0.103527,458.480011,16108.000000
4370.000000,-13.940613,0.084595,0.001681,0.271851,0.240112,0.051877,0.006789,0.129133,-0.105881,465.929993,15822.000000
4371.000000,-2.474130,0.084106,0.001630,0.272339,0.239014,0.052108,0.006677,0.133418,-0.103601,387.940002,15579.000000
4372.000000,14.623885,0.083862,0.001333,0.272705,0.238159,0.052080,0.006331,0.136939,-0.102855,437.720001,15714.000000
4373.000000,28.855995,0.084839,0.001867,0.272339,0.239624,0.052322,0.006890,0.136121,-0.101825,379.540009,15515.000000
4374.000000,1.895645,0.084473,0.001993,0.270996,0.237061,0.052467,0.007090,0.129561,-0.104306,364.489990,15584.000000
4375.000000,57.981350,0.083862,0.001907,0.270874,0.235596,0.051884,0.006952,0.125802,-0.107266,402.760010,15666.000000
4376.000000,37.769268,0.083862,0.001852,0.271973,0.236938,0.051693,0.006942,0.127639,-0.104670,458.769989,15941.000000
4377.000000,15.442090,0.083130,0.001476,0.270874,0.238892,0.050982,0.006651,0.130668,-0.103124,376.670013,15912.000000
4378.000000,21.891834,0.083496,0.001621,0.272705,0.239136,0.050662,0.006802,0.136088,-0.101582,452.989990,15486.000000
4379.000000,-13.965333,0.084351,0.001927,0.273926,0.238037,0.051414,0.007030,0.137696,-0.101777,427.720001,15860.000000
4380.000000,12.637731,0.083618,0.001635,0.273438,0.237915,0.051404,0.006675,0.132097,-0.105173,466.709991,15958.000000
4381.000000,56.416359,0.083984,0.002008,0.273560,0.238892,0.051829,0.007089,0.131616,-0.102760,446.670013,16015.000000
4382.000000,8.307395,0.083862,0.001935,0.273560,0.238525,0.051803,0.007023,0.133856,-0.102906,444.899994,16082.000000
4383.000000,8.334632,0.083374,0.002001,0.273926,0.237793,0.051961,0.007113,0.135781,-0.102527,406.940002,15536.000000
4384.000000,7.600751,0.083618,0.001927,0.274536,0.237915,0.051703,0.007053,0.131369,-0.105683,457.420013,15417.000000
4385.000000,-8.761590,0.084717,0.002482,0.274170,0.239380,0.052418,0.007633,0.128332,-0.105152,413.769989,15986.000000
4386.000000,-21.178743,0.085938,0.002741,0.275146,0.240356,0.053314,0.007875,0.130122,-0.104987,358.529999,15879.000000
4387.000000,34.262653,0.085938,0.002419,0.273438,0.241089,0.052792,0.007721,0.130763,-0.105153,485.269989,15695.000000
4388.000000,2.603785,0.085571,0.002260,0.274170,0.239990,0.052854,0.007649,0.131910,-0.105535,382.899994,15784.000000
4389.000000,1.892485,0.085693,0.001800,0.274170,0.239868,0.053156,0.007098,0.133604,-0.106006,379.640015,15625.000000
4390.000000,-5.082505,0.085938,0.002267,0.275269,0.240356,0.053606,0.007650,0.132276,-0.104066,414.839996,15814.000000
4391.000000,22.546680,0.086670,0.002039,0.276001,0.241211,0.053767,0.007408,0.131548,-0.104789,483.779999,15846.000000
4392.000000,16.557323,0.084961,0.001805,0.274658,0.238647,0.053020,0.007099,0.131835,-0.107147,462.160004,16000.000000
4393.000000,86.972778,0.084961,0.001827,0.273926,0.238037,0.052293,0.007136,0.129332,-0.107006,451.959991,15765.000000
4394.000000,-5.493621,0.083984,0.001447,0.272217,0.236938,0.051354,0.006682,0.125401,-0.108121,380.390015,15955.000000
4395.000000,9.039749,0.083496,0.001409,0.272339,0.237305,0.051391,0.006724,0.124880,-0.106028,373.079987,15830.000000
4396.000000,16.982956,0.083130,0.001481,0.272217,0.237183,0.051153,0.006921,0.126216,-0.103944,488.179993,15828.000000
4397.000000,-3.231745,0.083374,0.001493,0.272705,0.236084,0.051100,0.007108,0.125149,-0.103910,370.450012,15512.000000
4398.000000,-26.719845,0.084229,0.001456,0.275513,0.238159,0.051499,0.007152,0.126357,-0.103641,391.660004,15641.000000
4399.000000,-34.537663,0.083984,0.001183,0.276367,0.237671,0.051429,0.006813,0.126443,-0.104647,416.940002,15771.000000
4400.000000,12.393993,0.083252,0.001399,0.275513,0.237305,0.051224,0.007107,0.126159,-0.104996,345.279999,15885.000000
4401.000000,-16.889807,0.083618,0.001635,0.275513,0.237183,0.051564,0.007307,0.127873,-0.103700,397.149994,15470.000000
4402.000000,32.283115,0.083374,0.001681,0.274658,0.237793,0.051506,0.007374,0.124732,-0.104436,485.450012,15862.000000
4403.000000,13.712133,0.083740,0.001801,0.275513,0.237793,0.051607,0.007517,0.124670,-0.104784,460.619995,15835.000000
4404.000000,49.029903,0.084351,0.001814,0.276367,0.237915,0.051453,0.007597,0.124440,-0.104748,358.320007,15698.000000
4405.000000,-8.598529,0.084351,0.001474,0.277100,0.237915,0.051158,0.007317,0.126749,-0.103028,429.329987,15478.000000
4406.000000,-22.988873,0.083740,0.001430,0.276978,0.236206,0.051090,0.007168,0.127197,-0.104265,397.200012,15735.000000
4407.000000,1.879833,0.083252,0.001196,0.277344,0.234863,0.050771,0.006827,0.126808,-0.104960,406.230011,15946.000000
4408.000000,19.768551,0.082764,0.001328,0.275513,0.234131,0.050740,0.007003,0.124339,-0.105373,454.500000,15777.000000
4409.000000,-19.751787,0.083374,0.001270,0.275391,0.234863,0.050582,0.006868,0.121296,-0.106037,376.459991,16054.000000
4410.000000,0.410678,0.083374,0.001420,0.273560,0.234497,0.050170,0.006965,0.121060,-0.105485,464.369995,15811.000000
4411.000000,7.207111,0.083984,0.001942,0.274414,0.234985,0.050738,0.007476,0.120166,-0.107135,410.470001,16026.000000
4412.000000,20.581652,0.084717,0.001967,0.274536,0.235840,0.050699,0.007550,0.122848,-0.105256,423.179993,15748.000000
4413.000000,-15.902230,0.085083,0.001835,0.274292,0.235718,0.051052,0.007382,0.122787,-0.106701,366.489990,15962.000000
4414.000000,8.470510,0.085327,0.002039,0.274658,0.235962,0.051466,0.007485,0.125904,-0.104301,392.079987,15790.000000
4415.000000,30.877142,0.084717,0.001664,0.274658,0.235962,0.051057,0.007133,0.125728,-0.106411,412.140015,15909.000000
4416.000000,-17.798313,0.083984,0.001273,0.272949,0.234619,0.050884,0.006755,0.125917,-0.108313,415.410004,15806.000000
4417.000000,-7.728055,0.083130,0.001386,0.273071,0.234253,0.051319,0.006900,0.127283,-0.105145,370.690002,15592.000000
4418.000000,7.562495,0.083862,0.001313,0.274048,0.234497,0.051172,0.006923,0.128955,-0.102825,404.529999,15743.000000
4419.000000,6.978766,0.084717,0.001455,0.275635,0.235962,0.051742,0.007142,0.129983,-0.103377,424.119995,15985.000000
4420.000000,-3.714675,0.085449,0.001431,0.276978,0.235840,0.052197,0.007249,0.128882,-0.106354,379.019989,15717.000000
4421.000000,-2.925754,0.085938,0.002104,0.277954,0.234619,0.052814,0.007725,0.127237,-0.108587,411.989990,15748.000000
4422.000000,23.016985,0.086060,0.001825,0.277222,0.233276,0.052900,0.007321,0.127667,-0.108905,423.489990,15800.000000
4423.000000,-8.459313,0.086304,0.002262,0.276611,0.234497,0.053076,0.007874,0.128491,-0.105661,438.260010,15909.000000
4424.000000,-12.389922,0.085571,0.001835,0.277222,0.234497,0.053177,0.007512,0.131323,-0.106192,382.739990,15955.000000
4425.000000,3.430388,0.086182,0.002087,0.278442,0.235840,0.053807,0.007854,0.134695,-0.105826,356.329987,15980.000000
4426.000000,-2.668592,0.086182,0.001884,0.279175,0.234741,0.054264,0.007550,0.132652,-0.110187,479.679993,15852.000000
4427.000000,28.618113,0.085571,0.001637,0.278931,0.235474,0.053984,0.007307,0.130438,-0.108925,377.480011,15401.000000
4428.000000,-28.943092,0.086548,0.002317,0.280762,0.236328,0.054691,0.007998,0.132175,-0.107927,428.760010,15621.000000
4429.000000,-19.160898,0.085693,0.002152,0.280518,0.236328,0.055068,0.007856,0.135096,-0.107666,436.519989,16004.000000
4430.000000,29.864298,0.084351,0.002308,0.279785,0.235962,0.054794,0.007910,0.133803,-0.108247,418.660004,16099.000000
4431.000000,7.548676,0.084961,0.002416,0.281738,0.236694,0.055408,0.007998,0.131439,-0.108840,374.640015,16032.000000
4432.000000,15.694098,0.084473,0.002182,0.280762,0.236938,0.055125,0.007741,0.127347,-0.111338,387.329987,15782.000000
4433.000000,5.954215,0.084229,0.001896,0.281860,0.235107,0.055024,0.007374,0.126853,-0.111171,372.730011,15856.000000
4434.000000,-10.603066,0.084839,0.002685,0.282104,0.235718,0.055400,0.008166,0.126647,-0.107448,401.989990,16145.000000
4435.000000,25.103664,0.085938,0.002201,0.282349,0.237915,0.055816,0.007761,0.125937,-0.108363,475.239990,15813.000000
4436.000000,14.713885,0.086060,0.001938,0.282715,0.238770,0.056033,0.007399,0.129063,-0.107822,398.739990,15838.000000
4437.000000,-10.271852,0.085571,0.001639,0.283569,0.239380,0.056023,0.007169,0.129957,-0.105872,384.809998,15879.000000
4438.000000,0.338227,0.086548,0.001891,0.285278,0.238892,0.056790,0.007370,0.132417,-0.106957,435.079987,15879.000000
4439.000000,-27.309195,0.086792,0.001935,0.285522,0.238647,0.057189,0.007439,0.130861,-0.108418,415.670013,15820.000000
4440.000000,30.601604,0.086792,0.002081,0.286255,0.239502,0.057273,0.007454,0.130554,-0.107943,404.399994,15769.000000
4441.000000,8.592469,0.086792,0.001909,0.286011,0.237915,0.056403,0.007232,0.128393,-0.109548,380.739990,15845.000000
4442.000000,0.585836,0.087402,0.002006,0.285034,0.239136,0.056332,0.007300,0.128412,-0.108633,462.609985,15883.000000
4443.000000,3.787070,0.087036,0.002230,0.285400,0.238403,0.056592,0.007490,0.127061,-0.110520,345.029999,15986.000000
4444.000000,-22.586639,0.086548,0.002072,0.283569,0.237671,0.056077,0.007366,0.125310,-0.110127,391.170013,15784.000000
4445.000000,11.911867,0.087158,0.002223,0.284302,0.236938,0.055942,0.007480,0.127956,-0.107108,436.290009,15896.000000
4446.000000,5.418817,0.087402,0.002022,0.284180,0.237549,0.055840,0.007317,0.128787,-0.104770,410.369995,15787.000000
4447.000000,22.334339,0.087891,0.001841,0.284302,0.236084,0.055469,0.007187,0.127104,-0.106546,353.679993,16060.000000
4448.000000,-8.754036,0.087280,0.002125,0.284546,0.233643,0.055082,0.007402,0.122043,-0.109437,394.140015,15985.000000
4449.000000,-6.533369,0.086304,0.001536,0.283081,0.235229,0.054563,0.006907,0.118411,-0.108767,380.359985,15970.000000
4450.000000,9.604573,0.085449,0.001434,0.281250,0.234131,0.053790,0.006890,0.116973,-0.109250,428.420013,16286.000000
4451.000000,-25.801922,0.086182,0.001559,0.281494,0.235718,0.053828,0.007013,0.118297,-0.108744,435.910004,15713.000000
4452.000000,-15.046514,0.085693,0.001960,0.280029,0.234619,0.053860,0.007414,0.118083,-0.108337,381.260010,15955.000000
4453.000000,27.286678,0.086182,0.002067,0.280151,0.235229,0.053869,0.007514,0.115268,-0.109043,365.070007,15741.000000
4454.000000,12.606478,0.085449,0.002416,0.280396,0.235107,0.053478,0.007930,0.116877,-0.107815,355.290009,15654.000000
4455.000000,-18.745760,0.085327,0.002658,0.279419,0.237305,0.053942,0.008326,0.118532,-0.104742,355.769989,15761.000000
4456.000000,16.391512,0.086182,0.002521,0.280640,0.237183,0.054380,0.008170,0.119913,-0.104160,445.239990,16160.000000
4457.000000,-4.101096,0.085815,0.002055,0.280273,0.236084,0.054386,0.007645,0.121349,-0.105135,366.350006,16144.000000
4458.000000,14.216969,0.085449,0.002029,0.279297,0.235596,0.054338,0.007584,0.119250,-0.106720,358.220001,15971.000000
4459.000000,2.419870,0.085938,0.002021,0.280396,0.237061,0.054045,0.007611,0.120253,-0.106756,390.290009,16139.000000
4460.000000,5.114818,0.085449,0.002245,0.278687,0.237915,0.053965,0.007936,0.121898,-0.106541,472.829987,15842.000000
4461.000000,11.960067,0.086548,0.002630,0.279419,0.238525,0.054863,0.008329,0.120319,-0.109277,427.390015,15880.000000
4462.000000,25.847126,0.085693,0.002337,0.280151,0.236084,0.054258,0.007895,0.120911,-0.109135,392.510010,15913.000000
4463.000000,19.286947,0.086426,0.002636,0.280396,0.235107,0.054290,0.008223,0.118639,-0.109620,429.029999,16117.000000
4464.000000,9.745217,0.085815,0.001905,0.279663,0.236084,0.053365,0.007577,0.119489,-0.107742,346.359985,16006.000000
4465.000000,-35.339497,0.086060,0.002125,0.280029,0.235840,0.053577,0.007828,0.121887,-0.107796,364.399994,16063.000000
4466.000000,-22.095371,0.086792,0.002231,0.281006,0.234497,0.053981,0.007946,0.119987,-0.108692,398.250000,15891.000000
4467.000000,-24.030981,0.087036,0.001936,0.281372,0.235718,0.054208,0.007754,0.121503,-0.109211,430.149994,15937.000000
4468.000000,-6.349226,0.087036,0.002009,0.281616,0.236572,0.054476,0.007900,0.121417,-0.109060,403.660004,15898.000000
4469.000000,16.398947,0.087524,0.001887,0.283081,0.236450,0.054634,0.007761,0.125281,-0.106427,428.799988,15754.000000
4470.000000,-6.152330,0.088013,0.001926,0.284424,0.235474,0.054814,0.007794,0.123387,-0.109917,430.220001,15868.000000
4471.000000,45.711067,0.087280,0.002109,0.283691,0.234497,0.054255,0.007934,0.119260,-0.112031,392.209991,15416.000000
4472.000000,15.445539,0.087646,0.001783,0.283691,0.235107,0.054211,0.007634,0.121038,-0.109906,370.480011,15703.000000
4473.000000,-18.027441,0.087158,0.001875,0.283203,0.236084,0.054175,0.007555,0.121650,-0.110477,406.670013,15752.000000
4474.000000,-26.244741,0.086914,0.001759,0.284302,0.234863,0.053971,0.007449,0.122531,-0.108434,324.739990,15819.000000
4475.000000,3.296161,0.085449,0.002166,0.281494,0.234985,0.053738,0.007851,0.119931,-0.108928,432.450012,15656.000000
4476.000000,49.433544,0.085327,0.002092,0.281006,0.236084,0.053973,0.007827,0.117349,-0.111098,440.829987,15845.000000
4477.000000,2.557052,0.085693,0.002303,0.279785,0.235962,0.053584,0.008118,0.118767,-0.109780,430.839996,15685.000000
4478.000000,34.587437,0.085938,0.002122,0.279419,0.235352,0.053500,0.007787,0.118607,-0.110671,353.500000,15323.000000
4479.000000,4.988364,0.086060,0.002471,0.279297,0.235474,0.053434,0.008124,0.117604,-0.109604,433.809998,15082.000000
4480.000000,1.985150,0.086060,0.002398,0.278564,0.235962,0.053583,0.008190,0.120491,-0.107988,375.420013,15111.000000
4481.000000,-12.426828,0.085083,0.002247,0.277832,0.234375,0.053086,0.007966,0.121399,-0.108668,437.160004,15159.000000
4482.000000,-22.951754,0.085571,0.002226,0.278687,0.235962,0.053155,0.007970,0.122218,-0.106379,433.739990,15141.000000
4483.000000,23.554861,0.086182,0.002313,0.278687,0.236450,0.053271,0.008062,0.121052,-0.105796,304.940002,15318.000000
4484.000000,3.124709,0.086304,0.002112,0.280396,0.239258,0.053364,0.008062,0.123027,-0.103748,385.369995,15159.000000
4485.000000,30.353067,0.085938,0.002454,0.279907,0.238281,0.053256,0.008343,0.122219,-0.105026,378.839996,15123.000000
4486.000000,27.520777,0.084717,0.001829,0.278198,0.237061,0.052533,0.007799,0.118033,-0.107184,423.220001,15176.000000
4487.000000,2.032891,0.084595,0.001671,0.277466,0.236328,0.051873,0.007605,0.116619,-0.105878,406.140015,15392.000000
4488.000000,29.574352,0.083984,0.001859,0.276489,0.235474,0.051277,0.007768,0.117834,-0.105257,386.470001,15056.000000
4489.000000,9.482147,0.085571,0.002476,0.278076,0.236938,0.052001,0.008550,0.118121,-0.104441,419.809998,15176.000000
4490.000000,44.740437,0.084961,0.002094,0.279175,0.236206,0.051801,0.008078,0.118976,-0.103751,374.149994,15588.000000
4491.000000,-7.866351,0.086060,0.002328,0.281982,0.239746,0.052777,0.008281,0.120903,-0.103475,357.339996,15076.000000
4492.000000,-25.665192,0.086182,0.002620,0.281128,0.239380,0.052997,0.008587,0.117723,-0.106540,394.920013,15356.000000
4493.000000,-27.141758,0.086670,0.002305,0.281738,0.241455,0.053585,0.008252,0.121351,-0.104600,288.510010,15542.000000
4494.000000,-16.784260,0.085815,0.001884,0.280518,0.239868,0.053070,0.007787,0.123051,-0.103370,433.269989,15334.000000
4495.000000,8.339575,0.085449,0.001750,0.280151,0.239136,0.053153,0.007519,0.121903,-0.105731,418.970001,15113.000000
4496.000000,20.213284,0.085327,0.001621,0.280884,0.239380,0.052697,0.007372,0.122560,-0.104894,389.660004,15339.000000
4497.000000,3.170418,0.085938,0.002129,0.281738,0.240601,0.052897,0.007895,0.125470,-0.102670,314.299988,15384.000000
4498.000000,14.712102,0.086304,0.002113,0.281494,0.240845,0.052766,0.008057,0.126120,-0.099825,408.130005,15195.000000
4499.000000,-23.108624,0.086182,0.001602,0.280640,0.240479,0.052460,0.007524,0.123425,-0.102787,421.630005,15535.000000
4500.000000,7.579824,0.085815,0.002178,0.281738,0.239136,0.053059,0.007941,0.123186,-0.103799,404.640015,15657.000000
4501.000000,-8.211337,0.085815,0.002120,0.281860,0.239624,0.052828,0.007838,0.124753,-0.102096,402.429993,15622.000000
4502.000000,-8.922215,0.085693,0.002184,0.283081,0.239990,0.053128,0.008022,0.125693,-0.100091,362.549988,15599.000000
4503.000000,18.795795,0.086182,0.002245,0.284058,0.241211,0.053177,0.008217,0.127708,-0.097785,370.040009,15460.000000
4504.000000,33.786427,0.085449,0.002455,0.283813,0.239380,0.052732,0.008445,0.124358,-0.101759,416.750000,15550.000000
4505.000000,2.921524,0.085571,0.002404,0.282715,0.239868,0.053131,0.008231,0.121127,-0.102377,376.579987,15571.000000
4506.000000,36.260082,0.086060,0.002112,0.284424,0.239380,0.053098,0.007914,0.123623,-0.102483,415.380005,15189.000000
4507.000000,3.771911,0.086182,0.002482,0.283691,0.239868,0.053376,0.008292,0.123483,-0.100290,351.619995,15102.000000
4508.000000,1.454941,0.085327,0.002080,0.285034,0.241699,0.052704,0.008091,0.123200,-0.097263,369.899994,15098.000000
4509.000000,12.541052,0.085205,0.001850,0.285156,0.241943,0.052920,0.007849,0.120807,-0.100518,322.579987,15333.000000
4510.000000,-2.099760,0.085205,0.002138,0.283447,0.241943,0.052926,0.008084,0.116367,-0.101586,367.989990,15678.000000
4511.000000,-10.064835,0.085205,0.002319,0.283691,0.239868,0.053036,0.008128,0.117508,-0.100964,391.649994,14998.000000
4512.000000,20.134163,0.084961,0.002524,0.282471,0.242432,0.053435,0.008412,0.119018,-0.098722,420.019989,15499.000000
4513.000000,30.375332,0.084961,0.002374,0.282227,0.243652,0.053557,0.008285,0.119324,-0.100513,432.290009,15164.000000
4514.000000,47.125198,0.083862,0.002321,0.281372,0.241211,0.053163,0.008243,0.116959,-0.101853,417.100006,15167.000000
4515.000000,-26.570351,0.082275,0.001861,0.280029,0.239990,0.052470,0.007815,0.114624,-0.102623,339.420013,15476.000000
4516.000000,0.996985,0.082397,0.001781,0.280396,0.239868,0.052175,0.007858,0.114677,-0.101067,442.589996,15256.000000
4517.000000,25.791204,0.082520,0.001991,0.281128,0.240601,0.052175,0.008060,0.116821,-0.100254,466.290009,15236.000000
4518.000000,27.573042,0.082886,0.002222,0.280762,0.241211,0.052212,0.008334,0.115790,-0.100308,459.299988,15431.000000
4519.000000,-10.007858,0.082397,0.002356,0.280151,0.239136,0.051974,0.008474,0.110759,-0.102891,441.760010,15432.000000
4520.000000,-13.928047,0.082031,0.002358,0.279785,0.238647,0.051704,0.008455,0.108298,-0.102168,386.679993,15512.000000
4521.000000,29.212065,0.081665,0.002190,0.278564,0.237793,0.050993,0.008291,0.107248,-0.101008,476.769989,15308.000000
4522.000000,26.073376,0.081543,0.002178,0.279785,0.239136,0.051168,0.008313,0.111433,-0.099525,406.570007,15212.000000
4523.000000,-2.087353,0.081421,0.001891,0.280396,0.238159,0.050884,0.007948,0.112598,-0.101902,355.899994,15489.000000
4524.000000,-27.912424,0.080688,0.001784,0.279297,0.240112,0.050833,0.007982,0.110638,-0.101984,464.609985,15443.000000
4525.000000,60.473480,0.081055,0.001966,0.278076,0.239380,0.050791,0.008039,0.108217,-0.104267,446.820007,15516.000000
4526.000000,5.957741,0.081299,0.002108,0.279419,0.239136,0.050619,0.008072,0.109297,-0.101744,399.640015,15400.000000
4527.000000,-27.926294,0.080322,0.001897,0.279785,0.237793,0.050465,0.007804,0.109916,-0.102762,403.630005,15380.000000
4528.000000,3.476958,0.081421,0.002225,0.279541,0.237671,0.051006,0.008024,0.108356,-0.103743,438.049988,15714.000000
4529.000000,-14.516737,0.080322,0.002102,0.278076,0.236816,0.050616,0.007857,0.109497,-0.103367,384.410004,15594.000000
4530.000000,28.396627,0.080200,0.001997,0.276489,0.237427,0.049718,0.007843,0.110598,-0.103930,389.540009,15475.000000
4531.000000,5.134579,0.079102,0.001494,0.274536,0.236816,0.048937,0.007379,0.112824,-0.103970,395.140015,15683.000000
4532.000000,16.528490,0.078979,0.001362,0.276367,0.235718,0.048628,0.007181,0.115956,-0.103767,420.410004,15502.000000
4533.000000,-15.183887,0.079102,0.001894,0.275879,0.236084,0.049380,0.007690,0.112997,-0.102653,386.899994,15315.000000
4534.000000,-33.410122,0.079468,0.002307,0.276245,0.235229,0.050386,0.008044,0.113617,-0.103344,403.950012,15376.000000
4535.000000,-1.401809,0.079834,0.002645,0.276489,0.235840,0.050855,0.008371,0.114162,-0.102486,406.890015,15499.000000
4536.000000,25.537573,0.079834,0.002238,0.276611,0.235107,0.050664,0.007993,0.115864,-0.099781,398.920013,15541.000000
4537.000000,43.363583,0.080688,0.001944,0.277222,0.237427,0.050445,0.007800,0.114091,-0.099141,501.149994,15720.000000
4538.000000,-4.716147,0.081543,0.001968,0.278564,0.238525,0.050520,0.007871,0.112134,-0.099015,352.890015,15715.000000
4539.000000,39.304771,0.081177,0.002019,0.277344,0.238770,0.049818,0.008025,0.110492,-0.100306,421.670013,15373.000000
4540.000000,41.828129,0.080933,0.002332,0.276367,0.236816,0.049509,0.008253,0.106275,-0.102053,418.040009,15357.000000
4541.000000,-5.671183,0.079956,0.001866,0.274170,0.236572,0.048626,0.007767,0.107647,-0.103897,388.140015,15315.000000
4542.000000,2.562839,0.080444,0.002535,0.274292,0.236694,0.048822,0.008531,0.109849,-0.102208,284.489990,15302.000000
4543.000000,5.080478,0.080200,0.002285,0.272827,0.236572,0.048495,0.008284,0.112692,-0.100435,309.769989,15124.000000
4544.000000,-1.904834,0.080200,0.002146,0.272217,0.236694,0.048049,0.008165,0.110038,-0.103046,441.720001,15219.000000
4545.000000,5.619563,0.080200,0.001850,0.272583,0.235107,0.047649,0.007837,0.110375,-0.103047,427.799988,15389.000000
4546.000000,-26.960808,0.081787,0.002528,0.273193,0.237061,0.048220,0.008627,0.112269,-0.100977,412.369995,15511.000000
4547.000000,-2.967153,0.082886,0.002938,0.275146,0.239136,0.049208,0.009025,0.117643,-0.097517,408.040009,15538.000000
4548.000000,-48.171738,0.083374,0.002564,0.275513,0.237793,0.049118,0.008603,0.119966,-0.098477,400.239990,15118.000000
4549.000000,-14.989613,0.083496,0.002873,0.275635,0.239258,0.049583,0.009001,0.116149,-0.100107,363.679993,15079.000000
4550.000000,21.697327,0.084229,0.003190,0.275513,0.240356,0.050129,0.009261,0.116276,-0.099542,349.450012,15298.000000
4551.000000,-12.378321,0.084961,0.002667,0.276001,0.239990,0.049947,0.008724,0.118284,-0.099910,441.049988,15325.000000
4552.000000,-0.440100,0.084717,0.002573,0.276123,0.239136,0.049844,0.008469,0.118852,-0.100632,381.299988,15178.000000
4553.000000,19.443127,0.083740,0.002348,0.276611,0.239380,0.049287,0.008187,0.117999,-0.099125,442.750000,15150.000000
4554.000000,26.200483,0.083252,0.002609,0.275635,0.238770,0.049175,0.008416,0.115757,-0.099336,424.899994,15364.000000
4555.000000,28.832663,0.082275,0.002452,0.274536,0.236938,0.048595,0.008310,0.113623,-0.101817,537.460022,15092.000000
4556.000000,-27.687069,0.081543,0.002263,0.274292,0.236328,0.048210,0.008253,0.110352,-0.101213,439.220001,15150.000000
4557.000000,17.495720,0.081421,0.002301,0.274780,0.236328,0.048600,0.008237,0.109709,-0.104035,445.790009,15341.000000
4558.000000,23.143690,0.081543,0.002484,0.274292,0.236694,0.048261,0.008391,0.111513,-0.101356,411.529999,15251.000000
4559.000000,-14.517360,0.081543,0.002166,0.274048,0.238403,0.048000,0.008135,0.114281,-0.099130,430.750000,15472.000000
4560.000000,10.350595,0.081177,0.002616,0.274292,0.237671,0.048573,0.008498,0.112948,-0.101011,438.359985,15477.000000
4561.000000,18.221817,0.082275,0.002710,0.276611,0.238403,0.049018,0.008718,0.114986,-0.099820,369.200012,15384.000000
4562.000000,-19.669481,0.081909,0.002677,0.276489,0.236084,0.048732,0.008635,0.112080,-0.100794,407.799988,15617.000000
4563.000000,23.522978,0.082153,0.002547,0.275879,0.235474,0.048867,0.008377,0.112113,-0.099483,445.589996,15576.000000
4564.000000,27.285208,0.081909,0.002298,0.276367,0.236816,0.048547,0.008173,0.114732,-0.096616,461.420013,15424.000000
4565.000000,51.369774,0.081787,0.002215,0.275391,0.238159,0.048211,0.008095,0.114343,-0.097431,393.660004,15312.000000
4566.000000,5.347570,0.080933,0.001822,0.275146,0.236206,0.047554,0.007690,0.111261,-0.101500,359.380005,15383.000000
4567.000000,12.587115,0.081421,0.001965,0.276489,0.235229,0.047792,0.007799,0.112499,-0.100270,442.769989,15461.000000
4568.000000,-0.192504,0.081055,0.002605,0.275513,0.234985,0.048173,0.008375,0.112046,-0.098423,392.940002,15357.000000
4569.000000,4.895619,0.081665,0.002104,0.276001,0.235840,0.047813,0.008170,0.112403,-0.097173,449.399994,15395.000000
4570.000000,-23.241901,0.081787,0.002135,0.276978,0.236450,0.047974,0.008309,0.114772,-0.096494,401.690002,15403.000000
4571.000000,-15.205926,0.082031,0.001957,0.276978,0.237061,0.047954,0.008235,0.115475,-0.095189,383.529999,15329.000000
4572.000000,0.975928,0.081543,0.001855,0.276855,0.236572,0.047597,0.008141,0.115136,-0.097356,401.779999,15324.000000
4573.000000,9.845942,0.081665,0.001857,0.277344,0.234863,0.047619,0.007950,0.114953,-0.097670,446.859985,15564.000000
4574.000000,-2.116668,0.081421,0.001845,0.277954,0.233887,0.047938,0.008002,0.111973,-0.098664,451.500000,15471.000000
4575.000000,16.640430,0.081665,0.001830,0.277466,0.234497,0.047837,0.008238,0.111222,-0.097553,425.510010,15449.000000
4576.000000,16.802856,0.081787,0.002020,0.277100,0.234619,0.047791,0.008379,0.111564,-0.097936,430.940002,15260.000000
4577.000000,-9.010646,0.081299,0.001726,0.276855,0.236816,0.047909,0.008102,0.107034,-0.098066,393.790009,15468.000000
4578.000000,-9.325199,0.081421,0.001702,0.276733,0.235718,0.048048,0.007931,0.102436,-0.102022,381.179993,15628.000000
4579.000000,-18.938454,0.081055,0.001866,0.276123,0.234863,0.047891,0.008016,0.103461,-0.101529,475.000000,15398.000000
4580.000000,18.670345,0.080566,0.001522,0.276001,0.234497,0.047577,0.007636,0.105047,-0.100573,442.739990,15613.000000
4581.000000,23.415766,0.081055,0.001624,0.275391,0.234497,0.047846,0.007567,0.109604,-0.098952,480.230011,15470.000000
4582.000000,14.852476,0.079834,0.001798,0.275024,0.233887,0.047226,0.007714,0.111497,-0.099193,302.299988,15585.000000
4583.000000,9.169518,0.080566,0.002192,0.275269,0.234497,0.047671,0.008112,0.105690,-0.100858,408.820007,15640.000000
4584.000000,6.256357,0.080688,0.002260,0.275391,0.236084,0.047787,0.008210,0.105639,-0.099894,409.260010,15599.000000
4585.000000,29.343245,0.080200,0.001830,0.274048,0.235596,0.047058,0.007741,0.104877,-0.099664,464.799988,15443.000000
4586.000000,-22.343079,0.080444,0.001914,0.273804,0.236328,0.047106,0.007901,0.105478,-0.099238,450.059998,15395.000000
4587.000000,-3.800873,0.079956,0.001484,0.274414,0.236084,0.046786,0.007502,0.108016,-0.099142,376.829987,15498.000000
4588.000000,-20.365757,0.079346,0.001331,0.273560,0.234497,0.046309,0.007387,0.105819,-0.102219,405.799988,15671.000000
4589.000000,1.652184,0.080444,0.001866,0.274902,0.234863,0.046409,0.008045,0.106767,-0.100899,405.279999,15585.000000
4590.000000,25.474604,0.080811,0.001689,0.275513,0.236084,0.046531,0.007824,0.107787,-0.098436,553.460022,15447.000000
4591.000000,-5.994295,0.080444,0.001695,0.274658,0.236328,0.046584,0.007675,0.109444,-0.097338,417.049988,15420.000000
4592.000000,14.239951,0.080688,0.001758,0.273438,0.236816,0.046784,0.007795,0.107245,-0.099785,414.420013,15480.000000
4593.000000,-23.983217,0.081787,0.001902,0.276245,0.234619,0.047109,0.007691,0.108632,-0.102419,326.309998,15421.000000
4594.000000,-18.725739,0.081665,0.001922,0.275146,0.234985,0.047447,0.007684,0.107614,-0.101385,361.119995,15534.000000
4595.000000,-16.683121,0.081177,0.001656,0.274292,0.235718,0.046974,0.007477,0.104599,-0.101858,481.089996,15418.000000
4596.000000,-29.462830,0.081909,0.001841,0.274536,0.235107,0.047255,0.007639,0.103551,-0.100746,418.179993,15401.000000
4597.000000,-20.933304,0.081421,0.001975,0.274170,0.234619,0.047247,0.007737,0.104119,-0.100029,403.880005,15413.000000
4598.000000,17.674791,0.081177,0.002226,0.275146,0.234985,0.047925,0.007867,0.108138,-0.098010,362.239990,15499.000000
4599.000000,5.345616,0.080200,0.002227,0.274414,0.233154,0.047833,0.007680,0.108407,-0.099305,378.440002,15482.000000
4600.000000,-32.950092,0.080322,0.002429,0.272827,0.232788,0.047710,0.007925,0.105130,-0.102366,519.619995,15487.000000
4601.000000,1.192764,0.080933,0.002503,0.274292,0.232300,0.047715,0.007928,0.103640,-0.103464,415.440002,15473.000000
4602.000000,12.941576,0.080200,0.002118,0.273438,0.232422,0.047816,0.007561,0.103525,-0.103198,470.890015,15713.000000
4603.000000,24.904476,0.080200,0.002461,0.273315,0.233032,0.047630,0.008033,0.104854,-0.101715,430.570007,15499.000000
4604.000000,13.762625,0.080200,0.002114,0.272583,0.233032,0.047397,0.007757,0.105823,-0.102851,481.390015,15637.000000
4605.000000,6.410330,0.080444,0.002188,0.271851,0.232178,0.047473,0.007761,0.105531,-0.104499,406.350006,15366.000000
4606.000000,-38.146858,0.079590,0.002050,0.271240,0.229248,0.047809,0.007651,0.103713,-0.105315,380.459991,15266.000000
4607.000000,17.740866,0.080444,0.002347,0.273682,0.231567,0.048158,0.007993,0.105164,-0.102430,453.290009,15114.000000
4608.000000,10.793285,0.080811,0.002316,0.274292,0.230835,0.048013,0.007944,0.104641,-0.099819,373.309998,15105.000000
4609.000000,31.229090,0.081665,0.002233,0.275513,0.234497,0.048690,0.007970,0.108155,-0.097132,350.320007,15070.000000
4610.000000,-4.484767,0.081665,0.002301,0.275513,0.234131,0.048559,0.008056,0.107969,-0.098785,446.190002,15160.000000
4611.000000,1.949966,0.083618,0.002687,0.275146,0.233643,0.048847,0.008431,0.105153,-0.101498,388.980011,15364.000000
4612.000000,-22.437363,0.082153,0.002019,0.274780,0.231201,0.048437,0.007603,0.106622,-0.103442,343.190002,15143.000000
4613.000000,77.604126,0.082886,0.002529,0.274780,0.233032,0.048394,0.008133,0.110954,-0.100977,421.149994,15144.000000
4614.000000,27.022709,0.083740,0.001973,0.275513,0.235352,0.048355,0.007679,0.108910,-0.100943,417.559998,15378.000000
4615.000000,35.627216,0.083862,0.001991,0.275635,0.236328,0.048284,0.007756,0.107024,-0.100010,432.329987,15383.000000
4616.000000,-43.054474,0.083862,0.001896,0.275757,0.235352,0.047922,0.007612,0.103442,-0.102800,424.279999,15442.000000
4617.000000,-5.959969,0.083374,0.001639,0.274536,0.232666,0.047303,0.007301,0.100871,-0.106494,374.989990,15571.000000
4618.000000,2.994473,0.082764,0.001484,0.275513,0.231445,0.047390,0.007160,0.101625,-0.105476,370.459991,15404.000000
4619.000000,3.280297,0.082031,0.001704,0.272949,0.231079,0.046572,0.007271,0.101346,-0.103773,430.420013,15495.000000
4620.000000,3.529478,0.082642,0.001984,0.274292,0.231201,0.046452,0.007688,0.102679,-0.102635,429.649994,15509.000000
4621.000000,-23.041470,0.083130,0.002460,0.275024,0.233032,0.047204,0.008238,0.105709,-0.100354,393.089996,15637.000000
4622.000000,-0.347131,0.083862,0.002536,0.274902,0.235718,0.047303,0.008336,0.108548,-0.098865,388.100006,15399.000000
4623.000000,-2.037458,0.084961,0.002290,0.275513,0.235840,0.047697,0.007989,0.107312,-0.099416,397.519989,15417.000000
4624.000000,12.892981,0.084351,0.002137,0.273560,0.236328,0.047421,0.007825,0.104969,-0.100648,402.440002,15592.000000
4625.000000,13.332044,0.083984,0.001933,0.273438,0.234741,0.047359,0.007550,0.106755,-0.100277,405.769989,15404.000000
4626.000000,-24.405123,0.084106,0.001693,0.274292,0.234375,0.047138,0.007250,0.108744,-0.098624,429.429993,15605.000000
4627.000000,-8.563972,0.084473,0.001536,0.274170,0.236572,0.046946,0.007287,0.109995,-0.098607,361.269989,15699.000000
4628.000000,10.123491,0.084106,0.001344,0.274414,0.237183,0.046282,0.007080,0.111078,-0.096563,399.470001,15438.000000
4629.000000,5.598403,0.083252,0.001668,0.273804,0.235840,0.045302,0.007456,0.108520,-0.097177,388.700012,15697.000000
4630.000000,21.128149,0.082397,0.001618,0.273438,0.234131,0.045190,0.007457,0.107494,-0.097513,474.519989,15634.000000
4631.000000,-16.530577,0.081909,0.002349,0.272095,0.234131,0.045976,0.008152,0.108965,-0.095940,356.970001,15411.000000
4632.000000,-9.730605,0.081421,0.001981,0.273193,0.234009,0.046164,0.007875,0.108787,-0.096335,346.220001,15305.000000
4633.000000,-4.869041,0.082520,0.002386,0.275391,0.236328,0.047117,0.008386,0.113709,-0.093132,423.359985,15290.000000
4634.000000,11.201043,0.082886,0.002615,0.274048,0.234253,0.047623,0.008581,0.110981,-0.095857,346.220001,15378.000000
4635.000000,5.255117,0.082886,0.002226,0.274536,0.235229,0.047883,0.008189,0.110689,-0.096156,422.380005,15377.000000
4636.000000,36.012756,0.083008,0.002158,0.274048,0.235718,0.047545,0.008193,0.115654,-0.093199,433.290009,15544.000000
4637.000000,-27.328272,0.083618,0.002120,0.274170,0.236450,0.047716,0.008195,0.116294,-0.093727,457.089996,15530.000000
4638.000000,20.843452,0.084351,0.002423,0.276123,0.237305,0.048378,0.008424,0.116393,-0.095246,348.459991,15583.000000
4639.000000,-6.150780,0.084106,0.002176,0.278320,0.237915,0.048566,0.008286,0.115938,-0.094701,363.000000,15609.000000
4640.000000,13.392518,0.083862,0.002193,0.278442,0.236206,0.048607,0.008142,0.114165,-0.095976,379.989990,15840.000000
4641.000000,-12.471441,0.082642,0.001788,0.277222,0.235596,0.047766,0.007627,0.113467,-0.097288,452.609985,15657.000000
4642.000000,14.783375,0.081543,0.001864,0.275024,0.234619,0.047425,0.007772,0.109350,-0.097047,391.510010,15826.000000
4643.000000,36.583752,0.081177,0.002119,0.274658,0.234009,0.046632,0.008041,0.105457,-0.098315,415.329987,15523.000000
4644.000000,-11.017600,0.082031,0.002005,0.275513,0.234497,0.046782,0.007941,0.107293,-0.095695,355.739990,15539.000000
4645.000000,-7.210761,0.082520,0.002403,0.275757,0.235352,0.047294,0.008342,0.111033,-0.094479,416.910004,15593.000000
4646.000000,-7.216392,0.082153,0.002256,0.275879,0.235840,0.047051,0.008281,0.110810,-0.094985,443.160004,15452.000000
4647.000000,-7.634643,0.082031,0.002042,0.275757,0.235962,0.047080,0.008186,0.107438,-0.095569,379.859985,15297.000000
4648.000000,-5.652308,0.081177,0.001975,0.276123,0.233154,0.047250,0.007907,0.110011,-0.095880,440.269989,15548.000000
4649.000000,6.415559,0.080200,0.002016,0.275146,0.232178,0.046799,0.008108,0.109853,-0.096041,410.809998,15541.000000
4650.000000,-2.661249,0.078979,0.001695,0.275146,0.230957,0.046083,0.007892,0.108748,-0.095897,368.540009,15645.000000
4651.000000,17.242754,0.078613,0.001778,0.273438,0.232056,0.045631,0.008039,0.105257,-0.096351,370.239990,15450.000000
4652.000000,11.652214,0.079102,0.002447,0.273926,0.231812,0.045887,0.008526,0.106677,-0.096286,416.429993,15902.000000
4653.000000,15.682063,0.078979,0.002308,0.275635,0.230835,0.046153,0.008325,0.113366,-0.094756,459.140015,15741.000000
4654.000000,-7.896198,0.078491,0.002210,0.275146,0.229858,0.045654,0.008093,0.114519,-0.095000,443.600006,15950.000000
4655.000000,-7.981668,0.078125,0.002146,0.275635,0.229370,0.045663,0.008050,0.111331,-0.096974,420.910004,15955.000000
4656.000000,-16.040960,0.078125,0.001997,0.277588,0.227783,0.045797,0.007899,0.114376,-0.096455,372.209991,15737.000000
4657.000000,-15.360055,0.078613,0.002048,0.278564,0.228027,0.046465,0.007901,0.113973,-0.096197,439.160004,15778.000000
4658.000000,1.245758,0.078979,0.002303,0.279419,0.229248,0.047053,0.008268,0.115022,-0.094958,404.929993,15783.000000
4659.000000,-23.891787,0.079224,0.002268,0.279297,0.230713,0.047913,0.008284,0.117169,-0.093649,403.279999,15310.000000
4660.000000,1.395085,0.080078,0.002432,0.280029,0.230957,0.048423,0.008438,0.117466,-0.094411,381.510010,15587.000000
4661.000000,11.106294,0.079956,0.002332,0.281006,0.232056,0.048687,0.008319,0.116291,-0.093527,384.179993,15627.000000
4662.000000,-18.943752,0.079590,0.001877,0.280762,0.231445,0.047950,0.007801,0.114662,-0.096513,393.940002,15240.000000
4663.000000,-15.171865,0.080200,0.001937,0.280762,0.231567,0.047860,0.007842,0.112910,-0.096827,350.100006,15311.000000
4664.000000,-3.467027,0.080444,0.002509,0.280762,0.231934,0.048189,0.008454,0.113495,-0.095606,404.480011,15493.000000
4665.000000,25.624865,0.081299,0.002739,0.281616,0.231934,0.048704,0.008781,0.113482,-0.096297,443.299988,15641.000000
4666.000000,-15.196638,0.080444,0.002407,0.280884,0.230591,0.048144,0.008433,0.110921,-0.096966,437.049988,15273.000000
4667.000000,-26.309462,0.080566,0.002058,0.279785,0.230835,0.048151,0.008132,0.110643,-0.097650,381.989990,15147.000000
4668.000000,15.251225,0.079468,0.001782,0.279663,0.229614,0.048073,0.007878,0.111655,-0.097691,385.910004,15236.000000
4669.000000,14.122453,0.079224,0.002011,0.279175,0.228027,0.048122,0.008040,0.112407,-0.095725,401.579987,15284.000000
4670.000000,17.315100,0.078735,0.001921,0.280151,0.226440,0.047968,0.007947,0.110614,-0.097513,438.160004,15635.000000
4671.000000,11.016502,0.079102,0.002034,0.280762,0.227539,0.048362,0.008086,0.114582,-0.096467,352.769989,15244.000000
4672.000000,-18.173597,0.079346,0.002138,0.281982,0.226807,0.048396,0.008409,0.117006,-0.093916,340.630005,14946.000000
4673.000000,8.851320,0.080322,0.001787,0.282837,0.227173,0.048589,0.008085,0.116624,-0.093574,409.459991,15140.000000
4674.000000,39.177364,0.079956,0.002151,0.283447,0.228027,0.048965,0.008473,0.116079,-0.093722,354.809998,15188.000000
4675.000000,7.385496,0.080444,0.002613,0.284058,0.226562,0.049539,0.008964,0.114898,-0.093969,467.190002,15111.000000
4676.000000,-2.904113,0.080322,0.002199,0.284668,0.226318,0.049716,0.008518,0.116846,-0.094216,391.399994,15072.000000
4677.000000,-1.670632,0.080200,0.001915,0.286133,0.227661,0.050076,0.008153,0.118220,-0.095202,382.720001,15106.000000
4678.000000,5.817295,0.080444,0.001818,0.286255,0.227783,0.050029,0.008006,0.118466,-0.093994,415.980011,15335.000000
4679.000000,49.122211,0.080078,0.001957,0.285400,0.227417,0.049810,0.008066,0.112524,-0.096464,440.230011,15555.000000
4680.000000,17.516241,0.080200,0.001747,0.285522,0.228760,0.049748,0.007954,0.113991,-0.096232,381.839996,15336.000000
4681.000000,26.931953,0.079956,0.001773,0.284546,0.225708,0.049620,0.007890,0.117432,-0.094677,430.880005,15314.000000
4682.000000,7.891060,0.081055,0.002299,0.286621,0.227661,0.050489,0.008522,0.115455,-0.095512,474.140015,15372.000000
4683.000000,10.309932,0.080811,0.001967,0.286499,0.227295,0.050621,0.008096,0.115424,-0.096718,421.489990,15307.000000
4684.000000,21.117489,0.080811,0.002066,0.286011,0.228271,0.050487,0.008167,0.113948,-0.096972,425.899994,15397.000000
4685.000000,21.871660,0.080322,0.001956,0.285034,0.229370,0.050277,0.008123,0.115672,-0.095237,476.220001,15175.000000
4686.000000,6.525835,0.080078,0.001503,0.284912,0.229980,0.050330,0.007584,0.114781,-0.096605,430.739990,15341.000000
4687.000000,6.626434,0.080933,0.001651,0.286377,0.230347,0.051185,0.007843,0.116788,-0.096588,340.489990,15213.000000
4688.000000,-19.996574,0.081909,0.002089,0.288940,0.231689,0.051961,0.008229,0.117882,-0.096407,422.910004,15327.000000
4689.000000,22.471132,0.082275,0.002040,0.288940,0.231445,0.052153,0.007976,0.117085,-0.095366,413.279999,15506.000000
4690.000000,14.369462,0.082764,0.002049,0.288208,0.230469,0.052192,0.007916,0.113054,-0.099257,393.140015,15499.000000
4691.000000,-0.296495,0.082275,0.001820,0.287598,0.229248,0.051718,0.007625,0.112951,-0.099145,407.769989,15015.000000
4692.000000,14.729893,0.082153,0.001710,0.287109,0.229370,0.051549,0.007487,0.115162,-0.097867,379.790009,15191.000000
4693.000000,-8.631126,0.081421,0.001518,0.286377,0.229614,0.051327,0.007302,0.115927,-0.096473,383.529999,15155.000000
4694.000000,-4.976887,0.081055,0.002239,0.285034,0.230835,0.051515,0.008053,0.118050,-0.093317,372.399994,14864.000000
4695.000000,-3.413881,0.082031,0.001873,0.284302,0.231567,0.051505,0.007761,0.117283,-0.096330,375.959991,14988.000000
4696.000000,31.516809,0.082642,0.001963,0.285278,0.233521,0.051896,0.007691,0.118484,-0.096188,353.059998,15318.000000
4697.000000,-22.574270,0.082520,0.002200,0.285034,0.233032,0.051800,0.007817,0.118100,-0.094817,322.929993,15250.000000
4698.000000,-19.830240,0.083008,0.002303,0.285156,0.233521,0.052347,0.007832,0.118499,-0.094510,474.820007,15169.000000
4699.000000,-27.359896,0.082397,0.002099,0.284424,0.231323,0.051385,0.007534,0.117982,-0.096588,437.339996,15226.000000
4700.000000,2.144373,0.082031,0.001887,0.284058,0.230713,0.051205,0.007376,0.115880,-0.098680,461.510010,14973.000000
4701.000000,3.561421,0.080933,0.001500,0.282227,0.228638,0.050821,0.007088,0.114860,-0.098918,394.570007,15256.000000
4702.000000,3.868587,0.080811,0.002070,0.282837,0.229248,0.050894,0.007661,0.117482,-0.098465,396.720001,15117.000000
4703.000000,8.394817,0.081177,0.001937,0.283569,0.229370,0.051327,0.007460,0.119173,-0.097195,454.190002,15081.000000
4704.000000,4.158139,0.080688,0.001696,0.284180,0.228394,0.051237,0.007259,0.120275,-0.097913,396.350006,15192.000000
4705.000000,4.302390,0.081665,0.002295,0.285645,0.228516,0.052166,0.007823,0.120302,-0.097639,395.329987,15228.000000
4706.000000,25.469927,0.081543,0.002148,0.286133,0.228882,0.052029,0.007631,0.121736,-0.095816,499.000000,15107.000000
4707.000000,0.754639,0.081543,0.001926,0.287109,0.229248,0.052105,0.007413,0.120519,-0.095187,369.540009,15507.000000
4708.000000,11.791073,0.081543,0.001873,0.286743,0.229248,0.051699,0.007509,0.122328,-0.093024,407.600006,15234.000000
4709.000000,15.695611,0.081421,0.001871,0.287231,0.228638,0.051769,0.007562,0.119497,-0.095645,404.190002,15026.000000
4710.000000,26.364494,0.080933,0.001977,0.286499,0.228882,0.051838,0.007698,0.117332,-0.094678,496.190002,15301.000000
4711.000000,16.762045,0.080444,0.001439,0.284790,0.226318,0.051024,0.007154,0.117250,-0.097764,433.160004,15165.000000
4712.000000,-1.542978,0.081787,0.001839,0.286743,0.227417,0.051969,0.007596,0.120253,-0.096539,370.609985,15248.000000
4713.000000,-18.760754,0.080322,0.001661,0.285645,0.227783,0.051690,0.007526,0.121139,-0.095157,431.260010,15548.000000
4714.000000,-33.957405,0.080566,0.001900,0.285767,0.226685,0.051925,0.007801,0.121104,-0.096792,395.519989,15222.000000
4715.000000,46.051464,0.081177,0.002085,0.286499,0.227173,0.052421,0.007993,0.124088,-0.096741,369.959991,15285.000000
4716.000000,-10.237079,0.081299,0.002209,0.286011,0.226440,0.052390,0.007911,0.125367,-0.095443,447.970001,15225.000000
4717.000000,5.465375,0.081909,0.002225,0.285034,0.229126,0.052856,0.008035,0.124263,-0.095497,455.350006,15049.000000
4718.000000,-1.534678,0.080566,0.002006,0.284912,0.226318,0.052498,0.007708,0.123738,-0.099156,302.570007,15222.000000
4719.000000,42.312206,0.080933,0.002498,0.285156,0.225708,0.053198,0.008188,0.121483,-0.097421,484.950012,15098.000000
4720.000000,8.287100,0.080933,0.002185,0.284546,0.226440,0.053467,0.007911,0.122269,-0.097884,462.630005,15471.000000
4721.000000,-12.596915,0.081543,0.002299,0.285645,0.227417,0.053875,0.008060,0.124757,-0.096468,397.269989,15897.000000
4722.000000,-0.313844,0.081299,0.001908,0.285156,0.226807,0.053135,0.007744,0.125831,-0.096839,341.700012,15758.000000
4723.000000,1.808581,0.081421,0.001886,0.286621,0.229370,0.053175,0.007860,0.121916,-0.096539,357.140015,15779.000000
4724.000000,25.896290,0.080566,0.001693,0.286621,0.228271,0.052839,0.007704,0.124060,-0.096223,383.950012,15340.000000
4725.000000,33.598106,0.082031,0.002282,0.288330,0.230347,0.053305,0.008422,0.123268,-0.095618,490.029999,15490.000000
4726.000000,11.476276,0.082520,0.002688,0.288818,0.230957,0.053913,0.008857,0.120462,-0.097299,480.260010,15742.000000
4727.000000,-28.777208,0.081787,0.002372,0.287231,0.230103,0.053926,0.008559,0.117666,-0.098807,434.660004,15680.000000
4728.000000,52.326618,0.083130,0.002341,0.287109,0.230591,0.053961,0.008559,0.120940,-0.098240,440.230011,15392.000000
4729.000000,3.104691,0.081787,0.002077,0.284912,0.228394,0.053603,0.008301,0.119798,-0.099079,438.619995,15744.000000
4730.000000,6.556571,0.081909,0.002211,0.285645,0.229980,0.054230,0.008567,0.121699,-0.098802,447.869995,15686.000000
4731.000000,-8.537491,0.081787,0.001904,0.284424,0.228760,0.054026,0.008144,0.120857,-0.098506,424.059998,15369.000000
4732.000000,-17.193613,0.082397,0.002007,0.285767,0.228882,0.053875,0.008259,0.121384,-0.095941,423.579987,15097.000000
4733.000000,-11.915644,0.083130,0.001940,0.286987,0.230103,0.054286,0.008139,0.126216,-0.097127,387.859985,15112.000000
4734.000000,16.749796,0.083374,0.001483,0.288452,0.228882,0.054579,0.007574,0.129996,-0.095953,420.420013,15143.000000
4735.000000,17.750309,0.083618,0.001743,0.289429,0.230591,0.054746,0.007711,0.129538,-0.095683,446.339996,15056.000000
4736.000000,6.880487,0.082886,0.001811,0.287842,0.229614,0.054845,0.007623,0.126348,-0.097841,443.399994,15339.000000
4737.000000,-14.073027,0.083130,0.001685,0.287598,0.229370,0.054813,0.007473,0.128019,-0.097390,392.989990,14957.000000
4738.000000,2.215915,0.082397,0.001864,0.285278,0.228394,0.054100,0.007581,0.124653,-0.097645,456.239990,15549.000000
4739.000000,-22.861814,0.081909,0.001699,0.286743,0.229126,0.053888,0.007467,0.123982,-0.098992,387.589996,15185.000000
4740.000000,-0.835152,0.080933,0.001466,0.284546,0.227173,0.053362,0.007153,0.121678,-0.100693,375.899994,15505.000000
4741.000000,1.025051,0.081543,0.001757,0.283936,0.226074,0.053306,0.007459,0.117178,-0.101339,413.089996,15331.000000
4742.000000,50.486340,0.081177,0.001682,0.283203,0.225586,0.052898,0.007297,0.115798,-0.101725,440.380005,15402.000000
4743.000000,-18.228304,0.082153,0.001808,0.285400,0.225708,0.053205,0.007524,0.121477,-0.099907,405.720001,15371.000000
4744.000000,-20.352961,0.081421,0.001986,0.284912,0.226074,0.052977,0.007767,0.122588,-0.099025,405.989990,15666.000000
4745.000000,-7.367909,0.081177,0.001645,0.284058,0.225952,0.052667,0.007444,0.120003,-0.102835,392.489990,15581.000000
4746.000000,-5.101309,0.080566,0.001532,0.283203,0.224121,0.052345,0.007379,0.118022,-0.103280,299.700012,15462.000000
4747.000000,10.039146,0.081299,0.001544,0.283447,0.224854,0.052152,0.007514,0.120276,-0.100594,408.790009,15354.000000
4748.000000,5.626151,0.081909,0.001830,0.284912,0.225098,0.052552,0.007759,0.124176,-0.099346,473.500000,15273.000000
4749.000000,2.474980,0.082764,0.002182,0.286255,0.226196,0.053581,0.008076,0.126218,-0.100875,387.100006,15521.000000
4750.000000,-1.032689,0.083008,0.002199,0.286499,0.226807,0.053744,0.008099,0.127164,-0.100568,317.690002,15179.000000
4751.000000,-30.051937,0.083374,0.002224,0.286865,0.227173,0.054099,0.008154,0.126088,-0.099148,403.600006,15257.000000
4752.000000,18.517967,0.083008,0.001855,0.286621,0.226562,0.054141,0.007717,0.129093,-0.098512,375.100006,14911.000000
4753.000000,4.382173,0.083496,0.001817,0.286255,0.227417,0.054422,0.007804,0.130327,-0.097135,322.470001,15160.000000
4754.000000,-3.372054,0.084351,0.001845,0.287964,0.227661,0.054923,0.007878,0.129172,-0.098400,352.260010,14824.000000
4755.000000,11.413005,0.084106,0.001781,0.286499,0.227783,0.054671,0.007837,0.124746,-0.099372,413.489990,15198.000000
4756.000000,-1.564256,0.084839,0.001836,0.287354,0.226196,0.054815,0.007846,0.122630,-0.100180,474.269989,15018.000000
4757.000000,-20.107111,0.084106,0.001932,0.285522,0.226562,0.054634,0.007944,0.122023,-0.098052,363.809998,15165.000000
4758.000000,19.188429,0.084717,0.002221,0.287354,0.228394,0.055106,0.008355,0.127404,-0.094537,411.220001,15055.000000
4759.000000,5.459389,0.085693,0.002090,0.287354,0.230225,0.055628,0.008390,0.128651,-0.094465,344.029999,15065.000000
4760.000000,13.837044,0.085938,0.001946,0.288452,0.232056,0.055655,0.008325,0.126707,-0.095745,325.190002,15097.000000
4761.000000,48.312828,0.085083,0.001859,0.288086,0.230103,0.054993,0.008215,0.122158,-0.099744,412.190002,15633.000000
4762.000000,11.990742,0.084473,0.001983,0.286133,0.229736,0.054793,0.008239,0.120696,-0.100649,400.329987,15636.000000
4763.000000,23.145309,0.085083,0.001672,0.285034,0.230469,0.054820,0.007895,0.122428,-0.100036,430.299988,15523.000000
4764.000000,-7.698474,0.085083,0.001817,0.285645,0.230469,0.054526,0.008033,0.123772,-0.097825,297.190002,15962.000000
4765.000000,-4.093507,0.083740,0.001541,0.284180,0.230835,0.054137,0.007837,0.125119,-0.096320,392.959991,15876.000000
4766.000000,-10.099315,0.084473,0.001616,0.286133,0.231934,0.054621,0.007972,0.126562,-0.096890,390.950012,15819.000000
4767.000000,-0.325184,0.085083,0.002048,0.286621,0.231812,0.055145,0.008343,0.127087,-0.098009,401.100006,15888.000000
4768.000000,-8.374333,0.084229,0.001856,0.284424,0.230347,0.054440,0.008112,0.125215,-0.099193,394.359985,15641.000000
4769.000000,23.318428,0.084717,0.001757,0.286011,0.230591,0.054286,0.008115,0.125335,-0.098173,377.220001,15947.000000
4770.000000,19.095732,0.085205,0.002369,0.286377,0.231567,0.054536,0.008857,0.125463,-0.094206,418.399994,15612.000000
4771.000000,-5.707597,0.086670,0.002281,0.286255,0.230713,0.054923,0.008863,0.121177,-0.097223,437.209991,15950.000000
4772.000000,-12.086720,0.086060,0.001793,0.285034,0.229248,0.054629,0.008167,0.120580,-0.098984,380.890015,15372.000000
4773.000000,50.237011,0.086548,0.002076,0.285645,0.229858,0.054960,0.008471,0.120760,-0.098453,432.859985,15383.000000
4774.000000,70.307419,0.085571,0.001788,0.286133,0.230225,0.054241,0.008218,0.121848,-0.096728,399.480011,15087.000000
4775.000000,12.667454,0.085571,0.001461,0.289062,0.230591,0.054500,0.007962,0.123171,-0.096780,485.959991,15090.000000
4776.000000,17.817190,0.085449,0.001816,0.288696,0.230103,0.054229,0.008373,0.121682,-0.097394,387.170013,15115.000000
4777.000000,7.906045,0.084839,0.001565,0.289917,0.230103,0.054128,0.008184,0.121608,-0.095992,403.570007,15345.000000
4778.000000,13.764092,0.084839,0.001448,0.289917,0.230591,0.053926,0.008051,0.120971,-0.096309,398.450012,15247.000000
4779.000000,48.702267,0.084839,0.001423,0.289307,0.230469,0.053164,0.007822,0.119298,-0.098139,426.170013,15260.000000
4780.000000,9.991510,0.083984,0.001773,0.288452,0.228882,0.053330,0.008111,0.116145,-0.099101,348.980011,15192.000000
4781.000000,3.439079,0.084839,0.002083,0.288452,0.230225,0.054109,0.008545,0.114686,-0.099204,491.640015,15160.000000
4782.000000,18.370453,0.086182,0.002379,0.289429,0.229614,0.055128,0.008735,0.116910,-0.099017,366.850006,15299.000000
4783.000000,17.967564,0.086426,0.002371,0.291016,0.229980,0.055509,0.008800,0.122768,-0.095851,387.820007,15686.000000
4784.000000,10.984362,0.087036,0.002508,0.291626,0.230469,0.055927,0.009003,0.122113,-0.096455,335.529999,15631.000000
4785.000000,9.779318,0.087524,0.002343,0.292480,0.231567,0.055924,0.008895,0.124052,-0.093671,429.040009,15835.000000
4786.000000,12.574500,0.087280,0.002111,0.291382,0.229736,0.055550,0.008628,0.120577,-0.097119,346.320007,15769.000000
4787.000000,56.651234,0.087402,0.002007,0.291748,0.229614,0.055234,0.008461,0.119785,-0.097641,419.149994,15452.000000
4788.000000,53.935215,0.087280,0.002462,0.289917,0.230835,0.055319,0.008949,0.117197,-0.096703,359.540009,15275.000000
4789.000000,-15.038242,0.087158,0.002475,0.290405,0.230591,0.055107,0.008847,0.118445,-0.096935,414.329987,15306.000000
4790.000000,12.309308,0.087158,0.002472,0.290649,0.229736,0.054885,0.008864,0.119145,-0.097961,466.119995,15155.000000
4791.000000,17.486820,0.087402,0.002221,0.288818,0.230347,0.054875,0.008665,0.117555,-0.098574,475.630005,15077.000000
4792.000000,6.021888,0.087036,0.002074,0.289062,0.230103,0.054750,0.008421,0.119970,-0.099360,420.890015,15289.000000
4793.000000,14.401627,0.086792,0.002268,0.289307,0.230103,0.055042,0.008633,0.121577,-0.096825,405.179993,15053.000000
4794.000000,8.195626,0.086792,0.002108,0.288818,0.229614,0.055355,0.008645,0.123444,-0.095121,478.220001,14958.000000
4795.000000,9.759092,0.087036,0.002402,0.289795,0.229736,0.055722,0.008932,0.121465,-0.096634,366.769989,14818.000000
4796.000000,35.522472,0.087280,0.002359,0.290527,0.231445,0.055605,0.008896,0.121167,-0.094723,374.899994,14713.000000
4797.000000,29.811283,0.086426,0.002140,0.289062,0.229736,0.055018,0.008590,0.119453,-0.098334,360.399994,14869.000000
4798.000000,2.336752,0.086670,0.002227,0.290649,0.230103,0.055241,0.008723,0.117470,-0.097400,414.269989,15104.000000
4799.000000,-4.611449,0.086182,0.002266,0.290405,0.229736,0.055325,0.008831,0.122024,-0.097038,424.690002,14977.000000
4800.000000,14.486312,0.086670,0.002421,0.291870,0.230591,0.055652,0.008946,0.123042,-0.097512,411.489990,14937.000000
4801.000000,-14.549206,0.086182,0.002851,0.293091,0.229614,0.055956,0.009155,0.122412,-0.098484,391.440002,14918.000000
4802.000000,2.479066,0.085693,0.002340,0.291504,0.228027,0.055374,0.008511,0.121967,-0.097831,421.190002,14867.000000
4803.000000,14.779163,0.084717,0.002368,0.291626,0.228394,0.054986,0.008603,0.122672,-0.095638,419.950012,14990.000000
4804.000000,23.750530,0.084473,0.002349,0.290771,0.229370,0.054559,0.008771,0.121621,-0.094703,341.079987,15003.000000
4805.000000,-7.243075,0.084595,0.002535,0.290039,0.228516,0.054946,0.008948,0.121214,-0.096517,397.640015,14838.000000
4806.000000,42.719200,0.085083,0.002512,0.289429,0.229370,0.054978,0.009023,0.125462,-0.094665,475.220001,15158.000000
4807.000000,8.004812,0.084961,0.002173,0.289062,0.229858,0.055003,0.008780,0.121170,-0.096713,380.880005,15367.000000
4808.000000,30.121153,0.085693,0.002573,0.290527,0.231079,0.055134,0.009220,0.124343,-0.095714,425.130005,15248.000000
4809.000000,5.747022,0.085938,0.002700,0.290649,0.229248,0.055467,0.009245,0.126671,-0.095651,387.040009,15016.000000
4810.000000,46.989285,0.085205,0.002660,0.289551,0.228271,0.054789,0.009240,0.126661,-0.095810,492.079987,14862.000000
4811.000000,-32.042526,0.085815,0.002733,0.290649,0.229980,0.055785,0.009321,0.128645,-0.095432,305.640015,15076.000000
4812.000000,21.971832,0.087280,0.003340,0.290771,0.231567,0.056702,0.009954,0.126074,-0.096852,452.769989,14801.000000
4813.000000,-33.480743,0.087891,0.002772,0.292847,0.232178,0.056941,0.009429,0.127965,-0.095661,342.950012,14852.000000
4814.000000,68.898384,0.087769,0.002771,0.293335,0.233521,0.057298,0.009488,0.129863,-0.095218,437.959991,15134.000000
4815.000000,18.694618,0.087158,0.002565,0.291626,0.230835,0.056859,0.009333,0.125737,-0.099146,432.350006,15166.000000
4816.000000,-16.818613,0.086304,0.002403,0.290527,0.230713,0.056466,0.009236,0.124906,-0.097353,344.200012,15287.000000
4817.000000,15.894272,0.087402,0.002490,0.291992,0.232544,0.057001,0.009259,0.127154,-0.098882,409.500000,15190.000000
4818.000000,10.925147,0.088135,0.002690,0.293213,0.232544,0.057819,0.009365,0.125272,-0.101954,321.359985,15277.000000
4819.000000,3.074924,0.087891,0.002392,0.292480,0.231323,0.057559,0.008876,0.123966,-0.100629,421.730011,15099.000000
4820.000000,-36.956032,0.087769,0.002424,0.292114,0.231323,0.057082,0.008895,0.124427,-0.098858,432.529999,15177.000000
4821.000000,15.466023,0.087158,0.002393,0.292114,0.229614,0.056857,0.008726,0.125182,-0.098501,351.010010,15186.000000
4822.000000,15.366446,0.086914,0.002241,0.292358,0.231812,0.057062,0.008611,0.126119,-0.098238,360.109985,14952.000000
4823.000000,20.390024,0.087158,0.002358,0.291382,0.231323,0.056856,0.008745,0.123809,-0.099642,511.130005,15157.000000
4824.000000,7.219124,0.088013,0.002932,0.290894,0.232544,0.057029,0.009362,0.123576,-0.097126,390.380005,15274.000000
4825.000000,11.458126,0.087891,0.002409,0.290039,0.233765,0.056526,0.008884,0.120917,-0.100692,420.690002,15051.000000
4826.000000,-0.907303,0.088257,0.002399,0.288696,0.234131,0.056123,0.008931,0.122218,-0.098343,498.700012,14986.000000
4827.000000,1.964131,0.088501,0.002224,0.288818,0.235596,0.056013,0.009010,0.123167,-0.098141,400.600006,15195.000000
4828.000000,10.979557,0.088867,0.002572,0.288330,0.236938,0.055881,0.009455,0.122038,-0.097676,422.869995,14974.000000
4829.000000,16.214884,0.088623,0.002439,0.289673,0.236328,0.056080,0.009078,0.123400,-0.099615,373.100006,15079.000000
4830.000000,-20.669369,0.088501,0.002502,0.290161,0.236206,0.056465,0.009264,0.122155,-0.100832,398.170013,15123.000000
4831.000000,21.815540,0.087646,0.002363,0.290161,0.236328,0.056169,0.009107,0.122266,-0.101938,393.320007,15157.000000
4832.000000,6.922993,0.086670,0.002644,0.288818,0.236328,0.055572,0.009443,0.120100,-0.098776,303.959991,15018.000000
4833.000000,-17.122433,0.086792,0.003437,0.287598,0.235229,0.056149,0.010100,0.123400,-0.097355,424.940002,15105.000000
4834.000000,22.142460,0.086426,0.002838,0.287354,0.235962,0.055803,0.009601,0.122343,-0.097775,461.649994,15156.000000
4835.000000,-9.104447,0.087280,0.003537,0.287842,0.236694,0.056717,0.010401,0.124242,-0.097062,366.559998,15334.000000
4836.000000,-20.797960,0.086914,0.002857,0.286865,0.237549,0.056433,0.009785,0.123048,-0.101576,384.890015,15096.000000
4837.000000,17.923960,0.088013,0.002776,0.288330,0.237671,0.057357,0.009470,0.124360,-0.101434,354.500000,15070.000000
4838.000000,1.210829,0.087158,0.002384,0.286987,0.236328,0.057289,0.009025,0.127010,-0.099674,400.920013,15118.000000
4839.000000,9.660571,0.087769,0.002688,0.287842,0.238159,0.057199,0.009280,0.129347,-0.094882,389.850006,15416.000000
4840.000000,-2.429416,0.087036,0.002382,0.286987,0.237183,0.057019,0.008877,0.128712,-0.096518,396.140015,15038.000000
4841.000000,4.007651,0.087036,0.002568,0.286743,0.235596,0.057202,0.008966,0.128270,-0.098568,471.670013,15116.000000
4842.000000,1.545322,0.086670,0.002493,0.285156,0.234985,0.056993,0.008893,0.124752,-0.098595,347.720001,15138.000000
4843.000000,12.275829,0.085693,0.002031,0.285156,0.234863,0.055908,0.008493,0.122619,-0.098333,400.250000,15081.000000
4844.000000,29.801340,0.085693,0.002235,0.284058,0.235840,0.056311,0.008726,0.126892,-0.096804,431.809998,15090.000000
4845.000000,-8.100705,0.085083,0.002329,0.282471,0.234497,0.056117,0.008747,0.129845,-0.096723,451.420013,15128.000000
4846.000000,4.515934,0.085449,0.002381,0.280884,0.233887,0.056141,0.008862,0.129390,-0.099881,313.040009,15172.000000
4847.000000,0.483113,0.084717,0.002323,0.280762,0.234131,0.056112,0.008695,0.129144,-0.099995,350.609985,15336.000000
4848.000000,37.374920,0.084595,0.002192,0.281250,0.234009,0.056342,0.008488,0.128863,-0.099413,406.339996,15001.000000
4849.000000,17.342552,0.083984,0.002459,0.282471,0.233032,0.056200,0.008633,0.128880,-0.097714,397.410004,15118.000000
4850.000000,7.061755,0.085327,0.002683,0.282715,0.234985,0.056407,0.008998,0.129641,-0.097662,494.549988,14897.000000
4851.000000,-0.300650,0.084229,0.002185,0.281250,0.234863,0.055953,0.008318,0.128934,-0.098967,404.279999,15168.000000
4852.000000,-2.199095,0.083618,0.001790,0.281372,0.234619,0.055716,0.007998,0.129341,-0.100879,390.839996,15212.000000
4853.000000,17.370440,0.083618,0.002088,0.280762,0.233032,0.055734,0.008231,0.129104,-0.100935,368.980011,15055.000000
4854.000000,-8.413533,0.083862,0.002512,0.279785,0.232544,0.055506,0.008744,0.127198,-0.099436,356.029999,14935.000000
4855.000000,42.809818,0.083618,0.002598,0.278442,0.233521,0.055091,0.008876,0.125374,-0.099970,407.470001,15600.000000
4856.000000,39.832264,0.082153,0.002088,0.277588,0.234619,0.054183,0.008333,0.122518,-0.101485,417.109985,15789.000000
4857.000000,-12.868341,0.082153,0.001825,0.279053,0.234375,0.053919,0.007980,0.123634,-0.100357,395.859985,15678.000000
4858.000000,2.968684,0.081787,0.001917,0.278931,0.236450,0.054049,0.008167,0.122618,-0.099100,394.290009,15432.000000
4859.000000,23.668287,0.082031,0.001857,0.278442,0.237061,0.054126,0.008151,0.123400,-0.099868,368.989990,15653.000000
4860.000000,10.399590,0.082764,0.002157,0.280151,0.237305,0.054168,0.008356,0.124693,-0.098854,351.440002,15781.000000
4861.000000,20.841713,0.082764,0.001854,0.280273,0.237427,0.053542,0.008101,0.121886,-0.098298,392.829987,15554.000000
4862.000000,-3.117479,0.083984,0.002213,0.281860,0.237427,0.053897,0.008504,0.126040,-0.095703,352.010010,15781.000000
4863.000000,-8.449997,0.084229,0.001980,0.281738,0.237671,0.054107,0.008250,0.126229,-0.097006,372.809998,15620.000000
4864.000000,19.604286,0.083984,0.002170,0.282227,0.238281,0.054019,0.008586,0.125017,-0.096347,384.390015,15709.000000
4865.000000,33.730141,0.084717,0.002549,0.282837,0.237793,0.054453,0.008848,0.124506,-0.098952,415.989990,15618.000000
4866.000000,-18.247042,0.083496,0.002418,0.280518,0.237183,0.054350,0.008738,0.123962,-0.099431,397.720001,15824.000000
4867.000000,11.601879,0.084106,0.003031,0.281250,0.237549,0.054917,0.009480,0.126042,-0.096105,395.660004,15545.000000
4868.000000,6.728666,0.083252,0.002625,0.279419,0.237061,0.054718,0.009079,0.123703,-0.098938,359.630005,15811.000000
4869.000000,-10.130568,0.083984,0.002785,0.278320,0.237671,0.055194,0.009144,0.122049,-0.101370,449.910004,15573.000000
4870.000000,7.672791,0.082764,0.002116,0.276489,0.235474,0.054645,0.008473,0.120536,-0.101947,343.130005,15856.000000
4871.000000,11.461246,0.083618,0.002860,0.276123,0.237915,0.055492,0.009243,0.122235,-0.100285,402.670013,15709.000000
4872.000000,24.358126,0.083740,0.002731,0.276489,0.238037,0.055485,0.009028,0.127609,-0.098057,424.200012,15905.000000
4873.000000,-1.197435,0.084717,0.003667,0.278076,0.238892,0.056946,0.009934,0.134047,-0.095226,404.609985,15537.000000
4874.000000,83.208839,0.083008,0.003431,0.275879,0.240356,0.056215,0.009834,0.127268,-0.100385,384.640015,15908.000000
4875.000000,18.126186,0.082275,0.002796,0.274658,0.238037,0.055601,0.009121,0.122242,-0.103543,379.630005,15772.000000
4876.000000,6.805898,0.081665,0.002288,0.274414,0.236816,0.055094,0.008599,0.121098,-0.102919,343.730011,15600.000000
4877.000000,-17.713842,0.082031,0.002386,0.275146,0.237061,0.054882,0.008767,0.127964,-0.098805,384.529999,15773.000000
4878.000000,-22.754396,0.082275,0.002489,0.274780,0.239258,0.055093,0.009073,0.129887,-0.095799,362.869995,15471.000000
4879.000000,-13.307686,0.082764,0.002883,0.275024,0.241089,0.056064,0.009541,0.127813,-0.099367,387.000000,15591.000000
4880.000000,50.907619,0.083252,0.002828,0.275635,0.241089,0.055934,0.009522,0.125553,-0.099029,418.609985,15537.000000
4881.000000,17.080332,0.084229,0.002716,0.276123,0.239502,0.055627,0.009313,0.123349,-0.100570,450.309998,15717.000000
4882.000000,-12.678310,0.084595,0.002456,0.276855,0.238403,0.055622,0.008946,0.122780,-0.099730,364.600006,15823.000000
4883.000000,32.683296,0.085327,0.002595,0.277588,0.238647,0.055739,0.009059,0.123206,-0.098358,331.660004,15658.000000
4884.000000,-12.375121,0.084961,0.002379,0.277832,0.238037,0.055548,0.008736,0.122765,-0.098435,385.179993,15340.000000
4885.000000,-11.694569,0.085693,0.002609,0.278931,0.238281,0.055894,0.009033,0.124726,-0.097489,374.299988,15309.000000
4886.000000,27.298130,0.085205,0.002250,0.277344,0.237305,0.055807,0.008698,0.121665,-0.098987,492.130005,15166.000000
4887.000000,53.366047,0.085938,0.002600,0.276855,0.237915,0.055924,0.009099,0.122651,-0.097401,428.079987,15180.000000
4888.000000,-5.128716,0.085815,0.002126,0.277222,0.237671,0.055629,0.008740,0.120993,-0.098592,452.179993,15273.000000
4889.000000,-15.744760,0.085693,0.002692,0.279419,0.237183,0.055874,0.009330,0.123570,-0.095947,279.470001,15175.000000
4890.000000,19.700459,0.085693,0.002551,0.278931,0.237671,0.055691,0.009248,0.123456,-0.096293,439.019989,15078.000000
4891.000000,-18.129749,0.085205,0.002453,0.279175,0.235718,0.055484,0.009117,0.121817,-0.098587,373.049988,15098.000000
4892.000000,10.919589,0.084351,0.002210,0.278198,0.233887,0.054970,0.008896,0.117922,-0.099453,405.059998,15209.000000
4893.000000,18.648376,0.084595,0.002223,0.276855,0.236084,0.055280,0.008849,0.115478,-0.097231,491.970001,15304.000000
4894.000000,-2.870144,0.084595,0.001988,0.276978,0.235352,0.055226,0.008647,0.118041,-0.098019,385.869995,15035.000000
4895.000000,24.216408,0.085327,0.002289,0.277344,0.236328,0.055800,0.009004,0.120165,-0.097752,430.529999,15261.000000
4896.000000,-26.463060,0.086182,0.002512,0.279419,0.236816,0.056523,0.009186,0.123026,-0.096835,386.529999,15222.000000
4897.000000,-6.382757,0.085571,0.002168,0.278809,0.236816,0.056533,0.008808,0.124929,-0.096387,319.549988,15077.000000
4898.000000,30.118530,0.084595,0.001938,0.278198,0.236084,0.056159,0.008476,0.124909,-0.096925,419.440002,15370.000000
4899.000000,-12.075796,0.084717,0.001730,0.278076,0.233643,0.055532,0.008316,0.123836,-0.098445,406.779999,15017.000000
4900.000000,29.960394,0.085083,0.001952,0.278198,0.234131,0.055427,0.008719,0.121973,-0.098029,478.510010,15190.000000
4901.000000,44.989437,0.084961,0.001882,0.278442,0.234131,0.055076,0.008690,0.123511,-0.094910,402.500000,15206.000000
4902.000000,4.287496,0.086792,0.002544,0.279053,0.236572,0.056002,0.009380,0.123950,-0.094210,371.320007,15352.000000
4903.000000,-12.829166,0.086548,0.002401,0.278687,0.236694,0.055710,0.009125,0.121157,-0.096390,412.950012,15280.000000
4904.000000,34.819767,0.087036,0.002151,0.278687,0.237915,0.055350,0.008967,0.120022,-0.095454,383.429993,15230.000000
4905.000000,6.505167,0.087646,0.001855,0.278076,0.237305,0.055025,0.008663,0.115972,-0.099030,436.109985,15499.000000
4906.000000,21.702852,0.088013,0.002401,0.277100,0.238281,0.055577,0.009254,0.118452,-0.097106,463.119995,15091.000000
4907.000000,-4.697465,0.089111,0.002328,0.278198,0.238037,0.055707,0.009045,0.120749,-0.098032,366.380005,15083.000000
4908.000000,23.436853,0.088257,0.002591,0.277344,0.237793,0.055980,0.009271,0.121201,-0.096254,397.260010,15184.000000
4909.000000,10.216559,0.088013,0.002191,0.277588,0.237793,0.055477,0.008909,0.121870,-0.095585,312.109985,15054.000000
4910.000000,65.615364,0.089355,0.002587,0.279785,0.240356,0.056341,0.009320,0.125639,-0.093413,440.109985,15067.000000
4911.000000,30.235279,0.089355,0.002306,0.279907,0.241211,0.056016,0.009007,0.125231,-0.092861,409.470001,15267.000000
4912.000000,-2.455131,0.089233,0.002420,0.280273,0.241089,0.055944,0.009094,0.125008,-0.094255,440.089996,15227.000000
4913.000000,0.497284,0.088989,0.002321,0.279541,0.242432,0.055710,0.009032,0.123679,-0.096429,419.019989,15216.000000
4914.000000,24.060980,0.089111,0.002298,0.280762,0.243042,0.055796,0.009039,0.123391,-0.095843,421.700012,14981.000000
4915.000000,22.528549,0.088623,0.002273,0.279419,0.241333,0.055313,0.008835,0.122089,-0.098006,480.010010,15033.000000
4916.000000,-12.099331,0.087646,0.001853,0.278564,0.240967,0.054464,0.008520,0.119114,-0.098387,443.700012,15504.000000
4917.000000,-23.172750,0.087524,0.001851,0.278198,0.240479,0.054084,0.008531,0.119691,-0.095915,396.670013,15024.000000
4918.000000,34.169777,0.087769,0.002100,0.279297,0.239868,0.053958,0.008799,0.122200,-0.095095,400.279999,14922.000000
4919.000000,26.562792,0.087769,0.001827,0.279053,0.241577,0.053894,0.008648,0.124650,-0.093924,399.470001,15023.000000
4920.000000,-24.339390,0.088379,0.002013,0.280273,0.240967,0.054723,0.008797,0.124840,-0.094265,409.489990,15371.000000
4921.000000,0.801133,0.088745,0.002669,0.281494,0.241943,0.055357,0.009461,0.126255,-0.092714,390.130005,15318.000000
4922.000000,53.947872,0.088745,0.002340,0.281494,0.241333,0.054430,0.009223,0.126995,-0.092457,393.920013,15543.000000
4923.000000,18.381601,0.089844,0.002336,0.283691,0.243774,0.054958,0.009242,0.126900,-0.092647,424.899994,15217.000000
4924.000000,-1.896391,0.089722,0.002423,0.282715,0.241943,0.054679,0.009242,0.122469,-0.095975,429.140015,15009.000000
4925.000000,4.585155,0.089355,0.002200,0.282715,0.240356,0.054450,0.009000,0.121710,-0.096701,358.369995,15091.000000
4926.000000,26.063055,0.088745,0.002427,0.282471,0.239502,0.054265,0.009208,0.121748,-0.096409,381.529999,14958.000000
4927.000000,31.166403,0.088379,0.002748,0.281372,0.240112,0.054175,0.009523,0.124140,-0.094137,421.339996,15209.000000
4928.000000,33.603737,0.087769,0.002324,0.281860,0.239380,0.053767,0.009044,0.123493,-0.096054,428.450012,15420.000000
4929.000000,51.881481,0.086792,0.002234,0.280884,0.239136,0.053833,0.009048,0.122615,-0.094496,465.649994,15414.000000
4930.000000,-9.577339,0.086548,0.002340,0.280273,0.238892,0.053232,0.009164,0.121560,-0.094399,390.079987,15373.000000
4931.000000,42.236580,0.087036,0.003007,0.280151,0.239014,0.054005,0.009837,0.124134,-0.092457,445.850006,15367.000000
4932.000000,24.922058,0.087769,0.002586,0.281494,0.240723,0.053734,0.009478,0.122116,-0.093032,357.309998,15430.000000
4933.000000,10.340376,0.087769,0.002762,0.281494,0.241455,0.053974,0.009674,0.121431,-0.092185,399.130005,15439.000000
4934.000000,-9.782133,0.088257,0.002847,0.281738,0.243042,0.053963,0.009819,0.118116,-0.093550,433.970001,15295.000000
4935.000000,2.255989,0.088867,0.002928,0.283691,0.243408,0.053975,0.009815,0.120784,-0.093876,389.320007,15446.000000
4936.000000,17.964151,0.089233,0.002958,0.284058,0.243652,0.054230,0.009845,0.121752,-0.093001,405.500000,15351.000000
4937.000000,1.902534,0.088135,0.002536,0.282104,0.243530,0.053572,0.009544,0.120305,-0.093302,450.170013,15520.000000
4938.000000,5.627926,0.088867,0.002530,0.282104,0.243408,0.053648,0.009428,0.118555,-0.095296,374.390015,15505.000000
4939.000000,7.165132,0.089844,0.002476,0.282837,0.243408,0.053678,0.009275,0.119054,-0.096181,392.160004,15441.000000
4940.000000,18.699688,0.089355,0.002183,0.283447,0.242432,0.053396,0.008975,0.117627,-0.097121,428.500000,15537.000000
4941.000000,22.117716,0.089722,0.002968,0.283936,0.242920,0.054021,0.009485,0.119368,-0.095024,412.799988,15309.000000
4942.000000,-13.959550,0.090210,0.002287,0.285034,0.243530,0.053488,0.009070,0.120070,-0.094484,350.350006,15478.000000
4943.000000,-17.907515,0.090332,0.002433,0.285156,0.243530,0.053808,0.009157,0.121575,-0.095637,367.070007,15604.000000
4944.000000,-14.713414,0.091309,0.002488,0.286133,0.244385,0.054570,0.009277,0.120346,-0.095649,418.380005,15495.000000
4945.000000,8.766549,0.091187,0.002148,0.286377,0.242554,0.054734,0.008771,0.117230,-0.097188,408.980011,15467.000000
4946.000000,16.264009,0.090942,0.003208,0.285645,0.241455,0.055184,0.009702,0.117853,-0.094765,400.940002,15857.000000
4947.000000,34.266376,0.090332,0.002544,0.285400,0.240967,0.054551,0.009131,0.119717,-0.095112,476.470001,15981.000000
4948.000000,9.792239,0.089844,0.002436,0.285522,0.239624,0.054538,0.009019,0.117783,-0.096571,455.209991,15903.000000
4949.000000,28.956902,0.090332,0.002442,0.285889,0.241333,0.054580,0.009136,0.122074,-0.093996,373.890015,15829.000000
4950.000000,6.825762,0.090942,0.002937,0.287598,0.241577,0.055335,0.009683,0.124391,-0.093521,338.899994,15847.000000
4951.000000,23.497162,0.090210,0.002815,0.287964,0.240356,0.055340,0.009417,0.126406,-0.094290,396.390015,15691.000000
4952.000000,24.178537,0.089233,0.002678,0.286255,0.239990,0.054940,0.009275,0.126198,-0.095261,431.329987,15745.000000
4953.000000,26.062788,0.088013,0.002687,0.283813,0.239502,0.054091,0.009304,0.123908,-0.095478,365.779999,15818.000000
4954.000000,10.731473,0.088379,0.002394,0.283569,0.240967,0.054103,0.009245,0.121127,-0.096066,459.549988,15831.000000
4955.000000,23.676348,0.088989,0.002524,0.285034,0.241943,0.054364,0.009445,0.122806,-0.098259,392.339996,15839.000000
4956.000000,-1.315101,0.088257,0.002059,0.284546,0.240234,0.053781,0.008896,0.127323,-0.097315,428.970001,15893.000000
4957.000000,-0.302725,0.089355,0.002691,0.285034,0.242798,0.054514,0.009592,0.127935,-0.093706,323.540009,15841.000000
4958.000000,23.503603,0.088379,0.002452,0.285034,0.241699,0.053722,0.009360,0.126404,-0.094762,436.329987,15644.000000
4959.000000,-8.705498,0.087402,0.002237,0.283325,0.241699,0.053344,0.009146,0.123058,-0.097805,417.679993,15680.000000
4960.000000,40.687729,0.087769,0.002839,0.283081,0.243652,0.053683,0.009866,0.122196,-0.097019,387.359985,15577.000000
4961.000000,6.214768,0.087524,0.002845,0.283447,0.241943,0.053866,0.009742,0.127187,-0.094114,374.250000,15673.000000
4962.000000,5.523695,0.087402,0.003144,0.283691,0.242920,0.054296,0.009930,0.126313,-0.094597,358.820007,15689.000000
4963.000000,28.700747,0.086914,0.002584,0.282837,0.242432,0.053627,0.009467,0.126450,-0.094151,365.989990,15767.000000
4964.000000,18.611542,0.087280,0.002685,0.283569,0.243530,0.054027,0.009572,0.128094,-0.092750,347.540009,15635.000000
4965.000000,23.696686,0.087769,0.002575,0.282593,0.242798,0.053788,0.009456,0.128137,-0.093504,451.750000,15735.000000
4966.000000,7.371963,0.088013,0.002392,0.281372,0.241089,0.053497,0.009152,0.126333,-0.094873,446.899994,15564.000000
4967.000000,-8.751542,0.088745,0.002681,0.281250,0.241821,0.053686,0.009470,0.125044,-0.093749,525.299988,15574.000000
4968.000000,41.602303,0.089355,0.003119,0.281006,0.243652,0.054059,0.010062,0.128341,-0.091899,430.720001,15587.000000
4969.000000,-2.252178,0.089233,0.002983,0.281128,0.243774,0.054025,0.009964,0.129357,-0.092163,428.140015,15654.000000
4970.000000,0.448678,0.088745,0.002639,0.280762,0.242188,0.053518,0.009675,0.127593,-0.094283,396.709991,15596.000000
4971.000000,4.227714,0.089111,0.002801,0.280640,0.241211,0.053781,0.009750,0.128371,-0.096277,389.820007,15663.000000
4972.000000,14.051217,0.088135,0.002565,0.279297,0.241699,0.052824,0.009599,0.129590,-0.092376,440.119995,15731.000000
4973.000000,19.334545,0.089478,0.002569,0.280396,0.242554,0.053452,0.009626,0.132651,-0.091583,459.260010,15569.000000
4974.000000,26.334139,0.090820,0.002888,0.281738,0.244263,0.054649,0.009949,0.137814,-0.089499,408.399994,15701.000000
4975.000000,5.067245,0.091187,0.003017,0.279419,0.245117,0.054967,0.010179,0.135319,-0.092576,478.399994,15511.000000
4976.000000,5.823829,0.091431,0.003285,0.278320,0.242432,0.054916,0.010225,0.131790,-0.096469,502.790009,15715.000000
4977.000000,26.112076,0.090942,0.002697,0.276733,0.243774,0.054909,0.009629,0.128303,-0.096656,390.630005,15838.000000
4978.000000,1.185440,0.090210,0.002582,0.276367,0.243164,0.054923,0.009574,0.131220,-0.094453,475.179993,15828.000000
4979.000000,9.576826,0.088379,0.002239,0.274414,0.242188,0.053820,0.009232,0.130388,-0.095764,400.260010,15351.000000
4980.000000,-0.719776,0.087769,0.002368,0.273560,0.241699,0.053507,0.009416,0.129830,-0.095963,418.790009,14913.000000
4981.000000,-2.739847,0.087402,0.002218,0.273926,0.240112,0.053879,0.009389,0.132152,-0.097487,427.239990,15146.000000
4982.000000,14.205783,0.087524,0.002566,0.274414,0.242065,0.054394,0.009711,0.136288,-0.095050,411.549988,15129.000000
4983.000000,9.931046,0.087402,0.002680,0.275024,0.243530,0.054620,0.009843,0.136793,-0.094619,386.040009,14845.000000
4984.000000,-4.130671,0.088013,0.002570,0.276245,0.242554,0.054670,0.009676,0.134909,-0.095300,407.779999,15176.000000
4985.000000,28.350107,0.087646,0.002703,0.274780,0.242065,0.054798,0.009843,0.134485,-0.095599,493.059998,15078.000000
4986.000000,-2.237937,0.087524,0.002688,0.273804,0.241577,0.054835,0.009612,0.132190,-0.096721,446.690002,15209.000000
4987.000000,48.080391,0.088501,0.002754,0.275391,0.242188,0.055312,0.009564,0.133685,-0.097017,431.369995,15104.000000
4988.000000,11.181418,0.088257,0.003098,0.276367,0.242188,0.055709,0.009937,0.135163,-0.096186,398.880005,15215.000000
4989.000000,34.811237,0.088013,0.002934,0.277222,0.241699,0.055961,0.009744,0.135561,-0.097113,404.309998,15019.000000
4990.000000,35.668194,0.087769,0.002655,0.276855,0.241821,0.055690,0.009440,0.132904,-0.097493,406.149994,14931.000000
4991.000000,-12.892762,0.088257,0.002695,0.277710,0.241943,0.055582,0.009504,0.135587,-0.095047,298.029999,15451.000000
4992.000000,25.305895,0.088623,0.002767,0.277344,0.244141,0.055320,0.009595,0.134277,-0.093513,433.559998,15461.000000
4993.000000,41.968189,0.086548,0.002389,0.275513,0.244385,0.054115,0.009257,0.132728,-0.096978,437.410004,15522.000000
4994.000000,2.643125,0.085815,0.002241,0.277222,0.242188,0.053917,0.009010,0.133940,-0.097809,350.640015,15609.000000
4995.000000,26.668489,0.086182,0.002632,0.277832,0.241577,0.053997,0.009372,0.134957,-0.096132,388.869995,15592.000000
4996.000000,13.272801,0.086792,0.003020,0.278687,0.242676,0.054725,0.009666,0.135218,-0.095347,449.989990,15800.000000
4997.000000,23.624453,0.087891,0.003244,0.279541,0.244019,0.055385,0.009994,0.139771,-0.091130,385.950012,15926.000000
4998.000000,-30.764311,0.088013,0.002842,0.280518,0.245483,0.055688,0.009792,0.139953,-0.091343,444.239990,15421.000000
4999.000000,27.959229,0.087769,0.003071,0.279785,0.246216,0.055364,0.010101,0.133991,-0.094331,441.940002,15497.000000
5000.000000,34.702324,0.087280,0.002535,0.278198,0.244263,0.054565,0.009440,0.131422,-0.097289,420.760010,15312.000000
5001.000000,16.042017,0.086914,0.002920,0.277954,0.244263,0.054277,0.009734,0.129669,-0.093273,403.989990,15452.000000
5002.000000,23.354637,0.086914,0.003117,0.277466,0.244385,0.054249,0.009816,0.133034,-0.091219,410.290009,15665.000000
5003.000000,-5.902558,0.086670,0.002806,0.277710,0.242432,0.053948,0.009380,0.133951,-0.094282,353.869995,15696.000000
5004.000000,25.125803,0.085938,0.002625,0.278076,0.243774,0.053844,0.009303,0.134222,-0.093009,381.890015,15116.000000
5005.000000,0.926058,0.086548,0.002763,0.278442,0.243774,0.054123,0.009453,0.131800,-0.095014,387.559998,15255.000000
5006.000000,-8.015387,0.086426,0.003337,0.277832,0.243164,0.054985,0.010124,0.130693,-0.095414,452.359985,15636.000000
5007.000000,1.066713,0.086914,0.003109,0.278687,0.244507,0.054790,0.009860,0.127954,-0.095338,471.130005,15584.000000
5008.000000,6.804037,0.086670,0.002864,0.278564,0.243408,0.054350,0.009600,0.129166,-0.095235,388.559998,15688.000000
5009.000000,7.371223,0.086792,0.002335,0.279175,0.243530,0.054302,0.009002,0.125422,-0.099706,393.970001,15628.000000
5010.000000,-3.226421,0.086670,0.002462,0.280151,0.242310,0.054316,0.009066,0.124549,-0.098599,439.019989,15213.000000
5011.000000,27.023333,0.086792,0.002901,0.279907,0.241333,0.054332,0.009439,0.126137,-0.098279,387.880005,15460.000000
5012.000000,2.330828,0.086914,0.002634,0.279419,0.242798,0.054314,0.009161,0.123652,-0.099322,463.290009,15485.000000
5013.000000,11.206988,0.087036,0.002923,0.279297,0.244385,0.054903,0.009503,0.126460,-0.097705,392.309998,15450.000000
5014.000000,18.898699,0.086914,0.002863,0.279419,0.244019,0.054689,0.009425,0.127386,-0.097861,334.440002,15265.000000
5015.000000,32.245235,0.087036,0.002465,0.280396,0.244507,0.053902,0.009109,0.129854,-0.096257,506.399994,15436.000000
5016.000000,-18.338322,0.086548,0.002401,0.280518,0.242676,0.053747,0.008991,0.125170,-0.098834,412.119995,14939.000000
5017.000000,-5.787948,0.086670,0.002553,0.281006,0.242798,0.054108,0.009144,0.125189,-0.098741,378.049988,15252.000000
5018.000000,3.874831,0.087524,0.002484,0.280396,0.242920,0.054134,0.009089,0.129664,-0.095871,423.570007,15073.000000
5019.000000,15.233964,0.087769,0.002456,0.281006,0.243042,0.053995,0.009060,0.127141,-0.095137,467.070007,14861.000000
5020.000000,4.218334,0.087769,0.002121,0.281494,0.243652,0.053986,0.008741,0.129886,-0.092850,337.820007,14907.000000
5021.000000,9.042701,0.086792,0.001989,0.281616,0.243042,0.053263,0.008579,0.128568,-0.093986,335.130005,14832.000000
5022.000000,-25.531815,0.086548,0.002235,0.282104,0.242554,0.053022,0.008762,0.128216,-0.094281,444.920013,14878.000000
5023.000000,37.823444,0.086426,0.002349,0.281982,0.241211,0.052841,0.008683,0.128561,-0.095587,454.630005,15218.000000
5024.000000,65.904907,0.085571,0.002271,0.281738,0.241333,0.052695,0.008418,0.128318,-0.095605,462.059998,14980.000000
5025.000000,18.889603,0.085815,0.002146,0.281250,0.241699,0.052771,0.008393,0.126852,-0.096818,470.510010,15174.000000
5026.000000,1.373014,0.084473,0.001625,0.280762,0.238770,0.051404,0.007919,0.124703,-0.097485,380.089996,15091.000000
5027.000000,53.599972,0.084351,0.002354,0.279785,0.239258,0.051743,0.008722,0.127772,-0.094502,433.380005,15149.000000
5028.000000,14.915147,0.085205,0.002691,0.281982,0.241455,0.052275,0.008948,0.129491,-0.095982,397.440002,15254.000000
5029.000000,16.336267,0.085571,0.002510,0.283691,0.242676,0.052445,0.008873,0.128485,-0.096769,431.059998,15211.000000
5030.000000,22.557932,0.085205,0.002784,0.282104,0.241699,0.052912,0.009064,0.127072,-0.096753,344.209991,15347.000000
5031.000000,37.956516,0.085449,0.002413,0.281250,0.239868,0.052615,0.008581,0.122486,-0.098392,468.549988,14870.000000
5032.000000,-4.227533,0.085938,0.003149,0.281860,0.241455,0.053450,0.009224,0.125156,-0.097875,352.010010,15037.000000
5033.000000,21.555805,0.084595,0.002603,0.282104,0.239746,0.052939,0.008661,0.127092,-0.096088,448.380005,15095.000000
5034.000000,8.036250,0.085083,0.002320,0.284058,0.240601,0.053416,0.008413,0.130728,-0.096343,355.239990,15009.000000
5035.000000,4.610164,0.085815,0.002371,0.284668,0.240967,0.053701,0.008423,0.133455,-0.096706,431.809998,15089.000000
5036.000000,18.057753,0.086182,0.002476,0.285278,0.243408,0.054064,0.008611,0.132095,-0.096342,402.179993,15003.000000
5037.000000,9.961834,0.086304,0.002589,0.284790,0.243530,0.053957,0.008698,0.131632,-0.096161,428.100006,15010.000000
5038.000000,38.156574,0.086304,0.002404,0.285034,0.240967,0.053874,0.008265,0.127117,-0.098564,415.399994,15214.000000
5039.000000,30.345753,0.085327,0.002197,0.284912,0.239990,0.053323,0.008074,0.127350,-0.097619,470.309998,14955.000000
5040.000000,-9.031041,0.085327,0.002678,0.283813,0.240356,0.053953,0.008576,0.127116,-0.096744,461.829987,15135.000000
5041.000000,0.042688,0.085571,0.002536,0.284302,0.241821,0.054054,0.008583,0.126058,-0.096767,389.920013,15067.000000
5042.000000,18.089853,0.086670,0.002111,0.284668,0.241943,0.053995,0.008411,0.124347,-0.097248,467.100006,14904.000000
5043.000000,6.121249,0.087158,0.002569,0.285522,0.242676,0.054666,0.008837,0.127989,-0.095880,338.890015,14785.000000
5044.000000,21.171322,0.087280,0.002068,0.286011,0.241577,0.054212,0.008256,0.131529,-0.094409,386.040009,15057.000000
5045.000000,-6.190461,0.087158,0.002051,0.286377,0.243286,0.054140,0.008380,0.127570,-0.095818,350.250000,15427.000000
5046.000000,17.226158,0.086914,0.001925,0.285645,0.241943,0.053809,0.008196,0.124338,-0.096486,366.059998,15365.000000
5047.000000,28.771452,0.086548,0.002442,0.284180,0.240845,0.053456,0.008597,0.123121,-0.096522,290.059998,15428.000000
5048.000000,39.461304,0.086670,0.002662,0.286621,0.243042,0.053495,0.008902,0.122789,-0.093519,517.010010,15105.000000
5049.000000,69.762589,0.085938,0.002578,0.286255,0.241699,0.053491,0.008735,0.121860,-0.094525,485.730011,14991.000000
5050.000000,9.575958,0.086426,0.002615,0.286133,0.242310,0.054004,0.008790,0.121388,-0.096246,470.089996,15052.000000
5051.000000,65.740540,0.085938,0.002187,0.284790,0.239990,0.052725,0.008418,0.118410,-0.098426,404.929993,14975.000000
5052.000000,49.397236,0.084717,0.002184,0.284546,0.239380,0.052564,0.008373,0.116174,-0.097770,493.679993,15155.000000
5053.000000,31.909752,0.085083,0.002580,0.284912,0.240845,0.052900,0.008778,0.117232,-0.096332,422.549988,15497.000000
5054.000000,37.547256,0.083984,0.002215,0.285767,0.240112,0.052855,0.008284,0.122044,-0.094469,407.170013,15355.000000
5055.000000,-0.183606,0.084839,0.002692,0.286011,0.240112,0.053660,0.008786,0.123127,-0.094316,408.160004,15304.000000
5056.000000,35.115330,0.084839,0.002461,0.285645,0.238403,0.053540,0.008510,0.121393,-0.094430,417.559998,15355.000000
5057.000000,21.155426,0.085327,0.002168,0.285767,0.239502,0.053090,0.008252,0.119055,-0.096672,354.369995,14955.000000
5058.000000,30.929802,0.085449,0.002116,0.285278,0.241333,0.052920,0.008392,0.119816,-0.094165,452.649994,15532.000000
5059.000000,-1.041675,0.085571,0.002263,0.284424,0.244263,0.052694,0.008741,0.120461,-0.093057,383.290009,15310.000000
5060.000000,-14.556583,0.086182,0.002715,0.285034,0.244873,0.053428,0.009153,0.122935,-0.094020,399.000000,15208.000000
5061.000000,17.320272,0.086548,0.002540,0.286377,0.244385,0.053846,0.008887,0.124536,-0.095386,405.209991,15347.000000
5062.000000,35.774921,0.086304,0.002773,0.286133,0.243408,0.054180,0.009063,0.119922,-0.097636,455.029999,15366.000000
5063.000000,-5.957454,0.085571,0.002157,0.284912,0.243164,0.052988,0.008558,0.117244,-0.099594,419.029999,15234.000000
5064.000000,8.411963,0.086548,0.002497,0.285400,0.243408,0.053648,0.008877,0.119704,-0.096794,410.140015,15319.000000
5065.000000,-20.600096,0.086182,0.001965,0.284912,0.244751,0.053066,0.008480,0.121287,-0.095334,448.899994,15573.000000
5066.000000,4.635426,0.085938,0.002084,0.286255,0.243774,0.053190,0.008554,0.122249,-0.095674,375.920013,15375.000000
5067.000000,20.315840,0.086670,0.002191,0.285522,0.242676,0.053230,0.008615,0.121106,-0.095938,365.799988,15276.000000
5068.000000,53.452805,0.085938,0.002115,0.284424,0.242432,0.052587,0.008469,0.117455,-0.096641,467.100006,15330.000000
5069.000000,-9.552862,0.086548,0.002553,0.284546,0.242310,0.052389,0.008915,0.116426,-0.098611,408.500000,15258.000000
5070.000000,4.184199,0.088013,0.002581,0.285767,0.242798,0.052731,0.009018,0.116144,-0.098981,400.649994,15322.000000
5071.000000,-8.654083,0.087524,0.002553,0.284668,0.241821,0.052781,0.008794,0.119972,-0.098520,434.339996,15117.000000
5072.000000,4.753438,0.087402,0.002715,0.285522,0.241699,0.053116,0.008884,0.121194,-0.099436,375.209991,15419.000000
5073.000000,8.548855,0.087646,0.002481,0.286011,0.242676,0.053131,0.008630,0.121568,-0.099117,372.059998,15248.000000
5074.000000,-3.470142,0.087646,0.002581,0.286865,0.241943,0.053125,0.008749,0.123396,-0.098205,416.779999,15357.000000
5075.000000,27.253622,0.087280,0.002603,0.286621,0.239502,0.052663,0.008676,0.124741,-0.097240,325.529999,15205.000000
5076.000000,-47.561752,0.087158,0.002704,0.286499,0.238403,0.052674,0.008848,0.121904,-0.098227,403.709991,15359.000000
5077.000000,-13.464654,0.087036,0.002388,0.287964,0.238892,0.052291,0.008749,0.122053,-0.095802,486.309998,15097.000000
5078.000000,7.366230,0.087036,0.002288,0.287598,0.240479,0.052446,0.008811,0.122640,-0.095568,414.519989,15267.000000
5079.000000,7.458140,0.085938,0.002359,0.287354,0.237549,0.052167,0.008851,0.120529,-0.098874,437.549988,14950.000000
5080.000000,70.547333,0.087769,0.002404,0.288940,0.238770,0.052549,0.009034,0.121711,-0.097955,404.510010,14983.000000
5081.000000,40.659626,0.087158,0.002003,0.287598,0.240479,0.051541,0.008639,0.123133,-0.097000,435.790009,15160.000000
5082.000000,10.980928,0.088257,0.002652,0.286499,0.240967,0.052447,0.009394,0.122115,-0.097269,378.250000,15060.000000
5083.000000,18.600554,0.088867,0.002717,0.286987,0.240845,0.052676,0.009406,0.122413,-0.097876,460.399994,15277.000000
5084.000000,7.169393,0.089355,0.002662,0.285034,0.240845,0.053079,0.009357,0.121455,-0.100531,451.869995,15098.000000
5085.000000,-5.666069,0.088257,0.002311,0.286011,0.240967,0.052799,0.009060,0.122947,-0.099254,355.619995,15288.000000
5086.000000,38.606731,0.086914,0.002316,0.285278,0.239868,0.052627,0.008997,0.125387,-0.097452,472.940002,15503.000000
5087.000000,-6.611784,0.087646,0.002444,0.287842,0.239258,0.053391,0.009175,0.125174,-0.097430,330.130005,15372.000000
5088.000000,2.429884,0.087158,0.002310,0.286987,0.238525,0.053269,0.009093,0.122739,-0.099727,372.839996,15195.000000
5089.000000,4.099783,0.088135,0.002505,0.286621,0.240112,0.053321,0.009375,0.120373,-0.098154,316.230011,15178.000000
5090.000000,0.931525,0.088257,0.002436,0.286499,0.240479,0.053121,0.009245,0.121651,-0.096838,381.190002,15515.000000
5091.000000,32.802216,0.088867,0.002594,0.286743,0.242920,0.053489,0.009465,0.119915,-0.095754,416.299988,15370.000000
5092.000000,-11.501174,0.090088,0.002811,0.288574,0.241455,0.053925,0.009591,0.121519,-0.097712,358.260010,15072.000000
5093.000000,53.045216,0.090454,0.002941,0.289429,0.240112,0.054193,0.009669,0.122358,-0.097465,364.149994,15180.000000
5094.000000,-1.486675,0.089844,0.002389,0.289551,0.240234,0.053502,0.009172,0.121461,-0.098574,385.029999,15025.000000
5095.000000,-1.200955,0.089966,0.002393,0.289673,0.240356,0.053647,0.009275,0.124087,-0.098801,385.290009,14999.000000
5096.000000,-30.345892,0.089233,0.002418,0.289551,0.240845,0.053696,0.009267,0.124861,-0.098438,327.899994,15204.000000
5097.000000,-5.512763,0.088257,0.001885,0.289795,0.239624,0.053178,0.008768,0.122634,-0.098339,325.410004,15031.000000
5098.000000,14.031157,0.086914,0.001875,0.287720,0.238281,0.052403,0.008769,0.120773,-0.099347,389.309998,15399.000000
5099.000000,19.472599,0.087769,0.002344,0.287476,0.241333,0.053077,0.009429,0.124596,-0.097556,341.739990,15208.000000
5100.000000,-14.710066,0.086426,0.002160,0.286255,0.238892,0.053200,0.009156,0.121867,-0.101485,433.670013,15339.000000
5101.000000,-16.083477,0.087158,0.002743,0.287354,0.239380,0.054396,0.009783,0.123563,-0.098118,473.619995,15565.000000
5102.000000,1.303463,0.087891,0.002365,0.288086,0.239868,0.054037,0.009511,0.127357,-0.097559,377.609985,15470.000000
5103.000000,-17.499102,0.087646,0.002145,0.287720,0.237793,0.053675,0.009254,0.128132,-0.098688,334.779999,15359.000000
5104.000000,-4.214723,0.087891,0.002254,0.286621,0.239624,0.053900,0.009495,0.128000,-0.097168,371.920013,15332.000000
5105.000000,12.527537,0.088135,0.001997,0.286621,0.240601,0.053460,0.009194,0.127259,-0.097411,405.220001,15375.000000
5106.000000,55.077915,0.087402,0.002127,0.284546,0.239624,0.052912,0.009280,0.120923,-0.099841,412.230011,15288.000000
5107.000000,2.219554,0.088257,0.002218,0.285767,0.238892,0.053551,0.009229,0.123570,-0.099842,433.019989,15225.000000
5108.000000,7.479982,0.088379,0.002558,0.286377,0.238403,0.054041,0.009566,0.123960,-0.098682,384.390015,15326.000000
5109.000000,22.319452,0.088379,0.002488,0.286011,0.239624,0.054407,0.009525,0.129453,-0.095075,375.940002,15287.000000
5110.000000,15.609634,0.088745,0.002530,0.285522,0.239746,0.054239,0.009609,0.124004,-0.097544,376.369995,15242.000000
5111.000000,56.659119,0.088379,0.002626,0.284180,0.239258,0.053841,0.009718,0.118715,-0.099825,416.540009,15459.000000
5112.000000,17.952909,0.086914,0.002432,0.282837,0.236816,0.053354,0.009366,0.114275,-0.101834,458.179993,15282.000000
5113.000000,3.387996,0.086914,0.002302,0.284180,0.237061,0.053424,0.009336,0.115747,-0.099106,409.480011,15146.000000
5114.000000,16.637539,0.086548,0.002005,0.285278,0.236450,0.053304,0.009052,0.119736,-0.097272,391.869995,15213.000000
5115.000000,-23.443748,0.087891,0.002833,0.286621,0.238159,0.054536,0.009903,0.119965,-0.098203,319.839996,15302.000000
5116.000000,-5.086699,0.087036,0.002867,0.286499,0.236816,0.054746,0.009770,0.120176,-0.098433,367.660004,15177.000000
5117.000000,11.898128,0.086792,0.003023,0.286499,0.236816,0.054825,0.009939,0.121788,-0.097876,371.269989,15351.000000
5118.000000,13.278241,0.087280,0.003274,0.288086,0.236572,0.055479,0.010214,0.125250,-0.095967,351.320007,15428.000000
5119.000000,-4.577426,0.086670,0.003041,0.287354,0.237549,0.055328,0.010099,0.126073,-0.095357,436.200012,15371.000000
5120.000000,-12.538605,0.087769,0.002880,0.288208,0.239014,0.055259,0.009924,0.125328,-0.096289,366.040009,14928.000000
5121.000000,-6.864375,0.088013,0.003249,0.289185,0.237671,0.055398,0.010149,0.123061,-0.096640,299.670013,14950.000000
5122.000000,-15.227073,0.087891,0.002988,0.289062,0.239990,0.055319,0.010119,0.124651,-0.093972,375.679993,15234.000000
5123.000000,30.897047,0.087891,0.002911,0.289062,0.240112,0.055143,0.010030,0.123928,-0.095711,420.630005,15499.000000
5124.000000,-3.308205,0.088867,0.002756,0.288940,0.241333,0.055384,0.009796,0.121422,-0.097253,388.329987,15471.000000
5125.000000,-14.860626,0.087769,0.002433,0.288208,0.239624,0.055256,0.009333,0.120872,-0.097435,397.690002,15743.000000
5126.000000,-20.621792,0.087646,0.002720,0.287842,0.239624,0.054949,0.009622,0.121822,-0.097318,373.489990,15631.000000
5127.000000,0.214107,0.088135,0.002836,0.289185,0.239502,0.055398,0.009823,0.124817,-0.096541,422.489990,15338.000000
5128.000000,19.201204,0.087769,0.002619,0.289917,0.239380,0.055397,0.009522,0.124062,-0.094827,295.859985,15170.000000
5129.000000,-28.663942,0.087158,0.002753,0.289551,0.241211,0.054902,0.009663,0.124288,-0.094099,337.109985,15007.000000
5130.000000,15.331856,0.087036,0.002505,0.288330,0.240112,0.054422,0.009445,0.121989,-0.096798,367.529999,14905.000000
5131.000000,31.146315,0.086548,0.002346,0.288086,0.239502,0.054081,0.009296,0.121357,-0.097814,410.450012,15161.000000
5132.000000,5.136041,0.087769,0.002735,0.289673,0.240601,0.054658,0.009671,0.124492,-0.097593,325.160004,15462.000000
5133.000000,14.616116,0.086304,0.002368,0.289673,0.239624,0.054590,0.009126,0.125214,-0.098321,397.829987,15286.000000
5134.000000,2.839290,0.086304,0.002468,0.289429,0.237793,0.054983,0.009092,0.124674,-0.099712,360.040009,15217.000000
5135.000000,-3.588856,0.085815,0.002332,0.289429,0.237549,0.054894,0.009048,0.122465,-0.100689,384.619995,15306.000000
5136.000000,18.269445,0.085083,0.002377,0.287598,0.235229,0.054410,0.009024,0.119820,-0.101900,442.730011,15320.000000
5137.000000,22.666216,0.084961,0.002720,0.285889,0.236084,0.054500,0.009526,0.116886,-0.100627,428.820007,15257.000000
5138.000000,-2.103973,0.085693,0.002613,0.286255,0.236938,0.054455,0.009571,0.115660,-0.101549,424.950012,15436.000000
5139.000000,-3.657818,0.085571,0.002551,0.285400,0.236572,0.054746,0.009450,0.117271,-0.101821,332.619995,15373.000000
5140.000000,37.553661,0.085815,0.002533,0.285889,0.235596,0.054577,0.009292,0.121721,-0.101359,464.380005,15467.000000
5141.000000,19.107271,0.085083,0.002605,0.285278,0.235596,0.055144,0.009345,0.119406,-0.103387,406.920013,15492.000000
5142.000000,-13.005995,0.084717,0.002356,0.286865,0.235840,0.055160,0.009159,0.120176,-0.102208,320.260010,15484.000000
5143.000000,40.094639,0.085327,0.002851,0.287231,0.236938,0.055794,0.009547,0.124142,-0.100780,421.220001,15415.000000
5144.000000,15.147192,0.085571,0.003124,0.288818,0.235718,0.056161,0.009659,0.127317,-0.097588,422.010010,15251.000000
5145.000000,12.388525,0.085205,0.002797,0.289795,0.236328,0.056014,0.009411,0.128033,-0.097893,368.459991,15388.000000
5146.000000,39.380363,0.084839,0.002405,0.289917,0.236572,0.055608,0.008986,0.126785,-0.099898,355.109985,15239.000000
5147.000000,47.584438,0.085449,0.002743,0.290039,0.237305,0.056073,0.009173,0.126240,-0.098530,411.339996,15043.000000
5148.000000,-14.248249,0.084839,0.002381,0.289307,0.237915,0.055659,0.008869,0.123402,-0.098921,359.010010,15108.000000
5149.000000,-4.852674,0.085693,0.002383,0.291504,0.237549,0.055935,0.008748,0.123854,-0.099677,332.179993,15252.000000
5150.000000,5.872871,0.086182,0.002219,0.291504,0.238403,0.055953,0.008692,0.126483,-0.096792,398.459991,14964.000000
5151.000000,13.115495,0.086304,0.002017,0.291382,0.239380,0.055571,0.008565,0.129095,-0.096379,356.959991,15090.000000
5152.000000,30.458981,0.086060,0.002522,0.292603,0.238525,0.055900,0.008992,0.127113,-0.098155,371.700012,15156.000000
5153.000000,1.735824,0.087036,0.002677,0.292847,0.241333,0.056198,0.009337,0.128389,-0.094555,380.920013,15227.000000
5154.000000,-12.534901,0.088257,0.002817,0.293335,0.242065,0.056334,0.009430,0.128765,-0.095991,429.190002,14679.000000
5155.000000,21.129398,0.088501,0.003017,0.294067,0.240967,0.056522,0.009589,0.128884,-0.096756,426.660004,14995.000000
5156.000000,22.119091,0.087280,0.002556,0.292725,0.240112,0.055593,0.009086,0.127266,-0.097359,413.959991,15012.000000
5157.000000,43.274117,0.086914,0.002420,0.292236,0.238403,0.054753,0.008878,0.127143,-0.096725,389.339996,15143.000000
5158.000000,-3.518680,0.086548,0.002872,0.293091,0.238281,0.055098,0.009377,0.126127,-0.097424,357.279999,15022.000000
5159.000000,17.979887,0.086914,0.002938,0.293213,0.238403,0.055180,0.009410,0.128737,-0.095771,337.209991,14936.000000
5160.000000,-6.567583,0.087402,0.003339,0.294067,0.237671,0.055270,0.009663,0.126861,-0.096647,466.739990,14835.000000
5161.000000,8.319561,0.088867,0.003753,0.294800,0.239624,0.056088,0.010192,0.124781,-0.095745,368.130005,14797.000000
5162.000000,8.026193,0.088501,0.003539,0.294067,0.239990,0.056081,0.010067,0.125659,-0.093261,380.779999,15111.000000
5163.000000,24.427872,0.087646,0.003383,0.293823,0.239868,0.055849,0.010031,0.124785,-0.094695,441.470001,15042.000000
5164.000000,18.747690,0.086792,0.002792,0.291382,0.237671,0.054915,0.009347,0.121079,-0.097308,357.519989,15599.000000
5165.000000,31.980526,0.085693,0.002887,0.289673,0.237305,0.054967,0.009437,0.120734,-0.098749,510.200012,15725.000000
5166.000000,-26.823214,0.086304,0.003146,0.289307,0.238647,0.055668,0.009753,0.121530,-0.098134,426.029999,15791.000000
5167.000000,-1.580477,0.087280,0.003296,0.290894,0.239380,0.055888,0.010010,0.123264,-0.095134,338.500000,15653.000000
5168.000000,25.075918,0.087646,0.003192,0.291016,0.240967,0.055925,0.009947,0.124313,-0.095776,383.540009,15816.000000
5169.000000,-21.197813,0.088135,0.002839,0.291992,0.241821,0.055886,0.009644,0.126597,-0.095171,443.559998,15849.000000
5170.000000,32.073746,0.088013,0.002758,0.292236,0.240723,0.055986,0.009537,0.127395,-0.095239,419.239990,15640.000000
5171.000000,12.836781,0.087280,0.002705,0.290527,0.240356,0.055288,0.009390,0.123187,-0.096951,404.799988,15780.000000
5172.000000,0.258424,0.087891,0.002497,0.290894,0.240112,0.055315,0.009199,0.121586,-0.098390,438.920013,15823.000000
5173.000000,29.946445,0.087524,0.002843,0.289673,0.240967,0.055740,0.009457,0.123557,-0.097342,419.890015,15749.000000
5174.000000,13.957367,0.087524,0.003087,0.289551,0.239380,0.055626,0.009611,0.125971,-0.096376,434.040009,15527.000000
5175.000000,17.313694,0.087769,0.002670,0.288818,0.239990,0.055318,0.009305,0.124287,-0.097826,444.980011,15979.000000
5176.000000,46.476631,0.087524,0.002310,0.288818,0.239502,0.054857,0.008977,0.125522,-0.098762,410.070007,15760.000000
5177.000000,-3.094403,0.086792,0.002471,0.290039,0.239624,0.055248,0.009203,0.123027,-0.098184,481.609985,15682.000000
5178.000000,36.575603,0.087524,0.002822,0.291138,0.238892,0.055416,0.009575,0.122412,-0.098999,366.170013,15608.000000
5179.000000,5.328455,0.087158,0.002806,0.289307,0.237305,0.055269,0.009465,0.121701,-0.098129,336.350006,16092.000000
5180.000000,20.704008,0.086182,0.002388,0.289062,0.237915,0.054044,0.009142,0.118505,-0.099399,423.980011,15482.000000
5181.000000,39.339951,0.084717,0.002290,0.288208,0.236816,0.053213,0.008947,0.119764,-0.097053,480.959991,15838.000000
5182.000000,42.160995,0.085083,0.002444,0.288696,0.237305,0.053400,0.008911,0.120504,-0.097099,405.739990,15980.000000
5183.000000,12.087424,0.084961,0.002767,0.288330,0.237793,0.053407,0.009148,0.118214,-0.097210,387.750000,15541.000000
5184.000000,9.624721,0.084839,0.002486,0.288208,0.237305,0.053635,0.008742,0.118984,-0.097199,426.570007,16143.000000
5185.000000,14.657475,0.083862,0.002499,0.288452,0.236450,0.053058,0.008680,0.118730,-0.097095,414.859985,15410.000000
5186.000000,-12.801778,0.084229,0.003266,0.288940,0.237427,0.053408,0.009609,0.117413,-0.096389,403.820007,15351.000000
5187.000000,33.587555,0.084106,0.002681,0.287109,0.238525,0.052811,0.008851,0.116412,-0.099259,392.440002,15631.000000
5188.000000,3.598799,0.084106,0.002336,0.288452,0.239014,0.052835,0.008566,0.118639,-0.097729,400.450012,15817.000000
5189.000000,-4.716219,0.085327,0.002811,0.289673,0.240845,0.053336,0.009213,0.121344,-0.095268,496.989990,15838.000000
5190.000000,12.594716,0.084595,0.002874,0.288452,0.239014,0.053508,0.009220,0.121114,-0.097431,367.049988,15652.000000
5191.000000,-9.105562,0.084229,0.002732,0.288940,0.238892,0.053512,0.009159,0.122369,-0.097607,438.089996,15721.000000
5192.000000,-0.684062,0.083130,0.002793,0.287354,0.237549,0.053587,0.009105,0.119113,-0.098718,394.880005,15530.000000
5193.000000,-18.473873,0.083374,0.002690,0.288208,0.237061,0.053588,0.009022,0.118317,-0.100074,495.459991,15647.000000
5194.000000,-9.292067,0.082642,0.002577,0.287842,0.235474,0.052878,0.008869,0.117793,-0.099598,451.160004,15637.000000
5195.000000,8.590781,0.083252,0.002971,0.287109,0.236206,0.053336,0.009254,0.120516,-0.096788,375.649994,15956.000000
5196.000000,17.368036,0.083740,0.002783,0.287964,0.236694,0.053175,0.008985,0.124026,-0.097698,473.350006,15620.000000
5197.000000,1.691691,0.083252,0.002590,0.285889,0.236450,0.052629,0.008939,0.117445,-0.101892,413.720001,15740.000000
5198.000000,28.868025,0.082397,0.002687,0.284790,0.235962,0.052334,0.009179,0.116771,-0.102335,390.220001,15401.000000
5199.000000,47.211704,0.082275,0.002482,0.284668,0.235840,0.052027,0.009008,0.120223,-0.100399,419.519989,15562.000000
5200.000000,-5.926311,0.083862,0.003356,0.286377,0.238770,0.053111,0.009938,0.124368,-0.095150,329.940002,15650.000000
5201.000000,20.349062,0.083496,0.002905,0.285645,0.238647,0.052727,0.009450,0.122439,-0.095710,424.640015,15733.000000
5202.000000,40.301105,0.084229,0.003161,0.285400,0.239380,0.052938,0.009674,0.119552,-0.097078,409.839996,15925.000000
5203.000000,9.078982,0.083862,0.003007,0.284180,0.238525,0.052553,0.009550,0.116161,-0.098716,411.089996,15761.000000
5204.000000,-11.738421,0.084717,0.002850,0.285645,0.240234,0.053128,0.009480,0.118652,-0.096136,376.480011,15328.000000
5205.000000,19.292271,0.083496,0.002834,0.285278,0.240601,0.052793,0.009513,0.119781,-0.095053,383.820007,14870.000000
5206.000000,1.018446,0.083374,0.002938,0.285645,0.240723,0.052585,0.009696,0.116551,-0.095399,511.339996,14987.000000
5207.000000,10.925458,0.083618,0.002690,0.285034,0.239990,0.052373,0.009368,0.116454,-0.096804,411.739990,14843.000000
5208.000000,-10.314791,0.083252,0.002380,0.286865,0.240601,0.052131,0.009166,0.119901,-0.094136,426.690002,15005.000000
5209.000000,-4.014910,0.083008,0.002255,0.285645,0.240234,0.052206,0.008957,0.117665,-0.095450,393.019989,15064.000000
5210.000000,-18.080763,0.083130,0.002339,0.285645,0.240845,0.052364,0.009095,0.118220,-0.094917,392.200012,15296.000000
5211.000000,4.220731,0.081665,0.002408,0.285400,0.240479,0.051835,0.009308,0.119504,-0.093455,404.100006,15171.000000
5212.000000,29.594540,0.081421,0.002050,0.284790,0.239746,0.051241,0.009093,0.119684,-0.095344,423.200012,14938.000000
5213.000000,-27.322105,0.082520,0.002283,0.286743,0.240356,0.051683,0.009263,0.120270,-0.094378,379.670013,15042.000000
5214.000000,2.053727,0.083130,0.002363,0.286865,0.243652,0.051966,0.009557,0.119816,-0.094460,334.750000,15194.000000
5215.000000,9.540133,0.083862,0.002786,0.285156,0.243408,0.052595,0.010026,0.118655,-0.096300,474.739990,15245.000000
5216.000000,33.607124,0.083496,0.002340,0.284912,0.241333,0.051978,0.009494,0.117522,-0.098089,415.190002,15253.000000
5217.000000,21.487478,0.082642,0.002071,0.284546,0.241333,0.051668,0.009145,0.120872,-0.096951,423.799988,14995.000000
5218.000000,-0.014648,0.083008,0.002057,0.285400,0.240601,0.051718,0.009132,0.122736,-0.096361,424.209991,15115.000000
5219.000000,5.187329,0.082397,0.002452,0.284424,0.241577,0.051585,0.009786,0.122161,-0.094833,358.709991,15152.000000
5220.000000,4.241688,0.082642,0.003088,0.284058,0.240601,0.051671,0.010420,0.119021,-0.097060,403.940002,15014.000000
5221.000000,13.239026,0.082886,0.002565,0.284058,0.240356,0.051248,0.010045,0.118778,-0.095457,387.709991,15374.000000
5222.000000,18.812967,0.082520,0.002280,0.283936,0.240723,0.050942,0.009814,0.120318,-0.097032,443.149994,15122.000000
5223.000000,16.203743,0.082642,0.002127,0.285645,0.241089,0.050446,0.009746,0.121513,-0.095028,364.070007,15296.000000
5224.000000,58.987587,0.083618,0.002782,0.285645,0.241455,0.050670,0.010470,0.120883,-0.095590,425.390015,15209.000000
5225.000000,-21.088909,0.084106,0.002510,0.286621,0.241943,0.050956,0.010373,0.116276,-0.097674,389.160004,15195.000000
5226.000000,1.314486,0.084351,0.002426,0.286133,0.241943,0.051324,0.010122,0.116800,-0.097793,345.239990,15236.000000
5227.000000,3.850217,0.085083,0.002754,0.285645,0.242920,0.052105,0.010311,0.120880,-0.095436,415.809998,15081.000000
5228.000000,7.087413,0.085205,0.002611,0.285034,0.243774,0.052495,0.010150,0.118134,-0.097467,480.820007,15256.000000
5229.000000,-15.785954,0.085571,0.002581,0.285400,0.243286,0.053021,0.010094,0.116566,-0.098306,311.720001,15642.000000
5230.000000,14.843889,0.085815,0.002598,0.285889,0.243042,0.053202,0.010037,0.116565,-0.099928,427.269989,15737.000000
5231.000000,9.110817,0.085815,0.002184,0.285767,0.243530,0.052841,0.009704,0.114994,-0.100610,431.959991,15700.000000
5232.000000,11.340272,0.085938,0.002350,0.285522,0.242676,0.052812,0.009823,0.114558,-0.099212,433.709991,15672.000000
5233.000000,27.950003,0.086426,0.002499,0.285400,0.243774,0.052736,0.010003,0.117520,-0.096935,422.959991,15553.000000
5234.000000,3.913489,0.085693,0.002177,0.284302,0.243286,0.051846,0.009667,0.119812,-0.095352,346.279999,15605.000000
5235.000000,19.510532,0.086914,0.002574,0.284058,0.244507,0.051800,0.010211,0.114432,-0.097272,398.700012,15715.000000
5236.000000,-0.506992,0.086426,0.002570,0.283447,0.244507,0.051599,0.010285,0.113575,-0.098016,427.470001,15564.000000
5237.000000,-9.352468,0.086182,0.002656,0.283813,0.243896,0.052014,0.010376,0.114638,-0.097588,491.470001,15407.000000
5238.000000,37.738750,0.086060,0.002604,0.283691,0.243530,0.051957,0.010247,0.114393,-0.098078,425.380005,15224.000000
5239.000000,8.564643,0.085449,0.002538,0.282715,0.243408,0.051796,0.010191,0.117393,-0.095772,501.760010,15287.000000
5240.000000,-1.535737,0.085083,0.002880,0.282715,0.243408,0.051751,0.010380,0.118730,-0.095727,416.260010,15256.000000
5241.000000,-1.714725,0.085083,0.002540,0.282349,0.243652,0.051683,0.010065,0.119363,-0.095491,402.049988,15342.000000
5242.000000,12.750793,0.084839,0.002481,0.282471,0.242676,0.052025,0.009890,0.120409,-0.096333,363.929993,15346.000000
5243.000000,-2.920052,0.083740,0.002253,0.280273,0.242798,0.050716,0.009717,0.115750,-0.097003,315.690002,15322.000000
5244.000000,64.785873,0.084229,0.002153,0.279541,0.243042,0.049717,0.009707,0.116020,-0.096208,494.220001,15223.000000
5245.000000,26.891256,0.083374,0.002110,0.279419,0.240723,0.049398,0.009665,0.116263,-0.097824,382.489990,15286.000000
5246.000000,-4.201694,0.083740,0.002238,0.280151,0.243652,0.049566,0.009923,0.117527,-0.096253,366.420013,15267.000000
5247.000000,12.153026,0.084229,0.002837,0.281494,0.243408,0.049931,0.010412,0.120762,-0.095777,394.339996,15305.000000
5248.000000,14.912856,0.082886,0.002505,0.279663,0.243530,0.049233,0.010163,0.117856,-0.096745,383.089996,15500.000000
5249.000000,4.452732,0.082397,0.002168,0.280273,0.242310,0.048958,0.009620,0.118857,-0.100087,467.320007,15312.000000
5250.000000,4.340011,0.083008,0.002344,0.282104,0.240845,0.049336,0.009613,0.118502,-0.099844,386.609985,15176.000000
5251.000000,-2.581138,0.083252,0.002603,0.283447,0.241089,0.050199,0.009930,0.119045,-0.099409,421.279999,15484.000000
5252.000000,-6.686317,0.083252,0.002408,0.281860,0.241089,0.050455,0.009811,0.118725,-0.100017,453.529999,15132.000000
5253.000000,24.896585,0.084106,0.002632,0.282349,0.241943,0.050701,0.010100,0.119239,-0.098165,361.160004,15162.000000
5254.000000,33.270378,0.083496,0.002483,0.282104,0.240601,0.050367,0.009886,0.122802,-0.098377,317.700012,15048.000000
5255.000000,52.140892,0.084106,0.002531,0.283081,0.241943,0.050607,0.010083,0.121166,-0.097321,451.950012,15058.000000
5256.000000,46.261211,0.084473,0.002354,0.283569,0.243896,0.050264,0.009980,0.118280,-0.098040,325.130005,15098.000000
5257.000000,-23.956398,0.083984,0.002333,0.283203,0.243164,0.050100,0.010050,0.116185,-0.098402,349.000000,15005.000000
5258.000000,-4.415792,0.084229,0.002321,0.282715,0.242554,0.049944,0.009790,0.115301,-0.100106,415.940002,14915.000000
5259.000000,7.937702,0.084717,0.002540,0.283936,0.240479,0.050432,0.009941,0.114853,-0.101329,426.299988,15267.000000
5260.000000,4.845397,0.084473,0.002532,0.282104,0.241333,0.050299,0.009967,0.113004,-0.100487,401.130005,15314.000000
5261.000000,1.045414,0.085449,0.002507,0.282349,0.241699,0.051070,0.009881,0.115577,-0.099482,450.880005,15335.000000
5262.000000,-21.853750,0.086304,0.002683,0.282959,0.242554,0.051720,0.009950,0.117586,-0.099423,446.959991,15376.000000
5263.000000,-16.572260,0.086304,0.002702,0.283325,0.243896,0.051862,0.009992,0.116919,-0.101687,405.649994,15230.000000
5264.000000,8.823160,0.087158,0.002721,0.283813,0.243774,0.052192,0.009911,0.117763,-0.101483,378.220001,15383.000000
5265.000000,10.523846,0.086670,0.002607,0.283081,0.244141,0.052034,0.009822,0.119544,-0.099565,465.980011,15367.000000
5266.000000,21.487835,0.086304,0.002269,0.281982,0.243408,0.051656,0.009495,0.114552,-0.102231,321.609985,15367.000000
5267.000000,-10.959524,0.086548,0.002592,0.281860,0.243652,0.051545,0.009879,0.113296,-0.102993,347.100006,15463.000000
5268.000000,-18.238852,0.086060,0.002426,0.282715,0.243042,0.051676,0.009461,0.115180,-0.103563,297.279999,15724.000000
5269.000000,-11.790644,0.086182,0.002301,0.284302,0.241821,0.052007,0.009404,0.116199,-0.103145,404.899994,15295.000000
5270.000000,14.455173,0.085815,0.003121,0.285034,0.241455,0.052416,0.010009,0.116471,-0.102296,380.839996,15214.000000
5271.000000,4.746759,0.086304,0.002791,0.285767,0.243042,0.051921,0.009861,0.114300,-0.101852,342.779999,15347.000000
5272.000000,13.472976,0.085693,0.002674,0.283325,0.243042,0.051800,0.009842,0.114032,-0.103258,443.320007,15305.000000
5273.000000,-0.253031,0.086670,0.003131,0.283813,0.243164,0.052633,0.010266,0.109532,-0.104970,467.010010,15226.000000
5274.000000,-4.392112,0.085938,0.002662,0.282837,0.241943,0.052491,0.009770,0.110537,-0.105558,440.040009,15298.000000
5275.000000,-2.718704,0.086426,0.002414,0.283813,0.241699,0.052588,0.009614,0.114535,-0.104829,374.899994,15095.000000
5276.000000,23.797487,0.086548,0.002825,0.284058,0.243652,0.052703,0.010104,0.116607,-0.103851,414.130005,15077.000000
5277.000000,7.468117,0.086792,0.002766,0.283936,0.244019,0.052562,0.010068,0.112686,-0.106474,356.609985,15147.000000
5278.000000,27.701302,0.086304,0.002257,0.282837,0.243286,0.052160,0.009428,0.111900,-0.106352,428.829987,14907.000000
5279.000000,22.549030,0.086304,0.002688,0.283203,0.243164,0.052480,0.009821,0.114537,-0.104801,351.540009,15073.000000
5280.000000,-0.040520,0.086548,0.002731,0.283691,0.243896,0.052571,0.009824,0.117058,-0.103174,392.619995,15251.000000
5281.000000,1.648343,0.086182,0.002695,0.284546,0.244629,0.052417,0.009865,0.119957,-0.102064,357.480011,15133.000000
5282.000000,-2.431006,0.085815,0.002749,0.284180,0.243652,0.052862,0.009866,0.119806,-0.101281,398.149994,15127.000000
5283.000000,1.090582,0.086060,0.002492,0.284546,0.242065,0.053064,0.009542,0.118275,-0.103302,400.829987,15126.000000
5284.000000,4.152772,0.085815,0.002712,0.284424,0.242920,0.053364,0.009814,0.119715,-0.099719,348.489990,14988.000000
5285.000000,16.190029,0.086182,0.002555,0.284302,0.244629,0.052662,0.009741,0.119167,-0.100811,461.100006,14835.000000
5286.000000,7.831148,0.086304,0.002676,0.284302,0.244385,0.052777,0.009902,0.118024,-0.102641,304.019989,15122.000000
5287.000000,-11.647906,0.086060,0.002667,0.285889,0.243896,0.052964,0.009806,0.114911,-0.103923,394.329987,15178.000000
5288.000000,36.067127,0.086914,0.002583,0.284546,0.245483,0.053143,0.009801,0.115993,-0.101338,484.239990,15464.000000
5289.000000,26.825592,0.086548,0.002538,0.283447,0.245361,0.052713,0.009643,0.113196,-0.104241,431.200012,15159.000000
5290.000000,42.056725,0.086304,0.002184,0.284058,0.243042,0.051795,0.009118,0.110574,-0.105340,416.369995,14944.000000
5291.000000,6.678213,0.086304,0.002192,0.282715,0.242432,0.051328,0.009035,0.109782,-0.104997,338.200012,14888.000000
5292.000000,16.382368,0.085693,0.002619,0.282104,0.242554,0.051266,0.009589,0.113968,-0.101862,386.510010,15133.000000
5293.000000,1.876539,0.085815,0.002557,0.283691,0.241699,0.051823,0.009396,0.116959,-0.101323,416.279999,15215.000000
5294.000000,-16.924225,0.085571,0.002817,0.283203,0.240967,0.052442,0.009574,0.115158,-0.100409,346.250000,14928.000000
5295.000000,21.712807,0.085449,0.002816,0.283081,0.241089,0.052668,0.009417,0.113232,-0.102003,439.339996,14987.000000
5296.000000,4.567765,0.085327,0.002465,0.283447,0.241943,0.052054,0.009173,0.115370,-0.101526,423.290009,15001.000000
5297.000000,1.750636,0.087280,0.002852,0.283691,0.244141,0.052388,0.009666,0.113728,-0.100987,450.290009,15079.000000
5298.000000,-19.109364,0.087280,0.002550,0.283691,0.244385,0.052014,0.009486,0.114291,-0.099796,346.839996,15136.000000
5299.000000,-11.790359,0.086548,0.002120,0.283569,0.244873,0.051480,0.009050,0.115741,-0.099505,361.720001,14917.000000
5300.000000,-9.316324,0.085815,0.002382,0.282104,0.243774,0.051501,0.009194,0.113731,-0.101308,370.429993,15098.000000
5301.000000,45.959915,0.084595,0.002328,0.282715,0.242554,0.050914,0.009076,0.111692,-0.102927,467.880005,15719.000000
5302.000000,9.157534,0.084473,0.001989,0.281738,0.241577,0.050363,0.008845,0.106553,-0.103560,522.780029,15501.000000
5303.000000,-1.349914,0.084839,0.002303,0.281494,0.240845,0.050437,0.009162,0.107042,-0.104710,413.079987,15430.000000
5304.000000,14.033321,0.084717,0.002651,0.281860,0.239990,0.050885,0.009504,0.110938,-0.104543,357.600006,15456.000000
5305.000000,4.689966,0.086304,0.002764,0.282715,0.241333,0.051352,0.009616,0.111215,-0.104527,406.209991,15440.000000
5306.000000,4.892491,0.085327,0.002529,0.280762,0.241699,0.050778,0.009432,0.111931,-0.103983,400.500000,15447.000000
5307.000000,-9.404943,0.085449,0.002557,0.280518,0.242676,0.051211,0.009462,0.113172,-0.104403,441.709991,15510.000000
5308.000000,-13.055126,0.085205,0.002725,0.280640,0.241577,0.051199,0.009586,0.113287,-0.105151,360.279999,15530.000000
5309.000000,-22.135799,0.084961,0.002246,0.281250,0.240845,0.051220,0.009112,0.112888,-0.105085,358.290009,15692.000000
5310.000000,-14.860482,0.085083,0.002067,0.282349,0.242310,0.051534,0.009066,0.116587,-0.101141,420.220001,15517.000000
5311.000000,7.367932,0.085815,0.002494,0.281372,0.244873,0.051777,0.009667,0.117543,-0.100066,452.420013,15627.000000
5312.000000,26.626686,0.085693,0.002314,0.281616,0.246216,0.051696,0.009363,0.115891,-0.101901,401.230011,15542.000000
5313.000000,18.631500,0.086182,0.002298,0.282715,0.244629,0.051922,0.009272,0.117936,-0.101567,359.350006,15634.000000
5314.000000,-8.705745,0.086304,0.002097,0.282715,0.245239,0.051858,0.009121,0.117036,-0.102193,316.350006,15524.000000
5315.000000,24.509632,0.085938,0.002224,0.280884,0.245117,0.051602,0.009311,0.113112,-0.102810,481.549988,15618.000000
5316.000000,-6.843227,0.086182,0.002425,0.281982,0.246338,0.052005,0.009532,0.119421,-0.099402,429.570007,15439.000000
5317.000000,17.155611,0.086670,0.002179,0.283081,0.247192,0.052372,0.009278,0.121427,-0.098052,438.339996,15279.000000
5318.000000,-33.181293,0.087646,0.002165,0.284790,0.248169,0.052835,0.009357,0.123062,-0.098015,434.760010,15599.000000
5319.000000,36.614323,0.088379,0.002798,0.284302,0.250366,0.053160,0.009950,0.120685,-0.096903,377.059998,15384.000000
5320.000000,-16.787321,0.088257,0.002425,0.283691,0.249878,0.052381,0.009596,0.120059,-0.095987,403.799988,15280.000000
5321.000000,17.702032,0.088013,0.002075,0.281982,0.250488,0.051855,0.009273,0.119619,-0.098000,420.489990,15259.000000
5322.000000,23.624649,0.087646,0.002142,0.280518,0.249634,0.051323,0.009213,0.113641,-0.101892,408.700012,15385.000000
5323.000000,-29.494379,0.087158,0.002228,0.279663,0.248901,0.051114,0.009126,0.113037,-0.101150,373.200012,15377.000000
5324.000000,9.828313,0.085205,0.002227,0.276855,0.246948,0.049781,0.009219,0.114075,-0.099120,315.700012,15293.000000
5325.000000,-12.214994,0.085571,0.001983,0.277588,0.247192,0.049435,0.009185,0.115287,-0.098709,368.000000,15324.000000
5326.000000,18.578142,0.085815,0.002176,0.277954,0.248291,0.049451,0.009356,0.118709,-0.096727,403.589996,15170.000000
5327.000000,21.034782,0.086426,0.002789,0.278320,0.248047,0.050392,0.009775,0.119225,-0.098801,372.739990,15325.000000
5328.000000,15.384993,0.086060,0.002860,0.278198,0.247070,0.049710,0.009796,0.116891,-0.100289,471.589996,15450.000000
5329.000000,21.764101,0.086182,0.002987,0.278564,0.247559,0.050152,0.009861,0.118179,-0.098586,371.989990,15559.000000
5330.000000,5.960011,0.085449,0.003049,0.278809,0.247192,0.049922,0.009984,0.119833,-0.096800,447.730011,15676.000000
5331.000000,7.063322,0.086060,0.002653,0.278198,0.247192,0.050391,0.009623,0.119101,-0.099768,445.480011,15625.000000
5332.000000,21.292931,0.086426,0.002945,0.278198,0.247070,0.050488,0.009774,0.119474,-0.099724,383.549988,15606.000000
5333.000000,12.875587,0.085693,0.002660,0.278687,0.245972,0.050818,0.009520,0.124601,-0.095675,412.239990,15413.000000
5334.000000,12.156035,0.086792,0.002890,0.280273,0.246338,0.050803,0.009820,0.125007,-0.094435,476.679993,15469.000000
5335.000000,6.199216,0.087280,0.003100,0.282471,0.248535,0.051042,0.010201,0.126265,-0.092850,340.070007,15472.000000
5336.000000,14.296715,0.087891,0.002702,0.283691,0.248535,0.051429,0.009775,0.125341,-0.095048,452.769989,15769.000000
5337.000000,-14.167681,0.088013,0.002748,0.284424,0.248169,0.051850,0.009863,0.125422,-0.094283,393.790009,15868.000000
5338.000000,38.083992,0.088989,0.003115,0.285889,0.247559,0.052150,0.010129,0.126658,-0.093872,451.220001,15648.000000
5339.000000,-5.057181,0.087402,0.002278,0.283325,0.246704,0.051033,0.009296,0.124754,-0.094771,338.000000,15675.000000
5340.000000,2.163700,0.087769,0.002400,0.284668,0.247192,0.051281,0.009418,0.128512,-0.093800,444.920013,15475.000000
5341.000000,-1.231471,0.088013,0.002410,0.284302,0.246826,0.051498,0.009340,0.127685,-0.094747,431.970001,15630.000000
5342.000000,5.532618,0.087769,0.002515,0.285400,0.247681,0.051652,0.009453,0.127169,-0.094023,431.570007,15638.000000
5343.000000,2.074631,0.088257,0.002333,0.283691,0.247925,0.051401,0.009351,0.124360,-0.094872,443.910004,15135.000000
5344.000000,25.824829,0.087891,0.002339,0.283081,0.247803,0.051102,0.009431,0.125967,-0.094688,441.190002,14992.000000
5345.000000,-1.759937,0.088135,0.002300,0.282837,0.246582,0.050858,0.009469,0.123647,-0.094588,399.390015,15092.000000
5346.000000,-15.270212,0.088135,0.002068,0.284424,0.244995,0.050646,0.009096,0.125781,-0.094737,431.170013,15374.000000
5347.000000,24.705534,0.088013,0.001862,0.286377,0.244385,0.050593,0.008848,0.128367,-0.094275,359.809998,14798.000000
5348.000000,-11.477272,0.088745,0.002629,0.286133,0.244385,0.051110,0.009764,0.127164,-0.094006,444.920013,15112.000000
5349.000000,42.611485,0.087891,0.002308,0.284668,0.243896,0.051034,0.009389,0.127907,-0.093346,449.010010,15184.000000
5350.000000,-2.701042,0.087769,0.002209,0.285767,0.244385,0.051221,0.009297,0.128395,-0.092917,392.429993,15098.000000
5351.000000,13.733676,0.088135,0.002204,0.286499,0.243896,0.051229,0.009135,0.128083,-0.093113,421.679993,15305.000000
5352.000000,-5.167454,0.089233,0.002506,0.287354,0.243896,0.051783,0.009363,0.126273,-0.093369,452.179993,15236.000000
5353.000000,18.119070,0.089355,0.002639,0.287476,0.243164,0.051901,0.009469,0.125789,-0.093140,483.589996,15216.000000
5354.000000,-10.848186,0.087646,0.002872,0.284912,0.242065,0.051791,0.009720,0.124873,-0.091427,417.450012,15102.000000
5355.000000,13.778687,0.087402,0.002520,0.284180,0.242676,0.051649,0.009474,0.123204,-0.093693,450.309998,15250.000000
5356.000000,20.545834,0.086792,0.002166,0.283203,0.241577,0.051582,0.008987,0.122210,-0.096183,469.089996,15267.000000
5357.000000,7.344633,0.085327,0.001984,0.281982,0.239868,0.051075,0.008758,0.123470,-0.094217,454.420013,15330.000000
5358.000000,-10.664113,0.086792,0.002909,0.284058,0.241943,0.052517,0.009881,0.125304,-0.091920,356.190002,15581.000000
5359.000000,22.669973,0.086914,0.002421,0.284302,0.240845,0.052044,0.009323,0.126774,-0.092981,461.630005,15664.000000
5360.000000,6.948700,0.086914,0.002638,0.284180,0.240479,0.052461,0.009543,0.124836,-0.093422,497.670013,15119.000000
5361.000000,15.609501,0.087524,0.002362,0.284424,0.240967,0.052987,0.009285,0.128046,-0.093579,469.200012,15136.000000
5362.000000,-31.952116,0.086792,0.002131,0.283936,0.240967,0.052918,0.009022,0.128699,-0.094101,396.980011,15222.000000
5363.000000,35.389984,0.087036,0.001882,0.284180,0.239990,0.051872,0.008773,0.126760,-0.097011,441.109985,15133.000000
5364.000000,-38.601082,0.087524,0.002478,0.284302,0.241333,0.052038,0.009491,0.125097,-0.094696,425.299988,15031.000000
5365.000000,8.574762,0.086792,0.001836,0.284546,0.240112,0.051746,0.008783,0.127347,-0.097212,363.079987,15189.000000
5366.000000,-42.119602,0.087402,0.001799,0.285645,0.241455,0.052157,0.008784,0.129371,-0.095521,489.790009,15013.000000
5367.000000,-20.358047,0.087646,0.002325,0.285522,0.241333,0.052363,0.009256,0.128695,-0.096738,383.799988,15229.000000
5368.000000,-1.690797,0.088135,0.002777,0.286865,0.240967,0.052838,0.009402,0.128200,-0.096385,449.929993,15224.000000
5369.000000,34.241623,0.088135,0.002044,0.286133,0.240601,0.052426,0.008547,0.132375,-0.094597,440.559998,15381.000000
5370.000000,14.647279,0.086792,0.002062,0.284912,0.239990,0.051879,0.008524,0.131803,-0.094472,368.230011,16174.000000
5371.000000,-16.645590,0.085693,0.001564,0.284424,0.239014,0.051674,0.008033,0.129912,-0.095848,351.589996,15687.000000
5372.000000,13.232031,0.086060,0.002183,0.286621,0.241211,0.052454,0.008739,0.130309,-0.094780,366.880005,16073.000000
5373.000000,36.396523,0.085815,0.001874,0.285400,0.240601,0.051604,0.008435,0.129431,-0.094352,442.359985,15937.000000
5374.000000,-18.016190,0.085571,0.002002,0.284912,0.240723,0.051673,0.008534,0.130467,-0.091967,473.200012,15934.000000
5375.000000,-9.239463,0.085205,0.002175,0.283813,0.240601,0.051700,0.008749,0.131499,-0.092999,446.160004,16019.000000
5376.000000,-3.273777,0.086426,0.002320,0.285522,0.241943,0.052263,0.009106,0.128704,-0.094622,364.760010,15817.000000
5377.000000,26.889517,0.086182,0.002441,0.283447,0.242188,0.052159,0.009139,0.130635,-0.093422,453.899994,15863.000000
5378.000000,-10.388899,0.085938,0.002224,0.283936,0.241943,0.051993,0.008960,0.131870,-0.094815,425.239990,15674.000000
5379.000000,-2.249034,0.084351,0.002085,0.283325,0.239136,0.051530,0.008660,0.133927,-0.094811,386.140015,15728.000000
5380.000000,42.732906,0.084595,0.002110,0.284180,0.238892,0.051536,0.008744,0.134284,-0.097750,510.329987,15650.000000
5381.000000,39.841698,0.085205,0.002487,0.283447,0.239746,0.051947,0.009186,0.128103,-0.098541,473.630005,15608.000000
5382.000000,16.120220,0.086182,0.002903,0.284668,0.239990,0.052974,0.009478,0.129428,-0.099020,464.359985,15780.000000
5383.000000,35.666836,0.086426,0.003446,0.283325,0.240601,0.053475,0.009880,0.132506,-0.094987,472.959991,15974.000000
5384.000000,15.493235,0.086426,0.002969,0.285278,0.239868,0.053106,0.009402,0.135830,-0.095976,439.739990,15613.000000
5385.000000,9.449191,0.087280,0.002542,0.285889,0.240601,0.053443,0.008924,0.139716,-0.095016,375.940002,15712.000000
5386.000000,-10.429218,0.088257,0.002975,0.285767,0.242188,0.054351,0.009411,0.139070,-0.094501,507.140015,15620.000000
5387.000000,11.226530,0.087036,0.002602,0.285522,0.241821,0.053851,0.009008,0.138964,-0.096600,488.049988,15841.000000
5388.000000,25.700047,0.086914,0.002329,0.285767,0.241699,0.053928,0.008719,0.136571,-0.097819,435.760010,15729.000000
5389.000000,-5.566960,0.086914,0.002012,0.286133,0.240967,0.053933,0.008313,0.136289,-0.096879,461.959991,15441.000000
5390.000000,5.312449,0.087280,0.002138,0.287476,0.241089,0.053974,0.008456,0.138329,-0.093355,429.290009,15738.000000
5391.000000,39.237793,0.088135,0.002200,0.288086,0.244385,0.054019,0.008734,0.141121,-0.091261,458.529999,15798.000000
5392.000000,3.352119,0.088745,0.002745,0.289062,0.241943,0.054575,0.009061,0.139732,-0.096414,401.959991,15599.000000
5393.000000,50.501919,0.088623,0.002565,0.288940,0.243042,0.054428,0.008895,0.136313,-0.095725,463.619995,15841.000000
5394.000000,26.205029,0.088867,0.002130,0.289307,0.241821,0.054097,0.008407,0.135479,-0.096148,529.200012,15915.000000
5395.000000,12.896595,0.089600,0.002691,0.289795,0.241333,0.054838,0.008886,0.134908,-0.097282,408.230011,16059.000000
5396.000000,18.082932,0.089722,0.002765,0.290039,0.240601,0.054969,0.008882,0.132832,-0.097130,391.279999,15769.000000
5397.000000,15.296712,0.089355,0.002263,0.289551,0.239136,0.054457,0.008254,0.131683,-0.098458,515.890015,15503.000000
5398.000000,12.948090,0.089844,0.002749,0.289551,0.239624,0.054856,0.008672,0.129735,-0.096871,483.410004,15851.000000
5399.000000,-6.022163,0.089355,0.002542,0.288452,0.240234,0.054880,0.008554,0.128248,-0.097227,453.170013,15688.000000
5400.000000,12.671922,0.088867,0.002390,0.288574,0.239502,0.054562,0.008406,0.130049,-0.097709,413.200012,15994.000000
5401.000000,13.165071,0.089111,0.002833,0.289185,0.239746,0.054925,0.008932,0.130373,-0.096741,437.739990,15690.000000
5402.000000,13.869984,0.088745,0.002417,0.290405,0.240967,0.054159,0.008670,0.130283,-0.096347,362.500000,16180.000000
5403.000000,8.261743,0.088135,0.002040,0.289551,0.240479,0.053507,0.008329,0.129143,-0.097571,395.809998,15787.000000
5404.000000,49.704105,0.088135,0.002455,0.288086,0.239502,0.053166,0.008673,0.126173,-0.098568,402.709991,16087.000000
5405.000000,16.333477,0.088745,0.002108,0.289551,0.239624,0.052757,0.008293,0.127570,-0.098913,448.130005,15831.000000
5406.000000,-17.049309,0.088623,0.002579,0.291138,0.240356,0.053253,0.008905,0.128005,-0.096630,400.510010,15817.000000
5407.000000,5.955173,0.088623,0.002488,0.291016,0.240723,0.053711,0.008780,0.130272,-0.095138,476.989990,15735.000000
5408.000000,5.214149,0.089233,0.002527,0.291138,0.241089,0.054157,0.008792,0.131890,-0.095788,420.000000,16309.000000
5409.000000,27.880974,0.089111,0.002273,0.292358,0.240723,0.054082,0.008482,0.131508,-0.095641,454.130005,15914.000000
5410.000000,32.888260,0.088013,0.002178,0.292603,0.238892,0.054187,0.008273,0.133150,-0.096397,468.459991,16201.000000
5411.000000,7.042156,0.088135,0.002212,0.292847,0.240356,0.054379,0.008368,0.132489,-0.096839,457.170013,15795.000000
5412.000000,16.911554,0.088623,0.002809,0.293457,0.239624,0.055106,0.008899,0.134383,-0.096886,394.709991,15724.000000
5413.000000,15.500012,0.088989,0.002528,0.293823,0.240845,0.055781,0.008774,0.132821,-0.095931,472.230011,16132.000000
5414.000000,18.168516,0.089111,0.002423,0.293579,0.240723,0.056093,0.008544,0.133862,-0.096712,398.799988,15577.000000
5415.000000,-5.470407,0.089233,0.002488,0.293701,0.241333,0.056084,0.008576,0.134344,-0.096990,386.290009,15469.000000
5416.000000,21.172085,0.088989,0.002652,0.292847,0.240967,0.055906,0.008668,0.130114,-0.099623,490.880005,15702.000000
5417.000000,13.653414,0.087891,0.001989,0.291870,0.240479,0.055480,0.007909,0.127909,-0.099476,363.869995,15873.000000
5418.000000,14.066462,0.087402,0.001666,0.291870,0.239380,0.055048,0.007579,0.128335,-0.098579,502.920013,15806.000000
5419.000000,66.404617,0.088379,0.002508,0.292847,0.240967,0.055367,0.008493,0.130253,-0.095749,492.230011,16052.000000
5420.000000,22.849712,0.088623,0.002286,0.294800,0.241821,0.055670,0.008326,0.132605,-0.093882,401.549988,15709.000000
5421.000000,-11.217664,0.088623,0.002077,0.293823,0.241699,0.055201,0.008224,0.132948,-0.093259,452.029999,15224.000000
5422.000000,-17.299761,0.088257,0.001824,0.293091,0.242920,0.055142,0.008014,0.130896,-0.095062,405.390015,15143.000000
5423.000000,0.453782,0.088379,0.001920,0.292358,0.241089,0.055254,0.008088,0.130021,-0.095840,459.630005,15230.000000
5424.000000,7.706684,0.088135,0.002114,0.292480,0.238525,0.055289,0.008200,0.128818,-0.096714,450.230011,15077.000000
5425.000000,19.582996,0.087524,0.001917,0.291870,0.238037,0.054776,0.008109,0.128160,-0.097466,453.829987,15402.000000
5426.000000,27.272783,0.086914,0.001823,0.292358,0.238037,0.054343,0.008105,0.127557,-0.096803,461.899994,15117.000000
5427.000000,35.604298,0.087402,0.002075,0.291504,0.239990,0.054785,0.008590,0.129675,-0.092796,449.649994,15482.000000
5428.000000,32.725529,0.088257,0.002346,0.291260,0.240967,0.054949,0.008843,0.129153,-0.096087,427.579987,15494.000000
5429.000000,57.218430,0.088379,0.002390,0.291382,0.238770,0.054941,0.008778,0.130116,-0.097229,545.270020,15348.000000
5430.000000,49.814075,0.089233,0.002561,0.289673,0.239868,0.055659,0.008948,0.130468,-0.095898,489.750000,15049.000000
5431.000000,1.827828,0.089478,0.002293,0.290039,0.240479,0.055455,0.008803,0.133416,-0.095466,514.619995,15374.000000
5432.000000,27.631372,0.088867,0.001736,0.288940,0.239746,0.054498,0.008141,0.132241,-0.096913,451.149994,15188.000000
5433.000000,45.300018,0.088257,0.002174,0.289185,0.237671,0.054610,0.008527,0.129533,-0.098058,482.410004,14899.000000
5434.000000,-8.992408,0.088989,0.001880,0.289795,0.238159,0.054492,0.008237,0.129692,-0.097184,402.660004,15084.000000
5435.000000,27.654383,0.088623,0.002291,0.289795,0.240234,0.055179,0.008684,0.134535,-0.094556,496.089996,14981.000000
5436.000000,15.187841,0.089233,0.002551,0.291748,0.241577,0.056035,0.009088,0.135526,-0.093529,523.210022,15315.000000
5437.000000,6.001493,0.090820,0.002678,0.293335,0.243530,0.056325,0.009380,0.134101,-0.092961,446.559998,15203.000000
5438.000000,34.662598,0.090576,0.002570,0.291870,0.241333,0.056024,0.009115,0.132160,-0.096859,445.040009,15253.000000
5439.000000,33.348686,0.089844,0.002543,0.291016,0.239258,0.056296,0.008967,0.127898,-0.098608,478.670013,15319.000000
5440.000000,15.146045,0.090088,0.002210,0.290405,0.241577,0.055865,0.008817,0.126791,-0.096130,435.019989,15204.000000
5441.000000,-11.606377,0.090454,0.002496,0.291626,0.241211,0.056360,0.009137,0.133587,-0.093539,419.350006,15058.000000
5442.000000,27.401287,0.091187,0.002447,0.292603,0.242432,0.056894,0.009212,0.136020,-0.092985,438.769989,14945.000000
5443.000000,-5.188261,0.091187,0.002066,0.294434,0.241333,0.057133,0.008686,0.134940,-0.094867,448.600006,15031.000000
5444.000000,39.823364,0.091431,0.002210,0.294067,0.242798,0.056991,0.008927,0.136539,-0.092802,465.640015,15360.000000
5445.000000,18.235373,0.090942,0.002365,0.294922,0.242065,0.056717,0.009108,0.135617,-0.093869,390.070007,15238.000000
5446.000000,12.818158,0.091309,0.002584,0.294922,0.243774,0.056586,0.009490,0.135232,-0.093083,472.190002,15232.000000
5447.000000,27.876341,0.092041,0.002777,0.294922,0.242920,0.056859,0.009726,0.135529,-0.092709,440.459991,15179.000000
5448.000000,50.401478,0.092896,0.002760,0.295166,0.243164,0.056852,0.009630,0.136127,-0.093863,416.010010,15149.000000
5449.000000,15.901293,0.091187,0.002385,0.291992,0.240967,0.055406,0.009151,0.132270,-0.096708,425.480011,14950.000000
5450.000000,6.308685,0.090332,0.001763,0.290405,0.241699,0.054860,0.008732,0.127760,-0.096405,423.739990,15241.000000
5451.000000,-18.118216,0.091431,0.001989,0.291382,0.242554,0.055451,0.008993,0.131611,-0.095230,407.160004,15187.000000
5452.000000,9.021210,0.091919,0.002278,0.291626,0.242676,0.055675,0.009422,0.134466,-0.093641,514.270020,15629.000000
5453.000000,-11.886553,0.093140,0.002353,0.292603,0.244019,0.056174,0.009570,0.132885,-0.095383,485.750000,14906.000000
5454.000000,-4.551940,0.093628,0.002351,0.291748,0.243286,0.056426,0.009533,0.135056,-0.097412,414.579987,14787.000000
5455.000000,54.973766,0.092285,0.001963,0.290283,0.242920,0.055827,0.009045,0.134306,-0.099458,467.890015,15438.000000
5456.000000,4.960365,0.091675,0.002071,0.289795,0.243042,0.055740,0.009027,0.130578,-0.100101,425.309998,15292.000000
5457.000000,10.901268,0.090576,0.002178,0.288940,0.242432,0.055304,0.009142,0.126191,-0.102200,431.149994,15057.000000
5458.000000,-9.661764,0.090576,0.002020,0.290161,0.241943,0.055361,0.009009,0.133102,-0.095982,440.420013,15044.000000
5459.000000,10.943034,0.091919,0.002905,0.291992,0.244629,0.056196,0.010010,0.134947,-0.092987,433.149994,15388.000000
5460.000000,22.100361,0.092773,0.003354,0.293579,0.245239,0.056551,0.010668,0.135703,-0.093054,436.769989,15092.000000
5461.000000,16.188910,0.093018,0.002355,0.294556,0.244995,0.056311,0.009789,0.134859,-0.094869,423.950012,15030.000000
5462.000000,-26.913191,0.093506,0.002537,0.294434,0.245605,0.056585,0.009827,0.135294,-0.093983,304.140015,15257.000000
5463.000000,14.468453,0.093872,0.002856,0.294189,0.245972,0.057099,0.010206,0.137204,-0.092166,403.730011,15305.000000
5464.000000,10.959222,0.094482,0.002847,0.295532,0.246460,0.057127,0.010255,0.139329,-0.091858,353.570007,15169.000000
5465.000000,29.127653,0.093994,0.002588,0.294922,0.245605,0.056776,0.009908,0.139138,-0.094696,403.609985,15317.000000
5466.000000,15.613121,0.092163,0.002294,0.294678,0.244385,0.056273,0.009512,0.139168,-0.096366,345.989990,15210.000000
5467.000000,16.681219,0.092163,0.002267,0.294189,0.243774,0.056686,0.009468,0.130796,-0.099527,432.459991,15327.000000
5468.000000,22.914820,0.092041,0.002453,0.292847,0.242920,0.055869,0.009723,0.125886,-0.098338,398.209991,15360.000000
5469.000000,-1.409009,0.092285,0.002559,0.292236,0.246094,0.056486,0.009976,0.127282,-0.095257,465.119995,15396.000000
5470.000000,4.847167,0.092407,0.002310,0.292847,0.246582,0.056614,0.009866,0.131901,-0.095439,453.190002,15679.000000
5471.000000,28.398249,0.093140,0.002249,0.293213,0.248535,0.056909,0.009857,0.136905,-0.094361,440.709991,15566.000000
5472.000000,-10.091354,0.092773,0.002161,0.292725,0.245605,0.056616,0.009418,0.136164,-0.096720,393.750000,15338.000000
5473.000000,32.374264,0.092407,0.002170,0.291992,0.244995,0.056238,0.009305,0.135673,-0.096062,429.100006,15402.000000
5474.000000,-11.074968,0.092529,0.002105,0.292969,0.244751,0.056766,0.009219,0.135327,-0.094407,439.470001,15403.000000
5475.000000,7.157512,0.091675,0.001711,0.293701,0.246094,0.056542,0.009044,0.138175,-0.092257,381.339996,15357.000000
5476.000000,35.569530,0.091797,0.002424,0.293701,0.244873,0.057081,0.009664,0.135523,-0.093657,486.950012,15230.000000
5477.000000,-0.926833,0.091431,0.002247,0.294067,0.244751,0.057412,0.009484,0.138094,-0.091263,338.079987,15101.000000
5478.000000,31.754324,0.091309,0.002391,0.294189,0.246582,0.056844,0.009796,0.136552,-0.090736,430.850006,15269.000000
5479.000000,-8.049989,0.089478,0.002037,0.293823,0.244385,0.056089,0.009434,0.135424,-0.093827,432.500000,15699.000000
5480.000000,24.782511,0.089111,0.002194,0.294434,0.243774,0.056235,0.009669,0.133681,-0.094452,390.910004,15677.000000
5481.000000,30.850655,0.088623,0.002490,0.294434,0.245117,0.056902,0.010087,0.133987,-0.095295,397.660004,15517.000000
5482.000000,-2.573790,0.088623,0.002555,0.292603,0.246094,0.057233,0.010273,0.134575,-0.092942,438.700012,15458.000000
5483.000000,5.490880,0.089111,0.002453,0.292358,0.245605,0.056764,0.010014,0.132553,-0.094734,393.790009,15523.000000
5484.000000,38.854038,0.089966,0.002455,0.293701,0.246338,0.057330,0.010078,0.135605,-0.096181,480.010010,15453.000000
5485.000000,16.870020,0.089966,0.002717,0.293945,0.245361,0.057429,0.010487,0.135262,-0.096759,405.390015,15539.000000
5486.000000,51.978558,0.090576,0.002783,0.295166,0.245483,0.057657,0.010593,0.134289,-0.096240,455.329987,15438.000000
5487.000000,-1.407474,0.091187,0.003025,0.296631,0.245361,0.058542,0.010841,0.137301,-0.095299,439.500000,15484.000000
5488.000000,-2.643937,0.091309,0.002794,0.297974,0.245850,0.058682,0.010719,0.139144,-0.095733,427.720001,15586.000000
5489.000000,8.186137,0.090820,0.002060,0.298706,0.245117,0.058311,0.009966,0.141520,-0.096656,450.929993,15649.000000
5490.000000,3.839011,0.090698,0.002460,0.297729,0.246582,0.058744,0.010432,0.141167,-0.094274,383.609985,15386.000000
5491.000000,48.761017,0.091187,0.002456,0.297607,0.246826,0.058809,0.010323,0.138668,-0.095371,458.649994,15382.000000
5492.000000,27.337410,0.091553,0.001952,0.297974,0.245605,0.058200,0.009806,0.138295,-0.097258,365.160004,15463.000000
5493.000000,27.221453,0.091675,0.001945,0.298462,0.246582,0.057862,0.009780,0.138446,-0.095527,419.890015,15395.000000
5494.000000,-34.537842,0.093262,0.002282,0.299561,0.247925,0.058596,0.010190,0.141224,-0.092774,425.679993,15374.000000
5495.000000,31.922285,0.093506,0.002622,0.301392,0.247192,0.059307,0.010336,0.142632,-0.095143,413.160004,15415.000000
5496.000000,13.564893,0.093872,0.002761,0.301758,0.247803,0.059729,0.010425,0.141320,-0.093799,368.179993,15490.000000
5497.000000,10.980939,0.093262,0.002264,0.300659,0.246460,0.059078,0.009892,0.137041,-0.095993,404.130005,15354.000000
5498.000000,48.550053,0.093262,0.002447,0.301636,0.246094,0.059531,0.010063,0.140989,-0.093568,472.600006,15469.000000
5499.000000,5.438936,0.092041,0.002331,0.301270,0.246948,0.059264,0.010017,0.139358,-0.093151,426.140015,15174.000000
5500.000000,16.519241,0.092163,0.002291,0.299927,0.247925,0.059208,0.009965,0.136759,-0.095341,430.059998,15309.000000
5501.000000,44.228039,0.091553,0.002336,0.299805,0.246826,0.058593,0.009847,0.136593,-0.096557,422.559998,15325.000000
5502.000000,5.852965,0.092651,0.003303,0.299805,0.248169,0.059286,0.010816,0.136202,-0.094177,461.260010,15479.000000
5503.000000,30.502665,0.092041,0.002773,0.298706,0.247437,0.058878,0.010216,0.137535,-0.094567,384.750000,15443.000000
5504.000000,33.678925,0.090820,0.002510,0.297241,0.248779,0.058577,0.009985,0.137427,-0.095026,530.260010,15542.000000
5505.000000,8.333837,0.090698,0.002678,0.297119,0.247925,0.058360,0.010046,0.135580,-0.096372,468.109985,15730.000000
5506.000000,62.430408,0.090820,0.002138,0.295898,0.247070,0.057655,0.009537,0.134820,-0.096850,466.690002,15863.000000
5507.000000,54.455280,0.090332,0.002537,0.295044,0.247314,0.057441,0.010008,0.134198,-0.097529,472.660004,15780.000000
5508.000000,7.593980,0.090942,0.002756,0.296387,0.248291,0.058237,0.010262,0.136240,-0.094979,448.750000,15572.000000
5509.000000,43.675800,0.091064,0.002273,0.297119,0.248169,0.058003,0.009677,0.137388,-0.094943,448.359985,15401.000000
5510.000000,-0.819226,0.090698,0.002772,0.296143,0.247803,0.058242,0.010103,0.135996,-0.095365,433.420013,14915.000000
5511.000000,2.196501,0.091431,0.002841,0.297729,0.246948,0.058112,0.010057,0.135676,-0.097675,389.529999,14758.000000
5512.000000,21.497808,0.090942,0.002162,0.300537,0.245605,0.057898,0.009261,0.133663,-0.099620,505.260010,14884.000000
5513.000000,22.379812,0.090820,0.001997,0.299683,0.245605,0.057695,0.009030,0.133739,-0.098086,436.260010,14717.000000
5514.000000,11.383175,0.091064,0.001893,0.299194,0.245117,0.057381,0.008932,0.133401,-0.099375,382.630005,14882.000000
5515.000000,17.207489,0.089722,0.002100,0.299072,0.244629,0.057478,0.009237,0.133128,-0.098001,387.720001,15230.000000
5516.000000,51.624676,0.089966,0.002027,0.298584,0.245483,0.056892,0.009201,0.130928,-0.098706,496.809998,15374.000000
5517.000000,28.280645,0.090210,0.002646,0.299194,0.246216,0.057582,0.009800,0.131533,-0.097376,479.950012,15459.000000
5518.000000,18.921080,0.091675,0.002710,0.300781,0.248779,0.058329,0.009933,0.134414,-0.095933,428.029999,15149.000000
5519.000000,19.908005,0.091797,0.002634,0.300781,0.248901,0.058670,0.009801,0.135358,-0.097382,523.669983,15498.000000
5520.000000,12.494245,0.092407,0.002098,0.300415,0.248901,0.058291,0.009205,0.131966,-0.100442,439.230011,15343.000000
5521.000000,33.370480,0.092285,0.002090,0.299194,0.248291,0.057925,0.009168,0.132538,-0.097159,453.989990,15584.000000
5522.000000,-38.347969,0.093018,0.001921,0.299072,0.250000,0.058084,0.009110,0.133957,-0.097399,463.160004,15400.000000
5523.000000,-42.130322,0.094238,0.002103,0.301636,0.250732,0.058791,0.009375,0.138533,-0.095623,492.899994,15447.000000
5524.000000,-2.739772,0.094116,0.001781,0.300903,0.249512,0.058689,0.008918,0.137067,-0.096630,404.950012,15387.000000
5525.000000,-10.147601,0.095215,0.002432,0.301880,0.248901,0.059192,0.009552,0.134314,-0.097211,441.049988,15541.000000
5526.000000,36.234627,0.094604,0.001984,0.300415,0.247803,0.058450,0.009035,0.133983,-0.097228,449.170013,15464.000000
5527.000000,-6.898360,0.094360,0.002005,0.300171,0.249268,0.058373,0.009263,0.134463,-0.095655,455.820007,15181.000000
5528.000000,-8.954687,0.094604,0.001907,0.300781,0.249634,0.058179,0.009370,0.136958,-0.094757,454.429993,15469.000000
5529.000000,27.817099,0.095337,0.002195,0.302124,0.250000,0.058984,0.009831,0.138705,-0.092685,460.980011,15495.000000
5530.000000,17.630972,0.095337,0.002257,0.301514,0.249756,0.059090,0.009816,0.138046,-0.096069,445.829987,15765.000000
5531.000000,18.024422,0.095703,0.002079,0.303345,0.248535,0.059404,0.009479,0.139102,-0.096043,441.679993,15691.000000
5532.000000,6.339031,0.094971,0.001955,0.303711,0.247925,0.059003,0.009340,0.138283,-0.096133,420.959991,15721.000000
5533.000000,-5.262806,0.094971,0.001950,0.304321,0.248657,0.059367,0.009484,0.139134,-0.095248,414.700012,15399.000000
5534.000000,12.214135,0.093994,0.002226,0.303467,0.248291,0.059356,0.009752,0.139135,-0.093688,410.519989,15252.000000
5535.000000,0.736563,0.093872,0.002402,0.303711,0.247559,0.059440,0.009900,0.138601,-0.094996,449.540009,15162.000000
5536.000000,29.253786,0.093872,0.002208,0.304443,0.248535,0.059050,0.009710,0.138420,-0.092939,442.320007,15007.000000
5537.000000,7.400975,0.093262,0.002291,0.302979,0.249756,0.058697,0.009852,0.137817,-0.093567,400.649994,15122.000000
5538.000000,24.439964,0.093018,0.002327,0.303223,0.247803,0.058177,0.009763,0.137233,-0.095323,406.760010,14999.000000
5539.000000,24.586323,0.092896,0.002174,0.303467,0.247803,0.058197,0.009581,0.135791,-0.097986,520.520020,15242.000000
5540.000000,-8.721451,0.094116,0.002735,0.303833,0.247681,0.059197,0.010142,0.135885,-0.096688,448.010010,15258.000000
5541.000000,61.688740,0.093506,0.002460,0.305176,0.246704,0.058874,0.009909,0.137208,-0.096048,461.869995,15099.000000
5542.000000,26.498280,0.093018,0.002260,0.304077,0.246826,0.058342,0.009762,0.134905,-0.096820,479.239990,15122.000000
5543.000000,58.433155,0.093506,0.002084,0.304199,0.247681,0.058256,0.009545,0.134918,-0.096375,460.839996,15602.000000
5544.000000,48.394737,0.092773,0.002043,0.303955,0.246826,0.057655,0.009531,0.135142,-0.096909,452.239990,15389.000000
5545.000000,6.321404,0.093140,0.002174,0.305542,0.247559,0.057687,0.009702,0.136076,-0.096433,482.769989,15325.000000
5546.000000,31.265867,0.092773,0.001990,0.304688,0.247314,0.057788,0.009343,0.136155,-0.097481,506.859985,15334.000000
5547.000000,-31.933796,0.093140,0.002121,0.304443,0.247925,0.058251,0.009455,0.134149,-0.099782,367.390015,15556.000000
5548.000000,47.979664,0.092773,0.002138,0.305054,0.246826,0.058430,0.009378,0.136788,-0.097609,404.920013,15588.000000
5549.000000,33.173683,0.092163,0.002433,0.304321,0.243774,0.058291,0.009543,0.136835,-0.096144,418.160004,15795.000000
5550.000000,13.645286,0.092041,0.001886,0.304688,0.245483,0.058053,0.009156,0.135397,-0.095965,496.250000,15880.000000
5551.000000,57.560677,0.091553,0.002005,0.303955,0.245361,0.057988,0.009167,0.137467,-0.092944,497.579987,15669.000000
5552.000000,1.636064,0.092285,0.002169,0.305664,0.247192,0.058678,0.009476,0.137171,-0.093325,414.809998,15818.000000
5553.000000,-2.905419,0.092651,0.002346,0.305298,0.247559,0.058621,0.009819,0.135897,-0.096214,396.890015,15921.000000
5554.000000,-18.473368,0.093384,0.002204,0.307129,0.246948,0.059390,0.009653,0.134782,-0.097319,471.649994,15650.000000
5555.000000,66.048698,0.093628,0.002102,0.305420,0.246948,0.059251,0.009479,0.135131,-0.095301,531.229980,15803.000000
5556.000000,18.599373,0.093140,0.001836,0.305908,0.245605,0.059097,0.009021,0.135666,-0.097238,433.899994,15594.000000
5557.000000,7.477213,0.093994,0.002161,0.307495,0.244873,0.059383,0.009227,0.138413,-0.098300,491.709991,15446.000000
5558.000000,13.515592,0.094849,0.002783,0.306763,0.245728,0.060161,0.009986,0.139025,-0.095831,395.820007,15338.000000
5559.000000,43.495514,0.094116,0.002689,0.306030,0.247314,0.060037,0.009903,0.139358,-0.095479,429.579987,15385.000000
5560.000000,14.148148,0.095093,0.002751,0.305664,0.248779,0.060437,0.010055,0.140097,-0.096303,461.190002,15574.000000
5561.000000,24.270559,0.094482,0.002314,0.304932,0.248901,0.060108,0.009745,0.140738,-0.097760,338.350006,15766.000000
5562.000000,24.925354,0.095337,0.002439,0.305176,0.247437,0.060436,0.009730,0.138601,-0.097749,466.500000,15425.000000
5563.000000,-9.948422,0.094849,0.002295,0.304932,0.247192,0.060424,0.009490,0.138454,-0.097461,434.040009,15199.000000
5564.000000,-0.186103,0.094727,0.002345,0.306152,0.248169,0.060485,0.009596,0.135711,-0.098520,517.950012,14989.000000
5565.000000,-10.557162,0.095093,0.002292,0.306641,0.248169,0.060639,0.009594,0.136937,-0.096758,376.899994,15278.000000
5566.000000,18.677671,0.095703,0.002374,0.306641,0.249512,0.060886,0.009852,0.138704,-0.094699,443.369995,15155.000000
5567.000000,4.591261,0.095337,0.002226,0.305786,0.248657,0.060623,0.009613,0.139763,-0.096253,393.200012,15385.000000
5568.000000,19.206886,0.095215,0.002123,0.306641,0.248047,0.060326,0.009461,0.137445,-0.098445,476.049988,15377.000000
5569.000000,23.325304,0.095337,0.002014,0.306763,0.248535,0.060148,0.009344,0.139225,-0.096639,398.690002,15368.000000
5570.000000,8.424876,0.095093,0.002080,0.306641,0.248291,0.060021,0.009393,0.138456,-0.096267,421.579987,15097.000000
5571.000000,18.049137,0.095215,0.002222,0.307129,0.248169,0.060069,0.009492,0.139147,-0.097222,385.250000,15225.000000
5572.000000,22.141237,0.094116,0.002484,0.304932,0.249023,0.059435,0.009837,0.136694,-0.095984,397.570007,15037.000000
5573.000000,44.090302,0.093384,0.002313,0.304810,0.248657,0.058892,0.009563,0.137228,-0.096817,448.059998,14976.000000
5574.000000,14.855133,0.093384,0.002185,0.304565,0.247314,0.058999,0.009330,0.134536,-0.098997,444.660004,15368.000000
5575.000000,20.271210,0.093140,0.002360,0.305786,0.246582,0.059018,0.009347,0.137593,-0.097660,396.989990,15242.000000
5576.000000,-2.641469,0.093506,0.002597,0.306152,0.247314,0.059858,0.009586,0.137062,-0.097573,396.829987,15121.000000
5577.000000,14.863066,0.092651,0.002047,0.305664,0.246216,0.059414,0.009076,0.137419,-0.098511,471.390015,15221.000000
5578.000000,-7.985651,0.092285,0.001916,0.305786,0.246094,0.058895,0.009010,0.135631,-0.098892,409.880005,15147.000000
5579.000000,-0.312284,0.091797,0.001677,0.303711,0.244263,0.058469,0.008755,0.135051,-0.099975,389.339996,15041.000000
5580.000000,68.171127,0.092041,0.002376,0.303223,0.244629,0.059117,0.009406,0.134402,-0.099040,494.850006,15146.000000
5581.000000,19.992207,0.092529,0.002821,0.304443,0.244507,0.058950,0.009876,0.130706,-0.097808,405.029999,15225.000000
5582.000000,16.217022,0.092285,0.002378,0.303467,0.243286,0.058577,0.009430,0.126630,-0.100500,394.239990,15497.000000
5583.000000,31.849190,0.092407,0.002393,0.302368,0.243652,0.058705,0.009470,0.130575,-0.097243,485.350006,15333.000000
5584.000000,61.879887,0.091431,0.002586,0.301392,0.244995,0.058143,0.009731,0.131987,-0.095242,391.600006,15509.000000
5585.000000,22.696836,0.092529,0.002540,0.303223,0.244751,0.058531,0.009636,0.132561,-0.097155,508.850006,15150.000000
5586.000000,23.688120,0.093140,0.002534,0.302979,0.244019,0.058892,0.009423,0.135179,-0.096916,406.279999,15709.000000
5587.000000,-0.839975,0.093018,0.002449,0.303467,0.244995,0.059135,0.009512,0.138052,-0.094023,284.230011,15293.000000
5588.000000,-6.972645,0.093262,0.002452,0.303345,0.245972,0.059294,0.009598,0.139672,-0.092157,408.940002,15134.000000
5589.000000,-2.590670,0.092163,0.002544,0.303345,0.244019,0.059617,0.009544,0.139898,-0.094883,340.529999,15327.000000
5590.000000,30.752378,0.091675,0.002523,0.302979,0.243042,0.059594,0.009499,0.137647,-0.096269,498.869995,15233.000000
5591.000000,-7.690840,0.091064,0.002018,0.302002,0.242676,0.059238,0.008996,0.138696,-0.096323,554.440002,15102.000000
5592.000000,22.668528,0.091431,0.002283,0.302124,0.243286,0.059884,0.009409,0.137444,-0.095855,437.049988,15315.000000
5593.000000,3.568423,0.091919,0.002518,0.300171,0.243774,0.059365,0.009736,0.134326,-0.094922,451.549988,15300.000000
5594.000000,22.937634,0.090210,0.001898,0.299561,0.243164,0.058470,0.009110,0.133875,-0.097173,490.070007,15337.000000
5595.000000,25.576941,0.090942,0.002217,0.300293,0.241699,0.058433,0.009335,0.135959,-0.095523,425.799988,15209.000000
5596.000000,15.323223,0.091431,0.002393,0.300781,0.242188,0.058624,0.009459,0.140764,-0.093868,357.140015,15061.000000
5597.000000,14.257418,0.092773,0.002741,0.302856,0.242065,0.059360,0.009715,0.145861,-0.094357,352.260010,15328.000000
5598.000000,30.189165,0.092896,0.002475,0.301880,0.243530,0.059399,0.009437,0.143578,-0.094676,451.100006,15152.000000
5599.000000,35.054283,0.093750,0.002820,0.302368,0.244629,0.059606,0.009845,0.143317,-0.092767,442.529999,15210.000000
5600.000000,4.304202,0.094604,0.002465,0.303955,0.244507,0.059592,0.009417,0.144123,-0.093503,411.779999,15400.000000
5601.000000,-2.765646,0.093750,0.002434,0.303833,0.244385,0.059076,0.009490,0.139709,-0.093721,399.950012,15707.000000
5602.000000,33.396507,0.093384,0.002235,0.302490,0.244385,0.058766,0.009192,0.142568,-0.092976,476.160004,15538.000000
5603.000000,-1.433749,0.092773,0.002165,0.302490,0.245972,0.059263,0.009228,0.141655,-0.093391,420.260010,15639.000000
5604.000000,20.941471,0.091675,0.002635,0.301880,0.244995,0.058544,0.009552,0.140051,-0.094653,406.739990,15332.000000
5605.000000,9.724471,0.090210,0.001851,0.302368,0.243652,0.057830,0.008740,0.139086,-0.095807,368.959991,15506.000000
5606.000000,-0.041045,0.091431,0.002197,0.303711,0.243286,0.058086,0.009080,0.138251,-0.094151,415.100006,15757.000000
5607.000000,28.040644,0.091309,0.002253,0.304077,0.242920,0.058568,0.009075,0.137594,-0.095015,446.260010,15718.000000
5608.000000,-4.502438,0.091309,0.002814,0.303589,0.241943,0.059102,0.009756,0.137500,-0.094666,432.260010,15584.000000
5609.000000,-8.314974,0.091675,0.002545,0.303833,0.242920,0.059490,0.009525,0.136510,-0.095050,403.549988,15714.000000
5610.000000,-1.509392,0.091919,0.002415,0.304688,0.242798,0.059992,0.009324,0.136781,-0.095846,456.440002,15568.000000
5611.000000,48.930737,0.091187,0.002299,0.303223,0.243286,0.059478,0.009339,0.137244,-0.096330,505.290009,15498.000000
5612.000000,20.522272,0.091553,0.002215,0.303833,0.242676,0.059592,0.009200,0.138740,-0.097302,477.779999,15502.000000
5613.000000,-13.924634,0.092163,0.002295,0.305176,0.243286,0.059815,0.009294,0.141342,-0.096176,406.450012,15390.000000
5614.000000,11.277351,0.092407,0.002316,0.305420,0.243652,0.060222,0.009333,0.140777,-0.095698,377.929993,15375.000000
5615.000000,52.369839,0.091187,0.002056,0.303345,0.242310,0.059519,0.008940,0.138849,-0.098591,491.190002,15786.000000
5616.000000,8.281790,0.090210,0.001679,0.302124,0.240845,0.058679,0.008536,0.137668,-0.098587,396.019989,15501.000000
5617.000000,-14.282135,0.089600,0.001451,0.301392,0.240479,0.058191,0.008325,0.139566,-0.096189,430.720001,15438.000000
5618.000000,22.342798,0.089111,0.001949,0.300415,0.239990,0.058369,0.008816,0.140219,-0.095771,338.529999,15512.000000
5619.000000,23.140306,0.089111,0.002064,0.300781,0.240967,0.058379,0.008940,0.139711,-0.095229,514.760010,15127.000000
5620.000000,6.533173,0.088623,0.001988,0.298584,0.239868,0.058182,0.008902,0.138569,-0.095120,398.570007,15081.000000
5621.000000,10.404731,0.088501,0.001704,0.299072,0.239258,0.058380,0.008485,0.140607,-0.095449,516.210022,15189.000000
5622.000000,12.074748,0.086914,0.001411,0.299683,0.236816,0.058096,0.008144,0.140791,-0.096882,320.809998,15266.000000
5623.000000,7.502412,0.087402,0.001866,0.299927,0.239014,0.057866,0.008644,0.142033,-0.094517,394.940002,15313.000000
5624.000000,9.090153,0.088623,0.002111,0.301514,0.239746,0.058633,0.008841,0.141931,-0.095180,417.320007,15521.000000
5625.000000,41.706810,0.089478,0.002203,0.302368,0.241577,0.058759,0.008834,0.142279,-0.093963,464.489990,15484.000000
5626.000000,40.644466,0.088989,0.001857,0.302856,0.240234,0.058441,0.008424,0.142597,-0.094908,373.540009,15463.000000
5627.000000,-1.684206,0.088135,0.001848,0.302979,0.238403,0.057749,0.008297,0.144128,-0.094609,395.820007,15427.000000
5628.000000,15.730363,0.087158,0.001496,0.302246,0.238770,0.057491,0.007959,0.140580,-0.095974,388.250000,15112.000000
5629.000000,42.769043,0.086792,0.001587,0.302490,0.237427,0.057431,0.007998,0.140343,-0.096430,415.239990,15167.000000
5630.000000,5.095200,0.087280,0.002096,0.303833,0.239014,0.057636,0.008602,0.139315,-0.095936,482.920013,15248.000000
5631.000000,33.565594,0.087280,0.002424,0.302856,0.238159,0.057517,0.008798,0.136014,-0.096732,469.230011,15050.000000
5632.000000,6.168348,0.087769,0.002360,0.302124,0.238770,0.057625,0.008875,0.133748,-0.097679,467.660004,15268.000000
5633.000000,3.892122,0.087646,0.002151,0.301880,0.237427,0.057187,0.008679,0.134496,-0.099029,422.059998,15413.000000
5634.000000,-3.648670,0.088257,0.002645,0.302856,0.238403,0.057420,0.009212,0.136248,-0.097073,341.859985,15142.000000
5635.000000,7.031168,0.089722,0.002358,0.304932,0.238770,0.057911,0.008816,0.138736,-0.097009,474.500000,15054.000000
5636.000000,18.416834,0.089844,0.002350,0.303589,0.238770,0.057857,0.008769,0.137376,-0.099086,413.390015,15000.000000
5637.000000,16.908813,0.089722,0.002432,0.303223,0.239868,0.058203,0.008861,0.137039,-0.098583,474.739990,15153.000000
5638.000000,12.666032,0.089844,0.002010,0.305176,0.239502,0.058416,0.008440,0.137644,-0.099255,380.350006,15519.000000
5639.000000,37.663307,0.089111,0.001855,0.304321,0.238647,0.057865,0.008270,0.137477,-0.099961,423.190002,15406.000000
5640.000000,-1.164758,0.088867,0.002183,0.303345,0.239624,0.058224,0.008565,0.136895,-0.099093,469.029999,15113.000000
5641.000000,-15.324076,0.089966,0.002428,0.302856,0.240234,0.059056,0.008762,0.138412,-0.099221,425.829987,15472.000000
5642.000000,-3.374904,0.090088,0.002066,0.302246,0.239014,0.058989,0.008283,0.138070,-0.099701,417.549988,14806.000000
5643.000000,38.354111,0.090332,0.002175,0.302246,0.240479,0.059051,0.008240,0.138980,-0.097895,390.070007,15349.000000
5644.000000,30.191711,0.090820,0.001720,0.302612,0.241211,0.058768,0.007778,0.138517,-0.098778,383.989990,15281.000000
5645.000000,-18.463919,0.091309,0.001992,0.304688,0.242920,0.059289,0.008091,0.142521,-0.098629,346.760010,15290.000000
5646.000000,37.845100,0.090576,0.001678,0.304077,0.239746,0.058867,0.007735,0.141808,-0.098963,451.549988,15478.000000
5647.000000,27.093306,0.089722,0.001705,0.303589,0.238281,0.058579,0.007840,0.138380,-0.100839,396.269989,15373.000000
5648.000000,-4.491883,0.089722,0.001749,0.303345,0.237793,0.058711,0.007803,0.135896,-0.101575,411.730011,15640.000000
5649.000000,18.606300,0.089600,0.001800,0.301025,0.238281,0.058571,0.007989,0.132857,-0.104294,435.739990,15524.000000
5650.000000,46.905300,0.087769,0.001645,0.300171,0.237915,0.057223,0.007860,0.131777,-0.102692,374.380005,15536.000000
5651.000000,3.877354,0.088379,0.001821,0.300049,0.239136,0.057409,0.007986,0.131035,-0.101867,360.049988,15317.000000
5652.000000,-0.279976,0.088135,0.001935,0.300049,0.240112,0.057936,0.008134,0.133834,-0.100225,388.679993,15180.000000
5653.000000,25.672344,0.088501,0.002345,0.299683,0.240356,0.058627,0.008475,0.138481,-0.100683,376.880005,15023.000000
5654.000000,23.189823,0.086914,0.002207,0.298340,0.237427,0.058050,0.008199,0.137233,-0.102944,437.970001,15070.000000
5655.000000,15.217596,0.087158,0.001974,0.298584,0.240234,0.058182,0.008218,0.136007,-0.103192,396.420013,15747.000000
5656.000000,33.547188,0.087646,0.002242,0.298706,0.240356,0.058536,0.008300,0.137099,-0.104183,407.809998,15745.000000
5657.000000,-0.366723,0.088135,0.002203,0.298584,0.239624,0.058739,0.008121,0.137102,-0.104638,375.040009,15744.000000
5658.000000,42.341309,0.087769,0.002366,0.298462,0.241699,0.059121,0.008305,0.133927,-0.102985,369.390015,15365.000000
5659.000000,6.205990,0.086670,0.002151,0.297729,0.239502,0.058611,0.008034,0.136526,-0.101487,394.239990,15537.000000
5660.000000,-11.811779,0.087036,0.001987,0.298096,0.240601,0.058521,0.007938,0.136718,-0.101618,343.399994,15638.000000
5661.000000,-9.822190,0.087158,0.002068,0.298340,0.242798,0.058858,0.007836,0.137947,-0.099569,349.470001,15341.000000
5662.000000,-28.847820,0.087158,0.002421,0.297485,0.243042,0.058887,0.008238,0.139013,-0.098601,339.700012,15635.000000
5663.000000,-4.460400,0.087402,0.002225,0.298584,0.241821,0.058814,0.008009,0.136193,-0.102034,373.320007,15533.000000
5664.000000,57.206963,0.086426,0.001999,0.295898,0.241211,0.058020,0.007778,0.133447,-0.101260,447.049988,15280.000000
5665.000000,5.491426,0.087280,0.002135,0.295654,0.242676,0.057939,0.007950,0.134467,-0.098920,396.309998,15657.000000
5666.000000,38.478180,0.086914,0.002349,0.294312,0.240845,0.057736,0.008063,0.132984,-0.099799,393.950012,15605.000000
5667.000000,29.116446,0.086304,0.001926,0.292969,0.240845,0.056959,0.007700,0.130230,-0.101189,458.140015,15147.000000
5668.000000,13.660396,0.086914,0.002112,0.293213,0.242554,0.057222,0.007975,0.132883,-0.099475,399.429993,15362.000000
5669.000000,-23.204914,0.087158,0.001943,0.291870,0.242310,0.057277,0.007825,0.132967,-0.099246,442.670013,14992.000000
5670.000000,1.426568,0.086914,0.002177,0.292480,0.242554,0.057426,0.007997,0.134047,-0.100800,415.570007,15198.000000
5671.000000,27.285292,0.086914,0.002164,0.291382,0.242676,0.057247,0.008003,0.136047,-0.100313,386.950012,14944.000000
5672.000000,2.394191,0.085938,0.002072,0.290894,0.242432,0.056933,0.007839,0.134332,-0.100939,364.250000,15190.000000
5673.000000,-17.985605,0.086914,0.002234,0.291870,0.241943,0.057041,0.007991,0.136733,-0.099345,370.489990,15115.000000
5674.000000,5.769118,0.087402,0.002381,0.291260,0.242188,0.057341,0.008118,0.134731,-0.100431,403.480011,15622.000000
5675.000000,-7.217605,0.086426,0.002083,0.290161,0.242432,0.057053,0.007871,0.131159,-0.100258,385.579987,15441.000000
5676.000000,27.479483,0.085938,0.002079,0.289429,0.241943,0.056495,0.007861,0.128141,-0.100432,405.589996,15667.000000
5677.000000,2.238770,0.085815,0.002302,0.290527,0.241211,0.056434,0.008023,0.129830,-0.098135,386.970001,15646.000000
5678.000000,49.783478,0.085938,0.002475,0.289307,0.240967,0.056320,0.008230,0.130098,-0.098861,494.940002,15490.000000
5679.000000,-19.535114,0.087036,0.002722,0.290039,0.242554,0.057238,0.008473,0.132179,-0.098413,401.690002,15414.000000
5680.000000,-8.264055,0.087158,0.002415,0.290527,0.242676,0.056914,0.008205,0.132063,-0.098517,368.579987,15300.000000
5681.000000,0.154770,0.087769,0.002590,0.290161,0.243774,0.056958,0.008466,0.127507,-0.099720,376.209991,15670.000000
5682.000000,47.960155,0.088013,0.002130,0.288574,0.242920,0.056542,0.007893,0.128043,-0.099281,433.929993,15563.000000
5683.000000,-17.783913,0.088623,0.002202,0.290283,0.245605,0.056705,0.008110,0.130027,-0.099068,405.480011,15240.000000
5684.000000,13.373697,0.088989,0.002404,0.291016,0.245117,0.056915,0.008186,0.130936,-0.098301,420.130005,15416.000000
5685.000000,50.900280,0.088379,0.002101,0.292114,0.244141,0.056281,0.007872,0.130295,-0.099734,436.010010,15387.000000
5686.000000,36.212978,0.088745,0.001961,0.292114,0.244263,0.056213,0.007659,0.126528,-0.101488,431.790009,15443.000000
5687.000000,35.672436,0.089355,0.001882,0.292114,0.244507,0.055949,0.007655,0.128719,-0.100627,429.149994,15621.000000
5688.000000,1.637900,0.089355,0.001762,0.293213,0.245605,0.055897,0.007564,0.128285,-0.100096,398.359985,15630.000000
5689.000000,38.002033,0.089966,0.001822,0.293945,0.246460,0.055892,0.007822,0.131076,-0.099165,464.049988,15292.000000
5690.000000,13.465662,0.089722,0.001647,0.293823,0.246338,0.056079,0.007670,0.128046,-0.102091,364.839996,15237.000000
5691.000000,37.386616,0.089600,0.001905,0.293823,0.246826,0.056176,0.007982,0.131585,-0.098745,412.089996,15115.000000
5692.000000,15.624755,0.088989,0.001656,0.292725,0.246704,0.055666,0.007807,0.128824,-0.098284,406.730011,15249.000000
5693.000000,-3.664231,0.087769,0.001635,0.292969,0.246216,0.055310,0.007865,0.124896,-0.097310,366.540009,15253.000000
5694.000000,-5.973897,0.087158,0.001719,0.291992,0.245483,0.054762,0.008026,0.123488,-0.098025,370.390015,15120.000000
5695.000000,14.187099,0.086792,0.002028,0.291504,0.246094,0.055042,0.008467,0.120658,-0.097494,412.450012,15153.000000
5696.000000,11.033739,0.086670,0.001782,0.290649,0.245239,0.055174,0.008244,0.119917,-0.098290,454.570007,15240.000000
5697.000000,18.999027,0.086914,0.001989,0.290771,0.245850,0.055517,0.008444,0.123586,-0.097770,411.950012,15041.000000
5698.000000,-3.945078,0.086914,0.001955,0.290161,0.247070,0.055322,0.008555,0.124878,-0.096114,432.470001,15065.000000
5699.000000,8.635396,0.086426,0.002113,0.290527,0.246460,0.054862,0.008610,0.120017,-0.099761,435.299988,15166.000000
5700.000000,34.629997,0.086182,0.001646,0.289551,0.245605,0.054433,0.008196,0.115550,-0.102424,451.589996,15056.000000
5701.000000,-5.217335,0.086670,0.002416,0.287476,0.245483,0.055127,0.008896,0.117998,-0.100981,349.390015,15755.000000
5702.000000,-30.645874,0.086914,0.002336,0.289551,0.245728,0.055633,0.008970,0.121978,-0.097122,439.109985,15485.000000
5703.000000,1.055579,0.087280,0.002731,0.290527,0.246704,0.056784,0.009240,0.124752,-0.097313,378.720001,15493.000000
5704.000000,-5.271753,0.087402,0.002329,0.291138,0.247925,0.056802,0.008847,0.124360,-0.096655,416.329987,15605.000000
5705.000000,14.994219,0.088135,0.002166,0.292358,0.246826,0.056948,0.008692,0.120936,-0.100048,416.670013,15554.000000
5706.000000,40.407467,0.087036,0.001894,0.291016,0.245850,0.055911,0.008406,0.119386,-0.100661,496.859985,15724.000000
5707.000000,26.320040,0.088257,0.002053,0.292236,0.245850,0.056172,0.008634,0.122166,-0.099126,375.600006,15695.000000
5708.000000,10.183548,0.088867,0.002220,0.293701,0.247925,0.056222,0.008813,0.124425,-0.096774,414.350006,15517.000000
5709.000000,3.904146,0.089111,0.002097,0.293823,0.247437,0.056425,0.008568,0.125719,-0.098254,391.529999,15528.000000
5710.000000,42.157936,0.089844,0.001926,0.292969,0.249756,0.056153,0.008447,0.121958,-0.098348,462.600006,15642.000000
5711.000000,24.643024,0.089355,0.001876,0.293091,0.249023,0.056228,0.008379,0.124600,-0.096494,420.600006,15632.000000
5712.000000,9.270701,0.088867,0.002028,0.292358,0.248535,0.056048,0.008442,0.124341,-0.097684,366.380005,15691.000000
5713.000000,7.622126,0.088379,0.002062,0.292603,0.250732,0.056204,0.008703,0.123993,-0.097256,320.359985,15499.000000
5714.000000,32.372707,0.088623,0.001937,0.293335,0.250854,0.056135,0.008436,0.123825,-0.098452,400.279999,15492.000000
5715.000000,20.997406,0.088501,0.001566,0.294067,0.250854,0.055418,0.008025,0.123094,-0.099183,379.899994,15499.000000
5716.000000,19.493591,0.088867,0.002273,0.293823,0.249268,0.056011,0.008632,0.121857,-0.098867,424.299988,15543.000000
5717.000000,35.083500,0.089355,0.002179,0.293335,0.249634,0.055891,0.008616,0.120812,-0.100146,419.049988,15815.000000
5718.000000,18.901453,0.089233,0.001740,0.292603,0.250854,0.054928,0.008279,0.122263,-0.099063,477.070007,15664.000000
5719.000000,13.858301,0.089111,0.002201,0.293091,0.252197,0.054978,0.008809,0.122855,-0.100046,366.079987,15015.000000
5720.000000,24.038469,0.089111,0.002230,0.292236,0.251099,0.054787,0.008744,0.120556,-0.100146,388.239990,15616.000000
5721.000000,7.194733,0.088623,0.002270,0.294556,0.249634,0.055510,0.008745,0.119367,-0.099574,390.000000,15755.000000
5722.000000,21.864799,0.088257,0.002173,0.293945,0.248413,0.055738,0.008590,0.120568,-0.097624,423.790009,15506.000000
5723.000000,28.807337,0.086792,0.002014,0.292358,0.246826,0.055283,0.008426,0.117398,-0.098655,399.339996,15622.000000
5724.000000,46.768997,0.088013,0.002420,0.291992,0.247437,0.055761,0.008726,0.120106,-0.098183,359.140015,15781.000000
5725.000000,36.191536,0.088257,0.002078,0.291138,0.248901,0.055227,0.008423,0.123331,-0.097244,339.899994,15379.000000
5726.000000,12.042419,0.088379,0.002300,0.291016,0.250000,0.055474,0.008723,0.122250,-0.097007,355.730011,15760.000000
5727.000000,0.126827,0.088013,0.002247,0.290771,0.249512,0.055806,0.008605,0.122455,-0.097106,374.109985,15545.000000
5728.000000,-4.272578,0.087158,0.001996,0.289307,0.247925,0.055252,0.008296,0.124998,-0.097203,357.940002,15638.000000
5729.000000,14.284057,0.087524,0.002104,0.290771,0.249512,0.055390,0.008500,0.124571,-0.095154,385.809998,15678.000000
5730.000000,27.825293,0.088135,0.002070,0.290649,0.251221,0.055281,0.008630,0.126708,-0.094215,429.959991,15376.000000
5731.000000,13.884323,0.087891,0.002722,0.291016,0.251587,0.055894,0.009166,0.125844,-0.095816,472.570007,15601.000000
5732.000000,38.680004,0.088257,0.002557,0.291260,0.252563,0.056220,0.008981,0.124225,-0.098286,480.869995,15709.000000
5733.000000,48.170490,0.087646,0.002131,0.290649,0.251221,0.055733,0.008526,0.122309,-0.099223,399.070007,15701.000000
5734.000000,7.759140,0.088623,0.001706,0.293213,0.253052,0.055302,0.008265,0.121478,-0.098125,463.940002,15521.000000
5735.000000,46.694366,0.089722,0.002278,0.293701,0.254028,0.055146,0.008956,0.120409,-0.099320,389.670013,15647.000000
5736.000000,7.168162,0.089478,0.002208,0.294189,0.252319,0.055511,0.008841,0.118945,-0.100456,471.829987,15714.000000
5737.000000,47.285034,0.089478,0.002069,0.293945,0.252319,0.055381,0.008628,0.118956,-0.099629,443.809998,15785.000000
5738.000000,23.006403,0.088867,0.001956,0.296143,0.252563,0.055249,0.008567,0.121951,-0.097197,335.299988,15732.000000
5739.000000,-3.248957,0.087891,0.001969,0.296509,0.251831,0.055327,0.008598,0.123069,-0.095201,397.720001,15825.000000
5740.000000,52.377651,0.088623,0.002066,0.296265,0.252563,0.055411,0.008689,0.119210,-0.100868,438.489990,15741.000000
5741.000000,35.688957,0.088379,0.001860,0.294678,0.250488,0.054391,0.008256,0.117098,-0.101779,386.269989,15797.000000
5742.000000,-2.003654,0.088745,0.002255,0.293823,0.252319,0.054398,0.008805,0.114525,-0.098496,408.929993,15795.000000
5743.000000,4.661501,0.088745,0.002229,0.293335,0.252686,0.054299,0.008826,0.118060,-0.096863,447.250000,15834.000000
5744.000000,21.328985,0.089966,0.002742,0.294556,0.253418,0.055044,0.009488,0.122915,-0.094639,466.570007,15004.000000
5745.000000,12.585541,0.090210,0.002596,0.295044,0.253296,0.055543,0.009219,0.122456,-0.095396,388.859985,15126.000000
5746.000000,26.225122,0.089844,0.002452,0.295898,0.253296,0.055275,0.009135,0.124125,-0.095899,454.070007,15336.000000
5747.000000,36.417702,0.090820,0.002505,0.297974,0.253784,0.055605,0.009179,0.126757,-0.094991,383.170013,15058.000000
5748.000000,14.701960,0.090698,0.002336,0.299683,0.254883,0.056019,0.008917,0.133101,-0.093422,460.399994,15235.000000
5749.000000,-8.649882,0.090942,0.002444,0.301392,0.255981,0.056451,0.009087,0.136248,-0.092032,420.950012,15262.000000
5750.000000,-5.779202,0.091187,0.002674,0.300903,0.255249,0.056827,0.009325,0.130675,-0.094080,402.190002,15091.000000
5751.000000,25.404757,0.090332,0.002438,0.299805,0.252563,0.056239,0.008867,0.125344,-0.096404,336.290009,15199.000000
5752.000000,-18.791040,0.089844,0.002292,0.297729,0.251953,0.055994,0.008787,0.120548,-0.094990,455.899994,15150.000000
5753.000000,-4.091912,0.089111,0.001929,0.298218,0.251587,0.055949,0.008547,0.122968,-0.094744,486.260010,15080.000000
5754.000000,33.832134,0.087891,0.002127,0.297241,0.250854,0.055664,0.008653,0.124906,-0.093677,497.420013,15321.000000
5755.000000,2.165917,0.088989,0.002909,0.298462,0.251465,0.056421,0.009456,0.122721,-0.094773,458.769989,15462.000000
5756.000000,54.903507,0.088745,0.002414,0.296631,0.250244,0.055867,0.008881,0.119959,-0.097895,446.679993,15372.000000
5757.000000,37.750984,0.089355,0.002359,0.296509,0.249390,0.055850,0.008818,0.123126,-0.097673,537.849976,15301.000000
5758.000000,15.975635,0.089111,0.002114,0.296265,0.248779,0.055133,0.008368,0.122658,-0.098112,435.130005,15358.000000
5759.000000,32.105099,0.088379,0.002514,0.295044,0.246582,0.054629,0.008624,0.122702,-0.095368,409.619995,15375.000000
5760.000000,-17.519300,0.088867,0.002030,0.295898,0.247925,0.054692,0.008048,0.121456,-0.097142,437.369995,15451.000000
5761.000000,23.748358,0.089233,0.002535,0.296021,0.248413,0.055021,0.008633,0.119217,-0.096436,398.850006,15365.000000
5762.000000,18.629862,0.090698,0.003705,0.296997,0.250244,0.056136,0.009814,0.121450,-0.095006,506.820007,15393.000000
5763.000000,-17.583670,0.090942,0.003043,0.297363,0.250732,0.055997,0.009129,0.124211,-0.094471,382.369995,15307.000000
5764.000000,-18.597340,0.091187,0.003407,0.297363,0.250244,0.056244,0.009442,0.124449,-0.094761,428.809998,15382.000000
5765.000000,11.893771,0.091187,0.002730,0.297852,0.249634,0.056031,0.008808,0.122146,-0.095595,416.059998,15458.000000
5766.000000,14.216007,0.090454,0.002510,0.298828,0.248901,0.055952,0.008610,0.123876,-0.095113,401.420013,15408.000000
5767.000000,3.443665,0.091309,0.002630,0.302490,0.250244,0.056320,0.008780,0.126561,-0.095068,384.739990,15424.000000
5768.000000,40.168694,0.091675,0.002497,0.303101,0.251587,0.056326,0.008791,0.128113,-0.091229,412.029999,15705.000000
5769.000000,0.521668,0.092651,0.002198,0.303467,0.252930,0.056251,0.008638,0.128201,-0.092474,431.049988,15291.000000
5770.000000,-7.768806,0.093628,0.002256,0.305420,0.252319,0.056667,0.008626,0.128877,-0.093473,381.609985,15278.000000
5771.000000,29.271618,0.094116,0.002548,0.307617,0.250244,0.057153,0.008804,0.130985,-0.093164,438.230011,15409.000000
5772.000000,-8.785645,0.094604,0.002694,0.307983,0.250977,0.058088,0.008963,0.131301,-0.094694,424.320007,15630.000000
5773.000000,20.555204,0.094604,0.002746,0.309204,0.251709,0.058660,0.009070,0.132952,-0.094096,513.309998,15317.000000
5774.000000,24.028397,0.093872,0.002128,0.308350,0.250610,0.058622,0.008504,0.132394,-0.095537,431.910004,15495.000000
5775.000000,11.413872,0.094604,0.002220,0.309692,0.249268,0.058623,0.008526,0.131063,-0.096084,425.600006,15388.000000
5776.000000,-8.461351,0.095703,0.002002,0.311768,0.249268,0.058966,0.008277,0.130884,-0.094427,412.380005,15439.000000
5777.000000,3.461768,0.096069,0.002220,0.311768,0.251587,0.058835,0.008799,0.126478,-0.095142,389.279999,15384.000000
5778.000000,20.737734,0.095581,0.002097,0.310669,0.250732,0.058262,0.008576,0.125683,-0.097340,406.940002,15497.000000
5779.000000,24.625868,0.094727,0.001936,0.309692,0.249878,0.057497,0.008325,0.121453,-0.101120,492.070007,15384.000000
5780.000000,-13.146409,0.094604,0.001726,0.309204,0.249390,0.057328,0.008073,0.119349,-0.101127,345.790009,15420.000000
5781.000000,17.164463,0.093384,0.001591,0.308105,0.248291,0.056676,0.007978,0.120885,-0.100158,334.309998,15429.000000
5782.000000,30.356731,0.094238,0.002460,0.309204,0.247314,0.057175,0.008784,0.121130,-0.100411,421.630005,15612.000000
5783.000000,19.380686,0.094360,0.002193,0.308228,0.245728,0.057061,0.008356,0.120565,-0.101086,483.089996,15361.000000
5784.000000,25.153677,0.093262,0.002256,0.306885,0.245972,0.056387,0.008411,0.118910,-0.101857,416.440002,15193.000000
5785.000000,7.861491,0.093018,0.002377,0.304932,0.246826,0.056608,0.008419,0.116941,-0.103303,381.239990,15379.000000
5786.000000,0.154625,0.092285,0.002662,0.305054,0.246948,0.057294,0.008581,0.120325,-0.101791,471.459991,15475.000000
5787.000000,-5.126808,0.091797,0.002534,0.304443,0.245850,0.056789,0.008544,0.120235,-0.100615,398.399994,15447.000000
5788.000000,-0.018364,0.091431,0.002317,0.304443,0.245361,0.057319,0.008349,0.123582,-0.101047,413.429993,15218.000000
5789.000000,-12.106942,0.092529,0.002825,0.305786,0.247314,0.057962,0.008860,0.123456,-0.099643,358.679993,15298.000000
5790.000000,13.811025,0.092529,0.002239,0.304810,0.246704,0.057799,0.008279,0.126285,-0.099952,349.709991,15321.000000
5791.000000,33.719959,0.093018,0.002539,0.303711,0.246216,0.057569,0.008538,0.120181,-0.100627,440.630005,15365.000000
5792.000000,-6.835986,0.093994,0.002332,0.303833,0.247314,0.057627,0.008420,0.119157,-0.100041,441.850006,15333.000000
5793.000000,-7.315701,0.093994,0.002538,0.304565,0.247192,0.058068,0.008563,0.124282,-0.096929,355.630005,15796.000000
5794.000000,-4.795597,0.094849,0.002573,0.307007,0.248413,0.058882,0.008657,0.125454,-0.095273,473.619995,15213.000000
5795.000000,-23.290100,0.094482,0.002203,0.307739,0.247925,0.059094,0.008357,0.124890,-0.097546,388.500000,15151.000000
5796.000000,16.444309,0.095093,0.002229,0.308594,0.249268,0.059596,0.008541,0.124233,-0.095634,437.799988,14965.000000
5797.000000,16.055489,0.094360,0.002002,0.309082,0.248779,0.059621,0.008082,0.123531,-0.097224,340.079987,14846.000000
5798.000000,-11.021533,0.095215,0.002571,0.310791,0.247925,0.060447,0.008531,0.124806,-0.095924,382.480011,14762.000000
5799.000000,37.218124,0.095703,0.001930,0.309692,0.249268,0.060012,0.007951,0.123383,-0.096535,436.100006,14847.000000
5800.000000,14.224597,0.096680,0.002520,0.308960,0.250000,0.060244,0.008430,0.121110,-0.099179,400.470001,15031.000000
5801.000000,24.973095,0.096436,0.001971,0.310425,0.249390,0.059724,0.007876,0.118593,-0.098921,388.179993,15009.000000
5802.000000,21.428289,0.097046,0.001892,0.310913,0.249756,0.059369,0.007678,0.117479,-0.096434,380.739990,15050.000000
5803.000000,-19.458563,0.095581,0.001806,0.308838,0.248169,0.058567,0.007519,0.114659,-0.098162,395.309998,15015.000000
5804.000000,-15.451124,0.094849,0.002437,0.308350,0.247925,0.058365,0.008341,0.113191,-0.099591,370.239990,14946.000000
5805.000000,-11.085448,0.094482,0.002234,0.308350,0.246338,0.057901,0.008073,0.114238,-0.099801,469.269989,14829.000000
5806.000000,-13.350550,0.094849,0.002384,0.310669,0.247559,0.058179,0.008407,0.115633,-0.096376,344.600006,14954.000000
5807.000000,33.286396,0.094971,0.002508,0.310913,0.249634,0.058388,0.008750,0.119409,-0.092463,456.119995,15407.000000
5808.000000,43.381966,0.094482,0.002459,0.309937,0.250854,0.058154,0.008722,0.123192,-0.095564,380.850006,15575.000000
5809.000000,28.109812,0.094116,0.002341,0.309326,0.248413,0.057537,0.008417,0.116571,-0.099195,427.899994,15322.000000
5810.000000,-9.644437,0.093872,0.002426,0.308228,0.245483,0.057541,0.008359,0.113962,-0.099419,451.649994,15342.000000
5811.000000,-4.829783,0.092529,0.002019,0.307129,0.244751,0.057275,0.007974,0.113397,-0.099838,406.750000,14941.000000
5812.000000,41.278568,0.092651,0.002682,0.306885,0.245605,0.057486,0.008622,0.116500,-0.096327,433.320007,15148.000000
5813.000000,23.030748,0.092163,0.002509,0.307007,0.246826,0.057119,0.008476,0.114980,-0.097406,395.839996,14909.000000
5814.000000,6.600938,0.093506,0.002478,0.307739,0.246460,0.057856,0.008390,0.114405,-0.099560,413.670013,15099.000000
5815.000000,-10.442361,0.094849,0.003395,0.307251,0.246216,0.059290,0.009140,0.115491,-0.099614,371.630005,15151.000000
5816.000000,6.747351,0.094849,0.002993,0.307983,0.245850,0.058924,0.008636,0.117624,-0.097982,352.589996,15208.000000
5817.000000,-4.981827,0.094971,0.002905,0.308838,0.248291,0.059407,0.008680,0.117812,-0.096485,379.420013,15451.000000
5818.000000,-8.655678,0.093384,0.002515,0.308350,0.246948,0.058280,0.008405,0.117324,-0.096651,407.929993,15001.000000
5819.000000,3.796936,0.093140,0.002745,0.308472,0.244751,0.057961,0.008595,0.114958,-0.097712,348.059998,15085.000000
5820.000000,-3.061524,0.092407,0.002297,0.308594,0.245605,0.057657,0.008170,0.114197,-0.098385,436.570007,15329.000000
5821.000000,11.647972,0.092529,0.002454,0.309570,0.244751,0.057933,0.008294,0.113597,-0.099981,388.720001,15617.000000
5822.000000,9.232620,0.093628,0.002856,0.311890,0.244263,0.059070,0.008689,0.116237,-0.098348,405.769989,15692.000000
5823.000000,16.264545,0.093628,0.002453,0.310303,0.244141,0.058544,0.008337,0.116152,-0.098321,482.989990,15609.000000
5824.000000,17.770475,0.092896,0.002362,0.308472,0.243164,0.058360,0.008155,0.115414,-0.100852,397.920013,15437.000000
5825.000000,23.693018,0.092529,0.002068,0.307861,0.242554,0.057261,0.007855,0.114263,-0.101559,389.119995,15473.000000
5826.000000,2.362158,0.091919,0.002278,0.307251,0.241821,0.057008,0.008025,0.111510,-0.101963,420.000000,15076.000000
5827.000000,12.994792,0.092651,0.002401,0.307373,0.243164,0.057097,0.008223,0.112621,-0.099972,467.570007,15802.000000
5828.000000,-8.421289,0.092773,0.002353,0.307983,0.242920,0.057442,0.008236,0.115581,-0.099600,384.290009,15985.000000
5829.000000,11.942660,0.092896,0.003135,0.307373,0.243164,0.058168,0.008990,0.115560,-0.100538,463.369995,15912.000000
5830.000000,-1.028550,0.093018,0.002578,0.307739,0.243408,0.057881,0.008469,0.116228,-0.100826,475.239990,15764.000000
5831.000000,14.468903,0.092529,0.002468,0.307007,0.242920,0.057492,0.008243,0.114359,-0.101732,462.519989,16225.000000
5832.000000,0.418429,0.093140,0.002595,0.306641,0.243530,0.057475,0.008363,0.113951,-0.101951,450.880005,15664.000000
5833.000000,1.899679,0.092041,0.002348,0.306641,0.243530,0.057365,0.008108,0.116441,-0.100147,359.809998,15921.000000
5834.000000,35.168156,0.091187,0.002460,0.306030,0.239136,0.057472,0.008064,0.114689,-0.099848,430.480011,15719.000000
5835.000000,16.938585,0.091309,0.002889,0.306641,0.239014,0.057326,0.008556,0.113239,-0.101077,421.579987,15762.000000
5836.000000,-0.724669,0.092163,0.002670,0.308350,0.239258,0.057911,0.008274,0.118490,-0.100009,451.450012,15537.000000
5837.000000,-11.774820,0.092163,0.002299,0.307861,0.241699,0.057998,0.008054,0.121449,-0.097419,413.790009,15769.000000
5838.000000,21.822998,0.092773,0.002865,0.308838,0.241211,0.058607,0.008632,0.124109,-0.097784,401.649994,15745.000000
5839.000000,8.724997,0.093262,0.003100,0.309326,0.240601,0.058722,0.008796,0.123320,-0.097326,404.049988,15666.000000
5840.000000,5.478618,0.093018,0.002423,0.308960,0.239502,0.058024,0.008094,0.121429,-0.098478,338.809998,15559.000000
5841.000000,16.388746,0.094238,0.002841,0.309814,0.239624,0.058561,0.008473,0.118429,-0.099713,378.179993,15934.000000
5842.000000,21.841957,0.094238,0.002697,0.308960,0.239990,0.057996,0.008423,0.117208,-0.099464,466.130005,15806.000000
5843.000000,0.168257,0.093872,0.002364,0.309448,0.238770,0.058086,0.008104,0.119939,-0.098333,411.459991,15773.000000
5844.000000,10.682232,0.094360,0.002600,0.310059,0.238037,0.058513,0.008201,0.122348,-0.098190,440.940002,15952.000000
5845.000000,16.737186,0.094116,0.002538,0.310181,0.240112,0.058742,0.008287,0.125168,-0.095936,395.790009,16001.000000
5846.000000,12.695290,0.094604,0.002907,0.309326,0.238403,0.058689,0.008533,0.122787,-0.097737,451.489990,15902.000000
5847.000000,-19.832508,0.095581,0.002929,0.311157,0.239136,0.059455,0.008582,0.123993,-0.096688,353.440002,15725.000000
5848.000000,24.543320,0.095093,0.002343,0.310303,0.237183,0.058729,0.007918,0.123471,-0.099510,427.109985,15763.000000
5849.000000,4.237539,0.095337,0.002565,0.310303,0.237305,0.058745,0.008194,0.120729,-0.099518,412.679993,15971.000000
5850.000000,-30.533421,0.095581,0.002921,0.309204,0.237793,0.058827,0.008595,0.119861,-0.097735,419.359985,16192.000000
5851.000000,26.650553,0.095337,0.002421,0.309570,0.238281,0.058653,0.008096,0.122080,-0.097123,394.369995,15688.000000
5852.000000,17.368570,0.095581,0.002555,0.309814,0.238037,0.058584,0.008150,0.121510,-0.097986,406.049988,15943.000000
5853.000000,8.017674,0.095825,0.002474,0.308594,0.239014,0.058656,0.008166,0.121080,-0.098746,380.420013,15872.000000
5854.000000,9.607790,0.094482,0.002033,0.307739,0.237793,0.058133,0.007675,0.121440,-0.100204,411.070007,15703.000000
5855.000000,13.540318,0.093262,0.002042,0.308350,0.237305,0.057772,0.007698,0.120696,-0.100597,403.339996,15755.000000
5856.000000,3.773963,0.093872,0.002187,0.307373,0.238281,0.057624,0.007930,0.122076,-0.098927,474.190002,16004.000000
5857.000000,33.235020,0.094849,0.002524,0.308594,0.240479,0.058155,0.008209,0.122616,-0.099501,410.640015,16046.000000
5858.000000,16.163935,0.095215,0.002803,0.307617,0.240723,0.057957,0.008509,0.119398,-0.099992,399.010010,15651.000000
5859.000000,28.622503,0.095215,0.002168,0.308594,0.242432,0.058100,0.008054,0.121263,-0.098897,479.179993,15985.000000
5860.000000,6.307348,0.094604,0.002374,0.308105,0.240723,0.058032,0.008148,0.123840,-0.097100,415.880005,15664.000000
5861.000000,22.466629,0.093750,0.002366,0.306274,0.239380,0.057212,0.008150,0.124004,-0.097794,403.730011,15723.000000
5862.000000,-7.344550,0.093018,0.002352,0.307007,0.240845,0.057299,0.008221,0.124507,-0.095863,379.320007,15705.000000
5863.000000,3.298345,0.093140,0.002582,0.308228,0.239624,0.057607,0.008376,0.126019,-0.095629,394.369995,16157.000000
5864.000000,7.622526,0.093384,0.002927,0.309326,0.238770,0.057978,0.008574,0.127831,-0.093958,460.850006,15647.000000
5865.000000,11.128803,0.092773,0.003102,0.308716,0.237793,0.057958,0.008742,0.127031,-0.094753,434.000000,15711.000000
5866.000000,-1.307748,0.093262,0.002773,0.308594,0.239502,0.057584,0.008477,0.125228,-0.097797,444.809998,15695.000000
5867.000000,23.193073,0.093750,0.003055,0.307983,0.239258,0.057784,0.008702,0.121408,-0.100075,403.839996,15625.000000
5868.000000,-15.380892,0.094482,0.003099,0.308594,0.240479,0.058509,0.008822,0.126120,-0.096707,387.450012,15697.000000
5869.000000,17.335203,0.094360,0.002559,0.308105,0.238159,0.058097,0.008271,0.129868,-0.097778,394.239990,15721.000000
5870.000000,-18.604404,0.093506,0.002272,0.308716,0.240356,0.057816,0.008310,0.132083,-0.096970,402.779999,15773.000000
5871.000000,11.439447,0.093140,0.002529,0.307739,0.239258,0.058077,0.008471,0.129971,-0.098642,406.940002,15731.000000
5872.000000,17.360073,0.092651,0.002517,0.308350,0.238037,0.058229,0.008267,0.129664,-0.099233,394.230011,15840.000000
5873.000000,-8.446614,0.094360,0.002849,0.310425,0.237915,0.058677,0.008640,0.128053,-0.099957,367.119995,16003.000000
5874.000000,-6.080716,0.094116,0.002454,0.310181,0.238403,0.059066,0.008332,0.130300,-0.097571,460.859985,15845.000000
5875.000000,10.598132,0.093506,0.002746,0.310303,0.238892,0.059104,0.008614,0.133116,-0.097241,356.170013,15688.000000
5876.000000,-17.049601,0.092651,0.002707,0.310303,0.238281,0.058495,0.008608,0.132530,-0.096277,451.850006,16021.000000
5877.000000,58.125896,0.091797,0.002403,0.309692,0.238159,0.057627,0.008270,0.129967,-0.098615,374.799988,15728.000000
5878.000000,-27.922552,0.092041,0.002678,0.311035,0.238525,0.058117,0.008429,0.131586,-0.095811,393.429993,15809.000000
5879.000000,30.362917,0.092896,0.002533,0.311523,0.239746,0.057983,0.008326,0.131852,-0.096150,418.380005,15923.000000
5880.000000,1.001597,0.093628,0.002406,0.312012,0.240601,0.057740,0.008318,0.130875,-0.097651,435.760010,15588.000000
5881.000000,17.733089,0.093872,0.002344,0.312988,0.240845,0.058020,0.008145,0.130684,-0.098282,405.119995,15953.000000
5882.000000,29.641850,0.093384,0.002444,0.312622,0.240967,0.057838,0.008218,0.131799,-0.096607,511.929993,15745.000000
5883.000000,16.476524,0.093018,0.002902,0.313477,0.238037,0.058226,0.008484,0.134872,-0.096548,344.329987,16044.000000
5884.000000,20.317646,0.091675,0.002503,0.314941,0.237915,0.057877,0.008188,0.136783,-0.096124,406.559998,15829.000000
5885.000000,11.251704,0.092285,0.002215,0.315796,0.238403,0.058423,0.007956,0.136003,-0.096069,456.140015,15628.000000
5886.000000,0.156121,0.092407,0.002330,0.315552,0.239502,0.058448,0.008082,0.136257,-0.095206,471.179993,15922.000000
5887.000000,10.775258,0.092163,0.002492,0.315552,0.240967,0.058633,0.008227,0.137806,-0.094919,408.410004,16033.000000
5888.000000,-3.193195,0.091553,0.002445,0.314575,0.239502,0.058317,0.008095,0.137293,-0.097289,358.290009,15935.000000
5889.000000,27.397953,0.090332,0.002120,0.314209,0.236694,0.058245,0.007591,0.135475,-0.099182,518.559998,15631.000000
5890.000000,38.471462,0.089355,0.002220,0.313965,0.235840,0.057937,0.007849,0.134217,-0.098012,469.910004,15789.000000
5891.000000,9.555693,0.089966,0.002275,0.314209,0.235840,0.058335,0.007910,0.135541,-0.096308,525.450012,16074.000000
5892.000000,-5.042229,0.091431,0.002555,0.316406,0.239746,0.058892,0.008421,0.135252,-0.094420,338.739990,15768.000000
5893.000000,11.906102,0.091553,0.002425,0.317139,0.239868,0.059367,0.008235,0.137267,-0.095821,441.119995,15525.000000
5894.000000,20.468628,0.090698,0.001947,0.315796,0.236938,0.058598,0.007766,0.134798,-0.097573,433.630005,15800.000000
5895.000000,12.781205,0.091675,0.002479,0.316284,0.239868,0.059178,0.008420,0.134841,-0.095753,355.470001,15507.000000
5896.000000,3.880369,0.091675,0.002261,0.315918,0.241943,0.059224,0.008241,0.135269,-0.096334,439.760010,15582.000000
5897.000000,12.937187,0.091797,0.002191,0.317139,0.244019,0.059506,0.008107,0.137276,-0.095905,393.470001,15984.000000
5898.000000,17.958586,0.093384,0.002597,0.318115,0.242432,0.060191,0.008294,0.135116,-0.098116,464.869995,15675.000000
5899.000000,33.567654,0.092163,0.002520,0.316895,0.240845,0.059822,0.008098,0.130999,-0.099131,449.630005,15842.000000
5900.000000,8.820969,0.091919,0.002705,0.317261,0.241821,0.059492,0.008333,0.133195,-0.096627,402.869995,15860.000000
5901.000000,3.064804,0.092529,0.002216,0.318115,0.243042,0.059160,0.008010,0.133855,-0.095375,425.160004,16031.000000
5902.000000,-11.885074,0.092773,0.002156,0.318481,0.242188,0.059199,0.007934,0.132292,-0.097334,466.769989,15919.000000
5903.000000,-19.681946,0.092651,0.002606,0.318970,0.243042,0.059826,0.008504,0.132584,-0.097125,453.130005,15931.000000
5904.000000,46.797783,0.092773,0.002979,0.318726,0.240845,0.060199,0.008760,0.130301,-0.099926,417.989990,15932.000000
5905.000000,-0.706129,0.093628,0.002826,0.319946,0.239868,0.060569,0.008459,0.128358,-0.102875,433.109985,15823.000000
5906.000000,-14.715219,0.093872,0.002957,0.320801,0.241943,0.060561,0.008662,0.126658,-0.100517,426.450012,16177.000000
5907.000000,-9.632091,0.094238,0.003349,0.320923,0.243774,0.060852,0.009220,0.126941,-0.097246,478.869995,15894.000000
5908.000000,41.571499,0.093384,0.002973,0.320312,0.242798,0.061370,0.008867,0.128053,-0.098074,513.469971,15733.000000
5909.000000,16.703854,0.094849,0.003098,0.320557,0.242554,0.061367,0.008959,0.131235,-0.096757,385.790009,15583.000000
5910.000000,-21.482042,0.095215,0.002693,0.321045,0.242920,0.061234,0.008519,0.128023,-0.099430,393.450012,15510.000000
5911.000000,-24.370522,0.094360,0.002733,0.319702,0.240845,0.061144,0.008549,0.125637,-0.100942,492.950012,15605.000000
5912.000000,17.966991,0.095093,0.002731,0.320068,0.242676,0.060772,0.008718,0.123112,-0.097792,383.209991,15671.000000
5913.000000,19.133989,0.094971,0.002591,0.319824,0.243408,0.060425,0.008625,0.125201,-0.097547,403.630005,15538.000000
5914.000000,21.163824,0.094727,0.002735,0.319946,0.241943,0.060560,0.008551,0.125056,-0.098219,347.899994,15522.000000
5915.000000,-2.521465,0.093262,0.002575,0.320068,0.240601,0.060441,0.008434,0.126474,-0.098312,420.730011,15788.000000
5916.000000,2.021100,0.092896,0.002708,0.320923,0.239502,0.060804,0.008315,0.126922,-0.100134,359.619995,15896.000000
5917.000000,49.217205,0.093262,0.002635,0.320190,0.239868,0.060684,0.008242,0.125193,-0.100455,462.649994,15641.000000
5918.000000,33.450249,0.093262,0.002721,0.320068,0.241577,0.060745,0.008486,0.125746,-0.099233,440.959991,15645.000000
5919.000000,-49.553745,0.094482,0.002497,0.320801,0.242310,0.060528,0.008250,0.127322,-0.099177,390.140015,15984.000000
5920.000000,10.545456,0.094360,0.002804,0.320435,0.241333,0.060713,0.008537,0.128973,-0.100209,423.500000,15217.000000
5921.000000,17.543362,0.095093,0.003031,0.320679,0.240112,0.061091,0.008382,0.129677,-0.099777,464.929993,15820.000000
5922.000000,26.962074,0.094482,0.002593,0.319336,0.240112,0.060974,0.008072,0.126930,-0.099799,415.429993,15997.000000
5923.000000,39.369934,0.093018,0.002470,0.317749,0.240723,0.060368,0.008048,0.126235,-0.101716,418.690002,15634.000000
5924.000000,24.804438,0.093384,0.002612,0.317261,0.239258,0.060460,0.008007,0.127006,-0.102757,406.440002,15987.000000
5925.000000,11.929340,0.093872,0.002320,0.317871,0.239014,0.060182,0.007707,0.127695,-0.102077,392.359985,15786.000000
5926.000000,38.683208,0.094238,0.002086,0.318237,0.241089,0.060025,0.007614,0.129205,-0.100692,480.859985,16059.000000
5927.000000,-12.744006,0.093506,0.002446,0.317261,0.241211,0.059676,0.007995,0.129534,-0.100293,392.200012,15841.000000
5928.000000,4.277944,0.094360,0.002692,0.317383,0.241333,0.059817,0.008150,0.128643,-0.102661,408.709991,15752.000000
5929.000000,31.054371,0.094116,0.002565,0.317505,0.239624,0.059317,0.007876,0.128701,-0.102567,431.480011,16006.000000
5930.000000,-4.257459,0.094849,0.003002,0.319702,0.239624,0.059773,0.008467,0.128379,-0.100940,531.250000,15757.000000
5931.000000,31.742517,0.095581,0.002835,0.319824,0.240479,0.060139,0.008438,0.130136,-0.099624,353.179993,15704.000000
5932.000000,13.010061,0.096069,0.002906,0.320557,0.241943,0.060310,0.008456,0.133552,-0.099032,360.440002,15560.000000
5933.000000,7.275609,0.095947,0.003364,0.319580,0.243164,0.060345,0.009078,0.128981,-0.101421,385.679993,15701.000000
5934.000000,26.557468,0.095215,0.002955,0.318726,0.239990,0.059932,0.008619,0.124951,-0.104244,425.910004,15776.000000
5935.000000,16.156609,0.094849,0.003223,0.319580,0.239868,0.060155,0.008821,0.127269,-0.100746,422.130005,16069.000000
5936.000000,-6.915645,0.096191,0.003498,0.320801,0.242676,0.060925,0.009261,0.128665,-0.098124,406.570007,15574.000000
5937.000000,24.118942,0.096680,0.003431,0.320801,0.243164,0.061152,0.009137,0.129909,-0.097703,376.320007,15711.000000
5938.000000,5.814676,0.097168,0.003286,0.322021,0.243896,0.061467,0.009106,0.128541,-0.099773,447.420013,15858.000000
5939.000000,24.530113,0.096436,0.003051,0.321533,0.242554,0.061115,0.008797,0.127362,-0.102320,405.350006,15857.000000
5940.000000,35.312756,0.096069,0.003123,0.321777,0.242188,0.060570,0.008875,0.126765,-0.100973,400.600006,15625.000000
5941.000000,4.692155,0.095703,0.003052,0.320801,0.243408,0.060476,0.008813,0.128614,-0.097504,342.529999,15935.000000
5942.000000,2.782536,0.095215,0.002723,0.320923,0.242798,0.059930,0.008496,0.129851,-0.098102,388.589996,15685.000000
5943.000000,1.349115,0.095703,0.002801,0.324219,0.243408,0.060403,0.008711,0.129569,-0.099734,445.279999,15840.000000
5944.000000,17.435455,0.095947,0.003115,0.322632,0.243896,0.060466,0.008970,0.127100,-0.101675,404.459991,15319.000000
5945.000000,26.821901,0.097412,0.002766,0.324707,0.243774,0.060938,0.008669,0.130672,-0.101062,437.670013,15848.000000
5946.000000,39.376022,0.098145,0.002839,0.325317,0.244629,0.060816,0.008734,0.132488,-0.099376,453.459991,15683.000000
5947.000000,12.166960,0.098145,0.002649,0.324951,0.244141,0.060759,0.008479,0.133780,-0.099457,396.869995,15682.000000
5948.000000,-17.151236,0.097656,0.002340,0.324707,0.244751,0.060670,0.008236,0.134157,-0.100424,456.049988,15649.000000
5949.000000,4.102347,0.097534,0.002142,0.326172,0.241455,0.061037,0.007695,0.131658,-0.106139,391.660004,16125.000000
5950.000000,13.496160,0.095947,0.001791,0.323975,0.240234,0.060049,0.007197,0.127312,-0.106464,452.839996,15858.000000
5951.000000,21.199041,0.095215,0.002512,0.321167,0.240479,0.059742,0.008040,0.124411,-0.104548,424.779999,15798.000000
5952.000000,8.816060,0.095581,0.002743,0.319214,0.241455,0.059401,0.008436,0.125889,-0.102787,412.209991,15864.000000
5953.000000,17.493341,0.095703,0.002569,0.320923,0.242554,0.059772,0.008260,0.130726,-0.101222,435.559998,15160.000000
5954.000000,7.048889,0.096924,0.003183,0.321655,0.243530,0.060584,0.008864,0.136210,-0.099101,416.329987,15108.000000
5955.000000,13.167480,0.097046,0.003186,0.321289,0.243652,0.060876,0.008833,0.133995,-0.101959,407.269989,15063.000000
5956.000000,18.798807,0.098389,0.003323,0.321899,0.245483,0.061400,0.008968,0.131842,-0.103516,411.320007,15316.000000
5957.000000,13.225980,0.097046,0.002511,0.322021,0.243896,0.060612,0.007975,0.132646,-0.105030,404.820007,14915.000000
5958.000000,-6.506382,0.095825,0.002037,0.320312,0.242310,0.059900,0.007532,0.130152,-0.104074,473.660004,14970.000000
5959.000000,63.409267,0.094971,0.002159,0.320190,0.243652,0.059600,0.007780,0.132726,-0.100113,421.510010,15054.000000
5960.000000,24.159824,0.094971,0.002554,0.321411,0.244019,0.060223,0.008300,0.137063,-0.100386,398.029999,15081.000000
5961.000000,21.856190,0.095825,0.002955,0.322632,0.244019,0.061241,0.008581,0.139049,-0.100618,415.160004,15003.000000
5962.000000,-12.745326,0.096191,0.002817,0.322632,0.244385,0.061473,0.008547,0.139829,-0.099614,345.480011,15013.000000
5963.000000,12.722071,0.096436,0.003061,0.323364,0.244263,0.061863,0.008790,0.140264,-0.098782,397.489990,14976.000000
5964.000000,24.030779,0.095703,0.002341,0.322021,0.243896,0.061359,0.007983,0.139071,-0.100045,437.869995,15118.000000
5965.000000,41.072536,0.095215,0.002562,0.322266,0.240601,0.061317,0.007939,0.136025,-0.103451,380.820007,15636.000000
5966.000000,-20.916958,0.095215,0.002667,0.322266,0.240845,0.061760,0.008018,0.132703,-0.103932,371.190002,15544.000000
5967.000000,13.607765,0.095337,0.002581,0.321045,0.239624,0.061441,0.007976,0.130196,-0.107033,460.450012,15301.000000
5968.000000,-3.415813,0.095947,0.002567,0.321533,0.240112,0.061323,0.008004,0.129775,-0.106026,428.660004,15190.000000
5969.000000,16.362122,0.096069,0.002504,0.321045,0.241577,0.061417,0.008058,0.131834,-0.105101,440.630005,14923.000000
5970.000000,20.407589,0.095581,0.002882,0.321899,0.241577,0.061795,0.008502,0.134748,-0.103172,400.369995,15270.000000
5971.000000,-14.322884,0.094971,0.002604,0.319946,0.240601,0.061619,0.008210,0.133296,-0.102164,377.399994,15042.000000
5972.000000,17.334438,0.094849,0.002697,0.319702,0.240723,0.061889,0.008324,0.132318,-0.103133,355.779999,15470.000000
5973.000000,12.270886,0.095215,0.002834,0.320679,0.239380,0.061889,0.008349,0.133810,-0.103143,427.190002,15639.000000
5974.000000,16.906693,0.095703,0.003107,0.321167,0.239502,0.062121,0.008620,0.133395,-0.100849,368.170013,15639.000000
5975.000000,40.272079,0.094971,0.002891,0.320679,0.239746,0.061475,0.008568,0.131167,-0.099974,421.839996,15537.000000
5976.000000,3.035163,0.095581,0.003361,0.321167,0.240234,0.062272,0.009109,0.131882,-0.100214,416.459991,15626.000000
5977.000000,7.391600,0.096558,0.003842,0.322266,0.241821,0.063299,0.009667,0.136498,-0.099351,388.959991,15516.000000
5978.000000,-6.795762,0.095947,0.003510,0.322144,0.244263,0.063195,0.009481,0.136054,-0.099000,419.730011,15535.000000
5979.000000,1.062071,0.095581,0.003466,0.320923,0.243164,0.063349,0.009489,0.136674,-0.099970,472.899994,15734.000000
5980.000000,24.429333,0.095581,0.003003,0.320435,0.242310,0.062943,0.008837,0.134557,-0.100885,370.329987,15602.000000
5981.000000,-12.044070,0.094727,0.002759,0.318848,0.242432,0.062581,0.008610,0.133577,-0.100779,352.320007,15519.000000
5982.000000,8.384715,0.095215,0.002898,0.319214,0.243774,0.062388,0.008817,0.131673,-0.102450,385.910004,15586.000000
5983.000000,-6.201994,0.093750,0.002766,0.317749,0.241455,0.061883,0.008505,0.130814,-0.104476,338.109985,15683.000000
5984.000000,7.107263,0.095093,0.003158,0.318848,0.241211,0.062400,0.008907,0.132541,-0.103023,404.630005,14927.000000
5985.000000,8.121790,0.094849,0.002802,0.318481,0.241333,0.061940,0.008709,0.133542,-0.102596,410.480011,15299.000000
5986.000000,27.202175,0.094116,0.002422,0.316895,0.241821,0.061571,0.008509,0.132015,-0.102829,392.679993,15206.000000
5987.000000,33.841194,0.095825,0.002897,0.318237,0.242920,0.062270,0.009024,0.133993,-0.101792,430.359985,15485.000000
5988.000000,18.907415,0.095459,0.003003,0.316040,0.244019,0.061622,0.008967,0.135065,-0.101190,319.600006,15493.000000
5989.000000,3.338176,0.095825,0.003039,0.316895,0.244263,0.061781,0.008974,0.135234,-0.099991,411.799988,15535.000000
5990.000000,-19.890043,0.096924,0.003135,0.316162,0.244629,0.062218,0.009053,0.134165,-0.100091,367.559998,15468.000000
5991.000000,39.679459,0.097412,0.002974,0.316528,0.245117,0.062087,0.008876,0.134035,-0.103748,489.600006,15525.000000
5992.000000,31.098846,0.096924,0.002525,0.317627,0.243042,0.062230,0.008360,0.134892,-0.103697,423.529999,15319.000000
5993.000000,3.147342,0.097534,0.003162,0.317871,0.243530,0.063206,0.008974,0.134667,-0.101764,324.200012,15502.000000
5994.000000,37.351997,0.097046,0.002596,0.315430,0.244019,0.062215,0.008360,0.132351,-0.102055,457.660004,15216.000000
5995.000000,27.178549,0.096924,0.002319,0.316772,0.244263,0.062313,0.008327,0.132176,-0.101502,319.049988,15263.000000
5996.000000,16.429131,0.095581,0.002438,0.316040,0.243896,0.062231,0.008339,0.132386,-0.102649,434.269989,15360.000000
5997.000000,7.907358,0.094971,0.002577,0.316040,0.240845,0.062114,0.008332,0.129639,-0.103890,400.799988,15381.000000
5998.000000,-0.301433,0.093506,0.002675,0.314087,0.241821,0.061231,0.008603,0.130292,-0.102014,443.660004,15686.000000
5999.000000,31.318140,0.093384,0.002444,0.315186,0.242920,0.061148,0.008414,0.131946,-0.102001,422.100006,15350.000000
6000.000000,45.810253,0.092285,0.002062,0.314941,0.243530,0.060681,0.008155,0.131013,-0.102523,386.429993,15346.000000
6001.000000,-25.431511,0.092285,0.002783,0.316895,0.241211,0.061070,0.008744,0.131620,-0.101994,376.000000,15307.000000
6002.000000,5.604643,0.092651,0.002555,0.317017,0.242188,0.061126,0.008700,0.130472,-0.100332,398.320007,15156.000000
6003.000000,-2.032187,0.093628,0.002864,0.318359,0.243408,0.061270,0.009094,0.131858,-0.098905,355.420013,15234.000000
6004.000000,2.983090,0.093994,0.002943,0.317993,0.244629,0.061659,0.009275,0.132812,-0.100346,374.010010,15186.000000
6005.000000,9.119317,0.094849,0.002605,0.318481,0.245483,0.061903,0.008905,0.128883,-0.101892,441.970001,15407.000000
6006.000000,57.149876,0.095215,0.003080,0.318359,0.245483,0.061617,0.009380,0.128652,-0.102200,389.160004,15406.000000
6007.000000,24.957445,0.096191,0.003176,0.318726,0.244019,0.062046,0.009132,0.128776,-0.102318,352.440002,15339.000000
6008.000000,19.198093,0.095947,0.002909,0.320190,0.245117,0.062269,0.008997,0.128463,-0.102317,431.730011,15535.000000
6009.000000,-33.025246,0.095825,0.003385,0.319092,0.244629,0.062192,0.009445,0.129641,-0.100968,395.369995,15385.000000
6010.000000,3.020010,0.095581,0.003682,0.319824,0.245117,0.062686,0.009707,0.132170,-0.100325,404.220001,15372.000000
6011.000000,18.162781,0.095337,0.003420,0.319092,0.245117,0.062210,0.009401,0.129636,-0.101455,375.730011,15283.000000
6012.000000,-8.391571,0.095215,0.003532,0.318359,0.243896,0.062563,0.009462,0.131173,-0.103094,372.660004,15406.000000
6013.000000,13.267396,0.095703,0.003559,0.319092,0.244751,0.063122,0.009535,0.132951,-0.102451,338.470001,15241.000000
6014.000000,15.298149,0.096191,0.003478,0.319458,0.246094,0.063673,0.009436,0.133843,-0.100194,471.359985,15337.000000
6015.000000,3.714566,0.095947,0.003571,0.318237,0.246948,0.063621,0.009542,0.136246,-0.098176,306.079987,15292.000000
6016.000000,19.684998,0.095825,0.003774,0.319458,0.245483,0.063877,0.009808,0.133336,-0.100678,428.109985,15421.000000
6017.000000,2.665132,0.095703,0.003015,0.319336,0.244263,0.063493,0.009130,0.128390,-0.105599,383.230011,15206.000000
6018.000000,-14.235476,0.095825,0.002485,0.318848,0.245117,0.063434,0.008463,0.129030,-0.104014,428.700012,15332.000000
6019.000000,6.118715,0.096191,0.002606,0.319702,0.245972,0.063582,0.008570,0.129997,-0.102294,385.200012,15178.000000
6020.000000,-15.591777,0.096924,0.002524,0.321289,0.246826,0.063624,0.008621,0.133148,-0.098375,370.500000,15289.000000
6021.000000,17.884317,0.095947,0.002242,0.318604,0.247559,0.062908,0.008463,0.126710,-0.102253,367.459991,15221.000000
6022.000000,3.468259,0.095947,0.002224,0.319824,0.248047,0.062718,0.008485,0.124013,-0.103364,367.850006,15281.000000
6023.000000,47.492744,0.095947,0.002448,0.318970,0.246582,0.063085,0.008466,0.123814,-0.102005,458.929993,15233.000000
6024.000000,13.955055,0.094849,0.002165,0.318359,0.244629,0.062180,0.008187,0.124663,-0.102024,328.920013,15251.000000
6025.000000,-1.619956,0.094482,0.002478,0.318481,0.245239,0.062373,0.008736,0.122007,-0.101363,331.799988,15303.000000
6026.000000,5.873835,0.093872,0.002211,0.319336,0.245239,0.061676,0.008350,0.121043,-0.103207,377.739990,15268.000000
6027.000000,2.288771,0.094604,0.002404,0.319702,0.244873,0.061720,0.008554,0.119648,-0.103626,406.269989,15371.000000
6028.000000,-2.569870,0.095703,0.003256,0.318848,0.245972,0.062547,0.009359,0.122161,-0.102698,481.630005,15345.000000
6029.000000,6.517876,0.095337,0.002545,0.317871,0.246582,0.061430,0.008636,0.123436,-0.105097,461.630005,15257.000000
6030.000000,-4.356248,0.095459,0.003011,0.317993,0.245239,0.061705,0.008962,0.124964,-0.106163,343.359985,15311.000000
6031.000000,6.088611,0.095215,0.002761,0.318359,0.244263,0.061251,0.008744,0.124567,-0.104214,438.579987,15343.000000
6032.000000,29.925995,0.095459,0.002787,0.318848,0.244385,0.061694,0.008702,0.127742,-0.101754,406.820007,15413.000000
6033.000000,38.085197,0.094238,0.003141,0.318604,0.245483,0.061850,0.009239,0.126679,-0.101441,428.670013,15144.000000
6034.000000,12.498064,0.094116,0.003184,0.318359,0.243652,0.061681,0.009195,0.127591,-0.101763,376.570007,15268.000000
6035.000000,16.930830,0.093872,0.002922,0.316528,0.243530,0.061493,0.009056,0.123446,-0.104292,369.269989,15293.000000
6036.000000,-10.971322,0.094238,0.002686,0.317261,0.244019,0.061367,0.008787,0.123637,-0.104455,355.640015,15300.000000
6037.000000,8.304681,0.094604,0.002792,0.319702,0.245483,0.061829,0.009071,0.126265,-0.099929,315.549988,15278.000000
6038.000000,11.452843,0.094849,0.002714,0.319702,0.247437,0.062066,0.008998,0.123806,-0.100953,359.369995,15450.000000
6039.000000,27.801273,0.094971,0.002475,0.319092,0.247314,0.061773,0.008684,0.126368,-0.102433,330.510010,15623.000000
6040.000000,-25.633181,0.094604,0.002470,0.318237,0.246338,0.061989,0.008522,0.125376,-0.103311,413.679993,15192.000000
6041.000000,18.780226,0.093872,0.002378,0.317139,0.244141,0.061785,0.008301,0.125180,-0.103175,481.049988,15175.000000
6042.000000,25.529367,0.093018,0.002338,0.316772,0.244751,0.061095,0.008250,0.123187,-0.104080,380.049988,15261.000000
6043.000000,11.910579,0.093750,0.002766,0.316162,0.245850,0.061705,0.008712,0.122333,-0.104146,346.049988,15258.000000
6044.000000,-5.881236,0.093872,0.002414,0.315308,0.245728,0.061337,0.008208,0.123538,-0.105664,348.309998,15421.000000
6045.000000,30.471863,0.094604,0.003123,0.316406,0.245972,0.061481,0.008913,0.123412,-0.104457,357.739990,14958.000000
6046.000000,0.366129,0.094849,0.003056,0.317383,0.246216,0.061979,0.008953,0.127812,-0.100678,345.399994,14728.000000
6047.000000,-20.922253,0.095093,0.003158,0.318604,0.246338,0.062355,0.009086,0.131166,-0.101440,345.980011,15052.000000
6048.000000,-14.618642,0.094116,0.002864,0.318359,0.245361,0.061704,0.008818,0.125162,-0.103004,372.730011,14940.000000
6049.000000,47.377441,0.095581,0.002777,0.320923,0.246948,0.061864,0.008673,0.128094,-0.099689,352.140015,15057.000000
6050.000000,24.667589,0.095337,0.002623,0.319580,0.247925,0.061209,0.008529,0.127629,-0.098206,380.829987,14906.000000
6051.000000,75.088593,0.094727,0.002811,0.319214,0.247681,0.060593,0.008671,0.126569,-0.099515,438.989990,14561.000000
6052.000000,-23.375612,0.094727,0.002938,0.318237,0.246460,0.060585,0.008785,0.124532,-0.099642,383.350006,14883.000000
6053.000000,1.149763,0.094971,0.002874,0.317871,0.248291,0.060466,0.008689,0.122764,-0.099122,355.329987,14890.000000
6054.000000,-2.122316,0.094238,0.002559,0.316162,0.246826,0.060485,0.008380,0.125281,-0.100250,457.290009,14902.000000
6055.000000,12.153364,0.093872,0.002646,0.317505,0.246460,0.060375,0.008388,0.128202,-0.099993,386.739990,14957.000000
6056.000000,-2.056631,0.093262,0.002641,0.315796,0.245483,0.059637,0.008304,0.124819,-0.099925,367.839996,15126.000000
6057.000000,7.850973,0.092529,0.002796,0.316162,0.245361,0.059743,0.008535,0.127148,-0.099207,421.750000,14870.000000
6058.000000,14.012191,0.092285,0.002518,0.315308,0.244873,0.059063,0.008287,0.126745,-0.098967,359.950012,14750.000000
6059.000000,4.961057,0.092285,0.003012,0.316895,0.243652,0.058993,0.008757,0.129456,-0.098555,370.850006,14766.000000
6060.000000,12.854447,0.093506,0.002898,0.317993,0.243896,0.059504,0.008606,0.127877,-0.100947,429.329987,15164.000000
6061.000000,30.389742,0.094849,0.003147,0.319702,0.246704,0.060101,0.008940,0.129528,-0.098682,387.779999,15118.000000
6062.000000,51.894802,0.095459,0.003069,0.318481,0.247192,0.060002,0.008979,0.128353,-0.099719,522.909973,15027.000000
6063.000000,20.785181,0.095215,0.002401,0.318970,0.247559,0.060157,0.008317,0.131859,-0.099757,360.510010,14975.000000
6064.000000,33.016426,0.094849,0.002325,0.317261,0.245239,0.059621,0.008059,0.131089,-0.101999,413.160004,14903.000000
6065.000000,-16.201744,0.093506,0.002350,0.316162,0.244019,0.059179,0.007992,0.126239,-0.100990,360.209991,15024.000000
6066.000000,-3.796766,0.093140,0.002501,0.316406,0.244873,0.059674,0.008109,0.127769,-0.098061,356.140015,14900.000000
6067.000000,11.985820,0.093140,0.002340,0.317383,0.244995,0.059539,0.008171,0.129330,-0.097302,416.359985,14962.000000
6068.000000,24.904400,0.093628,0.002955,0.318237,0.246704,0.059849,0.009002,0.127599,-0.099731,377.619995,15202.000000
6069.000000,7.706435,0.094360,0.002891,0.318237,0.247070,0.060401,0.008979,0.128005,-0.099050,394.130005,15101.000000
6070.000000,5.440055,0.095337,0.002802,0.318970,0.247803,0.060835,0.008833,0.129346,-0.098359,322.950012,15080.000000
6071.000000,53.806004,0.095337,0.002702,0.320679,0.247559,0.060652,0.008639,0.131822,-0.097914,426.850006,14862.000000
6072.000000,5.389046,0.095093,0.002656,0.320923,0.248047,0.060753,0.008620,0.128173,-0.097890,363.709991,15158.000000
6073.000000,7.127013,0.095093,0.002616,0.320190,0.248047,0.060743,0.008477,0.125889,-0.101463,462.609985,15076.000000
6074.000000,6.467071,0.093994,0.002372,0.319336,0.245728,0.060447,0.008160,0.124937,-0.101657,382.279999,15036.000000
6075.000000,12.242213,0.094116,0.002259,0.321533,0.247192,0.060565,0.008008,0.127699,-0.100587,472.970001,15166.000000
6076.000000,6.265415,0.094238,0.002221,0.320801,0.245605,0.060596,0.007955,0.129322,-0.098442,393.119995,15114.000000
6077.000000,36.139828,0.094238,0.002203,0.321167,0.245972,0.060484,0.008105,0.129538,-0.096644,465.820007,15016.000000
6078.000000,24.026192,0.094849,0.002135,0.321655,0.245728,0.060255,0.008057,0.128827,-0.097490,316.000000,14907.000000
6079.000000,-10.803780,0.095459,0.002157,0.323486,0.246826,0.060674,0.008018,0.128231,-0.097382,482.359985,15422.000000
6080.000000,33.722584,0.093384,0.001702,0.321411,0.244751,0.059393,0.007503,0.126434,-0.099235,423.890015,15169.000000
6081.000000,42.945278,0.093384,0.001637,0.321533,0.244141,0.058686,0.007376,0.124427,-0.100800,436.350006,15126.000000
6082.000000,24.431345,0.093384,0.001838,0.322266,0.244751,0.058877,0.007638,0.125035,-0.099295,418.769989,15345.000000
6083.000000,24.974916,0.093384,0.001909,0.321655,0.245117,0.059175,0.007701,0.124827,-0.101381,394.649994,14969.000000
6084.000000,-2.683026,0.093384,0.002361,0.322754,0.245361,0.059508,0.008103,0.125445,-0.099523,315.269989,14960.000000
6085.000000,0.135426,0.093994,0.001953,0.323364,0.247070,0.059669,0.007852,0.128926,-0.096416,403.570007,15238.000000
6086.000000,-11.354013,0.094849,0.002089,0.325195,0.248047,0.060363,0.008050,0.132210,-0.095016,407.730011,15131.000000
6087.000000,2.880742,0.094360,0.002157,0.326050,0.246460,0.060179,0.008100,0.130511,-0.094985,375.519989,15180.000000
6088.000000,7.751694,0.092773,0.001808,0.324219,0.243286,0.059071,0.007531,0.127258,-0.097033,391.579987,15410.000000
6089.000000,43.734413,0.092773,0.001795,0.323608,0.242920,0.058706,0.007491,0.126804,-0.096117,431.119995,15493.000000
6090.000000,-11.799070,0.092529,0.002001,0.323364,0.243896,0.058680,0.007676,0.127431,-0.096010,387.260010,15167.000000
6091.000000,-3.307267,0.093506,0.002374,0.323608,0.244751,0.058737,0.008031,0.126677,-0.097034,392.260010,15444.000000
6092.000000,7.167410,0.093994,0.002043,0.324585,0.245239,0.058552,0.007660,0.127444,-0.097434,446.709991,15146.000000
6093.000000,-23.418272,0.093994,0.002479,0.325073,0.244263,0.059177,0.008097,0.128238,-0.098582,442.269989,15230.000000
6094.000000,5.622499,0.094482,0.002538,0.326660,0.247437,0.059629,0.008380,0.133817,-0.096782,372.200012,15347.000000
6095.000000,15.764361,0.093628,0.002411,0.326782,0.246094,0.059808,0.008135,0.135594,-0.095914,406.059998,15545.000000
6096.000000,29.224062,0.093506,0.002309,0.328125,0.246460,0.059821,0.008114,0.135372,-0.096242,385.130005,15572.000000
6097.000000,8.225898,0.093628,0.002334,0.327881,0.246338,0.060161,0.008113,0.132838,-0.096469,403.619995,15278.000000
6098.000000,35.408413,0.093750,0.002286,0.326904,0.247192,0.060029,0.008002,0.130133,-0.096667,439.019989,15192.000000
6099.000000,-32.864811,0.093628,0.002353,0.326294,0.246948,0.060023,0.008065,0.127004,-0.097131,437.940002,15293.000000
6100.000000,2.511038,0.095093,0.002619,0.328125,0.247681,0.060926,0.008479,0.128275,-0.096111,411.040009,15428.000000
6101.000000,7.791396,0.095825,0.002633,0.329834,0.248535,0.061372,0.008462,0.130750,-0.096477,396.079987,15368.000000
6102.000000,21.275457,0.095337,0.002507,0.328369,0.248169,0.061027,0.008416,0.131499,-0.097298,394.000000,15358.000000
6103.000000,-3.059568,0.095337,0.002882,0.327881,0.248535,0.061284,0.008928,0.129014,-0.096943,368.880005,15356.000000
6104.000000,-9.101754,0.095215,0.002717,0.328491,0.247192,0.061111,0.008708,0.129566,-0.095961,405.970001,15104.000000
6105.000000,18.149967,0.095093,0.002636,0.328979,0.247192,0.061053,0.008598,0.127219,-0.096932,376.119995,15298.000000
6106.000000,19.161827,0.094727,0.002337,0.328247,0.244751,0.060689,0.008213,0.128006,-0.097540,418.709991,15140.000000
6107.000000,10.713249,0.093262,0.002330,0.327026,0.244751,0.060513,0.008153,0.124709,-0.098310,507.760010,15282.000000
6108.000000,27.131805,0.093506,0.002494,0.327881,0.243408,0.060537,0.008274,0.125175,-0.098059,401.390015,14819.000000
6109.000000,9.796627,0.093750,0.002620,0.327271,0.245850,0.060988,0.008631,0.124515,-0.098603,454.010010,15076.000000
6110.000000,-9.710749,0.095093,0.002583,0.327271,0.246338,0.061052,0.008585,0.124130,-0.098593,368.220001,15149.000000
6111.000000,19.286938,0.093628,0.002024,0.326416,0.244629,0.059942,0.007910,0.125255,-0.097557,406.220001,15090.000000
6112.000000,34.383587,0.092896,0.001783,0.325684,0.244995,0.059535,0.007752,0.124317,-0.098084,389.820007,15354.000000
6113.000000,18.278303,0.092896,0.001545,0.326416,0.245850,0.059256,0.007589,0.122507,-0.098005,392.029999,15322.000000
6114.000000,29.449804,0.093384,0.002509,0.326172,0.247070,0.059854,0.008537,0.121726,-0.097369,420.390015,15301.000000
6115.000000,5.165953,0.093872,0.002218,0.326416,0.247925,0.060183,0.008266,0.123932,-0.097357,464.950012,15257.000000
6116.000000,-4.047229,0.093140,0.002472,0.325684,0.246582,0.059809,0.008491,0.128182,-0.096114,322.940002,15433.000000
6117.000000,5.621962,0.092896,0.002180,0.323853,0.245850,0.059291,0.008236,0.125559,-0.096222,407.890015,15343.000000
6118.000000,5.315147,0.092773,0.001759,0.324341,0.244995,0.058943,0.007841,0.125403,-0.095948,371.549988,15342.000000
6119.000000,26.032616,0.094116,0.002299,0.325317,0.246948,0.059139,0.008544,0.129218,-0.093195,459.820007,15586.000000
6120.000000,9.687168,0.095093,0.002122,0.325684,0.247437,0.059002,0.008333,0.131794,-0.094056,391.640015,15357.000000
6121.000000,20.811445,0.093750,0.002048,0.323853,0.246460,0.058281,0.008209,0.133032,-0.095897,424.609985,15136.000000
6122.000000,24.002836,0.093750,0.002258,0.324097,0.245605,0.058575,0.008458,0.128874,-0.096087,388.690002,15571.000000
6123.000000,39.046062,0.093384,0.002384,0.322876,0.246460,0.058004,0.008684,0.128834,-0.094155,425.690002,15382.000000
6124.000000,21.158934,0.093506,0.002028,0.324341,0.244995,0.057804,0.008087,0.129347,-0.096105,417.750000,15244.000000
6125.000000,11.564753,0.094604,0.002420,0.325562,0.244873,0.058745,0.008642,0.130180,-0.092620,424.880005,15385.000000
6126.000000,24.197044,0.094727,0.002474,0.327637,0.244995,0.059104,0.008723,0.130752,-0.092589,396.059998,13516.000000
6127.000000,17.337255,0.094482,0.002487,0.326660,0.245483,0.059080,0.008744,0.130434,-0.092468,478.859985,15090.000000
6128.000000,10.869359,0.095337,0.002844,0.327881,0.244019,0.060010,0.008993,0.131767,-0.092225,372.989990,15018.000000
6129.000000,24.804983,0.094971,0.002592,0.325684,0.243164,0.059867,0.008857,0.130247,-0.093605,427.489990,15289.000000
6130.000000,-12.866409,0.094727,0.002833,0.323486,0.242920,0.059752,0.008991,0.127315,-0.097013,456.290009,15293.000000
6131.000000,10.041156,0.094116,0.002452,0.324829,0.243530,0.058975,0.008746,0.124920,-0.096992,348.350006,15219.000000
6132.000000,3.524618,0.095215,0.002772,0.324707,0.243530,0.059732,0.009166,0.125889,-0.098430,456.600006,14947.000000
6133.000000,-2.824686,0.095337,0.002590,0.325928,0.243896,0.060244,0.009031,0.128982,-0.097070,363.399994,14936.000000
6134.000000,19.559301,0.093750,0.002501,0.324951,0.243286,0.059520,0.009063,0.130153,-0.094293,349.570007,15172.000000
6135.000000,6.592866,0.093628,0.002697,0.324951,0.242432,0.059240,0.009201,0.127286,-0.095947,294.920013,15630.000000
6136.000000,10.927041,0.092651,0.002505,0.324829,0.242554,0.059331,0.009046,0.126397,-0.095257,408.760010,15516.000000
6137.000000,27.265799,0.093140,0.002661,0.325073,0.243286,0.059609,0.009204,0.126856,-0.097188,410.019989,15577.000000
6138.000000,6.926883,0.093262,0.003236,0.324341,0.242920,0.060123,0.009741,0.127182,-0.097224,433.730011,15239.000000
6139.000000,30.296598,0.092285,0.002549,0.322388,0.241577,0.059170,0.008971,0.127381,-0.097744,447.540009,15396.000000
6140.000000,-22.631769,0.091553,0.002428,0.322632,0.241089,0.058979,0.008821,0.127451,-0.096698,435.559998,15481.000000
6141.000000,34.340958,0.092407,0.003144,0.322998,0.243164,0.059566,0.009633,0.127912,-0.096085,460.709991,15224.000000
6142.000000,15.772435,0.091309,0.003147,0.322510,0.241943,0.059482,0.009565,0.126292,-0.097801,379.869995,15713.000000
6143.000000,9.050412,0.090820,0.002991,0.321777,0.240356,0.059511,0.009234,0.121792,-0.100920,385.920013,15390.000000
6144.000000,20.066353,0.090942,0.002626,0.322388,0.239502,0.059465,0.008748,0.122342,-0.101436,391.269989,15307.000000
6145.000000,-12.198961,0.091187,0.002795,0.322266,0.240112,0.059431,0.009073,0.121498,-0.098073,419.779999,15387.000000
6146.000000,-12.737046,0.091309,0.002964,0.322021,0.241943,0.059766,0.009435,0.121984,-0.096534,309.799988,15116.000000
6147.000000,0.384920,0.091431,0.002806,0.320435,0.241089,0.059375,0.009297,0.119008,-0.097080,317.230011,15282.000000
6148.000000,12.125798,0.092163,0.002899,0.323120,0.240601,0.059845,0.009284,0.121236,-0.096549,402.880005,15355.000000
6149.000000,19.257233,0.092041,0.002829,0.322388,0.240601,0.059667,0.009251,0.125561,-0.095586,420.519989,15318.000000
6150.000000,4.743787,0.093384,0.003431,0.324219,0.242310,0.060540,0.009950,0.128145,-0.096282,396.209991,15066.000000
6151.000000,24.692682,0.093628,0.003365,0.322876,0.242676,0.060944,0.009859,0.128433,-0.098123,426.929993,15309.000000
6152.000000,40.240772,0.093750,0.002934,0.323486,0.241333,0.061122,0.009200,0.128574,-0.099661,363.429993,15371.000000
6153.000000,4.010204,0.093140,0.003028,0.322754,0.240112,0.061253,0.009202,0.130102,-0.098716,469.959991,15308.000000
6154.000000,49.095955,0.093018,0.002875,0.322998,0.238647,0.060952,0.009010,0.131146,-0.099602,418.549988,15365.000000
6155.000000,15.993127,0.093140,0.002570,0.323120,0.238525,0.060559,0.008715,0.130814,-0.099669,354.679993,15115.000000
6156.000000,3.238617,0.093994,0.003099,0.324219,0.239868,0.061296,0.009343,0.133838,-0.096965,383.940002,15329.000000
6157.000000,26.402824,0.093506,0.002732,0.323364,0.239502,0.061233,0.009043,0.133890,-0.096341,374.769989,14981.000000
6158.000000,-22.129957,0.094727,0.003681,0.324585,0.240479,0.062272,0.009908,0.134204,-0.096626,412.869995,15139.000000
6159.000000,5.155591,0.093994,0.003053,0.323853,0.240845,0.062310,0.009315,0.133588,-0.096552,438.869995,15136.000000
6160.000000,11.785978,0.094116,0.003135,0.324463,0.241943,0.062778,0.009313,0.134942,-0.098164,343.359985,15002.000000
6161.000000,-9.736249,0.094482,0.002601,0.324829,0.241211,0.062213,0.008715,0.132138,-0.101957,356.690002,14966.000000
6162.000000,28.870440,0.093628,0.002353,0.323364,0.239868,0.061540,0.008530,0.129521,-0.102312,352.839996,15126.000000
6163.000000,12.142679,0.093872,0.002448,0.324097,0.239502,0.061453,0.008550,0.127527,-0.102276,443.929993,14937.000000
6164.000000,18.364559,0.094238,0.002850,0.325317,0.238770,0.061676,0.008838,0.130951,-0.099727,454.859985,15024.000000
6165.000000,6.693377,0.093872,0.002731,0.326416,0.239014,0.061584,0.008791,0.134184,-0.097513,403.309998,14949.000000
6166.000000,-0.838435,0.092896,0.002685,0.325073,0.238647,0.061619,0.008711,0.132900,-0.098735,356.059998,15136.000000
6167.000000,59.717545,0.092896,0.002607,0.326050,0.238770,0.061118,0.008666,0.132236,-0.099121,383.970001,15234.000000
6168.000000,27.339424,0.093628,0.003120,0.327393,0.239868,0.062029,0.009322,0.132281,-0.098113,365.989990,15298.000000
6169.000000,6.965981,0.092407,0.003125,0.325073,0.238403,0.061405,0.009286,0.131951,-0.098419,440.839996,15378.000000
6170.000000,-7.966999,0.091675,0.002654,0.323486,0.237671,0.060549,0.008831,0.126987,-0.100644,377.559998,15504.000000
6171.000000,12.196270,0.091797,0.002682,0.322510,0.238159,0.061067,0.008774,0.125583,-0.100294,330.339996,15104.000000
6172.000000,-7.371407,0.091675,0.002395,0.323486,0.239258,0.060761,0.008579,0.126819,-0.099601,430.709991,15144.000000
6173.000000,-10.905956,0.091309,0.002782,0.324463,0.240967,0.061385,0.009133,0.129795,-0.097973,369.839996,15260.000000
6174.000000,-3.130585,0.091675,0.002845,0.324097,0.239746,0.061188,0.009131,0.128418,-0.097551,351.190002,15022.000000
6175.000000,31.468729,0.090698,0.002524,0.321533,0.237793,0.060743,0.008757,0.127799,-0.098164,388.209991,15098.000000
6176.000000,16.106922,0.089844,0.002729,0.320923,0.238281,0.060466,0.009044,0.124474,-0.101665,468.359985,15330.000000
6177.000000,-19.940166,0.090332,0.002438,0.321655,0.238647,0.060424,0.008797,0.131195,-0.098207,379.750000,15534.000000
6178.000000,5.450509,0.089600,0.002175,0.321777,0.240723,0.060194,0.008688,0.134637,-0.096956,286.950012,15338.000000
6179.000000,-0.517720,0.089478,0.002201,0.322388,0.241333,0.060269,0.008706,0.139308,-0.096591,403.679993,14967.000000
6180.000000,-1.395597,0.089478,0.002102,0.322754,0.239990,0.060037,0.008570,0.139905,-0.098720,357.679993,15214.000000
6181.000000,24.701271,0.089233,0.002667,0.322754,0.237549,0.060655,0.009076,0.135524,-0.100615,425.369995,15388.000000
6182.000000,-1.980726,0.088867,0.002644,0.322876,0.237305,0.061033,0.009162,0.135435,-0.099227,458.359985,15362.000000
6183.000000,-3.946065,0.088867,0.003062,0.322998,0.235962,0.061395,0.009600,0.134403,-0.101204,410.519989,15429.000000
6184.000000,30.341768,0.089844,0.003318,0.322876,0.237427,0.062048,0.009893,0.135852,-0.097119,425.209991,15189.000000
6185.000000,-5.081954,0.089233,0.003296,0.322754,0.238159,0.062446,0.009858,0.137165,-0.095565,413.070007,15121.000000
6186.000000,15.389898,0.090454,0.003428,0.323975,0.239868,0.062555,0.010022,0.140355,-0.096451,441.100006,15453.000000
6187.000000,9.026490,0.090820,0.003154,0.324585,0.241943,0.063099,0.009860,0.142572,-0.094852,283.480011,15426.000000
6188.000000,-20.963028,0.090576,0.002716,0.322754,0.241455,0.062531,0.009449,0.139056,-0.098002,407.750000,15508.000000
6189.000000,29.618689,0.089966,0.002764,0.319580,0.240601,0.061901,0.009478,0.133643,-0.101085,402.790009,15007.000000
6190.000000,-0.345277,0.089355,0.002517,0.320068,0.240112,0.061408,0.009046,0.134817,-0.100374,354.019989,15035.000000
6191.000000,-5.492481,0.089355,0.003166,0.319946,0.240723,0.061717,0.009777,0.136830,-0.097729,365.250000,15547.000000
6192.000000,-6.748291,0.089233,0.003140,0.320068,0.240845,0.061919,0.009886,0.138362,-0.098239,407.660004,15683.000000
6193.000000,18.616098,0.089478,0.003058,0.319092,0.242554,0.062021,0.009914,0.141085,-0.097962,303.230011,15545.000000
6194.000000,-3.185768,0.089844,0.003338,0.319214,0.242432,0.062929,0.010201,0.141471,-0.097458,421.140015,15435.000000
6195.000000,-3.793629,0.089478,0.003059,0.319214,0.240479,0.063129,0.009764,0.142848,-0.096669,379.410004,15594.000000
6196.000000,17.998365,0.088135,0.002423,0.319092,0.237793,0.062540,0.009105,0.143353,-0.097901,400.519989,15609.000000
6197.000000,18.392452,0.088257,0.002632,0.319092,0.237915,0.062849,0.009351,0.143289,-0.099732,368.079987,15445.000000
6198.000000,10.786714,0.088989,0.002994,0.319824,0.237793,0.063913,0.009744,0.142199,-0.100052,392.859985,15532.000000
6199.000000,-19.028111,0.088379,0.002789,0.320312,0.237793,0.064003,0.009715,0.142158,-0.099287,418.920013,15566.000000
6200.000000,22.336733,0.087036,0.003144,0.317871,0.236572,0.063399,0.010115,0.141998,-0.098150,356.429993,15676.000000
6201.000000,23.889688,0.087158,0.003285,0.317383,0.237549,0.063406,0.010393,0.142526,-0.096748,394.609985,15723.000000
6202.000000,16.469648,0.086304,0.003137,0.317017,0.238037,0.063280,0.010509,0.142536,-0.096040,352.760010,15418.000000
6203.000000,7.450619,0.086304,0.003371,0.316895,0.236206,0.063211,0.010662,0.143602,-0.098482,318.790009,15407.000000
6204.000000,6.715703,0.086060,0.003063,0.317505,0.236694,0.063813,0.010341,0.145118,-0.096573,429.250000,15339.000000
6205.000000,-0.185987,0.086304,0.003440,0.316162,0.236450,0.063757,0.010645,0.141458,-0.097980,421.890015,15403.000000
6206.000000,33.458191,0.086182,0.003846,0.314331,0.237061,0.063556,0.010960,0.140044,-0.097752,449.290009,15618.000000
6207.000000,12.374738,0.087158,0.003674,0.313965,0.236694,0.063907,0.010736,0.140009,-0.097339,451.799988,15217.000000
6208.000000,32.717445,0.086792,0.003511,0.313721,0.237671,0.064217,0.010544,0.140918,-0.098312,366.559998,15308.000000
6209.000000,-20.124252,0.086670,0.003014,0.312988,0.238525,0.063646,0.010256,0.142544,-0.098368,367.850006,15270.000000
6210.000000,-30.587690,0.087769,0.003376,0.314575,0.239136,0.064325,0.010713,0.142439,-0.097577,357.829987,15247.000000
6211.000000,5.246887,0.088257,0.003330,0.315186,0.238647,0.064477,0.010449,0.143052,-0.098209,350.589996,15215.000000
6212.000000,5.018512,0.087769,0.003178,0.314941,0.238403,0.064651,0.010261,0.146167,-0.097289,334.519989,15412.000000
6213.000000,8.547470,0.086060,0.002747,0.314453,0.237427,0.063878,0.009764,0.146796,-0.099879,312.170013,15290.000000
6214.000000,5.613681,0.085571,0.002726,0.313721,0.236694,0.063951,0.009744,0.144827,-0.098417,384.920013,15357.000000
6215.000000,13.814639,0.085449,0.002585,0.313721,0.236572,0.063825,0.009577,0.144115,-0.101419,432.869995,15155.000000
6216.000000,23.270306,0.086426,0.002778,0.315063,0.236450,0.063954,0.009847,0.144652,-0.100094,309.000000,15588.000000
6217.000000,12.066458,0.087280,0.003214,0.315674,0.238281,0.064695,0.010302,0.148144,-0.097166,386.679993,15325.000000
6218.000000,-9.271525,0.086548,0.002730,0.314819,0.236084,0.064235,0.009636,0.148636,-0.100640,345.399994,15295.000000
6219.000000,32.925606,0.086670,0.002963,0.312744,0.236816,0.064257,0.009823,0.148936,-0.100230,414.480011,15176.000000
6220.000000,13.973138,0.087158,0.002896,0.314575,0.236938,0.064590,0.009871,0.149684,-0.100028,418.059998,15399.000000
6221.000000,25.307518,0.088257,0.003030,0.315308,0.237671,0.064953,0.009860,0.152894,-0.097306,324.579987,12504.000000
6222.000000,2.418787,0.089355,0.003704,0.316406,0.238892,0.066174,0.010706,0.153145,-0.095300,366.230011,15123.000000
6223.000000,30.081827,0.089722,0.003062,0.317627,0.237427,0.065634,0.009952,0.150911,-0.098323,393.649994,14867.000000
6224.000000,14.385777,0.090088,0.002715,0.317261,0.237061,0.065654,0.009571,0.150922,-0.099331,353.510010,15032.000000
6225.000000,27.782667,0.090454,0.002807,0.316528,0.235352,0.065510,0.009464,0.147661,-0.098939,419.040009,14970.000000
6226.000000,8.816676,0.090332,0.002890,0.317017,0.235962,0.065201,0.009491,0.146269,-0.098658,367.859985,14978.000000
6227.000000,12.265423,0.089355,0.002759,0.315430,0.235718,0.064788,0.009483,0.145432,-0.099794,325.269989,14936.000000
6228.000000,-2.826317,0.089111,0.002286,0.315796,0.234741,0.063926,0.008991,0.141210,-0.104801,347.079987,15013.000000
6229.000000,28.677984,0.089600,0.002628,0.317139,0.235107,0.064471,0.009384,0.143301,-0.102320,409.649994,15077.000000
6230.000000,30.259537,0.089111,0.002825,0.315063,0.235107,0.064409,0.009760,0.143471,-0.100193,376.350006,14850.000000
6231.000000,11.287054,0.089233,0.003029,0.316284,0.236084,0.064631,0.010175,0.146092,-0.098126,365.649994,14962.000000
6232.000000,-4.398659,0.089966,0.002721,0.316650,0.234497,0.064685,0.009791,0.144966,-0.101835,398.619995,15125.000000
6233.000000,19.290817,0.090210,0.002641,0.317871,0.234131,0.064525,0.009699,0.144156,-0.102964,357.529999,15130.000000
6234.000000,37.457466,0.091187,0.002372,0.318359,0.235718,0.064932,0.009568,0.144271,-0.101833,396.940002,15115.000000
6235.000000,12.178488,0.092163,0.002588,0.319214,0.235474,0.064944,0.009766,0.147863,-0.102374,353.579987,15105.000000
6236.000000,-12.116012,0.091431,0.002083,0.320435,0.234253,0.064314,0.009110,0.148414,-0.104319,321.820007,15005.000000
6237.000000,5.752043,0.091919,0.002492,0.320679,0.234131,0.064901,0.009457,0.145346,-0.103619,398.929993,14957.000000
6238.000000,25.054684,0.090820,0.002171,0.319458,0.232666,0.063974,0.009157,0.144092,-0.103239,326.850006,14952.000000
6239.000000,28.528818,0.090942,0.002880,0.319824,0.233154,0.064736,0.009981,0.143145,-0.101982,405.200012,14930.000000
6240.000000,3.081313,0.090454,0.002391,0.320312,0.230713,0.064051,0.009475,0.139934,-0.102741,317.220001,15038.000000
6241.000000,21.226828,0.090210,0.002268,0.320923,0.232666,0.063689,0.009383,0.138741,-0.102508,344.250000,15040.000000
6242.000000,23.638784,0.091431,0.002377,0.322144,0.233276,0.063602,0.009528,0.142714,-0.100480,417.829987,15198.000000
6243.000000,4.589280,0.091431,0.002362,0.322876,0.233032,0.063520,0.009513,0.143544,-0.100868,295.140015,15556.000000
6244.000000,19.707861,0.091187,0.002324,0.322388,0.234863,0.063606,0.009368,0.141889,-0.101247,405.940002,15636.000000
6245.000000,22.370277,0.091309,0.002652,0.323608,0.234985,0.064077,0.009639,0.142999,-0.101313,344.929993,15551.000000
6246.000000,15.128549,0.090698,0.002372,0.322388,0.234497,0.063371,0.009453,0.139526,-0.101774,362.540009,15622.000000
6247.000000,-7.422827,0.090942,0.002211,0.322510,0.234375,0.063426,0.009120,0.142738,-0.101363,380.410004,15258.000000
6248.000000,7.508557,0.091431,0.002714,0.323975,0.234863,0.064176,0.009485,0.143621,-0.101421,294.720001,15422.000000
6249.000000,32.596142,0.091064,0.002599,0.323120,0.237671,0.064173,0.009474,0.146987,-0.098200,440.720001,15348.000000
6250.000000,31.484716,0.089478,0.002194,0.322510,0.236206,0.063248,0.009033,0.145024,-0.099816,347.700012,15214.000000
6251.000000,4.574915,0.088013,0.002419,0.321045,0.234253,0.062513,0.009186,0.139083,-0.099590,299.450012,15324.000000
6252.000000,34.017662,0.088135,0.002976,0.321167,0.234497,0.062909,0.009731,0.141872,-0.098100,392.079987,14914.000000
6253.000000,-23.044083,0.088135,0.002822,0.321655,0.233765,0.063045,0.009557,0.141653,-0.098532,342.209991,15055.000000
6254.000000,43.957451,0.088623,0.002669,0.322754,0.234375,0.062985,0.009492,0.141495,-0.098458,375.950012,14939.000000
6255.000000,-20.181202,0.088989,0.002252,0.321899,0.234375,0.062792,0.009115,0.140680,-0.102834,519.359985,14821.000000
6256.000000,12.557439,0.088379,0.002329,0.321045,0.234863,0.063199,0.009214,0.140195,-0.102713,373.089996,15510.000000
6257.000000,8.476532,0.088867,0.002477,0.321533,0.235474,0.063507,0.009320,0.143648,-0.100574,391.899994,14938.000000
6258.000000,33.735210,0.088135,0.002113,0.320679,0.235474,0.062836,0.008955,0.145477,-0.100173,340.690002,14959.000000
6259.000000,22.808109,0.088501,0.002345,0.321899,0.234741,0.063030,0.009218,0.146101,-0.098651,391.769989,14967.000000
6260.000000,18.897770,0.088379,0.002071,0.321655,0.233032,0.063117,0.008928,0.142978,-0.100393,342.390015,14759.000000
6261.000000,-26.597866,0.088501,0.002091,0.321411,0.233276,0.062738,0.009076,0.145459,-0.099406,377.399994,15287.000000
6262.000000,-5.353939,0.088501,0.002274,0.322266,0.234497,0.063431,0.009351,0.147925,-0.098610,337.829987,15098.000000
6263.000000,13.018270,0.087280,0.002312,0.321533,0.232544,0.063189,0.009337,0.150557,-0.097686,313.779999,15053.000000
6264.000000,17.771585,0.087280,0.002377,0.323730,0.233032,0.063715,0.009326,0.150628,-0.100221,244.449997,14857.000000
6265.000000,5.754238,0.087402,0.002182,0.324707,0.233276,0.063769,0.009026,0.152018,-0.098364,374.869995,14685.000000
6266.000000,20.046936,0.088257,0.002439,0.324585,0.234741,0.063769,0.009405,0.149496,-0.097195,366.459991,14822.000000
6267.000000,14.428321,0.088013,0.002523,0.323486,0.234375,0.063707,0.009455,0.151046,-0.098148,401.609985,14949.000000
6268.000000,-0.901665,0.088135,0.002237,0.324341,0.233643,0.063832,0.009170,0.150883,-0.099532,420.730011,14751.000000
6269.000000,4.293718,0.089722,0.002419,0.324951,0.233398,0.064274,0.009406,0.152326,-0.101454,370.649994,14729.000000
6270.000000,-13.175340,0.089844,0.001881,0.324951,0.232300,0.064065,0.008841,0.151941,-0.102461,341.399994,15192.000000
6271.000000,63.432327,0.090454,0.002200,0.326416,0.235352,0.064328,0.009418,0.151392,-0.100332,442.730011,15094.000000
6272.000000,5.783000,0.089966,0.001911,0.323486,0.235474,0.063663,0.009071,0.151040,-0.101374,326.619995,15223.000000
6273.000000,1.033659,0.089844,0.001945,0.323853,0.235229,0.063562,0.008942,0.153063,-0.100131,318.109985,15263.000000
6274.000000,-10.356563,0.090576,0.001943,0.324707,0.234985,0.063583,0.008921,0.152288,-0.101361,322.279999,15439.000000
6275.000000,2.549284,0.090698,0.002330,0.325317,0.234131,0.064033,0.009169,0.150690,-0.102753,447.019989,15369.000000
6276.000000,8.574513,0.090576,0.002149,0.325195,0.233276,0.064194,0.009004,0.154182,-0.098681,416.170013,15258.000000
6277.000000,10.518542,0.092041,0.002254,0.326904,0.234741,0.064456,0.009191,0.154478,-0.100175,390.980011,15407.000000
6278.000000,11.010192,0.091431,0.002306,0.327026,0.234985,0.064113,0.009317,0.156834,-0.100663,355.190002,15371.000000
6279.000000,-12.098258,0.092163,0.002400,0.327637,0.236816,0.064780,0.009344,0.154804,-0.098801,377.600006,15277.000000
6280.000000,12.681140,0.092896,0.002744,0.328735,0.236816,0.065664,0.009622,0.157789,-0.099825,374.480011,15327.000000
6281.000000,-15.013026,0.091797,0.002463,0.328247,0.237305,0.065797,0.009339,0.161599,-0.097946,358.049988,15244.000000
6282.000000,5.322629,0.091431,0.002299,0.327148,0.236694,0.065526,0.009230,0.160012,-0.098417,423.869995,15456.000000
6283.000000,3.142051,0.092163,0.002283,0.329468,0.236938,0.065775,0.009101,0.160352,-0.099735,267.609985,15348.000000
6284.000000,43.657745,0.092163,0.002080,0.329224,0.236328,0.065407,0.008960,0.158680,-0.100044,381.019989,15181.000000
6285.000000,22.785065,0.093018,0.002944,0.330688,0.237427,0.066094,0.009682,0.157743,-0.100712,327.399994,15280.000000
6286.000000,28.630596,0.093018,0.002593,0.331665,0.236694,0.066072,0.009392,0.155683,-0.097944,461.700012,15354.000000
6287.000000,73.313797,0.092285,0.002787,0.330688,0.236084,0.065949,0.009556,0.156780,-0.099510,382.910004,15192.000000
6288.000000,11.315673,0.091431,0.002666,0.329102,0.234741,0.065447,0.009292,0.158187,-0.099851,357.510010,15135.000000
6289.000000,26.885321,0.092163,0.002818,0.331299,0.235229,0.066123,0.009495,0.157322,-0.101966,373.899994,15222.000000
6290.000000,14.113916,0.092651,0.002809,0.332397,0.235718,0.066322,0.009593,0.158927,-0.098567,361.010010,15417.000000
6291.000000,34.675701,0.094116,0.002816,0.333618,0.238037,0.066313,0.009830,0.161603,-0.095917,354.239990,15203.000000
6292.000000,22.652184,0.093628,0.002624,0.335083,0.236938,0.066493,0.009524,0.161574,-0.099122,400.769989,15122.000000
6293.000000,14.582551,0.092773,0.002301,0.332275,0.235840,0.066139,0.009099,0.159979,-0.102002,325.970001,15274.000000
6294.000000,21.175062,0.093262,0.002604,0.333496,0.235474,0.066239,0.009278,0.155986,-0.102641,350.540009,15260.000000
6295.000000,9.880940,0.092285,0.002618,0.330200,0.232910,0.065448,0.009286,0.148837,-0.105082,332.489990,15211.000000
6296.000000,-12.585702,0.092896,0.002707,0.330078,0.235229,0.066056,0.009599,0.152590,-0.100008,358.540009,15293.000000
6297.000000,2.905334,0.092285,0.002616,0.330200,0.235474,0.065675,0.009634,0.155222,-0.099108,341.619995,15284.000000
6298.000000,45.454029,0.092651,0.002570,0.331055,0.237061,0.065135,0.009728,0.153233,-0.099550,363.920013,15116.000000
6299.000000,45.239086,0.093018,0.002713,0.330933,0.235840,0.064971,0.009819,0.152094,-0.100670,394.929993,15159.000000
6300.000000,33.268192,0.092407,0.002409,0.329224,0.234863,0.064514,0.009354,0.149304,-0.102242,407.630005,15295.000000
6301.000000,48.403286,0.092285,0.002846,0.328979,0.232544,0.064206,0.009687,0.148765,-0.104122,331.209991,15683.000000
6302.000000,16.924971,0.093506,0.002721,0.329712,0.235107,0.064802,0.009668,0.151459,-0.101417,370.980011,15369.000000
6303.000000,12.646358,0.093872,0.003435,0.330688,0.236450,0.065552,0.010311,0.158606,-0.099714,341.829987,15464.000000
6304.000000,-14.057300,0.094604,0.002832,0.330322,0.235718,0.065630,0.009540,0.159907,-0.099277,397.880005,15461.000000
6305.000000,-1.006812,0.095093,0.003325,0.330078,0.236084,0.065972,0.010029,0.155699,-0.102315,352.929993,15228.000000
6306.000000,11.083272,0.095825,0.003018,0.331665,0.235962,0.066384,0.009596,0.155157,-0.103416,348.200012,15383.000000
6307.000000,22.255123,0.095459,0.002935,0.331421,0.236938,0.066349,0.009463,0.159637,-0.099788,445.049988,15562.000000
6308.000000,53.258427,0.093994,0.002579,0.330200,0.236450,0.065298,0.009294,0.159596,-0.099486,412.329987,15248.000000
6309.000000,47.632671,0.094238,0.002551,0.329712,0.237427,0.065195,0.009280,0.156665,-0.102692,366.959991,15394.000000
6310.000000,-13.751490,0.094604,0.002502,0.329834,0.235352,0.065315,0.008974,0.156909,-0.103259,331.820007,15297.000000
6311.000000,22.858486,0.094238,0.002698,0.330933,0.234253,0.065434,0.009087,0.153793,-0.103839,400.489990,15323.000000
6312.000000,28.370806,0.095947,0.003054,0.331543,0.236328,0.066427,0.009515,0.154798,-0.102442,363.649994,15331.000000
6313.000000,12.334842,0.095825,0.002702,0.333008,0.236450,0.066721,0.009217,0.158787,-0.100393,397.059998,15233.000000
6314.000000,-3.071052,0.095581,0.002637,0.333618,0.237671,0.066538,0.009304,0.161480,-0.101631,380.160004,15134.000000
6315.000000,24.215546,0.094727,0.002803,0.332031,0.237183,0.066121,0.009480,0.158253,-0.103482,316.170013,15413.000000
6316.000000,5.658655,0.093262,0.002344,0.330688,0.234497,0.065407,0.008882,0.155693,-0.106636,434.429993,15435.000000
6317.000000,40.464577,0.093384,0.002537,0.330200,0.236328,0.065301,0.009181,0.156896,-0.102541,417.209991,15350.000000
6318.000000,67.555893,0.093018,0.002479,0.330444,0.236328,0.065051,0.009061,0.158081,-0.102316,414.130005,15118.000000
6319.000000,-5.332582,0.093750,0.003469,0.329102,0.238770,0.066204,0.010210,0.160874,-0.100321,404.049988,15329.000000
6320.000000,10.917183,0.094116,0.003185,0.328613,0.237061,0.065798,0.009993,0.160095,-0.100704,338.769989,15178.000000
6321.000000,10.171946,0.093994,0.002813,0.328613,0.237915,0.065889,0.009786,0.160410,-0.101607,395.649994,15507.000000
6322.000000,16.527481,0.093140,0.002828,0.330078,0.236206,0.065557,0.009814,0.160365,-0.099092,481.209991,15283.000000
6323.000000,13.848376,0.092896,0.002648,0.331177,0.236084,0.065429,0.009732,0.160396,-0.098314,447.760010,15206.000000
6324.000000,8.755485,0.093018,0.002869,0.332153,0.236816,0.066071,0.010016,0.158705,-0.098759,305.559998,15310.000000
6325.000000,22.399473,0.092407,0.002522,0.331543,0.235962,0.066073,0.009450,0.161184,-0.099463,388.760010,15337.000000
6326.000000,6.954614,0.092285,0.003114,0.331177,0.235107,0.066211,0.010015,0.159409,-0.099720,383.329987,14888.000000
6327.000000,18.502439,0.091431,0.002752,0.329102,0.234741,0.065640,0.009780,0.154392,-0.099911,458.820007,14672.000000
6328.000000,-2.962114,0.091919,0.002886,0.329834,0.233643,0.066118,0.009868,0.153764,-0.099797,366.010010,15003.000000
6329.000000,-4.888800,0.092285,0.003111,0.332642,0.236084,0.066558,0.010175,0.155875,-0.096812,424.660004,15226.000000
6330.000000,-5.496944,0.093140,0.003800,0.331909,0.235596,0.067135,0.010788,0.154034,-0.098066,311.880005,15199.000000
6331.000000,-1.394011,0.093628,0.003228,0.333130,0.235474,0.067077,0.010281,0.153219,-0.100392,382.480011,15142.000000
6332.000000,63.266964,0.094604,0.003153,0.333252,0.235474,0.066830,0.010019,0.150953,-0.102137,451.910004,15173.000000
6333.000000,11.752851,0.095215,0.003534,0.333862,0.236572,0.067182,0.010370,0.151960,-0.102251,354.119995,15299.000000
6334.000000,20.277187,0.094238,0.002979,0.332520,0.238037,0.067074,0.009985,0.152198,-0.098871,317.619995,15146.000000
6335.000000,19.458464,0.094482,0.003103,0.331543,0.238525,0.067551,0.010053,0.153675,-0.101367,316.010010,15373.000000
6336.000000,51.642689,0.094971,0.002826,0.332886,0.237915,0.067643,0.009771,0.151847,-0.099173,401.119995,15219.000000
6337.000000,-1.249294,0.095459,0.002760,0.333740,0.239014,0.067796,0.009849,0.155694,-0.097049,378.269989,15243.000000
6338.000000,-19.208538,0.094604,0.002561,0.331665,0.238281,0.067048,0.009490,0.154963,-0.099149,383.589996,15047.000000
6339.000000,32.719624,0.093628,0.002427,0.330566,0.234985,0.066238,0.009127,0.150592,-0.101839,362.320007,15154.000000
6340.000000,-10.025130,0.094971,0.002769,0.333862,0.236938,0.066990,0.009614,0.148829,-0.099819,339.559998,15320.000000
6341.000000,7.198105,0.095215,0.002311,0.337280,0.237305,0.066998,0.009225,0.154472,-0.098495,368.350006,15236.000000
6342.000000,-8.795050,0.095703,0.003128,0.337524,0.237305,0.067638,0.009976,0.154866,-0.097446,436.859985,15262.000000
6343.000000,58.226540,0.095947,0.003362,0.336426,0.237549,0.067550,0.010163,0.154574,-0.096845,370.519989,15176.000000
6344.000000,55.035229,0.096924,0.003665,0.335938,0.238647,0.067854,0.010651,0.155806,-0.093047,401.609985,15267.000000
6345.000000,15.204632,0.096069,0.003326,0.336304,0.238525,0.067872,0.010461,0.158291,-0.095446,370.940002,15068.000000
6346.000000,-4.629999,0.095947,0.003103,0.334717,0.237671,0.067698,0.010074,0.157884,-0.098244,323.809998,15317.000000
6347.000000,13.727349,0.096436,0.003041,0.335327,0.236206,0.067906,0.009923,0.158185,-0.100752,318.109985,15630.000000
6348.000000,22.027899,0.096558,0.002981,0.334717,0.236084,0.067865,0.009903,0.155741,-0.099705,422.959991,15275.000000
6349.000000,39.704147,0.094971,0.002893,0.332031,0.236938,0.066784,0.010005,0.157363,-0.097600,388.540009,15112.000000
6350.000000,9.401557,0.094849,0.003076,0.332031,0.238525,0.067214,0.010329,0.161379,-0.097099,301.899994,14895.000000
6351.000000,9.219409,0.093384,0.002888,0.331787,0.236572,0.067076,0.010126,0.162600,-0.097956,291.630005,14946.000000
6352.000000,11.057098,0.093872,0.003130,0.331787,0.238159,0.067035,0.010447,0.159905,-0.097884,400.230011,14885.000000
6353.000000,54.460323,0.094604,0.003316,0.332275,0.237427,0.066858,0.010555,0.158149,-0.099065,345.500000,14979.000000
6354.000000,85.795647,0.093872,0.003201,0.330688,0.236572,0.066819,0.010290,0.158307,-0.099169,446.440002,15626.000000
6355.000000,13.219853,0.093384,0.003549,0.330078,0.236450,0.066795,0.010730,0.157485,-0.097388,357.950012,15566.000000
6356.000000,38.041653,0.093872,0.004192,0.330811,0.239136,0.067842,0.011465,0.160389,-0.096977,379.809998,15323.000000
6357.000000,19.589636,0.093872,0.004005,0.330444,0.239380,0.067964,0.011290,0.158804,-0.098202,415.410004,15066.000000
6358.000000,67.613686,0.094727,0.004483,0.330078,0.238647,0.068231,0.011621,0.160430,-0.097334,437.500000,15367.000000
6359.000000,-12.394855,0.095215,0.003976,0.328491,0.238892,0.068425,0.011079,0.157416,-0.097615,320.410004,15151.000000
6360.000000,12.463248,0.095093,0.003671,0.328857,0.239990,0.068330,0.010879,0.160061,-0.096928,437.829987,15191.000000
6361.000000,39.527462,0.095093,0.003694,0.328613,0.239136,0.068421,0.010806,0.159006,-0.098453,337.779999,14984.000000
6362.000000,81.068138,0.094849,0.003476,0.329346,0.238525,0.067932,0.010550,0.156408,-0.100421,437.519989,15020.000000
6363.000000,49.919556,0.094849,0.003420,0.329590,0.237549,0.067125,0.010758,0.153516,-0.099830,430.279999,15671.000000
6364.000000,14.937922,0.094360,0.003445,0.326904,0.236328,0.067073,0.010707,0.154100,-0.099373,447.100006,15496.000000
6365.000000,20.763927,0.093872,0.003178,0.326172,0.235718,0.066174,0.010497,0.153558,-0.101570,339.940002,15429.000000
6366.000000,-14.155573,0.095459,0.003657,0.328735,0.236572,0.066842,0.010933,0.154993,-0.100717,373.179993,15346.000000
6367.000000,11.444040,0.095215,0.003802,0.327759,0.237061,0.067117,0.010852,0.154570,-0.100217,306.519989,15152.000000
6368.000000,2.712247,0.095947,0.003913,0.328491,0.236938,0.067799,0.010988,0.158341,-0.097126,327.700012,15205.000000
6369.000000,44.556725,0.095825,0.003626,0.327271,0.238159,0.067751,0.010744,0.159782,-0.098931,445.519989,15191.000000
6370.000000,23.869598,0.096313,0.002929,0.328003,0.239380,0.067303,0.010078,0.158484,-0.100430,398.100006,15389.000000
6371.000000,21.147032,0.096069,0.002541,0.328613,0.238403,0.067426,0.009655,0.156964,-0.100494,383.250000,15363.000000
6372.000000,34.187145,0.096313,0.002986,0.329590,0.239502,0.067711,0.010049,0.159105,-0.100959,406.149994,15351.000000
6373.000000,17.485729,0.096680,0.002632,0.331055,0.240112,0.068220,0.009830,0.162772,-0.101020,397.619995,15244.000000
6374.000000,16.692362,0.096436,0.002891,0.330200,0.239746,0.068410,0.009894,0.164917,-0.100427,360.730011,15019.000000
6375.000000,33.972004,0.095581,0.003140,0.329224,0.240601,0.067370,0.010155,0.159451,-0.101600,398.690002,15047.000000
6376.000000,33.327457,0.093994,0.002919,0.328247,0.238892,0.066850,0.009846,0.153937,-0.103851,332.140015,14765.000000
6377.000000,12.120181,0.093750,0.002906,0.329834,0.237793,0.066426,0.009905,0.157591,-0.103028,277.290009,14763.000000
6378.000000,-7.804550,0.093750,0.003282,0.330811,0.239624,0.066941,0.010295,0.160472,-0.101447,289.019989,14853.000000
6379.000000,-5.534176,0.094849,0.003314,0.331909,0.240234,0.067726,0.010238,0.164166,-0.100878,463.519989,15193.000000
6380.000000,5.592417,0.096313,0.003614,0.330933,0.240967,0.068389,0.010558,0.161662,-0.104456,448.309998,14887.000000
6381.000000,53.610489,0.097046,0.003562,0.332642,0.241333,0.068921,0.010543,0.162592,-0.102859,433.920013,14802.000000
6382.000000,-7.587855,0.096680,0.003118,0.332642,0.241699,0.068993,0.010153,0.162977,-0.101700,398.380005,14935.000000
6383.000000,-3.983954,0.097534,0.003514,0.331787,0.241943,0.069531,0.010494,0.161153,-0.102342,436.149994,14602.000000
6384.000000,31.471003,0.098022,0.003690,0.332397,0.242310,0.069783,0.010616,0.162046,-0.101718,329.790009,15090.000000
6385.000000,5.903454,0.097046,0.003443,0.330566,0.242920,0.069384,0.010428,0.163265,-0.102206,350.910004,14709.000000
6386.000000,-9.389254,0.096313,0.003430,0.330200,0.242310,0.069342,0.010411,0.162557,-0.101583,327.890015,15519.000000
6387.000000,22.106764,0.095703,0.003382,0.329834,0.242065,0.069142,0.010426,0.165155,-0.100609,358.390015,14650.000000
6388.000000,28.762449,0.095703,0.003378,0.328735,0.241821,0.068963,0.010337,0.163070,-0.100130,435.670013,15083.000000
6389.000000,17.686853,0.095703,0.003492,0.329102,0.242676,0.069143,0.010540,0.163416,-0.100019,452.920013,14832.000000
6390.000000,20.903055,0.096313,0.003887,0.330200,0.242920,0.069314,0.010903,0.162536,-0.097561,318.350006,14956.000000
6391.000000,-6.175728,0.095825,0.003370,0.330566,0.244263,0.069308,0.010295,0.165190,-0.095096,396.839996,15284.000000
6392.000000,-6.511359,0.094971,0.003278,0.327026,0.243774,0.069167,0.010088,0.162298,-0.098059,328.820007,15017.000000
6393.000000,20.804628,0.094849,0.003156,0.330200,0.243042,0.069216,0.009967,0.161852,-0.099366,415.709991,14741.000000
6394.000000,20.522722,0.095825,0.003482,0.329956,0.243042,0.069723,0.010298,0.161643,-0.100141,429.820007,14804.000000
6395.000000,18.185942,0.095703,0.003267,0.330444,0.242554,0.069643,0.010073,0.163644,-0.097717,414.899994,15228.000000
6396.000000,-3.992032,0.096191,0.003617,0.331177,0.243286,0.070288,0.010496,0.164363,-0.095312,416.320007,15698.000000
6397.000000,58.611038,0.095459,0.003116,0.330566,0.241943,0.069473,0.009912,0.161838,-0.099463,315.980011,15979.000000
6398.000000,30.180000,0.095459,0.002975,0.331787,0.240723,0.069009,0.009852,0.163714,-0.098808,300.779999,15596.000000
6399.000000,43.003593,0.095093,0.002716,0.329590,0.241211,0.068415,0.009734,0.159922,-0.097841,420.399994,15109.000000
6400.000000,-7.239940,0.092529,0.002715,0.327759,0.239380,0.067392,0.009734,0.159721,-0.101152,416.320007,15448.000000
6401.000000,11.728537,0.092896,0.002872,0.329102,0.238892,0.068069,0.009953,0.159494,-0.100197,431.390015,15674.000000
6402.000000,54.274548,0.092896,0.002730,0.329102,0.239380,0.068080,0.009827,0.161250,-0.100102,433.450012,15268.000000
6403.000000,22.568729,0.093140,0.002953,0.331299,0.239868,0.068148,0.010027,0.165266,-0.099133,396.429993,15439.000000
6404.000000,38.234886,0.093018,0.002724,0.331299,0.239868,0.067895,0.009846,0.164634,-0.102082,378.239990,15730.000000
6405.000000,41.633457,0.093262,0.003031,0.331421,0.238892,0.067590,0.010100,0.160953,-0.102657,388.290009,14724.000000
6406.000000,16.473663,0.093994,0.002992,0.333984,0.239380,0.067804,0.009995,0.160942,-0.099795,403.100006,15108.000000
6407.000000,-4.793554,0.093384,0.003433,0.333252,0.238281,0.067913,0.010348,0.162190,-0.097208,423.649994,15159.000000
6408.000000,7.575938,0.093506,0.003419,0.333984,0.238892,0.067850,0.010167,0.162056,-0.099184,327.410004,14897.000000
6409.000000,54.644176,0.093506,0.003036,0.332886,0.241455,0.067706,0.009846,0.163061,-0.097961,437.940002,15016.000000
6410.000000,83.757736,0.093994,0.002860,0.331299,0.241211,0.067092,0.009686,0.161587,-0.098128,465.670013,15311.000000
6411.000000,-4.136961,0.095703,0.002662,0.333130,0.242188,0.067379,0.009478,0.159460,-0.100344,403.019989,15565.000000
6412.000000,36.160458,0.095703,0.003117,0.333374,0.242188,0.067873,0.009869,0.161165,-0.099026,410.279999,15002.000000
6413.000000,11.032557,0.095947,0.003218,0.333740,0.242920,0.067906,0.010168,0.164954,-0.096421,420.519989,15600.000000
6414.000000,19.938196,0.096436,0.002808,0.334595,0.243774,0.067758,0.009808,0.167729,-0.096124,375.959991,15003.000000
6415.000000,30.254139,0.096191,0.002508,0.335571,0.242920,0.067611,0.009617,0.170284,-0.093126,326.399994,15582.000000
6416.000000,4.445050,0.096802,0.003140,0.337646,0.244507,0.068908,0.010222,0.172686,-0.093707,414.920013,15571.000000
6417.000000,4.840064,0.096680,0.002606,0.336426,0.244141,0.068833,0.009617,0.171497,-0.095130,390.850006,15738.000000
6418.000000,16.562325,0.096313,0.002769,0.336670,0.242065,0.068970,0.009643,0.167316,-0.096454,435.559998,15503.000000
6419.000000,52.997890,0.096436,0.002720,0.335327,0.242798,0.068922,0.009514,0.166292,-0.096597,467.299988,15276.000000
6420.000000,47.716999,0.096069,0.002490,0.334839,0.243896,0.068113,0.009370,0.165978,-0.094865,390.500000,15504.000000
6421.000000,43.136055,0.097290,0.002946,0.335693,0.245605,0.068301,0.009861,0.167729,-0.094534,380.750000,15724.000000
6422.000000,51.394287,0.095703,0.002464,0.334717,0.241699,0.068122,0.009080,0.166746,-0.097376,390.140015,16065.000000
6423.000000,21.979197,0.096924,0.003280,0.334595,0.242676,0.068700,0.009809,0.168033,-0.095454,441.029999,15713.000000
6424.000000,26.348938,0.097290,0.003311,0.335571,0.242065,0.069046,0.009725,0.166029,-0.096056,387.160004,15767.000000
6425.000000,75.186760,0.097290,0.002843,0.336304,0.243286,0.068749,0.009367,0.165809,-0.094009,386.029999,15863.000000
6426.000000,-11.172015,0.095703,0.003449,0.335205,0.241699,0.068121,0.010059,0.163537,-0.094208,419.769989,15732.000000
6427.000000,63.597710,0.095215,0.003467,0.335205,0.241577,0.068302,0.010082,0.163204,-0.094001,421.399994,15949.000000
6428.000000,0.668158,0.093872,0.003054,0.333374,0.240967,0.067297,0.009638,0.164848,-0.096136,384.829987,15634.000000
6429.000000,9.043912,0.094849,0.003235,0.334717,0.241943,0.068180,0.009971,0.166187,-0.095104,404.989990,15741.000000
6430.000000,22.120731,0.095581,0.003523,0.336060,0.242310,0.068756,0.010303,0.167763,-0.092966,420.179993,15578.000000
6431.000000,8.210624,0.096558,0.003465,0.337158,0.244629,0.069232,0.010330,0.171917,-0.092086,363.459991,15543.000000
6432.000000,22.617872,0.097412,0.003905,0.338135,0.244141,0.069860,0.010630,0.174853,-0.093147,458.809998,15448.000000
6433.000000,7.273349,0.097412,0.003347,0.337158,0.244995,0.070076,0.010230,0.172001,-0.092661,458.549988,15465.000000
6434.000000,20.795832,0.098389,0.003243,0.337158,0.245728,0.070731,0.010058,0.167892,-0.094311,398.859985,15493.000000
6435.000000,27.790485,0.097900,0.003394,0.337402,0.245728,0.071351,0.010268,0.167621,-0.092636,482.910004,15448.000000
6436.000000,11.596061,0.097778,0.003448,0.336304,0.243164,0.071472,0.010203,0.167039,-0.095199,435.220001,15507.000000
6437.000000,76.564453,0.098145,0.003347,0.336548,0.243408,0.070886,0.010085,0.168832,-0.093655,443.250000,15297.000000
6438.000000,35.478584,0.098022,0.003031,0.336426,0.242310,0.070481,0.009736,0.169162,-0.094046,428.399994,15464.000000
6439.000000,36.301861,0.098022,0.002929,0.336182,0.243408,0.070273,0.009670,0.167767,-0.094815,418.609985,15641.000000
6440.000000,40.871391,0.097900,0.002912,0.336914,0.242798,0.070164,0.009629,0.170576,-0.093913,485.429993,15751.000000
6441.000000,47.443684,0.098389,0.003013,0.337646,0.243774,0.070485,0.009732,0.170947,-0.090908,366.190002,15740.000000
6442.000000,62.630192,0.098145,0.003481,0.338135,0.242676,0.070715,0.010078,0.171769,-0.091905,412.269989,15748.000000
6443.000000,-2.614470,0.097900,0.003288,0.338257,0.241333,0.070680,0.009755,0.167133,-0.095803,406.320007,15801.000000
6444.000000,11.031161,0.097534,0.002798,0.336670,0.241089,0.069857,0.009166,0.163427,-0.095429,398.529999,15784.000000
6445.000000,17.428699,0.097168,0.002722,0.335083,0.241333,0.068934,0.009285,0.160615,-0.093721,494.380005,15524.000000
6446.000000,19.445850,0.096313,0.002867,0.335571,0.241577,0.068568,0.009494,0.161395,-0.094038,393.339996,15388.000000
6447.000000,62.273384,0.095947,0.002603,0.334473,0.241455,0.067936,0.009192,0.161476,-0.093749,461.339996,15782.000000
6448.000000,45.123562,0.095581,0.002435,0.335449,0.241943,0.068045,0.009100,0.164972,-0.093260,396.989990,15532.000000
6449.000000,30.413271,0.095703,0.003094,0.334839,0.241455,0.068095,0.009670,0.161528,-0.096175,307.880005,15632.000000
6450.000000,13.163528,0.094360,0.002456,0.334351,0.241699,0.067451,0.009100,0.164468,-0.095662,482.679993,15728.000000
6451.000000,39.132004,0.093262,0.001968,0.332642,0.240356,0.066748,0.008631,0.166782,-0.094985,387.570007,15572.000000
6452.000000,0.595034,0.093994,0.002154,0.333984,0.240356,0.067549,0.008935,0.168781,-0.093783,499.850006,15442.000000
6453.000000,25.173744,0.094849,0.002629,0.335083,0.241821,0.068157,0.009290,0.172454,-0.091188,389.799988,15810.000000
6454.000000,35.953682,0.095825,0.003199,0.336914,0.243408,0.069145,0.009942,0.176540,-0.090503,415.540009,15646.000000
6455.000000,41.039528,0.094360,0.003298,0.334106,0.241577,0.069096,0.009921,0.172294,-0.094065,439.329987,15600.000000
6456.000000,54.973324,0.093872,0.003036,0.334106,0.241699,0.068973,0.009680,0.164933,-0.096969,408.380005,15641.000000
6457.000000,54.561321,0.093262,0.003259,0.333618,0.241333,0.069350,0.009750,0.162669,-0.097051,516.070007,15806.000000
6458.000000,17.938982,0.093506,0.003168,0.333862,0.242554,0.069252,0.009846,0.166560,-0.093109,408.970001,15662.000000
6459.000000,41.197624,0.093750,0.002887,0.333496,0.243408,0.069090,0.009753,0.169061,-0.092799,385.079987,15155.000000
6460.000000,21.012783,0.093506,0.002367,0.334839,0.241821,0.068614,0.009099,0.167983,-0.095895,383.859985,15411.000000
6461.000000,39.154972,0.095093,0.002677,0.337891,0.242310,0.068901,0.009494,0.169538,-0.095441,356.640015,15718.000000
6462.000000,21.485617,0.094238,0.002807,0.337402,0.241577,0.069013,0.009612,0.170972,-0.092678,493.820007,15415.000000
6463.000000,24.612986,0.093018,0.002533,0.337158,0.239502,0.069075,0.009268,0.170468,-0.094728,412.709991,15501.000000
6464.000000,24.958996,0.093140,0.002466,0.337891,0.239990,0.069356,0.009268,0.169046,-0.094380,472.309998,15936.000000
6465.000000,33.589695,0.094604,0.002961,0.337769,0.241821,0.070052,0.009824,0.170506,-0.091219,386.140015,15746.000000
6466.000000,31.580294,0.094238,0.002584,0.339600,0.241455,0.069484,0.009437,0.171679,-0.091831,340.600006,15097.000000
6467.000000,37.731903,0.094604,0.002880,0.339478,0.241455,0.070022,0.009713,0.174258,-0.091071,412.000000,15633.000000
6468.000000,-1.304521,0.094360,0.002654,0.338989,0.241089,0.069882,0.009353,0.173484,-0.093850,404.829987,15918.000000
6469.000000,11.569695,0.093994,0.002361,0.340088,0.239746,0.069690,0.008817,0.172163,-0.095213,459.809998,15736.000000
6470.000000,40.908436,0.093750,0.002656,0.338745,0.240601,0.069885,0.009277,0.172631,-0.095229,438.350006,15997.000000
6471.000000,61.269077,0.093384,0.002553,0.338867,0.239746,0.069529,0.009118,0.173893,-0.095244,420.239990,15689.000000
6472.000000,53.287304,0.094238,0.002627,0.340332,0.240356,0.069689,0.009127,0.175621,-0.095711,489.980011,15574.000000
6473.000000,-0.217965,0.093384,0.002324,0.341309,0.239258,0.069127,0.008871,0.171870,-0.097025,370.059998,15993.000000
6474.000000,11.715304,0.093750,0.002516,0.342896,0.240356,0.069573,0.009073,0.171191,-0.099506,366.470001,15575.000000
6475.000000,1.900308,0.093628,0.002565,0.342529,0.241577,0.069715,0.009085,0.171583,-0.097499,361.940002,15720.000000
6476.000000,20.316637,0.094116,0.002276,0.344238,0.241211,0.069720,0.008833,0.175739,-0.093903,465.200012,15902.000000
6477.000000,-15.977371,0.094360,0.002331,0.344849,0.240234,0.070079,0.008867,0.174142,-0.096354,392.619995,15482.000000
6478.000000,35.574188,0.094604,0.002498,0.343384,0.239746,0.070162,0.008990,0.173119,-0.096983,409.209991,15523.000000
6479.000000,-1.475430,0.095215,0.002791,0.343384,0.239258,0.070806,0.009316,0.168961,-0.097876,411.380005,15672.000000
6480.000000,39.382584,0.095215,0.002511,0.343628,0.240601,0.070897,0.009172,0.166618,-0.098982,402.920013,15398.000000
6481.000000,33.221458,0.095581,0.002457,0.344482,0.240234,0.070995,0.009007,0.171877,-0.097857,404.380005,15837.000000
6482.000000,22.487669,0.095459,0.002385,0.343018,0.240723,0.070705,0.008898,0.170910,-0.097213,478.910004,16022.000000
6483.000000,42.779896,0.095337,0.002025,0.343384,0.241211,0.070376,0.008609,0.169055,-0.099714,420.250000,15640.000000
6484.000000,37.254639,0.095337,0.002274,0.344238,0.240479,0.070903,0.008826,0.169113,-0.099091,425.670013,15710.000000
6485.000000,28.978678,0.095581,0.002484,0.344727,0.241577,0.070511,0.009135,0.169645,-0.098290,463.679993,15600.000000
6486.000000,29.467794,0.096802,0.003178,0.344971,0.241821,0.070654,0.009707,0.169336,-0.097704,385.459991,15841.000000
6487.000000,38.345516,0.095825,0.002504,0.343628,0.242065,0.069651,0.009013,0.166375,-0.098783,523.869995,15639.000000
6488.000000,52.541904,0.095459,0.002246,0.343140,0.242065,0.069587,0.008776,0.163647,-0.100037,368.779999,14819.000000
6489.000000,46.912701,0.094727,0.002453,0.341309,0.241577,0.069099,0.009073,0.164147,-0.097335,442.019989,15037.000000
6490.000000,32.631191,0.095215,0.003080,0.342651,0.242554,0.069387,0.009703,0.163823,-0.096905,401.720001,15060.000000
6491.000000,32.750397,0.094116,0.002650,0.341431,0.239502,0.068654,0.009118,0.163739,-0.099912,432.480011,15055.000000
6492.000000,12.900103,0.093262,0.002494,0.342529,0.237305,0.068765,0.008722,0.161725,-0.100928,366.500000,14733.000000
6493.000000,56.760639,0.093018,0.002130,0.343140,0.236938,0.067890,0.008409,0.163138,-0.098759,421.619995,14711.000000
6494.000000,11.827716,0.093628,0.003008,0.343384,0.237061,0.068758,0.009235,0.166499,-0.098112,534.840027,15024.000000
6495.000000,2.406262,0.094360,0.002566,0.344238,0.238647,0.069094,0.008827,0.168958,-0.095777,377.470001,14709.000000
6496.000000,31.356714,0.093994,0.002197,0.344360,0.238159,0.069028,0.008542,0.166247,-0.098610,375.869995,14896.000000
6497.000000,24.308413,0.094360,0.002554,0.344360,0.239746,0.069006,0.009022,0.166045,-0.096951,452.940002,15053.000000
6498.000000,32.068764,0.094360,0.002290,0.345337,0.239380,0.068717,0.008651,0.167857,-0.097224,394.910004,14856.000000
6499.000000,24.710344,0.094727,0.002216,0.345459,0.239502,0.068556,0.008459,0.168068,-0.097335,489.269989,14875.000000
6500.000000,61.697903,0.093628,0.002191,0.342773,0.237793,0.068042,0.008314,0.168405,-0.099363,472.369995,14749.000000
6501.000000,6.863630,0.093628,0.002335,0.343018,0.237427,0.068190,0.008423,0.164937,-0.101895,405.119995,14880.000000
6502.000000,55.215385,0.093872,0.002054,0.344238,0.236816,0.068490,0.007987,0.165387,-0.103842,484.570007,14995.000000
6503.000000,43.427742,0.093872,0.002356,0.344238,0.237549,0.069120,0.008234,0.169338,-0.099401,504.970001,15166.000000
6504.000000,68.184593,0.096558,0.003076,0.345459,0.240356,0.070299,0.009223,0.171198,-0.096323,456.070007,15120.000000
6505.000000,62.603317,0.095093,0.002462,0.342529,0.239136,0.069266,0.008632,0.168443,-0.099522,455.410004,14879.000000
6506.000000,-12.281982,0.096313,0.002535,0.343262,0.240479,0.070029,0.008733,0.167798,-0.100858,414.989990,15017.000000
6507.000000,11.527138,0.096191,0.002177,0.343140,0.240479,0.069795,0.008352,0.169531,-0.101015,403.309998,15065.000000
6508.000000,12.418537,0.095947,0.002208,0.343872,0.240112,0.070013,0.008320,0.171003,-0.101098,479.899994,14870.000000
6509.000000,63.301559,0.095825,0.002087,0.342896,0.240356,0.069755,0.008157,0.171237,-0.100844,436.079987,15098.000000
6510.000000,10.767679,0.095703,0.002082,0.342529,0.241089,0.069533,0.008222,0.168273,-0.103817,368.429993,15119.000000
6511.000000,21.737677,0.096313,0.001969,0.342651,0.240234,0.069555,0.008094,0.169872,-0.103615,426.320007,14785.000000
6512.000000,38.776031,0.096680,0.001827,0.342529,0.241455,0.069334,0.008061,0.169312,-0.102742,454.059998,14889.000000
6513.000000,53.212509,0.096802,0.002262,0.343018,0.240967,0.069673,0.008408,0.172342,-0.100980,451.559998,15174.000000
6514.000000,17.765873,0.096802,0.002065,0.343384,0.240234,0.069175,0.008124,0.175527,-0.099722,345.470001,14824.000000
6515.000000,12.669495,0.098022,0.002084,0.345459,0.240845,0.070084,0.008158,0.177178,-0.099932,371.339996,14932.000000
6516.000000,59.019356,0.098267,0.002077,0.346436,0.241699,0.070485,0.008237,0.179863,-0.096583,420.670013,14753.000000
6517.000000,29.401976,0.098267,0.001903,0.345459,0.241821,0.070331,0.008146,0.176979,-0.098317,420.220001,14952.000000
6518.000000,-0.035456,0.098267,0.002066,0.346313,0.242676,0.070832,0.008262,0.179985,-0.098460,399.619995,15253.000000
6519.000000,-0.889648,0.098022,0.001950,0.347290,0.242554,0.070854,0.008181,0.179943,-0.100714,387.690002,15412.000000
6520.000000,6.261909,0.097656,0.002067,0.346924,0.242310,0.071118,0.008328,0.178709,-0.100524,392.160004,15180.000000
6521.000000,14.964385,0.098267,0.002085,0.345825,0.243408,0.071036,0.008479,0.174883,-0.099833,430.899994,15215.000000
6522.000000,5.826887,0.098267,0.002093,0.346191,0.243896,0.071443,0.008527,0.176659,-0.101281,411.529999,15306.000000
6523.000000,28.140203,0.096924,0.002175,0.344116,0.242554,0.070958,0.008686,0.176367,-0.099834,455.500000,15290.000000
6524.000000,-12.880557,0.097290,0.001976,0.344238,0.240967,0.070837,0.008488,0.173003,-0.102823,341.209991,15266.000000
6525.000000,39.736393,0.097900,0.002298,0.343384,0.239746,0.070567,0.008599,0.172568,-0.102419,480.589996,15638.000000
6526.000000,62.522228,0.098022,0.002246,0.344482,0.240234,0.070984,0.008607,0.172393,-0.102220,450.309998,15459.000000
6527.000000,79.317436,0.098633,0.002872,0.344116,0.240967,0.071578,0.009324,0.172266,-0.101613,482.269989,15309.000000
6528.000000,70.913857,0.100220,0.002890,0.345093,0.242920,0.072177,0.009463,0.174798,-0.099929,437.600006,15597.000000
6529.000000,-10.555947,0.100220,0.002874,0.345703,0.241211,0.072318,0.009496,0.174728,-0.102866,430.980011,15556.000000
6530.000000,51.216816,0.099854,0.002887,0.343140,0.241333,0.072269,0.009449,0.171374,-0.104443,434.170013,14971.000000
6531.000000,7.579014,0.098511,0.002742,0.343018,0.238525,0.072352,0.009134,0.169363,-0.105097,363.799988,14950.000000
6532.000000,71.005951,0.097656,0.002768,0.343018,0.240234,0.071851,0.009408,0.173082,-0.097697,505.640015,14377.000000
6533.000000,25.465229,0.098389,0.002422,0.342896,0.241089,0.071684,0.009132,0.172982,-0.097830,368.950012,15136.000000
6534.000000,56.809635,0.098999,0.002636,0.342041,0.242554,0.071683,0.009468,0.171182,-0.099021,406.049988,14747.000000
6535.000000,52.626118,0.098999,0.002570,0.341553,0.242188,0.071273,0.009501,0.169560,-0.099491,444.660004,14844.000000
6536.000000,25.525068,0.097900,0.002062,0.340576,0.243164,0.070961,0.009175,0.169541,-0.100311,425.540009,14780.000000
6537.000000,42.448841,0.098389,0.002339,0.342285,0.243164,0.071194,0.009385,0.173473,-0.100340,355.119995,15121.000000
6538.000000,8.629029,0.098389,0.002212,0.342896,0.243164,0.071652,0.009209,0.177201,-0.098768,362.489990,14958.000000
6539.000000,-1.738339,0.098267,0.002242,0.342896,0.243042,0.071805,0.009289,0.173859,-0.100283,369.700012,14810.000000
6540.000000,47.465145,0.098145,0.002103,0.342285,0.242676,0.071323,0.009057,0.175612,-0.096956,408.720001,14875.000000
6541.000000,32.426430,0.097900,0.001948,0.342529,0.242065,0.071166,0.008897,0.172807,-0.097113,518.429993,14852.000000
6542.000000,33.876007,0.097290,0.001798,0.342529,0.242432,0.071015,0.008881,0.175707,-0.097634,424.029999,14920.000000
6543.000000,-11.854298,0.097168,0.002095,0.341919,0.242676,0.071058,0.009208,0.177276,-0.098655,505.820007,15400.000000
6544.000000,38.159035,0.097290,0.001732,0.343750,0.243408,0.071086,0.008856,0.179332,-0.098162,401.690002,15689.000000
6545.000000,67.621613,0.096069,0.001938,0.343140,0.243164,0.070900,0.009094,0.181680,-0.098003,386.100006,15623.000000
6546.000000,41.780869,0.095581,0.002252,0.344360,0.242432,0.070669,0.009359,0.179732,-0.097943,387.779999,15857.000000
6547.000000,36.842587,0.096069,0.002163,0.346069,0.241333,0.071041,0.009274,0.177768,-0.099500,494.519989,15448.000000
6548.000000,65.697456,0.095825,0.002297,0.346191,0.242065,0.070900,0.009421,0.178981,-0.096422,430.369995,15892.000000
6549.000000,36.095539,0.095581,0.002817,0.345215,0.244385,0.070719,0.010143,0.179190,-0.094815,434.359985,15423.000000
6550.000000,27.874037,0.094849,0.002505,0.343994,0.243652,0.070631,0.009590,0.180002,-0.093556,414.489990,15171.000000
6551.000000,44.326996,0.093384,0.002640,0.343628,0.241089,0.070026,0.009583,0.175154,-0.099033,376.399994,14787.000000
6552.000000,36.626045,0.094116,0.002876,0.342651,0.241089,0.070169,0.009827,0.172821,-0.097994,444.200012,15479.000000
6553.000000,48.570721,0.093384,0.002621,0.341187,0.240723,0.069515,0.009494,0.171898,-0.097441,367.540009,15522.000000
6554.000000,-6.821095,0.093262,0.002688,0.340942,0.242065,0.069698,0.009700,0.172351,-0.096403,445.940002,15345.000000
6555.000000,2.051734,0.093018,0.003292,0.340576,0.243164,0.070228,0.010346,0.171875,-0.094400,397.700012,15163.000000
6556.000000,14.610707,0.094238,0.003243,0.343018,0.242188,0.071055,0.010246,0.173266,-0.097937,322.049988,15067.000000
6557.000000,17.771730,0.093872,0.003376,0.342407,0.241577,0.070851,0.010292,0.174204,-0.096214,438.109985,15354.000000
6558.000000,10.028730,0.093628,0.003236,0.341675,0.240967,0.070615,0.010154,0.173486,-0.096811,370.609985,14782.000000
6559.000000,-0.219967,0.093262,0.003009,0.343262,0.240845,0.071019,0.009866,0.174872,-0.097938,389.630005,15372.000000
6560.000000,11.133659,0.093018,0.002902,0.341919,0.241943,0.071070,0.009773,0.173141,-0.097763,408.170013,15213.000000
6561.000000,32.135151,0.094238,0.002902,0.339966,0.244263,0.071433,0.009927,0.171684,-0.096966,441.220001,15555.000000
6562.000000,37.910576,0.095215,0.003521,0.341431,0.245483,0.072622,0.010454,0.179169,-0.094538,413.059998,15052.000000
6563.000000,36.549561,0.095215,0.003415,0.342407,0.245117,0.072300,0.010405,0.175711,-0.093249,417.059998,15483.000000
6564.000000,20.235323,0.095093,0.002940,0.342896,0.246216,0.072605,0.010124,0.173016,-0.092697,437.290009,15185.000000
6565.000000,24.801199,0.095093,0.002561,0.340576,0.246826,0.071693,0.009851,0.173635,-0.093160,372.160004,15552.000000
6566.000000,-7.104097,0.096558,0.002381,0.342529,0.248413,0.071692,0.009821,0.173163,-0.092244,379.029999,15148.000000
6567.000000,57.514969,0.096680,0.002844,0.342651,0.247314,0.071858,0.010251,0.174450,-0.092745,428.309998,15085.000000
6568.000000,28.495598,0.095703,0.002708,0.339844,0.246338,0.071223,0.010124,0.168139,-0.095145,433.519989,15374.000000
6569.000000,23.527081,0.095947,0.002870,0.339478,0.246216,0.070870,0.010328,0.166735,-0.095968,421.679993,15232.000000
6570.000000,53.486820,0.096313,0.002925,0.339111,0.246948,0.071081,0.010289,0.169492,-0.095893,435.059998,15012.000000
6571.000000,81.321877,0.096313,0.002884,0.338013,0.246826,0.070727,0.010115,0.169535,-0.096488,460.820007,15175.000000
6572.000000,39.033360,0.096069,0.002702,0.336914,0.245361,0.070497,0.009871,0.166134,-0.099007,390.890015,14942.000000
6573.000000,67.182388,0.094971,0.002613,0.336304,0.244385,0.070067,0.009693,0.166170,-0.097681,391.940002,15734.000000
6574.000000,73.934280,0.094604,0.002773,0.336426,0.242554,0.069401,0.009885,0.164368,-0.097361,412.290009,15656.000000
6575.000000,58.026051,0.094971,0.002936,0.335693,0.243652,0.069240,0.010074,0.165382,-0.095923,435.489990,15547.000000
6576.000000,41.600609,0.094604,0.003271,0.334961,0.243164,0.069019,0.010352,0.166469,-0.094235,435.269989,15841.000000
6577.000000,15.402958,0.094604,0.003096,0.334961,0.244263,0.069382,0.010147,0.167411,-0.095029,376.220001,14976.000000
6578.000000,2.750127,0.094360,0.003299,0.336426,0.244873,0.069963,0.010350,0.170709,-0.095000,319.079987,15610.000000
6579.000000,40.744595,0.095581,0.003675,0.337646,0.245117,0.070613,0.010696,0.170572,-0.094500,514.549988,15847.000000
6580.000000,45.335640,0.094971,0.003638,0.336426,0.246460,0.070016,0.010815,0.170086,-0.092948,470.350006,15483.000000
6581.000000,18.898270,0.095215,0.003416,0.336670,0.244995,0.069295,0.010444,0.165450,-0.097446,435.839996,15613.000000
6582.000000,43.838776,0.095093,0.003201,0.334839,0.244751,0.068690,0.010087,0.163907,-0.097877,419.839996,15368.000000
6583.000000,71.167152,0.095215,0.003320,0.335327,0.243896,0.068740,0.010135,0.165346,-0.097371,472.440002,15042.000000
6584.000000,10.424719,0.096802,0.003641,0.335327,0.246460,0.069210,0.010449,0.170817,-0.094609,347.920013,15652.000000
6585.000000,69.777153,0.097412,0.003445,0.336182,0.247437,0.069626,0.010187,0.174564,-0.094230,425.589996,15397.000000
6586.000000,43.199036,0.098022,0.003026,0.338623,0.249268,0.069959,0.009956,0.173666,-0.096196,403.790009,15717.000000
6587.000000,-8.422024,0.098145,0.003263,0.338379,0.247925,0.070590,0.010036,0.173480,-0.097100,365.359985,15484.000000
6588.000000,18.020662,0.098022,0.003242,0.336914,0.246948,0.070572,0.009988,0.175617,-0.095917,438.040009,15242.000000
6589.000000,46.318195,0.098511,0.003301,0.338013,0.247559,0.070895,0.009960,0.177088,-0.094475,444.359985,15484.000000
6590.000000,29.870504,0.098267,0.003049,0.337646,0.247437,0.070382,0.009617,0.176056,-0.094181,357.160004,15646.000000
6591.000000,19.153498,0.096680,0.002526,0.337769,0.247437,0.069562,0.009213,0.175919,-0.092370,323.029999,15540.000000
6592.000000,16.773987,0.096680,0.002243,0.338867,0.249023,0.069830,0.009094,0.180251,-0.093005,375.390015,15458.000000
6593.000000,40.516529,0.096558,0.002797,0.337280,0.248169,0.070035,0.009553,0.177567,-0.093847,413.549988,15417.000000
6594.000000,17.294062,0.097046,0.003166,0.338013,0.248413,0.070979,0.009906,0.180664,-0.091771,371.679993,15451.000000
6595.000000,36.719120,0.097656,0.002816,0.339355,0.249268,0.070861,0.009586,0.179708,-0.093126,465.399994,15715.000000
6596.000000,37.499123,0.097168,0.003228,0.337769,0.250122,0.070836,0.009944,0.176930,-0.093324,403.850006,15198.000000
6597.000000,41.287804,0.097046,0.003565,0.336792,0.250122,0.070932,0.010069,0.173804,-0.095587,413.640015,15489.000000
6598.000000,72.515182,0.096558,0.003015,0.336548,0.248779,0.070022,0.009435,0.168667,-0.097152,467.000000,15191.000000
6599.000000,9.444984,0.096924,0.002824,0.336914,0.248291,0.069439,0.009346,0.165313,-0.099052,375.369995,15517.000000
6600.000000,25.603210,0.096558,0.003363,0.337402,0.247192,0.070058,0.009696,0.167250,-0.097880,367.480011,15352.000000
6601.000000,27.287323,0.096313,0.003153,0.336792,0.246948,0.069880,0.009416,0.170928,-0.096434,384.170013,15265.000000
6602.000000,44.498951,0.095337,0.003353,0.335693,0.245850,0.069516,0.009577,0.167580,-0.099319,434.429993,14655.000000
6603.000000,5.606057,0.094971,0.002819,0.334595,0.247070,0.069054,0.009137,0.165079,-0.098127,390.760010,15090.000000
6604.000000,40.365929,0.093872,0.002411,0.334106,0.243530,0.068385,0.008659,0.163679,-0.100122,403.820007,15159.000000
6605.000000,-4.229234,0.093750,0.002726,0.334229,0.243530,0.068926,0.009089,0.162045,-0.098101,407.839996,15177.000000
6606.000000,61.021004,0.093994,0.002782,0.335571,0.244751,0.068638,0.009153,0.168355,-0.095115,389.970001,14887.000000
6607.000000,27.840693,0.095215,0.003458,0.337280,0.245728,0.069584,0.009707,0.168797,-0.095524,450.160004,14896.000000
6608.000000,31.584324,0.095337,0.003289,0.335938,0.245483,0.069636,0.009472,0.163438,-0.099484,391.540009,14946.000000
6609.000000,8.576909,0.096069,0.003789,0.335938,0.245361,0.070149,0.009926,0.163745,-0.098784,413.690002,14992.000000
6610.000000,104.682587,0.095947,0.003135,0.336426,0.246338,0.070023,0.009309,0.166668,-0.094760,393.200012,14798.000000
6611.000000,6.050057,0.097412,0.002718,0.338379,0.247192,0.070144,0.009016,0.169094,-0.094771,409.049988,14817.000000
6612.000000,21.881065,0.097290,0.002692,0.336426,0.248291,0.069236,0.008972,0.169934,-0.095541,467.779999,15197.000000
6613.000000,43.355793,0.096680,0.002584,0.336304,0.247803,0.069002,0.008805,0.168271,-0.095417,357.149994,15549.000000
6614.000000,20.404400,0.097046,0.002926,0.336304,0.248291,0.069071,0.008992,0.165745,-0.096255,381.140015,15738.000000
6615.000000,42.466736,0.096924,0.002240,0.336792,0.248901,0.068330,0.008422,0.168275,-0.096826,453.359985,15691.000000
6616.000000,22.266577,0.097290,0.002539,0.336548,0.248779,0.068150,0.008753,0.169699,-0.096053,475.649994,15580.000000
6617.000000,63.468311,0.096558,0.002895,0.335571,0.246216,0.068715,0.008965,0.166253,-0.098211,383.320007,15679.000000
6618.000000,58.226692,0.095947,0.002911,0.335205,0.244141,0.069037,0.008891,0.166167,-0.098919,446.809998,15518.000000
6619.000000,69.230316,0.095825,0.002511,0.333496,0.244385,0.068534,0.008652,0.169086,-0.096550,440.450012,15638.000000
6620.000000,4.299394,0.096924,0.002997,0.333374,0.247070,0.069100,0.009276,0.170539,-0.096214,412.100006,15506.000000
6621.000000,29.593420,0.097412,0.003106,0.334229,0.246582,0.070016,0.009251,0.173189,-0.097300,368.640015,15749.000000
6622.000000,27.253479,0.096191,0.002782,0.333740,0.244507,0.069615,0.008757,0.173095,-0.098622,401.420013,15825.000000
6623.000000,23.832258,0.097290,0.003063,0.334473,0.245728,0.070110,0.008986,0.169222,-0.098633,417.339996,15563.000000
6624.000000,40.414104,0.098145,0.003442,0.335083,0.246338,0.070211,0.009430,0.169082,-0.096065,407.940002,14969.000000
6625.000000,16.065464,0.098267,0.003104,0.334351,0.248413,0.069995,0.009384,0.173237,-0.094752,398.019989,15492.000000
6626.000000,51.813217,0.098145,0.002754,0.334229,0.247681,0.069510,0.008870,0.169142,-0.099279,421.380005,15167.000000
6627.000000,10.992448,0.098022,0.002503,0.335327,0.247070,0.069216,0.008622,0.167312,-0.100877,348.850006,15534.000000
6628.000000,97.338577,0.099121,0.003106,0.333984,0.247559,0.068910,0.009368,0.166178,-0.099886,421.190002,15231.000000
6629.000000,71.949677,0.098511,0.002752,0.332153,0.247314,0.067231,0.009116,0.165926,-0.098190,478.630005,14823.000000
6630.000000,44.211357,0.098511,0.002177,0.333008,0.248291,0.067173,0.008640,0.167940,-0.097373,419.459991,15400.000000
6631.000000,7.986561,0.099365,0.002528,0.335205,0.249268,0.067660,0.008989,0.170213,-0.095765,419.660004,15487.000000
6632.000000,34.412949,0.099976,0.002489,0.338623,0.247559,0.067572,0.008914,0.169810,-0.093965,481.329987,15461.000000
6633.000000,19.507681,0.098389,0.002754,0.337769,0.246948,0.067303,0.009193,0.166691,-0.095151,430.260010,15333.000000
6634.000000,30.042992,0.097412,0.002484,0.336792,0.245972,0.066774,0.008997,0.165687,-0.096408,417.579987,15426.000000
6635.000000,40.518200,0.097168,0.002815,0.335693,0.246826,0.066648,0.009365,0.166154,-0.098141,447.869995,15176.000000
6636.000000,29.214666,0.097412,0.003096,0.334351,0.246704,0.066832,0.009727,0.164533,-0.100174,515.059998,15588.000000
6637.000000,24.742586,0.097778,0.002953,0.334473,0.245972,0.066951,0.009443,0.161207,-0.102155,399.890015,15503.000000
6638.000000,29.956545,0.097534,0.002748,0.335571,0.246948,0.066702,0.009316,0.165530,-0.097023,447.929993,15601.000000
6639.000000,48.068153,0.097412,0.003031,0.336426,0.247559,0.066878,0.009531,0.167485,-0.096294,386.940002,15129.000000
6640.000000,10.207074,0.097656,0.003074,0.337158,0.249268,0.067364,0.009583,0.170391,-0.094668,320.200012,15249.000000
6641.000000,27.445148,0.097046,0.002584,0.337524,0.247314,0.067261,0.009033,0.167370,-0.096174,419.989990,15508.000000
6642.000000,7.158699,0.097046,0.002879,0.337402,0.245605,0.067477,0.009201,0.166048,-0.098508,428.940002,15552.000000
6643.000000,12.626322,0.096924,0.002969,0.338135,0.244019,0.067809,0.009167,0.166429,-0.097266,443.940002,15445.000000
6644.000000,32.397057,0.095703,0.002671,0.337280,0.243896,0.067495,0.008928,0.169050,-0.095294,420.910004,15369.000000
6645.000000,27.371746,0.095947,0.003125,0.337158,0.243652,0.067842,0.009460,0.168443,-0.095297,508.309998,15498.000000
6646.000000,5.203930,0.096802,0.003367,0.337524,0.243896,0.067928,0.009521,0.168661,-0.096076,415.670013,15494.000000
6647.000000,31.389164,0.096558,0.003083,0.338867,0.244263,0.067554,0.009240,0.167523,-0.098253,403.910004,15264.000000
6648.000000,28.719515,0.096558,0.003109,0.339111,0.243408,0.068421,0.009210,0.166589,-0.101311,454.059998,15121.000000
6649.000000,32.580631,0.096558,0.002920,0.338867,0.243896,0.067994,0.008940,0.165772,-0.100683,409.970001,15329.000000
6650.000000,23.922209,0.096313,0.003241,0.338867,0.243408,0.068648,0.009286,0.164097,-0.098591,466.470001,15321.000000
6651.000000,-9.412013,0.097168,0.003279,0.340576,0.241943,0.069767,0.009251,0.168465,-0.098171,376.480011,15462.000000
6652.000000,65.504463,0.097412,0.003311,0.339722,0.242188,0.069750,0.009424,0.168125,-0.098372,419.890015,15431.000000
6653.000000,42.260216,0.096191,0.003110,0.338257,0.240845,0.069308,0.009058,0.163618,-0.100193,427.769989,15487.000000
6654.000000,7.028031,0.096313,0.002878,0.338379,0.240845,0.069354,0.008962,0.163675,-0.099324,484.829987,15440.000000
6655.000000,55.369255,0.095337,0.002602,0.338745,0.240356,0.068389,0.008725,0.163926,-0.098686,424.970001,15496.000000
6656.000000,-15.418029,0.096558,0.002836,0.339844,0.240601,0.068814,0.009139,0.165784,-0.098438,402.899994,15341.000000
6657.000000,50.235851,0.096313,0.002845,0.338867,0.242188,0.068574,0.009266,0.167291,-0.097675,491.910004,15258.000000
6658.000000,18.007622,0.096069,0.002725,0.337646,0.242554,0.068922,0.009234,0.167404,-0.098580,413.369995,14834.000000
6659.000000,66.879509,0.095459,0.003360,0.336670,0.243408,0.068672,0.010037,0.167497,-0.097063,466.519989,15159.000000
6660.000000,19.932539,0.094849,0.003070,0.335449,0.242065,0.068203,0.009667,0.167327,-0.098157,486.829987,15616.000000
6661.000000,18.673004,0.094604,0.003111,0.333740,0.241577,0.068039,0.009674,0.165906,-0.098596,421.540009,15534.000000
6662.000000,57.352734,0.094604,0.003116,0.335815,0.240967,0.068341,0.009637,0.168261,-0.099812,392.709991,15687.000000
6663.000000,40.715488,0.093628,0.002778,0.337158,0.240234,0.068305,0.009164,0.170496,-0.100729,450.970001,15462.000000
6664.000000,7.102197,0.094360,0.003386,0.337280,0.242065,0.068743,0.009915,0.167188,-0.099561,477.570007,15820.000000
6665.000000,47.632587,0.093384,0.003181,0.337158,0.242310,0.068115,0.009753,0.167915,-0.096197,362.489990,15662.000000
6666.000000,58.160526,0.093506,0.003213,0.337402,0.243042,0.068417,0.009777,0.169238,-0.096271,466.859985,15875.000000
6667.000000,1.322994,0.093140,0.003392,0.338135,0.240967,0.068875,0.009737,0.167957,-0.096792,425.500000,15837.000000
6668.000000,43.661419,0.092285,0.003186,0.338013,0.240601,0.068279,0.009568,0.169303,-0.097783,442.750000,15725.000000
6669.000000,15.545322,0.092529,0.003244,0.337524,0.241089,0.068182,0.009597,0.166177,-0.098872,370.519989,15572.000000
6670.000000,25.306978,0.091431,0.003113,0.335083,0.240723,0.068656,0.009549,0.166420,-0.097069,441.640015,15718.000000
6671.000000,-0.340310,0.092163,0.003170,0.336670,0.242798,0.069267,0.009722,0.169492,-0.096490,445.910004,15720.000000
6672.000000,27.843754,0.091187,0.002781,0.336792,0.241455,0.068847,0.009180,0.169320,-0.100400,438.179993,15557.000000
6673.000000,31.896549,0.090820,0.002421,0.336182,0.239380,0.068706,0.008627,0.171755,-0.100404,385.209991,15889.000000
6674.000000,37.261349,0.090820,0.002631,0.337036,0.237915,0.068720,0.008763,0.165650,-0.101796,380.920013,15504.000000
6675.000000,53.806911,0.091919,0.002697,0.337891,0.238037,0.068871,0.008949,0.167699,-0.098938,444.970001,15530.000000
6676.000000,38.409546,0.092773,0.003053,0.338623,0.241211,0.069212,0.009519,0.169034,-0.094524,409.109985,15602.000000
6677.000000,35.066101,0.092529,0.003140,0.338867,0.241821,0.069168,0.009758,0.169299,-0.094646,397.760010,15829.000000
6678.000000,15.675794,0.091309,0.002663,0.338257,0.241089,0.068170,0.009244,0.168085,-0.098058,372.170013,15620.000000
6679.000000,5.694019,0.093018,0.003057,0.339844,0.240112,0.069368,0.009382,0.167492,-0.099392,360.690002,15655.000000
6680.000000,57.349510,0.092529,0.002818,0.338135,0.238403,0.069085,0.009075,0.167501,-0.099596,469.390015,15687.000000
6681.000000,39.968731,0.093872,0.003264,0.339722,0.239380,0.069682,0.009553,0.170488,-0.096672,479.000000,15665.000000
6682.000000,6.914480,0.093994,0.002974,0.339233,0.240356,0.069831,0.009256,0.170408,-0.096326,406.170013,15772.000000
6683.000000,25.240685,0.093628,0.002752,0.341309,0.240479,0.069362,0.009175,0.169494,-0.097581,392.170013,15753.000000
6684.000000,30.882557,0.093018,0.002461,0.340698,0.240356,0.069118,0.008858,0.168650,-0.099048,409.079987,15596.000000
6685.000000,-9.423179,0.091675,0.002597,0.338379,0.238403,0.068550,0.009031,0.165260,-0.101773,394.500000,16050.000000
6686.000000,74.191475,0.090820,0.002834,0.337402,0.238892,0.068216,0.009236,0.161999,-0.102658,436.369995,15674.000000
6687.000000,53.781948,0.090454,0.002715,0.336426,0.236694,0.067600,0.009089,0.165581,-0.100829,388.070007,15629.000000
6688.000000,51.285465,0.090454,0.002956,0.337036,0.237061,0.068074,0.009322,0.166563,-0.099626,461.440002,15631.000000
6689.000000,-28.832199,0.090820,0.002808,0.339233,0.237915,0.069065,0.009195,0.171090,-0.098913,366.890015,15598.000000
6690.000000,19.445597,0.091431,0.002803,0.339722,0.237671,0.069315,0.009250,0.173176,-0.097454,450.799988,15661.000000
6691.000000,49.614563,0.091919,0.002942,0.341187,0.239624,0.069399,0.009461,0.173423,-0.095575,342.160004,15469.000000
6692.000000,16.207724,0.091553,0.002822,0.340698,0.239624,0.069468,0.009321,0.172411,-0.096016,338.890015,15461.000000
6693.000000,49.632904,0.090576,0.002171,0.338623,0.238159,0.068717,0.008514,0.170353,-0.097430,479.630005,15835.000000
6694.000000,38.551495,0.091187,0.002745,0.338379,0.239624,0.068766,0.009206,0.168397,-0.095992,412.829987,15793.000000
6695.000000,25.398117,0.090698,0.002446,0.337402,0.239868,0.068608,0.008947,0.168741,-0.097301,487.000000,15860.000000
6696.000000,38.424469,0.089722,0.002020,0.335815,0.238525,0.067946,0.008613,0.165248,-0.098276,544.809998,15452.000000
6697.000000,23.160061,0.089966,0.001958,0.336426,0.237915,0.067651,0.008479,0.162651,-0.102061,378.829987,15493.000000
6698.000000,65.039757,0.089722,0.002027,0.335571,0.236694,0.067157,0.008367,0.163482,-0.101986,489.440002,14989.000000
6699.000000,34.296806,0.090332,0.002103,0.336548,0.236816,0.067347,0.008571,0.163286,-0.099365,398.739990,15029.000000
6700.000000,44.197121,0.090210,0.002561,0.334595,0.237793,0.067336,0.009187,0.163966,-0.098351,482.369995,14550.000000
6701.000000,8.673247,0.089478,0.002892,0.333496,0.237793,0.067439,0.009423,0.163639,-0.099589,512.479980,15126.000000
6702.000000,32.563221,0.088989,0.002504,0.334717,0.235596,0.066999,0.008936,0.165481,-0.099426,445.579987,14407.000000
6703.000000,47.027012,0.089966,0.002397,0.334595,0.236328,0.066939,0.008863,0.166358,-0.098426,481.160004,15116.000000
6704.000000,47.657295,0.090454,0.002492,0.336426,0.237183,0.067173,0.009023,0.167150,-0.098313,434.149994,14867.000000
6705.000000,62.282040,0.089722,0.002687,0.335327,0.237183,0.066578,0.009227,0.170233,-0.096421,452.000000,15125.000000
6706.000000,25.731203,0.090698,0.002854,0.335449,0.238037,0.067504,0.009326,0.171415,-0.096207,458.739990,15027.000000
6707.000000,11.024712,0.092041,0.003079,0.336304,0.237671,0.068217,0.009318,0.171768,-0.099032,408.690002,15070.000000
6708.000000,34.904461,0.092896,0.003401,0.334961,0.238525,0.068725,0.009796,0.166977,-0.100692,451.230011,15044.000000
6709.000000,36.803062,0.093262,0.003142,0.333984,0.240601,0.068845,0.009747,0.166819,-0.099561,397.429993,15117.000000
6710.000000,44.212414,0.093384,0.003214,0.331787,0.239502,0.068798,0.009740,0.165670,-0.099030,446.429993,15133.000000
6711.000000,35.069443,0.093872,0.003436,0.333008,0.239502,0.069697,0.009941,0.165492,-0.099068,437.799988,15084.000000
6712.000000,-13.090861,0.093628,0.002747,0.334595,0.239380,0.069977,0.009316,0.166879,-0.098229,388.790009,14845.000000
6713.000000,31.946756,0.092896,0.002596,0.333252,0.239746,0.068861,0.009224,0.166562,-0.096447,399.970001,14945.000000
6714.000000,25.294838,0.092651,0.002476,0.334473,0.239624,0.068440,0.009203,0.165412,-0.097593,393.029999,15609.000000
6715.000000,5.723103,0.093506,0.002648,0.335205,0.241211,0.069518,0.009421,0.165549,-0.096487,415.890015,15438.000000
6716.000000,14.100355,0.093384,0.002365,0.337402,0.241821,0.069600,0.009202,0.171398,-0.094301,470.579987,15278.000000
6717.000000,5.385829,0.093628,0.002275,0.337036,0.239990,0.069563,0.009019,0.173716,-0.094782,375.829987,15327.000000
6718.000000,-4.036686,0.093384,0.002430,0.337646,0.240723,0.070002,0.009081,0.175330,-0.093775,384.450012,15143.000000
6719.000000,66.941246,0.092896,0.002609,0.338745,0.240234,0.069779,0.009234,0.174958,-0.094148,389.429993,14986.000000
6720.000000,16.063501,0.093140,0.002406,0.338379,0.239990,0.069687,0.009029,0.172784,-0.094651,411.940002,15257.000000
6721.000000,24.684174,0.093384,0.002354,0.338989,0.239136,0.070046,0.008988,0.175793,-0.093842,434.519989,15158.000000
6722.000000,6.508104,0.093872,0.002287,0.340088,0.239136,0.069951,0.008875,0.175488,-0.093818,415.049988,15127.000000
6723.000000,70.755074,0.093750,0.002684,0.339600,0.238037,0.070282,0.009170,0.175625,-0.095213,446.089996,15171.000000
6724.000000,9.353421,0.093262,0.002714,0.338013,0.236938,0.069902,0.009188,0.168027,-0.097071,388.640015,14748.000000
6725.000000,7.699541,0.092773,0.002098,0.338623,0.235962,0.069312,0.008575,0.167595,-0.097522,437.640015,15316.000000
6726.000000,53.333309,0.092773,0.002124,0.337402,0.236206,0.068670,0.008621,0.165405,-0.095633,485.130005,15142.000000
6727.000000,44.176205,0.092041,0.002542,0.336670,0.237183,0.068159,0.009060,0.165983,-0.095057,456.489990,15160.000000
6728.000000,33.538158,0.092407,0.002767,0.336670,0.236938,0.068216,0.009316,0.164934,-0.097789,422.619995,15461.000000
6729.000000,33.607014,0.092773,0.002530,0.336792,0.236084,0.067810,0.009036,0.162487,-0.097818,484.029999,15204.000000
6730.000000,23.172520,0.092163,0.002480,0.337158,0.236450,0.067613,0.009208,0.165393,-0.097007,406.200012,15433.000000
6731.000000,18.539289,0.091797,0.002412,0.336304,0.236328,0.067569,0.009221,0.165517,-0.095701,381.459991,15402.000000
6732.000000,20.471640,0.092041,0.002575,0.335571,0.236084,0.067749,0.009405,0.163827,-0.097305,528.099976,15303.000000
6733.000000,78.940941,0.092163,0.002386,0.334717,0.237427,0.067972,0.009139,0.163272,-0.098488,491.899994,15470.000000
6734.000000,16.859379,0.091187,0.002586,0.336182,0.236694,0.068336,0.009381,0.167700,-0.096703,449.640015,15430.000000
6735.000000,-7.119507,0.091675,0.002630,0.337036,0.237915,0.069216,0.009508,0.171168,-0.095344,376.649994,15549.000000
6736.000000,-8.033138,0.091797,0.002658,0.337036,0.239624,0.069496,0.009669,0.171677,-0.095167,356.660004,15048.000000
6737.000000,49.311935,0.091187,0.002634,0.335693,0.239990,0.069227,0.009688,0.170226,-0.096202,416.829987,15337.000000
6738.000000,47.988693,0.091675,0.002947,0.338379,0.240234,0.070112,0.009906,0.171961,-0.095506,373.730011,15322.000000
6739.000000,31.750742,0.090820,0.002528,0.336670,0.240356,0.069437,0.009464,0.168833,-0.097751,464.790009,15417.000000
6740.000000,0.915393,0.091187,0.002664,0.336304,0.240723,0.069488,0.009480,0.168524,-0.099419,474.559998,15226.000000
6741.000000,16.961243,0.091309,0.002899,0.334839,0.240723,0.069675,0.009758,0.172602,-0.096751,456.109985,14817.000000
6742.000000,15.500236,0.091431,0.002555,0.335449,0.241089,0.069625,0.009426,0.173803,-0.099203,439.630005,15291.000000
6743.000000,44.711613,0.092896,0.002730,0.337402,0.240356,0.070380,0.009495,0.172464,-0.099149,407.230011,15480.000000
6744.000000,39.060104,0.092651,0.002728,0.337524,0.241455,0.070057,0.009581,0.172473,-0.096136,392.760010,15218.000000
6745.000000,13.766109,0.093384,0.002418,0.337158,0.243530,0.070083,0.009405,0.174138,-0.097508,451.890015,14775.000000
6746.000000,46.669682,0.092407,0.002400,0.335938,0.242676,0.069978,0.009373,0.171891,-0.098641,375.649994,15415.000000
6747.000000,47.994007,0.091675,0.002341,0.335083,0.241699,0.069764,0.009286,0.170389,-0.099912,446.679993,15279.000000
6748.000000,18.115452,0.092773,0.002940,0.336792,0.241211,0.070135,0.009669,0.170648,-0.099814,477.980011,14681.000000
6749.000000,40.744274,0.092896,0.002461,0.336548,0.241333,0.069881,0.009169,0.170667,-0.098775,396.390015,14837.000000
6750.000000,16.446589,0.093262,0.003124,0.336060,0.240601,0.070241,0.009967,0.170248,-0.096723,508.100006,14856.000000
6751.000000,24.075296,0.094482,0.003306,0.336304,0.242676,0.070864,0.010262,0.170526,-0.094638,431.089996,15226.000000
6752.000000,43.525993,0.093506,0.002979,0.334839,0.242920,0.070172,0.010031,0.170620,-0.097924,414.700012,15544.000000
6753.000000,72.885475,0.094116,0.003522,0.334473,0.243652,0.070329,0.010524,0.170855,-0.096287,418.209991,15165.000000
6754.000000,6.481995,0.093750,0.003740,0.332520,0.243774,0.070493,0.010725,0.167594,-0.098986,435.809998,15365.000000
6755.000000,36.903435,0.094849,0.003677,0.333862,0.242310,0.070626,0.010618,0.167182,-0.099065,408.600006,15474.000000
6756.000000,20.752592,0.094238,0.003742,0.335449,0.242798,0.070662,0.010772,0.166449,-0.096630,358.339996,15777.000000
6757.000000,53.314499,0.094971,0.004080,0.335327,0.242676,0.071214,0.011092,0.170647,-0.094342,479.559998,15868.000000
6758.000000,23.970898,0.094604,0.004030,0.334961,0.243286,0.071232,0.011121,0.169102,-0.096692,443.269989,15739.000000
6759.000000,65.399025,0.094360,0.003522,0.333740,0.240601,0.070168,0.010395,0.167203,-0.100964,521.559998,15849.000000
6760.000000,22.896955,0.094116,0.003752,0.333740,0.241455,0.070423,0.010686,0.165851,-0.098572,449.119995,15579.000000
6761.000000,40.091293,0.093628,0.003852,0.333496,0.241699,0.070213,0.010812,0.168030,-0.097424,474.450012,15415.000000
6762.000000,70.539932,0.094238,0.003846,0.333740,0.243286,0.070562,0.010841,0.168029,-0.098245,396.679993,15311.000000
6763.000000,14.161281,0.093506,0.003479,0.334351,0.241211,0.070769,0.010347,0.170452,-0.099557,392.329987,15464.000000
6764.000000,-8.695408,0.093628,0.003722,0.335205,0.239502,0.071614,0.010648,0.172254,-0.099696,442.760010,15477.000000
6765.000000,0.887183,0.094360,0.003901,0.334717,0.242188,0.072660,0.010935,0.170788,-0.098708,381.200012,15319.000000
6766.000000,34.272095,0.095825,0.004114,0.335815,0.243896,0.073355,0.011149,0.173111,-0.096442,360.489990,15559.000000
6767.000000,24.468454,0.094116,0.003497,0.335205,0.241699,0.072601,0.010551,0.173259,-0.097083,451.649994,15568.000000
6768.000000,21.314581,0.093628,0.003208,0.336792,0.241821,0.072196,0.010332,0.173443,-0.097146,435.380005,15518.000000
6769.000000,14.688375,0.093262,0.002871,0.337402,0.243286,0.071962,0.010142,0.174811,-0.094307,440.070007,15434.000000
6770.000000,24.345509,0.092651,0.003021,0.337769,0.242065,0.071699,0.010283,0.173195,-0.096312,448.290009,15316.000000
6771.000000,7.113524,0.091797,0.003203,0.337280,0.241211,0.071892,0.010471,0.167420,-0.097190,481.790009,15445.000000
6772.000000,10.237314,0.091675,0.003266,0.337524,0.239624,0.071668,0.010163,0.169753,-0.097780,431.010010,15099.000000
6773.000000,29.344563,0.091431,0.003360,0.338135,0.240601,0.071551,0.010397,0.168928,-0.095164,391.459991,15470.000000
6774.000000,53.039299,0.091797,0.003631,0.337402,0.241577,0.071400,0.010755,0.170787,-0.093916,550.159973,15546.000000
6775.000000,0.341438,0.091309,0.003026,0.335327,0.242554,0.071507,0.010280,0.168558,-0.096834,376.559998,15466.000000
6776.000000,7.931152,0.091187,0.003236,0.334351,0.240845,0.071904,0.010293,0.168849,-0.099159,476.630005,15482.000000
6777.000000,78.745117,0.092163,0.003698,0.335815,0.243774,0.072163,0.010844,0.169366,-0.097144,423.779999,15761.000000
6778.000000,75.744568,0.092529,0.003644,0.334839,0.244141,0.072089,0.010787,0.166421,-0.099233,527.830017,15668.000000
6779.000000,45.483078,0.092651,0.003263,0.334839,0.244019,0.071507,0.010278,0.168604,-0.098443,395.959991,15856.000000
6780.000000,52.496689,0.092651,0.003186,0.333862,0.243286,0.071323,0.010092,0.169878,-0.100617,413.609985,15657.000000
6781.000000,37.628941,0.092651,0.003194,0.333740,0.243164,0.070831,0.010034,0.164775,-0.100290,365.959991,15610.000000
6782.000000,69.289040,0.093262,0.003508,0.334473,0.244507,0.071281,0.010353,0.167706,-0.098040,449.149994,15550.000000
6783.000000,54.163498,0.093262,0.002828,0.333740,0.244385,0.070696,0.009679,0.165436,-0.099960,473.049988,14782.000000
6784.000000,18.825865,0.092529,0.003026,0.332520,0.242920,0.070417,0.009850,0.165132,-0.099784,464.700012,15066.000000
6785.000000,34.184711,0.092163,0.003223,0.332520,0.243530,0.070012,0.009913,0.165728,-0.098500,456.480011,15205.000000
6786.000000,44.506821,0.091553,0.002899,0.331909,0.240723,0.069661,0.009446,0.161190,-0.101197,426.549988,14963.000000
6787.000000,24.150457,0.091431,0.003027,0.332397,0.240112,0.069756,0.009477,0.163266,-0.100653,381.130005,14910.000000
6788.000000,46.424076,0.092651,0.003261,0.333618,0.241699,0.070188,0.009677,0.163170,-0.099060,510.429993,15079.000000
6789.000000,47.001308,0.092773,0.003167,0.333130,0.243774,0.070133,0.009716,0.165494,-0.096459,450.709991,14827.000000
6790.000000,51.008686,0.093140,0.003068,0.333374,0.241943,0.070321,0.009486,0.168191,-0.095582,383.779999,15554.000000
6791.000000,-0.343139,0.092285,0.002518,0.332397,0.240356,0.069399,0.008956,0.165017,-0.098503,396.450012,15573.000000
6792.000000,0.590042,0.092407,0.002703,0.333008,0.239502,0.069359,0.009042,0.162098,-0.100462,374.529999,15136.000000
6793.000000,37.713726,0.091919,0.002254,0.332764,0.238892,0.068654,0.008570,0.157284,-0.100120,410.750000,15142.000000
6794.000000,12.112959,0.092529,0.002297,0.334351,0.240356,0.068729,0.008529,0.160578,-0.099783,439.149994,15086.000000
6795.000000,9.771037,0.092773,0.002844,0.335449,0.242432,0.069529,0.009142,0.164959,-0.095591,462.309998,15207.000000
6796.000000,24.001720,0.091919,0.003203,0.334229,0.242798,0.069535,0.009455,0.161329,-0.097373,458.929993,14860.000000
6797.000000,43.543407,0.091064,0.003090,0.334717,0.239258,0.069137,0.009220,0.155817,-0.102244,379.899994,15231.000000
6798.000000,87.548416,0.090576,0.003038,0.333374,0.238037,0.068695,0.009010,0.154858,-0.102343,511.000000,15212.000000
6799.000000,21.776123,0.091309,0.003054,0.334839,0.239136,0.069252,0.009016,0.160890,-0.098611,450.109985,14956.000000
6800.000000,6.973103,0.091431,0.002888,0.333862,0.240723,0.069119,0.008915,0.163619,-0.097324,401.269989,15246.000000
6801.000000,19.955294,0.091675,0.002969,0.333496,0.241089,0.069047,0.009019,0.163774,-0.095965,358.779999,15016.000000
6802.000000,0.964393,0.091675,0.003066,0.333862,0.239624,0.069066,0.008924,0.164735,-0.096658,359.209991,15204.000000
6803.000000,55.834087,0.091797,0.002890,0.332642,0.238770,0.068804,0.008763,0.164149,-0.096208,455.700012,15539.000000
6804.000000,-12.765249,0.090820,0.002916,0.333008,0.237427,0.068486,0.008736,0.163248,-0.095358,390.160004,15381.000000
6805.000000,26.372679,0.091309,0.002889,0.334473,0.237427,0.068949,0.008840,0.164512,-0.094160,415.690002,15560.000000
6806.000000,55.506069,0.091309,0.003084,0.334595,0.238403,0.069429,0.009067,0.167196,-0.093263,414.720001,15397.000000
6807.000000,17.664831,0.091553,0.003238,0.334717,0.237549,0.069221,0.009266,0.166972,-0.093539,438.010010,15345.000000
6808.000000,23.508663,0.091797,0.002743,0.335449,0.236450,0.068940,0.008670,0.165561,-0.096766,391.679993,15616.000000
6809.000000,28.006296,0.091797,0.002532,0.337646,0.236694,0.068594,0.008470,0.164918,-0.094626,400.260010,15469.000000
6810.000000,11.424348,0.092407,0.003248,0.338135,0.238037,0.069855,0.009180,0.165762,-0.094675,535.150024,15565.000000
6811.000000,45.760303,0.091553,0.003051,0.336060,0.237427,0.069048,0.009034,0.160994,-0.095584,484.119995,15502.000000
6812.000000,28.054665,0.092529,0.003310,0.336060,0.238037,0.069523,0.009280,0.161938,-0.096169,472.929993,15239.000000
6813.000000,22.304686,0.091675,0.003070,0.334595,0.236694,0.068865,0.008968,0.164341,-0.096402,435.829987,15206.000000
6814.000000,37.802368,0.090820,0.002860,0.334961,0.235596,0.068515,0.008729,0.164169,-0.096000,399.100006,15418.000000
6815.000000,14.618016,0.091431,0.003516,0.334229,0.236206,0.069121,0.009337,0.163431,-0.094970,429.109985,15251.000000
6816.000000,59.026012,0.091187,0.002825,0.334717,0.236450,0.068273,0.008748,0.160963,-0.094711,439.660004,15134.000000
6817.000000,46.178421,0.092285,0.003370,0.333862,0.238770,0.068581,0.009363,0.160791,-0.092584,424.410004,15144.000000
6818.000000,47.898968,0.091919,0.003160,0.331543,0.238281,0.068152,0.009161,0.160761,-0.094058,441.890015,14880.000000
6819.000000,8.909956,0.092896,0.003564,0.332520,0.238037,0.069310,0.009423,0.162417,-0.094680,435.679993,15105.000000
6820.000000,27.641785,0.092163,0.003367,0.332520,0.238525,0.068984,0.009400,0.161026,-0.094047,444.079987,15388.000000
6821.000000,4.862943,0.091675,0.003428,0.331909,0.236938,0.069188,0.009395,0.158294,-0.095940,478.989990,15607.000000
6822.000000,-11.255974,0.091919,0.003222,0.331909,0.235474,0.069469,0.009158,0.161398,-0.095040,401.890015,15352.000000
6823.000000,41.594967,0.091431,0.002939,0.332764,0.236572,0.069269,0.008899,0.164991,-0.095040,451.260010,15153.000000
6824.000000,25.990425,0.091675,0.003693,0.333008,0.236938,0.070155,0.009634,0.168590,-0.093864,365.809998,15522.000000
6825.000000,-14.467287,0.092407,0.003579,0.333252,0.237305,0.070799,0.009590,0.167267,-0.093714,443.940002,15184.000000
6826.000000,24.181021,0.091431,0.002686,0.332886,0.234619,0.070206,0.008527,0.168062,-0.095189,431.299988,15322.000000
6827.000000,6.786220,0.092773,0.003401,0.332397,0.236694,0.071146,0.009373,0.169234,-0.093302,416.630005,15223.000000
6828.000000,41.211830,0.093140,0.003485,0.332153,0.237549,0.071256,0.009498,0.168312,-0.093756,404.190002,15136.000000
6829.000000,58.129368,0.093384,0.003310,0.332153,0.237305,0.071041,0.009233,0.169556,-0.094043,380.839996,15186.000000
6830.000000,31.935116,0.092773,0.003032,0.331543,0.237671,0.070292,0.009087,0.166781,-0.092393,467.399994,15084.000000
6831.000000,52.335011,0.092041,0.002718,0.332031,0.236450,0.069285,0.008739,0.170055,-0.093371,372.920013,14864.000000
6832.000000,36.528774,0.092773,0.002631,0.332275,0.236572,0.069334,0.008645,0.169414,-0.093316,456.609985,15167.000000
6833.000000,16.711733,0.092651,0.003079,0.330200,0.238037,0.068843,0.009173,0.166374,-0.093221,398.640015,14872.000000
6834.000000,35.436600,0.093018,0.003217,0.330688,0.239380,0.068860,0.009447,0.164646,-0.093470,358.200012,15437.000000
6835.000000,3.889868,0.093628,0.003041,0.330933,0.240601,0.069304,0.009242,0.166935,-0.092253,472.239990,15236.000000
6836.000000,50.040215,0.093506,0.003025,0.330200,0.240112,0.069347,0.009199,0.167591,-0.092690,461.769989,14662.000000
6837.000000,26.321442,0.093140,0.003016,0.329956,0.239990,0.069051,0.009341,0.164893,-0.094406,410.899994,15166.000000
6838.000000,28.712574,0.092407,0.002829,0.327759,0.238770,0.068242,0.009110,0.161604,-0.095815,454.100006,15014.000000
6839.000000,42.884815,0.092163,0.002320,0.328247,0.239258,0.067685,0.008600,0.164284,-0.095157,359.510010,15177.000000
6840.000000,-0.589103,0.090576,0.002294,0.327759,0.237915,0.066924,0.008589,0.167348,-0.093477,450.170013,15225.000000
6841.000000,20.856483,0.091675,0.002832,0.325806,0.238770,0.067373,0.009034,0.164307,-0.095805,376.709991,15209.000000
6842.000000,20.873098,0.092773,0.002875,0.326538,0.239258,0.067208,0.008964,0.163411,-0.096691,401.720001,15230.000000
6843.000000,2.351803,0.092041,0.003242,0.326538,0.238159,0.066917,0.009309,0.164330,-0.096230,354.440002,15308.000000
6844.000000,26.580473,0.090820,0.002547,0.325928,0.238159,0.066150,0.008639,0.163412,-0.096116,435.440002,15381.000000
6845.000000,45.497906,0.090454,0.002476,0.326538,0.238281,0.066247,0.008537,0.162706,-0.095797,370.089996,15267.000000
6846.000000,13.272984,0.090332,0.002789,0.325684,0.237061,0.066693,0.008710,0.164372,-0.095380,373.600006,14777.000000
6847.000000,18.884172,0.090454,0.002708,0.326050,0.238281,0.067554,0.008821,0.164610,-0.095917,375.839996,14953.000000
6848.000000,51.457508,0.090820,0.002668,0.325317,0.238525,0.067095,0.008835,0.162125,-0.097974,473.059998,14893.000000
6849.000000,19.368481,0.090576,0.002546,0.325439,0.237793,0.067537,0.008605,0.158657,-0.100640,370.750000,15163.000000
6850.000000,31.270338,0.090820,0.003145,0.325806,0.236450,0.067931,0.009162,0.161399,-0.097248,412.940002,14791.000000
6851.000000,31.886534,0.090210,0.002386,0.325562,0.237427,0.067654,0.008419,0.163903,-0.097080,476.399994,14977.000000
6852.000000,21.794214,0.090942,0.002787,0.325317,0.237061,0.067789,0.008815,0.164202,-0.097177,364.700012,14803.000000
6853.000000,54.784683,0.091187,0.003140,0.325562,0.237915,0.068178,0.009179,0.160423,-0.098217,437.640015,15061.000000
6854.000000,52.715626,0.090332,0.002545,0.324707,0.235840,0.067581,0.008478,0.156866,-0.099410,430.510010,14959.000000
6855.000000,8.601823,0.091187,0.002471,0.324585,0.236938,0.067824,0.008404,0.157221,-0.096996,457.029999,15107.000000
6856.000000,41.284492,0.090332,0.002555,0.324463,0.237183,0.067815,0.008471,0.163993,-0.093071,425.859985,15394.000000
6857.000000,3.410858,0.090698,0.002613,0.324707,0.236938,0.068432,0.008501,0.164019,-0.094678,444.420013,15749.000000
6858.000000,16.552435,0.091675,0.002332,0.325073,0.238281,0.068813,0.008418,0.164988,-0.095200,348.609985,15585.000000
6859.000000,24.184805,0.090820,0.002608,0.323853,0.238770,0.069039,0.008769,0.164098,-0.096014,431.799988,15717.000000
6860.000000,0.397851,0.089478,0.002054,0.322876,0.236938,0.068134,0.008106,0.164239,-0.096059,421.760010,15312.000000
6861.000000,42.489586,0.088623,0.001761,0.322754,0.236572,0.067697,0.007844,0.164470,-0.095784,428.899994,14859.000000
6862.000000,22.363008,0.088135,0.002118,0.320312,0.236816,0.066903,0.008447,0.162566,-0.093054,425.100006,14772.000000
6863.000000,30.289160,0.087891,0.001993,0.319458,0.236694,0.066725,0.008245,0.160761,-0.094441,463.299988,15149.000000
6864.000000,34.520584,0.087891,0.002413,0.320312,0.236816,0.066661,0.008634,0.161361,-0.095541,425.820007,15263.000000
6865.000000,28.138508,0.088745,0.003498,0.322021,0.237061,0.067781,0.009507,0.164596,-0.094611,421.700012,15363.000000
6866.000000,30.923292,0.088501,0.003133,0.322144,0.236084,0.067812,0.009149,0.165710,-0.093884,504.410004,15488.000000
6867.000000,14.320629,0.088135,0.002628,0.320435,0.236450,0.067020,0.008680,0.162927,-0.096959,411.790009,15368.000000
6868.000000,43.570255,0.086914,0.002218,0.319092,0.234741,0.066226,0.008235,0.158882,-0.098958,392.109985,15500.000000
6869.000000,33.668434,0.087646,0.002487,0.319702,0.234863,0.066486,0.008438,0.157036,-0.097325,424.450012,15305.000000
6870.000000,37.099228,0.087646,0.002660,0.319336,0.235962,0.066674,0.008797,0.160042,-0.095752,437.089996,15186.000000
6871.000000,21.391581,0.088013,0.002549,0.319702,0.235352,0.067163,0.008697,0.162934,-0.094700,422.209991,15172.000000
6872.000000,9.205527,0.087769,0.002453,0.318726,0.236938,0.066229,0.008777,0.161270,-0.095465,382.059998,15373.000000
6873.000000,26.540340,0.087402,0.002528,0.319214,0.235107,0.066009,0.008753,0.159500,-0.097602,418.480011,15506.000000
6874.000000,-20.696404,0.087402,0.002470,0.319092,0.234375,0.066138,0.008709,0.161127,-0.096243,438.630005,15158.000000
6875.000000,-14.072647,0.087769,0.003151,0.320435,0.236694,0.067199,0.009492,0.165121,-0.091306,463.850006,15026.000000
6876.000000,44.705856,0.087402,0.002150,0.320312,0.237793,0.066971,0.008550,0.167422,-0.092956,451.619995,15074.000000
6877.000000,44.345402,0.087402,0.002810,0.319824,0.238159,0.066966,0.009319,0.164238,-0.094515,341.149994,15076.000000
6878.000000,24.800962,0.086670,0.002327,0.319580,0.237427,0.066319,0.008800,0.162168,-0.094741,459.040009,15089.000000
6879.000000,37.611317,0.087036,0.002471,0.318726,0.237793,0.066613,0.008846,0.163188,-0.095123,499.059998,15122.000000
6880.000000,53.447296,0.086670,0.002385,0.317261,0.235840,0.066941,0.008660,0.163455,-0.097384,516.090027,15469.000000
6881.000000,34.455944,0.087280,0.002464,0.316772,0.235352,0.067058,0.008743,0.162360,-0.098736,391.549988,15120.000000
6882.000000,32.159130,0.087646,0.002397,0.316895,0.237061,0.067448,0.008736,0.166791,-0.095728,514.080017,15146.000000
6883.000000,-18.427542,0.088257,0.002575,0.319214,0.238037,0.068146,0.008878,0.170180,-0.093398,393.010010,15212.000000
6884.000000,30.909105,0.088257,0.002161,0.317505,0.236816,0.067369,0.008452,0.167747,-0.096931,453.910004,14938.000000
6885.000000,77.378822,0.088989,0.002469,0.317749,0.236938,0.067494,0.008778,0.163565,-0.099984,461.579987,15092.000000
6886.000000,3.461216,0.088501,0.002442,0.317627,0.236572,0.067479,0.008738,0.160512,-0.098946,429.309998,15099.000000
6887.000000,29.848038,0.087891,0.002157,0.316772,0.238037,0.067302,0.008818,0.161498,-0.097219,438.200012,14841.000000
6888.000000,-1.370236,0.088501,0.002083,0.316284,0.238159,0.067223,0.008729,0.158081,-0.099135,421.929993,15291.000000
6889.000000,30.794992,0.087280,0.002030,0.315063,0.236450,0.066920,0.008649,0.154258,-0.099396,377.369995,15054.000000
6890.000000,31.066614,0.086548,0.001893,0.313721,0.236694,0.066244,0.008671,0.154617,-0.097306,405.559998,15058.000000
6891.000000,30.047094,0.086060,0.002082,0.311646,0.236084,0.065665,0.008794,0.155320,-0.097402,474.859985,15299.000000
6892.000000,36.879768,0.085205,0.002045,0.312866,0.234619,0.064726,0.008699,0.153500,-0.100466,456.049988,15269.000000
6893.000000,-25.022408,0.085571,0.001972,0.313721,0.234253,0.064790,0.008662,0.152300,-0.100822,425.459991,15192.000000
6894.000000,57.132618,0.086304,0.002237,0.314819,0.236572,0.064682,0.009103,0.155857,-0.096694,386.399994,15357.000000
6895.000000,22.399767,0.086182,0.002311,0.314453,0.234863,0.064430,0.009254,0.157246,-0.095304,441.399994,14493.000000
6896.000000,29.474714,0.087158,0.002290,0.315308,0.236938,0.065391,0.009397,0.156262,-0.096386,438.450012,15114.000000
6897.000000,23.693119,0.086548,0.001957,0.315063,0.236206,0.065172,0.009100,0.158350,-0.096658,432.540009,15181.000000
6898.000000,62.003651,0.086792,0.002080,0.315063,0.236084,0.065077,0.009228,0.158148,-0.097707,402.649994,15358.000000
6899.000000,56.792553,0.086670,0.002328,0.313232,0.236328,0.064477,0.009297,0.157978,-0.098152,462.790009,14936.000000
6900.000000,33.378941,0.087036,0.002775,0.312500,0.235962,0.064774,0.009636,0.155490,-0.099557,385.519989,15125.000000
6901.000000,-5.242185,0.085449,0.002756,0.310791,0.235474,0.064742,0.009636,0.158106,-0.098160,440.130005,15114.000000
6902.000000,13.830141,0.086670,0.003070,0.312378,0.236572,0.065252,0.009912,0.159203,-0.096870,401.140015,15219.000000
6903.000000,12.248486,0.087402,0.002824,0.312988,0.236206,0.065365,0.009650,0.160461,-0.097787,421.179993,15177.000000
6904.000000,32.629128,0.087524,0.002897,0.312256,0.237427,0.065650,0.009649,0.157201,-0.097751,462.429993,14981.000000
6905.000000,40.665798,0.087524,0.002986,0.312744,0.237915,0.065906,0.009856,0.155232,-0.099066,435.410004,15230.000000
6906.000000,20.840536,0.087769,0.002796,0.310425,0.238647,0.065871,0.009722,0.157429,-0.099504,388.549988,15163.000000
6907.000000,15.831144,0.088379,0.003124,0.311279,0.238525,0.066498,0.010091,0.159026,-0.099217,525.559998,15188.000000
6908.000000,27.582758,0.088135,0.002477,0.311890,0.237427,0.066035,0.009260,0.162182,-0.098889,444.690002,14897.000000
6909.000000,43.776470,0.089111,0.002781,0.314087,0.237183,0.066149,0.009519,0.161011,-0.098587,455.440002,15313.000000
6910.000000,64.314499,0.088745,0.002835,0.313110,0.237671,0.065576,0.009524,0.157071,-0.099855,413.910004,15029.000000
6911.000000,48.794228,0.088013,0.002465,0.310181,0.238525,0.065128,0.009254,0.154585,-0.099921,359.269989,14944.000000
6912.000000,15.441127,0.088745,0.002674,0.310547,0.239868,0.064968,0.009557,0.153273,-0.100146,457.730011,14925.000000
6913.000000,30.785753,0.088989,0.002708,0.310669,0.240601,0.065373,0.009679,0.155907,-0.099178,454.220001,14949.000000
6914.000000,-17.649492,0.089355,0.003037,0.312134,0.239624,0.065960,0.010029,0.158288,-0.098490,400.339996,14847.000000
6915.000000,4.671842,0.088867,0.002882,0.312378,0.239624,0.065572,0.009803,0.156804,-0.099055,378.510010,15014.000000
6916.000000,6.016172,0.088623,0.002759,0.310913,0.238525,0.065652,0.009638,0.155113,-0.102710,475.679993,15035.000000
6917.000000,17.017393,0.088623,0.002627,0.311890,0.239624,0.066059,0.009439,0.161175,-0.098544,383.420013,14970.000000
6918.000000,30.973724,0.089722,0.003418,0.312744,0.240723,0.067687,0.010327,0.163642,-0.095968,452.859985,14581.000000
6919.000000,50.122154,0.089233,0.002908,0.313110,0.239990,0.067370,0.009727,0.164354,-0.098163,402.390015,14720.000000
6920.000000,-10.913995,0.089111,0.002519,0.310669,0.238159,0.067222,0.009360,0.162220,-0.099789,372.390015,14834.000000
6921.000000,39.079792,0.088745,0.002735,0.310425,0.238281,0.067263,0.009594,0.158224,-0.098795,548.460022,14872.000000
6922.000000,16.803272,0.088013,0.002488,0.309204,0.237427,0.066781,0.009272,0.156692,-0.098634,400.350006,14531.000000
6923.000000,38.195324,0.088623,0.002486,0.309082,0.239136,0.066383,0.009332,0.160967,-0.097399,356.250000,15103.000000
6924.000000,15.560018,0.088501,0.002416,0.308716,0.240601,0.065905,0.009385,0.161288,-0.098305,378.709991,15270.000000
6925.000000,40.063351,0.087524,0.002275,0.306885,0.239990,0.065228,0.009204,0.156515,-0.098959,454.040009,15176.000000
6926.000000,59.176136,0.087646,0.003148,0.306519,0.239502,0.065769,0.010077,0.160939,-0.098253,393.170013,15189.000000
6927.000000,45.797642,0.087646,0.002820,0.305908,0.239380,0.065570,0.009839,0.161214,-0.097102,387.179993,15194.000000
6928.000000,33.812393,0.088989,0.003185,0.307861,0.241089,0.066720,0.010378,0.163097,-0.095502,451.649994,15160.000000
6929.000000,34.775272,0.088501,0.003104,0.307739,0.239624,0.066864,0.010091,0.165617,-0.095887,381.609985,15191.000000
6930.000000,43.708187,0.088623,0.003038,0.306763,0.239136,0.066891,0.010096,0.161982,-0.098375,435.279999,15208.000000
6931.000000,46.613804,0.089233,0.002747,0.307739,0.238647,0.066736,0.009910,0.161670,-0.097632,417.290009,15097.000000
6932.000000,38.367275,0.089233,0.002584,0.307373,0.238892,0.066559,0.009836,0.161058,-0.095888,491.019989,15143.000000
6933.000000,29.035282,0.089722,0.002792,0.307007,0.239258,0.066114,0.009934,0.159609,-0.097030,387.950012,15154.000000
6934.000000,57.025887,0.087769,0.002411,0.305054,0.239868,0.065543,0.009591,0.158177,-0.095943,435.790009,15267.000000
6935.000000,31.380064,0.087524,0.002507,0.303467,0.239624,0.065531,0.009801,0.155592,-0.098162,445.500000,15010.000000
6936.000000,41.589710,0.087158,0.002781,0.302734,0.240234,0.065643,0.010201,0.153519,-0.099251,470.250000,15101.000000
6937.000000,81.128044,0.087158,0.002762,0.303345,0.239380,0.065535,0.010120,0.154514,-0.097549,431.109985,15105.000000
6938.000000,30.024603,0.086304,0.002852,0.303101,0.237915,0.065393,0.010155,0.153311,-0.097791,410.549988,15002.000000
6939.000000,22.531391,0.087158,0.003029,0.303711,0.238403,0.065933,0.010139,0.155682,-0.095520,422.160004,14977.000000
6940.000000,20.425533,0.087524,0.002713,0.302368,0.240356,0.065483,0.010022,0.155926,-0.097393,409.559998,15006.000000
6941.000000,80.292496,0.088379,0.003222,0.303345,0.241089,0.065296,0.010517,0.156574,-0.096311,372.559998,15002.000000
6942.000000,34.431702,0.088257,0.003061,0.303589,0.241455,0.065393,0.010194,0.155592,-0.097520,393.019989,15113.000000
6943.000000,14.117017,0.088013,0.002587,0.303223,0.242065,0.064908,0.009713,0.155237,-0.097717,457.299988,15156.000000
6944.000000,8.687731,0.089355,0.002479,0.304199,0.242310,0.065227,0.009650,0.155837,-0.097587,406.200012,14663.000000
6945.000000,68.434776,0.089111,0.002457,0.303955,0.241577,0.064501,0.009631,0.157479,-0.097471,470.649994,15222.000000
6946.000000,-3.050449,0.089355,0.002868,0.304443,0.241943,0.064881,0.010013,0.160008,-0.096706,399.390015,15094.000000
6947.000000,3.061770,0.087769,0.002538,0.303467,0.240967,0.064918,0.009684,0.158761,-0.098367,349.329987,15076.000000
6948.000000,34.254234,0.087646,0.002604,0.304077,0.241333,0.065069,0.009812,0.160131,-0.099048,396.890015,14763.000000
6949.000000,20.866777,0.087646,0.002448,0.304810,0.241821,0.064724,0.009723,0.159250,-0.098035,407.070007,15084.000000
6950.000000,35.710972,0.086914,0.002289,0.302856,0.242432,0.063810,0.009463,0.162808,-0.094983,464.440002,15148.000000
6951.000000,12.109207,0.087769,0.002351,0.303711,0.243408,0.063933,0.009507,0.162164,-0.095392,440.190002,15033.000000
6952.000000,17.886681,0.087646,0.002597,0.302368,0.242554,0.063610,0.009693,0.162258,-0.098220,463.950012,15043.000000
6953.000000,-4.604103,0.087769,0.002775,0.303467,0.242920,0.064199,0.009909,0.164792,-0.098822,320.109985,15233.000000
6954.000000,15.708037,0.088135,0.002576,0.304321,0.241211,0.064311,0.009589,0.163031,-0.099606,400.970001,15067.000000
6955.000000,11.293855,0.087769,0.002693,0.304688,0.241577,0.064506,0.009640,0.163561,-0.098671,464.850006,15081.000000
6956.000000,53.291622,0.087402,0.002588,0.304932,0.240723,0.064302,0.009655,0.163327,-0.097233,367.200012,15016.000000
6957.000000,35.428497,0.085815,0.002070,0.303345,0.240845,0.063531,0.009162,0.164376,-0.096272,389.329987,14899.000000
6958.000000,-4.164050,0.085571,0.002269,0.302490,0.241699,0.063006,0.009344,0.160689,-0.097636,413.820007,15170.000000
6959.000000,30.622690,0.085327,0.002123,0.302002,0.241699,0.062527,0.009199,0.157699,-0.100194,361.309998,15026.000000
6960.000000,11.310544,0.085938,0.002262,0.301147,0.242676,0.063007,0.009509,0.160368,-0.099205,384.109985,14768.000000
6961.000000,26.027750,0.085693,0.002486,0.301392,0.240967,0.063291,0.009672,0.163517,-0.097177,452.750000,14577.000000
6962.000000,59.553555,0.085815,0.002459,0.302246,0.241577,0.063648,0.009698,0.163960,-0.097531,453.720001,15078.000000
6963.000000,-4.543922,0.086060,0.002802,0.301270,0.241455,0.064105,0.010142,0.163730,-0.096810,435.070007,15205.000000
6964.000000,47.152409,0.085327,0.002490,0.300781,0.240234,0.063515,0.009862,0.160904,-0.097413,448.010010,15003.000000
6965.000000,57.028763,0.084351,0.002741,0.299683,0.240112,0.063277,0.010173,0.162595,-0.096583,441.429993,14719.000000
6966.000000,30.692358,0.083130,0.002631,0.300293,0.238647,0.062813,0.010073,0.163659,-0.096214,385.029999,14897.000000
6967.000000,12.091489,0.082886,0.002826,0.301025,0.238525,0.063141,0.010291,0.163259,-0.096141,445.989990,15163.000000
6968.000000,54.190044,0.082520,0.003014,0.300293,0.239502,0.063534,0.010657,0.167321,-0.094041,396.929993,14986.000000
6969.000000,13.198277,0.084229,0.003092,0.301636,0.241455,0.064120,0.010878,0.165504,-0.094409,422.739990,15015.000000
6970.000000,37.904400,0.084717,0.003708,0.300659,0.242065,0.064890,0.011483,0.167082,-0.093447,441.690002,15249.000000
6971.000000,35.325245,0.084961,0.003217,0.300781,0.242310,0.064712,0.010889,0.167132,-0.094612,476.230011,15236.000000
6972.000000,26.841196,0.085815,0.002775,0.301758,0.242676,0.065051,0.010327,0.166727,-0.096338,449.850006,14970.000000
6973.000000,12.388254,0.086304,0.003294,0.302246,0.244019,0.065261,0.010910,0.166578,-0.093087,478.070007,14537.000000
6974.000000,28.218466,0.086792,0.002885,0.301636,0.244385,0.065783,0.010505,0.160970,-0.097177,429.119995,14732.000000
6975.000000,13.035772,0.086914,0.002503,0.302490,0.243408,0.065451,0.010092,0.164296,-0.095604,446.739990,15040.000000
6976.000000,44.214397,0.086792,0.002778,0.302612,0.244385,0.065463,0.010448,0.167570,-0.094847,471.200012,14848.000000
6977.000000,43.561062,0.086792,0.003026,0.302124,0.243896,0.065802,0.010572,0.167343,-0.097221,509.720001,15086.000000
6978.000000,38.593098,0.085938,0.002840,0.301758,0.242676,0.065922,0.010307,0.167793,-0.096120,442.190002,14953.000000
6979.000000,11.138741,0.086060,0.003232,0.302002,0.242798,0.066186,0.010854,0.170582,-0.094450,484.769989,15111.000000
6980.000000,29.700651,0.086548,0.003275,0.303345,0.243042,0.067001,0.010968,0.174296,-0.093652,420.049988,15320.000000
6981.000000,12.429307,0.087036,0.002792,0.303955,0.243896,0.066913,0.010499,0.175555,-0.093990,438.529999,14996.000000
6982.000000,17.861080,0.087280,0.002941,0.304688,0.242920,0.067266,0.010594,0.175714,-0.094643,439.920013,14885.000000
6983.000000,40.198322,0.087036,0.002735,0.305542,0.243652,0.067056,0.010515,0.175488,-0.094138,453.149994,14948.000000
6984.000000,18.827238,0.085815,0.002259,0.304321,0.242676,0.066666,0.010095,0.174285,-0.096872,433.170013,15098.000000
6985.000000,-3.828647,0.085327,0.002843,0.304077,0.240479,0.066780,0.010448,0.171528,-0.096993,453.299988,15035.000000
6986.000000,47.660778,0.084839,0.002175,0.302612,0.240845,0.066452,0.009805,0.169314,-0.098570,476.100006,15037.000000
6987.000000,32.172787,0.084717,0.002329,0.302002,0.239014,0.066019,0.009981,0.169887,-0.097929,382.369995,12014.000000
6988.000000,24.956976,0.085083,0.002820,0.302368,0.238647,0.066311,0.010472,0.169796,-0.097420,436.399994,15554.000000
6989.000000,48.980980,0.084106,0.002988,0.301758,0.237793,0.065310,0.010621,0.167800,-0.096721,393.890015,14965.000000
6990.000000,60.210098,0.083862,0.002731,0.301636,0.238647,0.064999,0.010540,0.168753,-0.094455,480.940002,14982.000000
6991.000000,33.905571,0.083252,0.002315,0.301392,0.238037,0.064610,0.010096,0.169690,-0.094823,462.170013,14959.000000
6992.000000,2.179262,0.083984,0.002874,0.302734,0.237183,0.064607,0.010650,0.167912,-0.097751,425.130005,15126.000000
6993.000000,9.500772,0.083984,0.003251,0.301636,0.238037,0.064508,0.011157,0.166794,-0.096941,360.959991,15143.000000
6994.000000,4.675398,0.085571,0.003219,0.304077,0.238525,0.065726,0.010916,0.168605,-0.097699,464.700012,15104.000000
6995.000000,23.572989,0.085815,0.003454,0.302979,0.239014,0.066197,0.011131,0.169741,-0.097205,405.510010,14804.000000
6996.000000,19.467752,0.086426,0.004030,0.303101,0.239624,0.066760,0.011594,0.171746,-0.093754,359.690002,15022.000000
6997.000000,19.842581,0.085938,0.003517,0.302979,0.240356,0.065713,0.011217,0.174264,-0.092641,359.290009,15155.000000
6998.000000,18.458668,0.085571,0.003304,0.302124,0.239258,0.065464,0.010909,0.171333,-0.097517,373.570007,15111.000000
6999.000000,31.595808,0.085449,0.003242,0.302002,0.238159,0.065340,0.010622,0.168446,-0.098945,388.720001,15121.000000
7000.000000,26.743122,0.086304,0.003856,0.303101,0.240845,0.065938,0.011326,0.168225,-0.094410,409.029999,15331.000000
7001.000000,34.817307,0.086914,0.003539,0.303833,0.239502,0.066171,0.011133,0.172498,-0.094536,487.029999,15158.000000
7002.000000,31.031544,0.086792,0.003992,0.302612,0.239746,0.066577,0.011556,0.172019,-0.095057,357.670013,15010.000000
7003.000000,37.816154,0.086914,0.003978,0.302368,0.238647,0.067307,0.011306,0.171670,-0.097569,434.910004,15102.000000
7004.000000,36.013966,0.086792,0.003637,0.301636,0.238647,0.067010,0.010955,0.168682,-0.097333,422.899994,14657.000000
7005.000000,54.835190,0.087036,0.004024,0.300537,0.240479,0.067005,0.011449,0.165952,-0.096122,411.410004,14597.000000
7006.000000,-21.940769,0.087402,0.003812,0.300903,0.241089,0.067499,0.011273,0.168599,-0.095267,355.179993,15150.000000
7007.000000,33.147343,0.087891,0.003310,0.301880,0.242798,0.067778,0.010796,0.173835,-0.092877,415.970001,15274.000000
7008.000000,4.235467,0.087769,0.003296,0.302002,0.241943,0.067423,0.010908,0.173877,-0.095303,360.470001,14944.000000
7009.000000,-8.462659,0.088135,0.003230,0.302002,0.240967,0.067959,0.010709,0.173146,-0.095496,438.679993,15112.000000
7010.000000,20.550648,0.087402,0.002891,0.302002,0.241089,0.068220,0.010351,0.170921,-0.099043,400.760010,15117.000000
7011.000000,42.459015,0.087769,0.002894,0.302612,0.244019,0.068218,0.010621,0.174500,-0.095541,499.200012,15320.000000
7012.000000,31.097805,0.088501,0.002959,0.303711,0.243530,0.068688,0.010591,0.179340,-0.095443,407.739990,15351.000000
7013.000000,35.037308,0.088989,0.002713,0.302612,0.244019,0.068631,0.010480,0.175882,-0.097122,494.630005,15253.000000
7014.000000,18.290655,0.088257,0.002387,0.302856,0.243408,0.067977,0.010193,0.172119,-0.100584,441.690002,15228.000000
7015.000000,42.360451,0.087402,0.002278,0.301636,0.241943,0.067503,0.009920,0.173259,-0.100301,381.760010,15200.000000
7016.000000,98.433517,0.086060,0.002244,0.300903,0.241455,0.066606,0.009754,0.174068,-0.098969,481.579987,15328.000000
7017.000000,76.447098,0.085449,0.003011,0.301270,0.241577,0.066881,0.010592,0.175374,-0.099509,420.040009,15312.000000
7018.000000,33.836056,0.085571,0.003795,0.301025,0.240967,0.067380,0.011225,0.174886,-0.097521,331.369995,15237.000000
7019.000000,22.251503,0.086426,0.003299,0.302246,0.239380,0.067264,0.010669,0.174157,-0.099021,442.799988,15107.000000
7020.000000,28.030802,0.084717,0.002848,0.302246,0.239868,0.066679,0.010410,0.174354,-0.098442,422.549988,15080.000000
7021.000000,3.787777,0.085327,0.003303,0.303955,0.240356,0.067163,0.010864,0.175168,-0.098944,366.089996,14900.000000
7022.000000,5.652675,0.084473,0.003231,0.302856,0.239380,0.067007,0.010717,0.174721,-0.098883,401.279999,14934.000000
7023.000000,45.924503,0.083984,0.003137,0.302612,0.238403,0.066903,0.010561,0.173783,-0.099842,366.200012,14728.000000
7024.000000,26.904640,0.083374,0.003360,0.301514,0.238525,0.066652,0.010652,0.173387,-0.099628,443.660004,15077.000000
7025.000000,42.923931,0.082886,0.003083,0.301147,0.239868,0.066744,0.010668,0.172580,-0.098540,464.450012,14625.000000
7026.000000,-33.810158,0.083008,0.003231,0.302124,0.239746,0.067169,0.010655,0.175381,-0.097319,292.450012,15273.000000
7027.000000,42.220535,0.083008,0.002832,0.303101,0.240845,0.066988,0.010398,0.176708,-0.096279,426.709991,15330.000000
7028.000000,51.547745,0.082642,0.002897,0.303467,0.241211,0.066936,0.010543,0.178723,-0.098510,405.589996,15338.000000
7029.000000,41.229927,0.082764,0.002834,0.304688,0.241455,0.067164,0.010438,0.175068,-0.100767,450.290009,15438.000000
7030.000000,25.738132,0.083374,0.003183,0.305176,0.240479,0.068021,0.010586,0.170898,-0.101430,353.420013,14942.000000
7031.000000,32.928642,0.084229,0.003250,0.305420,0.240845,0.068264,0.010682,0.172617,-0.099540,364.010010,15339.000000
7032.000000,40.860840,0.083984,0.003043,0.307251,0.240845,0.068293,0.010427,0.173191,-0.100531,400.850006,15242.000000
7033.000000,49.198608,0.084595,0.003439,0.306763,0.240479,0.068842,0.010768,0.173522,-0.099625,403.720001,15158.000000
7034.000000,5.725810,0.084839,0.003191,0.306885,0.240356,0.068671,0.010523,0.169763,-0.099669,305.940002,15229.000000
7035.000000,21.763468,0.085083,0.002872,0.307861,0.239990,0.069055,0.010059,0.171287,-0.101630,397.649994,15417.000000
7036.000000,46.025635,0.084595,0.002597,0.308350,0.238159,0.068801,0.009554,0.170472,-0.102653,375.279999,15476.000000
7037.000000,30.137875,0.083252,0.002559,0.307373,0.237061,0.067942,0.009531,0.168568,-0.102347,413.019989,15264.000000
7038.000000,26.242243,0.083008,0.002768,0.307373,0.236816,0.067647,0.009687,0.167809,-0.102985,355.089996,15223.000000
7039.000000,16.229418,0.084839,0.003246,0.306030,0.239746,0.068475,0.010357,0.163024,-0.104362,435.320007,15262.000000
7040.000000,55.417145,0.084595,0.003137,0.306274,0.239014,0.068276,0.010146,0.164836,-0.104209,383.119995,15379.000000
7041.000000,3.760230,0.084717,0.003213,0.307617,0.236572,0.068146,0.009965,0.167215,-0.104597,401.359985,15187.000000
7042.000000,45.466194,0.084961,0.003129,0.307251,0.237427,0.068511,0.009801,0.164962,-0.105548,415.320007,15314.000000
7043.000000,11.578601,0.083984,0.002895,0.306763,0.235962,0.068253,0.009559,0.160963,-0.107792,355.179993,14971.000000
7044.000000,39.187504,0.083984,0.003057,0.305298,0.236450,0.068699,0.009755,0.160484,-0.106454,425.070007,15181.000000
7045.000000,23.195257,0.083740,0.002999,0.303711,0.235107,0.068562,0.009661,0.158410,-0.105547,420.309998,15199.000000
7046.000000,54.509209,0.082886,0.002742,0.303589,0.234253,0.068101,0.009405,0.159046,-0.105814,444.760010,14750.000000
7047.000000,17.203609,0.082397,0.002987,0.301636,0.233032,0.067489,0.009726,0.159898,-0.104955,367.140015,14737.000000
7048.000000,7.411162,0.082031,0.002539,0.303101,0.232910,0.067150,0.009228,0.162295,-0.103864,341.410004,14859.000000
7049.000000,4.909488,0.081787,0.002246,0.302246,0.233276,0.066370,0.009039,0.160388,-0.104959,352.570007,15143.000000
7050.000000,6.974478,0.082397,0.003205,0.303345,0.233765,0.067093,0.010092,0.162019,-0.103177,424.720001,15188.000000
7051.000000,40.536758,0.082642,0.003293,0.303589,0.234863,0.067234,0.010113,0.165825,-0.101720,374.609985,15229.000000
7052.000000,20.594906,0.082764,0.002817,0.303223,0.235474,0.067055,0.009738,0.165520,-0.103304,380.040009,15184.000000
7053.000000,-21.815434,0.083618,0.002505,0.303589,0.234863,0.067505,0.009422,0.165709,-0.104391,367.950012,15182.000000
7054.000000,40.151554,0.084106,0.002846,0.304565,0.236694,0.067536,0.009868,0.165467,-0.101369,430.100006,14903.000000
7055.000000,25.887192,0.083496,0.002943,0.302979,0.236328,0.067040,0.009994,0.165157,-0.101112,448.079987,15013.000000
7056.000000,4.952671,0.083984,0.002888,0.303955,0.237549,0.067238,0.009997,0.166028,-0.100563,345.149994,15317.000000
7057.000000,3.488214,0.083252,0.002567,0.303101,0.234497,0.066798,0.009407,0.163670,-0.102104,366.829987,15001.000000
7058.000000,46.621895,0.082642,0.002863,0.301514,0.235718,0.066520,0.009781,0.160698,-0.100584,455.579987,15196.000000
7059.000000,33.520962,0.081665,0.003165,0.300415,0.234009,0.066119,0.010023,0.160820,-0.101930,386.480011,15319.000000
7060.000000,22.928116,0.081543,0.002543,0.299805,0.233154,0.065832,0.009484,0.157818,-0.101874,415.260010,15418.000000
7061.000000,83.832870,0.081787,0.003067,0.300659,0.232544,0.066083,0.009934,0.162119,-0.101606,441.010010,15231.000000
7062.000000,11.717114,0.081787,0.002925,0.301514,0.231812,0.066052,0.009746,0.164449,-0.100840,417.359985,14979.000000
7063.000000,5.017311,0.082520,0.002875,0.302124,0.233765,0.065853,0.009890,0.161865,-0.100376,334.359985,15443.000000
7064.000000,30.432142,0.082275,0.002731,0.302856,0.232056,0.065841,0.009858,0.160317,-0.101189,452.290009,14999.000000
7065.000000,33.226376,0.081909,0.002486,0.301025,0.231689,0.065449,0.009556,0.159092,-0.101607,424.640015,14632.000000
7066.000000,48.421585,0.081665,0.002513,0.300049,0.231323,0.065168,0.009308,0.157371,-0.104009,454.660004,14738.000000
7067.000000,45.143719,0.080566,0.002743,0.299072,0.231934,0.064417,0.009662,0.155338,-0.100633,338.489990,15183.000000
7068.000000,25.712294,0.082153,0.003030,0.303223,0.233032,0.065510,0.009987,0.158281,-0.099022,298.190002,15125.000000
7069.000000,36.024288,0.082031,0.002659,0.302856,0.232422,0.065268,0.009674,0.157370,-0.100278,404.079987,14993.000000
7070.000000,47.153118,0.083130,0.003105,0.303955,0.232910,0.065924,0.010080,0.160332,-0.099728,364.359985,15235.000000
7071.000000,28.477932,0.082397,0.002538,0.303589,0.233887,0.065618,0.009613,0.162063,-0.095831,450.670013,14972.000000
7072.000000,43.433056,0.082031,0.002395,0.302612,0.234375,0.065168,0.009560,0.164273,-0.096286,442.790009,14957.000000
7073.000000,33.091312,0.081177,0.002604,0.302612,0.234741,0.064122,0.009746,0.162035,-0.098630,364.029999,14965.000000
7074.000000,-4.867851,0.082153,0.003192,0.303345,0.233276,0.064813,0.010128,0.161277,-0.101723,303.899994,15016.000000
7075.000000,-14.866955,0.082153,0.003123,0.305054,0.234131,0.064964,0.010057,0.162137,-0.100398,446.429993,15072.000000
7076.000000,37.646362,0.083496,0.003538,0.306030,0.236328,0.066027,0.010681,0.164820,-0.097101,474.369995,14701.000000
7077.000000,29.449852,0.083008,0.003458,0.304199,0.234741,0.065373,0.010387,0.162236,-0.099906,413.730011,14851.000000
7078.000000,29.613285,0.082520,0.003129,0.304077,0.234009,0.065071,0.010078,0.157068,-0.103842,306.899994,14726.000000
7079.000000,-6.613818,0.081543,0.002800,0.303711,0.232300,0.064267,0.009679,0.155068,-0.106282,294.570007,15081.000000
7080.000000,-2.603708,0.080811,0.002621,0.302368,0.231812,0.064058,0.009481,0.155054,-0.103678,446.920013,15207.000000
7081.000000,26.970131,0.081299,0.003129,0.301758,0.232178,0.063848,0.009995,0.157287,-0.102002,380.429993,14917.000000
7082.000000,36.406147,0.081909,0.003064,0.302124,0.234497,0.063987,0.010280,0.159803,-0.098344,410.230011,15008.000000
7083.000000,19.893013,0.083374,0.003518,0.302002,0.234497,0.064467,0.010684,0.160530,-0.099811,496.779999,14919.000000
7084.000000,-10.348889,0.083984,0.003311,0.302490,0.233154,0.064961,0.010195,0.158691,-0.102189,407.529999,14937.000000
7085.000000,17.316965,0.083618,0.003221,0.302246,0.234741,0.065036,0.010213,0.159055,-0.102027,334.799988,14806.000000
7086.000000,64.518417,0.083984,0.002891,0.302002,0.235474,0.064926,0.009912,0.161232,-0.101060,383.070007,15170.000000
7087.000000,22.013090,0.083740,0.003044,0.302368,0.235474,0.064433,0.010105,0.160094,-0.101306,377.989990,14964.000000
7088.000000,-6.714228,0.083130,0.002996,0.301514,0.233887,0.064378,0.009799,0.158171,-0.104439,388.140015,15128.000000
7089.000000,26.250591,0.083130,0.002874,0.301636,0.232056,0.064733,0.009491,0.160657,-0.105639,415.079987,14819.000000
7090.000000,57.355862,0.082397,0.003167,0.301147,0.232544,0.064248,0.009783,0.159145,-0.103906,457.790009,14586.000000
7091.000000,20.269047,0.084106,0.003904,0.304321,0.231689,0.065895,0.010460,0.163956,-0.100857,383.190002,15178.000000
7092.000000,66.033440,0.084106,0.003390,0.302002,0.232544,0.065749,0.010062,0.164755,-0.099462,391.869995,15221.000000
7093.000000,-8.353719,0.084229,0.003420,0.302856,0.233643,0.065650,0.010253,0.166971,-0.098751,335.690002,14677.000000
7094.000000,41.848133,0.085327,0.003610,0.304810,0.235474,0.066152,0.010540,0.167031,-0.099955,317.160004,14621.000000
7095.000000,38.324760,0.084595,0.002925,0.303467,0.233154,0.066196,0.009721,0.166038,-0.100590,382.890015,14594.000000
7096.000000,46.386059,0.085815,0.003916,0.302612,0.234985,0.066506,0.010698,0.165519,-0.100457,464.929993,14698.000000
7097.000000,14.652382,0.086792,0.003191,0.303345,0.234863,0.066612,0.009882,0.166444,-0.102443,368.600006,15096.000000
7098.000000,35.734924,0.087280,0.003284,0.303711,0.235718,0.067017,0.010042,0.167518,-0.101717,428.540009,15118.000000
7099.000000,-2.495102,0.087036,0.003095,0.301758,0.237183,0.066772,0.009989,0.165318,-0.101751,401.350006,14920.000000
7100.000000,-3.649608,0.085083,0.002405,0.298584,0.234863,0.064643,0.009283,0.166521,-0.103015,387.209991,15188.000000
7101.000000,17.320608,0.084717,0.002274,0.297852,0.233765,0.064307,0.009048,0.162331,-0.103827,382.100006,15093.000000
7102.000000,43.670387,0.084351,0.002119,0.296997,0.233276,0.063701,0.008811,0.162737,-0.102320,411.100006,14987.000000
7103.000000,33.525494,0.083496,0.002121,0.295654,0.233521,0.063597,0.008950,0.162015,-0.101034,393.179993,14963.000000
7104.000000,17.726311,0.083496,0.002533,0.296753,0.234131,0.063634,0.009323,0.162656,-0.100429,419.570007,14914.000000
7105.000000,24.485559,0.084473,0.002953,0.296997,0.234741,0.064547,0.010024,0.165042,-0.098569,355.359985,14569.000000
7106.000000,23.556980,0.085083,0.002751,0.296753,0.234375,0.064754,0.009697,0.166344,-0.099892,436.179993,15200.000000
7107.000000,0.792736,0.084839,0.002845,0.296997,0.234009,0.065297,0.009663,0.165017,-0.100773,377.049988,15113.000000
7108.000000,5.208180,0.086914,0.002850,0.298462,0.233276,0.066073,0.009626,0.167146,-0.099716,386.850006,15278.000000
7109.000000,1.094341,0.086426,0.002409,0.299438,0.234863,0.065937,0.009274,0.170854,-0.099561,386.369995,15071.000000
7110.000000,0.824019,0.085938,0.002687,0.298950,0.232788,0.065711,0.009554,0.166110,-0.102036,422.910004,15201.000000
7111.000000,30.967079,0.085693,0.002639,0.298096,0.233154,0.065652,0.009490,0.162203,-0.105608,350.869995,15161.000000
7112.000000,35.706547,0.086060,0.002799,0.297485,0.233154,0.065443,0.009550,0.164312,-0.103947,414.950012,15398.000000
7113.000000,18.617775,0.085205,0.002732,0.296631,0.232544,0.065326,0.009557,0.166566,-0.101464,341.920013,15226.000000
7114.000000,5.758623,0.084961,0.002493,0.297119,0.234497,0.065388,0.009557,0.168532,-0.101028,398.079987,15422.000000
7115.000000,3.345798,0.086182,0.002184,0.298218,0.234253,0.065600,0.009128,0.170760,-0.101544,354.640015,15177.000000
7116.000000,11.528543,0.085327,0.002469,0.297485,0.232422,0.065371,0.009284,0.165598,-0.102509,398.149994,15256.000000
7117.000000,34.529209,0.085449,0.002644,0.297119,0.233521,0.065811,0.009406,0.167029,-0.102217,439.209991,15299.000000
7118.000000,41.818760,0.085449,0.002510,0.297729,0.233765,0.065741,0.009157,0.166567,-0.102548,414.299988,15246.000000
7119.000000,6.036913,0.086548,0.002880,0.298706,0.234985,0.066769,0.009581,0.168611,-0.100893,388.179993,15331.000000
7120.000000,5.138937,0.086914,0.003262,0.299561,0.236694,0.067499,0.010112,0.170171,-0.100424,404.149994,15148.000000
7121.000000,21.584990,0.087158,0.003329,0.299561,0.236694,0.067238,0.010008,0.174362,-0.098560,389.410004,15090.000000
7122.000000,15.901941,0.087524,0.003470,0.298218,0.236694,0.067305,0.010200,0.173136,-0.100880,358.679993,15054.000000
7123.000000,24.433889,0.087280,0.003251,0.299561,0.234985,0.067018,0.009867,0.170577,-0.102925,379.119995,15149.000000
7124.000000,61.069031,0.086060,0.002868,0.297729,0.234009,0.066198,0.009337,0.168524,-0.103838,431.839996,15274.000000
7125.000000,45.598213,0.086548,0.002830,0.296753,0.234863,0.066513,0.009323,0.168241,-0.103301,422.359985,15377.000000
7126.000000,32.300522,0.086670,0.003083,0.296265,0.235840,0.066691,0.009704,0.167912,-0.101667,424.420013,15136.000000
7127.000000,26.153675,0.086548,0.003089,0.297241,0.236328,0.066761,0.009769,0.170901,-0.099035,354.000000,15336.000000
7128.000000,23.673580,0.086670,0.002894,0.297363,0.238037,0.066780,0.009683,0.172722,-0.098664,354.059998,14943.000000
7129.000000,9.300174,0.087769,0.003213,0.299438,0.236572,0.067259,0.009718,0.168432,-0.104598,435.299988,14910.000000
7130.000000,76.980797,0.087402,0.003239,0.298340,0.236328,0.067161,0.009635,0.166185,-0.105024,426.839996,14850.000000
7131.000000,45.075760,0.088257,0.002872,0.300537,0.235596,0.067222,0.009248,0.168013,-0.102213,375.130005,14810.000000
7132.000000,39.055634,0.088379,0.002814,0.300171,0.235840,0.066556,0.009154,0.170823,-0.099473,416.399994,15351.000000
7133.000000,3.739596,0.088867,0.002768,0.301758,0.236450,0.066611,0.009103,0.172447,-0.099240,340.209991,15202.000000
7134.000000,5.667770,0.088867,0.002470,0.301514,0.237549,0.066552,0.008880,0.168277,-0.101436,388.350006,15340.000000
7135.000000,45.114342,0.089844,0.002591,0.302246,0.238159,0.066732,0.009076,0.164268,-0.101765,425.959991,15511.000000
7136.000000,1.497444,0.089355,0.002588,0.301392,0.238892,0.065894,0.009155,0.164112,-0.101562,390.859985,15275.000000
7137.000000,14.799419,0.089233,0.002377,0.301392,0.237793,0.065901,0.008959,0.166193,-0.100288,480.720001,15285.000000
7138.000000,30.504885,0.090088,0.002335,0.299438,0.237793,0.065595,0.008923,0.164500,-0.101341,471.220001,15100.000000
7139.000000,61.234638,0.089844,0.002019,0.299072,0.237427,0.065144,0.008744,0.163606,-0.102781,449.429993,14957.000000
7140.000000,49.021645,0.089355,0.002392,0.297729,0.236816,0.064402,0.009164,0.159550,-0.103964,350.619995,14963.000000
7141.000000,55.123096,0.088013,0.002136,0.296265,0.234619,0.063813,0.008776,0.154851,-0.105804,414.359985,15338.000000
7142.000000,6.718088,0.088867,0.002566,0.297974,0.234619,0.064888,0.009092,0.156647,-0.102998,390.720001,15253.000000
7143.000000,-2.703737,0.089355,0.002854,0.298706,0.236694,0.065410,0.009335,0.160966,-0.100142,373.980011,15336.000000
7144.000000,-29.606352,0.088379,0.002787,0.297974,0.236450,0.065266,0.009313,0.165156,-0.099865,328.660004,15289.000000
7145.000000,34.193104,0.089355,0.002793,0.299316,0.238525,0.065535,0.009375,0.164819,-0.100574,407.600006,14944.000000
7146.000000,7.066565,0.088623,0.002118,0.299438,0.234863,0.064651,0.008591,0.161878,-0.102557,430.269989,15289.000000
7147.000000,3.176421,0.087769,0.002115,0.299438,0.233276,0.064227,0.008359,0.157539,-0.102691,466.329987,15410.000000
7148.000000,16.017731,0.088623,0.002163,0.298462,0.234009,0.064797,0.008403,0.160111,-0.099409,422.390015,15201.000000
7149.000000,29.608881,0.089966,0.002478,0.300049,0.235474,0.065361,0.009081,0.164593,-0.096790,529.979980,15300.000000
7150.000000,54.283962,0.091187,0.003363,0.300781,0.236572,0.066564,0.010040,0.164796,-0.097121,382.839996,15583.000000
7151.000000,6.204931,0.091797,0.003143,0.302612,0.236694,0.066955,0.009673,0.167856,-0.097392,405.170013,15257.000000
7152.000000,16.910618,0.092163,0.003571,0.303711,0.236328,0.067581,0.009935,0.166903,-0.097560,320.100006,14778.000000
7153.000000,30.148924,0.091187,0.002640,0.302612,0.237061,0.065660,0.009108,0.163580,-0.096787,327.970001,14738.000000
7154.000000,1.473778,0.090576,0.002707,0.303711,0.236694,0.065774,0.009136,0.163083,-0.098009,360.890015,14492.000000
7155.000000,10.247060,0.089844,0.002958,0.301880,0.234131,0.065396,0.009348,0.161889,-0.099826,357.160004,14641.000000
7156.000000,2.896664,0.090332,0.002991,0.302734,0.236084,0.065877,0.009511,0.162005,-0.098483,407.429993,14763.000000
7157.000000,9.913346,0.092163,0.003288,0.306763,0.238037,0.066279,0.010005,0.165005,-0.097667,326.450012,14942.000000
7158.000000,30.188702,0.092163,0.003426,0.307129,0.238159,0.067229,0.010117,0.164079,-0.098446,413.649994,14994.000000
7159.000000,38.052361,0.093140,0.003064,0.307373,0.237793,0.066776,0.009467,0.162104,-0.099086,340.079987,14891.000000
7160.000000,-16.952946,0.092896,0.002646,0.308594,0.237183,0.066692,0.009089,0.158918,-0.100347,373.450012,14461.000000
7161.000000,14.977870,0.092529,0.002600,0.305786,0.238647,0.065715,0.009260,0.158061,-0.099829,381.720001,15027.000000
7162.000000,19.357813,0.091675,0.002605,0.303833,0.235474,0.064684,0.009144,0.154237,-0.102421,370.209991,15294.000000
7163.000000,37.912617,0.090698,0.002700,0.302368,0.235962,0.063626,0.009272,0.152841,-0.102017,470.670013,14989.000000
7164.000000,52.849125,0.091309,0.003302,0.303955,0.236694,0.064706,0.009876,0.155041,-0.100393,343.619995,14524.000000
7165.000000,18.148449,0.091797,0.003360,0.305786,0.236450,0.065120,0.009952,0.160210,-0.095972,384.309998,14574.000000
7166.000000,58.065498,0.093140,0.004051,0.306641,0.239502,0.066127,0.010729,0.159307,-0.096163,484.470001,14633.000000
7167.000000,-26.834148,0.093262,0.003919,0.306763,0.238892,0.066153,0.010427,0.156091,-0.098805,316.760010,14836.000000
7168.000000,16.406727,0.092651,0.003848,0.305176,0.238037,0.065989,0.010278,0.150190,-0.100628,439.000000,15043.000000
7169.000000,29.771551,0.091675,0.003198,0.303345,0.240112,0.064404,0.009883,0.150316,-0.098124,388.679993,14870.000000
7170.000000,43.570374,0.092407,0.003072,0.303345,0.240112,0.064116,0.009754,0.150376,-0.098669,469.720001,15040.000000
7171.000000,-9.185581,0.091797,0.002994,0.303589,0.239990,0.064049,0.009559,0.152039,-0.099444,356.070007,14873.000000
7172.000000,10.075770,0.092407,0.003777,0.304810,0.240479,0.065272,0.010304,0.154651,-0.097996,367.390015,14984.000000
7173.000000,47.506580,0.092896,0.003954,0.304199,0.240723,0.065597,0.010387,0.156153,-0.096921,393.220001,15016.000000
7174.000000,26.762550,0.092041,0.003595,0.304199,0.241089,0.065400,0.010075,0.154496,-0.099498,415.500000,14954.000000
7175.000000,21.163162,0.092651,0.003346,0.304199,0.241577,0.065589,0.009911,0.152124,-0.098877,400.010010,15057.000000
7176.000000,34.163998,0.093140,0.003275,0.303101,0.241821,0.065661,0.009912,0.156067,-0.097140,371.730011,15080.000000
7177.000000,19.063993,0.091553,0.003362,0.302734,0.239014,0.064372,0.010021,0.154355,-0.099359,298.380005,14956.000000
7178.000000,22.361538,0.091797,0.003301,0.302856,0.239502,0.064643,0.010088,0.152301,-0.100202,396.070007,15045.000000
7179.000000,14.845061,0.091675,0.003427,0.303101,0.240479,0.064808,0.010059,0.150133,-0.098646,308.260010,15141.000000
7180.000000,27.130886,0.092041,0.003097,0.304321,0.241699,0.064972,0.009922,0.149654,-0.095744,404.049988,15040.000000
7181.000000,25.839937,0.093872,0.003095,0.304810,0.243530,0.065305,0.009982,0.154363,-0.095756,407.940002,15141.000000
7182.000000,-12.920212,0.090942,0.002418,0.302856,0.240356,0.063709,0.009283,0.155236,-0.096224,326.989990,14975.000000
7183.000000,27.095818,0.089355,0.002331,0.302124,0.238281,0.062868,0.009196,0.152322,-0.099070,412.750000,14949.000000
7184.000000,66.549713,0.088501,0.002142,0.301636,0.237061,0.061911,0.008812,0.152322,-0.100177,397.579987,15296.000000
7185.000000,55.694111,0.087280,0.002575,0.300171,0.237549,0.061599,0.009228,0.147612,-0.101205,401.670013,15074.000000
7186.000000,39.975399,0.088745,0.003259,0.303223,0.240479,0.062361,0.010163,0.150139,-0.099666,386.269989,15113.000000
7187.000000,6.796697,0.089233,0.002893,0.304688,0.239868,0.062323,0.009730,0.151483,-0.101078,438.760010,15123.000000
7188.000000,28.070902,0.091187,0.003933,0.306641,0.241699,0.064221,0.010645,0.154358,-0.101769,316.570007,15102.000000
7189.000000,25.381262,0.090820,0.003829,0.307861,0.240479,0.064566,0.010356,0.156263,-0.102228,380.709991,15040.000000
7190.000000,45.323040,0.092285,0.004051,0.308594,0.240356,0.064617,0.010755,0.153129,-0.101578,473.100006,14914.000000
7191.000000,47.810284,0.091309,0.003566,0.306763,0.239624,0.064468,0.010398,0.151279,-0.103853,467.500000,15015.000000
7192.000000,23.684307,0.090332,0.003161,0.305298,0.240601,0.063971,0.010130,0.152977,-0.100540,426.220001,14871.000000
7193.000000,-0.929057,0.090210,0.002985,0.306641,0.239502,0.064131,0.009840,0.154291,-0.101515,343.630005,14487.000000
7194.000000,21.399773,0.089478,0.002719,0.305420,0.236816,0.063408,0.009369,0.150677,-0.104504,306.670013,15130.000000
7195.000000,19.307426,0.090332,0.003022,0.306519,0.237549,0.064162,0.009664,0.153870,-0.101781,376.679993,15154.000000
7196.000000,15.766789,0.090942,0.003302,0.307007,0.238647,0.064676,0.010006,0.157877,-0.100038,370.260010,15154.000000
7197.000000,25.524010,0.092163,0.003184,0.308350,0.242310,0.065154,0.010023,0.156653,-0.097905,411.230011,14932.000000
7198.000000,34.650181,0.092896,0.003396,0.308838,0.244507,0.065591,0.010407,0.162212,-0.095109,393.470001,15145.000000
7199.000000,2.815507,0.093628,0.003778,0.309326,0.243286,0.065993,0.010590,0.161264,-0.098151,333.559998,15106.000000
7200.000000,12.684237,0.093018,0.003568,0.309082,0.241943,0.065693,0.010211,0.158623,-0.100840,355.940002,15021.000000
7201.000000,5.155548,0.093018,0.003007,0.310425,0.241455,0.065759,0.009820,0.156241,-0.102910,457.579987,15032.000000
7202.000000,14.773008,0.092651,0.002939,0.311035,0.241089,0.065685,0.009607,0.156159,-0.102489,430.869995,14964.000000
7203.000000,-2.916889,0.091797,0.003120,0.308960,0.243164,0.065756,0.009918,0.157846,-0.101198,364.149994,14894.000000
7204.000000,26.594246,0.093018,0.002881,0.309692,0.244019,0.066288,0.009627,0.158749,-0.102015,343.839996,14634.000000
7205.000000,9.992021,0.092773,0.002896,0.310181,0.243408,0.066227,0.009662,0.157762,-0.102822,356.140015,15110.000000
7206.000000,37.942196,0.091919,0.002815,0.309692,0.242188,0.065224,0.009595,0.152007,-0.104252,379.230011,14905.000000
7207.000000,27.675110,0.091187,0.003196,0.308838,0.242188,0.064770,0.009849,0.152537,-0.102611,411.899994,15100.000000
7208.000000,11.511480,0.089600,0.003098,0.308472,0.240112,0.064831,0.009592,0.150391,-0.103901,424.299988,15317.000000
7209.000000,24.822945,0.090332,0.003330,0.309692,0.241211,0.064815,0.010060,0.150502,-0.101934,415.829987,15108.000000
7210.000000,9.801620,0.090576,0.003170,0.309326,0.241577,0.064675,0.010064,0.151145,-0.102567,420.640015,15193.000000
7211.000000,20.039463,0.091187,0.003335,0.309814,0.243530,0.065014,0.010388,0.154037,-0.101771,387.500000,15128.000000
7212.000000,-9.664802,0.091797,0.003642,0.309814,0.243652,0.065771,0.010566,0.158201,-0.102029,314.690002,15151.000000
7213.000000,44.277306,0.091797,0.003430,0.309937,0.244629,0.065845,0.010386,0.160018,-0.100377,421.140015,15390.000000
7214.000000,44.356712,0.091187,0.003465,0.309204,0.243652,0.066201,0.010381,0.160361,-0.100832,403.149994,15228.000000
7215.000000,61.977097,0.089722,0.003075,0.308228,0.239746,0.065220,0.009794,0.156394,-0.104515,464.809998,15060.000000
7216.000000,28.986015,0.089722,0.003172,0.308960,0.241333,0.065782,0.009975,0.157478,-0.102185,382.350006,15153.000000
7217.000000,18.944799,0.090332,0.002577,0.308838,0.241821,0.065185,0.009272,0.159754,-0.102886,370.980011,14994.000000
7218.000000,58.164639,0.089478,0.002751,0.309204,0.241943,0.065215,0.009574,0.159330,-0.101806,414.459991,14820.000000
7219.000000,3.938013,0.090942,0.003348,0.310669,0.243652,0.066098,0.010197,0.163767,-0.099481,409.190002,14883.000000
7220.000000,28.182251,0.091187,0.003030,0.311523,0.245117,0.066766,0.010076,0.165865,-0.098554,367.679993,15223.000000
7221.000000,22.187262,0.090820,0.003303,0.311279,0.243530,0.066487,0.010346,0.164015,-0.099549,337.230011,15009.000000
7222.000000,35.090572,0.090576,0.003465,0.311279,0.245117,0.066893,0.010577,0.160364,-0.101376,404.529999,15166.000000
7223.000000,16.654135,0.091431,0.003679,0.310913,0.245728,0.067011,0.010652,0.158827,-0.101713,433.920013,15200.000000
7224.000000,26.948004,0.091797,0.003829,0.311523,0.243408,0.066655,0.010595,0.156847,-0.101786,355.350006,15268.000000
7225.000000,19.164314,0.090576,0.003497,0.310059,0.241821,0.065970,0.010257,0.158339,-0.100108,365.380005,15260.000000
7226.000000,12.678159,0.091553,0.004026,0.310303,0.242798,0.066647,0.010924,0.157829,-0.099139,394.700012,15080.000000
7227.000000,30.086245,0.090698,0.003599,0.308716,0.241943,0.065693,0.010594,0.156623,-0.100569,319.079987,15287.000000
7228.000000,35.289242,0.090576,0.003421,0.308350,0.243530,0.065246,0.010529,0.157629,-0.100373,387.529999,14884.000000
7229.000000,36.860096,0.091431,0.003728,0.308960,0.243896,0.065054,0.011010,0.160720,-0.096121,357.880005,15274.000000
7230.000000,30.638990,0.092773,0.004175,0.309570,0.245850,0.066069,0.011403,0.163275,-0.096009,388.429993,15272.000000
7231.000000,-26.310139,0.091431,0.003371,0.308105,0.244995,0.065362,0.010472,0.163379,-0.097279,396.250000,15315.000000
7232.000000,-11.554032,0.092163,0.003699,0.308105,0.246338,0.065912,0.010886,0.161039,-0.100353,374.630005,15252.000000
7233.000000,-3.477100,0.091553,0.003211,0.307495,0.244873,0.065156,0.010314,0.157718,-0.102243,296.660004,15368.000000
7234.000000,69.633400,0.092163,0.003560,0.308716,0.245117,0.065171,0.010602,0.157202,-0.102042,404.970001,15291.000000
7235.000000,9.279778,0.092773,0.003473,0.308716,0.244995,0.065578,0.010440,0.157528,-0.103750,355.369995,15295.000000
7236.000000,33.646061,0.093018,0.003616,0.308960,0.244873,0.065906,0.010575,0.158788,-0.102886,423.140015,15617.000000
7237.000000,48.593578,0.093384,0.003577,0.307251,0.245117,0.066113,0.010355,0.159018,-0.103897,404.750000,15489.000000
7238.000000,38.353596,0.092651,0.003201,0.307739,0.244873,0.066081,0.009975,0.159524,-0.105624,403.369995,15111.000000
7239.000000,-16.229780,0.092407,0.003445,0.308594,0.245483,0.066288,0.010144,0.164194,-0.103006,380.920013,15356.000000
7240.000000,27.170057,0.092285,0.003214,0.308716,0.245972,0.066344,0.009931,0.162923,-0.101591,410.320007,15082.000000
7241.000000,31.951162,0.091187,0.002922,0.307129,0.246094,0.065944,0.009591,0.164120,-0.101026,465.630005,15465.000000
7242.000000,37.369774,0.090942,0.003211,0.306030,0.247314,0.065651,0.009951,0.161778,-0.100629,399.410004,15008.000000
7243.000000,-2.503574,0.091309,0.003553,0.305420,0.246094,0.066103,0.010190,0.161284,-0.101464,302.299988,15031.000000
7244.000000,28.362169,0.089966,0.003259,0.303955,0.246216,0.065616,0.009933,0.163498,-0.102639,400.510010,15302.000000
7245.000000,10.149612,0.090088,0.003353,0.304688,0.245728,0.066018,0.010011,0.166733,-0.102251,320.890015,15295.000000
7246.000000,22.884985,0.090210,0.003212,0.305176,0.247559,0.066025,0.009987,0.168232,-0.099133,406.029999,14851.000000
7247.000000,-12.280732,0.091309,0.003463,0.306885,0.248657,0.067517,0.010209,0.171327,-0.098719,453.630005,14816.000000
7248.000000,2.572027,0.089478,0.003245,0.304810,0.246948,0.067159,0.010081,0.168924,-0.099531,357.100006,14763.000000
7249.000000,15.016476,0.088745,0.003550,0.305298,0.247192,0.067584,0.010435,0.166571,-0.099465,395.200012,14898.000000
7250.000000,59.190151,0.088379,0.003032,0.305298,0.244385,0.067380,0.009664,0.168565,-0.101114,420.820007,14683.000000
7251.000000,31.219763,0.088379,0.002899,0.305420,0.246582,0.067584,0.009662,0.170682,-0.099360,450.220001,14900.000000
7252.000000,31.771582,0.087524,0.002913,0.306396,0.246826,0.067372,0.009768,0.171740,-0.099208,395.869995,15001.000000
7253.000000,32.831596,0.087769,0.002931,0.306641,0.246826,0.067527,0.009810,0.171689,-0.100329,414.989990,14604.000000
7254.000000,37.723736,0.087646,0.003025,0.306152,0.245728,0.067479,0.009710,0.164013,-0.105014,465.299988,14810.000000
7255.000000,33.837166,0.087646,0.003343,0.306885,0.245850,0.067753,0.009925,0.164347,-0.104081,366.480011,15170.000000
7256.000000,-9.396642,0.087891,0.003555,0.306519,0.246582,0.067769,0.010166,0.169224,-0.101035,340.690002,14917.000000
7257.000000,21.505064,0.088745,0.003311,0.310303,0.247437,0.068227,0.010040,0.172461,-0.097891,431.760010,14617.000000
7258.000000,-16.865114,0.088379,0.003149,0.310913,0.247192,0.068623,0.009786,0.170142,-0.100162,379.339996,15002.000000
7259.000000,30.614185,0.088257,0.003122,0.309448,0.246582,0.068571,0.009745,0.164499,-0.101631,363.940002,15162.000000
7260.000000,7.073747,0.087036,0.002625,0.308716,0.244141,0.068349,0.009242,0.161644,-0.102922,400.809998,15055.000000
7261.000000,26.690941,0.087036,0.003198,0.309448,0.245239,0.068443,0.009868,0.162934,-0.101027,387.369995,14831.000000
7262.000000,29.306631,0.087036,0.003320,0.309570,0.245117,0.068901,0.009895,0.168061,-0.099732,397.250000,14293.000000
7263.000000,65.883835,0.086914,0.003631,0.308838,0.245972,0.069052,0.010169,0.165908,-0.101627,398.339996,14976.000000
7264.000000,-14.281676,0.087402,0.003308,0.309692,0.244141,0.069283,0.009716,0.160814,-0.105438,338.339996,14889.000000
7265.000000,17.572697,0.085693,0.002965,0.307617,0.241211,0.068619,0.009308,0.160625,-0.104490,352.350006,14538.000000
7266.000000,-2.802441,0.085571,0.003442,0.307861,0.241455,0.068590,0.009771,0.163626,-0.102837,374.829987,14589.000000
7267.000000,9.965605,0.086548,0.003757,0.307861,0.243164,0.069073,0.010333,0.165912,-0.099718,370.489990,15336.000000
7268.000000,2.085322,0.085571,0.003593,0.306519,0.242432,0.068925,0.010159,0.165889,-0.102518,344.619995,15192.000000
7269.000000,16.275602,0.086426,0.003687,0.307983,0.244263,0.070035,0.010249,0.169138,-0.102249,418.700012,15252.000000
7270.000000,4.048672,0.086914,0.003498,0.308594,0.243408,0.070377,0.009989,0.168813,-0.102158,386.559998,15140.000000
7271.000000,14.652866,0.086304,0.003205,0.308716,0.242554,0.070079,0.009669,0.168855,-0.101954,452.200012,15147.000000
7272.000000,21.183556,0.086670,0.003263,0.309570,0.242065,0.070324,0.009663,0.171104,-0.100999,388.589996,15102.000000
7273.000000,45.002285,0.085815,0.002968,0.309326,0.242920,0.069481,0.009572,0.168290,-0.101891,319.420013,14781.000000
7274.000000,48.150173,0.086914,0.003366,0.308960,0.244141,0.069359,0.010103,0.169308,-0.101528,368.339996,14861.000000
7275.000000,53.338696,0.086792,0.003819,0.307617,0.243896,0.069035,0.010495,0.167417,-0.099611,378.559998,14912.000000
7276.000000,20.837227,0.087891,0.003691,0.308838,0.244873,0.069493,0.010392,0.167212,-0.100518,335.660004,15172.000000
7277.000000,27.290802,0.087769,0.004153,0.308960,0.245728,0.070353,0.010713,0.171278,-0.097937,305.309998,15289.000000
7278.000000,53.319763,0.087280,0.003741,0.309204,0.244995,0.070176,0.010247,0.171117,-0.099911,384.709991,15179.000000
7279.000000,56.657082,0.086670,0.003236,0.308594,0.243530,0.070083,0.009725,0.170740,-0.102458,440.570007,14734.000000
7280.000000,60.273067,0.085693,0.002819,0.308228,0.241699,0.069536,0.009204,0.167687,-0.104256,420.850006,15004.000000
7281.000000,-16.455830,0.086060,0.002862,0.309448,0.242920,0.069512,0.009187,0.164037,-0.105718,331.869995,14850.000000
7282.000000,65.659584,0.085938,0.003264,0.309937,0.242676,0.069466,0.009513,0.164848,-0.103721,383.410004,14944.000000
7283.000000,38.680981,0.085083,0.003080,0.307495,0.242188,0.069025,0.009325,0.160803,-0.105012,390.980011,15054.000000
7284.000000,6.706971,0.084839,0.003555,0.307495,0.242310,0.069585,0.009842,0.162802,-0.104403,383.839996,15260.000000
7285.000000,35.961994,0.083496,0.003427,0.305176,0.240112,0.069148,0.009606,0.162811,-0.103158,365.380005,15078.000000
7286.000000,31.763943,0.083740,0.002894,0.305786,0.242065,0.068895,0.009196,0.160253,-0.103407,374.429993,15038.000000
7287.000000,11.180265,0.084839,0.003751,0.306030,0.243530,0.069628,0.010102,0.162878,-0.100586,369.320007,15164.000000
7288.000000,34.767578,0.084595,0.003433,0.306396,0.244507,0.068715,0.010073,0.164227,-0.099580,441.510010,15246.000000
7289.000000,24.096701,0.086670,0.003935,0.307739,0.246216,0.069935,0.010538,0.164465,-0.101076,372.640015,15108.000000
7290.000000,-0.294683,0.086426,0.003522,0.308472,0.245117,0.069617,0.010167,0.160805,-0.099910,360.850006,15043.000000
7291.000000,88.409172,0.086548,0.003583,0.307251,0.246216,0.069452,0.010191,0.157326,-0.101070,434.559998,14893.000000
7292.000000,6.048406,0.087036,0.003691,0.308716,0.244873,0.069804,0.010242,0.158416,-0.101544,456.350006,14395.000000
7293.000000,38.606449,0.087891,0.003160,0.309204,0.243774,0.069952,0.009730,0.157334,-0.102464,374.429993,15142.000000
7294.000000,16.718914,0.087158,0.003014,0.307251,0.243896,0.069444,0.009479,0.155115,-0.104036,376.290009,14997.000000
7295.000000,19.144533,0.086060,0.002602,0.305664,0.241943,0.068789,0.008928,0.156208,-0.103885,420.109985,15282.000000
7296.000000,25.894102,0.085815,0.003397,0.304321,0.242554,0.068878,0.009599,0.158206,-0.100451,384.549988,15182.000000
7297.000000,11.005981,0.084839,0.003053,0.304932,0.240356,0.068433,0.009241,0.157047,-0.102433,310.739990,15202.000000
7298.000000,38.471481,0.084229,0.003006,0.303833,0.240112,0.068258,0.009164,0.159670,-0.103609,374.269989,15182.000000
7299.000000,42.799694,0.084351,0.002841,0.304199,0.240356,0.068238,0.008986,0.154548,-0.104250,391.519989,15154.000000
7300.000000,30.809914,0.085449,0.003407,0.306519,0.243042,0.068771,0.009792,0.158072,-0.100819,407.839996,15301.000000
7301.000000,14.142207,0.085815,0.003428,0.306152,0.242920,0.068566,0.009738,0.161173,-0.101243,377.339996,15389.000000
7302.000000,41.360497,0.084351,0.002774,0.304688,0.239746,0.068182,0.008943,0.162554,-0.105500,428.579987,15246.000000
7303.000000,75.705986,0.084473,0.002958,0.303955,0.238281,0.068378,0.008979,0.157929,-0.108172,395.809998,15230.000000
7304.000000,15.817993,0.083618,0.002939,0.304199,0.237671,0.068088,0.008932,0.156944,-0.106365,435.649994,15216.000000
7305.000000,17.558876,0.084106,0.003150,0.303467,0.239014,0.068134,0.009210,0.161159,-0.101954,396.529999,15215.000000
7306.000000,44.567070,0.083862,0.003266,0.303711,0.241577,0.068325,0.009496,0.163272,-0.100303,335.709991,15155.000000
7307.000000,51.584381,0.083130,0.003438,0.302490,0.241211,0.068139,0.009643,0.164902,-0.100084,381.260010,14973.000000
7308.000000,-5.939660,0.082275,0.003144,0.302246,0.238281,0.067290,0.009198,0.162111,-0.100835,330.109985,15345.000000
7309.000000,37.019039,0.081909,0.003189,0.301392,0.239258,0.067263,0.009279,0.161232,-0.098763,450.910004,15300.000000
7310.000000,23.887680,0.083130,0.003626,0.303101,0.241089,0.067751,0.009681,0.163917,-0.097399,334.850006,15118.000000
7311.000000,37.693333,0.083496,0.003319,0.303711,0.242432,0.067622,0.009555,0.163953,-0.098072,368.679993,14933.000000
7312.000000,2.660995,0.083984,0.003529,0.303345,0.242554,0.067920,0.009757,0.162484,-0.099470,390.799988,15364.000000
7313.000000,22.419735,0.084717,0.003220,0.304565,0.242065,0.068053,0.009305,0.161078,-0.103979,350.470001,15502.000000
7314.000000,12.963001,0.085327,0.003313,0.305542,0.241699,0.068313,0.009213,0.163532,-0.102208,443.799988,15126.000000
7315.000000,27.606619,0.084961,0.002938,0.304932,0.240601,0.068009,0.008860,0.161813,-0.105425,406.019989,14826.000000
7316.000000,51.196606,0.084839,0.002981,0.304810,0.241577,0.068118,0.009045,0.162002,-0.106434,435.480011,14966.000000
7317.000000,13.822563,0.084473,0.003164,0.305054,0.240479,0.068860,0.009243,0.164912,-0.106972,407.519989,14993.000000
7318.000000,9.299287,0.085083,0.003809,0.305542,0.243408,0.070309,0.009988,0.164201,-0.104832,508.399994,15129.000000
7319.000000,40.195713,0.085205,0.003669,0.306030,0.242798,0.070126,0.009627,0.166108,-0.105157,404.429993,14974.000000
7320.000000,-9.097801,0.085693,0.003521,0.304932,0.242554,0.070066,0.009340,0.168116,-0.103451,383.989990,14916.000000
7321.000000,32.518887,0.086182,0.004009,0.304565,0.243042,0.070946,0.009789,0.170115,-0.100233,448.250000,15134.000000
7322.000000,1.761679,0.085571,0.003490,0.304077,0.242798,0.070859,0.009308,0.167840,-0.102835,343.679993,14909.000000
7323.000000,6.905027,0.085693,0.003699,0.303101,0.243042,0.070722,0.009608,0.167629,-0.102638,389.970001,14881.000000
7324.000000,-21.118914,0.084839,0.003492,0.303833,0.244751,0.070595,0.009383,0.168913,-0.101902,359.570007,14774.000000
7325.000000,40.953129,0.084717,0.003519,0.303589,0.244751,0.069930,0.009369,0.165684,-0.103864,369.519989,14979.000000
7326.000000,50.873081,0.084839,0.003630,0.304199,0.242676,0.070041,0.009405,0.162728,-0.104806,434.260010,14791.000000
7327.000000,14.763604,0.084351,0.003693,0.304932,0.241211,0.069889,0.009371,0.160335,-0.105276,434.880005,15136.000000
7328.000000,-10.604635,0.085205,0.004001,0.305298,0.242798,0.071047,0.009751,0.166310,-0.102330,341.250000,15116.000000
7329.000000,22.338854,0.084839,0.003327,0.305176,0.240479,0.070770,0.009067,0.168560,-0.101811,340.329987,14945.000000
7330.000000,4.921122,0.084473,0.003259,0.305664,0.240356,0.070766,0.008993,0.165126,-0.103314,412.649994,15011.000000
7331.000000,59.325523,0.084106,0.003673,0.305054,0.239502,0.070757,0.009419,0.160787,-0.104528,372.769989,14918.000000
7332.000000,-3.676021,0.083618,0.003336,0.304321,0.240234,0.070737,0.009076,0.161993,-0.103309,410.079987,14766.000000
7333.000000,52.938187,0.083252,0.003223,0.303223,0.241943,0.070506,0.009138,0.166355,-0.100899,399.820007,15127.000000
7334.000000,7.209710,0.083008,0.002943,0.301636,0.243896,0.069818,0.009058,0.162594,-0.102985,358.339996,14867.000000
7335.000000,20.668907,0.084106,0.002929,0.301270,0.243896,0.070023,0.009191,0.158838,-0.103760,407.119995,15144.000000
7336.000000,6.561301,0.084717,0.002741,0.302002,0.242920,0.069722,0.009015,0.157184,-0.105889,428.350006,15401.000000
7337.000000,7.208388,0.085449,0.003045,0.302856,0.242676,0.070238,0.009214,0.159225,-0.105146,430.350006,15182.000000
7338.000000,10.678638,0.085205,0.002926,0.301880,0.240723,0.069912,0.008823,0.160083,-0.105175,416.399994,15199.000000
7339.000000,32.906319,0.085327,0.003042,0.301147,0.241699,0.069583,0.008954,0.155670,-0.106731,370.709991,15285.000000
7340.000000,58.093929,0.083740,0.002828,0.298950,0.241089,0.068131,0.008770,0.149290,-0.109251,442.529999,15401.000000
7341.000000,-9.511835,0.084595,0.003212,0.299561,0.240112,0.068772,0.009082,0.148861,-0.108979,268.570007,15185.000000
7342.000000,34.419888,0.084717,0.003070,0.299805,0.241455,0.068644,0.009106,0.151366,-0.107308,482.059998,15305.000000
7343.000000,29.306656,0.085571,0.003496,0.300049,0.243286,0.069099,0.009471,0.157537,-0.104516,337.089996,15129.000000
7344.000000,-16.295645,0.086548,0.003501,0.300903,0.245117,0.069572,0.009509,0.158472,-0.103588,325.519989,15221.000000
7345.000000,15.474085,0.086914,0.003303,0.301147,0.245605,0.069581,0.009404,0.157231,-0.103872,316.829987,15335.000000
7346.000000,39.257061,0.087036,0.003295,0.299561,0.244629,0.068713,0.009325,0.156610,-0.105200,385.369995,15248.000000
7347.000000,54.468094,0.087280,0.003355,0.298950,0.243896,0.068616,0.009297,0.154105,-0.105157,452.320007,15171.000000
7348.000000,14.902760,0.086426,0.002973,0.296875,0.241821,0.067509,0.008899,0.154659,-0.105573,359.950012,14730.000000
7349.000000,43.775623,0.086060,0.002749,0.297241,0.241943,0.067133,0.008930,0.152913,-0.106462,412.269989,14780.000000
7350.000000,60.039585,0.086792,0.003288,0.296753,0.242798,0.067344,0.009611,0.153896,-0.105703,407.820007,14810.000000
7351.000000,17.249420,0.086792,0.002985,0.297852,0.240967,0.067660,0.009224,0.154898,-0.105039,356.029999,15001.000000
7352.000000,0.149135,0.087769,0.003792,0.298218,0.242920,0.068396,0.010218,0.159402,-0.102599,463.470001,14950.000000
7353.000000,-3.767025,0.087280,0.003212,0.298828,0.242798,0.068492,0.009589,0.161615,-0.103427,274.880005,15090.000000
7354.000000,-5.289557,0.087402,0.002959,0.299072,0.242310,0.068056,0.009186,0.162487,-0.102455,308.309998,14923.000000
7355.000000,5.548086,0.088013,0.002887,0.300659,0.243896,0.068747,0.009338,0.163317,-0.100167,379.630005,15286.000000
7356.000000,-5.842844,0.087280,0.002575,0.300293,0.244019,0.068203,0.009092,0.161125,-0.102516,351.450012,15319.000000
7357.000000,20.315470,0.088379,0.003013,0.303711,0.243530,0.068636,0.009528,0.162430,-0.103112,383.179993,15354.000000
7358.000000,-4.924203,0.087280,0.002795,0.302124,0.241699,0.068310,0.009259,0.158653,-0.103052,371.200012,15474.000000
7359.000000,28.565392,0.086792,0.002624,0.301270,0.241577,0.068256,0.009149,0.158193,-0.105055,414.260010,15519.000000
7360.000000,13.419087,0.086548,0.002659,0.301025,0.240479,0.068172,0.009093,0.155426,-0.107291,360.309998,15148.000000
7361.000000,44.386391,0.086670,0.002866,0.299683,0.239990,0.067831,0.009359,0.152166,-0.105646,395.549988,15124.000000
7362.000000,44.712658,0.086792,0.003160,0.301636,0.241455,0.068212,0.009910,0.151461,-0.103322,431.589996,15359.000000
7363.000000,7.648699,0.086914,0.002948,0.302246,0.242676,0.068379,0.009888,0.154239,-0.103164,350.339996,15436.000000
7364.000000,15.266906,0.087646,0.003414,0.301514,0.243042,0.068354,0.010293,0.153738,-0.103831,282.500000,15330.000000
7365.000000,16.140425,0.087891,0.003095,0.300415,0.243530,0.068568,0.009993,0.154067,-0.104549,361.410004,15183.000000
7366.000000,30.857834,0.087524,0.003527,0.299683,0.241699,0.068177,0.010377,0.154327,-0.104882,395.480011,15176.000000
7367.000000,44.163319,0.088501,0.003477,0.302002,0.241943,0.068828,0.010226,0.157620,-0.103350,332.910004,15284.000000
7368.000000,26.304039,0.088989,0.002930,0.304810,0.242798,0.068940,0.009731,0.157367,-0.104249,306.820007,14946.000000
7369.000000,-3.723276,0.088989,0.002909,0.304321,0.242554,0.069066,0.009663,0.157754,-0.102699,301.309998,15073.000000
7370.000000,59.585682,0.088501,0.003073,0.303101,0.240845,0.068284,0.009888,0.154277,-0.103370,385.850006,15082.000000
7371.000000,51.844547,0.088745,0.003146,0.304077,0.239502,0.068292,0.009903,0.154602,-0.102338,380.510010,15053.000000
7372.000000,-5.130180,0.089111,0.002951,0.304199,0.240723,0.068027,0.009754,0.156841,-0.099387,406.529999,15147.000000
7373.000000,15.096733,0.089600,0.003368,0.304199,0.242188,0.068281,0.010156,0.155786,-0.100029,322.170013,14778.000000
7374.000000,47.404194,0.089966,0.003287,0.303589,0.242554,0.068310,0.010220,0.155561,-0.101887,375.339996,14793.000000
7375.000000,39.476093,0.089233,0.002984,0.303101,0.240112,0.068371,0.009920,0.153904,-0.103571,395.950012,14654.000000
7376.000000,1.487455,0.088989,0.003356,0.302368,0.240112,0.068551,0.010290,0.151551,-0.103618,336.049988,15065.000000
7377.000000,29.735348,0.088745,0.002983,0.302490,0.240356,0.068167,0.009840,0.155394,-0.101472,283.260010,15044.000000
7378.000000,-0.143886,0.088867,0.002633,0.302734,0.242432,0.068084,0.009679,0.157865,-0.102662,299.170013,14855.000000
7379.000000,37.766594,0.089355,0.002985,0.302368,0.241577,0.067963,0.009887,0.153282,-0.105771,451.500000,14940.000000
7380.000000,21.257271,0.088745,0.003205,0.302734,0.239502,0.067799,0.009917,0.150272,-0.107744,286.410004,15041.000000
7381.000000,41.319141,0.088013,0.002911,0.301636,0.237183,0.067137,0.009389,0.153397,-0.106458,325.440002,15001.000000
7382.000000,15.493413,0.087524,0.002738,0.302612,0.237305,0.066942,0.009246,0.157301,-0.104129,403.190002,14883.000000
7383.000000,29.417742,0.088379,0.002584,0.305054,0.239624,0.067316,0.009269,0.161508,-0.102935,286.079987,14732.000000
7384.000000,19.116081,0.089111,0.003290,0.305054,0.238892,0.068033,0.009839,0.160765,-0.106889,366.459991,15062.000000
7385.000000,-24.795437,0.089111,0.003758,0.305420,0.238037,0.068883,0.010105,0.159466,-0.107149,391.739990,15096.000000
7386.000000,61.893448,0.088013,0.003206,0.303467,0.238647,0.068557,0.009658,0.159679,-0.103582,394.809998,14786.000000
7387.000000,23.153154,0.087891,0.002939,0.303223,0.238892,0.067992,0.009621,0.161655,-0.102906,366.040009,14912.000000
7388.000000,29.055370,0.087891,0.002883,0.303589,0.239502,0.068407,0.009593,0.165167,-0.103335,394.359985,14903.000000
7389.000000,26.434021,0.087769,0.003323,0.302734,0.240112,0.068165,0.010214,0.163790,-0.104465,429.769989,15064.000000
7390.000000,21.831074,0.088501,0.003104,0.303223,0.239380,0.067935,0.009823,0.159747,-0.107753,388.570007,15413.000000
7391.000000,14.558186,0.088745,0.003325,0.303833,0.239380,0.068415,0.009970,0.164341,-0.104659,389.019989,15723.000000
7392.000000,1.897300,0.088501,0.003395,0.302612,0.239502,0.068254,0.010002,0.164259,-0.103734,338.600006,15854.000000
7393.000000,8.377593,0.088379,0.003386,0.301514,0.239136,0.067954,0.010132,0.162085,-0.107663,343.450012,15871.000000
7394.000000,21.263981,0.087036,0.002474,0.300415,0.239624,0.067044,0.009155,0.163340,-0.108647,355.809998,15375.000000
7395.000000,3.151585,0.088013,0.003490,0.300903,0.238647,0.067796,0.010085,0.165063,-0.105717,323.959991,15683.000000
7396.000000,22.459061,0.088745,0.004025,0.302124,0.239380,0.068934,0.010578,0.168047,-0.104370,385.059998,15751.000000
7397.000000,24.199564,0.088989,0.004216,0.302246,0.239380,0.069291,0.010774,0.168352,-0.102217,425.980011,15508.000000
7398.000000,19.686289,0.088623,0.003865,0.301880,0.240845,0.069287,0.010555,0.165613,-0.103944,359.929993,15483.000000
7399.000000,26.335070,0.088379,0.003881,0.300781,0.241211,0.068449,0.010633,0.165322,-0.103220,337.399994,15678.000000
7400.000000,33.043926,0.088867,0.003192,0.300049,0.240723,0.067571,0.009889,0.164156,-0.105946,408.619995,15354.000000
7401.000000,27.510912,0.089233,0.003353,0.299683,0.239502,0.068042,0.009864,0.161369,-0.108808,293.929993,15793.000000
7402.000000,1.290821,0.090210,0.003915,0.300781,0.239990,0.068707,0.010504,0.162307,-0.105276,345.299988,15885.000000
7403.000000,50.074638,0.090942,0.003731,0.300415,0.243042,0.068786,0.010469,0.166371,-0.102760,320.690002,15854.000000
7404.000000,25.900549,0.090088,0.003183,0.300049,0.241211,0.067830,0.009754,0.163391,-0.104518,403.420013,15331.000000
7405.000000,13.556670,0.089355,0.003464,0.298950,0.242554,0.067677,0.010085,0.162138,-0.105949,328.850006,15790.000000
7406.000000,0.423120,0.089111,0.003403,0.298706,0.241943,0.067734,0.009953,0.160600,-0.106405,390.730011,15510.000000
7407.000000,-17.050663,0.089111,0.003560,0.299927,0.241577,0.068237,0.010085,0.163265,-0.105221,401.230011,15558.000000
7408.000000,26.867319,0.089722,0.004228,0.300659,0.240601,0.068561,0.010465,0.163854,-0.106601,317.010010,15387.000000
7409.000000,62.100616,0.089966,0.003567,0.300537,0.240234,0.067921,0.009729,0.157934,-0.109575,382.769989,15702.000000
7410.000000,34.228096,0.089966,0.003645,0.299683,0.241943,0.067976,0.009835,0.158153,-0.106634,387.450012,15832.000000
7411.000000,31.602507,0.089966,0.003515,0.298828,0.242676,0.067911,0.009686,0.159874,-0.105823,328.450012,15842.000000
7412.000000,13.464144,0.088989,0.003586,0.296997,0.243042,0.067595,0.009923,0.159390,-0.105480,357.170013,15817.000000
7413.000000,3.777218,0.089111,0.003068,0.296509,0.242920,0.067033,0.009288,0.157491,-0.107005,347.799988,15847.000000
7414.000000,39.462196,0.089478,0.003238,0.295776,0.242188,0.067202,0.009414,0.156618,-0.106939,373.850006,16052.000000
7415.000000,10.751759,0.088745,0.003740,0.296387,0.242798,0.067126,0.009934,0.157091,-0.104680,383.420013,15626.000000
7416.000000,35.623940,0.088501,0.003524,0.296021,0.240601,0.067108,0.009550,0.157460,-0.106210,334.609985,15981.000000
7417.000000,28.983076,0.087158,0.002487,0.294067,0.239624,0.065577,0.008486,0.157619,-0.108072,303.600006,15633.000000
7418.000000,13.012475,0.087280,0.002784,0.294678,0.241333,0.065953,0.008838,0.158412,-0.105940,316.049988,15804.000000
7419.000000,-11.209389,0.087769,0.003468,0.294556,0.241211,0.066901,0.009566,0.158640,-0.106018,391.209991,15511.000000
7420.000000,48.641045,0.087891,0.003312,0.295776,0.240723,0.066675,0.009289,0.159484,-0.107426,407.179993,15885.000000
7421.000000,8.709233,0.086670,0.003092,0.294800,0.239746,0.066182,0.009026,0.157670,-0.107744,386.059998,15385.000000
7422.000000,18.309544,0.085327,0.003103,0.293945,0.239014,0.066335,0.009040,0.159010,-0.105774,335.350006,15749.000000
7423.000000,18.162033,0.085815,0.002682,0.295410,0.240234,0.066230,0.008614,0.161528,-0.106785,395.690002,15703.000000
7424.000000,0.640688,0.086182,0.003579,0.295532,0.241333,0.066978,0.009664,0.161569,-0.106903,338.390015,15842.000000
7425.000000,-20.771860,0.087036,0.003482,0.296509,0.240723,0.067881,0.009497,0.160171,-0.107121,319.529999,15679.000000
7426.000000,59.209637,0.087646,0.003341,0.295776,0.238892,0.068267,0.009260,0.159235,-0.107745,424.829987,15966.000000
7427.000000,45.851322,0.087036,0.002773,0.295044,0.238892,0.067715,0.008711,0.159638,-0.107641,400.570007,15203.000000
7428.000000,45.032406,0.087158,0.002670,0.295044,0.239746,0.067656,0.008503,0.156332,-0.110503,400.579987,14970.000000
7429.000000,-12.572323,0.086792,0.002892,0.295654,0.238281,0.067962,0.008525,0.157254,-0.109209,258.649994,15250.000000
7430.000000,24.557600,0.086548,0.003097,0.294800,0.239502,0.068264,0.008821,0.157197,-0.107909,321.320007,15049.000000
7431.000000,23.997854,0.087280,0.003032,0.294678,0.239990,0.068192,0.008733,0.158637,-0.106260,309.890015,14928.000000
7432.000000,20.721523,0.087280,0.003012,0.295532,0.240234,0.068734,0.008739,0.163073,-0.102916,305.410004,15186.000000
7433.000000,12.366942,0.087769,0.003304,0.296631,0.238647,0.068852,0.009007,0.162520,-0.104480,372.149994,14983.000000
7434.000000,-6.252309,0.086792,0.003058,0.294678,0.237915,0.068558,0.008637,0.157549,-0.107045,307.549988,15210.000000
7435.000000,58.519157,0.086792,0.003065,0.294434,0.239136,0.067949,0.008761,0.156027,-0.103844,355.619995,14882.000000
7436.000000,46.750324,0.086670,0.002820,0.294800,0.240234,0.067538,0.008647,0.161753,-0.101636,373.339996,14755.000000
7437.000000,-2.007107,0.087036,0.002851,0.295044,0.240845,0.067403,0.008750,0.164451,-0.101007,378.209991,14937.000000
7438.000000,38.602001,0.087158,0.002939,0.295166,0.242920,0.067305,0.009010,0.162501,-0.103762,331.739990,15331.000000
7439.000000,-0.914588,0.088135,0.002911,0.295166,0.242554,0.067116,0.008944,0.155954,-0.107854,361.630005,15560.000000
7440.000000,1.258645,0.088135,0.003252,0.295288,0.242065,0.067146,0.009361,0.150931,-0.109861,356.390015,15359.000000
7441.000000,25.706030,0.088379,0.002914,0.295654,0.239868,0.067137,0.008855,0.154222,-0.109827,371.510010,15287.000000
7442.000000,-9.274545,0.088867,0.003193,0.295044,0.241211,0.067690,0.009191,0.157119,-0.106100,316.619995,15474.000000
7443.000000,26.473362,0.088257,0.003158,0.293457,0.243896,0.067402,0.009436,0.156370,-0.104326,366.420013,15265.000000
7444.000000,-10.544429,0.087402,0.002845,0.292725,0.242920,0.066684,0.009262,0.154726,-0.107975,339.809998,15178.000000
7445.000000,40.917175,0.086792,0.002456,0.293701,0.240356,0.065604,0.008544,0.155356,-0.108221,376.350006,15489.000000
7446.000000,7.991466,0.085938,0.002443,0.294189,0.239746,0.065404,0.008526,0.155183,-0.105980,378.890015,15563.000000
7447.000000,2.946846,0.086670,0.002863,0.295410,0.240723,0.066291,0.009089,0.159888,-0.104411,313.790009,15461.000000
7448.000000,3.232694,0.087158,0.003148,0.297363,0.242310,0.067210,0.009401,0.162002,-0.103790,390.869995,15149.000000
7449.000000,5.376656,0.086914,0.003429,0.296875,0.242798,0.067761,0.009782,0.158628,-0.104786,354.049988,15522.000000
7450.000000,4.267654,0.087158,0.003329,0.296265,0.242065,0.068419,0.009548,0.156221,-0.105823,342.170013,14969.000000
7451.000000,27.641176,0.086792,0.002904,0.295166,0.241333,0.067750,0.008997,0.155638,-0.107757,387.290009,15232.000000
7452.000000,0.657175,0.086548,0.002992,0.294189,0.240967,0.067308,0.009154,0.155020,-0.108623,366.700012,15525.000000
7453.000000,19.175055,0.086182,0.002958,0.292847,0.242188,0.066756,0.009274,0.157561,-0.104993,319.079987,15425.000000
7454.000000,-0.551059,0.085205,0.002786,0.293091,0.241211,0.066199,0.009118,0.158166,-0.104326,380.339996,15182.000000
7455.000000,2.468405,0.084717,0.002793,0.292236,0.239868,0.066013,0.009181,0.157165,-0.104260,396.160004,15414.000000
7456.000000,19.467064,0.084961,0.003422,0.291992,0.240356,0.066198,0.009793,0.157013,-0.104265,387.809998,15743.000000
7457.000000,-4.414304,0.084717,0.003023,0.291504,0.241089,0.066157,0.009496,0.159951,-0.105050,313.679993,15207.000000
7458.000000,27.377550,0.085205,0.002681,0.294312,0.243042,0.066698,0.009272,0.163842,-0.103010,390.579987,14951.000000
7459.000000,35.701443,0.085693,0.003227,0.292725,0.243286,0.067032,0.009744,0.162033,-0.103589,364.640015,14810.000000
7460.000000,17.393244,0.084961,0.003155,0.292358,0.243408,0.066908,0.009718,0.157901,-0.107371,396.480011,15188.000000
7461.000000,20.029682,0.083740,0.003036,0.289917,0.242798,0.066205,0.009529,0.153922,-0.108918,351.149994,15121.000000
7462.000000,-4.186602,0.084473,0.002773,0.291260,0.241943,0.066398,0.009231,0.152582,-0.107473,293.529999,15509.000000
7463.000000,57.232594,0.083740,0.003018,0.290283,0.242065,0.066022,0.009565,0.155402,-0.103542,408.380005,15287.000000
7464.000000,0.956225,0.083496,0.002958,0.289673,0.240967,0.065831,0.009422,0.156132,-0.104616,425.820007,15465.000000
7465.000000,27.311769,0.084106,0.003369,0.289062,0.243042,0.066344,0.009862,0.155929,-0.106548,352.750000,15049.000000
7466.000000,12.539048,0.083740,0.003180,0.289429,0.240967,0.066608,0.009662,0.154072,-0.109263,370.209991,15008.000000
7467.000000,54.899105,0.083374,0.003149,0.288452,0.240234,0.066066,0.009473,0.152023,-0.111238,373.320007,15349.000000
7468.000000,22.004486,0.081543,0.002853,0.286499,0.237671,0.064997,0.009200,0.149322,-0.110505,336.279999,15172.000000
7469.000000,40.000053,0.080688,0.002702,0.286133,0.240601,0.064330,0.009269,0.153473,-0.105788,404.440002,15265.000000
7470.000000,17.829103,0.080200,0.002628,0.288208,0.240356,0.064288,0.009287,0.156904,-0.105166,392.529999,15375.000000
7471.000000,7.958066,0.082764,0.003745,0.288208,0.240601,0.065893,0.010465,0.158056,-0.103739,416.600006,15004.000000
7472.000000,-2.025635,0.083740,0.003409,0.288330,0.239990,0.066448,0.010015,0.154532,-0.108555,358.459991,14623.000000
7473.000000,38.581764,0.083618,0.003069,0.289673,0.239868,0.066485,0.009628,0.152893,-0.109981,351.269989,15384.000000
7474.000000,-6.237589,0.083740,0.002991,0.288208,0.240723,0.066261,0.009491,0.153114,-0.108029,386.679993,14970.000000
7475.000000,43.469883,0.083740,0.002874,0.288330,0.241211,0.066212,0.009442,0.158648,-0.105062,335.570007,15492.000000
7476.000000,36.309292,0.083984,0.002704,0.290039,0.240479,0.066281,0.009165,0.159246,-0.104404,289.720001,15412.000000
7477.000000,41.058685,0.085083,0.003620,0.290527,0.242188,0.066547,0.010096,0.157270,-0.104118,336.459991,15187.000000
7478.000000,-10.202081,0.084961,0.003232,0.290405,0.242798,0.066202,0.009678,0.156950,-0.102544,382.100006,15140.000000
7479.000000,33.714325,0.086426,0.003313,0.290771,0.244629,0.066313,0.010027,0.153462,-0.100666,336.720001,15211.000000
7480.000000,24.192060,0.085815,0.002759,0.289917,0.244873,0.066095,0.009551,0.154262,-0.101707,362.910004,15192.000000
7481.000000,23.338890,0.085449,0.002788,0.289062,0.242920,0.065733,0.009549,0.155138,-0.102900,315.350006,15208.000000
7482.000000,26.509737,0.085815,0.002751,0.290527,0.241333,0.065692,0.009412,0.155458,-0.103476,303.589996,15387.000000
7483.000000,8.139479,0.085815,0.003318,0.292114,0.240601,0.066368,0.010034,0.152936,-0.102867,374.750000,15520.000000
7484.000000,29.173077,0.084839,0.003042,0.290527,0.242676,0.065794,0.010124,0.154045,-0.098724,454.709991,15182.000000
7485.000000,38.724228,0.084839,0.003025,0.291626,0.243652,0.065562,0.010228,0.155467,-0.098883,420.140015,15390.000000
7486.000000,-7.086493,0.084595,0.003449,0.291748,0.243042,0.066165,0.010633,0.157944,-0.099281,332.829987,14683.000000
7487.000000,39.223221,0.085327,0.003186,0.293823,0.241943,0.066407,0.010150,0.156330,-0.101286,313.230011,15340.000000
7488.000000,28.402937,0.086548,0.003613,0.293701,0.241821,0.066907,0.010393,0.153055,-0.102237,389.209991,15557.000000
7489.000000,8.321980,0.087036,0.003874,0.293091,0.244385,0.067341,0.010827,0.155683,-0.097970,346.200012,15439.000000
7490.000000,31.891912,0.085571,0.003126,0.289917,0.244629,0.066765,0.010152,0.158626,-0.100035,384.670013,15657.000000
7491.000000,48.048176,0.084229,0.002394,0.288208,0.244629,0.065330,0.009440,0.155621,-0.103264,372.059998,15607.000000
7492.000000,-10.470036,0.083374,0.002362,0.288208,0.242920,0.065369,0.009281,0.153379,-0.105293,329.959991,15508.000000
7493.000000,28.293123,0.084473,0.003029,0.289673,0.242188,0.065902,0.009741,0.154111,-0.104027,353.119995,15490.000000
7494.000000,21.146103,0.085449,0.003006,0.291504,0.244995,0.066212,0.009899,0.157328,-0.098626,361.100006,15520.000000
7495.000000,8.731126,0.086060,0.003267,0.290283,0.246948,0.066514,0.010174,0.156566,-0.097853,299.720001,15371.000000
7496.000000,30.508652,0.086060,0.003706,0.291382,0.247803,0.066389,0.010495,0.156485,-0.099331,378.149994,15012.000000
7497.000000,6.167682,0.085205,0.002832,0.291626,0.245483,0.065789,0.009534,0.154022,-0.103926,358.470001,15200.000000
7498.000000,-6.611135,0.085327,0.002847,0.291138,0.246460,0.066175,0.009491,0.149716,-0.105390,437.489990,15262.000000
7499.000000,-0.575010,0.086182,0.003312,0.290771,0.247070,0.066315,0.010180,0.150459,-0.101850,390.750000,15320.000000
7500.000000,28.728632,0.086548,0.003600,0.290894,0.248169,0.066529,0.010528,0.154192,-0.101045,447.380005,15342.000000
7501.000000,8.594498,0.086914,0.003472,0.291016,0.248169,0.067109,0.010321,0.153799,-0.104217,336.790009,15264.000000
7502.000000,34.868481,0.086304,0.003211,0.290649,0.248779,0.066419,0.010067,0.153559,-0.104401,328.589996,15328.000000
7503.000000,37.820675,0.084839,0.002719,0.288696,0.247314,0.064981,0.009551,0.152689,-0.104198,384.380005,15311.000000
7504.000000,33.099689,0.084961,0.003062,0.287720,0.248413,0.064944,0.009946,0.149374,-0.102821,418.339996,15316.000000
7505.000000,54.241245,0.083496,0.002948,0.286621,0.247559,0.064356,0.009794,0.149210,-0.102426,424.760010,15478.000000
7506.000000,21.944046,0.083496,0.003419,0.287231,0.247070,0.064610,0.010078,0.150070,-0.104658,250.259995,14957.000000
7507.000000,32.973541,0.085205,0.003703,0.290283,0.247681,0.065391,0.010413,0.154167,-0.100838,340.390015,15543.000000
7508.000000,7.938636,0.085205,0.003418,0.291748,0.248413,0.065138,0.010253,0.155325,-0.100751,276.100006,15404.000000
7509.000000,20.084938,0.085571,0.003794,0.291748,0.250000,0.065507,0.010767,0.155881,-0.098353,358.950012,15628.000000
7510.000000,-0.852171,0.086670,0.004244,0.292480,0.250366,0.066803,0.011149,0.157101,-0.097953,383.720001,15254.000000
7511.000000,-6.502556,0.086548,0.003722,0.291016,0.250000,0.066637,0.010595,0.159049,-0.098189,308.029999,15373.000000
7512.000000,-6.102953,0.087402,0.003719,0.293457,0.248169,0.067699,0.010351,0.157984,-0.101934,308.809998,15347.000000
7513.000000,41.582531,0.088379,0.003905,0.292603,0.250732,0.068528,0.010565,0.156062,-0.102064,437.320007,15380.000000
7514.000000,8.118591,0.086548,0.003096,0.291016,0.248657,0.067590,0.009756,0.155649,-0.103580,451.929993,15234.000000
7515.000000,6.509316,0.086792,0.003262,0.290405,0.248779,0.067659,0.009887,0.155346,-0.104710,294.140015,15156.000000
7516.000000,-39.924656,0.085571,0.002669,0.290771,0.248535,0.067516,0.009199,0.159093,-0.102260,315.869995,15218.000000
7517.000000,-0.043429,0.085815,0.003290,0.293091,0.248535,0.067753,0.009900,0.158599,-0.100659,277.910004,15053.000000
7518.000000,-8.205746,0.085083,0.003082,0.291382,0.248901,0.067080,0.009789,0.155971,-0.102026,311.279999,15126.000000
7519.000000,10.585461,0.085449,0.003521,0.291260,0.249023,0.067377,0.010229,0.154293,-0.102629,303.380005,15605.000000
7520.000000,33.841320,0.085449,0.003026,0.290527,0.248657,0.066833,0.009851,0.156515,-0.101938,429.320007,15470.000000
7521.000000,1.851799,0.086060,0.003380,0.291260,0.248657,0.067541,0.010135,0.158905,-0.100538,377.040009,15078.000000
7522.000000,11.643230,0.086792,0.003024,0.292358,0.249023,0.067868,0.009820,0.159478,-0.101485,368.079987,14813.000000
7523.000000,17.819983,0.087036,0.003015,0.291382,0.249634,0.067566,0.009837,0.156546,-0.103032,319.779999,14685.000000
7524.000000,12.402698,0.086914,0.002752,0.290649,0.250244,0.067327,0.009654,0.155991,-0.102910,312.410004,15360.000000
7525.000000,47.661495,0.086670,0.002941,0.290283,0.250122,0.067185,0.009743,0.159117,-0.102953,383.260010,15470.000000
7526.000000,-4.411028,0.085449,0.002184,0.290039,0.247314,0.066320,0.008968,0.160293,-0.105013,328.450012,15262.000000
7527.000000,34.381126,0.084595,0.002269,0.289307,0.246460,0.065805,0.009033,0.158453,-0.104732,320.779999,15223.000000
7528.000000,37.691933,0.084595,0.002740,0.289551,0.246948,0.065724,0.009501,0.153627,-0.105674,314.459991,15381.000000
7529.000000,14.200910,0.084229,0.002919,0.289307,0.246338,0.065225,0.009649,0.151665,-0.104721,379.440002,15344.000000
7530.000000,1.462798,0.085205,0.003095,0.290039,0.246216,0.065496,0.009871,0.152965,-0.103760,406.160004,15127.000000
7531.000000,-19.062763,0.085938,0.003338,0.290649,0.245605,0.065881,0.009837,0.155792,-0.103686,297.390015,15025.000000
7532.000000,17.057356,0.085815,0.003391,0.291138,0.245605,0.065714,0.009911,0.157626,-0.104040,277.390015,14786.000000
7533.000000,65.810753,0.087280,0.003897,0.291138,0.247681,0.066597,0.010522,0.153250,-0.105380,344.059998,14939.000000
7534.000000,26.821682,0.086426,0.003256,0.290405,0.246826,0.066166,0.009993,0.151974,-0.106404,356.649994,15275.000000
7535.000000,-4.196415,0.087769,0.003749,0.292480,0.249023,0.067121,0.010629,0.158605,-0.101257,366.940002,15167.000000
7536.000000,35.255219,0.088135,0.003637,0.292358,0.251587,0.067771,0.010627,0.163530,-0.099555,395.679993,15338.000000
7537.000000,24.099596,0.087769,0.003472,0.291016,0.251343,0.067492,0.010332,0.161260,-0.104265,365.079987,15265.000000
7538.000000,40.808762,0.088135,0.003592,0.290283,0.250366,0.067466,0.010328,0.156236,-0.108842,346.380005,14974.000000
7539.000000,22.331873,0.087280,0.002716,0.291504,0.247681,0.066899,0.009269,0.155883,-0.108913,316.529999,15045.000000
7540.000000,39.050072,0.087280,0.003374,0.291138,0.248535,0.067294,0.009992,0.158705,-0.105121,387.480011,15089.000000
7541.000000,7.498116,0.087036,0.003022,0.291504,0.248779,0.066695,0.009743,0.160689,-0.104358,389.899994,15231.000000
7542.000000,14.874990,0.086670,0.002960,0.291992,0.246216,0.066792,0.009639,0.155859,-0.106900,353.010010,15338.000000
7543.000000,43.578270,0.088501,0.003668,0.293579,0.248291,0.068247,0.010272,0.157154,-0.105547,355.929993,15410.000000
7544.000000,27.863714,0.089478,0.003471,0.295166,0.250610,0.068538,0.010388,0.159694,-0.101854,448.779999,15376.000000
7545.000000,24.262747,0.089233,0.003052,0.293579,0.250854,0.068653,0.010152,0.163964,-0.101190,440.220001,15469.000000
7546.000000,21.193581,0.089844,0.002778,0.293579,0.252075,0.068828,0.009872,0.162291,-0.103272,434.470001,15149.000000
7547.000000,-1.830186,0.088623,0.002519,0.292358,0.250244,0.068371,0.009643,0.157248,-0.106507,284.239990,15457.000000
7548.000000,23.365953,0.088745,0.002908,0.291870,0.251099,0.068675,0.010056,0.155791,-0.106232,374.829987,15305.000000
7549.000000,26.844355,0.088135,0.002514,0.291260,0.250366,0.067762,0.009539,0.157091,-0.105515,396.239990,15695.000000
7550.000000,36.672386,0.088623,0.003069,0.291992,0.250244,0.068030,0.009946,0.157406,-0.104493,398.679993,15277.000000
7551.000000,0.655050,0.088013,0.003010,0.292725,0.248779,0.067723,0.009951,0.157217,-0.106575,347.279999,15080.000000
7552.000000,20.699453,0.087402,0.002990,0.292969,0.248901,0.066839,0.009866,0.158062,-0.106193,428.429993,15104.000000
7553.000000,51.321690,0.087280,0.003166,0.292725,0.250488,0.066645,0.010206,0.156008,-0.105668,370.309998,15415.000000
7554.000000,29.329472,0.087891,0.003047,0.293213,0.250000,0.066101,0.010050,0.154873,-0.106602,336.809998,15579.000000
7555.000000,18.497152,0.087158,0.002660,0.291260,0.249878,0.065519,0.009654,0.153777,-0.107102,378.690002,15567.000000
7556.000000,16.131868,0.087891,0.003706,0.291504,0.250000,0.066022,0.010479,0.154028,-0.106109,338.000000,15675.000000
7557.000000,23.559679,0.087769,0.003515,0.291138,0.249023,0.066012,0.010425,0.152695,-0.106238,408.809998,15508.000000
7558.000000,29.111433,0.088257,0.003027,0.291626,0.250244,0.066598,0.010001,0.155674,-0.104181,423.579987,14806.000000
7559.000000,-4.515986,0.087402,0.003157,0.290771,0.251343,0.066786,0.010204,0.156387,-0.106213,397.760010,15272.000000
7560.000000,33.466793,0.085815,0.002758,0.289917,0.249146,0.065912,0.009860,0.155590,-0.109231,304.510010,15014.000000
7561.000000,25.122208,0.086426,0.003243,0.289673,0.248901,0.066384,0.010140,0.156269,-0.108804,311.160004,14900.000000
7562.000000,23.878349,0.086426,0.003220,0.290283,0.249390,0.065867,0.010018,0.155865,-0.108302,367.200012,15050.000000
7563.000000,59.775574,0.087158,0.003229,0.291016,0.251831,0.065779,0.010197,0.157986,-0.106952,425.279999,15039.000000
7564.000000,28.768801,0.087036,0.003551,0.290039,0.250854,0.065739,0.010510,0.155403,-0.109436,375.880005,14674.000000
7565.000000,20.372065,0.086914,0.003065,0.289551,0.250488,0.065525,0.009759,0.150028,-0.110299,344.799988,15380.000000
7566.000000,51.144402,0.086548,0.002718,0.288452,0.251587,0.065042,0.009426,0.148826,-0.111153,377.760010,15035.000000
7567.000000,27.196766,0.086914,0.003626,0.289185,0.251709,0.066292,0.010252,0.152716,-0.109339,361.299988,15041.000000
7568.000000,17.576014,0.086914,0.003582,0.288940,0.252319,0.067081,0.010093,0.155364,-0.107310,401.059998,14302.000000
7569.000000,-14.787013,0.086670,0.003009,0.288208,0.251465,0.066854,0.009558,0.152542,-0.109609,361.380005,15316.000000
7570.000000,4.644257,0.086426,0.002737,0.288330,0.252319,0.066853,0.009336,0.158446,-0.106780,338.880005,15037.000000
7571.000000,9.246124,0.087036,0.002754,0.288940,0.251343,0.067099,0.009290,0.158415,-0.108398,393.920013,15037.000000
7572.000000,28.610336,0.087036,0.002717,0.290283,0.249878,0.066684,0.009146,0.160499,-0.107744,358.519989,15287.000000
7573.000000,65.709976,0.085815,0.002435,0.290039,0.250366,0.065654,0.008923,0.158235,-0.107108,387.869995,15190.000000
7574.000000,7.723050,0.085205,0.002789,0.288818,0.250854,0.065716,0.009357,0.154475,-0.110317,354.730011,14862.000000
7575.000000,32.617069,0.084961,0.002373,0.289551,0.251343,0.065183,0.008934,0.154557,-0.109610,410.869995,14883.000000
7576.000000,35.936527,0.084106,0.002360,0.287476,0.249878,0.064653,0.008995,0.151226,-0.109614,397.579987,14667.000000
7577.000000,4.852642,0.083862,0.003314,0.286987,0.247192,0.064703,0.009624,0.149238,-0.109502,334.019989,15120.000000
7578.000000,18.293699,0.083984,0.003445,0.287354,0.246582,0.064841,0.009612,0.154671,-0.109103,368.149994,15052.000000
7579.000000,35.999760,0.084717,0.003016,0.289429,0.249268,0.065074,0.009451,0.157962,-0.106552,424.829987,14835.000000
7580.000000,8.694646,0.084473,0.003025,0.289551,0.248657,0.065566,0.009476,0.157014,-0.106268,397.190002,15485.000000
7581.000000,37.571079,0.085815,0.003713,0.290527,0.249512,0.066638,0.010127,0.155879,-0.107661,355.070007,16017.000000
7582.000000,36.650013,0.085083,0.003406,0.290894,0.247925,0.066191,0.009711,0.154805,-0.107906,410.100006,15661.000000
7583.000000,-7.083070,0.084717,0.002897,0.289551,0.247681,0.065016,0.009215,0.150802,-0.108283,300.200012,15811.000000
7584.000000,18.460917,0.085083,0.003384,0.290405,0.248901,0.065370,0.009837,0.150134,-0.107568,351.279999,15504.000000
7585.000000,31.612986,0.085083,0.003370,0.289795,0.248779,0.065214,0.009931,0.147767,-0.108482,351.549988,15971.000000
7586.000000,28.111172,0.084351,0.002984,0.289429,0.249023,0.064466,0.009577,0.148508,-0.108772,369.250000,15855.000000
7587.000000,16.634502,0.085938,0.003596,0.291382,0.250122,0.064954,0.010232,0.156906,-0.105213,347.779999,15426.000000
7588.000000,85.620476,0.084961,0.003199,0.290527,0.247559,0.064758,0.009709,0.155226,-0.108047,416.850006,15024.000000
7589.000000,40.508968,0.084595,0.003034,0.290405,0.246338,0.064868,0.009430,0.150879,-0.109443,356.250000,15790.000000
7590.000000,-0.396158,0.086182,0.003781,0.291138,0.247437,0.066314,0.010278,0.147344,-0.107487,397.279999,15765.000000
7591.000000,29.617697,0.085571,0.003101,0.290283,0.247559,0.065622,0.009924,0.144839,-0.107499,468.890015,15772.000000
7592.000000,-12.935219,0.086426,0.003500,0.293579,0.248291,0.066932,0.010141,0.149101,-0.108228,424.200012,15369.000000
7593.000000,-0.434477,0.086548,0.003714,0.292847,0.246826,0.067497,0.010178,0.151808,-0.108412,382.309998,15528.000000
7594.000000,27.896103,0.086182,0.002948,0.292358,0.246460,0.067019,0.009395,0.153145,-0.107121,376.809998,15612.000000
7595.000000,-6.617737,0.086670,0.002947,0.291626,0.247803,0.067244,0.009432,0.153422,-0.107143,345.820007,15690.000000
7596.000000,23.340555,0.084961,0.002669,0.290649,0.245117,0.066336,0.009124,0.153636,-0.109760,411.950012,15789.000000
7597.000000,64.127617,0.085327,0.002744,0.289917,0.245728,0.066375,0.009092,0.150797,-0.111021,431.540009,15498.000000
7598.000000,17.317972,0.085327,0.002696,0.290283,0.243530,0.066381,0.009034,0.153458,-0.109223,427.470001,15873.000000
7599.000000,17.933651,0.085449,0.002339,0.291992,0.244873,0.066464,0.008774,0.153988,-0.106644,411.279999,15574.000000
7600.000000,35.496464,0.085205,0.002799,0.291504,0.243896,0.065847,0.009347,0.154945,-0.107260,384.200012,15664.000000
7601.000000,-10.625128,0.086060,0.002882,0.291992,0.244141,0.066664,0.009364,0.154848,-0.107172,388.690002,15059.000000
7602.000000,50.002399,0.085693,0.002849,0.292358,0.245117,0.066271,0.009241,0.154424,-0.106302,386.809998,15283.000000
7603.000000,-1.715035,0.085327,0.002813,0.293091,0.244019,0.066173,0.009252,0.156525,-0.105458,447.779999,15322.000000
7604.000000,13.580423,0.085815,0.003277,0.293091,0.244751,0.066691,0.009771,0.159730,-0.105218,399.279999,15184.000000
7605.000000,24.825176,0.086670,0.003470,0.294678,0.247070,0.067808,0.010119,0.156456,-0.106144,370.290009,15194.000000
7606.000000,-12.856582,0.086182,0.003230,0.293701,0.243774,0.066683,0.009698,0.157416,-0.108193,415.309998,15295.000000
7607.000000,15.501592,0.086548,0.003074,0.294800,0.244263,0.066737,0.009468,0.159186,-0.105849,375.700012,15132.000000
7608.000000,8.000671,0.085815,0.003007,0.293945,0.244141,0.066227,0.009439,0.156418,-0.105749,461.239990,14916.000000
7609.000000,77.675247,0.085327,0.003322,0.292725,0.243530,0.065395,0.009765,0.154816,-0.107806,430.179993,15054.000000
7610.000000,13.250880,0.086182,0.003673,0.293701,0.243042,0.065904,0.010132,0.152768,-0.106623,332.329987,15178.000000
7611.000000,52.833035,0.086182,0.003121,0.294678,0.241943,0.064926,0.009562,0.152896,-0.106364,346.390015,15268.000000
7612.000000,10.940941,0.086426,0.003458,0.294312,0.243652,0.065024,0.009870,0.153689,-0.103937,402.100006,15018.000000
7613.000000,25.590199,0.085938,0.002966,0.294189,0.243530,0.064736,0.009449,0.149675,-0.106800,364.399994,14694.000000
7614.000000,30.236614,0.086426,0.003196,0.294312,0.246704,0.064979,0.009923,0.148660,-0.104786,444.959991,14982.000000
7615.000000,43.825256,0.087524,0.003938,0.293701,0.248169,0.065683,0.010723,0.149461,-0.104373,421.209991,14958.000000
7616.000000,-1.327089,0.089355,0.003324,0.294189,0.249146,0.065830,0.010130,0.150606,-0.105342,306.000000,15105.000000
7617.000000,8.486509,0.089966,0.003216,0.295532,0.248169,0.066641,0.009863,0.152326,-0.108461,399.230011,14709.000000
7618.000000,-6.392459,0.089355,0.003556,0.294556,0.244751,0.067124,0.009825,0.151657,-0.108077,397.829987,15511.000000
7619.000000,12.430003,0.089233,0.003317,0.293335,0.246704,0.066500,0.009964,0.151628,-0.105197,323.589996,15200.000000
7620.000000,51.546791,0.089111,0.003073,0.294189,0.248291,0.066407,0.009925,0.151491,-0.106373,349.510010,15370.000000
7621.000000,14.282542,0.089355,0.002967,0.294556,0.248901,0.066092,0.009784,0.153612,-0.105524,343.559998,15194.000000
7622.000000,-12.094025,0.089355,0.003083,0.295288,0.248169,0.066317,0.009846,0.152797,-0.106544,362.339996,15219.000000
7623.000000,-10.951801,0.088745,0.002999,0.294800,0.246460,0.065806,0.009708,0.152650,-0.107572,326.980011,15357.000000
7624.000000,25.086756,0.089600,0.003154,0.295410,0.246826,0.066502,0.009679,0.154091,-0.107767,330.000000,15284.000000
7625.000000,23.512310,0.088989,0.003151,0.295410,0.246948,0.065985,0.009741,0.152106,-0.106873,402.019989,15590.000000
7626.000000,25.478161,0.088745,0.002744,0.294312,0.246948,0.065808,0.009241,0.152470,-0.106706,362.190002,15261.000000
7627.000000,63.816113,0.089233,0.003014,0.294556,0.246704,0.066086,0.009532,0.153955,-0.104924,412.489990,14885.000000
7628.000000,23.800558,0.088013,0.003340,0.293335,0.246338,0.066519,0.009757,0.153140,-0.104402,398.540009,15614.000000
7629.000000,2.257645,0.086182,0.002949,0.291992,0.245361,0.065833,0.009361,0.150216,-0.104540,370.170013,15377.000000
7630.000000,0.634632,0.085571,0.002944,0.291626,0.243652,0.065241,0.009203,0.151489,-0.106495,364.579987,15377.000000
7631.000000,-13.033233,0.085571,0.002824,0.291870,0.244995,0.065362,0.009245,0.154234,-0.107389,283.529999,14954.000000
7632.000000,17.813295,0.084717,0.002299,0.291016,0.242676,0.064215,0.008617,0.153695,-0.109007,357.640015,15464.000000
7633.000000,32.479130,0.084229,0.003078,0.290894,0.242676,0.064220,0.009413,0.152839,-0.107724,421.559998,15122.000000
7634.000000,5.976367,0.083374,0.003207,0.290771,0.241577,0.063844,0.009515,0.149177,-0.109669,344.850006,15195.000000
7635.000000,-6.582087,0.084229,0.003525,0.291870,0.240601,0.064454,0.009868,0.153595,-0.106132,369.670013,14311.000000
7636.000000,29.935699,0.084839,0.003316,0.292358,0.242676,0.064754,0.009724,0.155924,-0.105000,449.489990,15210.000000
7637.000000,0.605452,0.084839,0.003421,0.293701,0.244019,0.064570,0.009946,0.156827,-0.104906,352.529999,15594.000000
7638.000000,-19.988098,0.084229,0.003358,0.292114,0.240967,0.064262,0.009662,0.154187,-0.108914,379.040009,15243.000000
7639.000000,28.088175,0.083862,0.003145,0.291870,0.242920,0.064021,0.009663,0.152229,-0.107945,414.809998,15578.000000
7640.000000,-4.934152,0.084229,0.003385,0.293457,0.244507,0.064848,0.009997,0.155250,-0.107594,367.899994,15520.000000
7641.000000,7.655951,0.084473,0.003248,0.292847,0.243652,0.064944,0.009884,0.157515,-0.107968,329.040009,15622.000000
7642.000000,5.691611,0.085327,0.003547,0.294067,0.244019,0.065384,0.010203,0.159706,-0.106809,337.739990,15651.000000
7643.000000,9.142884,0.084595,0.002944,0.294067,0.242310,0.065030,0.009487,0.159351,-0.107365,357.049988,15345.000000
7644.000000,43.496292,0.084961,0.003101,0.294556,0.244507,0.065658,0.009852,0.158801,-0.105517,332.910004,15280.000000
7645.000000,27.481270,0.085693,0.002604,0.295044,0.245972,0.065688,0.009399,0.159322,-0.105368,423.019989,15153.000000
7646.000000,-12.772413,0.085693,0.002751,0.295654,0.244751,0.065927,0.009517,0.162056,-0.103147,353.630005,15286.000000
7647.000000,59.417854,0.085815,0.002433,0.295410,0.244873,0.066201,0.009145,0.160192,-0.106178,422.880005,15258.000000
7648.000000,20.318014,0.086182,0.002511,0.296143,0.245972,0.066653,0.009309,0.159858,-0.106323,355.899994,15784.000000
7649.000000,29.225857,0.086670,0.002763,0.297363,0.245728,0.067026,0.009623,0.159018,-0.105866,371.200012,15677.000000
7650.000000,20.412022,0.087036,0.003042,0.297974,0.245728,0.067454,0.009855,0.159249,-0.106291,458.809998,15587.000000
7651.000000,6.189452,0.087036,0.003463,0.297607,0.246460,0.067764,0.010274,0.158176,-0.106870,321.279999,15039.000000
7652.000000,10.110321,0.087402,0.003356,0.298706,0.245483,0.068128,0.010058,0.160762,-0.105406,373.739990,15253.000000
7653.000000,-4.067396,0.086670,0.002754,0.297119,0.246826,0.068049,0.009612,0.159504,-0.105784,357.239990,15478.000000
7654.000000,39.080139,0.086670,0.002762,0.297974,0.246216,0.068271,0.009552,0.160054,-0.106793,380.470001,15604.000000
7655.000000,10.983498,0.086060,0.002858,0.296265,0.246338,0.067860,0.009825,0.157684,-0.105975,400.420013,15036.000000
7656.000000,15.591952,0.086060,0.003076,0.294800,0.245850,0.067902,0.010004,0.156733,-0.107585,375.739990,15487.000000
7657.000000,31.696758,0.084595,0.002674,0.293823,0.244385,0.067359,0.009498,0.158949,-0.107826,351.769989,15470.000000
7658.000000,42.870468,0.084229,0.002463,0.293579,0.243164,0.067384,0.009404,0.154486,-0.109299,315.200012,15452.000000
7659.000000,9.742835,0.084839,0.002534,0.293945,0.243164,0.067233,0.009535,0.153232,-0.108602,419.109985,15402.000000
7660.000000,18.141838,0.084717,0.002606,0.293091,0.244873,0.066999,0.009793,0.152821,-0.106349,463.459991,15111.000000
7661.000000,6.331358,0.083984,0.002832,0.292603,0.244263,0.066989,0.009986,0.151323,-0.109107,365.579987,15321.000000
7662.000000,2.245897,0.084961,0.003265,0.293579,0.244141,0.067871,0.010285,0.153265,-0.110152,434.420013,15445.000000
7663.000000,5.513591,0.083740,0.002728,0.291138,0.242432,0.067184,0.009734,0.149448,-0.112562,315.000000,14837.000000
7664.000000,10.757041,0.083862,0.002716,0.290894,0.243774,0.067422,0.009814,0.151581,-0.109116,448.959991,14751.000000
7665.000000,65.517990,0.084961,0.003411,0.291626,0.243286,0.068112,0.010442,0.152007,-0.109512,385.799988,15358.000000
7666.000000,-2.719187,0.084229,0.003156,0.291260,0.242554,0.068447,0.010242,0.158684,-0.106274,390.459991,15472.000000
7667.000000,19.770025,0.083984,0.003055,0.290405,0.243286,0.068893,0.010085,0.159801,-0.109163,440.079987,15156.000000
7668.000000,14.307015,0.084839,0.002915,0.292114,0.243408,0.069364,0.009666,0.158780,-0.108927,354.380005,15303.000000
7669.000000,44.720097,0.084961,0.003039,0.292114,0.243652,0.069363,0.009866,0.158420,-0.107052,352.649994,15162.000000
7670.000000,28.452263,0.085449,0.002949,0.293457,0.244141,0.069192,0.009795,0.157481,-0.110028,461.850006,15445.000000
7671.000000,4.422837,0.084229,0.002224,0.291504,0.241699,0.068107,0.009028,0.157526,-0.111833,345.209991,15362.000000
7672.000000,21.996346,0.083374,0.002264,0.292603,0.241211,0.067895,0.008952,0.152484,-0.115115,390.380005,15247.000000
7673.000000,17.275234,0.083740,0.002291,0.291504,0.241211,0.068397,0.008899,0.153365,-0.111540,390.209991,15179.000000
7674.000000,25.219164,0.085083,0.002873,0.293701,0.241943,0.069300,0.009499,0.159361,-0.107521,447.649994,15127.000000
7675.000000,0.769111,0.084351,0.003218,0.292114,0.243042,0.069724,0.009923,0.157652,-0.108121,377.119995,15068.000000
7676.000000,11.004807,0.085083,0.003484,0.290649,0.242432,0.069703,0.010061,0.156326,-0.109559,315.700012,15428.000000
7677.000000,19.622889,0.085205,0.002531,0.289917,0.244507,0.069434,0.009179,0.156633,-0.108169,342.600006,15631.000000
7678.000000,18.459444,0.085449,0.002991,0.290527,0.245972,0.069344,0.009906,0.157582,-0.106376,423.070007,15554.000000
7679.000000,13.009099,0.085693,0.002648,0.292236,0.243896,0.069825,0.009363,0.158216,-0.110434,338.019989,15532.000000
7680.000000,-27.114082,0.085327,0.002235,0.289795,0.241699,0.068752,0.008818,0.153780,-0.109716,332.269989,15554.000000
7681.000000,-14.268253,0.084595,0.002529,0.290283,0.239990,0.068162,0.009085,0.148236,-0.110636,349.279999,15524.000000
7682.000000,51.243095,0.084595,0.002635,0.290771,0.241089,0.067907,0.009338,0.148262,-0.106821,375.720001,15047.000000
7683.000000,10.958508,0.084961,0.002833,0.289795,0.243408,0.067600,0.009678,0.149101,-0.105345,398.119995,14716.000000
7684.000000,30.843502,0.085815,0.002744,0.290405,0.245361,0.067547,0.009650,0.151636,-0.106826,379.420013,14832.000000
7685.000000,51.440460,0.086914,0.002811,0.290771,0.244995,0.067677,0.009539,0.149848,-0.108934,334.790009,15177.000000
7686.000000,67.378220,0.085571,0.002537,0.290039,0.241333,0.066230,0.009058,0.148970,-0.108169,402.309998,14973.000000
7687.000000,18.302816,0.085571,0.002662,0.290405,0.242554,0.066363,0.009162,0.146680,-0.108968,343.230011,15074.000000
7688.000000,34.578453,0.085815,0.002631,0.290039,0.244019,0.066933,0.009267,0.148976,-0.107166,427.380005,14701.000000
7689.000000,42.586845,0.086182,0.003185,0.289062,0.245605,0.067048,0.009916,0.151769,-0.105871,409.769989,14897.000000
7690.000000,41.694439,0.086792,0.003281,0.290283,0.245361,0.067121,0.010025,0.148116,-0.108599,342.579987,15071.000000
7691.000000,54.317524,0.088135,0.002724,0.291992,0.245728,0.067239,0.009300,0.148173,-0.111004,421.160004,14972.000000
7692.000000,2.155787,0.087891,0.002631,0.291870,0.245361,0.067166,0.009134,0.148861,-0.108616,308.350006,14988.000000
7693.000000,38.242710,0.087036,0.002486,0.291870,0.245239,0.066695,0.009009,0.151991,-0.107296,374.709991,14932.000000
7694.000000,-1.293504,0.087402,0.002291,0.292358,0.245850,0.066079,0.008863,0.153750,-0.109098,317.760010,14831.000000
7695.000000,40.187019,0.087646,0.002151,0.293213,0.247803,0.066449,0.008821,0.154525,-0.106665,411.790009,14913.000000
7696.000000,22.206842,0.088379,0.002857,0.294678,0.248901,0.067327,0.009608,0.155774,-0.106132,336.290009,15026.000000
7697.000000,9.244708,0.089355,0.003009,0.295654,0.247925,0.067911,0.009500,0.156928,-0.106470,314.700012,14931.000000
7698.000000,7.104671,0.088135,0.002549,0.295044,0.248047,0.067672,0.009017,0.158182,-0.105636,413.500000,14900.000000
7699.000000,1.229930,0.088013,0.002351,0.294067,0.248657,0.067787,0.008850,0.154292,-0.108031,357.779999,14874.000000
7700.000000,8.284988,0.088501,0.002142,0.294922,0.248169,0.067927,0.008728,0.155120,-0.108497,442.679993,15038.000000
7701.000000,26.609297,0.088501,0.001854,0.295776,0.248169,0.067537,0.008432,0.153007,-0.109628,389.940002,14966.000000
7702.000000,26.042578,0.088501,0.002355,0.296509,0.246460,0.067348,0.008979,0.152574,-0.108918,394.269989,15337.000000
7703.000000,22.814260,0.087280,0.002134,0.295166,0.246704,0.066350,0.008759,0.150218,-0.110707,385.010010,15274.000000
7704.000000,-22.624203,0.087158,0.002593,0.295044,0.247070,0.066532,0.009137,0.148749,-0.109393,347.029999,15666.000000
7705.000000,21.774548,0.086670,0.002897,0.294312,0.246094,0.066344,0.009420,0.150183,-0.108609,468.010010,15260.000000
7706.000000,26.150898,0.086548,0.002891,0.293823,0.245972,0.066455,0.009317,0.149967,-0.108797,418.739990,15082.000000
7707.000000,-0.579212,0.087402,0.003006,0.294800,0.245117,0.066738,0.009263,0.149204,-0.109402,341.679993,15178.000000
7708.000000,7.274890,0.087036,0.002680,0.295166,0.246704,0.066466,0.009002,0.151336,-0.106218,350.679993,15173.000000
7709.000000,23.102699,0.086304,0.003122,0.292725,0.247803,0.066362,0.009457,0.148736,-0.105921,405.779999,14753.000000
7710.000000,42.024597,0.087036,0.003379,0.292114,0.247559,0.066412,0.009644,0.143180,-0.111254,445.309998,15049.000000
7711.000000,-9.222707,0.086792,0.003174,0.292236,0.247070,0.066224,0.009251,0.142035,-0.110829,334.720001,14992.000000
7712.000000,11.558037,0.087402,0.002803,0.292236,0.246948,0.066301,0.009028,0.145437,-0.108216,405.269989,14486.000000
7713.000000,12.814022,0.088135,0.003120,0.292480,0.246460,0.067347,0.009321,0.146874,-0.108393,381.850006,15030.000000
7714.000000,60.440788,0.089600,0.002731,0.292847,0.249268,0.066976,0.009041,0.147777,-0.109898,407.220001,14711.000000
7715.000000,24.016243,0.089966,0.002649,0.293579,0.249634,0.067152,0.009045,0.150065,-0.110332,413.450012,15024.000000
7716.000000,20.348141,0.088867,0.002278,0.293213,0.246338,0.065969,0.008491,0.148012,-0.112897,409.649994,15075.000000
7717.000000,27.845917,0.088379,0.001999,0.292603,0.245972,0.065454,0.008150,0.147238,-0.111929,404.489990,15296.000000
7718.000000,24.217508,0.088745,0.002354,0.292480,0.246582,0.065740,0.008486,0.150618,-0.111040,424.010010,15190.000000
7719.000000,-12.266710,0.090698,0.003076,0.294922,0.248779,0.067277,0.009300,0.152346,-0.110248,258.459991,15378.000000
7720.000000,15.501697,0.091797,0.002943,0.296387,0.251953,0.068545,0.009248,0.159152,-0.106493,332.790009,15046.000000
7721.000000,26.987150,0.091187,0.002635,0.296143,0.250610,0.068327,0.009035,0.159592,-0.107433,378.510010,15052.000000
7722.000000,36.188065,0.090454,0.002334,0.294556,0.251221,0.067618,0.008770,0.154092,-0.108628,411.640015,15388.000000
7723.000000,-4.276584,0.090210,0.002217,0.294312,0.249146,0.066929,0.008413,0.151126,-0.110575,402.070007,14935.000000
7724.000000,0.202883,0.090210,0.002405,0.293213,0.248657,0.066899,0.008518,0.146551,-0.111090,389.809998,14554.000000
7725.000000,20.712889,0.090454,0.002164,0.294556,0.247925,0.066603,0.008396,0.146360,-0.109094,411.339996,14892.000000
7726.000000,3.410993,0.089722,0.002461,0.293579,0.246948,0.066763,0.008703,0.147210,-0.109475,360.390015,14875.000000
7727.000000,24.081436,0.090332,0.002830,0.295288,0.247681,0.067280,0.009210,0.147013,-0.108276,405.579987,14905.000000
7728.000000,-20.743149,0.089478,0.002372,0.294067,0.247314,0.067156,0.008680,0.150036,-0.108900,311.480011,14125.000000
7729.000000,16.344725,0.088623,0.002801,0.293091,0.247437,0.066613,0.009084,0.148773,-0.107733,332.660004,14695.000000
7730.000000,2.978289,0.089111,0.002938,0.293457,0.248291,0.066901,0.009139,0.145736,-0.108512,363.200012,14869.000000
7731.000000,18.221386,0.088745,0.002790,0.293091,0.248291,0.066812,0.008996,0.145668,-0.107734,260.429993,14813.000000
7732.000000,9.656648,0.089478,0.003149,0.294556,0.250610,0.067514,0.009588,0.146894,-0.105702,398.779999,14863.000000
7733.000000,-4.332769,0.089111,0.002784,0.294312,0.250610,0.067692,0.009299,0.147946,-0.106795,444.630005,14196.000000
7734.000000,17.807240,0.088135,0.002489,0.294312,0.246948,0.066820,0.008899,0.147308,-0.109538,334.100006,15313.000000
7735.000000,-7.192894,0.087524,0.002805,0.292725,0.248291,0.066875,0.009212,0.145259,-0.109026,335.320007,15118.000000
7736.000000,12.551934,0.087769,0.002879,0.294189,0.247681,0.067614,0.009183,0.149472,-0.107217,380.940002,15265.000000
7737.000000,16.161037,0.087036,0.002616,0.293213,0.249512,0.066885,0.009135,0.151287,-0.105732,376.519989,15174.000000
7738.000000,39.324532,0.086670,0.003199,0.291138,0.249268,0.067183,0.009697,0.151561,-0.106748,379.290009,14922.000000
7739.000000,-6.975041,0.086304,0.002907,0.291748,0.249878,0.067563,0.009504,0.152166,-0.107107,362.640015,15017.000000
7740.000000,39.627636,0.086182,0.002990,0.291992,0.249146,0.067508,0.009455,0.152551,-0.106786,400.179993,14743.000000
7741.000000,0.776393,0.086914,0.003226,0.292114,0.249878,0.068073,0.009696,0.157961,-0.103313,295.459991,14740.000000
7742.000000,37.631145,0.087769,0.003030,0.292969,0.251953,0.068402,0.009616,0.162068,-0.101429,372.739990,15084.000000
7743.000000,6.707235,0.088135,0.002517,0.293213,0.250366,0.068098,0.009003,0.160286,-0.104999,353.769989,14946.000000
7744.000000,-2.373163,0.087769,0.002220,0.293701,0.248047,0.068048,0.008436,0.160182,-0.106062,310.779999,14804.000000
7745.000000,-4.316486,0.087036,0.002578,0.293335,0.247559,0.068034,0.008841,0.157826,-0.105185,317.910004,14747.000000
7746.000000,11.431379,0.087402,0.002405,0.291504,0.249146,0.067920,0.008670,0.152401,-0.106709,383.140015,14606.000000
7747.000000,31.566463,0.086060,0.002433,0.289917,0.248169,0.067735,0.008785,0.151619,-0.105611,429.399994,14612.000000
7748.000000,9.833412,0.086060,0.002552,0.290161,0.246338,0.067409,0.008672,0.153628,-0.107399,378.839996,15032.000000
7749.000000,-3.379724,0.086182,0.002843,0.289429,0.246826,0.067327,0.009091,0.153168,-0.104998,351.540009,14822.000000
7750.000000,26.713188,0.086060,0.003003,0.289917,0.247559,0.066794,0.009504,0.158291,-0.104154,371.380005,15036.000000
7751.000000,27.637266,0.086182,0.002597,0.292114,0.246582,0.066525,0.009235,0.159466,-0.104620,325.059998,14542.000000
7752.000000,40.770115,0.087280,0.003125,0.293335,0.248413,0.067550,0.009834,0.158775,-0.103601,386.429993,14175.000000
7753.000000,-6.006621,0.088501,0.003684,0.294556,0.250000,0.068589,0.010351,0.159609,-0.104392,347.440002,14661.000000
7754.000000,-30.013508,0.088135,0.003481,0.293945,0.250122,0.068483,0.009971,0.161002,-0.103871,242.789993,14673.000000
7755.000000,48.661022,0.087280,0.003096,0.295898,0.249634,0.068110,0.009597,0.164058,-0.100509,377.410004,14907.000000
7756.000000,21.238840,0.087158,0.003205,0.295044,0.253174,0.067112,0.009957,0.159422,-0.101589,392.100006,14518.000000
7757.000000,28.011780,0.085815,0.002615,0.294556,0.251587,0.066400,0.009503,0.157726,-0.102002,420.459991,15134.000000
7758.000000,31.523581,0.086304,0.002967,0.294800,0.250000,0.066280,0.009782,0.153214,-0.104520,380.380005,15215.000000
7759.000000,2.639686,0.085449,0.003501,0.294556,0.249268,0.066375,0.010236,0.154736,-0.103756,391.859985,15141.000000
7760.000000,56.054436,0.085693,0.003408,0.295166,0.250732,0.066467,0.010225,0.158055,-0.101635,354.010010,15008.000000
7761.000000,8.524182,0.085938,0.002925,0.296753,0.251709,0.066878,0.009988,0.159625,-0.100406,404.369995,15071.000000
7762.000000,14.132707,0.086914,0.003023,0.297974,0.253906,0.067310,0.010113,0.161374,-0.099763,304.049988,15079.000000
7763.000000,34.391251,0.088013,0.003130,0.297729,0.255493,0.067804,0.010101,0.158484,-0.102143,364.549988,15000.000000
7764.000000,9.555859,0.088135,0.002614,0.298340,0.253906,0.067454,0.009475,0.161046,-0.102783,353.709991,15140.000000
7765.000000,33.369347,0.087646,0.002688,0.299194,0.252930,0.067193,0.009367,0.159215,-0.103160,367.709991,15096.000000
7766.000000,50.510403,0.088135,0.002711,0.299194,0.252808,0.067670,0.009350,0.159505,-0.103896,391.859985,14798.000000
7767.000000,-2.829920,0.088135,0.002417,0.299561,0.253296,0.067522,0.009126,0.157675,-0.102508,393.829987,15069.000000
7768.000000,33.018456,0.086792,0.002661,0.299194,0.251953,0.066867,0.009406,0.157879,-0.102724,345.929993,14775.000000
7769.000000,-12.412475,0.086914,0.002686,0.300171,0.251343,0.067139,0.009396,0.157321,-0.103655,334.049988,15221.000000
7770.000000,11.916380,0.087524,0.002924,0.299683,0.251709,0.067505,0.009698,0.155614,-0.103950,356.149994,15173.000000
7771.000000,19.768435,0.087402,0.002932,0.299683,0.252075,0.067218,0.009694,0.158259,-0.104252,420.920013,15399.000000
7772.000000,-2.057781,0.086792,0.002808,0.299927,0.252197,0.067173,0.009743,0.161405,-0.103521,396.859985,15166.000000
7773.000000,32.444775,0.086426,0.002951,0.299072,0.250244,0.066978,0.009767,0.159755,-0.105465,373.670013,15127.000000
7774.000000,25.330833,0.085938,0.002816,0.298340,0.249146,0.066718,0.009393,0.156740,-0.107282,307.049988,14999.000000
7775.000000,15.064803,0.087402,0.003178,0.300049,0.249390,0.067496,0.009865,0.159350,-0.105343,406.299988,14300.000000
7776.000000,-22.135460,0.087280,0.002929,0.300537,0.251099,0.067754,0.009784,0.164810,-0.103819,342.260010,15325.000000
7777.000000,49.525543,0.086914,0.002597,0.300781,0.250244,0.067609,0.009423,0.164124,-0.104421,359.529999,15041.000000
7778.000000,82.076859,0.086304,0.002579,0.299072,0.249146,0.066946,0.009269,0.161226,-0.106658,404.190002,14868.000000
7779.000000,-21.637190,0.086060,0.002447,0.298706,0.248657,0.066187,0.009181,0.162523,-0.104548,345.320007,15031.000000
7780.000000,51.518227,0.086914,0.002695,0.297974,0.251221,0.066411,0.009660,0.162074,-0.102101,426.299988,14740.000000
7781.000000,38.905476,0.086792,0.002868,0.298340,0.252197,0.066216,0.009954,0.162225,-0.104144,382.250000,15160.000000
7782.000000,56.537903,0.087036,0.003149,0.298462,0.252197,0.066528,0.010195,0.160129,-0.103710,364.429993,14809.000000
7783.000000,7.592949,0.087891,0.003274,0.301270,0.250732,0.067487,0.010180,0.161782,-0.103827,358.829987,15141.000000
7784.000000,18.483559,0.088745,0.003105,0.303345,0.251953,0.067669,0.010016,0.166397,-0.102205,386.739990,15377.000000
7785.000000,-27.062452,0.088745,0.002894,0.303589,0.253418,0.068051,0.009863,0.169609,-0.102281,366.920013,15180.000000
7786.000000,0.328391,0.088989,0.003361,0.303711,0.253174,0.068406,0.010342,0.164047,-0.105225,349.299988,15410.000000
7787.000000,5.057763,0.089111,0.002965,0.305054,0.252930,0.068893,0.009961,0.165084,-0.105872,421.100006,14746.000000
7788.000000,-23.240126,0.089355,0.002839,0.304932,0.251465,0.068736,0.009640,0.165194,-0.106309,371.670013,15454.000000
7789.000000,26.764740,0.090210,0.003410,0.305420,0.252197,0.069345,0.010087,0.164357,-0.103550,466.089996,15526.000000
7790.000000,13.411623,0.090332,0.003576,0.306396,0.253662,0.069679,0.010458,0.166793,-0.102144,303.489990,15406.000000
7791.000000,91.291878,0.090088,0.003139,0.306152,0.254150,0.069440,0.010156,0.165733,-0.101694,400.929993,15521.000000
7792.000000,12.531268,0.089600,0.002614,0.304443,0.254272,0.068866,0.009437,0.169337,-0.101903,377.920013,15394.000000
7793.000000,-0.937190,0.089233,0.002444,0.303711,0.252075,0.068857,0.009193,0.168378,-0.103891,323.510010,15313.000000
7794.000000,55.064453,0.089355,0.002827,0.304443,0.251953,0.068693,0.009672,0.168704,-0.104019,419.660004,15423.000000
7795.000000,47.238827,0.089111,0.002415,0.303833,0.251465,0.067711,0.009170,0.166319,-0.107490,389.700012,15479.000000
7796.000000,41.923054,0.088989,0.002414,0.302612,0.253296,0.067782,0.009177,0.166219,-0.104142,465.170013,15173.000000
7797.000000,1.378547,0.088745,0.002707,0.303833,0.251587,0.068216,0.009371,0.167566,-0.106898,417.100006,15152.000000
7798.000000,6.593651,0.090210,0.003441,0.304565,0.252930,0.069136,0.010121,0.168367,-0.103919,329.579987,15241.000000
7799.000000,46.283802,0.089844,0.002687,0.305664,0.253052,0.069184,0.009392,0.171325,-0.105395,370.779999,15181.000000
7800.000000,-7.379315,0.089966,0.002591,0.305054,0.252686,0.068958,0.009386,0.172086,-0.105983,376.140015,15118.000000
7801.000000,-1.109013,0.090820,0.002525,0.306519,0.252808,0.068948,0.009256,0.172775,-0.106361,347.089996,15226.000000
7802.000000,44.270401,0.090332,0.002732,0.306763,0.252441,0.069223,0.009383,0.170524,-0.106459,357.899994,15141.000000
7803.000000,38.055534,0.090942,0.003325,0.307007,0.254150,0.069540,0.009972,0.170038,-0.103627,431.940002,15390.000000
7804.000000,-24.644600,0.089844,0.003260,0.306274,0.253052,0.069565,0.009960,0.169633,-0.104628,391.369995,15320.000000
7805.000000,14.530563,0.088867,0.003053,0.305298,0.251587,0.069121,0.009767,0.167566,-0.105852,369.440002,15395.000000
7806.000000,3.047625,0.088745,0.003105,0.303955,0.249634,0.068309,0.009668,0.165328,-0.107170,319.790009,15345.000000
7807.000000,51.428352,0.089722,0.003655,0.304077,0.252441,0.068802,0.010489,0.166578,-0.104634,386.640015,15076.000000
7808.000000,18.946232,0.089600,0.002955,0.304932,0.251953,0.068912,0.009681,0.168248,-0.105432,365.000000,15057.000000
7809.000000,33.505802,0.090210,0.003324,0.306030,0.254028,0.069260,0.010170,0.168955,-0.102472,376.890015,15407.000000
7810.000000,10.579371,0.091431,0.003535,0.305786,0.256470,0.069537,0.010584,0.168450,-0.102064,352.739990,15397.000000
7811.000000,1.430473,0.091919,0.002519,0.305786,0.257080,0.068847,0.009627,0.172581,-0.103870,325.519989,15505.000000
7812.000000,-7.462426,0.091797,0.002972,0.305542,0.255615,0.069469,0.009929,0.171201,-0.106454,387.910004,15438.000000
7813.000000,14.483837,0.092285,0.002981,0.306152,0.256470,0.069381,0.009892,0.170278,-0.106583,381.049988,15402.000000
7814.000000,66.467812,0.091919,0.003384,0.304810,0.257080,0.069285,0.010198,0.171209,-0.106219,397.250000,15266.000000
7815.000000,35.931801,0.091553,0.003376,0.304077,0.256714,0.069101,0.010180,0.171211,-0.104818,399.070007,15373.000000
7816.000000,-5.916406,0.091064,0.002829,0.303833,0.254883,0.068793,0.009434,0.169988,-0.107507,370.000000,14743.000000
7817.000000,63.395588,0.090698,0.002753,0.303223,0.253540,0.068305,0.009292,0.170454,-0.107248,436.579987,15269.000000
7818.000000,-12.044927,0.091309,0.003072,0.303711,0.253418,0.068902,0.009569,0.173947,-0.106010,350.200012,15416.000000
7819.000000,-23.478573,0.090698,0.002826,0.305176,0.252930,0.069495,0.009334,0.174758,-0.104288,289.019989,15322.000000
7820.000000,47.871902,0.091187,0.003233,0.305176,0.255615,0.069997,0.009955,0.180978,-0.099905,350.299988,15550.000000
7821.000000,26.031166,0.091919,0.003259,0.306152,0.254761,0.070479,0.009906,0.179794,-0.101592,323.600006,15374.000000
7822.000000,10.731745,0.091187,0.003133,0.306396,0.253784,0.070603,0.009843,0.179349,-0.101033,379.299988,15383.000000
7823.000000,25.353811,0.090088,0.003131,0.303589,0.252319,0.069896,0.009681,0.177339,-0.103674,363.769989,15111.000000
7824.000000,9.763032,0.090210,0.003167,0.303711,0.254639,0.069840,0.009974,0.175994,-0.102126,364.739990,15555.000000
7825.000000,40.570732,0.090576,0.003368,0.303223,0.254761,0.069996,0.010069,0.179745,-0.100838,395.200012,15401.000000
7826.000000,-0.037872,0.090332,0.003427,0.305420,0.253540,0.070641,0.009891,0.178711,-0.104044,312.190002,15394.000000
7827.000000,3.327649,0.091309,0.003594,0.305542,0.251099,0.070911,0.009837,0.178046,-0.105703,469.450012,15540.000000
7828.000000,13.735150,0.091309,0.003518,0.305420,0.251587,0.071175,0.009850,0.177249,-0.105600,316.929993,15311.000000
7829.000000,17.634932,0.091309,0.003376,0.306641,0.253418,0.071599,0.009687,0.180301,-0.103287,390.049988,14984.000000
7830.000000,33.787209,0.090576,0.003432,0.307129,0.253540,0.071875,0.009735,0.184074,-0.100793,416.929993,14903.000000
7831.000000,-9.401105,0.090210,0.003528,0.308960,0.253052,0.072640,0.009811,0.183093,-0.103235,303.329987,15012.000000
7832.000000,26.238213,0.091187,0.003747,0.309937,0.252686,0.073353,0.009997,0.182065,-0.104691,348.200012,15179.000000
7833.000000,37.091846,0.090820,0.003204,0.311279,0.253052,0.073151,0.009481,0.180844,-0.103557,379.799988,15124.000000
7834.000000,33.600498,0.090942,0.003158,0.310425,0.256104,0.072768,0.009605,0.183873,-0.100894,420.589996,15131.000000
7835.000000,28.084444,0.091064,0.003129,0.309448,0.255859,0.072791,0.009644,0.186941,-0.101185,436.579987,15254.000000
7836.000000,22.357738,0.091553,0.003585,0.309570,0.254883,0.073266,0.009973,0.181457,-0.101426,392.589996,15087.000000
7837.000000,-7.560696,0.092163,0.003431,0.309448,0.252441,0.073065,0.009763,0.180428,-0.103290,353.329987,15521.000000
7838.000000,16.208620,0.092163,0.002954,0.310791,0.251709,0.072767,0.009317,0.178635,-0.103344,456.019989,15321.000000
7839.000000,57.434406,0.091675,0.002756,0.310303,0.252930,0.071832,0.009290,0.178597,-0.101335,408.369995,15424.000000
7840.000000,28.350245,0.091797,0.003188,0.310547,0.253662,0.071555,0.009801,0.175961,-0.102240,422.369995,15112.000000
7841.000000,-6.954228,0.092163,0.003072,0.311401,0.253906,0.071354,0.009613,0.175128,-0.103584,306.829987,15075.000000
7842.000000,-10.644687,0.092285,0.002886,0.311279,0.253784,0.071683,0.009398,0.174721,-0.104608,370.209991,15333.000000
7843.000000,-4.132742,0.092163,0.002887,0.311035,0.254272,0.071521,0.009376,0.179109,-0.103123,396.079987,15037.000000
7844.000000,23.819363,0.091797,0.002680,0.309692,0.252930,0.071607,0.009055,0.179249,-0.104078,377.750000,15435.000000
7845.000000,55.771526,0.091675,0.002931,0.310181,0.252563,0.070981,0.009279,0.178712,-0.103088,385.149994,15121.000000
7846.000000,34.952633,0.091553,0.002481,0.310059,0.252197,0.070563,0.008806,0.174936,-0.104722,356.630005,14949.000000
7847.000000,17.444118,0.091553,0.002454,0.310303,0.252075,0.070688,0.008720,0.174727,-0.104355,385.809998,15267.000000
7848.000000,76.704346,0.092163,0.002698,0.311035,0.251831,0.070814,0.009000,0.176127,-0.103406,414.989990,15125.000000
7849.000000,76.781921,0.092041,0.002692,0.309937,0.253540,0.071004,0.009146,0.174585,-0.103644,469.040009,14581.000000
7850.000000,26.381094,0.092896,0.003153,0.308472,0.252808,0.071517,0.009567,0.173669,-0.104443,397.420013,15072.000000
7851.000000,57.987206,0.093262,0.003095,0.309937,0.251465,0.071646,0.009487,0.172407,-0.104957,427.260010,14941.000000
7852.000000,17.468060,0.093262,0.002965,0.309937,0.254150,0.071291,0.009420,0.171510,-0.103108,354.450012,15207.000000
7853.000000,26.587107,0.093140,0.003002,0.310181,0.253052,0.071349,0.009482,0.175329,-0.101849,366.790009,15029.000000
7854.000000,24.604242,0.093384,0.003063,0.311279,0.253174,0.071207,0.009623,0.177881,-0.101280,377.519989,15177.000000
7855.000000,9.578613,0.092407,0.003118,0.312134,0.251465,0.071120,0.009631,0.177200,-0.100974,357.559998,15101.000000
7856.000000,30.845093,0.092773,0.003461,0.312378,0.251587,0.071533,0.009916,0.174775,-0.103187,371.899994,15004.000000
7857.000000,37.673180,0.092407,0.003317,0.311157,0.251587,0.071371,0.009839,0.173814,-0.102385,441.779999,15269.000000
7858.000000,-5.083451,0.093140,0.003645,0.311035,0.252197,0.071989,0.010050,0.174868,-0.102832,449.100006,15160.000000
7859.000000,74.132301,0.093018,0.003468,0.311279,0.251587,0.072025,0.009881,0.175610,-0.103921,407.850006,15046.000000
7860.000000,34.542683,0.092773,0.002938,0.312256,0.253540,0.071225,0.009376,0.175885,-0.103659,459.250000,15019.000000
7861.000000,0.419952,0.093140,0.002939,0.312866,0.251831,0.071343,0.009462,0.173386,-0.105690,432.670013,15058.000000
7862.000000,38.657299,0.093018,0.003133,0.312378,0.251465,0.071345,0.009781,0.173187,-0.106589,378.200012,15385.000000
7863.000000,48.022518,0.092529,0.002975,0.310669,0.250854,0.071083,0.009622,0.169426,-0.106399,400.820007,15094.000000
7864.000000,21.749018,0.091919,0.003204,0.309814,0.250122,0.070603,0.009698,0.166459,-0.106918,484.850006,15362.000000
7865.000000,3.611124,0.091797,0.002824,0.309448,0.251221,0.070601,0.009482,0.168547,-0.104596,411.019989,15156.000000
7866.000000,19.422834,0.090820,0.002612,0.309204,0.250732,0.070236,0.009320,0.172128,-0.104565,333.940002,15203.000000
7867.000000,24.323555,0.090942,0.003138,0.309204,0.251587,0.070932,0.009745,0.171171,-0.104259,311.309998,15164.000000
7868.000000,24.929577,0.091431,0.002966,0.307861,0.251099,0.070220,0.009553,0.168983,-0.103379,341.529999,15128.000000
7869.000000,-15.529841,0.090332,0.002472,0.308472,0.249878,0.069672,0.009102,0.167470,-0.106209,352.339996,15180.000000
7870.000000,62.455738,0.089722,0.002518,0.307007,0.249390,0.068985,0.009100,0.167192,-0.106410,426.890015,15233.000000
7871.000000,1.782746,0.090088,0.002731,0.306763,0.248657,0.068895,0.009260,0.164417,-0.108325,433.209991,15333.000000
7872.000000,51.286427,0.090698,0.003161,0.306274,0.249390,0.069080,0.009560,0.167369,-0.106472,400.839996,15113.000000
7873.000000,-31.057987,0.091553,0.003042,0.305664,0.250366,0.069239,0.009541,0.168459,-0.106143,410.070007,15158.000000
7874.000000,7.755724,0.091553,0.003342,0.307861,0.250977,0.069632,0.009877,0.169905,-0.105151,307.450012,15174.000000
7875.000000,16.321606,0.092163,0.003360,0.306274,0.250610,0.069493,0.009988,0.168209,-0.105686,383.850006,15010.000000
7876.000000,22.837744,0.092285,0.003212,0.306519,0.250122,0.069409,0.009911,0.165618,-0.106071,465.970001,14195.000000
7877.000000,48.920555,0.091797,0.003480,0.306885,0.250977,0.069066,0.010244,0.165139,-0.104936,436.989990,15133.000000
7878.000000,10.592802,0.092163,0.003672,0.307007,0.250244,0.069617,0.010408,0.169094,-0.100445,349.489990,15193.000000
7879.000000,-9.771460,0.091675,0.003417,0.307251,0.250488,0.069895,0.010282,0.170219,-0.100235,250.639999,15273.000000
7880.000000,15.430127,0.092285,0.002868,0.309570,0.249878,0.070311,0.009698,0.172895,-0.099436,375.790009,15058.000000
7881.000000,-11.995005,0.092651,0.003389,0.308960,0.249512,0.070637,0.010219,0.171213,-0.101078,357.559998,14745.000000
7882.000000,50.882942,0.092407,0.003266,0.308594,0.248291,0.070583,0.009966,0.169214,-0.103200,448.609985,15417.000000
7883.000000,59.008953,0.091431,0.002893,0.307983,0.245972,0.069969,0.009413,0.166419,-0.105245,431.769989,15404.000000
7884.000000,31.851326,0.090332,0.002777,0.307251,0.245605,0.069691,0.009219,0.166100,-0.101984,400.320007,14934.000000
7885.000000,16.419634,0.090820,0.003829,0.307129,0.244385,0.069900,0.010181,0.162989,-0.103226,319.309998,14920.000000
7886.000000,34.201084,0.090454,0.003196,0.307861,0.244995,0.069830,0.009444,0.166217,-0.103407,365.380005,15122.000000
7887.000000,15.689890,0.091187,0.003489,0.308350,0.246948,0.070046,0.009860,0.168401,-0.102303,400.130005,15144.000000
7888.000000,0.087556,0.092407,0.003402,0.307983,0.248901,0.070219,0.009829,0.169648,-0.103578,391.179993,15110.000000
7889.000000,21.899147,0.093140,0.002893,0.310425,0.248779,0.070638,0.009184,0.170739,-0.102313,360.000000,15260.000000
7890.000000,31.981928,0.092651,0.002793,0.310791,0.249390,0.070592,0.009161,0.172217,-0.100013,347.320007,15017.000000
7891.000000,50.348885,0.092896,0.002879,0.309692,0.249512,0.070636,0.009284,0.170666,-0.101707,408.809998,15333.000000
7892.000000,15.172345,0.091309,0.002639,0.309692,0.247070,0.070128,0.008993,0.167752,-0.103869,363.690002,15182.000000
7893.000000,12.153471,0.089722,0.002493,0.306152,0.245850,0.069215,0.008825,0.164595,-0.107377,442.779999,15259.000000
7894.000000,46.373863,0.090576,0.002649,0.306152,0.247070,0.069155,0.009099,0.165452,-0.104933,351.760010,15089.000000
7895.000000,33.698746,0.091309,0.002195,0.307739,0.247559,0.068286,0.008753,0.166589,-0.103136,400.739990,15595.000000
7896.000000,-3.525112,0.091675,0.002498,0.307739,0.248535,0.069012,0.009030,0.166869,-0.102146,343.019989,15635.000000
7897.000000,26.185322,0.090332,0.002638,0.306274,0.247681,0.068284,0.009122,0.166689,-0.102706,401.850006,15432.000000
7898.000000,-1.450962,0.089966,0.002793,0.305664,0.245483,0.068172,0.009129,0.165025,-0.103671,375.339996,15023.000000
7899.000000,5.592769,0.090332,0.002633,0.304810,0.244873,0.068093,0.009085,0.162716,-0.103211,400.070007,15110.000000
7900.000000,30.061169,0.089966,0.003235,0.304810,0.246582,0.067993,0.009921,0.166747,-0.100477,397.790009,15289.000000
7901.000000,42.719452,0.089355,0.003478,0.305542,0.247925,0.068467,0.010197,0.172019,-0.099316,365.309998,15251.000000
7902.000000,77.581444,0.090820,0.003726,0.305664,0.249023,0.069221,0.010504,0.171712,-0.099296,469.299988,15284.000000
7903.000000,0.643908,0.090454,0.003671,0.303467,0.248291,0.068673,0.010356,0.168869,-0.102569,340.609985,15105.000000
7904.000000,14.105348,0.090332,0.003342,0.305054,0.246460,0.068522,0.009892,0.168983,-0.102462,423.600006,15399.000000
7905.000000,36.321468,0.090942,0.003585,0.305664,0.245972,0.068337,0.010080,0.168519,-0.102163,355.519989,15100.000000
7906.000000,43.077484,0.090698,0.003619,0.304443,0.246948,0.068501,0.010172,0.170910,-0.100446,457.880005,14784.000000
7907.000000,26.537725,0.089600,0.003403,0.304321,0.248047,0.068625,0.010047,0.170742,-0.101514,374.980011,14868.000000
7908.000000,9.987704,0.090942,0.003671,0.304688,0.248047,0.069401,0.010233,0.169705,-0.100213,306.880005,14794.000000
7909.000000,53.932415,0.091309,0.003234,0.304688,0.247437,0.069171,0.009745,0.172905,-0.099471,356.500000,14893.000000
7910.000000,6.472789,0.091553,0.003650,0.305298,0.247925,0.069333,0.010142,0.172570,-0.098628,458.799988,15383.000000
7911.000000,2.001164,0.091187,0.003139,0.305786,0.248657,0.069546,0.009619,0.170601,-0.100018,431.450012,15231.000000
7912.000000,28.305285,0.091553,0.003212,0.305664,0.249146,0.069691,0.009719,0.172361,-0.098764,460.619995,15323.000000
7913.000000,5.806469,0.090942,0.003191,0.306152,0.247437,0.069641,0.009697,0.171188,-0.100516,520.270020,15405.000000
7914.000000,15.692036,0.091431,0.003405,0.304810,0.248291,0.069771,0.010059,0.168198,-0.101178,454.250000,15507.000000
7915.000000,50.880787,0.090698,0.003111,0.304932,0.246338,0.069421,0.009629,0.169306,-0.102002,396.769989,15190.000000
7916.000000,83.391533,0.091309,0.003019,0.304565,0.248901,0.069603,0.009728,0.170692,-0.099787,360.109985,14916.000000
7917.000000,16.356882,0.091553,0.002992,0.307251,0.248901,0.069230,0.009708,0.171355,-0.100312,339.350006,14791.000000
7918.000000,22.706343,0.092407,0.003290,0.309692,0.249878,0.069960,0.009841,0.173199,-0.101701,357.359985,14933.000000
7919.000000,24.387842,0.091064,0.002960,0.307983,0.248047,0.069461,0.009466,0.171384,-0.104269,458.420013,14940.000000
7920.000000,23.711737,0.091064,0.003289,0.306396,0.247437,0.069168,0.009642,0.170281,-0.102882,446.640015,15141.000000
7921.000000,41.881172,0.090088,0.003731,0.304688,0.246338,0.068668,0.010070,0.170255,-0.100259,410.250000,15014.000000
7922.000000,29.926754,0.090088,0.003544,0.304443,0.246582,0.068755,0.009950,0.168977,-0.100588,386.670013,15203.000000
7923.000000,20.612013,0.088989,0.003670,0.304321,0.244629,0.068742,0.009959,0.174074,-0.101832,382.549988,15119.000000
7924.000000,61.619144,0.087646,0.003467,0.303711,0.243408,0.068140,0.009928,0.172915,-0.101604,402.440002,14700.000000
7925.000000,4.606928,0.087524,0.003370,0.304077,0.241943,0.068142,0.009874,0.167008,-0.103851,385.470001,14978.000000
7926.000000,10.638489,0.088135,0.003898,0.305786,0.243286,0.069037,0.010541,0.172667,-0.098742,396.290009,15088.000000
7927.000000,40.128258,0.087524,0.003590,0.305420,0.242920,0.068591,0.010284,0.175119,-0.097406,409.790009,15066.000000
7928.000000,12.869976,0.087769,0.003361,0.305908,0.244263,0.068381,0.010166,0.172723,-0.100941,401.200012,15328.000000
7929.000000,10.419868,0.088257,0.003055,0.305420,0.243652,0.068375,0.009896,0.171899,-0.101156,395.500000,15161.000000
7930.000000,23.240601,0.087646,0.003399,0.304077,0.241455,0.068234,0.010171,0.171800,-0.100828,411.799988,15605.000000
7931.000000,4.897927,0.087891,0.004268,0.303589,0.242920,0.069177,0.011152,0.174706,-0.098117,452.510010,15426.000000
7932.000000,9.593220,0.088013,0.003678,0.304199,0.241821,0.069054,0.010651,0.178108,-0.098946,417.000000,15213.000000
7933.000000,73.024940,0.088135,0.004106,0.306396,0.241211,0.069624,0.011109,0.179834,-0.098723,443.790009,14856.000000
7934.000000,58.475971,0.088501,0.003946,0.306396,0.242188,0.070117,0.011021,0.179499,-0.098701,378.660004,15170.000000
7935.000000,14.744496,0.089600,0.004449,0.307861,0.243530,0.071582,0.011542,0.178982,-0.096894,448.549988,15203.000000
7936.000000,15.432982,0.088867,0.003616,0.306396,0.243530,0.071148,0.010934,0.176701,-0.099031,376.829987,15164.000000
7937.000000,6.566424,0.088623,0.003346,0.307251,0.243164,0.070983,0.010801,0.175080,-0.100048,351.529999,15177.000000
7938.000000,-19.584974,0.089233,0.003587,0.307129,0.245117,0.071300,0.011252,0.174482,-0.099300,391.350006,15367.000000
7939.000000,66.055794,0.088501,0.003449,0.305664,0.244751,0.071125,0.011202,0.178105,-0.100001,420.269989,15289.000000
7940.000000,39.197712,0.089478,0.003707,0.307129,0.246704,0.071235,0.011565,0.177471,-0.098935,415.929993,15208.000000
7941.000000,12.746075,0.089478,0.003486,0.306519,0.246582,0.071305,0.011332,0.176468,-0.098321,434.739990,15423.000000
7942.000000,43.628132,0.088257,0.002948,0.306519,0.245361,0.070400,0.010852,0.177891,-0.099105,391.980011,15375.000000
7943.000000,37.934158,0.087646,0.003174,0.305298,0.245483,0.069998,0.011121,0.174845,-0.099358,448.299988,15137.000000
7944.000000,16.463863,0.088501,0.003289,0.307861,0.246826,0.070363,0.011184,0.178037,-0.099961,393.549988,15267.000000
7945.000000,29.194693,0.088867,0.003404,0.307739,0.247192,0.070818,0.011238,0.179744,-0.099422,394.100006,15189.000000
7946.000000,29.347408,0.088867,0.003646,0.307861,0.248657,0.071580,0.011693,0.181667,-0.096833,360.450012,15147.000000
7947.000000,34.263889,0.088989,0.003470,0.306763,0.247314,0.071421,0.011264,0.181355,-0.101686,414.420013,15204.000000
7948.000000,51.859142,0.088013,0.003441,0.306396,0.245728,0.071225,0.011037,0.180533,-0.102231,383.519989,15130.000000
7949.000000,17.129520,0.088379,0.003271,0.306641,0.247314,0.071448,0.010964,0.181585,-0.100739,369.309998,15167.000000
7950.000000,25.069544,0.087891,0.003798,0.306274,0.248535,0.071151,0.011553,0.181806,-0.099887,419.160004,15183.000000
7951.000000,7.269561,0.087280,0.003331,0.304932,0.247803,0.070520,0.011029,0.175297,-0.103365,358.179993,15252.000000
7952.000000,19.422525,0.087891,0.003331,0.305420,0.246338,0.070825,0.010851,0.176162,-0.103475,347.720001,15336.000000
7953.000000,0.048270,0.088135,0.003963,0.306396,0.246338,0.071188,0.011529,0.174267,-0.105002,399.790009,15223.000000
7954.000000,16.117609,0.088623,0.003923,0.307617,0.247803,0.071398,0.011569,0.179363,-0.101143,394.420013,15169.000000
7955.000000,34.055241,0.089355,0.003801,0.309204,0.248047,0.071972,0.011453,0.185377,-0.100427,460.220001,15028.000000
7956.000000,20.859562,0.089478,0.003709,0.307617,0.247437,0.072300,0.011356,0.183095,-0.101183,400.670013,14929.000000
7957.000000,19.558950,0.089600,0.003269,0.308716,0.248291,0.072389,0.011017,0.183492,-0.101388,368.279999,15069.000000
7958.000000,47.224590,0.089478,0.003351,0.308838,0.247559,0.072559,0.011012,0.180518,-0.103131,435.100006,15099.000000
7959.000000,7.715349,0.090698,0.003713,0.309692,0.247803,0.073166,0.011332,0.183482,-0.102000,402.899994,15341.000000
7960.000000,16.887854,0.088867,0.003267,0.306519,0.247070,0.071783,0.010853,0.181595,-0.102777,486.619995,15249.000000
7961.000000,49.585155,0.089600,0.003719,0.307251,0.246216,0.072296,0.011221,0.179247,-0.102997,339.049988,15126.000000
7962.000000,29.264595,0.088867,0.003484,0.307251,0.242798,0.071929,0.010717,0.175274,-0.106849,438.160004,15237.000000
7963.000000,4.501643,0.089600,0.003641,0.307373,0.243896,0.072132,0.010983,0.177554,-0.102319,443.380005,15261.000000
7964.000000,47.795525,0.089966,0.004345,0.307251,0.243896,0.072392,0.011768,0.177250,-0.100864,460.130005,15414.000000
7965.000000,72.520805,0.090088,0.004006,0.305664,0.245483,0.071999,0.011498,0.177943,-0.099704,420.440002,15279.000000
7966.000000,58.487820,0.088989,0.003401,0.306641,0.246826,0.071616,0.011050,0.179107,-0.099726,432.450012,15129.000000
7967.000000,15.680365,0.088745,0.003473,0.304443,0.246948,0.071547,0.011222,0.175458,-0.101746,388.130005,14853.000000
7968.000000,59.247490,0.088745,0.003245,0.304565,0.245850,0.071242,0.010945,0.176284,-0.103049,400.250000,15227.000000
7969.000000,23.530300,0.087402,0.002857,0.304199,0.245361,0.070470,0.010532,0.176485,-0.102068,421.859985,15105.000000
7970.000000,26.317308,0.086060,0.002958,0.303833,0.244629,0.069299,0.010720,0.173175,-0.101973,338.859985,15154.000000
7971.000000,37.868862,0.086792,0.002900,0.303955,0.245850,0.069533,0.010738,0.174594,-0.099833,403.790009,15061.000000
7972.000000,28.834913,0.087891,0.002819,0.305786,0.245239,0.070225,0.010629,0.176944,-0.101547,352.510010,15157.000000
7973.000000,70.675278,0.087402,0.003121,0.303711,0.244507,0.069865,0.010872,0.174024,-0.103986,442.869995,15179.000000
7974.000000,28.276089,0.087769,0.002882,0.305054,0.244507,0.069682,0.010757,0.175443,-0.106082,348.679993,15232.000000
7975.000000,11.211352,0.088867,0.002883,0.306641,0.244019,0.069866,0.010684,0.176742,-0.104555,460.779999,15227.000000
7976.000000,48.406452,0.089478,0.003570,0.306030,0.245239,0.070271,0.011507,0.179467,-0.102451,395.790009,14888.000000
7977.000000,24.474211,0.090088,0.003484,0.306641,0.245972,0.070818,0.011438,0.179339,-0.103738,343.760010,15026.000000
7978.000000,-4.487040,0.089233,0.003235,0.306274,0.246460,0.070986,0.011217,0.181845,-0.103235,473.149994,15092.000000
7979.000000,12.788716,0.088257,0.002934,0.306152,0.244995,0.071041,0.010860,0.182556,-0.103115,362.940002,15176.000000
7980.000000,62.425343,0.088135,0.002874,0.306274,0.244019,0.070273,0.010696,0.185175,-0.103615,338.059998,14978.000000
7981.000000,3.610208,0.087769,0.002909,0.305664,0.244873,0.070104,0.010750,0.183524,-0.104289,394.720001,14892.000000
7982.000000,18.688942,0.087158,0.003340,0.305664,0.246582,0.070275,0.011330,0.184142,-0.104224,402.970001,14949.000000
7983.000000,31.025475,0.086792,0.003328,0.306885,0.243774,0.070266,0.010962,0.184443,-0.105742,407.579987,14890.000000
7984.000000,-25.165939,0.087646,0.004373,0.306763,0.246826,0.070987,0.011875,0.183985,-0.102072,406.450012,14933.000000
7985.000000,66.216736,0.088135,0.004299,0.305786,0.246948,0.070945,0.011860,0.185519,-0.101957,400.869995,15060.000000
7986.000000,12.105841,0.087891,0.003818,0.306763,0.247925,0.070744,0.011459,0.184762,-0.104490,428.109985,15145.000000
7987.000000,30.371723,0.088013,0.004043,0.306030,0.247437,0.070954,0.011742,0.182103,-0.105112,292.519989,15055.000000
7988.000000,14.921063,0.088257,0.003377,0.307983,0.246094,0.070685,0.010904,0.180035,-0.107089,457.899994,15089.000000
7989.000000,-9.087314,0.088013,0.003523,0.308350,0.244995,0.070436,0.011141,0.183359,-0.103359,363.609985,15221.000000
7990.000000,29.661844,0.087769,0.003674,0.307739,0.244995,0.070572,0.011298,0.182192,-0.102283,384.519989,15137.000000
7991.000000,-13.209097,0.087769,0.003835,0.308838,0.244629,0.071279,0.011323,0.183871,-0.101905,423.690002,15018.000000
7992.000000,15.568977,0.088013,0.003759,0.311035,0.244751,0.071979,0.011123,0.184664,-0.101071,372.700012,15015.000000
7993.000000,46.743675,0.089111,0.004004,0.311646,0.244019,0.072646,0.011233,0.184021,-0.101930,421.549988,15139.000000
7994.000000,76.508408,0.090332,0.004346,0.311279,0.244995,0.072994,0.011633,0.184267,-0.098513,397.420013,14899.000000
7995.000000,45.013641,0.089478,0.003998,0.310913,0.244873,0.072643,0.011189,0.183141,-0.100200,454.040009,14754.000000
7996.000000,16.137075,0.089722,0.003572,0.311523,0.244385,0.072351,0.010883,0.180529,-0.102432,419.130005,14838.000000
7997.000000,11.965934,0.089722,0.003465,0.310181,0.243408,0.072076,0.010779,0.182102,-0.101383,473.609985,15062.000000
7998.000000,45.028137,0.089966,0.003373,0.310425,0.244629,0.071832,0.010744,0.178036,-0.102649,460.820007,14872.000000
7999.000000,56.275764,0.089844,0.003493,0.311035,0.244629,0.071292,0.010924,0.178556,-0.101941,381.559998,15156.000000
8000.000000,20.065836,0.089844,0.003638,0.311157,0.242432,0.071418,0.010941,0.175980,-0.104834,405.029999,15302.000000
